time,event_type,event_num,Event_Abnormal1,Detection_Abnormal1,Event_Abnormal2,Detection_Judgement2,Detection_Abnormal2,index,voltage11,voltage12,voltage13,current11,current12,current13,power11,power12,power13,powerout1,torque1,frequence1,motor_speed1,slip_rate1,heigh1,weight1,voltage21,voltage22,voltage23,current21,current22,current23,power21,power122,power23,powerout2,torque2,frequence2,motor_speed2,slip_rate2,heigh2,weight2
2023-12-27 03:48:42.212068,0.0,1.0,0.0,0.0,0.0,0.0,0.0,276143.0,0.03535879172915739,0.03415983814915112,0.03853134997827471,0.03251828982682399,0.04522199855630541,0.037789257041436174,-0.00024480031182368595,-0.0005627227947115898,0.0005976942678292593,-0.0,0.0,0.0,0.0,1.0,0.0,0.0,41.15533412634731,41.546840381149856,40.91695152014249,121.28959425204424,119.60034507041966,124.63495798544929,2769.9251068833432,2902.7615590129108,2931.538215648181,2680.716522115839,213.0173729144611,6.029801771717804,120.17309565474018,0.0035070786373083136,0.02612039344828081,7886.308241897553
2023-12-27 03:48:42.212068,0.0,1.0,0.0,0.0,0.0,0.0,0.0,276144.0,0.035652230716862035,0.03438782625120442,0.03893483061427054,0.033021561356871405,0.04526488334408974,0.03804511139925281,-0.00026705488562583923,-0.0005531851202249527,0.0006167696168025335,-0.0,0.0,0.0,0.0,1.0,0.0,0.0,41.12198470900808,41.26572916583514,41.07511480061243,119.153014272124,117.9301511771658,118.02536149868142,2745.0861010422327,2673.917899611091,2715.0561080307,2533.365537796252,201.26996189411526,6.029801771717804,120.19607224183214,0.003316553409764836,0.029131365763025698,8384.725891447666
2023-12-27 03:48:42.212068,0.0,1.0,0.0,0.0,0.0,0.0,0.0,276145.0,0.0369438745467947,0.03385346569900589,0.03926789767914726,0.0337192770263005,0.04541466119768514,0.03807060226402176,-0.0002829510097702344,-0.0005309305464227995,0.0006263072912891706,-0.0,0.0,0.0,0.0,1.0,0.0,0.0,41.139481236479156,41.313854240043355,40.63161353151489,118.88953147080304,118.30151997641924,118.35174370704952,2727.5891676320302,2730.9989459469557,2684.259973031279,2536.0668440587438,200.5022500700285,6.059494994112623,120.78495102247646,0.0033414406660082618,0.03215708978863925,7809.318154960488
2023-12-27 03:48:42.212068,0.0,1.0,0.0,0.0,0.0,0.0,0.0,276146.0,0.036660775550810064,0.03400699694334953,0.03880080326089555,0.03389146168814632,0.044595535066605074,0.03789180609576248,-0.0002702341104547183,-0.0005341097712516785,0.0006390241906046867,-0.0,0.0,0.0,0.0,1.0,0.0,0.0,40.47059723243687,41.223409758207545,40.80577131359222,119.75781315402509,118.9370211170591,120.39295546699188,2738.322357066361,2766.409915819874,2830.653382361221,2597.223754041426,205.81240158236986,6.046216708833422,120.50614897643497,0.0034582386008636013,0.03517582968219035,8958.388219038252
2023-12-27 03:48:42.212068,0.0,1.0,0.0,0.0,0.0,0.0,0.0,276147.0,0.03651840306907816,0.03453898225996591,0.03893483061427054,0.03386282504451316,0.044812546251185345,0.037737878014220266,-0.0002797717849413554,-0.0005563643450538317,0.0006358449657758077,-0.0,0.0,0.0,0.0,1.0,0.0,0.0,40.99684389196533,40.374322733838326,40.457415177317806,122.22574760910842,120.86537931420105,120.31999016280795,2954.320454323345,2808.4570899509813,2808.9790132214403,2672.243598401849,213.06140052274645,6.010072574870753,119.76851089531519,0.003601791797906731,0.03817609136926491,9854.236204371702
2023-12-27 03:48:42.212068,0.0,1.0,0.0,0.0,0.0,0.0,0.0,276148.0,0.03528505068595369,0.03385346569900589,0.03972950091039699,0.03454355292563407,0.04496383089841324,0.03796853612256087,-0.0002734133352835973,-0.0005182136471072832,0.0006676372140645981,-0.0,0.0,0.0,0.0,1.0,0.0,0.0,40.28869846711664,41.214797085812855,40.02603121073758,122.16003303581185,122.42807612635023,123.64168779954205,2871.101461455555,3008.0063425769613,2970.382511826774,2760.3607609641003,221.03337877322488,5.985190868761441,119.25576008366039,0.003743049314492025,0.04116350838954247,10140.511090079606
2023-12-27 03:48:42.212068,0.0,1.0,0.0,0.0,0.0,0.0,0.0,276149.0,0.03535879172915739,0.032917243690905706,0.03992569716981858,0.034823262373934814,0.04532913445285934,0.037866194868709485,-0.00030838480840126675,-0.000492779848476251,0.0006676372140645981,-0.0,0.0,0.0,0.0,1.0,0.0,0.0,40.25232381185484,40.284256104888726,40.66972398992315,126.41245147225511,123.22149697017745,124.5474625365218,3136.314645345104,2941.4048683720994,3104.1990404705125,2865.5627685228274,230.17248036014135,5.967605259842027,118.88523214510612,0.003911728670092879,0.044141643497823915,10579.223900724926
2023-12-27 03:48:42.212068,0.0,1.0,0.0,0.0,0.0,0.0,0.0,276150.0,0.036015667538814286,0.03299627680272548,0.0391350110114813,0.03490673815261534,0.04545736422658152,0.037737878014220266,-0.0003624316304922104,-0.0004896006236473719,0.0006644579892357191,-0.0,0.0,0.0,0.0,1.0,0.0,0.0,40.510903876923024,40.586488724255574,39.34141054148972,126.040976387231,128.0399223593251,126.5276294077408,3159.4238211423326,3298.8403080329367,3058.927673221459,2971.3050726013366,240.32213254551385,5.927692399024749,118.06600201060509,0.004114973728816856,0.04709925647748352,11648.21113493048
2023-12-27 03:48:42.212068,0.0,1.0,0.0,0.0,0.0,0.0,0.0,276151.0,0.035798048219973906,0.032599195230312655,0.039334172659096146,0.03567642805328406,0.04496383089841324,0.037737878014220266,-0.00037832775463660556,-0.0004705252746740977,0.0006962502375245094,-0.0,0.0,0.0,0.0,1.0,0.0,0.0,39.49499137644254,40.16914771666006,40.51066392554083,130.3038471049253,126.09977495362372,129.7363528332571,3263.4182746050083,3112.9978249815026,3454.0706937607597,3070.2687879329715,250.01886048920926,5.888518999367261,117.26678217735125,0.004276099050101537,0.05003684859667373,12239.790024066959
2023-12-27 03:48:42.212068,0.0,1.0,0.0,0.0,0.0,0.0,0.0,276152.0,0.03438782625120443,0.032599195230312655,0.03906839817849146,0.036082008662183536,0.045028511580469194,0.037737878014220266,-0.00035607318083445233,-0.0004864213988184929,0.0006739956637223562,-0.0,0.0,0.0,0.0,1.0,0.0,0.0,40.76130702424527,40.09219979343603,39.47285540464788,130.3811466210756,131.20334117484657,128.40725315679433,3501.3124130459187,3396.8112305050386,3182.2529499180173,3149.5244469605277,257.1352768330053,5.87395216631658,116.96467096144352,0.004378418059289755,0.052966872677324035,12211.201747955307
2023-12-27 03:48:42.212068,0.0,1.0,0.0,0.0,0.0,0.0,0.0,276153.0,0.03446348712650292,0.03187198415448224,0.039267897679147255,0.035947323576018514,0.0451361067436189,0.037866194868709485,-0.0003497147311766942,-0.0004705252746740977,0.00066127876440684,-0.0,0.0,0.0,0.0,1.0,0.0,0.0,39.144383959642674,40.9633452644279,39.78905088020692,130.4177917409183,129.73330021581873,133.55081323411022,3235.8940163481557,3490.916571767743,3557.2968776336907,3213.7356142689287,262.1108364269821,5.880674764165103,117.083730479916,0.004504285856907538,0.05589987925904314,12123.39039409912
2023-12-27 03:48:42.212068,0.0,1.0,0.0,0.0,0.0,0.0,0.0,276154.0,0.03453898225996591,0.031953602685443394,0.03846369171715947,0.03583921107981937,0.04483418959765424,0.038096076072334804,-0.000327460157374541,-0.00044509147604306537,0.0006040527174870173,-0.0,0.0,0.0,0.0,1.0,0.0,0.0,40.38354273576828,38.9572842819703,40.12987862994054,135.24945558383487,132.1677774950242,130.19732412770935,3733.0586875924255,3307.842774406045,3436.483938811158,3274.2634414040003,267.88955437034093,5.862910342297866,116.7156844713961,0.004626732653979048,0.058823666102367,12950.993937391173
2023-12-27 03:48:42.212068,0.0,1.0,0.0,0.0,0.0,0.0,0.0,276155.0,0.033776438373489884,0.03243900165530412,0.03812359934915173,0.03548557074494756,0.044552005983448585,0.038019603443720636,-0.0003147432580590248,-0.00043555380155642826,0.0005913358181715012,-0.0,0.0,0.0,0.0,1.0,0.0,0.0,39.87052765814754,40.951568495407955,38.97775743660703,131.6643204632538,133.75844392167784,135.2916066720348,3418.4893134485214,3711.282509580637,3530.852878084461,3331.9902212072125,274.69515284541137,5.818797987923672,115.83081285837346,0.00468436007944753,0.06172528646487979,13875.77622659665
2023-12-27 03:48:42.212068,0.0,1.0,0.0,0.0,0.0,0.0,0.0,276156.0,0.03438782625120442,0.032678997541228945,0.037503662109375,0.03532115794976128,0.0451146082395445,0.03807060226402176,-0.00030838480840126675,-0.00044509147604306537,0.0005690812443693479,-0.0,0.0,0.0,0.0,1.0,0.0,0.0,39.45550607536512,39.905324355221225,40.52942174007325,137.22678002344404,131.62051507506104,133.66826904027326,3691.596122765171,3389.193942145704,3708.8576436327007,3372.98616308521,278.12520504800966,5.818049894961061,115.8098750689447,0.004736319215428591,0.06462638232519274,13263.131928271736
2023-12-27 03:48:42.212068,0.0,1.0,0.0,0.0,0.0,0.0,0.0,276157.0,0.03446348712650292,0.03251919708462113,0.03764230828317235,0.03537604711721689,0.04524344603133442,0.03817239549989583,-0.00027659256011247635,-0.00037832775463660556,0.0005690812443693479,-0.0,0.0,0.0,0.0,1.0,0.0,0.0,40.52660239561788,40.058702587205275,38.96182932149179,134.28087716537507,136.52803616015993,134.21536907809286,3671.4726466180905,3780.72581053241,3457.3934503654173,3410.4251390628638,278.9868259446967,5.864952764457717,116.73368814217386,0.004819878093534455,0.06755062016956236,12435.073314932892
2023-12-27 03:48:42.212068,0.0,1.0,0.0,0.0,0.0,0.0,0.0,276158.0,0.03498853239802848,0.03283802036619844,0.037849325288467295,0.035128370462711604,0.04515759501274555,0.03832457841102966,-0.0002924886842568715,-0.00037514852980772656,0.000581798143684864,-0.0,0.0,0.0,0.0,1.0,0.0,0.0,39.48542608449609,40.717533097885045,40.524493430476184,139.18330535771582,137.83448946732474,144.01551376730418,3731.8952353626296,3875.3714911985435,4148.504483164202,3674.9681768408163,298.91885972428156,5.900166317131381,117.40095989710119,0.00510465648889797,0.07049157350839882,13926.716772274867
2023-12-27 03:48:42.212068,0.0,1.0,0.0,0.0,0.0,0.0,0.0,276159.0,0.034689479627481534,0.032358607475557646,0.03764230828317235,0.03510074295512457,0.044747553401535585,0.03860202221885229,-0.00027659256011247635,-0.0003497147311766942,0.0005690812443693479,-0.0,0.0,0.0,0.0,1.0,0.0,0.0,41.386382114131315,40.88059437241286,40.995371726342675,150.13376804776172,146.0394122806804,147.61596067664482,4473.483876816759,4231.171715008992,4328.5347715546195,4074.3513230567733,328.88705533607987,5.947352358421927,118.29954553149337,0.005443612534813671,0.07345503687120795,15594.315100014675
2023-12-27 03:48:42.212068,0.0,1.0,0.0,0.0,0.0,0.0,0.0,276160.0,0.03415983814915112,0.031871984154482245,0.03839591423416135,0.03504542260087845,0.04463902170303879,0.038576882507804895,-0.0002575172111392021,-0.000327460157374541,0.0005690812443693479,-0.0,0.0,0.0,0.0,1.0,0.0,0.0,42.424174503777124,42.44712837047253,41.935972459098615,157.02025968355946,155.65934952572238,154.97023557501112,4915.158613852706,4830.9994110838015,4785.285673510174,4544.00164842705,360.13736967372836,6.059202482484372,120.48741141527404,0.005748596753675263,0.07647330737938855,16355.545911829962
2023-12-27 03:48:42.212068,0.0,1.0,0.0,0.0,0.0,0.0,0.0,276161.0,0.033776438373489884,0.03203501327008908,0.03798670986099515,0.03468368961839258,0.04489905703875923,0.03860202221885229,-0.00023526263733704886,-0.0003465355063478152,0.0005531851202249527,-0.0,0.0,0.0,0.0,1.0,0.0,0.0,44.43124674249065,44.64656577286652,43.10538524842103,162.1217989877159,166.38968987091735,163.60593506854488,5442.815685268069,5734.264878122223,5239.490752715284,5138.974270232801,393.4399323697042,6.274053551944947,124.7295594938846,0.005989043118554334,0.07959784583943738,16533.31340859599
2023-12-27 03:48:42.212068,0.0,1.0,0.0,0.0,0.0,0.0,0.0,276162.0,0.033776438373489884,0.03121135320454246,0.03839591423416135,0.03473958601181881,0.04470417234102109,0.038476159405089465,-0.00024162108699480692,-0.0002829510097702344,0.0005913358181715012,-0.0,0.0,0.0,0.0,1.0,0.0,0.0,45.358690893652984,47.16751469056445,45.862048279616815,168.91598461233198,170.18157851199445,175.3479247719354,5749.648006169222,6279.632248936949,6336.914508868461,5756.201884691137,425.3304384785853,6.501553677136179,129.23523460871763,0.006120375017471915,0.08283525373670626,18288.21924164163
2023-12-27 03:48:42.212068,0.0,1.0,0.0,0.0,0.0,0.0,0.0,276163.0,0.03415983814915112,0.03112778852124087,0.039334172659096146,0.034767500508899686,0.04483418959765424,0.03832457841102966,-0.000247979536652565,-0.0003052055835723877,0.0006040527174870173,-0.0,0.0,0.0,0.0,1.0,0.0,0.0,48.40902469603434,49.53819625699043,49.40202395480809,180.14853182717007,176.7687373023773,181.11440250587273,6859.602624233844,6772.258059634552,7137.872717882513,6520.266967095411,458.4847473992324,6.8319097835092455,135.80378287111228,0.006106731686407411,0.08623720708539676,18452.818762253417
2023-12-27 03:48:42.212068,0.0,1.0,0.0,0.0,0.0,0.0,0.0,276164.0,0.03385346569900588,0.03070655410568002,0.040444234441770845,0.03473958601181881,0.04489905703875923,0.037531658557888314,-0.000247979536652565,-0.0003147432580590248,0.000658099539577961,-0.0,0.0,0.0,0.0,1.0,0.0,0.0,51.26468493056127,53.00936711546038,52.011182544070834,184.16581114613433,184.9729434007338,189.31889408506282,7395.348268377813,7907.09600674529,7898.777759461986,7296.190947061038,482.0198881367108,7.271337622855043,144.54484765629684,0.006064254244171561,0.0898581285216353,17918.743996846955
2023-12-27 03:48:42.212068,0.0,1.0,0.0,0.0,0.0,0.0,0.0,276165.0,0.03354429515269825,0.030279460230773835,0.04050858489526055,0.034823262373934814,0.04526488334408974,0.03755749791279624,-0.00025433798631032306,-0.00031156403323014575,0.0006708164388934771,-0.0,0.0,0.0,0.0,1.0,0.0,0.0,54.5267529818047,55.54599452536982,55.916834280126935,191.27294037095285,187.28569400202744,191.68690971444687,8271.751730883965,8140.862965519895,8666.639254571399,7899.723869632987,489.02314556885153,7.758025379371619,154.26019577669757,0.00580245466281085,0.09372242433503136,17462.92387808938
2023-12-27 03:48:42.212068,0.0,1.0,0.0,0.0,0.0,0.0,0.0,276166.0,0.03323224841549099,0.029228983975494564,0.04146185849368853,0.03462770299655218,0.04550002717752658,0.037609123363849604,-0.0002575172111392021,-0.00026705488562583923,0.0006930710126956304,0.0,0.0,0.0,0.0,1.0,0.0,0.0,58.312509501838505,59.09886874315416,58.19788053787728,190.32940003827719,191.10422383982853,192.10178866025822,8651.873831639088,8832.383741804242,8759.913712069489,8278.42961517372,483.3209283313097,8.222622096672966,163.5625006567152,0.005411541879713755,0.09781974758380564,17492.00375426952
2023-12-27 03:48:42.212068,0.0,1.0,0.0,0.0,0.0,0.0,0.0,276167.0,0.03219721690590662,0.029050211754279895,0.04127296521748623,0.03457162570793951,0.045286310509002996,0.03763490953305242,-0.0002575172111392021,-0.0003052055835723877,0.0006422034154335657,-0.0,0.0,0.0,0.0,1.0,0.0,0.0,60.7518826862495,62.926961196093224,61.447887744839946,190.49631152911653,189.24436026571044,193.94701388020624,8753.590479995377,9100.579471468802,9268.397249596528,8566.058831249655,470.75949133416,8.731898602305405,173.76141714474298,0.0050192686681777175,0.10217255884157295,15891.260016993838
2023-12-27 03:48:42.212068,0.0,1.0,0.0,0.0,0.0,0.0,0.0,276168.0,0.03243900165530412,0.029406669405271552,0.04044423444177085,0.034515457310635475,0.04571274468672254,0.037531658557888314,-0.00025115876148144406,-0.00031792248288790387,0.0006072319423158964,-0.0,0.0,0.0,0.0,1.0,0.0,0.0,64.34703674755791,64.32683327283645,63.850647403820574,189.2126594878161,187.09970929198502,186.0927062364534,9108.383892353417,8990.839438269542,8961.781174309475,8557.660011203645,445.676265814521,9.210579180224457,183.36097251134274,0.004617576574189293,0.10676584380953386,14881.234124453445
2023-12-27 03:48:42.212068,0.0,1.0,0.0,0.0,0.0,0.0,0.0,276169.0,0.03283802036619844,0.030020287472977174,0.040444234441770845,0.03411968959808029,0.045755169516908625,0.03784056630748671,-0.00024162108699480692,-0.00034335628151893616,0.0006358449657758077,-0.0,0.0,0.0,0.0,1.0,0.0,0.0,66.52631916423745,67.4720906543318,65.43107992025278,178.49697867957144,181.97374183475313,181.5604993901459,8559.975630942916,8932.31312537212,8651.930506020853,8276.789397393693,419.36571044509867,9.46266117828805,188.46919231345925,0.004142763000437458,0.11148709226344677,17344.097388588958
2023-12-27 03:48:42.212068,0.0,1.0,0.0,0.0,0.0,0.0,0.0,276170.0,0.033232248415490995,0.030279460230773835,0.04063698009803075,0.034091244666417886,0.04581873310789367,0.03776357626576105,-0.000247979536652565,-0.00033381860703229904,0.0006485618650913239,-0.0,0.0,0.0,0.0,1.0,0.0,0.0,67.45900564401958,68.70863203721555,67.65098221280223,170.79920465791585,168.63246777480896,174.86513799607818,7820.917838210138,8129.019732212977,8350.388292313339,7697.021555803829,377.4815446144065,9.77160771146911,194.71453031311415,0.0036719848844615826,0.11636478958846216,13690.379213600974
2023-12-27 03:48:42.212068,0.0,1.0,0.0,0.0,0.0,0.0,0.0,276171.0,0.03362185432017312,0.02993339789139519,0.04114655461363214,0.03417650843776925,0.0456702804465433,0.03763490953305242,-0.00023526263733704886,-0.00033063938220342,0.0006326657409469286,-0.0,0.0,0.0,0.0,1.0,0.0,0.0,68.81093005265097,69.02325382943236,68.79047150965444,163.70165264104602,158.86937949081388,162.1197139073153,7452.303258116992,7226.188817133402,7566.393351459892,7047.523485937474,338.59146536279945,9.970552802044512,198.76133584312285,0.003258195461510163,0.12134386143584544,13265.416090956856
2023-12-27 03:48:42.212068,0.0,1.0,0.0,0.0,0.0,0.0,0.0,276172.0,0.034311998537645924,0.030279460230773835,0.04108320345271294,0.03403428348265909,0.04579755504662458,0.037660678046535785,-0.00025115876148144406,-0.0003815069794654846,0.0006199488416314125,-0.0,0.0,0.0,0.0,1.0,0.0,0.0,69.57692703491198,69.43547295876448,69.0120012243163,154.6028861798524,152.26715993253254,151.68226011657606,6996.808873147873,6798.273879219943,6810.971453838065,6530.849423772697,310.0100981476659,10.088502645483496,201.17092467494652,0.0029693615384618964,0.12638329470042997,12970.723083586588
2023-12-27 03:48:42.212068,0.0,1.0,0.0,0.0,0.0,0.0,0.0,276173.0,0.03400699694334953,0.03045101661912506,0.039860405716204785,0.03426156002122874,0.04562777668633823,0.037479926405722126,-0.00026705488562583923,-0.00036561085532108944,0.0006104111671447754,-0.0,0.0,0.0,0.0,1.0,0.0,0.0,69.54353732231002,69.68888860838133,68.91537377299026,144.31498816091667,144.02066093315878,142.17100721247593,6354.129120913369,6308.44545656082,6178.051672418873,5972.995233911017,282.8829877962113,10.108873405434895,201.63072879294623,0.0027042544397565802,0.13143424629039469,13050.526982267365
2023-12-27 03:48:42.212068,0.0,1.0,0.0,0.0,0.0,0.0,0.0,276174.0,0.03446348712650292,0.03027946023077384,0.039334172659096146,0.03437463478414554,0.04602997781066393,0.03763490953305242,-0.0002893094594279925,-0.00037514852980772656,0.0005881565933426222,-0.0,0.0,0.0,0.0,1.0,0.0,0.0,69.07217551499868,69.11645490019292,68.58820532142356,134.71905189460134,134.13720420412147,132.33161596170353,5713.549900997291,5613.895314328649,5543.636897587522,5347.554254238619,254.48076217535154,10.057854032887757,200.66499779524906,0.0024462617020341564,0.13646100583112417,12602.585824739164
2023-12-27 03:48:42.212068,0.0,1.0,0.0,0.0,0.0,0.0,0.0,276175.0,0.03438782625120442,0.030791262002078816,0.039400336158606504,0.03411968959808029,0.04541466119768514,0.037168021456797505,-0.0002734133352835973,-0.0003815069794654846,0.0005690812443693479,-0.0,0.0,0.0,0.0,1.0,0.0,0.0,68.13728591141225,67.89724712289063,67.95682038821968,126.37561571614714,125.51410598821984,123.96984735033682,5033.360390462469,4809.958095251819,4850.386267711582,4648.6764530841,222.59759409765508,9.99305045991064,199.42529190643066,0.00218010152920818,0.14145671011322464,10868.347334621782
2023-12-27 03:48:42.212068,0.0,1.0,0.0,0.0,0.0,0.0,0.0,276176.0,0.035211155210738435,0.031043998898136284,0.038867874708122786,0.03428986366919591,0.04541466119768514,0.037246242563570175,-0.00032110170771678287,-0.00037514852980772656,0.0005563643450538317,-0.0,0.0,0.0,0.0,1.0,0.0,0.0,66.94961331771053,66.22872166255647,66.89467211500742,121.29660516636855,120.58315588769771,118.59926376371854,4480.491816566022,4140.462663232861,4160.170420295251,4029.0271299243423,197.11023709784976,9.778796265884004,195.19217053972272,0.0019621779998432814,0.146346372567149,12094.977793156791
2023-12-27 03:48:42.212068,0.0,1.0,0.0,0.0,0.0,0.0,0.0,276177.0,0.035798048219973906,0.03070655410568002,0.03926789767914726,0.03445919735911931,0.04524344603133442,0.037428122750824445,-0.00034335628151893616,-0.00036879008014996845,0.0006135903919736544,-0.0,0.0,0.0,0.0,1.0,0.0,0.0,65.60711640939721,63.60662032117523,65.07004779872176,116.17624285607896,116.49525827972872,114.05195578226999,3884.998627814682,3541.6943484176827,3482.662696247079,3422.260084961548,173.19201079321078,9.451362320233645,188.69332594725137,0.0017665202438947947,0.1510732356817872,12741.84616702778
2023-12-27 03:48:42.212068,0.0,1.0,0.0,0.0,0.0,0.0,0.0,276178.0,0.03543237930455047,0.030621611884573394,0.03986040571620479,0.0344028454042274,0.04505005117107227,0.03758331950258619,-0.0003242809325456619,-0.00036879008014996845,0.0006390241906046867,-0.0,0.0,0.0,0.0,1.0,0.0,0.0,63.24850715233457,62.61238161870531,62.559587881574004,112.3112395200497,111.05932579985866,111.77372017563735,3144.1197468128125,3022.0622251471,2986.3639894086477,2851.4420044395206,148.82044441875613,9.162695894849415,182.96723614240838,0.0015643963188884582,0.15565665735484957,10496.747739359238
2023-12-27 03:48:42.212068,0.0,1.0,0.0,0.0,0.0,0.0,0.0,276179.0,0.034988532398028474,0.03036535958131605,0.0402505658056393,0.034851109849295854,0.04492065870324629,0.03732429974153103,-0.00030202635874350864,-0.00036879008014996845,0.0006517410899202029,-0.0,0.0,0.0,0.0,1.0,0.0,0.0,59.97276214658077,59.78753942269351,60.70122767682504,110.18414368695026,108.18874646036893,108.53462662904353,2640.935999517226,2491.698020982373,2667.970118160122,2413.6732908374097,128.6674013609572,8.969724144476846,179.13536661923513,0.0014443937524061098,0.16014408876106878,7451.824579238898
2023-12-27 03:48:42.212068,0.0,1.0,0.0,0.0,0.0,0.0,0.0,276180.0,0.03506289705662521,0.0301933164993746,0.04025056580563929,0.03526618335153976,0.04461728368290236,0.03732429974153103,-0.0002702341104547183,-0.00035925240566333133,0.0006644579892357191,-0.0,0.0,0.0,0.0,1.0,0.0,0.0,58.036149161628,57.04136061035834,58.34425506666412,108.46453033272718,109.11325295524338,106.86396874338973,2578.2046926713256,2239.8987329079164,2285.8459532091547,2188.608983914697,122.81898465501864,8.520422790867585,170.16649629392023,0.0014198797956998736,0.1644068454359064,11954.697098351746
2023-12-27 03:48:42.212068,0.0,1.0,0.0,0.0,0.0,0.0,0.0,276181.0,0.03513710432917182,0.030621611884573397,0.039795007139399326,0.03532115794976128,0.04479089244646553,0.037272279786298136,-0.0002829510097702344,-0.00033063938220342,0.0006835333382089933,-0.0,0.0,0.0,0.0,1.0,0.0,0.0,55.42084117537853,55.09424388331469,55.205287589712306,107.56107045744093,109.46907158504234,107.4588391858456,2305.522131544677,2252.461231264606,2145.229130378979,2060.3286018512676,119.80047020697354,8.223499964538366,164.22881186278772,0.0014664524169735083,0.16852086011691358,8905.086069616913
2023-12-27 03:48:42.212068,0.0,1.0,0.0,0.0,0.0,0.0,0.0,276182.0,0.03513710432917182,0.030536433383318334,0.03972950091039699,0.0350730936850165,0.044747553401535585,0.037609123363849604,-0.0002606964359680812,-0.0003147432580590248,0.0007121463616689047,0.0,0.0,0.0,0.0,1.0,0.0,0.0,52.82888427156382,52.3629587564565,53.43778532577003,116.5236001685048,109.11792144660276,113.82304410528607,2417.5376582763233,2008.7629472261167,2413.1945397298764,2099.003284264075,127.742767629311,7.858318935902756,156.90911718438338,0.0016368738388586996,0.17245151274941126,10724.37709042219
2023-12-27 03:48:42.212068,0.0,1.0,0.0,0.0,0.0,0.0,0.0,276183.0,0.03513710432917182,0.03112778852124087,0.03992569716981858,0.035128370462711604,0.044595535066605074,0.03776357626576105,-0.00025115876148144406,-0.00035925240566333133,0.0007121463616689047,-0.0,0.0,0.0,0.0,1.0,0.0,0.0,51.668302947399496,49.435909817005125,50.24394374936151,123.23856607970578,124.66117472118647,115.99237824766438,2753.3827487119493,2335.0497933886063,2121.3750175711393,2207.2550806738327,141.34785868562895,7.470184808858876,149.11958059524142,0.0019016636750350073,0.17618703355624155,12037.833324203839
2023-12-27 03:48:42.212068,0.0,1.0,0.0,0.0,0.0,0.0,0.0,276184.0,0.03446348712650292,0.031543398222149986,0.03966388649582422,0.03493451908670038,0.04466074914248696,0.037866194868709485,-0.00024162108699480692,-0.00037514852980772656,0.0007248632609844208,-0.0,0.0,0.0,0.0,1.0,0.0,0.0,49.155162327688366,49.26781599341215,48.255918019137575,128.66431082502712,132.38359024120763,133.1542479805804,2683.2048625053612,2838.937743822016,2671.918795044321,2511.137743707285,166.52987948634703,7.216515188625489,143.99577514679328,0.002317798944314352,0.17979420044880767,11089.601965557002
2023-12-27 03:48:42.212068,0.0,1.0,0.0,0.0,0.0,0.0,0.0,276185.0,0.034988532398028474,0.03129469474997816,0.0403152253907839,0.03518356039534762,0.04496383089841324,0.03812153285838468,-0.0002606964359680812,-0.0003815069794654846,0.0007344009354710579,-0.0,0.0,0.0,0.0,1.0,0.0,0.0,47.76553554459539,47.42840073974182,47.68346116993206,144.10443473032188,139.83826031053854,144.6396328126691,3336.9398526685245,3277.9050255686707,3470.9119427425626,3108.9950908530977,207.48159226219488,7.176402098245744,143.09084426123317,0.003046078645653,0.18337869836565474,9642.244424856075
2023-12-27 03:48:42.212068,0.0,1.0,0.0,0.0,0.0,0.0,0.0,276186.0,0.03453898225996591,0.0316258647634613,0.039860405716204785,0.035128370462711604,0.045371917977676056,0.03804511139925281,-0.00023526263733704886,-0.0004069407780965169,0.0006898917878667513,-0.0,0.0,0.0,0.0,1.0,0.0,0.0,48.40127707333706,46.95704348737934,47.058043444639054,158.2608885033748,152.82541899398026,153.71034469086575,4498.588093937931,4026.957860130105,4280.090851113633,3973.9049256666035,265.44112478260075,7.176402098245744,142.96201000844948,0.003943702907922159,0.18695996891940175,12538.789057114633
2023-12-27 03:48:42.212068,0.0,1.0,0.0,0.0,0.0,0.0,0.0,276187.0,0.03453898225996591,0.03195360268544339,0.03979500713939932,0.03499001478345783,0.04562777668633823,0.037737878014220266,-0.00023526263733704886,-0.000416478452583154,0.0006867125630378723,-0.0,0.0,0.0,0.0,1.0,0.0,0.0,48.67407127371631,49.15541848951907,47.82756179034907,168.59079213191148,165.91411679098337,164.0306862295103,5504.15953296643,5288.82125656987,5228.918550906054,5000.027552015545,333.4143281946905,7.194541387898791,143.20544137520037,0.004763238862787607,0.190547337551831,16454.298554288154
2023-12-27 03:48:42.212068,0.0,1.0,0.0,0.0,0.0,0.0,0.0,276188.0,0.03491400934771429,0.03211621748977284,0.03953233095432662,0.03448733880714076,0.04541466119768514,0.03732429974153103,-0.0002384418621659279,-0.00041012000292539597,0.0006676372140645981,-0.0,0.0,0.0,0.0,1.0,0.0,0.0,50.88175246024194,49.51893391160258,50.15606258255438,178.6240210066362,177.34392290376096,173.83504271785236,6782.826716921602,6283.404054696284,6292.728229205784,6064.83595201511,398.337048732524,7.309218218900583,145.39174157302034,0.0054220764878912175,0.19418947410840767,18727.86090730062
2023-12-27 03:48:42.212068,0.0,1.0,0.0,0.0,0.0,0.0,0.0,276189.0,0.035870734687139944,0.032278013060310994,0.03999088202492747,0.034091244666417886,0.04607211052228645,0.03732429974153103,-0.0002384418621659279,-0.00039104465395212173,0.000654920314749082,-0.0,0.0,0.0,0.0,1.0,0.0,0.0,54.4103265822748,53.076202250083966,52.511476054145916,187.29336345279236,187.403294700928,184.42023725794022,7987.217352896609,7704.691966286749,7356.497971946173,7244.85227312104,453.4449228638728,7.672622369329022,152.57253877123097,0.005734080038051108,0.19801149326146478,17569.28144691937
2023-12-27 03:48:42.212068,0.0,1.0,0.0,0.0,0.0,0.0,0.0,276190.0,0.035432379304550475,0.032678997541228945,0.039068398178491455,0.03360399710929144,0.04638688606098185,0.037272279786298136,-0.00025115876148144406,-0.00043555380155642826,0.0006135903919736544,-0.0,0.0,0.0,0.0,1.0,0.0,0.0,57.46223991726747,56.63019796177756,56.324401194867924,197.7903539442119,194.66043731632962,194.4681027681877,9173.231713510397,8807.686264082926,8873.878926304535,8463.183344691211,500.86388116515116,8.115681186481302,161.35611062237535,0.005899154274601678,0.20205354532554043,19066.547915668718
2023-12-27 03:48:42.212068,0.0,1.0,0.0,0.0,0.0,0.0,0.0,276191.0,0.035211155210738435,0.03219721690590662,0.0391350110114813,0.03319736505550277,0.04626123286567078,0.037298298832947746,-0.00023526263733704886,-0.00044509147604306537,0.0006072319423158964,-0.0,0.0,0.0,0.0,1.0,0.0,0.0,61.05294564173471,60.023569911695375,61.597994685653134,206.78299515133457,201.4097075065985,203.01641777073755,10438.856808823399,9781.908834929522,10265.344986767284,9626.685098850268,543.1023088005197,8.512846307645836,169.2647400952804,0.005827581174261102,0.20629371255216966,22517.75829499798
2023-12-27 03:48:42.212068,0.0,1.0,0.0,0.0,0.0,0.0,0.0,276192.0,0.03535879172915739,0.03170811682633251,0.039135011011481306,0.03305092691301418,0.046865435790158866,0.03708963538404783,-0.0002320834125081698,-0.000416478452583154,0.000584977368513743,-0.0,0.0,0.0,0.0,1.0,0.0,0.0,65.03324784159149,65.5138374095142,65.25423017605576,208.13555305025966,208.44533608611735,208.54076647790657,11120.7043751677,11074.951882773861,11170.67145903,10555.506733430106,553.9864238907787,9.148189963102487,181.9497014024011,0.005542614789039087,0.2108516444660884,18831.885542677024
2023-12-27 03:48:42.212068,0.0,1.0,0.0,0.0,0.0,0.0,0.0,276193.0,0.035432379304550475,0.03121135320454246,0.03953233095432662,0.03305092691301418,0.04688613150138626,0.03763490953305242,-0.00024162108699480692,-0.00035289395600557327,0.000584977368513743,-0.0,0.0,0.0,0.0,1.0,0.0,0.0,69.09122260130862,70.6381624205854,69.23536598276785,208.81592823017644,208.19880373101915,212.97741192878192,11624.25702305304,12094.35545833833,12112.40652801834,11359.018607719423,554.2668698913653,9.836360100194641,195.70110265970223,0.005215848818763115,0.21575405592665467,17898.10324928561
2023-12-27 03:48:42.212068,0.0,1.0,0.0,0.0,0.0,0.0,0.0,276194.0,0.03594327416403231,0.030875737502386414,0.039334172659096146,0.03319736505550277,0.04688613150138626,0.037505801401144984,-0.00024480031182368595,-0.00031792248288790387,0.0005468266705671946,-0.0,0.0,0.0,0.0,1.0,0.0,0.0,74.60167406800213,73.15490861742278,73.21099015370989,209.03058531798783,205.94134686388793,204.5666609139631,12511.731280791157,12055.288165995787,11960.948031096537,11599.804889487132,534.392213279793,10.41347398827387,207.28216929652132,0.004740543213858215,0.22094657895549683,18651.578651190783
2023-12-27 03:48:42.212068,0.0,1.0,0.0,0.0,0.0,0.0,0.0,276195.0,0.035652230716862035,0.03095998250890783,0.03805521615625162,0.03331405211143558,0.04756403845522476,0.037402194017022584,-0.0002575172111392021,-0.00031792248288790387,0.0005277513215939204,-0.0,0.0,0.0,0.0,1.0,0.0,0.0,77.2240039653775,76.70557686729963,76.86434550972405,198.6906204466312,200.2897739432499,197.27346259910922,11871.169431640186,11656.523574534158,11458.098370962069,11117.14311747995,485.75444028793953,10.972888820634312,218.54848459952294,0.004143356540045415,0.2264213288727374,15917.660352393998
2023-12-27 03:48:42.212068,0.0,1.0,0.0,0.0,0.0,0.0,0.0,276196.0,0.035798048219973906,0.03112778852124087,0.03805521615625162,0.033748035476753,0.047277628737883506,0.037402194017022584,-0.00026705488562583923,-0.00032110170771678287,0.0005531851202249527,-0.0,0.0,0.0,0.0,1.0,0.0,0.0,78.58800843118411,80.31990640276922,78.94663106568464,187.79778728923043,189.73214105708485,190.95243846234084,10549.376081573935,10988.24845324661,10880.75390346564,10299.476380971691,435.93304337278965,11.321450518941583,225.61436012384473,0.0035978174953111308,0.23207308254048623,16621.130122894025
2023-12-27 03:48:42.212068,0.0,1.0,0.0,0.0,0.0,0.0,0.0,276197.0,0.036160019490282594,0.030279460230773835,0.03771144022072074,0.03360399710929144,0.04725710447872749,0.037168021456797505,-0.00024480031182368595,-0.00029884713391462964,0.0005500058953960737,-0.0,0.0,0.0,0.0,1.0,0.0,0.0,80.59168921024524,81.75532301162312,80.29748013900827,178.87657468586391,178.03557105972425,182.40623618413684,9476.532637691284,9776.226978273859,9984.020978956332,9278.273528837784,381.649597989612,11.643756348873497,232.15270288534302,0.0031021951614301413,0.2378886249966039,13716.014798718232
2023-12-27 03:48:42.212068,0.0,1.0,0.0,0.0,0.0,0.0,0.0,276198.0,0.03637547335010833,0.029933397891395194,0.03819186010094625,0.0337192770263005,0.04742104982624936,0.037272279786298136,-0.00024480031182368595,-0.0002797717849413554,0.0005722604691982269,-0.0,0.0,0.0,0.0,1.0,0.0,0.0,81.81350114072913,82.20464553560552,81.4008621205976,169.23246132814887,168.36840493728866,172.1241391080598,8660.480553753247,8893.60924553083,8948.330826579057,8404.11412088382,335.9610922967592,11.976637013423938,238.87700129256203,0.0027375755614108235,0.24387261452393272,10703.831919852673
2023-12-27 03:48:42.212068,0.0,1.0,0.0,0.0,0.0,0.0,0.0,276199.0,0.03587073468713995,0.02958328762632967,0.0377804456585229,0.03360399710929144,0.046906818081480096,0.037428122750824445,-0.00025115876148144406,-0.0002734133352835973,0.0005595435698827108,-0.0,0.0,0.0,0.0,1.0,0.0,0.0,82.5684974047749,82.47243792097791,82.35483181775595,164.28475602344295,162.52059299603948,164.86118246030517,8461.519860830338,8377.536567146977,8539.345347105362,8049.6877200566905,317.88193050830245,12.122004430118478,241.81574377843228,0.0025752540660107927,0.24993022103474596,12992.401820039608
2023-12-27 03:48:42.212068,0.0,1.0,0.0,0.0,0.0,0.0,0.0,276200.0,0.03594327416403231,0.029671202493626005,0.037849325288467295,0.033459338679991214,0.046844730935695654,0.037246242563570175,-0.000247979536652565,-0.00025115876148144406,0.0005627227947115898,-0.0,0.0,0.0,0.0,1.0,0.0,0.0,82.80328958292347,83.12893950868809,83.2650396189107,161.77337437021754,159.31672247113164,162.61856901277588,8331.838784910815,8242.467820560496,8574.87045274135,7980.699015666219,312.9834796546008,12.205456825235267,243.49547760289866,0.0025138710930421963,0.25602990572621254,13822.24093274578
2023-12-27 03:48:42.212068,0.0,1.0,0.0,0.0,0.0,0.0,0.0,276201.0,0.03594327416403231,0.02984625535454949,0.0372248206049638,0.033459338679991214,0.046865435790158866,0.037454033534648365,-0.0002638756607969602,-0.0002606964359680812,0.0005404682209094366,-0.0,0.0,0.0,0.0,1.0,0.0,0.0,83.03583874390759,84.1543907196724,83.45501834296314,158.8257610288395,159.27252075125836,162.7113390954936,8134.85216840153,8481.22373446944,8615.25018768393,8009.802895058821,311.7502111230004,12.298167475044403,245.35022177176631,0.002492760528614922,0.2621760526958487,13587.995984958812
2023-12-27 03:48:42.212068,0.0,1.0,1.0,1.0,13.164884686470032,0.0,0.48635005950927734,276202.0,0.034988532398028474,0.03087573750238641,0.03736450147322929,0.0337192770263005,0.0465538960920004,0.037246242563570175,-0.0002702341104547183,-0.0002924886842568715,0.0005341097712516785,-0.0,0.0,0.0,0.0,1.0,0.0,0.0,84.58446978634286,84.99010661784595,83.00300581933227,158.44127844434232,161.92552431978635,159.55952790768472,8420.780707043788,8836.401702443853,8221.242947704299,8091.061219218791,312.0058085446732,12.412578918369578,247.63623355045902,0.0024787146207864118,0.26837946541509256,13216.166528507634
2023-12-27 03:48:42.212068,0.0,1.0,1.0,1.0,13.164884686470032,0.0,0.48797252774238586,276203.0,0.03453898225996591,0.031127788521240866,0.0372248206049638,0.03380547898296581,0.046906818081480096,0.036509662213151245,-0.00025115876148144406,-0.0003369978318611781,0.0005436474457383156,-0.0,0.0,0.0,0.0,1.0,0.0,0.0,85.61430999864032,83.72815338409468,84.78543211340848,163.38884636238348,158.96063769113965,158.04368387985207,9044.087185074814,8252.869258304467,8490.240404424723,8191.665186442985,313.9475209338384,12.4891897388263,249.16470167336263,0.0024785158849766286,0.27462116703276873,14019.773662580952
2023-12-27 03:48:42.212068,0.0,1.0,1.0,1.0,13.164884686470032,0.0,0.45089587569236755,276204.0,0.03400699694334953,0.03121135320454246,0.03729472643293346,0.03406277598114669,0.04642869488971316,0.036668746462090805,-0.00022890418767929077,-0.00035289395600557327,0.0005690812443693479,-0.0,0.0,0.0,0.0,1.0,0.0,0.0,84.60697863772239,86.26637113912965,86.17734719702752,165.0349173762031,162.7208550815813,166.76287921030297,8944.687361157736,9072.70765418865,9559.78400846784,8767.711708031908,330.8938124814816,12.684326569634118,253.02824144214983,0.0025948951523703245,0.28095965227293573,12977.732199124363
2023-12-27 03:48:42.212068,0.0,1.0,1.0,1.0,13.164884686470032,0.0,0.41750919818878174,276205.0,0.03385346569900588,0.031043998898136284,0.03791807979615816,0.033834164163335345,0.04581873310789367,0.03698486219342292,-0.00022572496285041174,-0.0003497147311766942,0.0005881565933426222,-0.0,0.0,0.0,0.0,1.0,0.0,0.0,88.28256783705028,87.92322013320818,86.31296578972135,174.93654621420978,175.14849545580864,173.93697969923585,10648.842745011283,10739.786147847006,10326.049245790216,10101.812254472972,374.2093773501238,12.926319591214494,257.78402976492777,0.0028715136358947123,0.2874172724125016,14881.679223126815
2023-12-27 03:48:42.212068,0.0,1.0,1.0,1.0,13.164884686470032,0.0,0.3956091105937958,276206.0,0.03393031816045019,0.03104399889813628,0.03825999906698716,0.03357511528435138,0.04594559647882574,0.03698486219342292,-0.0001907534897327423,-0.00035925240566333133,0.000584977368513743,-0.0,0.0,0.0,0.0,1.0,0.0,0.0,90.0112337412931,90.3934494654301,89.96400252050547,184.16410993823155,183.58923346427125,185.9906199409264,12133.276740926633,12269.982547231692,12358.35289600118,11732.491695842959,422.52956385272745,13.299767044740195,265.1578788217804,0.0031484088037267376,0.2940596111951078,15553.96121147064
2023-12-27 03:48:42.212068,0.0,1.0,1.0,1.0,13.164884686470032,0.0,0.41973939538002014,276207.0,0.033776438373489884,0.03129469474997816,0.03791807979615816,0.033661686417184034,0.046135237444594614,0.037298298832947746,-0.0001907534897327423,-0.00035607318083445233,0.0005595435698827108,-0.0,0.0,0.0,0.0,1.0,0.0,0.0,94.04951243404648,92.24905794333344,93.8429648317325,195.50691553928687,193.62558190321323,193.1595249809325,14477.088457096204,13836.913604854926,14002.694077598935,13528.788760188048,472.02613877502506,13.73114023362705,273.69335234075726,0.003384468864091629,0.30091576790020963,17613.331364867026
2023-12-27 03:48:42.212068,0.0,1.0,1.0,1.0,13.164884686470032,1.0,89.4961166381836,276208.0,0.03338863633064579,0.03121135320454246,0.03757304914762412,0.034091244666417886,0.04594559647882574,0.037298298832947746,-0.00019393271456162134,-0.0003878654291232427,0.0005309305464227995,-0.0,0.0,0.0,0.0,1.0,0.0,0.0,97.56092857018764,97.99378797027434,96.98537164519544,202.22319530287018,202.5065887888816,202.55939569812932,15792.065253125007,15911.474274303997,15740.119923558032,15183.652075066708,516.9124656579818,14.073953642222264,280.4985496557911,0.0034834674519338446,0.30794239823502134,21971.427927939414
2023-12-27 03:48:42.212068,0.0,1.0,1.0,1.0,13.164884686470032,1.0,1.0,276208.0,0.03338863633064579,0.03121135320454246,0.03757304914762412,0.034091244666417886,0.04594559647882574,0.037298298832947746,-0.00019393271456162134,-0.0003878654291232427,0.0005309305464227995,-0.0,0.0,0.0,0.0,1.0,0.0,0.0,97.56092857018764,97.99378797027434,96.98537164519544,202.22319530287018,202.5065887888816,202.55939569812932,15792.065253125007,15911.474274303997,15740.119923558032,15183.652075066708,516.9124656579818,14.073953642222264,280.4985496557911,0.0034834674519338446,0.30794239823502134,21971.427927939414
2023-12-27 03:48:42.212068,0.0,1.0,1.0,1.0,13.164884686470032,1.0,1.0,276209.0,0.033232248415490995,0.031211353204542457,0.0369438745467947,0.03426156002122874,0.0457763671875,0.037246242563570175,-0.00021936651319265366,-0.0003878654291232427,0.0005372889960805575,-0.0,0.0,0.0,0.0,1.0,0.0,0.0,100.95155108378586,102.6605203424963,101.87507067771686,206.2705442889912,205.9244034477966,209.08772226418128,16621.960591125353,17008.273431105597,17260.232467693822,16295.19510936613,531.9405807884896,14.67668281164519,292.52825717393915,0.003425157686745458,0.31527037881877257,18266.820872762488
2023-12-27 03:48:42.212068,0.0,1.0,1.0,1.0,13.164884686470032,1.0,1.0,276210.0,0.03354429515269826,0.03045101661912506,0.037503662109374995,0.034823262373934814,0.045563946704022515,0.037402194017022584,-0.00021300806353489557,-0.00035289395600557327,0.0005659020195404688,-0.0,0.0,0.0,0.0,1.0,0.0,0.0,105.77949436293946,106.81473338620604,106.40577761326068,208.51565823789758,208.47387363349853,210.15812546153813,17707.301302816057,17919.011364607813,18021.166070257972,17188.155627420103,537.2313018972075,15.326694734228129,305.5197924331044,0.0033082874978698183,0.3229238039221473,17774.182492301326
2023-12-27 03:48:42.212068,0.0,1.0,1.0,1.0,13.164884686470032,1.0,1.0,276211.0,0.033699234984826465,0.030451016619125054,0.03812359934915173,0.03496227794613525,0.04550002717752658,0.037063469853183345,-0.00021936651319265366,-0.00036879008014996845,0.000584977368513743,-0.0,0.0,0.0,0.0,1.0,0.0,0.0,111.25855695955994,110.36591867227646,110.69395953991393,210.73041876060836,209.88503743321562,208.66763285171226,18937.14850197762,18500.8626389303,18474.314829714956,17922.72241268163,537.7528543812649,15.964050940607706,318.26775170808594,0.0031735901740664882,0.3308965718437236,18058.801346649932
2023-12-27 03:48:42.212068,0.0,1.0,1.0,1.0,13.164884686470032,1.0,1.0,276212.0,0.033776438373489884,0.03036535958131605,0.03805521615625162,0.03490673815261534,0.045286310509002996,0.037194113437165596,-0.0002066496138771375,-0.0003878654291232427,0.0005690812443693479,-0.0,0.0,0.0,0.0,1.0,0.0,0.0,115.6961605312404,114.3188032383679,115.62059664307854,211.94633632168816,208.40856156067045,208.49252039526817,19774.476408934293,18929.64902470803,19320.889328368445,18609.70233519419,536.8760746891838,16.600820266717225,331.00667983720234,0.0030411915824622147,0.33918845634873634,18048.961460924904
2023-12-27 03:48:42.212068,0.0,1.0,1.0,1.0,13.164884686470032,1.0,1.0,276213.0,0.033699234984826465,0.030279460230773835,0.03805521615625162,0.034823262373934814,0.04479089244646553,0.0370372858373025,-0.00020347038904825845,-0.0003846862042943637,0.0005531851202249527,-0.0,0.0,0.0,0.0,1.0,0.0,0.0,119.10979691727809,119.20205985029907,118.99342858695924,203.2370822214155,203.28756737047914,204.47621093677407,18837.414290593046,18929.590606889156,18864.516212563864,18159.363288057953,508.296334033431,17.105260213958132,341.1575772457761,0.0027699871897105743,0.3477346259605497,18581.976379350654
2023-12-27 03:48:42.212068,0.0,1.0,1.0,1.0,13.164884686470032,1.0,1.0,276214.0,0.03400699694334953,0.030451016619125054,0.038191860100946246,0.03465570761333854,0.04532913445285934,0.037168021456797505,-0.0001907534897327423,-0.0004069407780965169,0.0005404682209094366,-0.0,0.0,0.0,0.0,1.0,0.0,0.0,123.15768838919803,121.68548479404686,121.39121406584647,196.04220883748044,195.9551228533016,194.0763896986126,17913.050730922056,17637.461131465658,17254.772963379648,16912.647544371033,461.6135480612892,17.536360163304238,349.86817030339023,0.0024492909437733744,0.35649900032774573,16960.758099047274
2023-12-27 03:48:42.212068,0.0,1.0,1.0,1.0,13.164884686470032,1.0,1.0,276215.0,0.03423600287726077,0.030621611884573394,0.0387336156723732,0.03462770299655218,0.04509309948588359,0.037168021456797505,-0.00019393271456162134,-0.0003878654291232427,0.0005372889960805575,-0.0,0.0,0.0,0.0,1.0,0.0,0.0,124.25511473005123,124.37521829685758,123.64626803748045,185.878808390514,184.60976810507142,187.12967072700386,15822.19949422207,15948.669833151402,16069.284420216713,15293.09854326677,408.9220405435068,17.894765341623053,357.1300131121317,0.0021383172836285454,0.36544528752489813,14963.880685057295
2023-12-27 03:48:42.212068,0.0,1.0,1.0,1.0,13.164884686470032,1.0,1.0,276216.0,0.033699234984826465,0.031543398222149986,0.03946638873835308,0.03445919735911931,0.04468246601668189,0.03693236413687755,-0.0001907534897327423,-0.000413299227754275,0.0005754396940271059,-0.0,0.0,0.0,0.0,1.0,0.0,0.0,125.96276926627671,125.75986246198862,124.46616757006049,176.87029200528033,176.10479111454245,174.5669623229571,14342.404386299535,14181.832686156496,13984.511666937471,13553.491345506218,356.96550623588473,18.162317559464558,362.57371193144553,0.0018517440179189948,0.37452794212681717,13330.32739578374
2023-12-27 03:48:42.212068,0.0,1.0,1.0,1.0,13.164884686470032,1.0,1.0,276217.0,0.03385346569900588,0.0316258647634613,0.03992569716981857,0.03454355292563407,0.044421162805205194,0.036668746462090805,-0.0001971119393905004,-0.0004291953518986702,0.0005754396940271059,-0.0,0.0,0.0,0.0,1.0,0.0,0.0,125.14052093488078,126.753054722095,125.61535669040818,164.70485524969905,165.02099858672835,165.96923097264167,12131.41010008078,12376.195143168168,12416.188427020299,11732.032108405156,308.83398644241305,18.166862259087523,362.76012055694184,0.0015883992969671834,0.38361526635895066,14951.237624396317
2023-12-27 03:48:42.212068,0.0,1.0,1.0,1.0,13.164884686470032,1.0,1.0,276218.0,0.03423600287726078,0.0316258647634613,0.04025056580563929,0.03431814397393635,0.044421162805205194,0.036562767204438566,-0.00021300806353489557,-0.00039104465395212173,0.0005913358181715012,-0.0,0.0,0.0,0.0,1.0,0.0,0.0,125.5167331798236,124.75485464314194,125.71486949771145,155.63450038297393,152.978557027387,154.25422044696776,10556.141875809191,10153.313192665553,10430.96241504553,9846.46244549339,258.9235283105755,18.18163933435198,363.1450213259691,0.0013413679374579372,0.39271223254974263,11659.563244858036
2023-12-27 03:48:42.212068,0.0,1.0,1.0,1.0,13.164884686470032,1.0,1.0,276219.0,0.03393031816045019,0.031543398222149986,0.04082881584609786,0.034204882463775475,0.04500696168137398,0.03618939583017402,-0.00017167814075946808,-0.00036879008014996845,0.0006008734926581383,-0.0,0.0,0.0,0.0,1.0,0.0,0.0,124.60675844718429,123.95733264847291,123.16303043648293,144.0418399988295,142.44381961888024,141.59031463022805,8527.484500586163,8321.370878051293,8218.111335741263,7866.944329090043,207.73793860015587,18.101192370072933,361.62765995671475,0.0010943683616084171,0.40177118807189066,10190.108709416654
2023-12-27 03:48:42.212068,0.0,1.0,1.0,1.0,13.164884686470032,1.0,1.0,276220.0,0.03338863633064579,0.03146071551579091,0.041019754451988084,0.03403428348265909,0.04509309948588359,0.0364298595773722,-0.0001907534897327423,-0.00037832775463660556,0.0006104111671447754,-0.0,0.0,0.0,0.0,1.0,0.0,0.0,122.1272510439196,121.75370094721109,121.28203175614328,129.7040044818032,131.3027515399615,128.8613858473044,6418.58592069076,6378.309060089032,6008.553385885428,5827.449688415178,156.41744709024022,17.803238107067724,355.76622970794057,0.0008384217287284721,0.41068331180598855,10964.863281079039
2023-12-27 03:48:42.212068,0.0,1.0,1.0,1.0,13.164884686470032,1.0,1.0,276221.0,0.033699234984826465,0.03070655410568002,0.04133602555253028,0.03394866250806731,0.04541466119768514,0.036668746462090805,-0.00020029116421937943,-0.0003465355063478152,0.0006072319423158964,-0.0,0.0,0.0,0.0,1.0,0.0,0.0,118.84058854430666,119.78393668350371,117.47388091104601,114.56726257687139,115.83914619073859,116.02694882034676,3958.041334923878,4400.673285160226,4085.8312196530896,3758.056598357492,102.95443211923333,17.438378949137114,348.56971481617586,0.0005673238525882113,0.41941515920744427,8854.245343273096
2023-12-27 03:48:42.212068,0.0,1.0,1.0,1.0,13.164884686470032,1.0,1.0,276222.0,0.034311998537645924,0.0301069262894072,0.04133602555253028,0.03434640099311143,0.0457763671875,0.03629646528256086,-0.00020347038904825845,-0.00030838480840126675,0.0006135903919736544,-0.0,0.0,0.0,0.0,1.0,0.0,0.0,114.76697116984296,114.83044751773335,114.22156023709194,97.72153699925278,99.55417562630907,100.24907282154817,1839.8962261234583,2088.667529496912,1898.2671008817476,1605.6060343208471,45.206932598012024,16.962427062353274,339.160552155988,0.0002593646851186567,0.4279113023321599,7288.147151074645
2023-12-27 03:48:42.212068,0.0,1.0,1.0,1.0,13.164884686470032,1.0,1.0,276223.0,0.03491400934771429,0.02967120249362601,0.041083203452712935,0.03389146168814632,0.04619827810817705,0.03669519345179801,-0.00021300806353489557,-0.0002638756607969602,0.0006422034154335657,0.0,0.0,0.0,0.0,1.0,0.0,0.0,109.49620350483666,111.05039779141404,110.04852020364065,94.25731272091367,92.53508755581774,94.41880476512615,680.4766872534902,789.9592812207228,1022.2988793283907,522.9823541412429,15.218542009609216,16.40948840659906,328.15979385748915,9.133214195743697e-05,0.43613187090555966,6892.307115655694
2023-12-27 03:48:42.212068,0.0,1.0,1.0,1.0,13.164884686470032,1.0,1.0,276224.0,0.035211155210738435,0.029758857640261767,0.041272965217486225,0.03360399710929144,0.045755169516908625,0.0363231833320254,-0.000247979536652565,-0.0002320834125081698,0.000658099539577961,0.0,0.0,0.0,0.0,1.0,0.0,0.0,105.18177005035211,106.66988126852048,105.15954851913163,93.31852065359861,91.69870684075036,93.98790526397165,298.9800542177586,480.4558496194283,620.0929314510461,177.82470923363357,5.392304023338618,15.7461287832277,314.9119339998446,3.379136820200943e-05,0.4440205738986871,8367.647040241576
2023-12-27 03:48:42.212068,0.0,1.0,1.0,1.0,13.164884686470032,1.0,1.0,276225.0,0.035432379304550475,0.028598392433674687,0.04037978143756248,0.03331405211143558,0.04598780649827353,0.036269727551283916,-0.00022572496285041174,-0.00023526263733704886,0.0006453826402624449,0.0,0.0,0.0,0.0,1.0,0.0,0.0,101.0812965949156,100.9936722285941,101.11863868945521,92.82956929195952,92.65310625086751,93.24073777647648,382.92053181248326,382.68877885831984,408.2525475204098,120.16740411839601,3.814881320606961,15.040347978815651,300.7994444386209,2.498325737773183e-05,0.4515557519007859,9091.377059374834
2023-12-27 03:48:42.212068,0.0,1.0,1.0,1.0,13.164884686470032,1.0,1.0,276226.0,0.035652230716862035,0.02690910140360538,0.03992569716981858,0.03351727697218139,0.04669953992162284,0.0361625789344349,-0.0002638756607969602,-0.00021618728836377463,0.0006231280664602915,0.0,0.0,0.0,0.0,1.0,0.0,0.0,96.97745685775986,95.77460418233814,96.89178003526395,92.62210870832642,93.63400052282617,93.2069867263436,495.8229184324902,422.34368133760336,246.516292143905,132.95126742080612,4.404441182029108,14.413060832317885,288.2524777947722,3.0315738229331205e-05,0.4587766220516044,7702.580138376919
2023-12-27 03:48:42.212068,0.0,1.0,1.0,1.0,13.164884686470032,1.0,1.0,276227.0,0.03506289705662521,0.02710200065716059,0.0394003361586065,0.03348832035600082,0.046824016925867636,0.035974300933343493,-0.0002606964359680812,-0.0002384418621659279,0.0006199488416314125,0.0,0.0,0.0,0.0,1.0,0.0,0.0,92.9785595020725,91.40622984660656,91.54497594879598,92.43097862933632,93.64482228320182,93.23987907443016,440.2373275792551,490.01814430910224,230.17228401601352,147.34747279956878,5.1300022909958765,13.714583175826373,274.28149912499305,3.7056873709024704e-05,0.46564751213069516,9092.063589756755
2023-12-27 03:48:42.212068,0.0,1.0,1.0,1.0,13.164884686470032,1.0,1.0,276228.0,0.03438782625120442,0.027197937242672304,0.03959816335788845,0.033459338679991214,0.04719547814803892,0.035947323576018514,-0.000247979536652565,-0.00022890418767929077,0.0006390241906046867,0.0,0.0,0.0,0.0,1.0,0.0,0.0,87.41997116389446,88.29625342260434,87.27648783864424,93.40050263995283,93.3759281226084,93.59783420347209,378.56823992424506,442.5576059096045,410.10442522154796,184.42646419744509,6.746141600414814,13.053632226629432,261.05930013842874,5.111372041223392e-05,0.47218717944729416,8522.68837132967
2023-12-27 03:48:42.212068,0.0,1.0,1.0,1.0,13.164884686470032,1.0,1.0,276229.0,0.03423600287726077,0.02748373777642272,0.039135011011481306,0.03337224263981984,0.04696882315558284,0.03624297009463465,-0.00027659256011247635,-0.00026705488562583923,0.0006167696168025335,-0.0,0.0,0.0,0.0,1.0,0.0,0.0,83.67521094484101,82.5400842355282,83.60039196475462,93.11100049359332,93.99535429709444,92.98679274920796,591.3553890776807,419.6982568228101,336.6561448719299,237.10334483753556,9.163609825147379,12.355039659832459,247.08277681765503,7.29110528584486e-05,0.47837672779585766,9403.101086596711
2023-12-27 03:48:42.212068,0.0,1.0,1.0,1.0,13.164884686470032,1.0,1.0,276230.0,0.03362185432017312,0.028231731212379263,0.03946638873835308,0.033226575237181734,0.04703074648261243,0.03610888539489512,-0.0002702341104547183,-0.00029884713391462964,0.0006167696168025335,-0.0,0.0,0.0,0.0,1.0,0.0,0.0,79.5241241815201,79.6300478122063,77.78436608232502,92.82651909627984,93.04954168482988,94.90395013994369,328.74154445881686,625.1912873746339,434.41887796975186,262.9104895965635,10.74596917185992,11.682688427431785,233.63274177024888,8.999118018680548e-05,0.4842293459735366,9038.316515301321
2023-12-27 03:48:42.212068,0.0,1.0,1.0,1.0,13.164884686470032,1.0,1.0,276231.0,0.033232248415490995,0.029228983975494564,0.03946638873835308,0.03299216966314644,0.04701011443666117,0.03624297009463465,-0.00024480031182368595,-0.000327460157374541,0.0006358449657758077,-0.0,0.0,0.0,0.0,1.0,0.0,0.0,74.66275058707728,74.13755393959343,74.65620775468076,93.4004618923248,92.99717675038451,94.13174035312635,418.3221244524307,465.5231197174064,444.1476298422671,255.49897385082176,11.00576523375844,11.085443369041851,221.68703645541186,9.846663186313755e-05,0.4897827181998944,7670.866909213061
2023-12-27 03:48:42.212068,0.0,1.0,1.0,1.0,13.164884686470032,1.0,1.0,276232.0,0.032599195230312655,0.03027946023077384,0.03926789767914726,0.03242866644143693,0.046865435790158866,0.03661579517603752,-0.00025115876148144406,-0.00035289395600557327,0.0006453826402624449,-0.0,0.0,0.0,0.0,1.0,0.0,0.0,69.50355870496053,71.55119657382187,69.88903265400023,95.39965558751392,91.71569602048945,93.9869920980135,322.5122217446362,352.8228514264695,648.3222896751867,264.6828669684543,12.080013429414127,10.462840216768377,209.2328135688527,0.00011464748585389844,0.49502410585293233,8238.572300088825
2023-12-27 03:48:42.212068,0.0,1.0,1.0,1.0,13.164884686470032,1.0,1.0,276233.0,0.032678997541228945,0.03045101661912506,0.03972950091039699,0.032756086704177324,0.047277628737883506,0.03658929079675842,-0.00025115876148144406,-0.0003624316304922104,0.0006167696168025335,-0.0,0.0,0.0,0.0,1.0,0.0,0.0,66.82801864854667,65.82262204653489,65.60267657029308,93.31658471782983,94.60221391583694,93.55229702560497,525.6012502953721,536.4829337306414,322.2107664623045,295.1431312544784,14.302343699019007,9.854391914991147,197.0592620927948,0.00014499223937242936,0.4999605398932367,8138.140591731
2023-12-27 03:48:42.212068,0.0,1.0,1.0,1.0,13.164884686470032,1.0,1.0,276234.0,0.032599195230312655,0.03070655410568002,0.03959816335788845,0.032756086704177324,0.04752322846190624,0.036827143512412015,-0.00025115876148144406,-0.00036879008014996845,0.0006135903919736544,-0.0,0.0,0.0,0.0,1.0,0.0,0.0,61.88988719652639,61.12192948346393,61.86217366308086,93.01130485782215,93.38818305445282,94.55281794300463,423.8207345335502,480.54474908480097,401.48604029352225,279.6567422171485,14.51348287807714,9.201609423407152,184.00305398809408,0.00015831187082801195,0.5045699093264738,9010.89047228646
2023-12-27 03:48:42.212068,0.0,1.0,1.0,1.0,13.164884686470032,1.0,1.0,276235.0,0.03243900165530412,0.032678997541228945,0.039795007139399326,0.03284481667269478,0.047625187876390015,0.03661579517603752,-0.00025433798631032306,-0.0003942238787810008,0.0006040527174870173,-0.0,0.0,0.0,0.0,1.0,0.0,0.0,56.71933614765981,58.03348534608957,58.256735041751355,96.0307871551156,93.02894179071622,92.40778140415217,517.4418613892393,207.8102061161813,550.6518959135384,277.90855228109683,15.415169296035137,8.609406121111641,172.15712253419872,0.0001800349965956088,0.5088825321939972,7949.842389384123
2023-12-27 03:48:42.212068,0.0,1.0,1.0,1.0,13.164884686470032,1.0,1.0,276236.0,0.032358607475557646,0.03283802036619844,0.04025056580563929,0.03308026640118225,0.047277628737883506,0.036879791349889106,-0.0002384418621659279,-0.0003624316304922104,0.0006104111671447754,-0.0,0.0,0.0,0.0,1.0,0.0,0.0,52.947351667111874,54.41667032166844,52.8972032233582,93.59382741927818,92.52176271290708,95.86740309957938,282.57460301988874,452.95863238131216,499.9588923768995,272.6655524728869,16.314817810675642,7.981400220213253,159.59505398293638,0.00020642005424838464,0.5128804688998323,8712.359386822616
2023-12-27 03:48:42.212068,0.0,1.0,1.0,1.0,13.164884686470032,1.0,1.0,276237.0,0.0333105341503932,0.032678997541228945,0.04037978143756248,0.03299216966314644,0.04744150315902107,0.03735028254992773,-0.0002638756607969602,-0.0003369978318611781,0.0006294865161180496,-0.0,0.0,0.0,0.0,1.0,0.0,0.0,48.56379084001325,50.3990873311023,49.086615896858085,95.3726837233876,94.05622051611654,93.14054718571262,371.23642682662825,391.79278228791367,458.24239539600956,275.1187335184445,17.957673121246284,7.316743300565252,146.2990424683825,0.0002448052463432991,0.5165453338020706,9545.47111702973
2023-12-27 03:48:42.212068,0.0,1.0,1.0,1.0,13.164884686470032,1.0,1.0,276238.0,0.03315377782566107,0.032917243690905706,0.04005596080194901,0.03296275176192149,0.047543637837320754,0.03789180609576248,-0.0002575172111392021,-0.00036879008014996845,0.0006231280664602915,-0.0,0.0,0.0,0.0,1.0,0.0,0.0,44.568064314815786,45.949994001862414,44.61390903853964,94.96212513801626,90.6465689103038,95.69382544307464,192.68996527533324,391.47337247449786,566.7733972993764,259.7969100324498,18.456302372915,6.722822215084464,134.41900201746944,0.0002784714738984834,0.5199125976909931,8257.247636856922
2023-12-27 03:48:42.212068,0.0,1.0,1.0,1.0,13.164884686470032,1.0,1.0,276239.0,0.03307512106520076,0.032917243690905706,0.04063698009803075,0.03331405211143558,0.04772692947467245,0.037609123363849604,-0.00022890418767929077,-0.00035607318083445233,0.0006231280664602915,-0.0,0.0,0.0,0.0,1.0,0.0,0.0,40.603021847380376,41.975008031657126,40.736855496110685,92.0721231853648,94.08440599648156,95.17340667910078,267.7466137227745,409.61320496162654,395.21399326159275,239.77487289837242,18.96850394376954,6.037353224314789,120.70964488543602,0.00030990070871675114,0.5229364352598403,10074.857989278937
2023-12-27 03:48:42.212068,0.0,1.0,1.0,1.0,13.164884686470032,1.0,1.0,276240.0,0.033776438373489884,0.03283802036619844,0.04044423444177085,0.033459338679991214,0.047686258884009694,0.037737878014220266,-0.00021936651319265366,-0.00037514852980772656,0.0006008734926581383,-0.0,0.0,0.0,0.0,1.0,0.0,0.0,36.65981534623803,36.65266421491574,37.5640791276491,95.4585987490555,95.68155421148757,89.95143103624665,479.7493915261907,135.16398662000583,361.58803635652697,213.72124777358778,18.72704590258082,5.450909932549101,108.98075394447523,0.00034347207136190775,0.5256664581869342,8193.12896106969
2023-12-27 03:48:42.212068,0.0,1.0,1.0,1.0,13.164884686470032,1.0,1.0,276241.0,0.03338863633064578,0.032278013060311,0.04012093401707996,0.03431814397393635,0.047482383393369916,0.037737878014220266,-0.00022890418767929077,-0.00037514852980772656,0.000584977368513743,-0.0,0.0,0.0,0.0,1.0,0.0,0.0,33.1430000110097,32.993572782320776,33.88734165763597,99.5969339028049,92.95435718338082,89.69805888232209,533.2492190973738,45.84501808615993,341.8860018924713,199.0508441113614,19.981153554531065,4.758352548924809,95.12941987201783,0.0003954215885795613,0.5280494981998899,10356.759620947278
2023-12-27 03:48:42.212068,0.0,1.0,1.0,1.0,13.164884686470032,1.0,1.0,276242.0,0.03362185432017312,0.03146071551579091,0.04031522539078391,0.03445919735911931,0.04721602919545228,0.038223190459824676,-0.00022890418767929077,-0.0003497147311766942,0.0006263072912891706,-0.0,0.0,0.0,0.0,1.0,0.0,0.0,30.03835159709552,29.06958932281055,28.97791872599324,99.62613338417789,88.93712937304748,94.75156108916951,366.7253278767342,208.96875516545822,298.7373495341961,187.31741370497463,21.556690898349927,4.150950893372335,82.9788554994355,0.0004837731045593985,0.5301281604386636,8853.561825584256
2023-12-27 03:48:42.212068,0.0,1.0,1.0,1.0,13.164884686470032,1.0,1.0,276243.0,0.03307512106520077,0.03170811682633251,0.03992569716981858,0.03431814397393635,0.046906818081480096,0.038526553872536,-0.0002320834125081698,-0.00036879008014996845,0.0006326657409469286,-0.0,0.0,0.0,0.0,1.0,0.0,0.0,25.360360595197083,26.651647520790764,24.99995462109663,99.81351925042543,83.58069312500508,100.15081212906874,233.17760527014073,121.6962120254611,480.018457546711,177.59177567087454,24.471456358225375,3.4671102511318193,69.3001884401204,0.0006059308685421135,0.5318641651591838,10571.177795822561
2023-12-27 03:48:42.212068,0.0,1.0,1.0,1.0,13.164884686470032,1.0,1.0,276244.0,0.032758605448572675,0.03170811682633251,0.03959816335788845,0.03397722680635423,0.046824016925867636,0.03865225258781602,-0.00021936651319265366,-0.00037832775463660556,0.0006167696168025335,-0.0,0.0,0.0,0.0,1.0,0.0,0.0,21.53470367129935,22.776537758181945,22.91642605385189,97.94490148685709,84.2634715212781,103.14655425259107,394.97593773647935,55.53976401319434,404.14312756751286,185.76886126170297,30.032025759871903,2.9559385481739535,59.06900742311826,0.000841755326604274,0.5333438736279649,7604.82849945013
2023-12-27 03:48:42.212068,0.0,1.0,1.0,1.0,13.164884686470032,1.0,1.0,276245.0,0.03243900165530412,0.03070655410568002,0.03959816335788845,0.034091244666417886,0.046741069089386585,0.03862714556822116,-0.00021618728836377463,-0.00036561085532108944,0.0006167696168025335,-0.0,0.0,0.0,0.0,1.0,0.0,0.0,18.950038771741095,19.905547119697157,17.74954162004454,91.02406719627041,89.6348688920537,110.77794897627078,177.33688736044985,308.57048364238136,347.2596865375297,177.24161063850732,34.154575172259506,2.480618829692654,49.555080065991646,0.0011548837567382615,0.5345852534114361,7201.002516438718
2023-12-27 03:48:42.212068,0.0,1.0,1.0,1.0,13.164884686470032,1.0,1.0,276246.0,0.031953602685443394,0.03112778852124087,0.0387336156723732,0.03392007415562166,0.04672030911985737,0.03829925658572734,-0.00018757426490386328,-0.0003878654291232427,0.0005945150430003802,-0.0,0.0,0.0,0.0,1.0,0.0,0.0,14.893110938187915,15.02823097873848,16.643833262803717,88.72937695461833,95.52633434902836,114.60673917537778,303.636482628962,96.94111595938487,407.6873919900082,166.0168530426612,40.28889263583867,1.9707083367852816,39.34941032575781,0.0016429729539141362,0.535570976013536,8321.230185643395
2023-12-27 03:48:42.212068,0.0,1.0,1.0,1.0,13.164884686470032,1.0,1.0,276247.0,0.03129469474997817,0.03129469474997817,0.03880080326089555,0.03457162570793951,0.04672030911985737,0.038096076072334804,-0.00014942356695731482,-0.0004037615532676379,0.000578618918855985,-0.0,0.0,0.0,0.0,1.0,0.0,0.0,13.121318958911099,13.980141490520582,11.59623648581393,83.73110088237473,94.31324687404562,123.25144771977092,161.35571696486664,209.25491443361324,395.56018563033587,151.57689088110752,47.49604774184475,1.5271794197181128,30.47522384180437,0.002238261977446834,0.5363343957623004,7524.9064597140505
2023-12-27 03:48:42.212068,0.0,1.0,1.0,1.0,13.164884686470032,1.0,1.0,276248.0,0.03146071551579091,0.031043998898136284,0.03920151065334563,0.03457162570793951,0.04659555506775656,0.03789180609576248,-0.00014624434212843576,-0.0004037615532676379,0.0006072319423158964,-0.0,0.0,0.0,0.0,1.0,0.0,0.0,10.996459651399588,11.025236192777063,10.38371330247017,80.15631834225891,103.6334331302181,131.6748246412446,341.765327877174,185.95115472952796,283.02259988663434,157.37199349267578,71.41024316552961,1.055880603946741,21.044485685780547,0.003462815439592981,0.5368615707572573,9727.898212325039
2023-12-27 03:48:42.212068,0.0,1.0,1.0,1.0,13.164884686470032,1.0,1.0,276249.0,0.032358607475557646,0.03036535958131605,0.03812359934915173,0.034711649066398086,0.04621927255511767,0.03807060226402176,-0.00015578201661507288,-0.00037514852980772656,0.0006072319423158964,-0.0,0.0,0.0,0.0,1.0,0.0,0.0,6.1055979578920665,10.681577667031261,8.837599679124073,81.9686643587851,102.33533669683193,141.19624940498466,267.1573137754709,168.80507204304345,430.8388889637176,169.10044694736632,112.81829436594248,0.7202555501237454,14.31319565429276,0.006380745567760955,0.537220123537284,9863.36042611787
2023-12-27 03:48:42.212068,0.0,1.0,1.0,1.0,13.164884686470032,1.0,1.0,276250.0,0.03203501327008908,0.029846255354549493,0.03812359934915173,0.03468368961839258,0.04592447692060632,0.03812153285838468,-0.00015578201661507288,-0.0003497147311766942,0.0006135903919736544,0.0,0.0,0.0,0.0,1.0,0.0,0.0,4.056543141997836,9.663091375152558,5.550126400764011,78.39584596881343,100.55394171440918,151.895349330066,138.57850909575157,352.5701201892683,429.96217736917447,182.3771094886968,187.58839839911656,0.4706085635992943,9.284012890876499,0.01361623980333161,0.5374526927490958,13373.398294002023
2023-12-27 03:48:42.212068,0.0,1.0,1.0,1.0,13.164884686470032,1.0,1.0,276251.0,0.03251919708462113,0.02967120249362601,0.03846369171715947,0.03428986366919591,0.04611420473894506,0.038096076072334804,-0.00014942356695731482,-0.0003147432580590248,0.0006263072912891706,0.0,0.0,0.0,0.0,1.0,0.0,0.0,4.221512091638881,7.435083035761046,3.158523401896188,74.45255188716578,102.15055418575686,159.11497307429445,165.5980382109849,460.91588290528813,333.53460296476413,189.11051158205308,319.44961904747373,0.29073562106811074,5.653074083856961,0.027798165376403547,0.5375943051099843,21696.351258312374
2023-12-27 03:48:42.212068,0.0,1.0,1.0,1.0,13.164884686470032,1.0,1.0,276252.0,0.03251919708462113,0.030536433383318337,0.03825999906698716,0.034204882463775475,0.04647046610364093,0.037505801401144984,-0.00014624434212843576,-0.00035289395600557327,0.0005881565933426222,-0.0,0.0,0.0,0.0,1.0,0.0,0.0,4.3848991124253365,5.58689683864044,2.438069568368843,75.67018906295327,103.54159147255044,163.57900124236738,240.4524793741409,459.0900450488219,280.7500024829837,187.10000661949027,619.3321800724461,0.15113199428992835,2.8848387212046656,0.04558967319968887,0.5376665717769398,0.0
2023-12-27 03:48:42.212068,0.0,1.0,1.0,1.0,13.164884686470032,1.0,1.0,276253.0,0.032678997541228945,0.03027946023077384,0.03839591423416135,0.03434640099311143,0.04632410206731659,0.037402194017022584,-0.00014942356695731482,-0.00035925240566333133,0.0005913358181715012,-0.0,0.0,0.0,0.0,1.0,0.0,0.0,4.6028298515262716,4.6134448858054276,2.3073928943612088,81.36958313076627,103.15036384973492,166.92220932417695,297.3686311182704,420.9710789326745,267.0885999105674,0.0,0.0,0.003312390423239135,0.0,1.0,0.0,0.0
2023-12-27 03:48:42.212068,0.0,1.0,1.0,1.0,13.164884686470032,1.0,1.0,276254.0,0.032758605448572675,0.029583287626329672,0.03920151065334563,0.03473958601181881,0.04636596750927052,0.0370372858373025,-0.00015260279178619385,-0.00035289395600557327,0.000584977368513743,-0.0,0.0,0.0,0.0,1.0,0.0,0.0,4.856215291463953,4.380069682758198,2.2404874880705212,89.52165032794737,100.57040575268019,170.00160606436722,341.3932290881711,386.74520439244526,271.00134468690595,178.0580025766305,1579.1892295465423,0.057096811942855014,-1.0767098991149104,0.057119073309619364,0.0,0.0
2023-12-27 03:48:42.212068,0.0,1.0,1.0,1.0,13.164884686470032,1.0,1.0,276255.0,0.0333105341503932,0.029317961301484216,0.03900167157440238,0.0350730936850165,0.046782561391466956,0.037479926405722126,-0.00015896124144395193,-0.00035925240566333133,0.0005976942678292593,-0.0,0.0,0.0,0.0,1.0,0.0,0.0,5.045239037039695,4.364568799665328,2.284685717923597,99.30861112491442,91.28564500112155,171.87164815486733,394.7340017401163,329.6339642729128,273.50420324372453,176.48931190987398,1018.0506100289265,0.08747359689161377,-1.6554666015599548,0.05373354910099335,0.0,0.0
2023-12-27 03:48:42.212068,0.0,1.0,1.0,1.0,13.164884686470032,1.0,1.0,276256.0,0.03393031816045019,0.029317961301484216,0.03920151065334563,0.0350730936850165,0.04667876148236437,0.03784056630748671,-0.0001748573655883471,-0.0003369978318611781,0.0006263072912891706,0.0,0.0,0.0,0.0,1.0,0.0,0.0,5.139143809191547,4.458242665196929,2.329961064163999,107.98781910405627,80.43531582167314,172.4802758069195,443.2800153306898,284.05227899444293,277.00695194592885,0.0,0.0,0.03917919510479778,0.0,1.0,0.0,0.0
2023-12-27 03:48:42.212068,0.0,1.0,1.0,1.0,13.164884686470032,1.0,1.0,276257.0,0.03400699694334953,0.02958328762632967,0.03972950091039699,0.03465570761333854,0.04661637059484701,0.037942976687740604,-0.0002066496138771375,-0.00035925240566333133,0.0006199488416314125,-0.0,0.0,0.0,0.0,1.0,0.0,0.0,5.17446448742836,4.694492830176243,2.4685164624741325,116.0668643173286,74.79882566523133,173.6018836070067,472.2888510117888,270.99500637659406,296.02832708050755,0.0,0.0,0.03917919510479778,0.0,1.0,0.0,0.0
2023-12-27 03:48:42.212068,0.0,1.0,1.0,1.0,13.164884686470032,1.0,1.0,276258.0,0.03385346569900588,0.029671202493626002,0.03992569716981857,0.035211122922407,0.04661637059484701,0.038019603443720636,-0.00021300806353489557,-0.00039104465395212173,0.0006008734926581383,-0.0,0.0,0.0,0.0,1.0,0.0,0.0,5.222619530937252,4.817064680064489,2.5412453480659254,124.2503116302708,59.16990965121271,170.81295615322392,515.9501895184792,226.52118179786294,307.42934958765545,0.0,0.0,0.0,0.0,1.0,0.0,0.0
2023-12-27 03:48:42.212068,0.0,1.0,1.0,1.0,13.164884686470032,1.0,1.0,276259.0,0.03283802036619844,0.030536433383318334,0.04050858489526055,0.034767500508899686,0.04644958519218292,0.037994078363002726,-0.00021936651319265366,-0.00042283690224091214,0.0006104111671447754,-0.0,0.0,0.0,0.0,1.0,0.0,0.0,5.2133589987232725,4.899414604788202,2.5816699920993074,130.68143375975407,47.95397539515273,168.03425542652923,549.482990974891,187.85522399424056,319.6663879693579,0.0,0.0,0.0,0.0,1.0,0.0,0.0
2023-12-27 03:48:42.212068,0.0,1.0,1.0,1.0,13.164884686470032,1.0,1.0,276260.0,0.032917243690905706,0.030365359581316052,0.04057283328598262,0.03462770299655218,0.047071983444925344,0.03789180609576248,-0.00022572496285041174,-0.000413299227754275,0.0006263072912891706,-0.0,0.0,0.0,0.0,1.0,0.0,0.0,5.1976256480456104,4.948980733591057,2.5935224000232324,135.73142424916065,39.3088670278248,165.2975646646725,576.4888518981932,152.9670251031149,327.55476851024633,0.0,0.0,0.0,0.0,1.0,0.0,0.0
2023-12-27 03:48:42.212068,0.0,1.0,1.0,1.0,13.164884686470032,1.0,1.0,276261.0,0.032678997541228945,0.03095998250890783,0.04018580218234409,0.03431814397393635,0.04721602919545228,0.037942976687740604,-0.00021936651319265366,-0.00044827070087194443,0.0006135903919736544,-0.0,0.0,0.0,0.0,1.0,0.0,0.0,5.179159083485056,4.9840599164035515,2.601369995368205,139.9766082125981,32.207433090598144,163.2050855696166,598.5190809395015,124.36308023510169,332.89761853705454,0.0,0.0,0.0,0.0,1.0,0.0,0.0
2023-12-27 03:48:42.212068,0.0,1.0,1.0,1.0,13.164884686470032,1.0,1.0,276262.0,0.032599195230312655,0.030536433383318334,0.04037978143756248,0.03428986366919591,0.04698947333163245,0.03789180609576248,-0.00020982883870601654,-0.00042283690224091214,0.0006072319423158964,-0.0,0.0,0.0,0.0,1.0,0.0,0.0,5.168340438187328,4.99415848504511,2.611523883971903,143.47946250654638,26.231017826701734,161.35563691774576,621.218483933752,99.14605438285118,340.69309579943075,0.0,0.0,0.0,0.0,1.0,0.0,0.0
2023-12-27 03:48:42.212068,0.0,1.0,1.0,1.0,13.164884686470032,1.0,1.0,276263.0,0.03243900165530412,0.030536433383318337,0.04031522539078391,0.03414811083549323,0.046865435790158866,0.03807060226402176,-0.00019393271456162134,-0.0004037615532676379,0.0006199488416314125,-0.0,0.0,0.0,0.0,1.0,0.0,0.0,5.155622893271106,5.003272038894306,2.632238618254536,146.28182540055508,20.808786469582422,159.18745336597974,641.7999827006191,75.36710862685007,349.2645496034832,0.0,0.0,0.0,0.0,1.0,0.0,0.0
2023-12-27 03:48:42.212068,0.0,1.0,1.0,1.0,13.164884686470032,1.0,1.0,276264.0,0.032358607475557646,0.031043998898136284,0.04050858489526055,0.034005767111097776,0.04740058766787435,0.03807060226402176,-0.00017803659041722616,-0.000413299227754275,0.0006358449657758077,-0.0,0.0,0.0,0.0,1.0,0.0,0.0,5.0459101861413975,5.038055287179252,2.6384467226711474,148.3152386089423,16.526396307591583,156.64597652317664,653.6887964298518,53.491947973418505,355.50652615184026,0.0,0.0,0.0,0.0,1.0,0.0,0.0
2023-12-27 03:48:42.212068,0.0,1.0,1.0,1.0,13.164884686470032,1.0,1.0,276265.0,0.03219721690590662,0.03146071551579091,0.04050858489526055,0.03389146168814632,0.04764555357664794,0.037789257041436174,-0.00016531969110171,-0.000413299227754275,0.0006453826402624449,-0.0,0.0,0.0,0.0,1.0,0.0,0.0,4.925222316504551,5.043319533312539,2.6346272498946726,149.81392936458136,13.620995583368213,154.3522438262763,667.8904917644505,34.170062617092505,363.90296078836667,0.0,0.0,0.0,0.0,1.0,0.0,0.0
2023-12-27 03:48:42.212068,0.0,1.0,1.0,1.0,13.164884686470032,1.0,1.0,276266.0,0.03307512106520077,0.0316258647634613,0.04025056580563929,0.03414811083549323,0.0477675654373124,0.037737878014220266,-0.0001907534897327423,-0.00044191225121418637,0.0006199488416314125,-0.0,0.0,0.0,0.0,1.0,0.0,0.0,4.7940297492611466,5.03770251796993,2.624208776711045,151.27503531511744,10.539756517337391,152.51510585476046,679.2973643144245,17.233909734934237,369.30848616489254,0.0,0.0,0.0,0.0,1.0,0.0,0.0
2023-12-27 03:48:42.212068,0.0,1.0,1.0,1.0,13.164884686470032,1.0,1.0,276267.0,0.032358607475557646,0.031953602685443394,0.03972950091039699,0.03423323297213509,0.04843313674348108,0.037531658557888314,-0.00016531969110171,-0.0004291953518986702,0.0006104111671447754,-0.0,0.0,0.0,0.0,1.0,0.0,0.0,4.626878034442563,5.0116199493268265,2.60092499980087,151.7416452327494,8.404635547572164,151.13005400003425,685.1765893795629,8.337343698328509,375.65714215117737,0.0,0.0,0.0,0.0,1.0,0.0,0.0
2023-12-27 03:48:42.212068,0.0,1.0,1.0,1.0,13.164884686470032,1.0,1.0,276268.0,0.03307512106520077,0.031871984154482245,0.03906839817849146,0.033690494027434716,0.048513191569591316,0.037272279786298136,-0.0001907534897327423,-0.0004069407780965169,0.000578618918855985,-0.0,0.0,0.0,0.0,1.0,0.0,0.0,4.569890094397524,5.017303360605969,2.6189641889335373,152.26690598950253,5.958656349708762,150.32748825134988,690.6271280274025,1.632850973439863,381.05397284402443,0.0,0.0,0.0,0.0,1.0,0.0,0.0
2023-12-27 03:48:42.212068,0.0,1.0,1.0,1.0,13.164884686470032,1.0,1.0,276269.0,0.033699234984826465,0.03146071551579091,0.03866631133712533,0.03377676944149575,0.0490501442514697,0.037298298832947746,-0.00017803659041722616,-0.0003974031036098798,0.0005500058953960737,-0.0,0.0,0.0,0.0,1.0,0.0,0.0,4.6105591211167285,5.218928246151328,2.9040355632741983,153.22510502386825,12.01315758583976,153.54051584793834,701.2302928223924,16.97053452870177,427.7528420609486,0.0,0.0,0.0,0.0,1.0,0.0,0.0
2023-12-27 03:48:42.212068,0.0,1.0,1.0,1.0,13.164884686470032,1.0,1.0,276270.0,0.03400699694334953,0.031953602685443394,0.03812359934915173,0.0337192770263005,0.04897096721155155,0.037402194017022584,-0.00017803659041722616,-0.0004196576774120331,0.0005372889960805575,-0.0,0.0,0.0,0.0,1.0,0.0,0.0,4.6770101412588785,5.963738281921266,3.7922864148331543,154.30412503874413,31.07091499124809,165.50149112097046,712.5438652016974,107.63824186948494,589.2694132561999,0.0,0.0,0.0,0.0,1.0,0.0,0.0
2023-12-27 03:48:42.212068,0.0,1.0,1.0,1.0,13.164884686470032,1.0,1.0,276271.0,0.03423600287726077,0.03170811682633251,0.03859888964444312,0.03428986366919591,0.04912919368914083,0.03735028254992773,-0.00017803659041722616,-0.00041012000292539597,0.0005372889960805575,-0.0,0.0,0.0,0.0,1.0,0.0,0.0,4.534733941567837,7.815734766025908,5.235942033134484,151.38297625352035,60.415602794547304,180.76527426826613,672.6638544745108,377.5405541650136,874.8096835824883,0.0,0.0,0.0,0.0,1.0,0.0,0.0
2023-12-27 03:48:42.212068,0.0,1.0,1.0,1.0,13.164884686470032,1.0,1.0,276272.0,0.034311998537645924,0.03121135320454246,0.03866631133712533,0.03426156002122874,0.0488519610399845,0.03755749791279624,-0.00018439504007498422,-0.00040058232843875885,0.0005341097712516785,-0.0,0.0,0.0,0.0,1.0,0.0,0.0,4.8170280901030935,10.775482992134759,6.251868605548365,143.89112641608043,98.40252388358688,191.81599623261786,608.8530143393523,961.9752744852497,1119.57560316385,0.0,0.0,0.0,0.0,1.0,0.0,0.0
2023-12-27 03:48:42.212068,0.0,1.0,1.0,1.0,13.164884686470032,1.0,1.0,276273.0,0.03423600287726077,0.0316258647634613,0.03819186010094625,0.03445919735911931,0.04912919368914083,0.03708963538404783,-0.0001812158152461052,-0.000413299227754275,0.0005023175229628881,-0.0,0.0,0.0,0.0,1.0,0.0,0.0,7.94389818746776,13.62266067628665,6.422419849085434,144.38247625665983,134.32870883035227,191.50197928191074,860.2532634896867,1734.6792269025677,1106.4295164970638,0.0,0.0,0.0,0.0,1.0,0.0,0.0
2023-12-27 03:48:42.212068,0.0,1.0,1.0,1.0,13.164884686470032,1.0,1.0,276274.0,0.034689479627481534,0.031543398222149986,0.03708461362614584,0.03448733880714076,0.04853318464341329,0.03714191114696681,-0.00018439504007498422,-0.0004069407780965169,0.0004737044995029767,-0.0,0.0,0.0,0.0,1.0,0.0,0.0,11.733053037451032,14.261655379715851,9.768217512507704,162.2205067172072,149.10864547698233,189.26116501524547,1558.279927873524,2018.9448314671688,1299.710997448323,1309.3815879242898,2256.6058913212564,0.28464032049104104,5.540920182291544,0.02668037811144468,0.0,0.0
2023-12-27 03:48:42.212068,0.0,1.0,1.0,1.0,13.164884686470032,1.0,1.0,276275.0,0.03483932688925939,0.03112778852124087,0.03708461362614584,0.034091244666417886,0.048453162850081506,0.03714191114696681,-0.0002066496138771375,-0.0004037615532676379,0.00045780837535858154,-0.0,0.0,0.0,0.0,1.0,0.0,0.0,12.40934768053419,15.87587868947483,14.737796451118882,168.9218936016907,153.35414242612026,203.23397566471897,1716.3165830252158,2251.6641064310566,2205.2445482889743,1707.7876761230486,1321.5998683010214,0.6315049168757019,12.339719014461737,0.022991057970610785,0.000309116193493587,0.0
2023-12-27 03:48:42.212068,0.0,1.0,1.0,1.0,13.164884686470032,1.0,1.0,276276.0,0.03393031816045019,0.031043998898136284,0.03715478325109877,0.03348832035600082,0.048593114509393145,0.037168021456797505,-0.00016531969110171,-0.0003465355063478152,0.0004514499257008235,-0.0,0.0,0.0,0.0,1.0,0.0,0.0,16.950229668550982,18.832187418535014,15.584127083200649,169.057524127669,176.3859452376008,206.7646188614099,2157.8217655374565,3128.792869604441,2368.518268926667,2165.0479879473905,966.8027990926142,1.0907342556497042,21.384594022879785,0.019715668041346494,0.0008448110740667371,49411.9995892616
2023-12-27 03:48:42.212068,0.0,1.0,1.0,1.0,13.164884686470032,1.0,1.0,276277.0,0.03446348712650292,0.030451016619125054,0.03715478325109877,0.03305092691301418,0.04809141704741542,0.03711578246899013,-0.00016849891593058905,-0.0003401770566900571,0.0004896006236473719,-0.0,0.0,0.0,0.0,1.0,0.0,0.0,20.342971796170247,20.724165879984955,21.041940795623642,182.78245259061129,181.69956687988758,211.98871711288015,3005.781880321661,3241.4076788222665,3235.5638297676314,2739.3309591098077,826.9902429193693,1.60802698628331,31.631187911088524,0.01645966824851586,0.0016371883065869346,38824.01629994092
2023-12-27 03:48:42.212068,0.0,1.0,1.0,1.0,13.164884686470032,1.0,1.0,276278.0,0.034083503219894985,0.0301069262894072,0.03680259726239562,0.03313886745048406,0.04827262880662787,0.03698486219342292,-0.00012716899315516153,-0.00032110170771678287,0.0004737044995029767,-0.0,0.0,0.0,0.0,1.0,0.0,0.0,24.179379686380656,26.506363004128495,22.67713104338964,182.84096666288542,199.33942626435825,216.33389440906657,3465.398978049477,4550.233993068976,3592.4038322904166,3412.494349570647,741.2401696038135,2.230041701041729,43.962701937561306,0.014307626690908477,0.0027384761935076623,31138.128842893813
2023-12-27 03:48:42.212068,0.0,1.0,1.0,1.0,13.164884686470032,1.0,1.0,276279.0,0.03453898225996591,0.030193316499374602,0.03637547335010833,0.032756086704177324,0.04807124024054982,0.03722018712661886,-0.0001303482179840406,-0.0003401770566900571,0.0004737044995029767,-0.0,0.0,0.0,0.0,1.0,0.0,0.0,26.58056715289878,29.104622459538177,28.350286837005783,190.1596359681088,204.75684683352634,221.41651277559032,4051.102908474359,4972.469475301754,4718.1393764988925,4092.895110910694,679.821661227702,2.911950368090404,57.49194463280608,0.0128275319728733,0.004178678442895128,25994.33535010893
2023-12-27 03:48:42.212068,0.0,1.0,1.0,1.0,13.164884686470032,1.0,1.0,276280.0,0.03453898225996591,0.030106926289407202,0.03708461362614584,0.032667115729434024,0.04817203976461415,0.037011083297172835,-0.00012081054349740346,-0.00031156403323014575,0.0004864213988184929,-0.0,0.0,0.0,0.0,1.0,0.0,0.0,32.45154695774748,31.454380003910504,31.706500790463622,197.5043244200794,215.19889430580892,213.60485960191818,5250.213017755128,5579.268252313879,5066.766207541285,4791.352980278722,624.893980729495,3.703123291448433,73.21890123049957,0.011389907006568405,0.006012848897962188,20388.35241367237
2023-12-27 03:48:42.212068,0.0,1.0,1.0,1.0,13.164884686470032,1.0,1.0,276281.0,0.034689479627481534,0.030020287472977178,0.03666077555081007,0.032368779656366614,0.04835294937599575,0.036509662213151245,-0.00011763131866852443,-0.0002924886842568715,0.0004768837243318558,-0.0,0.0,0.0,0.0,1.0,0.0,0.0,36.45321032747439,37.13242813160436,34.66549742468979,201.7233572253548,221.4563672386256,206.56717826635779,5941.216158466698,6679.48201404901,5527.3065302770065,5531.054854301471,584.0368012123755,4.5678434942226085,90.4355395496111,0.010084959521997502,0.00827830483819487,16402.669193573245
2023-12-27 03:48:42.212068,0.0,1.0,1.0,1.0,13.164884686470032,1.0,1.0,276282.0,0.03528505068595369,0.030193316499374602,0.03644700827338301,0.032756086704177324,0.0488519610399845,0.036269727551283916,-0.00013352744281291962,-0.0002893094594279925,0.0004737044995029767,-0.0,0.0,0.0,0.0,1.0,0.0,0.0,39.856697821072096,40.6492531410921,39.24814873134192,211.00547723371625,216.5746357408694,203.40697588131954,6689.60443350135,7058.21964944346,6447.930784535685,6205.994715800169,570.6944298464354,5.2400175747232804,103.8434599147103,0.009130614221325955,0.010879635955250239,19140.35884196686
2023-12-27 03:48:42.212068,0.0,1.0,1.0,1.0,13.164884686470032,1.0,1.0,276283.0,0.035798048219973906,0.029758857640261767,0.03729472643293346,0.03248844283583844,0.04906991854949189,0.036403219822747475,-0.00014942356695731482,-0.0002829510097702344,0.0005150344222784042,-0.0,0.0,0.0,0.0,1.0,0.0,0.0,43.593441665063516,44.75642042705917,44.35201163661773,216.37096063654585,205.64478990638537,209.81878688615566,7439.474274204035,7231.050278909545,7674.268696553323,6914.888363583204,562.2613693346237,5.920515350265415,117.44061292653957,0.008189270877620976,0.013821582622500928,18438.65968073858
2023-12-27 03:48:42.212068,0.0,1.0,1.0,1.0,13.164884686470032,1.0,1.0,276284.0,0.035652230716862035,0.029846255354549493,0.03757304914762412,0.03245856839932655,0.04910944325871892,0.0364298595773722,-0.00016531969110171,-0.00028613023459911346,0.0005468266705671946,-0.0,0.0,0.0,0.0,1.0,0.0,0.0,47.360290233803475,48.87622134237468,48.83881084094864,208.85025874044655,205.76901646635918,217.14267411407232,7812.441452911228,8033.616711734656,8628.345290274394,7617.833682648213,558.5903586430745,6.560542638938142,130.2295180164508,0.00747906702478874,0.017083897821296868,18968.07502297537
2023-12-27 03:48:42.212068,0.0,1.0,1.0,1.0,13.164884686470032,1.0,1.0,276285.0,0.035652230716862035,0.0301069262894072,0.03825999906698716,0.032696799620819436,0.04883209848131023,0.03624297009463465,-0.00015260279178619385,-0.0002956679090857506,0.0005690812443693479,0.0,0.0,0.0,0.0,1.0,0.0,0.0,52.29482545690724,53.55612272281275,52.52681585956638,208.70348351864516,213.0009615511567,209.87469138896083,8821.699640587627,8978.62925470745,8891.639582730691,8349.415456611208,555.5032680137316,7.225757365380339,143.52938875758693,0.006821143446794755,0.020679381499264703,18312.78648922862
2023-12-27 03:48:42.212068,0.0,1.0,1.0,1.0,13.164884686470032,1.0,1.0,276286.0,0.0355058143663421,0.02949511071595667,0.03859888964444312,0.03296275176192149,0.04928691221262875,0.03629646528256086,-0.00016849891593058905,-0.00034335628151893616,0.0005881565933426222,-0.0,0.0,0.0,0.0,1.0,0.0,0.0,56.29145519700278,57.77959066182382,57.13444984274067,212.97490517548042,206.09867392346186,211.788959357429,9534.442590982568,9507.571461006679,9880.988897400777,9085.430893798062,554.7283037594337,7.869644198406243,156.39994142013575,0.006308687679871111,0.024597279021708506,18674.72412148299
2023-12-27 03:48:42.212068,0.0,1.0,1.0,1.0,13.164884686470032,1.0,1.0,276287.0,0.035798048219973906,0.029228983975494564,0.03900167157440238,0.03340129988750126,0.049679017932433185,0.036721621394332,-0.00018757426490386328,-0.000327460157374541,0.0005404682209094366,-0.0,0.0,0.0,0.0,1.0,0.0,0.0,61.19778378500719,62.824049371546764,60.21446753797052,206.28863329257996,212.99747576225064,210.8354200752257,10068.965255793333,10869.208880602451,10142.536261916832,9796.689674183983,549.8653276085192,8.556730657124549,170.13528687451142,0.0058394164081083935,0.02885925388482758,17593.75518597329
2023-12-27 03:48:42.212068,0.0,1.0,1.0,1.0,13.164884686470032,1.0,1.0,276288.0,0.03572521386533562,0.029495110715956674,0.03926789767914726,0.033430331878977426,0.04912919368914083,0.03669519345179801,-0.00021936651319265366,-0.00033063938220342,0.0005627227947115898,-0.0,0.0,0.0,0.0,1.0,0.0,0.0,66.20009057375941,65.05770398806824,65.19121849880807,212.44768148895415,207.73572059901613,209.55552722305575,11241.045561292969,10824.863679251506,10998.442997707572,10449.493175369598,545.3419182969454,9.199026956726119,182.97751585193836,0.005451790104009852,0.03344293306980543,18148.839005994483
2023-12-27 03:48:42.212068,0.0,1.0,1.0,1.0,13.164884686470032,1.0,1.0,276289.0,0.03535879172915739,0.02993339789139519,0.039795007139399326,0.03357511528435138,0.04928691221262875,0.036403219822747475,-0.00022572496285041174,-0.00033381860703229904,0.0005659020195404688,-0.0,0.0,0.0,0.0,1.0,0.0,0.0,70.56106593000285,69.51538729220707,69.89556289766553,211.81921372698918,210.9558373021479,206.9467963304059,12141.038220874958,11614.903015881286,11513.179434356809,11173.769654486483,544.310518818187,9.851580718604234,196.0308256408058,0.005079330717906613,0.038353604257575113,17912.78820194254
2023-12-27 03:48:42.212068,0.0,1.0,1.0,1.0,13.164884686470032,1.0,1.0,276290.0,0.03557909785889396,0.03087573750238641,0.04012093401707995,0.033546208593426816,0.04899077346805865,0.036269727551283916,-0.00022890418767929077,-0.00035289395600557327,0.0005531851202249527,-0.0,0.0,0.0,0.0,1.0,0.0,0.0,73.24398419875172,75.44647296629876,74.23947280896685,207.6502439306169,208.70959333254132,212.8520601136901,12055.426634904596,12629.29368815277,12729.500427544886,11878.456473246386,544.6308957017536,10.463482187971215,208.2711515933925,0.004771318706786052,0.043570901792439894,18693.554224280553
2023-12-27 03:48:42.212068,0.0,1.0,1.0,1.0,13.164884686470032,1.0,1.0,276291.0,0.0355058143663421,0.03129469474997817,0.04005596080194901,0.0333431600699038,0.048593114509393145,0.036509662213151245,-0.000247979536652565,-0.00035607318083445233,0.0005468266705671946,-0.0,0.0,0.0,0.0,1.0,0.0,0.0,79.02162337096499,78.32591294798495,78.17836349021587,210.56612534073017,207.84536886905852,209.7656993805108,13231.468281295281,13012.729006849813,13135.779310166256,12524.087776458626,541.3057710444258,11.09685171608201,220.94024308969549,0.004491324465028843,0.04910556646781812,18119.440121467225
2023-12-27 03:48:42.212068,0.0,1.0,1.0,1.0,13.164884686470032,1.0,1.0,276292.0,0.03550581436634209,0.03095998250890783,0.04005596080194901,0.033168129149298335,0.04827262880662787,0.03621619286889221,-0.0002320834125081698,-0.0003465355063478152,0.0005404682209094366,-0.0,0.0,0.0,0.0,1.0,0.0,0.0,82.67559125262189,82.69757669194638,83.69377314352599,212.46914023357,206.80141410744017,209.04334021300298,14072.310334290138,13456.899381340121,14068.032013427839,13250.043867604238,540.0435018766541,11.76449421222576,234.29334530113334,0.004235366711924849,0.05497473309758388,17449.18110521847
2023-12-27 03:48:42.212068,0.0,1.0,1.0,1.0,13.164884686470032,1.0,1.0,276293.0,0.0355058143663421,0.031211353204542457,0.03992569716981858,0.033226575237181734,0.048212300565427614,0.03586626975568591,-0.00022890418767929077,-0.0003624316304922104,0.0005372889960805575,-0.0,0.0,0.0,0.0,1.0,0.0,0.0,88.12924526945082,87.378602628968,86.36322494851224,210.31722442830448,210.45140849286733,207.03843540768943,14811.844627198581,14643.763135388363,14154.222419436666,13908.891353365678,537.6385623836896,12.401915699673758,247.0435307320611,0.004010603222533852,0.06116329831188198,17870.717006012095
2023-12-27 03:48:42.212068,0.0,1.0,1.0,1.0,13.164884686470032,1.0,1.0,276294.0,0.03513710432917181,0.03104399889813628,0.03959816335788845,0.0333431600699038,0.04837300867964892,0.0357036100976489,-0.00023526263733704886,-0.0003624316304922104,0.0005341097712516785,-0.0,0.0,0.0,0.0,1.0,0.0,0.0,91.50524506787822,91.75445371634848,91.66921577527995,210.3370844890769,208.63191014013228,208.47757891285363,15351.833815776494,15064.61338895424,15240.470555896713,14578.076102111681,536.4135682963379,13.02557903631153,259.52060233560024,0.003803970586903526,0.06766442047140005,18067.552310995103
2023-12-27 03:48:42.212068,0.0,1.0,1.0,1.0,13.164884686470032,1.0,1.0,276295.0,0.03446348712650292,0.031127788521240866,0.03906839817849146,0.033284918697807614,0.048151896740624714,0.035947323576018514,-0.00024162108699480692,-0.0003465355063478152,0.0005213928719361623,-0.0,0.0,0.0,0.0,1.0,0.0,0.0,96.99834023911829,94.99116296109912,95.54781676057041,210.61839349314232,209.49410377195142,206.43061388144034,16349.268653369201,15721.60241990404,15535.864830600642,15215.430394439076,534.2360646707649,13.647969270662902,271.97088912797585,0.0036214042751657313,0.07447742860309076,17984.42223272228
2023-12-27 03:48:42.212068,0.0,1.0,1.0,1.0,13.164884686470032,1.0,1.0,276296.0,0.03453898225996591,0.03129469474997816,0.0387336156723732,0.03296275176192149,0.0477675654373124,0.036269727551283916,-0.0002606964359680812,-0.0003465355063478152,0.000499138298134009,-0.0,0.0,0.0,0.0,1.0,0.0,0.0,100.97434664955985,100.39396197074028,99.37967366025707,209.55121156109584,209.06643055966796,207.5055298786882,16762.038104360217,16602.804954886957,16279.846093734623,15880.119060561809,532.7507096013735,14.281403105408693,284.64338759124433,0.0034474011750169,0.08160788922153808,17723.937693819684
2023-12-27 03:48:42.212068,0.0,1.0,1.0,1.0,13.164884686470032,1.0,1.0,276297.0,0.03513710432917181,0.032358607475557646,0.03839591423416135,0.032667115729434024,0.04733914812465995,0.03600125807533038,-0.0002702341104547183,-0.0003815069794654846,0.0005404682209094366,-0.0,0.0,0.0,0.0,1.0,0.0,0.0,104.12401972376121,104.73775642259231,104.87120624908208,209.63133514180393,206.79723010642147,209.24244920511475,17182.774847999317,17029.11129956427,17470.600667211795,16544.259169257977,531.6509692464375,14.90716434273941,297.1611954714929,0.0032940248081911637,0.08905192724951083,17825.429034116525
2023-12-27 03:48:42.212068,0.0,1.0,1.0,1.0,13.164884686470032,1.0,1.0,276298.0,0.03572521386533562,0.032758605448572675,0.03859888964444312,0.03254810944778678,0.04823241836332607,0.03621619286889221,-0.00026705488562583923,-0.0004037615532676379,0.0005627227947115898,-0.0,0.0,0.0,0.0,1.0,0.0,0.0,108.20313170067075,109.28741489497978,109.80362067968818,209.19425529588423,205.95888828632152,210.3069637950014,17817.54089156778,17690.391005105765,18388.84472491405,17265.263419026473,531.4442920728605,15.560668752657255,310.2321795050924,0.0031528064881052808,0.09682340002903234,17355.721222841195
2023-12-27 03:48:42.212068,0.0,1.0,1.0,1.0,13.164884686470032,1.0,1.0,276299.0,0.03535879172915738,0.032758605448572675,0.03880080326089555,0.03284481667269478,0.04853318464341329,0.036269727551283916,-0.00028613023459911346,-0.0004196576774120331,0.000581798143684864,-0.0,0.0,0.0,0.0,1.0,0.0,0.0,113.20863213716356,113.4183463336336,113.45796720646057,207.98749436803425,207.44386924699248,209.2191510155007,18558.526339307005,18531.337855380676,18738.239803859335,17893.379879092652,528.620224242803,16.210788654098792,323.2361978346039,0.003021368263672451,0.10492063003539413,17276.238815470304
2023-12-27 03:48:42.212068,0.0,1.0,1.0,1.0,13.164884686470032,1.0,1.0,276300.0,0.03528505068595369,0.032599195230312655,0.03812359934915173,0.03305092691301418,0.048652970554883296,0.03600125807533038,-0.0002924886842568715,-0.0004196576774120331,0.0005595435698827108,-0.0,0.0,0.0,0.0,1.0,0.0,0.0,118.39554773402591,117.13321904613876,117.88264741002062,209.32291078705217,207.79664986430785,206.68869905985773,19671.269104198338,19097.473231831875,19142.47213933221,18570.554156013193,529.1740980071442,16.804614820915912,335.1179320018802,0.0028990977383941225,0.11331550348352204,18338.664191631695
2023-12-27 03:48:42.212068,0.0,1.0,1.0,1.0,13.164884686470032,1.0,1.0,276301.0,0.034914009347714284,0.032358607475557646,0.038531349978274704,0.03313886745048406,0.048692833708276886,0.0361625789344349,-0.00030202635874350864,-0.00043237457672754925,0.0005913358181715012,-0.0,0.0,0.0,0.0,1.0,0.0,0.0,121.82257831765769,121.87040986471489,122.82555470289486,209.3196224028987,205.6552905682216,208.86328191024816,20070.692166607438,19602.790719506866,20296.077155696763,19237.84123633954,528.0000641277448,17.445219339564066,347.931494921913,0.0027884197109571854,0.1220313631542932,17480.188908763404
2023-12-27 03:48:42.212068,0.0,1.0,1.0,1.0,13.164884686470032,1.0,1.0,276302.0,0.03498853239802848,0.03323224841549099,0.03839591423416135,0.03360399710929144,0.04906991854949189,0.03661579517603752,-0.00032110170771678287,-0.0004896006236473719,0.0005976942678292593,-0.0,0.0,0.0,0.0,1.0,0.0,0.0,126.61657827867568,126.46628226956084,126.3932785342627,207.87588555630802,207.73661865788995,207.58514056218266,20780.56983867618,20626.94822153573,20616.799462107017,19904.324681910857,527.0256844877639,18.0811450191002,360.6509233163204,0.0026878194513037957,0.131065850930298,17542.322007110248
2023-12-27 03:48:42.212068,0.0,1.0,1.0,1.0,13.164884686470032,1.0,1.0,276303.0,0.03513710432917182,0.03307512106520077,0.038531349978274704,0.03357511528435138,0.04879234910680994,0.037272279786298136,-0.00031156403323014575,-0.0004896006236473719,0.0005754396940271059,-0.0,0.0,0.0,0.0,1.0,0.0,0.0,130.08512797457092,130.9674758869275,131.48569454210858,208.11221116804268,205.3650533993094,209.09575804930898,21225.09341925215,21089.90994997585,21817.0732256876,20587.530468049205,526.6349020883137,18.713905391752174,373.30688418697673,0.0025949250777306263,0.14041737691801215,17614.73386328429
2023-12-27 03:48:42.212068,0.0,1.0,1.0,1.0,13.164884686470032,1.0,1.0,276304.0,0.03543237930455047,0.032278013060310994,0.03900167157440238,0.03377676944149575,0.04871275305200567,0.037660678046535785,-0.00032110170771678287,-0.00044509147604306537,0.0005659020195404688,-0.0,0.0,0.0,0.0,1.0,0.0,0.0,135.5712035232601,135.8621213502411,134.3486696330725,206.7233796606568,207.78097983340533,207.0972259463996,22021.193548146555,22288.046778716307,21845.852437275833,21242.15306998857,525.8725603620009,19.335152773595116,385.735318915604,0.0025025314452645797,0.15008024147266566,17808.109629205668
2023-12-27 03:48:42.212068,0.0,1.0,1.0,1.0,13.164884686470032,1.0,1.0,276305.0,0.03630379747090975,0.03179015607555206,0.039068398178491455,0.033430331878977426,0.04879234910680994,0.03776357626576105,-0.00033063938220342,-0.0004546291505297025,0.0005436474457383156,-0.0,0.0,0.0,0.0,1.0,0.0,0.0,140.02196106205616,140.1858756820274,138.84029235740772,206.53090571742743,207.34313298131775,207.55643874676377,22715.21541300476,22961.618028750247,22615.6826129857,21932.871264414774,525.4757341796214,19.977291297084943,398.57880973851917,0.0024202885886757237,0.16006484195904472,17464.112326300827
2023-12-27 03:48:42.212068,0.0,1.0,1.0,1.0,13.164884686470032,1.0,1.0,276306.0,0.03630379747090975,0.03170811682633251,0.03900167157440238,0.03397722680635423,0.04827262880662787,0.037428122750824445,-0.0003147432580590248,-0.00043237457672754925,0.0005563643450538317,-0.0,0.0,0.0,0.0,1.0,0.0,0.0,144.0050773569747,143.46652629294,144.76207488440068,208.49841839677254,205.68789361730836,206.9142634112341,23739.726247188584,23024.242560278937,23637.42734875902,22613.732650718975,525.1101338798425,20.610192136115227,411.2379976209794,0.002343124932912992,0.17036656149540866,17647.621404703455
2023-12-27 03:48:42.212068,0.0,1.0,1.0,1.0,13.164884686470032,1.0,1.0,276307.0,0.03550581436634209,0.030536433383318337,0.03900167157440238,0.033748035476753,0.04803086119920287,0.03763490953305242,-0.00030202635874350864,-0.0003719693049788475,0.0005468266705671946,-0.0,0.0,0.0,0.0,1.0,0.0,0.0,148.62840665771625,148.91750347117784,147.7256540925711,206.7306998143324,207.4717677454237,206.7650349235886,24214.807566905947,24320.103585940367,23988.329536850015,23298.14170735839,525.2085032566165,21.228486484803756,423.60484203011526,0.0022726247268043303,0.18097807673010247,17954.008133218544
2023-12-27 03:48:42.212068,0.0,1.0,1.0,1.0,13.164884686470032,1.0,1.0,276308.0,0.034914009347714284,0.031043998898136284,0.03846369171715947,0.03351727697218139,0.04719547814803892,0.037609123363849604,-0.0002829510097702344,-0.0003974031036098798,0.000499138298134009,-0.0,0.0,0.0,0.0,1.0,0.0,0.0,153.7046529567564,152.427904877947,152.0607972681238,206.25344280752878,207.5887448330341,206.10228817146924,25047.24100813299,24932.811352513432,24439.47040080305,23908.392857199266,523.281947076575,21.863148995760962,436.3008040920698,0.002200451141178285,0.19190763222655027,17594.503645409495
2023-12-27 03:48:42.212068,0.0,1.0,1.0,1.0,13.164884686470032,1.0,1.0,276309.0,0.035652230716862035,0.03087573750238641,0.03819186010094625,0.03325575976212062,0.046865435790158866,0.03755749791279624,-0.00030202635874350864,-0.0003497147311766942,0.000492779848476251,-0.0,0.0,0.0,0.0,1.0,0.0,0.0,156.84309412141647,158.09819762234525,156.27800324561363,204.37344634908345,207.20066693673036,207.8746923383833,25092.34365676107,25938.861524654145,25469.370449804584,24578.379192118504,522.7007557420019,22.49938094583517,449.02600564175685,0.0021369771845311854,0.20315596044868722,17582.216545234933
2023-12-27 03:48:42.212068,0.0,1.0,1.0,1.0,13.164884686470032,1.0,1.0,276310.0,0.036015667538814286,0.03129469474997816,0.037503662109374995,0.03284481667269478,0.04653305261833773,0.037866194868709485,-0.00030838480840126675,-0.00035925240566333133,0.000492779848476251,-0.0,0.0,0.0,0.0,1.0,0.0,0.0,161.70599221996744,161.2042472069693,161.15978623319623,205.10462912580522,206.4668508860259,207.13785339507442,26082.48957601568,26246.446532206082,26107.295934634367,25200.035966218744,521.0195709694113,23.141442343844275,461.86867214852384,0.00207457839942515,0.2147260039530139,17426.27344737228
2023-12-27 03:48:42.212068,0.0,1.0,1.0,1.0,13.164884686470032,1.0,1.0,276311.0,0.03637547335010833,0.031543398222149986,0.03666077555081007,0.03257790177388484,0.046824016925867636,0.037994078363002726,-0.00031156403323014575,-0.00035607318083445233,0.0004641668250163396,-0.0,0.0,0.0,0.0,1.0,0.0,0.0,166.11931617788062,166.7098719220592,164.43972114629588,203.53621986483205,207.72165903787652,207.19789113421706,26531.739302589987,27500.72354679267,26564.27270485339,25894.371110159507,521.6562507516903,23.74870165725444,474.0152720684524,0.0020185547203240913,0.2266003259199812,18118.927565916423
2023-12-27 03:48:42.212068,0.0,1.0,1.0,1.0,13.164884686470032,1.0,1.0,276312.0,0.036015667538814286,0.030791262002078816,0.03673175485356617,0.03224867245309928,0.0465538960920004,0.037994078363002726,-0.0002829510097702344,-0.000327460157374541,0.00048324217398961383,-0.0,0.0,0.0,0.0,1.0,0.0,0.0,169.72533222827636,170.8280883599065,169.53221143632777,203.83804391865328,206.77736534227847,207.13637189579495,27158.042979861686,27918.958199024844,27475.993585905133,26521.49495643756,520.7507817717453,24.36480880727609,486.3393970692832,0.0019634446627646556,0.23878337344252484,17959.865508031246
2023-12-27 03:48:42.212068,0.0,1.0,1.0,1.0,13.164884686470032,1.0,1.0,276313.0,0.03535879172915739,0.03095998250890783,0.036087915690740706,0.032667115729434024,0.0465538960920004,0.037454033534648365,-0.00028613023459911346,-0.0003242809325456619,0.00048324217398961383,-0.0,0.0,0.0,0.0,1.0,0.0,0.0,174.36021245828687,173.59309721220106,173.85034095943502,204.09625128157896,205.5730802874497,205.3925713605957,28440.057929009337,28431.97414490802,28288.9253582035,27369.096238792878,524.3963827076078,24.96797275788328,498.39324961062414,0.0019348898615253354,0.2512683760590334,18474.691275298803
2023-12-27 03:48:42.212068,0.0,1.0,1.0,1.0,13.164884686470032,1.0,1.0,276314.0,0.035211155210738435,0.0316258647634613,0.03557909785889396,0.03251828982682399,0.04638688606098185,0.037454033534648365,-0.0002829510097702344,-0.0003815069794654846,0.00048006294916073483,-0.0,0.0,0.0,0.0,1.0,0.0,0.0,177.6173750963326,176.24187863019608,177.09335466325126,201.53456350138285,202.11044364668206,202.14693585093394,29194.45636859565,28881.936106279856,28916.885720546754,27972.325127901186,522.3475954982349,25.617690868032696,511.3760092605788,0.0019084626032693406,0.2640786033617227,17602.19104729619
2023-12-27 03:48:42.212068,0.0,1.0,1.0,1.0,13.164884686470032,1.0,1.0,276315.0,0.0346143127360612,0.032278013060310994,0.03528505068595369,0.032637404840404415,0.04638688606098185,0.037866194868709485,-0.0002606964359680812,-0.0004069407780965169,0.00049595907330513,-0.0,0.0,0.0,0.0,1.0,0.0,0.0,179.97697917706606,179.69720901732254,179.71375586436824,198.61403158802574,199.09436299484744,200.50264247991657,29600.98206689455,29643.182926147743,29716.428838824082,28619.06619933484,520.0259904170333,26.32653548840488,525.5351774220625,0.001890739376766164,0.2772435249779521,16508.51966328461
2023-12-27 03:48:42.212068,0.0,1.0,1.0,1.0,13.164884686470032,1.0,1.0,276316.0,0.03491400934771429,0.032917243690905706,0.034764483995322934,0.032097906445255474,0.046657973789735886,0.03807060226402176,-0.0002638756607969602,-0.00042283690224091214,0.0004737044995029767,-0.0,0.0,0.0,0.0,1.0,0.0,0.0,182.96702913560756,182.77126682687557,181.23336187590147,195.46972393069882,197.7512736776438,197.81570135230342,30187.144401940324,30644.902692802123,30038.393005268892,29247.5030097372,517.5900181190661,27.030908024341915,539.6029112783957,0.0018779413690584953,0.2907608504321988,16500.785006170765
2023-12-27 03:48:42.212068,0.0,1.0,1.0,1.0,13.164884686470032,1.0,1.0,276317.0,0.035211155210738435,0.03354429515269825,0.034311998537645924,0.03233879467572394,0.04638688606098185,0.038019603443720636,-0.00028613023459911346,-0.0004641668250163396,0.0004705252746740977,-0.0,0.0,0.0,0.0,1.0,0.0,0.0,185.48898577784203,183.79980117191582,184.14242945425735,195.05336401689368,194.80418769880558,194.44743163384896,31261.00998524556,30778.391248379852,30690.24431836722,29860.50802917105,515.3647523326514,27.716447534917656,553.2913263354399,0.001871856704590454,0.3046210775969654,16752.5755099371
2023-12-27 03:48:42.212068,0.0,1.0,1.0,1.0,13.164884686470032,1.0,1.0,276318.0,0.035211155210738435,0.032678997541228945,0.034914009347714284,0.03245856839932655,0.04669953992162284,0.037609123363849604,-0.0002893094594279925,-0.000416478452583154,0.000492779848476251,-0.0,0.0,0.0,0.0,1.0,0.0,0.0,186.65530345968614,186.65683861978573,185.94603743885162,192.3991156959239,192.58883160664413,193.61214753790122,31520.905052150698,31574.003267488384,31542.63847213649,30489.4308536077,513.8963020875855,28.3810510913714,566.5590835385897,0.0018708579280932692,0.31881366878055833,17086.20327896313
2023-12-27 03:48:42.212068,0.0,1.0,1.0,1.0,13.164884686470032,1.0,1.0,276319.0,0.03491400934771429,0.03315377782566107,0.034689479627481534,0.032696799620819436,0.04657473023763586,0.037609123363849604,-0.0002702341104547183,-0.0004387330263853073,0.000492779848476251,-0.0,0.0,0.0,0.0,1.0,0.0,0.0,188.83395098578112,187.3313553146872,188.09822538307645,192.19629181352317,190.9183480845463,190.81525887427716,32615.04650285018,31878.048788418724,32077.18765301752,31126.81054819638,513.5303658240825,28.995139241450246,578.8151304525736,0.0018755805367483174,0.33331328012926925,17991.40304667622
2023-12-27 03:48:42.212068,0.0,1.0,1.0,1.0,13.164884686470032,1.0,1.0,276320.0,0.03498853239802848,0.03203501327008908,0.03557909785889396,0.03308026640118225,0.047298144090872435,0.03763490953305242,-0.00028613023459911346,-0.0004196576774120331,0.0005118551974495252,-0.0,0.0,0.0,0.0,1.0,0.0,0.0,189.01411103354167,190.27839355170565,189.12104777946018,189.3294746684155,190.2345432577489,190.76374550560658,32628.691341329017,33014.39891236376,32895.87876915942,31776.443071438673,512.9502073504487,29.634081437950538,591.5636156757564,0.0018863636546240098,0.34813224747144983,17598.610101349284
2023-12-27 03:48:42.212068,0.0,1.0,1.0,1.0,13.164884686470032,1.0,1.0,276321.0,0.034689479627481534,0.031953602685443394,0.03623197979924952,0.03325575976212062,0.047154349183234995,0.037376247295885894,-0.0002702341104547183,-0.0004069407780965169,0.0005182136471072832,-0.0,0.0,0.0,0.0,1.0,0.0,0.0,190.3386537670772,190.9417602774007,190.4542442577914,189.57578887137518,188.7606737402025,189.1915669638042,33541.096874822935,33401.24074537177,33556.16446972333,32423.683476872124,512.586406580947,30.25962308130482,604.0413205272489,0.0019021074647134636,0.36326378762203143,17872.69612462942
2023-12-27 03:48:42.212068,0.0,1.0,1.0,1.0,13.164884686470032,1.0,1.0,276322.0,0.034764483995322934,0.03219721690590662,0.03594327416403231,0.033021561356871405,0.04738011667246145,0.037402194017022584,-0.0002893094594279925,-0.0004069407780965169,0.000499138298134009,-0.0,0.0,0.0,0.0,1.0,0.0,0.0,192.72631983930708,190.91004566329553,190.5470619147344,189.42586344928708,188.30571998850996,187.4102766143402,34645.84453457027,33994.05224185043,33790.036325084606,33062.84687177186,513.236970768242,30.817653522155048,615.1679413651284,0.0019228087516797502,0.37867405524410735,19127.93264303868
2023-12-27 03:48:42.212068,0.0,1.0,1.0,1.0,13.164884686470032,1.0,1.0,276323.0,0.03513710432917182,0.03203501327008908,0.036160019490282594,0.03233879467572394,0.04721602919545228,0.03758331950258619,-0.00030838480840126675,-0.0003815069794654846,0.0005023175229628881,-0.0,0.0,0.0,0.0,1.0,0.0,0.0,192.33594740508204,192.76692305821962,191.90974806801353,188.60196787784736,188.39884386860388,188.63689465109496,34595.75681411954,34613.605050085855,34523.63566409824,33488.97755121421,511.7666068981334,31.304706053769735,624.886764145224,0.0019283952516546033,0.39432778428532106,20287.814563247935
2023-12-27 03:48:42.212068,0.0,1.0,1.0,1.0,13.164884686470032,1.0,1.0,276324.0,0.03491400934771429,0.03219721690590662,0.03637547335010833,0.03191604715477278,0.04746194767759946,0.037737878014220266,-0.0002829510097702344,-0.00035925240566333133,0.0005086759726206461,-0.0,0.0,0.0,0.0,1.0,0.0,0.0,193.90382489759065,194.67739645376776,192.72125708551357,191.4923595677765,191.8970123662152,191.2758425337059,35320.39630193283,35522.53310286658,35054.795189510914,34187.50368147012,512.0042331867486,31.943211893931633,637.6248300541391,0.0019400175358210141,0.4103006083109197,17797.85612940605
2023-12-27 03:48:42.212068,0.0,1.0,1.0,1.0,13.164884686470032,1.0,1.0,276325.0,0.03483932688925939,0.03187198415448224,0.03666077555081007,0.032097906445255474,0.04744150315902107,0.037272279786298136,-0.00030838480840126675,-0.00032110170771678287,0.0005182136471072832,-0.0,0.0,0.0,0.0,1.0,0.0,0.0,194.67216803883318,195.44057312331702,195.39690727541068,194.01853827185928,193.41403946647495,195.25008117089095,35848.787635150526,35866.69936598325,36258.01259741733,34857.70348887687,513.608796426564,32.46799027016309,648.0935513976833,0.001950003672913354,0.4265356790934071,19895.31079322508
2023-12-27 03:48:42.212068,0.0,1.0,1.0,1.0,13.164884686470032,1.0,1.0,276326.0,0.03491400934771429,0.031543398222149986,0.0372248206049638,0.032368779656366614,0.04772692947467245,0.03693236413687755,-0.0003147432580590248,-0.00032110170771678287,0.0005277513215939204,-0.0,0.0,0.0,0.0,1.0,0.0,0.0,196.77039531917902,196.82101447775614,196.03333966847237,197.0354258532945,196.8716731007444,196.86048151445456,36783.5743369,36718.588324284654,36590.96386332168,35542.36548676764,514.9161659165325,33.022020946660234,659.1453363670234,0.0019609377758451558,0.4430476026710861,19546.70964909293
2023-12-27 03:48:42.212068,0.0,1.0,1.0,1.0,13.164884686470032,1.0,1.0,276327.0,0.034764483995322934,0.031043998898136284,0.037503662109374995,0.03212811624624381,0.048010658943335796,0.03669519345179801,-0.00026705488562583923,-0.0002956679090857506,0.0005118551974495252,-0.0,0.0,0.0,0.0,1.0,0.0,0.0,197.28283640284857,198.81277928812406,197.9970067700598,198.59888560857382,199.13239829881306,200.0932330414269,37088.488265748,37474.498790335485,37534.11597490156,36188.999554753565,514.3427728194357,33.66048490323505,671.8855754247846,0.001966879924224073,0.45987867567162616,18147.801184919037
2023-12-27 03:48:42.212068,0.0,1.0,1.0,1.0,13.164884686470032,1.0,1.0,276328.0,0.03483932688925939,0.031871984154482245,0.037849325288467295,0.03233879467572394,0.0477675654373124,0.037011083297172835,-0.00027659256011247635,-0.00032110170771678287,0.0005500058953960737,-0.0,0.0,0.0,0.0,1.0,0.0,0.0,199.31288086981874,199.61001727008468,199.5349158942253,201.7269825178417,201.30775780854444,202.12515651958884,38039.477779269866,37958.6139382972,38150.19943884022,36850.98244460871,514.562583554402,34.26181610787255,683.883694769119,0.001973957515960493,0.477010307621398,18867.241875308406
2023-12-27 03:48:42.212068,0.0,1.0,1.0,1.0,13.164884686470032,1.0,1.0,276329.0,0.034689479627481534,0.03129469474997817,0.03812359934915173,0.032667115729434024,0.048051054961372845,0.03685347683255371,-0.0002638756607969602,-0.0002956679090857506,0.0005468266705671946,-0.0,0.0,0.0,0.0,1.0,0.0,0.0,201.46380813496324,201.384570831579,200.0574333514628,204.14767003773287,204.3871670782359,203.55703869240185,38883.838889906685,38863.77506213174,38428.45517057859,37505.36147423906,514.5450748430019,34.87160357936904,696.0514010821844,0.0019796487162598857,0.4944467467596184,18797.918693610314
2023-12-27 03:48:42.212068,0.0,1.0,1.0,1.0,13.164884686470032,1.0,1.0,276330.0,0.03415983814915112,0.03179015607555206,0.037503662109374995,0.032637404840404415,0.04782845464678186,0.037194113437165596,-0.00023526263733704886,-0.00027659256011247635,0.0005500058953960737,-0.0,0.0,0.0,0.0,1.0,0.0,0.0,203.28074808299894,202.83075642727064,201.1265283722139,206.85796767715368,206.86137183725396,205.70579099153605,39726.49498360927,39588.13779865497,39009.86030051496,38199.33181998376,514.2686746906672,35.53622089687786,709.311624195057,0.0019878221527829835,0.5122153611838987,17935.695126700273
2023-12-27 03:48:42.212068,0.0,1.0,1.0,1.0,13.164884686470032,1.0,1.0,276331.0,0.03438782625120442,0.03146071551579091,0.03736450147322929,0.032637404840404415,0.04764555357664794,0.037298298832947746,-0.00022890418767929077,-0.00028613023459911346,0.0005500058953960737,-0.0,0.0,0.0,0.0,1.0,0.0,0.0,204.15639196143,203.95626599538804,203.32687723568878,208.9933986204151,208.26479692609487,208.20843059828425,40279.97911349129,40015.835208151824,39931.18282714745,38813.5187038296,514.4919281019386,36.09208082136845,720.403530911793,0.0019922452278292443,0.5302618334734062,19866.69194750233
2023-12-27 03:48:42.212068,0.0,1.0,1.0,1.0,13.164884686470032,1.0,1.0,276332.0,0.03446348712650292,0.031543398222149986,0.03771144022072074,0.03254810944778678,0.04742104982624936,0.037298298832947746,-0.00021618728836377463,-0.0002606964359680812,0.0005500058953960737,-0.0,0.0,0.0,0.0,1.0,0.0,0.0,204.77651785104013,206.21763032095947,204.83527008797154,210.19485836656895,210.7625771614694,210.9247824329145,40572.767196778266,40939.85133855898,40734.60208123167,39465.71026709225,514.8838612401859,36.670785958167905,731.9510294819934,0.0019970797503981756,0.5485975764341672,19582.011967238428
2023-12-27 03:48:42.212068,0.0,1.0,1.0,1.0,13.164884686470032,1.0,1.0,276333.0,0.03438782625120442,0.03179015607555205,0.03736450147322929,0.032667115729434024,0.04752322846190624,0.037194113437165596,-0.0001971119393905004,-0.00030838480840126675,0.0005468266705671946,-0.0,0.0,0.0,0.0,1.0,0.0,0.0,207.030494258341,207.3998860225841,205.60773946735452,212.68434098826714,213.24456481597988,211.99213615598447,41515.874331298866,41625.895465552094,41025.48170366788,40085.40744606386,514.4576024289042,37.277608508780624,744.0602347916968,0.002001114668560689,0.5672366611036965,19159.229379710567
2023-12-27 03:48:42.212068,0.0,1.0,1.0,1.0,13.164884686470032,1.0,1.0,276334.0,0.03446348712650292,0.03203501327008908,0.03819186010094625,0.032933307582966455,0.04703074648261243,0.036800791349100206,-0.00021936651319265366,-0.0003147432580590248,0.0005722604691982269,-0.0,0.0,0.0,0.0,1.0,0.0,0.0,208.04022237930002,208.40178674646046,207.72588401904815,214.93240896892277,214.74143712797408,214.77074845801792,42134.66634469112,42085.97056246343,42007.76486113668,40751.3092665221,514.2853656959044,37.90980846736747,756.6739487277466,0.002007687035550717,0.5861917256778866,18807.075684284733
2023-12-27 03:48:42.212068,0.0,1.0,1.0,1.0,13.164884686470032,1.0,1.0,276335.0,0.03446348712650292,0.03211621748977284,0.03819186010094625,0.03308026640118225,0.04701011443666117,0.036879791349889106,-0.00018439504007498422,-0.0003401770566900571,0.0005690812443693479,-0.0,0.0,0.0,0.0,1.0,0.0,0.0,210.1501163495618,210.01655866500002,208.10727269497005,217.09986613825433,217.4052499411516,215.5663444133897,43011.39294399156,42952.25766861249,42185.72894552166,41371.84336514514,514.2623655506842,38.48895407969637,768.2304384847153,0.00201180201728215,0.6054362861570997,19786.56725382035
2023-12-27 03:48:42.212068,0.0,1.0,1.0,1.0,13.164884686470032,1.0,1.0,276336.0,0.034083503219894985,0.032599195230312655,0.037849325288467295,0.033284918697807614,0.04692749554251591,0.03695862248654165,-0.00016849891593058905,-0.0003497147311766942,0.000578618918855985,-0.0,0.0,0.0,0.0,1.0,0.0,0.0,210.89295535760365,210.6493566821307,210.6947086489576,219.1756242732118,218.1889727401815,218.2999789248892,43580.25596330508,43182.255791250835,43299.021618305414,41989.69184452465,513.5507188194057,39.11806308199335,780.7836816575416,0.0020164341713681108,0.6249953117178139,18983.556393371025
2023-12-27 03:48:42.212068,0.0,1.0,1.0,1.0,13.164884686470032,1.0,1.0,276337.0,0.03346655624135426,0.03251919708462113,0.03825999906698716,0.03348832035600082,0.047092588385043224,0.03708963538404783,-0.0001971119393905004,-0.00037514852980772656,0.0006104111671447754,-0.0,0.0,0.0,0.0,1.0,0.0,0.0,212.41859168954315,211.7555674165041,211.9385356823352,221.27195254081343,219.7740134953222,220.03621273708865,44301.92582200607,43707.73903741322,43895.196662899696,42585.01870483208,512.8700910508442,39.72547859903228,792.9044426803518,0.0020202768561895716,0.6448579684637459,19396.10943570235
2023-12-27 03:48:42.212068,0.0,1.0,1.0,1.0,13.164884686470032,1.0,1.0,276338.0,0.03346655624135426,0.032278013060311,0.03791807979615816,0.033459338679991214,0.047113184313596235,0.037402194017022584,-0.0001971119393905004,-0.0003624316304922104,0.0005659020195404688,-0.0,0.0,0.0,0.0,1.0,0.0,0.0,213.25788784437842,214.27998123833626,212.32126785718947,222.185758983614,223.00785831118574,222.1124027964867,44615.969028990694,44951.458301287654,44374.75815203875,43243.75666430996,512.9539349176641,40.33369087588525,805.0380935776716,0.0020277389751744684,0.6650245792927623,19482.691365755803
2023-12-27 03:48:42.212068,0.0,1.0,1.0,1.0,13.164884686470032,1.0,1.0,276339.0,0.03315377782566107,0.03219721690590662,0.0377804456585229,0.03319736505550277,0.04688613150138626,0.03781492037685014,-0.0001971119393905004,-0.0003815069794654846,0.0005722604691982269,-0.0,0.0,0.0,0.0,1.0,0.0,0.0,214.72832739679583,214.5956849390063,214.1537569326237,224.884560272888,224.15773259023422,223.94604910256962,45515.19363390863,45206.15364489968,45154.226266392754,43868.94328024871,512.0703418192818,40.98767111097403,818.0859465280596,0.002034118609601233,0.6855180454280106,18746.971593593942
2023-12-27 03:48:42.212068,0.0,1.0,1.0,1.0,13.164884686470032,1.0,1.0,276340.0,0.03338863633064579,0.03203501327008908,0.03812359934915173,0.033284918697807614,0.04696882315558284,0.03781492037685014,-0.00021300806353489557,-0.0003815069794654846,0.0005722604691982269,-0.0,0.0,0.0,0.0,1.0,0.0,0.0,215.30446146990272,215.75772540355447,215.95080071284087,226.43417904554283,225.50850604343947,226.46589674699925,45947.797138192844,45724.30280551047,46087.011585395994,44478.04332213528,511.69142809203424,41.58778472239422,830.058906419679,0.002040007708431376,0.7063114402554935,19730.841848947173
2023-12-27 03:48:42.212068,0.0,1.0,1.0,1.0,13.164884686470032,1.0,1.0,276341.0,0.033232248415490995,0.03211621748977284,0.03839591423416135,0.03331405211143558,0.04731865054927827,0.037917400023770684,-0.00020982883870601654,-0.0003815069794654846,0.0005690812443693479,-0.0,0.0,0.0,0.0,1.0,0.0,0.0,217.4622130885724,216.4276722807304,216.46847581945545,228.93432292692037,227.49266990186206,227.12874997050113,46977.6979312886,46279.8399211336,46293.10031459813,45057.338553551715,510.40821818359274,42.23558526825216,842.983858553393,0.0020454869995004763,0.7274286116616795,18938.270436072267
2023-12-27 03:48:42.212068,0.0,1.0,1.0,1.0,13.164884686470032,1.0,1.0,276342.0,0.03354429515269825,0.03195360268544339,0.03825999906698716,0.033546208593426816,0.047625187876390015,0.037712162251088005,-0.00021936651319265366,-0.000416478452583154,0.0005563643450538317,-0.0,0.0,0.0,0.0,1.0,0.0,0.0,217.83557909926836,217.95560083033786,217.76563486287293,230.23875627730536,229.3554491724987,229.6316352017077,47299.724499556236,47010.7062055672,47128.88489014019,45668.34499999433,509.804494914133,42.85935049966874,855.4270810185019,0.002053144709795134,0.7488574920750722,19410.06274690456
2023-12-27 03:48:42.212068,0.0,1.0,1.0,1.0,13.164884686470032,1.0,1.0,276343.0,0.033466556241354264,0.03219721690590662,0.0387336156723732,0.03389146168814632,0.04780816686022888,0.03789180609576248,-0.00022254573802153269,-0.0004069407780965169,0.0005659020195404688,-0.0,0.0,0.0,0.0,1.0,0.0,0.0,219.33731586712474,218.29785016323353,218.94410748417644,233.16992122087564,230.61242578022464,231.31042058265098,48270.85385829477,47317.98599967161,47771.38761919794,46290.05894679933,509.03484615497314,43.50890166264069,868.3835795974634,0.002062168414712233,0.7706109393215541,19028.990205889793
2023-12-27 03:48:42.212068,0.0,1.0,1.0,1.0,13.164884686470032,1.0,1.0,276344.0,0.03438782625120442,0.03243900165530412,0.038395914234161346,0.03386282504451316,0.047950001106172695,0.037994078363002726,-0.00022890418767929077,-0.0004037615532676379,0.0005531851202249527,-0.0,0.0,0.0,0.0,1.0,0.0,0.0,220.32418857368552,219.80610928102746,219.43317145310104,234.6811092240658,233.20930468959403,232.71153944673014,48835.98043961076,48229.62376464852,48167.54345100088,46896.36710065248,508.6985709510001,44.10828793566477,880.3392496072007,0.002070482886072135,0.7926638821399972,19962.139895670494
2023-12-27 03:48:42.212068,0.0,1.0,1.0,1.0,13.164884686470032,1.0,1.0,276345.0,0.034988532398028474,0.032678997541228945,0.03853134997827471,0.03348832035600082,0.048493190252901316,0.037994078363002726,-0.000247979536652565,-0.00041012000292539597,0.0005500058953960737,-0.0,0.0,0.0,0.0,1.0,0.0,0.0,220.36245627084253,221.18364945767738,220.5681174016765,235.6142897611567,235.10845990336674,235.357275780263,49016.446284267055,48978.14507536804,49014.32025726086,47471.39859849219,507.78485011713303,44.72989976832743,892.7372772968181,0.002079948847826347,0.8150274018136953,19630.639899713897
2023-12-27 03:48:42.212068,0.0,1.0,1.0,1.0,13.164884686470032,1.0,1.0,276346.0,0.035211155210738435,0.03243900165530412,0.03920151065334563,0.03325575976212062,0.048212300565427614,0.03819780142317421,-0.00027659256011247635,-0.0004069407780965169,0.0005722604691982269,-0.0,0.0,0.0,0.0,1.0,0.0,0.0,221.08421720021613,222.28768597871905,221.3315999051212,237.44480048071426,236.8459593003159,237.73271360528247,49546.423213152564,49624.64670120747,49720.79000642227,48081.102417798895,507.0994805895455,45.36610391513155,905.4253153882806,0.002090506733726655,0.8377087632496845,19448.831579819645
2023-12-27 03:48:42.212068,0.0,1.0,1.0,1.0,13.164884686470032,1.0,1.0,276347.0,0.03594327416403231,0.03251919708462113,0.039334172659096146,0.033661686417184034,0.04835294937599575,0.038096076072334804,-0.0002638756607969602,-0.00037514852980772656,0.000578618918855985,-0.0,0.0,0.0,0.0,1.0,0.0,0.0,222.56118204155575,222.6219183967083,221.725087530316,240.3186200069661,238.93890734562999,239.06946790820373,50546.778918694414,50158.65588493114,50097.828859294015,48700.497040273534,506.79405741630694,45.97882528477323,917.6419559266544,0.002103739881161031,0.8606961577011805,19941.946959881003
2023-12-27 03:48:42.212068,0.0,1.0,1.0,1.0,13.164884686470032,1.0,1.0,276348.0,0.035798048219973906,0.03251919708462113,0.03880080326089555,0.03397722680635423,0.04837300867964892,0.03784056630748671,-0.0002606964359680812,-0.00035925240566333133,0.000584977368513743,-0.0,0.0,0.0,0.0,1.0,0.0,0.0,223.33540531942938,222.6179256622316,222.9819966338502,242.93329886190864,239.97406441166578,241.13851564849728,51327.03579087083,50358.59809925,50875.400130170514,49270.131045400456,505.8265210617458,46.60616042053263,930.1510983885781,0.002115718184334361,0.8839969124890964,19740.87276862429
2023-12-27 03:48:42.212068,0.0,1.0,1.0,1.0,13.164884686470032,1.0,1.0,276349.0,0.036087915690740706,0.032599195230312655,0.0394003361586065,0.03389146168814632,0.048593114509393145,0.037737878014220266,-0.00026705488562583923,-0.0003401770566900571,0.0005913358181715012,-0.0,0.0,0.0,0.0,1.0,0.0,0.0,223.19869437367998,223.9303883626436,223.4928539421603,244.1830793611631,242.26494518385755,243.56635677665022,51543.27195390787,51197.31070706759,51547.09477054801,49829.75572399175,504.808671357352,47.231209263898464,942.6128020199014,0.0021292946860934463,0.9076098392467666,19828.745744136646
2023-12-27 03:48:42.212068,0.0,1.0,1.0,1.0,13.164884686470032,1.0,1.0,276350.0,0.03572521386533562,0.03203501327008908,0.03920151065334563,0.03377676944149575,0.04861307471336057,0.037531658557888314,-0.00023526263733704886,-0.0003719693049788475,0.0005945150430003802,-0.0,0.0,0.0,0.0,1.0,0.0,0.0,224.3606292736921,224.1809824089167,223.6585525197718,246.7457764749752,244.3392762553703,245.17686213000385,52394.3427563514,51718.197787492194,51931.84448736272,50399.07270536014,504.1045093974558,47.83826379671241,954.7141196447752,0.0021438448290989312,0.9315259101227166,20205.7363993758
2023-12-27 03:48:42.212068,0.0,1.0,1.0,1.0,13.164884686470032,1.0,1.0,276351.0,0.03543237930455047,0.03211621748977284,0.03920151065334563,0.03394866250806731,0.048010658943335796,0.037194113437165596,-0.0002384418621659279,-0.00037514852980772656,0.0006072319423158964,-0.0,0.0,0.0,0.0,1.0,0.0,0.0,224.01604999549127,225.12271758266476,224.34782810190325,248.30594351047637,246.66206302094673,248.2878695270284,52627.353293270826,52480.41236915508,52812.31696609003,51007.26410848576,503.85006123660037,48.44087623060949,966.7230997096823,0.002161836310037621,0.9557428120144339,20385.6545539984
2023-12-27 03:48:42.212068,0.0,1.0,1.0,1.0,13.164884686470032,1.0,1.0,276352.0,0.0346143127360612,0.031953602685443394,0.03920151065334563,0.033546208593426816,0.047990448183045,0.037428122750824445,-0.0002384418621659279,-0.0003624316304922104,0.0006104111671447754,-0.0,0.0,0.0,0.0,1.0,0.0,0.0,225.46624336853586,225.19779805771546,224.04634863239687,251.1287544586708,249.3115307183369,249.37048665698913,53652.257092749394,53089.73138021801,52933.02138546463,51576.112877006606,502.87872021454285,49.07652845579244,979.3924037595939,0.002178399148771313,0.9802770863712399,19876.589463589236
2023-12-27 03:48:42.212068,0.0,1.0,1.0,1.0,13.164884686470032,1.0,1.0,276353.0,0.03438782625120442,0.03187198415448224,0.03900167157440238,0.03325575976212062,0.04772692947467245,0.037531658557888314,-0.00024480031182368595,-0.0003465355063478152,0.0006104111671447754,-0.0,0.0,0.0,0.0,1.0,0.0,0.0,225.6856548637257,225.64290050765445,224.135164659702,253.23729935203193,251.86835513645028,251.57613701296307,54171.06629290817,53783.19565020294,53438.61758905816,52133.14910890037,501.926108528666,49.701666654987264,991.848987965661,0.002197456625798102,1.005123404453612,20119.90306132839
2023-12-27 03:48:42.212068,0.0,1.0,1.0,1.0,13.164884686470032,1.0,1.0,276354.0,0.03346655624135426,0.03129469474997816,0.03900167157440238,0.03319736505550277,0.0477675654373124,0.037609123363849604,-0.00021618728836377463,-0.00035607318083445233,0.0006263072912891706,-0.0,0.0,0.0,0.0,1.0,0.0,0.0,225.2486591356349,225.31606538951024,225.49875697405275,255.91643268036134,252.89007020778516,255.1482298840555,54623.266719334555,53885.379565801304,54614.75139480346,52693.954704130854,501.4612569888538,50.28390219097489,1003.447813206746,0.002217638762681599,1.0302602789662658,20948.48462173142
2023-12-27 03:48:42.212068,0.0,1.0,1.0,1.0,13.164884686470032,1.0,1.0,276355.0,0.03299627680272548,0.030536433383318334,0.03893483061427054,0.03363285413230715,0.04758443032688194,0.037168021456797505,-0.00021618728836377463,-0.00031792248288790387,0.0006326657409469286,-0.0,0.0,0.0,0.0,1.0,0.0,0.0,225.86417175782037,225.80165079126158,224.97194342584342,258.77098892037907,256.3569511664848,257.149179181514,55416.395052369815,54757.158551864864,54889.53959162561,53322.32997364916,501.09343342454446,50.92207245115106,1016.159282050697,0.002240842587969402,1.0557155821933943,20096.295606283056
2023-12-27 03:48:42.212068,0.0,1.0,1.0,1.0,13.164884686470032,1.0,1.0,276356.0,0.03299627680272548,0.030536433383318337,0.038867874708122786,0.03397722680635423,0.04738011667246145,0.036827143512412015,-0.00021618728836377463,-0.00031156403323014575,0.0006040527174870173,-0.0,0.0,0.0,0.0,1.0,0.0,0.0,226.49431456304308,225.32298488391825,224.94120310001628,262.0847870192762,258.73208274379493,258.932874548065,56329.745648819786,55125.68272410183,55255.52452058521,53856.20547167805,499.8757550059943,51.558348080702864,1028.8334128412637,0.002263017396465997,1.0814883787979028,20178.79751565493
2023-12-27 03:48:42.212068,0.0,1.0,1.0,1.0,13.164884686470032,1.0,1.0,276357.0,0.03243900165530412,0.03095998250890783,0.03839591423416135,0.03394866250806731,0.046761819842501766,0.036800791349100206,-0.00021618728836377463,-0.0003242809325456619,0.0005976942678292593,-0.0,0.0,0.0,0.0,1.0,0.0,0.0,225.86780526231922,226.22312215272413,224.69425488776915,263.39948729716735,262.05217964025286,262.0452556340868,56414.95080079142,56117.992729335914,55853.11236022993,54398.72332499176,498.95008011931526,52.175548578016425,1041.1252820711588,0.002286214092797065,1.107569092934635,20579.781281136733
2023-12-27 03:48:42.212068,0.0,1.0,1.0,1.0,13.164884686470032,1.0,1.0,276358.0,0.03251919708462113,0.0301069262894072,0.03880080326089555,0.033690494027434716,0.04692749554251591,0.037011083297172835,-0.0002384418621659279,-0.00031156403323014575,0.0006135903919736544,-0.0,0.0,0.0,0.0,1.0,0.0,0.0,226.02295188948193,225.7224180009922,224.96806267441153,266.73789239677166,264.41859598972707,264.550151201175,57181.56723956573,56444.6870936927,56442.78955862649,54943.12684266885,497.9921250946285,52.80034446818188,1053.5672897567354,0.0023102118286105755,1.133961485647733,20520.68005181112
2023-12-27 03:48:42.212068,0.0,1.0,1.0,1.0,13.164884686470032,1.0,1.0,276359.0,0.03211621748977284,0.0301933164993746,0.03819186010094625,0.03377676944149575,0.046657973789735886,0.03732429974153103,-0.00024162108699480692,-0.00033381860703229904,0.0006263072912891706,-0.0,0.0,0.0,0.0,1.0,0.0,0.0,226.08976446453218,226.1319915394359,224.37227689803933,269.38400258594544,268.4006943390934,267.5113810670009,57741.858287284194,57415.71047342153,56870.17491739115,55576.51634081362,497.7481838438951,53.436717593740944,1066.2352067858542,0.002338415607751874,1.1606712160803483,20451.88977039847
2023-12-27 03:48:42.212068,0.0,1.0,1.0,1.0,13.164884686470032,1.0,1.0,276360.0,0.03211621748977284,0.03027946023077384,0.03839591423416135,0.03380547898296581,0.046051048984947086,0.037272279786298136,-0.0002638756607969602,-0.0003147432580590248,0.0006422034154335657,-0.0,0.0,0.0,0.0,1.0,0.0,0.0,225.59859075515593,225.78704630140237,224.66994761351336,272.1788634211987,270.7790432475069,270.7782537781483,58197.26529907868,57813.68176258805,57654.96218805015,56106.34262952869,496.63556141563106,54.06845152175095,1078.8114016052784,0.002365176695241224,1.1876959865448038,20598.345082267984
2023-12-27 03:48:42.212068,0.0,1.0,1.0,1.0,13.164884686470032,1.0,1.0,276361.0,0.03243900165530412,0.029846255354549493,0.03839591423416135,0.03357511528435138,0.04611420473894506,0.037866194868709485,-0.00028613023459911346,-0.0002734133352835973,0.0006485618650913239,-0.0,0.0,0.0,0.0,1.0,0.0,0.0,225.54107903797905,224.55650111695326,224.4540956474976,271.8452671113903,269.2309344297717,269.37564191109317,58126.356366161795,57099.08129220478,57267.05059880703,55726.366130382106,487.2980238346657,54.73100220793927,1092.0372580712465,0.002359527492047409,1.2150520713934572,19502.563455864438
2023-12-27 03:48:42.212068,0.0,1.0,1.0,1.0,13.164884686470032,1.0,1.0,276362.0,0.03283802036619844,0.02975885764026177,0.03846369171715947,0.034005767111097776,0.045436017728937364,0.03796853612256087,-0.0002924886842568715,-0.0002638756607969602,0.0006517410899202029,-0.0,0.0,0.0,0.0,1.0,0.0,0.0,224.85832514207766,223.9217232627638,223.79846527579812,267.27252434052997,264.5660605925924,264.89100402975896,56777.59348298848,55774.137729660135,55979.45323579209,54440.76604075175,470.8167235495784,55.33774875954073,1104.1897945899068,0.0023177493288119026,1.2427125834195478,19372.474840637973
2023-12-27 03:48:42.212068,0.0,1.0,1.0,1.0,13.164884686470032,1.0,1.0,276363.0,0.03315377782566107,0.0290502117542799,0.03805521615625162,0.034204882463775475,0.04547870070474612,0.038019603443720636,-0.000327460157374541,-0.00022572496285041174,0.0006422034154335657,-0.0,0.0,0.0,0.0,1.0,0.0,0.0,223.46458063137197,224.07131436735284,222.97956834533818,259.9098741117704,258.50340259476195,258.92798590819217,54529.16391270464,54263.85578309679,54245.36828014312,52656.325930671344,451.1334302404474,55.855643993723206,1114.5945738214436,0.00225429864643892,1.2706337404203274,19572.512591515726
2023-12-27 03:48:42.212068,0.0,1.0,1.0,1.0,13.164884686470032,1.0,1.0,276364.0,0.03400699694334953,0.029583287626329672,0.03825999906698716,0.03457162570793951,0.04569151749974712,0.03807060226402176,-0.00036561085532108944,-0.0001971119393905004,0.0006358449657758077,-0.0,0.0,0.0,0.0,1.0,0.0,0.0,222.76554080704287,223.2537542424714,221.8968091867282,251.7957650476835,250.87381013430817,250.37253468699143,52329.61423960118,52099.700626997175,51806.98762423534,50445.68407699799,428.56734512404483,56.323795321916734,1124.0259067590675,0.0021749241730464105,1.2987911570744939,18859.524778591935
2023-12-27 03:48:42.212068,0.0,1.0,1.0,1.0,13.164884686470032,1.0,1.0,276365.0,0.03438782625120443,0.02975885764026177,0.03805521615625162,0.03462770299655218,0.04539329461866308,0.03885252466729271,-0.00035925240566333133,-0.00020347038904825845,0.0006485618650913239,-0.0,0.0,0.0,0.0,1.0,0.0,0.0,222.01052278516158,221.37912339464128,221.70601396067707,242.97635888196012,240.57358464353487,241.16293550152787,49959.95988933274,49115.56371530474,49473.464577180646,47946.48576468525,404.62289171848886,56.696112063283536,1131.5603298061494,0.0020829571672261534,1.327137314831254,18829.071751853746
2023-12-27 03:48:42.212068,0.0,1.0,1.0,1.0,13.164884686470032,1.0,1.0,276366.0,0.03385346569900588,0.02913973496111641,0.0377804456585229,0.03468368961839258,0.04560650995170063,0.03887748613769119,-0.00035289395600557327,-0.0001812158152461052,0.00066127876440684,0.0,0.0,0.0,0.0,1.0,0.0,0.0,220.88316408844437,221.14658895258503,220.21637799574629,231.88583679237158,231.3074880583402,231.1756504393827,47039.834185884494,46868.981602937194,46710.66507952827,45367.80353361388,380.7737704088102,57.00139943551021,1137.7637984640246,0.0019860830335764,1.3556388726109587,18285.639885269073
2023-12-27 03:48:42.212068,0.0,1.0,1.0,1.0,13.164884686470032,1.0,1.0,276367.0,0.03415983814915112,0.02913973496111641,0.03791807979615816,0.03468368961839258,0.045733962021207636,0.03867734330943779,-0.00033381860703229904,-0.00017167814075946808,0.000658099539577961,0.0,0.0,0.0,0.0,1.0,0.0,0.0,220.3461264702145,219.82666476465965,219.0682686919489,221.87046022316702,220.1027009181233,219.87601901494227,44621.35155864294,44000.02385764591,43932.48424851416,42744.93905504466,357.26772237628995,57.23377152183753,1142.5160320987877,0.001886472165423317,1.3842594762433325,17853.706248656796
2023-12-27 03:48:42.212068,0.0,1.0,1.0,1.0,13.164884686470032,1.0,1.0,276368.0,0.0346143127360612,0.029671202493626005,0.03764230828317235,0.03468368961839258,0.04545736422658152,0.03845093740342454,-0.0003242809325456619,-0.0001971119393905004,0.0006422034154335657,0.0,0.0,0.0,0.0,1.0,0.0,0.0,218.4743778793404,219.46785642493546,217.86142655299372,208.58388807160097,208.72181959087828,208.3685165421401,41389.75837125042,41521.28718607525,41212.770903760145,40004.2483218584,333.46564388172106,57.381387657472644,1145.5825777406433,0.001782089534865949,1.4129568983927951,17586.357632496234
2023-12-27 03:48:42.212068,0.0,1.0,1.0,1.0,13.164884686470032,1.0,1.0,276369.0,0.0346143127360612,0.029671202493626005,0.037503662109375,0.034878935091133,0.045585233295561696,0.037712162251088005,-0.00032110170771678287,-0.0002066496138771375,0.0006167696168025335,-0.0,0.0,0.0,0.0,1.0,0.0,0.0,217.26899011298462,217.33067630590264,217.58703888196925,195.64287905726798,193.72584243737717,195.04154339229643,38580.110151677705,38089.12159018426,38550.40416228915,37109.537210288574,309.13377173974715,57.41245005518609,1146.3321363365608,0.0016693807399950785,1.4416730973636505,17814.518693911483
2023-12-27 03:48:42.212068,0.0,1.0,1.0,1.0,13.164884686470032,1.0,1.0,276370.0,0.03483932688925939,0.0301069262894072,0.037780445658522906,0.03534861318744721,0.0456702804465433,0.03768642894051657,-0.00032110170771678287,-0.00021300806353489557,0.000584977368513743,-0.0,0.0,0.0,0.0,1.0,0.0,0.0,216.96205609921168,216.00471586131073,215.71349162085627,181.4232312580969,179.97915037045783,179.21124687496854,35932.780955353934,35295.20177293549,35223.998712103275,34258.51096921881,285.35135609548416,57.41245005518609,1146.4626848090975,0.0015556872184582244,1.4703925666396764,16574.506939134488
2023-12-27 03:48:42.212068,0.0,1.0,1.0,1.0,13.164884686470032,1.0,1.0,276371.0,0.034764483995322934,0.0301069262894072,0.03701431097784901,0.03545822155341263,0.0457763671875,0.037272279786298136,-0.0003052055835723877,-0.0002702341104547183,0.0005627227947115898,-0.0,0.0,0.0,0.0,1.0,0.0,0.0,215.66528502687135,215.9401327559202,214.38354606989037,170.69855789830942,171.10269080774688,169.9889919388713,33652.60691205677,33660.941652590496,33224.19502398845,32332.604754790063,269.3200754706578,57.405858237784386,1146.4189279098875,0.0014791494264975353,1.4991109397832776,15525.72043006721
2023-12-27 03:48:42.212068,0.0,1.0,1.0,1.0,13.164884686470032,1.0,1.0,276372.0,0.03438782625120442,0.03070655410568002,0.03736450147322929,0.035730771463385984,0.04621927255511767,0.037272279786298136,-0.00030202635874350864,-0.00028613023459911346,0.000584977368513743,-0.0,0.0,0.0,0.0,1.0,0.0,0.0,214.1134528223492,215.13901504773438,214.13093536411995,165.769807296568,165.70337568503058,165.9487031068585,32383.539490717038,32449.923428750466,32420.58451542167,31263.373370449935,260.52979494700304,57.37810440801923,1145.9081854296464,0.0014412315880784404,1.527816518569798,15310.359694176203
2023-12-27 03:48:42.212068,0.0,1.0,1.0,1.0,13.164884686470032,1.0,1.0,276373.0,0.03453898225996591,0.030875737502386414,0.03771144022072074,0.03583921107981937,0.046051048984947086,0.037194113437165596,-0.0002924886842568715,-0.00029884713391462964,0.0005722604691982269,-0.0,0.0,0.0,0.0,1.0,0.0,0.0,213.570933251553,213.50554863211053,213.76240611678483,163.97724593678228,162.79803712279158,163.3250801878666,31953.776163130507,31555.20760787571,31833.36628266356,30642.063093886198,255.423360320517,57.36109871092679,1145.5888298876139,0.00142356437343719,1.5565140973387,14739.558845475432
2023-12-27 03:48:42.212068,0.0,1.0,1.0,1.0,13.164884686470032,1.0,1.0,276374.0,0.03385346569900589,0.030875737502386414,0.03729472643293346,0.03578503234728569,0.04615626056596123,0.0370372858373025,-0.0002702341104547183,-0.00033063938220342,0.0005245720967650414,-0.0,0.0,0.0,0.0,1.0,0.0,0.0,213.56081198356117,212.66177390882189,212.29635603239495,163.46014041242898,162.68644776349683,161.9481599395478,31862.467834196348,31390.59182864058,31268.1319669642,30376.943322878993,253.39654668570336,57.31952165888337,1144.7608301912128,0.0014215078382480528,1.5851909342970252,15070.90594872073
2023-12-27 03:48:42.212068,0.0,1.0,1.0,1.0,13.164884686470032,1.0,1.0,276375.0,0.033930318160450196,0.031377814935554686,0.03743414645719283,0.03545822155341263,0.04619827810817705,0.03653622435723464,-0.00026705488562583923,-0.00035925240566333133,0.0005213928719361623,-0.0,0.0,0.0,0.0,1.0,0.0,0.0,212.47226344986916,212.72668350907585,211.05630148738754,163.36423137901917,163.6472375609993,162.53457314801966,31647.67073088154,31622.782859372655,31188.32473936819,30360.198437156927,253.44397385649336,57.27774970842241,1143.9156941076892,0.0014310094837035772,1.613846600169622,15084.718223840375
2023-12-27 03:48:42.212068,0.0,1.0,1.0,1.0,13.164884686470032,1.0,1.0,276376.0,0.03498853239802848,0.03129469474997816,0.03791807979615816,0.03501772965099794,0.046051048984947086,0.036721621394332,-0.00026705488562583923,-0.0003624316304922104,0.0005277513215939204,-0.0,0.0,0.0,0.0,1.0,0.0,0.0,211.00635902628935,211.94311826441415,210.93148234314577,163.94559832159436,163.88283699467382,163.9088703702923,31525.17156678891,31557.858870940174,31496.67993612877,30403.844742667516,253.92253945652072,57.25273332483972,1143.4011782059956,0.0014440256340403053,1.6424893771590245,14798.652690823255
2023-12-27 03:48:42.212068,0.0,1.0,1.0,1.0,13.164884686470032,1.0,1.0,276377.0,0.034839326889259385,0.03146071551579091,0.03812359934915173,0.034711649066398086,0.046135237444594614,0.03693236413687755,-0.0002893094594279925,-0.0003719693049788475,0.0005277513215939204,-0.0,0.0,0.0,0.0,1.0,0.0,0.0,210.50860582848935,210.3875235330029,210.66547536824726,165.25813920834062,164.19996160326343,164.39154150963404,31753.010737040102,31347.007854381223,31571.086947273136,30437.58575725871,254.4291144533377,57.20286463831681,1142.391012787879,0.0014564655013283264,1.671106848994519,15306.262369579832
2023-12-27 03:48:42.212068,0.0,1.0,1.0,1.0,13.164884686470032,1.0,1.0,276378.0,0.03491400934771429,0.03095998250890783,0.037849325288467295,0.0350730936850165,0.045755169516908625,0.036827143512412015,-0.0002797717849413554,-0.0003401770566900571,0.0005245720967650414,-0.0,0.0,0.0,0.0,1.0,0.0,0.0,210.55838744224545,209.64176976434004,209.28341486320653,166.56106639746764,165.733574068244,164.83249718959524,32045.76882730347,31552.659787539666,31411.650359428266,30551.7381578815,255.5707964626141,57.16178344200736,1141.5529978803545,0.0014718495981671743,1.6997033281333398,15220.113765007058
2023-12-27 03:48:42.212068,0.0,1.0,1.0,1.0,13.164884686470032,1.0,1.0,276379.0,0.03557909785889397,0.0316258647634613,0.03791807979615816,0.034851109849295854,0.0456702804465433,0.03698486219342292,-0.0002797717849413554,-0.00035607318083445233,0.0005309305464227995,-0.0,0.0,0.0,0.0,1.0,0.0,0.0,209.43848399904687,209.82752669345734,208.23979036471212,167.31004205696735,167.44538519387189,166.46635010028837,31987.987239611324,31965.21517612728,31579.63296070143,30725.79101133003,257.17725591592864,57.129369198055386,1140.8850683421938,0.0014898778358751195,1.7282830752998917,15172.14083502714
2023-12-27 03:48:42.212068,0.0,1.0,1.0,1.0,13.164884686470032,1.0,1.0,276380.0,0.0355058143663421,0.03146071551579091,0.03708461362614584,0.03437463478414554,0.0457763671875,0.037454033534648365,-0.0002893094594279925,-0.00037514852980772656,0.0005245720967650414,-0.0,0.0,0.0,0.0,1.0,0.0,0.0,208.22663438300572,209.09092827264865,208.26124488303924,168.58442773036643,168.23742003748887,168.19943335972513,32048.481313480563,31995.365246853904,31969.105097570227,30885.80921919792,258.6482411487328,57.10128579928392,1140.30449697941,0.001507163089390418,1.756848278860588,15194.1906525589
2023-12-27 03:48:42.212068,0.0,1.0,1.0,1.0,13.164884686470032,1.0,1.0,276381.0,0.036015667538814286,0.032278013060310994,0.037154783251098764,0.03465570761333854,0.0456702804465433,0.037454033534648365,-0.000327460157374541,-0.00035925240566333133,0.0005213928719361623,-0.0,0.0,0.0,0.0,1.0,0.0,0.0,208.02529723089967,207.91556620965153,207.76177279603937,170.2020100149256,169.0315298239514,168.88748095926425,32363.501102887003,31934.546472268277,32027.891224100997,30990.87929648815,259.79384045096805,57.043712577980976,1139.1382387446415,0.0015216513236273334,1.785384267063484,15834.46285858142
2023-12-27 03:48:42.212068,0.0,1.0,1.0,1.0,13.164884686470032,1.0,1.0,276382.0,0.03644700827338301,0.03170811682633251,0.03715478325109877,0.03428986366919591,0.04596670633359396,0.037428122750824445,-0.0003497147311766942,-0.000327460157374541,0.0005118551974495252,-0.0,0.0,0.0,0.0,1.0,0.0,0.0,207.8925803921256,207.47360628896246,206.64645615190778,171.15064941496288,170.62512123651067,169.6858247693514,32527.76372764421,32188.52251984991,31954.67302648948,31105.84334100494,260.9147193114585,57.01016740836576,1138.4521516825678,0.0015358633068058983,1.8139030684389665,15451.737111929695
2023-12-27 03:48:42.212068,0.0,1.0,1.0,1.0,13.164884686470032,1.0,1.0,276383.0,0.036160019490282594,0.031871984154482245,0.03743414645719282,0.03423323297213509,0.046177274116135196,0.03763490953305242,-0.00031156403323014575,-0.00033381860703229904,0.0005531851202249527,-0.0,0.0,0.0,0.0,1.0,0.0,0.0,206.83977471457086,207.44798856853618,206.03312797426958,171.8854954096961,171.7065151306745,171.1310144064443,32456.028934148457,32399.184570741072,32155.039273925464,31218.952470888074,261.958717973286,56.99025354888592,1138.0382319017463,0.0015501238948309312,1.8424115009148891,15265.316494885981
2023-12-27 03:48:42.212068,0.0,1.0,1.0,1.0,13.164884686470032,1.0,1.0,276384.0,0.03644700827338301,0.03112778852124087,0.03708461362614584,0.03417650843776925,0.04596670633359396,0.037609123363849604,-0.00033381860703229904,-0.000327460157374541,0.0005913358181715012,-0.0,0.0,0.0,0.0,1.0,0.0,0.0,206.1705039766945,206.48338727879445,206.1226098646501,173.21714250842453,172.24517365329044,172.41359569846492,32592.729231677135,32302.71455687494,32425.935705566575,31322.435259985315,262.7825421212236,57.00065587965781,1138.2309557693975,0.0015632818572484282,1.8709247612210316,14760.33426157067
2023-12-27 03:48:42.212068,0.0,1.0,1.0,1.0,13.164884686470032,1.0,1.0,276385.0,0.03644700827338301,0.03095998250890783,0.03736450147322929,0.03397722680635423,0.04552134365898528,0.037660678046535785,-0.00035925240566333133,-0.00030838480840126675,0.0005945150430003802,-0.0,0.0,0.0,0.0,1.0,0.0,0.0,206.18376291306166,205.70173401658906,205.43450533855332,174.5086047166502,173.284317496839,173.02742551199103,32844.94630648253,32359.299544122277,32399.24316268344,31416.267909438287,263.70838061953606,56.971396236676675,1137.632634853617,0.0015756063555633505,1.8994230332860516,15570.589235059044
2023-12-27 03:48:42.212068,0.0,1.0,1.0,1.0,13.164884686470032,1.0,1.0,276386.0,0.0355058143663421,0.03087573750238641,0.03729472643293346,0.03428986366919591,0.045436017728937364,0.03763490953305242,-0.0003465355063478152,-0.00030202635874350864,0.0005945150430003802,-0.0,0.0,0.0,0.0,1.0,0.0,0.0,205.69992807758194,205.67769577655818,204.7003866230914,175.03610760691842,174.5073141376143,173.8401385294918,32838.882971674895,32592.769546035015,32397.369873517055,31491.201548185232,264.4628000498009,56.94496612621943,1137.093093475458,0.0015859426844920157,1.9279077895670529,15566.5461499585
2023-12-27 03:48:42.212068,0.0,1.0,1.0,1.0,13.164884686470032,1.0,1.0,276387.0,0.035870734687139944,0.030365359581316052,0.037154783251098764,0.03428986366919591,0.0451361067436189,0.03807060226402176,-0.00035607318083445233,-0.00031156403323014575,0.0006040527174870173,-0.0,0.0,0.0,0.0,1.0,0.0,0.0,204.98947306806835,205.5059333448196,204.51987904133782,175.80076833265431,175.09914171939496,175.02633146597083,32822.33944700133,32657.853797387033,32600.751201987674,31574.485310975342,265.05056540048594,56.9695181884683,1137.572086721899,0.0015958332677588072,1.9564045448707934,14672.43630079766
2023-12-27 03:48:42.212068,0.0,1.0,1.0,1.0,13.164884686470032,1.0,1.0,276388.0,0.035652230716862035,0.030365359581316052,0.03771144022072074,0.03392007415562166,0.04539329461866308,0.03824856264347477,-0.0003815069794654846,-0.0003242809325456619,0.0006167696168025335,-0.0,0.0,0.0,0.0,1.0,0.0,0.0,204.77043423018097,204.8562082923519,204.49852841495618,176.88063266340086,175.75794456384227,175.740995267954,32986.73843886731,32617.035696797262,32701.8613946792,31648.400893892354,265.748854923448,56.95332634649454,1137.239017191903,0.001604392451873278,1.9848929566145905,15465.600892067472
2023-12-27 03:48:42.212068,0.0,1.0,1.0,1.0,13.164884686470032,1.0,1.0,276389.0,0.035211155210738435,0.029495110715956674,0.0387336156723732,0.034204882463775475,0.04535053126049553,0.03840044370153173,-0.0003878654291232427,-0.00024480031182368595,0.0006422034154335657,-0.0,0.0,0.0,0.0,1.0,0.0,0.0,204.86483256958445,204.59440922239233,203.85829785500195,177.80174890892204,176.8896128527305,176.37585423803156,33154.71455097252,32771.87914593851,32664.134742903105,31741.90507435657,266.58915782587434,56.942066170431495,1137.0037259438561,0.0016135676033195222,2.0133754741937904,15432.806824021816
2023-12-27 03:48:42.212068,0.0,1.0,1.0,1.0,13.164884686470032,1.0,1.0,276390.0,0.035211155210738435,0.028960411812211755,0.039135011011481306,0.03431814397393635,0.045371917977676056,0.038375171935910925,-0.0003815069794654846,-0.00021936651319265366,0.0006708164388934771,-0.0,0.0,0.0,0.0,1.0,0.0,0.0,204.31205528253557,204.61965195066975,203.5695957330251,178.1438381756093,177.5060986506047,177.20841743423833,33078.44374384814,32874.43483493264,32761.84070869596,31782.918925738562,266.8174889232121,56.96722273089979,1137.4985965127678,0.001620105401616355,2.041870388530676,14790.219176456285
2023-12-27 03:48:42.212068,0.0,1.0,1.0,1.0,13.164884686470032,1.0,1.0,276391.0,0.03543237930455047,0.02850716925888738,0.039990882024927475,0.03423323297213509,0.04550002717752658,0.03845093740342454,-0.00039104465395212173,-0.00018439504007498422,0.0006867125630378723,-0.0,0.0,0.0,0.0,1.0,0.0,0.0,204.0621501416975,204.12202010602178,203.66955220069423,178.58926452480878,177.55466589629154,177.68974119156184,33084.51223222968,32752.452990376394,32841.64831731113,31771.28708798936,266.5508004251262,57.003516750173226,1138.2199671613284,0.0016230295494274502,2.0703833735666364,14575.392877256252
2023-12-27 03:48:42.212068,0.0,1.0,1.0,1.0,13.164884686470032,1.0,1.0,276392.0,0.03535879172915739,0.02832384151000068,0.03992569716981858,0.03414811083549323,0.04461728368290236,0.03865225258781602,-0.00035925240566333133,-0.00020029116421937943,0.0007248632609844208,0.0,0.0,0.0,0.0,1.0,0.0,0.0,204.100272639141,203.84987362186482,203.4361631436517,179.2687567139799,178.07756535749587,177.92650344685686,33188.49161125905,32756.466670850004,32801.96766639299,31793.390105974795,266.72712676606966,57.00567619550891,1138.2588462671222,0.0016267482177524156,2.098897332543833,15192.175099642733
2023-12-27 03:48:42.212068,0.0,1.0,1.0,1.0,13.164884686470032,1.0,1.0,276393.0,0.0350628970566252,0.027766596731864518,0.039267897679147255,0.03380547898296581,0.044595535066605074,0.03829925658572734,-0.0003401770566900571,-0.00019393271456162134,0.0006930710126956304,0.0,0.0,0.0,0.0,1.0,0.0,0.0,204.07974145004093,203.96421458961163,203.17346340562634,179.73463474333053,178.93019847475995,178.6486142234724,33223.8618063603,32921.00011943654,32838.89628032609,31870.088722458207,267.4735109381611,56.98402179658967,1137.8208195268764,0.0016316998575099135,2.127400318729961,15700.110633998307
2023-12-27 03:48:42.212068,0.0,1.0,1.0,1.0,13.164884686470032,1.0,1.0,276394.0,0.03506289705662521,0.027578346447870532,0.039334172659096146,0.033748035476753,0.04489905703875923,0.03845093740342454,-0.00033063938220342,-0.00018757426490386328,0.0006803541133801142,0.0,0.0,0.0,0.0,1.0,0.0,0.0,203.67466800793574,204.09563158497875,203.2213121229723,180.0222820081247,179.1773107639876,179.17412258631293,33170.48072355559,32955.77222965215,32939.55302884113,31896.629410647776,267.6449850051722,56.995088648489684,1138.0387878913896,0.0016343382584191202,2.1559087651337046,15101.004245350552
2023-12-27 03:48:42.212068,0.0,1.0,1.0,1.0,13.164884686470032,1.0,1.0,276395.0,0.03446348712650292,0.027293536613856938,0.03886787470812278,0.03380547898296581,0.04526488334408974,0.03845093740342454,-0.0002924886842568715,-0.00016214046627283096,0.0006485618650913239,0.0,0.0,0.0,0.0,1.0,0.0,0.0,203.7944400061676,203.80145729807342,203.3699273097493,180.2152083233749,179.0699465549903,179.12273223401203,33206.628449717515,32832.4972795064,32910.89130215481,31858.17852483279,267.28397058807576,57.00316652365923,1138.2021702929778,0.0016325059586244997,2.1844213043491245,15123.436760508548
2023-12-27 03:48:42.212068,0.0,1.0,1.0,1.0,13.164884686470032,1.0,1.0,276396.0,0.03535879172915738,0.02795357929391521,0.03839591423416135,0.033690494027434716,0.04532913445285934,0.03829925658572734,-0.0002956679090857506,-0.00020982883870601654,0.0006422034154335657,0.0,0.0,0.0,0.0,1.0,0.0,0.0,204.0714340198369,203.99861172323008,203.14537412010645,180.625359724789,179.67009005936157,179.5030934743975,33270.571325704965,32940.39772157305,32881.74928964977,31903.387524536265,267.5987723919741,57.01696441365634,1138.4764841451583,0.0016335525287295887,2.212940715265084,15051.01258009523
2023-12-27 03:48:42.212068,0.0,1.0,1.0,1.0,13.164884686470032,1.0,1.0,276397.0,0.03513710432917181,0.027953579293915214,0.03791807979615816,0.03363285413230715,0.045733962021207636,0.03776357626576105,-0.0002829510097702344,-0.0001812158152461052,0.0006104111671447754,0.0,0.0,0.0,0.0,1.0,0.0,0.0,203.91993666309642,204.13273829322156,203.33778287678655,181.00908044766635,180.25157906105602,180.31891768604493,33273.610138671,33040.761507205214,33036.31246342065,31986.6001958617,268.4837042944022,56.977454948949045,1137.6836923316512,0.0016369690862825374,2.2414402663457156,16115.642264881864
2023-12-27 03:48:42.212068,0.0,1.0,1.0,1.0,13.164884686470032,1.0,1.0,276398.0,0.03535879172915738,0.028139319405636336,0.0372248206049638,0.033661686417184034,0.04592447692060632,0.037866194868709485,-0.00027659256011247635,-0.0001812158152461052,0.0005945150430003802,0.0,0.0,0.0,0.0,1.0,0.0,0.0,203.99584079260862,204.0220677179709,203.50544169486992,181.28838172883638,180.15958399266086,180.5076873306649,33303.01185908335,32969.98412271415,33084.00809280247,31987.951553532686,268.4873722358276,56.97904776164336,1137.716213630424,0.0016363397386383706,2.269940632101306,15325.60280229304
2023-12-27 03:48:42.212068,0.0,1.0,1.0,1.0,13.164884686470032,1.0,1.0,276399.0,0.035652230716862035,0.02832384151000068,0.03680259726239562,0.03310957989067469,0.04611420473894506,0.03784056630748671,-0.0002829510097702344,-0.00017803659041722616,0.0005595435698827108,-0.0,0.0,0.0,0.0,1.0,0.0,0.0,204.26103046694467,203.9849292856623,203.58319068158085,181.16952329521564,180.07674735644994,180.2053243661239,33303.35601819063,32914.20280089942,32989.602742403375,31938.056466027043,268.10269880469883,56.97155569184218,1137.5714415360865,0.0016321059502183758,2.298437371242816,15463.54979557368
2023-12-27 03:48:42.212068,0.0,1.0,1.0,1.0,13.164884686470032,1.0,1.0,276400.0,0.03637547335010833,0.02804660310941083,0.03680259726239562,0.03310957989067469,0.04600889698619639,0.037789257041436174,-0.00031156403323014575,-0.00016531969110171,0.0005436474457383156,-0.0,0.0,0.0,0.0,1.0,0.0,0.0,204.43439661249042,204.4360415279166,203.59511246557443,181.28911525017293,180.50713398956185,180.49045585793658,33292.026090232415,33038.477306800014,32989.237478077266,31973.010717917525,268.4976609792402,56.949919241073886,1137.1412360303957,0.0016305104694006745,2.326923333519133,15764.0932908051
2023-12-27 03:48:42.212068,0.0,1.0,1.0,1.0,13.164884686470032,1.0,1.0,276401.0,0.036087915690740706,0.02850716925888738,0.03673175485356617,0.032874340109372714,0.04592447692060632,0.037531658557888314,-0.00026705488562583923,-0.0001907534897327423,0.0005500058953960737,-0.0,0.0,0.0,0.0,1.0,0.0,0.0,204.3940023528373,204.74639920508096,204.0394658439188,181.8249990478968,180.91470082885817,181.22927103108555,33350.34690520278,33125.058205276444,33190.25157421218,32084.306756896985,269.54285920061596,56.926666419329244,1136.674745793121,0.0016324358252187135,2.355397609979405,15873.635688251568
2023-12-27 03:48:42.212068,0.0,1.0,1.0,1.0,13.164884686470032,1.0,1.0,276402.0,0.035870734687139944,0.02859839243367469,0.03644700827338301,0.03331405211143558,0.04663717683136382,0.03735028254992773,-0.0002924886842568715,-0.00017167814075946808,0.0005150344222784042,-0.0,0.0,0.0,0.0,1.0,0.0,0.0,204.83120117360204,204.71183377786838,204.22198684399683,181.91324215885803,180.78884142958265,181.0539349365274,33437.190573161104,33073.96515821849,33157.182784372795,32084.09786420461,269.53675676613983,56.92740408415624,1136.693079859844,0.0016292696401001376,2.3838723457173083,15408.99864281364
2023-12-27 03:48:42.212068,0.0,1.0,1.0,1.0,13.164884686470032,1.0,1.0,276403.0,0.03630379747090975,0.029139734961116406,0.03673175485356617,0.03340129988750126,0.04659555506775656,0.03735028254992773,-0.00034335628151893616,-0.0001971119393905004,0.0005054967477917671,-0.0,0.0,0.0,0.0,1.0,0.0,0.0,205.06991670201126,205.11823518835303,204.25724807833558,181.6347756404199,180.77843128948706,180.7519629054696,33385.35086274401,33104.30451149667,33065.82145368578,32045.723487515774,269.13880388478185,56.943068069338274,1137.0122533897254,0.0016236462661163688,2.4123550769133337,15115.741327569052
2023-12-27 03:48:42.212068,0.0,1.0,1.0,1.0,13.164884686470032,1.0,1.0,276404.0,0.03572521386533562,0.030020287472977174,0.03743414645719283,0.03319736505550277,0.04638688606098185,0.037011083297172835,-0.00033381860703229904,-0.00021300806353489557,0.0005341097712516785,-0.0,0.0,0.0,0.0,1.0,0.0,0.0,205.25049610602937,205.42010017091872,204.64610339484815,181.8255338623027,180.99383654528836,181.26680996495048,33404.48506548947,33163.25794785863,33197.74037662653,32112.392170934836,269.74902559497053,56.932380531098914,1136.800239534593,0.0016224256478932118,2.44083249705521,15645.576249168522
2023-12-27 03:48:42.212068,0.0,1.0,1.0,1.0,13.164884686470032,1.0,1.0,276405.0,0.03623197979924952,0.029846255354549493,0.03757304914762412,0.033430331878977426,0.04647046610364093,0.03693236413687755,-0.0003624316304922104,-0.00022572496285041174,0.0005595435698827108,-0.0,0.0,0.0,0.0,1.0,0.0,0.0,205.53357410359624,205.5233377961074,205.08562744511403,182.2052052528102,181.16142380410494,181.5536870176809,33506.32210311463,33182.03843649639,33307.542058775805,32186.0466445764,270.42573467997283,56.92013387901952,1136.5564216289092,0.0016217951589899944,2.469303809435409,15724.967433684082
2023-12-27 03:48:42.212068,0.0,1.0,1.0,1.0,13.164884686470032,1.0,1.0,276406.0,0.03550581436634209,0.029933397891395194,0.037573049147624125,0.033546208593426816,0.04638688606098185,0.037168021456797505,-0.00036879008014996845,-0.0001971119393905004,0.0005722604691982269,-0.0,0.0,0.0,0.0,1.0,0.0,0.0,205.94199790530155,205.65617903331545,205.231387564324,181.92821038360506,180.95656832408116,181.00102159523345,33526.613961147676,33155.85806656286,33202.81212383862,32148.92023471764,270.1122924213293,56.92013387901952,1136.5627660753585,0.001616222046264438,2.4977752807471956,15461.687652721415
2023-12-27 03:48:42.212068,1.0,1.0,1.0,1.0,13.164884686470032,1.0,1.0,276407.0,0.03594327416403231,0.030020287472977174,0.03819186010094625,0.0333431600699038,0.046051048984947086,0.037402194017022584,-0.00037832775463660556,-0.00020982883870601654,0.0006040527174870173,-0.0,0.0,0.0,0.0,1.0,0.0,0.0,206.12733011897862,206.32717775885888,205.36917415895135,181.4598398327097,180.7817554839742,180.7407696393534,33418.37617745764,33215.81241213792,33147.56831398623,32113.274317884196,269.8932872489237,56.90275495347988,1136.2238161581397,0.0016091337870680553,2.5262382611923693,15773.869974021538
