time,event_type,event_num,Event_Abnormal1,Detection_Abnormal1,Event_Abnormal2,Detection_Judgement2,Detection_Abnormal2,index,voltage11,voltage12,voltage13,current11,current12,current13,power11,power12,power13,powerout1,torque1,frequence1,motor_speed1,slip_rate1,heigh1,weight1,voltage21,voltage22,voltage23,current21,current22,current23,power21,power122,power23,powerout2,torque2,frequence2,motor_speed2,slip_rate2,heigh2,weight2
2024-10-12 17:34:38.683142,0.0,1.0,0.0,0.0,0.0,0.0,0.0,289951.0,0.040315225390783915,0.03743414645719283,0.044080469451694804,0.031641298451732976,0.03233879467572394,0.03437463478414554,0.00013988589247067773,0.00026069643596808123,-0.0004419122512141864,-0.0,0.0,0.0,0.0,1.0,0.0,0.0,34.01214818093293,33.27484525804141,35.10666575851578,114.31016887272666,116.21716450585643,112.18329468780752,2275.0489861153064,2208.442103674453,2229.0591246551635,2045.9424697590323,187.68936345660762,5.235812443361153,104.09386595391335,0.00594351803127395,0.03560843854385491,6622.127711405497
2024-10-12 17:34:38.683142,0.0,1.0,0.0,0.0,0.0,0.0,0.0,289952.0,0.04025056580563931,0.036802597262395625,0.043784027154931265,0.03182472780550264,0.03251828982682399,0.034005767111097776,0.0001208105434974035,0.00025433798631032317,-0.0004482707008719445,-0.0,0.0,0.0,0.0,1.0,0.0,0.0,33.73295046387306,33.67523196211738,33.21690112157221,117.48766965053483,115.05827249691937,118.16287386545476,2317.5113205465445,2309.291290292012,2407.506438114549,2147.0685750103034,197.7756594087804,5.2172069393772516,103.66793706313616,0.006480495524388672,0.03789374062311338,6893.405395005491
2024-10-12 17:34:38.683142,0.0,1.0,0.0,0.0,0.0,0.0,0.0,289953.0,0.04044423444177086,0.03637547335010833,0.044080469451694804,0.032097906445255474,0.03272645658802371,0.03403428348265909,0.00013988589247067773,0.0002511587614814441,-0.0004609876001874607,-0.0,0.0,0.0,0.0,1.0,0.0,0.0,33.442441925422024,33.615973579195895,33.186057727305055,119.64780466943965,121.97580674148831,118.87831981229522,2545.237706547953,2535.4984451440187,2249.2510842067304,2236.992339932942,207.79269392824597,5.175451067565379,102.80295668585208,0.006821286263147246,0.04015997469049928,7608.243288005709
2024-10-12 17:34:38.683142,0.0,1.0,0.0,0.0,0.0,0.0,0.0,289954.0,0.04070102581168387,0.03658965855745672,0.04336560364453033,0.03248844283583844,0.03233879467572394,0.03443103291031149,0.00011127286901076637,0.00024797953665256506,-0.00044509147604306553,-0.0,0.0,0.0,0.0,1.0,0.0,0.0,33.1406506108231,33.397401965955595,34.83159683230189,124.47092847038337,122.39350466607688,124.14945732688132,2594.8149181167423,2632.910620208662,2643.889025574281,2405.9504002848025,224.4380086583956,5.155420010014771,102.36739347177236,0.007186676614937167,0.04241660700881035,7981.105844861677
2024-10-12 17:34:38.683142,0.0,1.0,0.0,0.0,0.0,0.0,0.0,289955.0,0.041461858493688546,0.036518403069078165,0.04312468176012514,0.03233879467572394,0.03251828982682399,0.034515457310635475,0.00011445209383964543,0.00026069643596808123,-0.00041012000292539613,-0.0,0.0,0.0,0.0,1.0,0.0,0.0,33.280449366924934,33.20378168846998,34.64229721783481,126.78469707507149,128.6557031205332,126.06645103316195,2783.473401848052,2819.488623457228,2883.4018718205566,2599.3472684125727,244.0521650626176,5.125482565565634,101.70750990243383,0.00782503304437958,0.044658692560437335,8932.435261987619
2024-10-12 17:34:38.683142,0.0,1.0,0.0,0.0,0.0,0.0,0.0,289956.0,0.042023444236177564,0.03587073468713995,0.042393702000235525,0.03233879467572394,0.032667115729434024,0.0344028454042274,0.00010809364418188733,0.0002511587614814441,-0.00040376155326763796,-0.0,0.0,0.0,0.0,1.0,0.0,0.0,33.68087111557944,32.951925320142166,32.87093948914158,132.3678709151197,129.5226327175594,131.2252997469705,3040.284617908375,2900.4374549582367,2964.3502302184265,2727.661919043985,257.53092623945685,5.100562175701084,101.14223184885891,0.00851878317749685,0.046888316871416626,9410.35447428944
2024-10-12 17:34:38.683142,0.0,1.0,0.0,0.0,0.0,0.0,0.0,289957.0,0.0419614169784043,0.035358791729157395,0.04282162331969714,0.03242866644143693,0.032933307582966455,0.03426156002122874,9.537674486637117e-05,0.00025433798631032317,-0.0003910446539521219,-0.0,0.0,0.0,0.0,1.0,0.0,0.0,32.847676636305664,33.64240315346131,32.82717651685017,134.02975999661595,136.68838786063012,135.39781034863864,3112.6665641619234,3239.5539152834663,2941.3509766978887,2843.690412349326,271.3926293471958,5.048094784586,100.05888225566179,0.008944101434223166,0.04909405934247477,10330.629960671433
2024-10-12 17:34:38.683142,0.0,1.0,0.0,0.0,0.0,0.0,0.0,289958.0,0.04251640472283598,0.03587073468713995,0.04276075388833108,0.032067668184708895,0.03272645658802371,0.03423323297213509,6.040527174870175e-05,0.0002638756607969603,-0.00039422387878100085,-0.0,0.0,0.0,0.0,1.0,0.0,0.0,33.1870460563752,32.86759972029469,34.56177784527988,141.46219036508933,138.91673404366537,138.67235924216916,3372.914147227278,3281.566100375818,3260.6205841160913,3035.003033832502,291.73017141444853,5.014012329191632,99.34572062766456,0.00931914298183196,0.05128408056164462,10890.482108559583
2024-10-12 17:34:38.683142,0.0,1.0,0.0,0.0,0.0,0.0,0.0,289959.0,0.043003714672582107,0.03587073468713995,0.04276075388833108,0.03203740138402003,0.03224867245309928,0.034091244666417886,9.537674486637117e-05,0.0002511587614814441,-0.0003974031036098799,-0.0,0.0,0.0,0.0,1.0,0.0,0.0,32.80645708682728,33.285610990765626,34.61462712035716,142.55461117184964,144.49885463586733,144.22759936246908,3373.532408945548,3531.9403896446524,3668.3886698076717,3239.034582266212,311.29225328846286,5.018054039418261,99.36161774039866,0.009958671629634696,0.053474452223832965,11180.644002331803
2024-10-12 17:34:38.683142,0.0,1.0,0.0,0.0,0.0,0.0,0.0,289960.0,0.04330549882888886,0.036447008273383014,0.042577623479846755,0.0316106234096681,0.032398736885968185,0.034204882463775475,6.994294623533886e-05,0.0002829510097702345,-0.00038468620429436373,-0.0,0.0,0.0,0.0,1.0,0.0,0.0,33.86858274708593,32.660240804992725,32.82173663517574,150.12402882758644,147.29839994642577,146.3964874990843,3830.8558471323104,3571.9356690197183,3584.6959913958763,3362.4453992919453,325.2850183011986,4.988751212524328,98.71032037726215,0.010671045997958881,0.055650466397482834,12195.491659737338
2024-10-12 17:34:38.683142,0.0,1.0,0.0,0.0,0.0,0.0,0.0,289961.0,0.043003714672582107,0.036447008273383014,0.042943103346232976,0.03157991857152382,0.03203740138402003,0.03423323297213509,9.219752003749214e-05,0.0002670548856258393,-0.00036243163049221044,-0.0,0.0,0.0,0.0,1.0,0.0,0.0,32.619665516359575,33.738516031128334,32.8424153078889,150.5574759439924,152.82945194936372,153.94052310542327,3730.4670602611286,3931.4813878294576,3697.741149574244,3470.619613927263,337.95079756221617,4.958338360495351,98.06745913298568,0.011085448359876572,0.057812309052147764,12696.466301357914
2024-10-12 17:34:38.683142,0.0,1.0,0.0,0.0,0.0,0.0,0.0,289962.0,0.04263875434188018,0.03651840306907817,0.043124681760125134,0.03185519667586617,0.03245856839932655,0.034515457310635475,0.00011763131866852446,0.0002893094594279926,-0.00036243163049221044,-0.0,0.0,0.0,0.0,1.0,0.0,0.0,33.4684462641406,32.889908921967894,34.290844144504334,159.2218098132976,157.3146142434558,154.24750115984338,4144.993178297682,3997.4360788466956,3845.123794573538,3661.5368422340753,358.86798061930057,4.927661908825946,97.43165496386463,0.011380480574828327,0.05996013575712896,13527.954357075558
2024-10-12 17:34:38.683142,0.0,1.0,0.0,0.0,0.0,0.0,0.0,289963.0,0.04251640472283598,0.036873303566316074,0.04354542032592321,0.03170255949350469,0.03245856839932655,0.03468368961839258,0.00010809364418188734,0.00031156403323014586,-0.00037832775463660567,-0.0,0.0,0.0,0.0,1.0,0.0,0.0,32.65305404652299,33.40833925886078,35.04690720212538,159.7130064916288,160.69945537482369,163.03471260887943,4001.346352059872,4199.901662495565,4472.727064285557,3871.887414219837,378.28815050363227,4.9461364190331345,97.739781737488,0.011958289692765115,0.06211475494565314,13651.134609198725
2024-10-12 17:34:38.683142,0.0,1.0,0.0,0.0,0.0,0.0,0.0,289964.0,0.04263875434188018,0.03651840306907817,0.044198489661446745,0.0316106234096681,0.03251828982682399,0.03462770299655218,0.00014306511729955679,0.0003401770566900572,-0.00041965767741203314,-0.0,0.0,0.0,0.0,1.0,0.0,0.0,34.212720147974174,32.84476825821013,32.94381662233709,167.7200774315097,166.14484402055132,162.53484866051448,4580.438411599182,4310.9201851325015,4214.42467340483,3998.404800333247,392.8616118079825,4.921884196475245,97.18932102224841,0.01268175821924571,0.06425723953352137,14825.840758174414
2024-10-12 17:34:38.683142,0.0,1.0,0.0,0.0,0.0,0.0,0.0,289965.0,0.04214722489965788,0.03687330356631608,0.0440213406934204,0.032007105962223864,0.03212811624624381,0.034823262373934814,0.00016214046627283102,0.000324280932545662,-0.0004578083753585816,-0.0,0.0,0.0,0.0,1.0,0.0,0.0,32.737420501500914,33.79873933375476,33.20068220822738,168.42404246713073,168.75107747817142,172.83965129089847,4400.363762731974,4555.951690478014,4484.320499602301,4092.2358534206774,403.28317505926725,4.909266102616914,96.89958887187379,0.01309496321435004,0.0663933371370969,15060.51076101926
2024-10-12 17:34:38.683142,0.0,1.0,0.0,0.0,0.0,0.0,0.0,289966.0,0.041774782619765874,0.037084613626145846,0.044316195568033935,0.03203740138402003,0.03251828982682399,0.03496227794613525,0.00014306511729955676,0.00033699783186117815,-0.0004737044995029769,-0.0,0.0,0.0,0.0,1.0,0.0,0.0,33.834584297157974,33.384928860271316,34.03149409776243,175.91872627437857,176.46661617150852,170.6381307188051,4849.869245325685,4787.103205383064,4402.401699411213,4272.354656963547,423.00043571767185,4.8873683311753355,96.44903005507996,0.01328257336514811,0.06851950242186666,15954.95553649822
2024-10-12 17:34:38.683142,0.0,1.0,0.0,0.0,0.0,0.0,0.0,289967.0,0.04127296521748623,0.03743414645719283,0.0436051944382425,0.03179422973639322,0.03248844283583844,0.035730771463385984,0.00013034821798404061,0.0003433562815189362,-0.00046416682501633976,-0.0,0.0,0.0,0.0,1.0,0.0,0.0,32.87167589615754,33.538147460960104,35.72832770439241,177.6805094055045,175.7085087830901,180.5693334680895,4675.716983352746,4775.595224488345,5241.304584373083,4471.970196752032,441.7147666067283,4.900983897920223,96.67815739649949,0.013686237190804309,0.07065071869158505,16388.61688879509
2024-10-12 17:34:38.683142,0.0,1.0,0.0,0.0,0.0,0.0,0.0,289968.0,0.04070102581168387,0.03715478325109878,0.04354542032592321,0.03185519667586617,0.03233879467572394,0.035812131959156876,0.00014624434212843582,0.0003528939560055733,-0.0004514499257008236,-0.0,0.0,0.0,0.0,1.0,0.0,0.0,34.55706307788939,33.48542491780767,33.35052332648929,182.18163079465197,183.65180999591905,178.06800667271943,5169.665846291357,5054.510473065556,4822.686083010529,4574.843204030817,451.8352355741502,4.904262968584479,96.68686978783171,0.014256878075417444,0.07278212702113014,16790.112994320825
2024-10-12 17:34:38.683142,0.0,1.0,0.0,0.0,0.0,0.0,0.0,289969.0,0.04050858489526056,0.03764230828317236,0.04384347596324186,0.03197678183797181,0.032308781866774994,0.035974300933343493,0.00013352744281291964,0.00036243163049221044,-0.00044509147604306553,-0.0,0.0,0.0,0.0,1.0,0.0,0.0,33.34955499530152,33.92741569182665,33.73682093748097,184.7707188082421,181.9754341643923,187.3714459719846,5072.441947162518,5040.34530744267,5129.1049597264155,4625.644434108635,457.3567896693815,4.900390986303902,96.58028829607048,0.014565485019433938,0.0749111858209013,17008.741092581145
2024-10-12 17:34:38.683142,0.0,1.0,0.0,0.0,0.0,0.0,0.0,289970.0,0.03999088202492748,0.037503662109375,0.044550674429986614,0.0321582976678794,0.03218845078999174,0.03559475737450401,0.00013988589247067773,0.00036243163049221044,-0.00043237457672754936,-0.0,0.0,0.0,0.0,1.0,0.0,0.0,34.186935308132675,34.21100449198878,34.1008482940073,188.23568868026328,191.34105179138737,184.97468868162574,5350.47677297843,5466.960526474341,4912.16534063785,4771.593452525993,471.6420798699943,4.902073625196096,96.61004182711164,0.014600256812269025,0.0770409005207345,17574.405943887086
2024-10-12 17:34:38.683142,0.0,1.0,0.0,0.0,0.0,0.0,0.0,289971.0,0.039729500910396995,0.03701431097784902,0.04390284427203976,0.0321582976678794,0.032398736885968185,0.035238663890968365,0.0001367066676417987,0.00036243163049221044,-0.00039740310360987996,-0.0,0.0,0.0,0.0,1.0,0.0,0.0,33.50974539082245,33.79338612278204,36.397077617361774,192.41849358350737,188.15502962610552,193.43624652114542,5304.00866643739,5249.660133268959,5808.635189654356,4965.278644046563,490.06193811099524,4.910594127694667,96.75290961074175,0.014855360728382044,0.07917376466148686,18302.721647761686
2024-10-12 17:34:38.683142,0.0,1.0,0.0,0.0,0.0,0.0,0.0,289972.0,0.040185802182344105,0.03694387454679471,0.04384347596324186,0.032007105962223864,0.031763702384431956,0.03499001478345783,0.00012398976832628253,0.0003433562815189362,-0.00038786542912324284,-0.0,0.0,0.0,0.0,1.0,0.0,0.0,34.86121645403552,34.268368024726115,34.09690715301265,193.67072510368774,197.25469660619578,191.71383932830736,5615.33023553927,5675.044109323136,5418.2793364777035,5066.13475220944,498.1623986982469,4.9312910635197005,97.11295637214512,0.015339440308448289,0.08131456583306837,18377.01211184552
2024-10-12 17:34:38.683142,0.0,1.0,0.0,0.0,0.0,0.0,0.0,289973.0,0.03999088202492748,0.03687330356631608,0.044139519001880914,0.032067668184708895,0.03139505892336215,0.03465570761333854,0.00011763131866852446,0.0003401770566900572,-0.0003687900801499686,-0.0,0.0,0.0,0.0,1.0,0.0,0.0,34.19578585188547,34.19925013359082,34.26294898583566,198.639330210666,193.79303173682501,198.71042319175143,5705.640499957955,5483.170059098595,5637.280516143527,5092.858539386558,501.36879219933564,4.927074499996271,97.00088521132508,0.015634072395308004,0.08345289645817136,18749.42715406966
2024-10-12 17:34:38.683142,0.0,1.0,0.0,0.0,0.0,0.0,0.0,289974.0,0.03999088202492748,0.037711440220720746,0.043545420325923206,0.03188563643118791,0.03142594437984583,0.03445919735911931,9.219752003749214e-05,0.0003528939560055733,-0.00035289395600557344,-0.0,0.0,0.0,0.0,1.0,0.0,0.0,34.54434278334605,35.03451055734345,34.429095375062516,198.299608164732,203.11900937552025,197.67002787167493,5754.451645078831,6029.163881043507,5400.387619561043,5199.1930312879385,510.46758523273616,4.939859979476271,97.26109492039237,0.015548058806475444,0.08559696326174979,18930.970284767656
2024-10-12 17:34:38.683142,0.0,1.0,0.0,0.0,0.0,0.0,0.0,289975.0,0.04012093401707996,0.037918079796158174,0.044198489661446745,0.03167194378429309,0.03148762440853117,0.03423323297213509,9.855596969525022e-05,0.00037832775463660567,-0.0003497147311766943,-0.0,0.0,0.0,0.0,1.0,0.0,0.0,34.31902281907525,34.254295374696476,36.92461163370868,204.22712903037223,198.9742244097005,202.5977106122959,5864.1354769508425,5685.671974882551,6198.396758807474,5373.74992743708,526.6007295709915,4.949623711875719,97.44675415714863,0.01561452112669767,0.08774512282005849,19744.101853184264
2024-10-12 17:34:38.683142,0.0,1.0,0.0,0.0,0.0,0.0,0.0,289976.0,0.04044423444177086,0.03764230828317236,0.04390284427203976,0.03148762440853117,0.03086527796111811,0.03392007415562166,0.00013988589247067773,0.00038468620429436373,-0.0003497147311766943,-0.0,0.0,0.0,0.0,1.0,0.0,0.0,35.19242526404212,35.00967714321404,35.08458048403588,202.87774855534119,206.89675479965942,202.77589847261893,5969.653375095561,6134.606378433926,5970.691196446938,5470.151302156699,534.8696348717755,4.9624183159516235,97.6613622204427,0.015990228932216115,0.08989801329389581,20069.64909157088
2024-10-12 17:34:38.683142,0.0,1.0,0.0,0.0,0.0,0.0,0.0,289977.0,0.04063698009803076,0.037780445658522906,0.0436051944382425,0.0313331966781849,0.030581090322992784,0.03325575976212062,0.00012716899315516158,0.0003910446539521218,-0.00036243163049221055,-0.0,0.0,0.0,0.0,1.0,0.0,0.0,35.089316489552644,34.65805968285255,34.74727643314286,209.1480902751133,204.14292333049175,207.42308725687434,6232.4465514983285,5908.063192757968,6020.18844743088,5486.224730646522,536.9331317429617,4.959581174172278,97.57190232917772,0.016329213066445785,0.09204893167413013,20150.5137281381
2024-10-12 17:34:38.683142,0.0,1.0,0.0,0.0,0.0,0.0,0.0,289978.0,0.04089256110871732,0.0378493252884673,0.0434855640497593,0.031022035078891817,0.03070772063827226,0.033284918697807614,0.00011445209383964543,0.0003878654291232428,-0.0003687900801499686,-0.0,0.0,0.0,0.0,1.0,0.0,0.0,34.96253877463639,35.72677184193712,34.90571175293886,208.03580308331198,212.62095610662186,208.66243373046441,6154.273078701247,6474.336491249043,5864.916609258123,5582.904429517925,545.857751256827,4.964207067945412,97.66795485324374,0.016278395356434987,0.09420196747889496,20501.161172501797
2024-10-12 17:34:38.683142,0.0,1.0,0.0,0.0,0.0,0.0,0.0,289979.0,0.04108320345271294,0.03764230828317236,0.043664886724146465,0.031115710284795706,0.03070772063827226,0.033168129149298335,0.00010491441935300831,0.0004005823284387589,-0.00035607318083445244,-0.0,0.0,0.0,0.0,1.0,0.0,0.0,35.05358112497489,34.82877789789795,37.329673548136434,215.04246449073378,209.9718753474474,212.1395948421392,6380.722603478059,6166.419228673633,6570.698843421839,5774.966555823669,563.6759525644812,4.972921720908823,97.83434642206849,0.016329313904936717,0.09635867129335478,21200.168907325547
2024-10-12 17:34:38.683142,0.0,1.0,0.0,0.0,0.0,0.0,0.0,289980.0,0.04133602555253029,0.0378493252884673,0.04324531047620408,0.03095942747707764,0.03073929670896773,0.033226575237181734,0.00012716899315516158,0.00040376155326763796,-0.00036243163049221055,-0.0,0.0,0.0,0.0,1.0,0.0,0.0,35.56338370600328,35.61152156440727,35.97828051799142,213.42277431385298,217.13779050980088,214.186984980151,6390.987367446327,6598.978217277272,6530.985726110456,5894.306565160505,573.3147988611307,4.992325216899913,98.17726957069551,0.016718009091756237,0.09852293465811322,21345.77642751893
2024-10-12 17:34:38.683142,0.0,1.0,0.0,0.0,0.0,0.0,0.0,289981.0,0.0418370865807396,0.038123599349151736,0.0436051944382425,0.031146872746571578,0.03095942747707764,0.033430331878977426,0.00014942356695731485,0.00041965767741203314,-0.0003942238787810009,-0.0,0.0,0.0,0.0,1.0,0.0,0.0,35.86031421474746,35.17340988159623,35.23002028952505,220.45148327410433,215.37941332309032,217.50704664453974,6771.2614158121905,6388.6558177604975,6458.783564568907,5912.781769356659,574.881286464909,4.996302619227973,98.21663722646129,0.017106801652882298,0.1006880658609721,21639.746117818988
2024-10-12 17:34:38.683142,0.0,1.0,0.0,0.0,0.0,0.0,0.0,289982.0,0.04139898983206046,0.03859888964444313,0.04390284427203976,0.031178004061435775,0.0313331966781849,0.0337192770263005,0.00015578201661507293,0.0004609876001874607,-0.00040694077809651707,-0.0,0.0,0.0,0.0,1.0,0.0,0.0,35.51169019692569,36.326978483488126,35.42494652665712,219.67342792329023,223.22733728606033,220.5679161392479,6656.63994392946,6957.365862340256,6382.891234795144,6021.214396788636,584.39378002709,5.005129961635582,98.38975712101933,0.01711086550020956,0.1028570133957288,22012.140846533694
2024-10-12 17:34:38.683142,0.0,1.0,0.0,0.0,0.0,0.0,0.0,289983.0,0.041587310697157,0.03832801689680105,0.042943103346232976,0.0313331966781849,0.031549183850304155,0.03431814397393635,0.000162140466272831,0.0004673460498452188,-0.0004260161270697913,-0.0,0.0,0.0,0.0,1.0,0.0,0.0,35.911159661118575,35.91590072330956,38.13668606433831,230.35569703933214,225.7880368236438,231.80164761414602,7035.4235230546665,6964.061978373337,7427.7025723167835,6448.887058026833,624.3048756225468,5.01976742565924,98.64144517880041,0.01746996609264273,0.10503150925389257,23399.495809682612
2024-10-12 17:34:38.683142,0.0,1.0,0.0,0.0,0.0,0.0,0.0,289984.0,0.04120980838596827,0.03846369171715948,0.042943103346232976,0.030928076150071922,0.03142594437984583,0.03468368961839258,0.00015896124144395196,0.00046416682501633976,-0.00041329922775427513,-0.0,0.0,0.0,0.0,1.0,0.0,0.0,37.56973541171688,36.8335006790886,37.96705502659487,243.2227107427078,240.55299758655298,238.41123291060535,7878.840144713762,7610.237710595301,7823.171737600775,7005.838975085988,673.5083778223094,5.058946288782519,99.33185154988213,0.018255523189323736,0.10722122473694774,25017.372000197745
2024-10-12 17:34:38.683142,0.0,1.0,0.0,0.0,0.0,0.0,0.0,289985.0,0.04076497090344803,0.037780445658522906,0.04263875434188018,0.030833830904597324,0.03151841915858901,0.03448733880714076,0.00013352744281291964,0.0004578083753585817,-0.00040376155326763796,-0.0,0.0,0.0,0.0,1.0,0.0,0.0,38.81034832624422,39.39342067491835,37.37842765946833,249.43147794222688,256.6890280030356,254.1869379501157,8370.85993962137,8864.47363817334,8117.22311218832,7604.697323023947,715.6558816784025,5.170851016684074,101.47266589957444,0.01880110670210251,0.10945813328300058,25682.520721029745
2024-10-12 17:34:38.683142,0.0,1.0,0.0,0.0,0.0,0.0,0.0,289986.0,0.040055960801949016,0.03825999906698716,0.04306424069081518,0.030802351742838057,0.03197678183797181,0.03473958601181881,0.00011127286901076638,0.00046416682501633976,-0.00041012000292539613,-0.0,0.0,0.0,0.0,1.0,0.0,0.0,39.643551493565816,40.76658392063914,42.64332877589091,267.32457064646775,258.8516872850172,271.6120845719533,9214.04725114867,9112.097484161328,9995.214432364877,8506.786172276734,774.8308576745977,5.340906562995537,104.84071890530328,0.018511954209309435,0.11176928868642416,27157.128934148543
2024-10-12 17:34:38.683142,0.0,1.0,0.0,0.0,0.0,0.0,0.0,289987.0,0.04025056580563931,0.03839591423416136,0.04384347596324186,0.030802351742838057,0.03179422973639322,0.03532115794976128,0.00012398976832628253,0.0004673460498452188,-0.0003846862042943638,-0.0,0.0,0.0,0.0,1.0,0.0,0.0,44.59637043547537,42.5662717601542,44.261630862808026,283.0774797366058,278.0980624576064,273.1743592555266,11128.79990303931,10327.742178158569,10372.82702290783,9582.880325127526,828.7026762881301,5.623753199184087,110.42532983966139,0.018223898448439472,0.11420355373533403,27771.3440772381
2024-10-12 17:34:38.683142,0.0,1.0,0.0,0.0,0.0,0.0,0.0,289988.0,0.03999088202492748,0.038733615672373205,0.0434855640497593,0.03105329154533826,0.031763702384431956,0.035757912197617196,0.00013034821798404061,0.00048006294916073494,-0.000400582328438759,-0.0,0.0,0.0,0.0,1.0,0.0,0.0,47.310666164528186,46.495553158571575,47.25080271408032,292.74362287054214,289.2964905373306,289.31710266691533,12117.739859563964,11760.265542487088,11802.71562207366,10768.536954424364,873.074853110346,5.995201661086685,117.78137098270794,0.017703009498441228,0.11679997862455284,28323.244334656178
2024-10-12 17:34:38.683142,0.0,1.0,0.0,0.0,0.0,0.0,0.0,289989.0,0.03986040571620479,0.03886787470812279,0.0434855640497593,0.031178004061435775,0.03182472780550264,0.036028195047355945,0.00013988589247067773,0.0004705252746740978,-0.0003910446539521218,-0.0,0.0,0.0,0.0,1.0,0.0,0.0,51.99207620428198,50.489747183867024,49.78587106906203,303.6202819615024,306.6581122024923,296.981444561478,13823.263292737236,13594.924015478658,12686.714971972495,12141.037082931234,914.4034710450081,6.449443824278637,126.79125531766933,0.017037292112155107,0.11959502140844457,28843.284712292207
2024-10-12 17:34:38.683142,0.0,1.0,0.0,0.0,0.0,0.0,0.0,289990.0,0.040185802182344105,0.03853134997827472,0.0436051944382425,0.031115710284795706,0.03185519667586617,0.03637656055895736,0.00012081054349740349,0.00044509147604306553,-0.00039740310360987996,-0.0,0.0,0.0,0.0,1.0,0.0,0.0,55.038772061247705,54.805348996157214,54.314098035865435,312.1518345577575,310.8816650645493,312.32748788379763,14873.656782317405,14852.660387762891,14470.514364828497,13421.059647076601,929.9713345259978,7.003374373900405,137.8125048629891,0.01609925797643094,0.12263302151564646,28138.437536044083
2024-10-12 17:34:38.683142,0.0,1.0,0.0,0.0,0.0,0.0,0.0,289991.0,0.039400336158606504,0.03825999906698716,0.0440804694516948,0.030990747087997286,0.03148762440853117,0.03618939583017402,0.00010173519452412925,0.0004355538015564284,-0.0003815069794654848,-0.0,0.0,0.0,0.0,1.0,0.0,0.0,59.20102847114607,58.24615523818728,58.208184261177855,312.5102914237218,315.786761160631,308.98750988128904,15762.315852195394,15811.87723965172,15084.101521171315,14225.513723130029,906.5079781106128,7.605013812181597,149.85378276162112,0.014769818553205305,0.12593646490452487,26584.456366841998
2024-10-12 17:34:38.683142,0.0,1.0,0.0,0.0,0.0,0.0,0.0,289992.0,0.03979500713939933,0.03926789767914727,0.043843475963241854,0.03095942747707764,0.03157991857152382,0.035920325957808266,0.00013670666764179867,0.0004482707008719445,-0.0003497147311766944,-0.0,0.0,0.0,0.0,1.0,0.0,0.0,61.35129067065874,61.28852731696706,61.17287386847836,310.3566727395579,308.09850760509414,311.58271109014544,15883.101862670332,15895.298942985515,15990.008799771009,14606.16117512708,870.0842297541245,8.12701447156061,160.3046696714858,0.013754249900437927,0.12947029228928295,26274.03600469251
2024-10-12 17:34:38.683142,0.0,1.0,0.0,0.0,0.0,0.0,0.0,289993.0,0.03966388649582423,0.03959816335788845,0.044198489661446745,0.030612797008878905,0.03188563643118791,0.03545822155341263,0.00014624434212843582,0.0004641668250163397,-0.0003433562815189362,0.0,0.0,0.0,0.0,1.0,0.0,0.0,63.75995027008663,63.675728282977424,62.59878570308785,302.8478744677926,307.14207391283924,297.946871943945,16059.19537296165,16231.654972823113,15270.32504224132,14585.947986152136,827.6258681803257,8.523539987397827,168.29529942905958,0.012761718265611783,0.133180268667808,26307.40212267406
2024-10-12 17:34:38.683142,0.0,1.0,0.0,0.0,0.0,0.0,0.0,289994.0,0.040055960801949016,0.03846369171715948,0.04396213240745474,0.03127121205432006,0.03197678183797181,0.03515597625908419,0.00012716899315516156,0.00042919535189867036,-0.0003369978318611782,-0.0,0.0,0.0,0.0,1.0,0.0,0.0,63.59996141833062,65.2563177771706,64.45521042725524,289.120952397939,289.6910358098047,296.70880741427277,15015.624880708892,15620.025351593202,15661.475535140626,14238.37070155679,787.2507898690027,8.740110650703835,172.71043290573192,0.011966553925586347,0.13698757421097435,27164.345482759712
2024-10-12 17:34:38.683142,0.0,1.0,0.0,0.0,0.0,0.0,0.0,289995.0,0.039400336158606504,0.03906839817849146,0.04437493143949452,0.03148762440853117,0.03173314566510837,0.035512898874331005,0.00012716899315516158,0.0004355538015564284,-0.00032746015737454104,-0.0,0.0,0.0,0.0,1.0,0.0,0.0,64.87064061364383,64.2280203874674,66.3383478475659,284.668097770653,275.7504737074042,275.0787350800621,15229.556790699735,14322.884246507407,14956.431768969383,13730.318314964637,755.5283688464089,8.775507759575838,173.54064679702662,0.011221620722407651,0.14081318135814436,28351.003460297452
2024-10-12 17:34:38.683142,0.0,1.0,0.0,0.0,0.0,0.0,0.0,289996.0,0.04012093401707996,0.03859888964444313,0.04443358966925187,0.0316106234096681,0.031364143052817484,0.03556749214080218,0.00012398976832628253,0.00041647845258315413,-0.00031474325805902487,-0.0,0.0,0.0,0.0,1.0,0.0,0.0,65.34090673074752,64.39379333415812,63.79406328133212,263.359270591622,268.92245536764426,258.65752838042783,14210.42779046461,14162.592775133648,13266.106498960424,12873.797088344594,708.010969542297,8.775507759575838,173.63531338758625,0.010682241160829954,0.1446408753777107,27060.827389161324
2024-10-12 17:34:38.683142,0.0,1.0,0.0,0.0,0.0,0.0,0.0,289997.0,0.04044423444177086,0.03853134997827472,0.044198489661446745,0.032007105962223864,0.03148762440853117,0.03543085125095238,0.00011445209383964543,0.0004228369022409122,-0.0003497147311766943,-0.0,0.0,0.0,0.0,1.0,0.0,0.0,62.448150317471715,64.2292406877917,62.85533275579627,241.7484264626188,249.5668768611818,251.05075490812976,12175.781753805995,13190.600676436057,12648.839144253621,11773.372764701484,657.0417147726693,8.643253731245224,171.11155321522168,0.010143873269298128,0.14841293450636625,26769.714113574057
2024-10-12 17:34:38.683142,0.0,1.0,0.0,0.0,0.0,0.0,0.0,289998.0,0.04089256110871732,0.03819186010094626,0.04443358966925187,0.032007105962223864,0.031763702384431956,0.03504542260087845,0.00011763131866852444,0.00042283690224091225,-0.000321101707716783,-0.0,0.0,0.0,0.0,1.0,0.0,0.0,60.507786375295055,60.956258465026096,61.80255937366064,229.3742159976008,226.81421579875357,231.40552769084647,11169.57173946316,11152.070227811219,11544.343853976297,10505.894179902032,609.2556348801105,8.313487260738041,164.66634640096305,0.00964335881868804,0.15204291263147193,27532.77344545295
2024-10-12 17:34:38.683142,0.0,1.0,0.0,0.0,0.0,0.0,0.0,289999.0,0.04108320345271294,0.03880080326089556,0.043784027154931265,0.03151841915858901,0.032097906445255474,0.03499001478345783,0.00010491441935300828,0.0004419122512141865,-0.000321101707716783,-0.0,0.0,0.0,0.0,1.0,0.0,0.0,56.57703092578055,58.12044847715697,58.77855080998251,205.92184531872985,205.06040926441977,215.11483189891587,9142.885060774,9575.823793747899,10080.34900613616,8942.316936724961,554.0401631845008,7.777375198801108,154.12752046644053,0.009128937933973829,0.15544056819375435,28105.659153179404
2024-10-12 17:34:38.683142,0.0,1.0,0.0,0.0,0.0,0.0,0.0,290000.0,0.04089256110871732,0.03913501101148131,0.04336560364453033,0.0316106234096681,0.03233879467572394,0.034767500508899686,0.00011127286901076637,0.00045462915052970265,-0.00032746015737454104,-0.0,0.0,0.0,0.0,1.0,0.0,0.0,53.06157886372403,53.302560135570815,54.489592912913054,191.67551625338032,189.44240620245964,188.03169969308493,7925.498439954822,7756.577216241863,8158.315986127722,7401.319726320465,499.8293156881731,7.132721926175852,141.40306495135758,0.008772061949920787,0.1585577202033487,27427.31825221157
2024-10-12 17:34:38.683142,0.0,1.0,0.0,0.0,0.0,0.0,0.0,290001.0,0.04114655461363215,0.039201510653345636,0.043003714672582107,0.03120910432259612,0.032398736885968185,0.03465570761333854,9.537674486637117e-05,0.0004482707008719446,-0.0003656108553210895,-0.0,0.0,0.0,0.0,1.0,0.0,0.0,48.02664202489351,48.58592873470503,49.443843712723485,188.11704106093666,176.18458825693398,184.55567432131215,6868.962217236071,6429.244520226276,7010.752344144686,6278.933485293459,469.71402036893767,6.4409627140192205,127.65085880273573,0.009070037582313431,0.16137171246851123,26904.11942531184
2024-10-12 17:34:38.683142,0.0,1.0,0.0,0.0,0.0,0.0,0.0,290002.0,0.04139898983206046,0.03859888964444313,0.043784027154931265,0.030928076150071922,0.03224867245309928,0.03465570761333854,7.630139589309694e-05,0.00040694077809651707,-0.0003974031036098799,-0.0,0.0,0.0,0.0,1.0,0.0,0.0,43.17532580095217,43.743357363633976,45.05545843879694,178.4170975397174,175.43028604574957,188.03524810278938,5788.083009086268,5734.055302536397,6199.698840126656,5447.706859896319,461.80010795591636,5.687753513851872,112.64997045226677,0.009714730271620559,0.16385501848381454,27385.074160357104
2024-10-12 17:34:38.683142,0.0,1.0,0.0,0.0,0.0,0.0,0.0,290003.0,0.041587310697157,0.03900167157440239,0.043843475963241854,0.031115710284795706,0.03227874115189541,0.03473958601181881,6.040527174870174e-05,0.0004132992277542751,-0.000406940778096517,-0.0,0.0,0.0,0.0,1.0,0.0,0.0,38.856192008617626,38.844538220905605,39.29848992179638,172.57395671569577,184.07324711983063,183.674711162797,5136.97483935644,5242.346220100761,4964.966847204863,4677.499969539579,454.835785858054,4.96351620554878,98.20430994364312,0.010738497903368996,0.16601987793857217,26699.484290092623
2024-10-12 17:34:38.683142,0.0,1.0,0.0,0.0,0.0,0.0,0.0,290004.0,0.041587310697157,0.03959816335788845,0.044198489661446745,0.030612797008878905,0.032067668184708895,0.03479539261166803,7.630139589309694e-05,0.00044509147604306553,-0.00043873302638530737,-0.0,0.0,0.0,0.0,1.0,0.0,0.0,35.05418522784949,33.976444933635946,34.91979050526106,172.60679308347022,192.56393541823803,173.80951234221567,4549.702274348293,4755.164025005073,3963.6454547853223,4003.8231642257083,456.71962131375636,4.235652243936487,83.71371206072091,0.011796681602454668,0.16786530021333296,26758.88782719588
2024-10-12 17:34:38.683142,0.0,1.0,0.0,0.0,0.0,0.0,0.0,290005.0,0.04183708658073959,0.03946638873835309,0.0436051944382425,0.030453933471522428,0.03260766687993288,0.034515457310635475,8.265984555085502e-05,0.0004514499257008236,-0.0004514499257008236,-0.0,0.0,0.0,0.0,1.0,0.0,0.0,30.49873746383348,30.859423729060193,28.060884925587512,175.60417320126194,200.36801957402972,166.00855958996436,3713.8181427011864,4436.562676427701,3093.778948365048,3340.5158084034083,463.64565868507987,3.487422845517451,68.80162815178713,0.013574906177192002,0.16938199388281236,27263.904531872497
2024-10-12 17:34:38.683142,0.0,1.0,0.0,0.0,0.0,0.0,0.0,290006.0,0.04139898983206046,0.039925697169818586,0.04330549882888886,0.03073929670896773,0.03272645658802371,0.03443103291031149,7.948062072197598e-05,0.00044509147604306553,-0.00045462915052970265,-0.0,0.0,0.0,0.0,1.0,0.0,0.0,24.179546502375228,26.986422917853336,25.573678232762706,191.3906912858489,208.60872522590589,159.5815335209718,2951.734752566696,3773.1674442795374,2720.8840122496904,2732.387527927262,473.38362813478767,2.799360698779696,55.11888738853201,0.015509373040788012,0.17059705913368844,26788.702474183938
2024-10-12 17:34:38.683142,0.0,1.0,0.0,0.0,0.0,0.0,0.0,290007.0,0.04082881584609787,0.03966388649582423,0.04336560364453033,0.030517578125,0.032874340109372714,0.034599675713128386,5.722604691982271e-05,0.00041965767741203324,-0.00041012000292539613,-0.0,0.0,0.0,0.0,1.0,0.0,0.0,22.078481369642788,21.261128923477774,22.47671219551462,209.7492376699873,220.8323907600595,144.2049331654906,2801.4950147337595,3183.8646313168247,2006.5812640215147,2238.1895947864596,502.5149668773185,2.1652969958472505,42.53233766954569,0.017863652166030426,0.17153466088853708,27156.391876506554
2024-10-12 17:34:38.683142,0.0,1.0,0.0,0.0,0.0,0.0,0.0,290008.0,0.03986040571620479,0.03933417265909616,0.04336560364453033,0.03073929670896773,0.032308781866774994,0.034878935091133,5.404682209094367e-05,0.000400582328438759,-0.0004419122512141865,-0.0,0.0,0.0,0.0,1.0,0.0,0.0,16.943861083964443,19.803996969629036,16.785798389529084,220.28905937335583,233.77316672245206,138.73696546696598,1963.9279089503207,3052.7816878220074,1571.1298336307357,1754.0136577691069,537.0685097592857,1.595070312627688,31.187076376133355,0.022391798993601504,0.1722221626610954,27652.141665535528
2024-10-12 17:34:38.683142,0.0,1.0,0.0,0.0,0.0,0.0,0.0,290009.0,0.03966388649582423,0.03859888964444313,0.043784027154931265,0.03095942747707764,0.03197678183797181,0.03448733880714076,2.2254573802153274e-05,0.0003910446539521218,-0.00046416682501633976,-0.0,0.0,0.0,0.0,1.0,0.0,0.0,15.253953761017106,14.847066145275333,11.952478217057216,238.18501716612977,246.72000815268595,119.44264555014804,2004.0427092495543,2555.173740521076,766.1869381814834,1322.3379377861124,601.8105403973184,1.0812590454619748,20.982346281039717,0.029726208113483234,0.17268470682800188,29389.63382880502
2024-10-12 17:34:38.683142,0.0,1.0,0.0,1.0,0.0,1.0,133.24322509765625,290010.0,0.03926789767914727,0.037780445658522906,0.04396213240745474,0.03070772063827226,0.031549183850304155,0.0350730936850165,4.6259292692714854e-21,0.00037196930497884767,-0.0004737044995029769,-0.0,0.0,0.0,0.0,1.0,0.0,0.0,8.746361057989036,13.605236786428783,10.858129433351749,247.31378831260983,257.5946802088682,116.417044157968,1272.1598647542228,2389.8939984357444,668.6754941492047,971.3358803601438,673.3203062655188,0.7169222289144651,13.775872076628463,0.0392352530701038,0.1729883882746689,30210.621738195186
2024-10-12 17:34:38.683142,1.0,1.0,1.0,1.0,101.25199127197266,1.0,69.26075744628906,290011.0,0.03986040571620479,0.03798670986099516,0.04372449751876115,0.030990747087997286,0.03148762440853117,0.03504542260087845,-1.2716899315516153e-05,0.00037514852980772667,-0.00046416682501633976,-0.0,0.0,0.0,0.0,1.0,0.0,0.0,6.683379244312752,12.1408961127237,7.6707138806336355,249.50209815264824,271.4662351949205,94.09020213044394,908.0315390307762,2452.9983384158077,116.61648164191499,699.721612324556,949.121862039189,0.37066510968324473,7.040032972188714,0.05035127554831931,0.17314358189041137,40099.88225292817
2024-10-12 17:34:38.695142,1.0,1.0,1.0,1.0,1.0,1.0,1.0,290012.0,0.03946638873835309,0.036943874546794715,0.04318503823719134,0.031146872746571578,0.031115710284795706,0.035512898874331005,-1.9075348973274228e-05,0.00035607318083445244,-0.00046416682501633976,-0.0,0.0,0.0,0.0,1.0,0.0,0.0,6.426211345499199,8.798014620348882,6.964066612107293,253.6846236856333,275.97146836727103,63.714244021154336,830.5693818357388,1957.0115803094268,-146.4677114829377,462.3672613690102,2649.3555289134747,0.08791892281603396,1.6665494917758985,0.052223663349998214,0.17318032004809675,0.0
2024-10-12 17:34:38.771676,1.0,1.0,1.0,1.0,1.0,1.0,1.0,290013.0,0.039135011011481306,0.03630379747090976,0.04282162331969714,0.03105329154533826,0.03073929670896773,0.03554020599014928,-3.1792248288790337e-06,0.00031156403323014586,-0.00044509147604306553,-0.0,0.0,0.0,0.0,1.0,0.0,0.0,6.007974390855482,6.873556141187483,6.955122009852899,252.4485472309519,274.0974185951165,66.62237244040882,611.8415017301616,1334.5887238255928,-169.58579487728872,194.50104675878603,808.9933200095761,0.11826019036102801,-2.2958757949577806,0.029311644117573747,0.0,0.0
2024-10-12 17:34:38.782189,1.0,1.0,1.0,1.0,1.0,1.0,1.0,290014.0,0.03880080326089556,0.03701431097784902,0.043425625269995945,0.03120910432259612,0.031178004061435775,0.0357036100976489,3.1792248288790456e-06,0.0003306393822034201,-0.00043237457672754936,-0.0,0.0,0.0,0.0,1.0,0.0,0.0,6.081379253681587,7.6945886418751215,7.881748019511585,246.65575750539506,267.9772132824253,93.52292325784143,480.23310893956494,838.1157604025484,-430.4798676596405,-114.62779462659711,-143.8435146304596,0.38571317260108934,-7.609761278739928,0.013546617111510471,0.0,0.0
2024-10-12 17:34:38.857240,1.0,1.0,1.0,1.0,1.0,1.0,1.0,290015.0,0.03959816335788845,0.03666077555081008,0.043545420325923206,0.030896693010431804,0.03070772063827226,0.03543085125095238,-3.179224828879036e-06,0.0002988471339146297,-0.000403761553267638,-0.0,0.0,0.0,0.0,1.0,0.0,0.0,6.340015685000589,8.896318750269794,11.858093754363544,243.19584459278815,257.7542534154164,110.86223269335262,280.86635374542925,661.6445971470625,-949.3657126589067,-409.02402798712995,-309.02834915257546,0.6495148825843334,-12.63926680047767,0.02702254102417899,0.0,0.0
2024-10-12 17:34:38.940044,1.0,1.0,1.0,1.0,1.0,1.0,1.0,290016.0,0.039729500910396995,0.036589658557456724,0.04384347596324186,0.03064447088906264,0.030517578125,0.035211122922407,-1.5896124144395195e-05,0.0002861302345991135,-0.00041965767741203314,-0.0,0.0,0.0,0.0,1.0,0.0,0.0,10.456891147810897,9.49424077568079,14.745944566370582,232.1690793183564,249.17840718373705,112.74436417567178,-289.95559020199255,325.0649546134979,-1026.8076128762546,-708.7804844583827,-334.2236504918711,1.0383637357250342,-20.250975806638237,0.024861177740473885,0.0,0.0
2024-10-12 17:34:38.950476,1.0,1.0,1.0,1.0,1.0,1.0,1.0,290017.0,0.040185802182344105,0.036731754853566174,0.04354542032592321,0.03054935072925873,0.030612797008878905,0.03473958601181881,6.358449657758079e-06,0.0002988471339146297,-0.0004578083753585817,-0.0,0.0,0.0,0.0,1.0,0.0,0.0,12.43159764247714,14.662395431415034,15.368335052906128,212.90936894018748,238.95876899708435,128.73059495203952,-416.38011276952426,-422.1617191814729,-1231.983256938947,-1047.261644697575,-363.962141117938,1.4055525826347184,-27.477066755164092,0.022552870143850004,0.0,0.0
2024-10-12 17:34:39.025819,1.0,1.0,1.0,1.0,1.0,1.0,1.0,290018.0,0.04183708658073959,0.037503662109375,0.043962132407454745,0.0303262434606198,0.031084516582433108,0.03437463478414554,1.5896124144395205e-05,0.00031156403323014586,-0.0004260161270697913,-0.0,0.0,0.0,0.0,1.0,0.0,0.0,16.245106125606195,15.821434487229016,17.982164534916603,202.95861146272372,224.5853343983146,135.50632125698385,-1238.8177563660847,-654.2796149519963,-1610.309471152811,-1496.337967508376,-368.94329882737344,1.9798959737506818,-38.72946083942294,0.0219319258967302,0.0,0.0
2024-10-12 17:34:39.036817,1.0,1.0,1.0,1.0,1.0,1.0,1.0,290019.0,0.04202344423617756,0.03715478325109878,0.04413951900188092,0.030294236862297798,0.031364143052817484,0.03426156002122874,3.497147311766943e-05,0.0003083848084012668,-0.000400582328438759,-0.0,0.0,0.0,0.0,1.0,0.0,0.0,19.053286974621482,19.937321581099006,19.975829561710828,183.29974272480283,218.30842234999577,156.8821907596329,-1583.7035499115882,-1804.580339388965,-2263.773216077454,-2194.7810077886165,-424.6940670511242,2.5237265418549266,-49.349911876925795,0.02228091953548461,0.0,0.0
2024-10-12 17:34:39.110045,1.0,1.0,1.0,1.0,1.0,1.0,1.0,290020.0,0.04220897910845452,0.038123599349151736,0.044667452282818626,0.030485772407004817,0.03151841915858901,0.03351727697218139,9.53767448663712e-06,0.0003401770566900572,-0.00040376155326763796,-0.0,0.0,0.0,0.0,1.0,0.0,0.0,22.001297253277244,20.92536088482287,24.30724449740224,182.02764433092867,204.59445517364765,168.00265781591864,-2648.6206578296174,-2279.1730770121135,-2977.1789206578533,-2929.0498385127457,-460.1247399589032,3.108651027789952,-60.788658362963695,0.02226628496508239,0.0,0.0
2024-10-12 17:34:39.194596,1.0,1.0,1.0,1.0,1.0,1.0,1.0,290021.0,0.04227064309912445,0.038733615672373205,0.04547650165015325,0.030485772407004817,0.03148762440853117,0.03360399710929144,3.1792248288790396e-05,0.0003560731808344524,-0.00038468620429436373,-0.0,0.0,0.0,0.0,1.0,0.0,0.0,23.379660872581702,24.81782936504353,25.521083509428642,174.1319326096853,200.7863805598576,190.59592264597552,-2868.9715936501193,-3380.921249660694,-3542.388981001762,-3561.529337293449,-469.99288119528,3.700444531585601,-72.36301080418328,0.022238947422129035,0.0,0.0
2024-10-12 17:34:39.205596,1.0,1.0,1.0,1.0,1.0,1.0,1.0,290022.0,0.04318503823719134,0.03893483061427055,0.04564800383634771,0.030422061214259163,0.03142594437984583,0.03305092691301418,6.358449657758079e-05,0.0003560731808344524,-0.00036243163049221044,-0.0,0.0,0.0,0.0,1.0,0.0,0.0,27.05321141124602,26.021821981770923,26.908478898288536,187.9669471699584,199.94312338360749,195.18635550289235,-3891.4318585476167,-3864.584288179969,-3852.4524793614846,-4180.695482030567,-485.47282913631796,4.204176254045919,-82.23467657840243,0.0219882373001928,0.0,0.0
2024-10-12 17:34:39.279002,1.0,1.0,1.0,1.0,1.0,1.0,1.0,290023.0,0.04306424069081518,0.03893483061427055,0.04553374081900146,0.03064447088906264,0.031084516582433108,0.032756086704177324,3.1792248288790396e-05,0.00037514852980772667,-0.00035925240566333144,-0.0,0.0,0.0,0.0,1.0,0.0,0.0,27.99590506157058,28.66633101188678,30.861744297795664,195.0689543986744,194.04468963059136,203.89668016222717,-4085.917641359308,-4248.669107336743,-4847.806732448555,-4719.4438617517335,-491.4788475411536,4.680682391719533,-91.6974746319593,0.020468951341595213,0.0,0.0
2024-10-12 17:34:39.290003,1.0,1.0,1.0,1.0,1.0,1.0,1.0,290024.0,0.042943103346232976,0.0378493252884673,0.04570502822314875,0.030676112065162197,0.030453933471522428,0.03254810944778678,6.358449657758075e-06,0.0003306393822034201,-0.0003497147311766943,-0.0,0.0,0.0,0.0,1.0,0.0,0.0,31.066447062250493,31.52701296352957,32.120226923609046,199.33682703373012,197.80660189209462,198.0803038954644,-4645.967730928528,-4793.364401271885,-4702.1689409495075,-5051.682665515812,-482.5148899908731,5.092911408832461,-99.97622255723856,0.018476716639394066,0.0,0.0
2024-10-12 17:34:39.364427,1.0,1.0,1.0,1.0,1.0,1.0,1.0,290025.0,0.04282162331969713,0.03825999906698716,0.04547650165015325,0.030990747087997286,0.030294236862297798,0.032696799620819436,1.1564823173178714e-21,0.0003369978318611782,-0.0003497147311766943,-0.0,0.0,0.0,0.0,1.0,0.0,0.0,34.667654028864774,33.12356395650061,33.535208363090625,199.86634343315092,203.224734081471,194.36253198596174,-5364.106648488811,-5083.541492951872,-4640.291050363467,-5378.140806570905,-473.4451740935515,5.517715577023289,-108.47604844410444,0.017020296444625948,0.0,0.0
2024-10-12 17:34:39.375370,1.0,1.0,1.0,1.0,1.0,1.0,1.0,290026.0,0.04330549882888886,0.03853134997827472,0.045304350237362054,0.03105329154533826,0.030581090322992784,0.032667115729434024,1.1564823173178714e-21,0.0003687900801499686,-0.000324280932545662,-0.0,0.0,0.0,0.0,1.0,0.0,0.0,36.23276378696196,36.365253765514076,37.51279202954989,197.3452254576702,200.03043954553462,200.97019837620866,-5334.739028185452,-5389.050362163024,-5464.135635925086,-5758.6328662163505,-478.0882478324327,5.840214489885429,-115.02247423128645,0.015254709989744396,0.0,0.0
2024-10-12 17:34:39.449641,1.0,1.0,1.0,1.0,1.0,1.0,1.0,290027.0,0.04354542032592321,0.03825999906698716,0.045590908124401384,0.030896693010431804,0.030485772407004817,0.032667115729434024,3.179224828879043e-06,0.0003815069794654848,-0.0003306393822034201,-0.0,0.0,0.0,0.0,1.0,0.0,0.0,38.685653569676155,39.133378505296406,39.943026533745666,202.43207024171562,199.89604241489525,201.9357425629118,-5822.177415623925,-5661.8663870155215,-5999.866736433832,-6206.089395367142,-481.33605484398265,6.24527870077309,-123.12351770901884,0.01426722802796906,0.0,0.0
2024-10-12 17:34:39.532892,1.0,1.0,1.0,1.0,1.0,1.0,1.0,290028.0,0.04245509769062346,0.0373645014732293,0.04536180663361167,0.03127121205432006,0.030230122003416366,0.03257790177388484,-6.358449657758075e-06,0.00037196930497884767,-0.0003528939560055733,-0.0,0.0,0.0,0.0,1.0,0.0,0.0,41.13096482128504,42.17388305012483,41.561457841392844,202.60699921560376,212.340293546654,212.59677136008793,-6144.954745778249,-6907.536360694966,-6660.666439570215,-6977.977560735508,-513.4444048639969,6.582708719326081,-129.77992683000105,0.014236142266313478,0.0,0.0
2024-10-12 17:34:39.543964,1.0,1.0,1.0,1.0,1.0,1.0,1.0,290029.0,0.04288240635003635,0.037711440220720746,0.045246820880521094,0.031115710284795706,0.02961410853680346,0.032874340109372714,1.58961241443952e-05,0.00036561085532108955,-0.00038468620429436373,-0.0,0.0,0.0,0.0,1.0,0.0,0.0,43.26195239008073,42.991430272101226,43.599209438693386,219.5599359043906,220.94975229038252,214.0294340184828,-7338.483573981934,-7288.605859054769,-6915.139784085854,-7621.3596264203015,-533.2967042877882,6.923047150960679,-136.46929162021087,0.014384210850899462,0.0,0.0
2024-10-12 17:34:39.618262,1.0,1.0,1.0,1.0,1.0,1.0,1.0,290030.0,0.04269979768643891,0.0373645014732293,0.04449217056439318,0.030802351742838057,0.029548517961177193,0.033226575237181734,5.722604691982271e-05,0.0003338186070322991,-0.00038468620429436373,-0.0,0.0,0.0,0.0,1.0,0.0,0.0,44.47565199961113,44.16237313588735,43.508473964459675,231.7048986948612,231.91117979893406,227.12702840317428,-8022.729269102648,-7841.141618832043,-7387.956909889797,-8232.965637251173,-557.3635698221339,7.160696028032025,-141.05520149719035,0.015073388501616294,0.0,0.0
2024-10-12 17:34:39.629262,1.0,1.0,1.0,1.0,1.0,1.0,1.0,290031.0,0.042023444236177564,0.036231979799249525,0.04390284427203976,0.031022035078891817,0.029875030834123562,0.03363285413230715,6.358449657758079e-05,0.00031156403323014586,-0.0003878654291232428,-0.0,0.0,0.0,0.0,1.0,0.0,0.0,44.90089491873296,44.26690817943518,45.667326808206035,246.90356071021586,236.86240738306395,243.46899020765125,-8483.03801078123,-7968.593461730674,-8718.436907376594,-8916.163664673311,-591.6350836434447,7.310686487290708,-143.9114981393814,0.015745659524827774,0.0,0.0
2024-10-12 17:34:39.703608,1.0,1.0,1.0,1.0,1.0,1.0,1.0,290032.0,0.04120980838596827,0.037084613626145846,0.043962132407454745,0.031364143052817484,0.03016587087444806,0.03337224263981984,4.76883724331856e-05,0.00034653550634781527,-0.00039740310360987996,-0.0,0.0,0.0,0.0,1.0,0.0,0.0,44.518354243344405,45.335934656017855,45.641317398432584,248.84429236964132,259.4564602766759,256.76878582339793,-8374.334486003188,-9059.117231283106,-8706.29437721843,-9290.741541632624,-616.8658067942224,7.310686487290708,-143.82390060079732,0.01634476563296384,0.0,0.0
2024-10-12 17:34:39.786647,1.0,1.0,1.0,1.0,1.0,1.0,1.0,290033.0,0.0418370865807396,0.037711440220720746,0.044080469451694804,0.03142594437984583,0.030485772407004817,0.03360399710929144,5.404682209094367e-05,0.0003528939560055733,-0.00040376155326763796,-0.0,0.0,0.0,0.0,1.0,0.0,0.0,44.98608272919627,44.35081767508958,44.28569821035182,270.4245751136507,263.27629361445565,264.2176453232663,-9237.960813581663,-8773.974755885167,-8582.907433667686,-9484.200767637454,-630.4820248589573,7.30877747698274,-143.6479430591022,0.017291581858338848,0.0,0.0
2024-10-12 17:34:39.797648,1.0,1.0,1.0,1.0,1.0,1.0,1.0,290034.0,0.042023444236177564,0.03839591423416136,0.04330549882888886,0.03157991857152382,0.03077084037730748,0.03357511528435138,6.676372140645982e-05,0.00035925240566333144,-0.00037832775463660567,-0.0,0.0,0.0,0.0,1.0,0.0,0.0,43.91736684374988,43.72866276877066,43.94882750127122,272.02897158699784,275.2279383165592,276.331648836651,-9069.50130711389,-9139.213529139726,-9135.266189396118,-9760.412026333039,-660.9967476716341,7.183106135474749,-141.00684998010155,0.01848276135222346,0.0,0.0
2024-10-12 17:34:39.871273,1.0,1.0,1.0,1.0,1.0,1.0,1.0,290035.0,0.04152463197171362,0.038733615672373205,0.04372449751876115,0.03167194378429309,0.030581090322992784,0.03386282504451316,7.630139589309695e-05,0.0003846862042943638,-0.00037832775463660567,-0.0,0.0,0.0,0.0,1.0,0.0,0.0,42.2183574508388,42.66601483061828,44.06105653155059,283.9259124426913,278.2797497032333,280.8498127423186,-9185.128209147333,-9009.76986794253,-9474.897192383567,-9887.322573579115,-690.208792637221,6.976766556673017,-136.79480281755562,0.019640389954595033,0.0,0.0
2024-10-12 17:34:39.882427,1.0,1.0,1.0,1.0,1.0,1.0,1.0,290036.0,0.04127296521748624,0.03825999906698716,0.04449217056439318,0.03182472780550264,0.03026219641244205,0.03403428348265909,9.855596969525021e-05,0.00036879008014996856,-0.0003942238787810009,-0.0,0.0,0.0,0.0,1.0,0.0,0.0,40.874863669076255,41.6685376284367,40.14460560510675,283.44940981896445,288.5227070667113,289.58603410108043,-8947.321778656364,-9567.849826614962,-8924.552688663784,-9817.285471136076,-719.6782168808412,6.658451893673672,-130.2640102612072,0.02181458737447957,0.0,0.0
2024-10-12 17:34:39.957517,1.0,1.0,1.0,1.0,1.0,1.0,1.0,290037.0,0.04050858489526056,0.03853134997827472,0.04425738174574523,0.03218845078999174,0.03016587087444806,0.03417650843776925,8.901829520861311e-05,0.0003433562815189362,-0.00037832775463660567,-0.0,0.0,0.0,0.0,1.0,0.0,0.0,39.462439356517,37.86503391825068,38.5313638523605,295.38543494013,290.81115454296236,288.7305807981752,-9430.300110482689,-8846.524645678553,-8704.831293797319,-9659.935927249191,-748.8925786270196,6.312905630300156,-123.17600120364425,0.02441119496199654,0.0,0.0
2024-10-12 17:34:39.968517,1.0,1.0,1.0,1.0,1.0,1.0,1.0,290038.0,0.04044423444177086,0.038733615672373205,0.04413951900188092,0.03224867245309928,0.030422061214259163,0.03417650843776925,8.583907037973405e-05,0.00033699783186117815,-0.0003560731808344524,-0.0,0.0,0.0,0.0,1.0,0.0,0.0,36.54797914428259,35.839483592145974,36.525442107875094,289.61995276806647,290.9338559821853,291.31171800567404,-8566.349782327992,-8501.482387960341,-8368.506579158176,-9125.906764300556,-756.0710386951516,5.9194078173324405,-115.26164321073695,0.026409002660343812,0.0,0.0
2024-10-12 17:34:40.041956,1.0,1.0,1.0,1.0,1.0,1.0,1.0,290039.0,0.04012093401707996,0.038733615672373205,0.04413951900188092,0.03242866644143693,0.030990747087997286,0.03417650843776925,8.265984555085502e-05,0.000321101707716783,-0.0003560731808344524,-0.0,0.0,0.0,0.0,1.0,0.0,0.0,33.949938612738414,33.13172164197081,35.59757255526949,290.1202493473701,279.6603023195815,285.9456517774572,-8002.370258574409,-7322.846921250337,-8181.837232867221,-8452.198455244614,-741.0038203748527,5.601639630151344,-108.9232573833716,0.027755580731380115,0.0,0.0
2024-10-12 17:34:40.125002,1.0,1.0,1.0,1.0,1.0,1.0,1.0,290040.0,0.040055960801949016,0.038666311337125336,0.04518921828443541,0.03290383705573704,0.03095942747707764,0.03363285413230715,5.722604691982271e-05,0.000321101707716783,-0.0003338186070322991,-0.0,0.0,0.0,0.0,1.0,0.0,0.0,31.557885368025502,33.322867157957006,33.381993715173564,268.774342474465,276.9479105487322,283.6581227429636,-6544.032129294957,-7541.061223363446,-7326.353648326675,-7721.42448953291,-705.761694877077,5.372829453764428,-104.47460247334757,0.027750616575514822,0.0,0.0
2024-10-12 17:34:40.135278,1.0,1.0,1.0,1.0,1.0,1.0,1.0,290041.0,0.04025056580563931,0.03886787470812279,0.045304350237362054,0.03290383705573704,0.030802351742838057,0.033430331878977426,5.404682209094367e-05,0.000321101707716783,-0.0003528939560055733,-0.0,0.0,0.0,0.0,1.0,0.0,0.0,31.90768194508945,30.97600194241992,30.797053473300462,269.4317462117248,269.78626380252655,261.7686390876531,-6923.740827913845,-6582.06377008494,-5942.2023709937785,-7030.574319415666,-660.4887103050319,5.228083101331969,-101.64751992746513,0.027870082042420283,0.0,0.0
2024-10-12 17:34:40.210470,1.0,1.0,1.0,1.0,1.0,1.0,1.0,290042.0,0.040315225390783915,0.03825999906698716,0.046045691532351565,0.032785690042080325,0.030896693010431804,0.03392007415562166,2.8613023459911357e-05,0.000321101707716783,-0.0003656108553210895,-0.0,0.0,0.0,0.0,1.0,0.0,0.0,30.766368002130747,30.745246742017194,30.95469744431925,257.9047097660571,252.78327319738008,261.59540433375753,-6115.297536500203,-6060.108662065632,-6415.4757924171645,-6708.199387698488,-639.6511634914752,5.147088033403902,-100.14612520711552,0.027157447500598675,0.0,0.0
2024-10-12 17:34:40.220956,1.0,1.0,1.0,1.0,1.0,1.0,1.0,290043.0,0.04037978143756249,0.037780445658522906,0.04615868726430257,0.03257790177388484,0.031240173622796498,0.034005767111097776,3.1792248288790396e-05,0.00031474325805902487,-0.0003656108553210895,-0.0,0.0,0.0,0.0,1.0,0.0,0.0,30.565493921224874,30.25999403066785,32.064273988355204,252.5950848694768,252.87553387680728,250.61109321775265,-5978.39120116919,-5991.077166044968,-6227.748664454022,-6560.901666151877,-630.6283553724198,5.100924312155808,-99.34852333348704,0.026171363719967828,0.0,0.0
2024-10-12 17:34:40.296630,1.0,1.0,1.0,1.0,1.0,1.0,1.0,290044.0,0.04063698009803076,0.03764230828317236,0.04627140705916457,0.03254810944778678,0.03142594437984583,0.03397722680635423,3.815069794654847e-05,0.00033699783186117815,-0.0003878654291232428,-0.0,0.0,0.0,0.0,1.0,0.0,0.0,30.003821193154362,30.18623546479921,31.321595842594895,251.206827989142,251.75616356155967,252.05453130952552,-5847.212051095056,-5957.673154120078,-5776.801107198428,-6358.070767233458,-615.0592804485906,5.06848452963665,-98.71423031567753,0.026195801343857024,0.0,0.0
2024-10-12 17:34:40.378745,1.0,1.0,1.0,1.0,1.0,1.0,1.0,290045.0,0.04082881584609787,0.0373645014732293,0.04699749641733918,0.032933307582966455,0.03191604715477278,0.03434640099311143,4.132992277542752e-05,0.000324280932545662,-0.00043555380155642836,-0.0,0.0,0.0,0.0,1.0,0.0,0.0,29.491400601141947,30.13724281500317,29.392632285636513,255.1437242896888,250.4437482411673,255.39439427595605,-5775.788602844248,-5801.535838320332,-5595.644981927922,-6225.97220769316,-608.8505572039659,5.019560131617338,-97.64901163506785,0.027315052767336184,0.0,0.0
2024-10-12 17:34:40.389750,1.0,1.0,1.0,1.0,1.0,1.0,1.0,290046.0,0.04050858489526056,0.0378493252884673,0.04632766410980066,0.03299216966314644,0.03221857569203676,0.03448733880714076,3.815069794654847e-05,0.00031474325805902487,-0.00041647845258315413,-0.0,0.0,0.0,0.0,1.0,0.0,0.0,29.88319548411969,28.503413022172104,29.032542713911717,257.7009835347517,260.2381810695133,250.3804288474291,-6085.22467292053,-5620.820604151689,-5462.932833260502,-6227.780743334469,-622.0767584448871,4.920352813291301,-95.60062256034401,0.028518622667677643,0.0,0.0
2024-10-12 17:34:40.464041,1.0,1.0,1.0,1.0,1.0,1.0,1.0,290047.0,0.04057283328598263,0.038055216156251626,0.04677528478753899,0.032696799620819436,0.032398736885968185,0.03411968959808029,5.722604691982271e-05,0.00033699783186117815,-0.0004260161270697913,-0.0,0.0,0.0,0.0,1.0,0.0,0.0,27.993566708058214,28.78142751058867,29.090291327509657,252.544213764921,256.93078681278985,268.9945266209203,-5106.660995781514,-5815.441564259871,-6043.347983652001,-6171.308501134784,-632.6451673560783,4.799138392735417,-93.15119792082292,0.029500815585685455,0.0,0.0
2024-10-12 17:34:40.475039,1.0,1.0,1.0,1.0,1.0,1.0,1.0,290048.0,0.040956207156739845,0.03880080326089556,0.046607930817067524,0.032368779656366614,0.03227874115189541,0.03448733880714076,6.358449657758079e-05,0.0003815069794654847,-0.00043555380155642836,-0.0,0.0,0.0,0.0,1.0,0.0,0.0,26.892017678247072,26.341113919157944,29.04948633892736,277.94572910874575,254.96848286762884,260.31982415528415,-5517.195450542441,-4863.127826073728,-5784.924870236793,-5923.785850098076,-634.4487916687046,4.602030316535878,-89.16084124437046,0.03128798474012223,0.0,0.0
2024-10-12 17:34:40.549871,1.0,1.0,1.0,1.0,1.0,1.0,1.0,290049.0,0.04044423444177086,0.0387336156723732,0.04621508152756302,0.03194642892952922,0.03185519667586617,0.034851109849295854,4.7688372433185584e-05,0.00037196930497884756,-0.0004260161270697913,-0.0,0.0,0.0,0.0,1.0,0.0,0.0,25.456052260629352,25.901665527794602,26.017209503629836,271.9811913778586,275.2053997724051,258.44160521712536,-4985.411086865331,-5108.364765759708,-4880.337631160974,-5542.784238111319,-632.2789407948835,4.331900501541144,-83.71256289620203,0.03376632419858297,0.0,0.0
2024-10-12 17:34:40.632960,1.0,1.0,1.0,1.0,1.0,1.0,1.0,290050.0,0.04012093401707996,0.03839591423416135,0.04598908955455482,0.03173314566510837,0.032007105962223864,0.03556749214080218,6.358449657758079e-05,0.00035289395600557344,-0.0004323745767275493,-0.0,0.0,0.0,0.0,1.0,0.0,0.0,24.177862335190007,23.08269538134956,25.367201682698752,268.614450748298,275.5483615965311,259.8440880708661,-4783.164031984988,-4476.082636487442,-4428.01509658586,-5110.914816830116,-631.8765019508793,4.005953411732676,-77.23920933682915,0.03594473776691712,0.0,0.0
2024-10-12 17:34:40.644129,1.0,1.0,1.0,1.0,1.0,1.0,1.0,290051.0,0.04012093401707996,0.03853134997827471,0.04564800383634771,0.03130221970899244,0.03194642892952922,0.03543085125095238,7.312217106421791e-05,0.0003656108553210895,-0.00041965767741203324,-0.0,0.0,0.0,0.0,1.0,0.0,0.0,21.507608328441666,22.75761916174921,23.598514240958345,255.24778511960736,269.24646312094643,266.56506215529055,-3710.8238823538154,-4468.3159271179875,-4012.020578179556,-4597.386906074499,-623.5947581737319,3.6575440254634612,-70.40118684293328,0.03758934475146211,0.0,0.0
2024-10-12 17:34:40.717803,1.0,1.0,1.0,1.0,1.0,1.0,1.0,290052.0,0.040055960801949016,0.03853134997827472,0.04437493143949452,0.031084516582433108,0.03182472780550264,0.03556749214080218,6.676372140645982e-05,0.00035925240566333144,-0.00042601612706979125,-0.0,0.0,0.0,0.0,1.0,0.0,0.0,19.929348369619156,19.653219236339883,22.186620187731783,259.3664757278821,255.44183444334502,251.72775910479726,-3780.256852818218,-3346.8836693410167,-3347.345281559056,-3991.8275368246223,-590.9916288639789,3.360039625602907,-64.50031304272909,0.04018523247094862,0.0,0.0
2024-10-12 17:34:40.728757,1.0,1.0,1.0,1.0,1.0,1.0,1.0,290053.0,0.03986040571620479,0.03839591423416136,0.0446091015690999,0.030896693010431804,0.031364143052817484,0.03548557074494756,9.855596969525022e-05,0.00035925240566333144,-0.00042919535189867036,-0.0,0.0,0.0,0.0,1.0,0.0,0.0,19.460845557116894,19.18443020975438,17.962790316754862,239.09147266614704,252.02939906857833,244.11545183106142,-3106.4710445858077,-3334.0470446279746,-2548.6512308098904,-3457.269132302972,-547.5599226805531,3.1471071869870815,-60.29383625938495,0.04207526663386479,0.0,0.0
2024-10-12 17:34:40.803757,1.0,1.0,1.0,1.0,1.0,1.0,1.0,290054.0,0.03966388649582423,0.03798670986099516,0.04484204885310999,0.03073929670896773,0.03157991857152382,0.0357036100976489,0.00010173519452412927,0.00036561085532108955,-0.00042919535189867025,-0.0,0.0,0.0,0.0,1.0,0.0,0.0,19.040135140500247,18.07024893856038,18.695161599234115,235.4868089092278,234.5460164582761,229.887640983719,-2820.671531057313,-2545.467199359935,-2623.862437682407,-3096.4574490159157,-504.8784792487901,3.0447202191733367,-58.56654969542766,0.03822772735208993,0.0,0.0
2024-10-12 17:34:40.814757,1.0,1.0,1.0,1.0,1.0,1.0,1.0,290055.0,0.03959816335788845,0.037503662109375,0.04384347596324186,0.03013369393635788,0.03145679951185349,0.03532115794976128,8.583907037973405e-05,0.0003497147311766943,-0.00037196930497884767,-0.0,0.0,0.0,0.0,1.0,0.0,0.0,19.046791675850535,18.18572680317069,21.836587411039833,213.42210019378592,229.28940894477648,217.57181489466336,-2294.1058227258695,-2477.2653677092585,-2292.837465664141,-2769.2519968175725,-447.3807371142355,3.0447202191733367,-59.10940378929347,0.029313047926911102,0.0,0.0
2024-10-12 17:34:40.887686,1.0,1.0,1.0,1.0,1.0,1.0,1.0,290056.0,0.03946638873835309,0.037503662109375,0.04390284427203976,0.02977745290061739,0.03120910432259612,0.03479539261166803,6.040527174870177e-05,0.0003687900801499686,-0.00037514852980772667,-0.0,0.0,0.0,0.0,1.0,0.0,0.0,19.96479158804937,21.086689826079375,22.575841586019813,206.2301652339669,203.85185712543728,209.09135203698557,-1821.7655126083237,-2076.8474251042585,-2109.9652007647182,-2394.0158937481183,-374.5719778729295,3.1169879992744094,-61.03277647638112,0.020965488308124836,0.0,0.0
2024-10-12 17:34:40.971373,1.0,1.0,1.0,1.0,1.0,1.0,1.0,290057.0,0.03986040571620479,0.0373645014732293,0.04330549882888886,0.029810014367864183,0.030928076150071922,0.03504542260087845,5.0867597262064634e-05,0.00037196930497884756,-0.0003560731808344524,-0.0,0.0,0.0,0.0,1.0,0.0,0.0,23.688465209079553,21.921615861429412,24.117202115832455,193.44596792584022,200.8997247593353,176.07592443310963,-2245.30789088602,-1758.4816400341188,-1213.104114460991,-2089.8987312970903,-307.20754004258345,3.2963827597748447,-64.96280272313115,0.014635018786951462,0.0,0.0
2024-10-12 17:34:40.982324,1.0,1.0,1.0,1.0,1.0,1.0,1.0,290058.0,0.03946638873835309,0.036518403069078165,0.04372449751876115,0.02977745290061739,0.03095942747707764,0.034767500508899686,5.4046822090943663e-05,0.000324280932545662,-0.0003560731808344524,-0.0,0.0,0.0,0.0,1.0,0.0,0.0,26.033748678972245,27.173787382212833,27.11318685907567,151.55039447214963,186.4376848534038,171.89068616401707,-1660.5763552866522,-2019.0437250665627,-1225.3625502116931,-1933.0251690110317,-250.84114548540347,3.7156827196318707,-73.58852795233813,0.00975764745019903,0.0,0.0
2024-10-12 17:34:41.056749,1.0,1.0,1.0,1.0,1.0,1.0,1.0,290059.0,0.03959816335788845,0.036160019490282594,0.043784027154931265,0.03010148260279399,0.030896693010431804,0.03465570761333854,5.404682209094367e-05,0.0003433562815189362,-0.00035289395600557344,-0.0,0.0,0.0,0.0,1.0,0.0,0.0,30.79062081108999,31.280788573231856,30.263768827874088,133.15238403456274,146.25742880545582,166.90971409109747,-1482.595039854244,-1954.3740817358012,-1415.354385314385,-1864.37076747837,-212.91364070268423,4.209852872780706,-83.61807794585489,0.006876481521512124,0.0,0.0
2024-10-12 17:34:41.067771,1.0,1.0,1.0,1.0,1.0,1.0,1.0,290060.0,0.03953233095432663,0.03673175485356617,0.0436051944382425,0.030230122003416366,0.03130221970899244,0.034515457310635475,6.676372140645982e-05,0.0003815069794654848,-0.00037514852980772667,-0.0,0.0,0.0,0.0,1.0,0.0,0.0,35.61561564059258,34.10185203718113,33.98133821366115,137.28032106737552,124.24368503497716,140.9741439265711,-2010.2449898165028,-1770.629694694682,-1700.3955731682129,-2044.5949964841598,-205.44040192660364,4.779837477085445,-95.03702210269232,0.005855088606044681,0.0,0.0
2024-10-12 17:34:41.142878,1.0,1.0,1.0,1.0,1.0,1.0,1.0,290061.0,0.03946638873835309,0.036731754853566174,0.04396213240745474,0.03054935072925873,0.03151841915858901,0.03468368961839258,5.0867597262064634e-05,0.00038468620429436373,-0.00038468620429436373,-0.0,0.0,0.0,0.0,1.0,0.0,0.0,39.07946170203277,37.54130028253293,39.87958706516134,131.5344146761273,124.33034094449425,117.65017085459294,-2425.9081255538185,-1905.1524693132294,-2149.7272722468083,-2366.102029285269,-209.096406378987,5.43165493039779,-108.05833739810045,0.0052908479756209855,0.0,0.0
2024-10-12 17:34:41.225128,1.0,1.0,1.0,1.0,1.0,1.0,1.0,290062.0,0.03953233095432663,0.03666077555081008,0.044900096837092805,0.0300692367632191,0.03173314566510837,0.03423323297213509,4.4509147604306555e-05,0.00034653550634781527,-0.0004005823284387589,-0.0,0.0,0.0,0.0,1.0,0.0,0.0,42.20608021634531,41.98026530500361,43.12758794785426,118.05523778890316,123.82708009481351,116.60971635838884,-2372.9620923933094,-2213.246777252685,-2287.7802105657465,-2498.821298795616,-195.1483042139872,6.1422972978777715,-122.27616218602853,0.004638197598508921,0.0,0.0
2024-10-12 17:34:41.236134,1.0,1.0,1.0,1.0,1.0,1.0,1.0,290063.0,0.03900167157440239,0.03694387454679471,0.04449217056439318,0.03039015553037446,0.032067668184708895,0.034515457310635475,3.497147311766943e-05,0.00037196930497884756,-0.00039422387878100085,-0.0,0.0,0.0,0.0,1.0,0.0,0.0,45.36228036648005,46.27582637664268,47.628156515717244,114.3424328190557,113.214663531044,117.83909240993788,-2093.4467684939054,-2140.357584546457,-2478.4873173889428,-2452.6681272750466,-172.40323567220176,6.8183205945735565,-135.8515997792399,0.0037752119828520438,0.0,0.0
2024-10-12 17:34:41.310515,1.0,1.0,1.0,1.0,1.0,1.0,1.0,290064.0,0.03966388649582423,0.03715478325109878,0.044316195568033935,0.03064447088906264,0.03179422973639322,0.03414811083549323,4.76883724331856e-05,0.0003751485298077266,-0.00038786542912324284,-0.0,0.0,0.0,0.0,1.0,0.0,0.0,49.12571358810261,50.000104389778066,50.9733336278057,115.05681427771131,110.24488430408576,108.52298477566114,-2124.392946742088,-1751.1459388349504,-2049.182354069018,-2199.7425136536704,-142.1554608627762,7.409854259070377,-147.7677575462234,0.0028970045845275075,0.0,0.0
2024-10-12 17:34:41.320978,1.0,1.0,1.0,1.0,1.0,1.0,1.0,290065.0,0.03999088202492748,0.037503662109375,0.04443358966925187,0.030928076150071922,0.03182472780550264,0.03397722680635423,6.994294623533886e-05,0.00036879008014996856,-0.0004164784525831542,-0.0,0.0,0.0,0.0,1.0,0.0,0.0,53.021233684722844,53.83797015420189,53.774163377292915,108.15678985601356,109.18075047390636,109.69872602824857,-1909.7139546743308,-1980.8162050314354,-2006.582980192349,-2202.456406997932,-133.68580342050663,7.886059880498924,-157.3234323238693,0.002521951976885215,0.0,0.0
2024-10-12 17:34:41.397222,1.0,1.0,1.0,1.0,1.0,1.0,1.0,290066.0,0.04005596080194901,0.03694387454679471,0.044316195568033935,0.031146872746571578,0.03191604715477278,0.03426156002122874,0.00010809364418188733,0.0003528939560055733,-0.00045462915052970265,-0.0,0.0,0.0,0.0,1.0,0.0,0.0,56.11437135109691,56.481639003539705,57.30306958001815,111.04877052288019,106.42746719874523,106.08651899715015,-2207.4050829279577,-1823.7214151475075,-2241.0675386075545,-2339.966440796823,-133.67754836800745,8.377820461904598,-167.15621894712686,0.0023883914246243245,0.0,0.0
2024-10-12 17:34:41.408232,1.0,1.0,1.0,1.0,1.0,1.0,1.0,290067.0,0.04076497090344803,0.03694387454679471,0.04564800383634771,0.031763702384431956,0.03179422973639322,0.034599675713128386,0.00010491441935300828,0.00033699783186117815,-0.0004514499257008236,-0.0,0.0,0.0,0.0,1.0,0.0,0.0,58.95832775974077,59.5111065742616,60.430085777296284,107.61411933354799,106.1870975259283,108.32761560512465,-2166.31188110366,-2210.9042769479956,-2490.164272346519,-2552.3265723181244,-137.6626825023881,8.873211167791524,-177.04815117002093,0.0023445412147960563,0.0,0.0
2024-10-12 17:34:41.480591,1.0,1.0,1.0,1.0,1.0,1.0,1.0,290068.0,0.04050858489526056,0.037084613626145846,0.0459324178268601,0.0316106234096681,0.03130221970899244,0.03426156002122874,9.537674486637117e-05,0.00030202635874350875,-0.0004896006236473721,-0.0,0.0,0.0,0.0,1.0,0.0,0.0,61.86749549554554,61.226868534025876,62.0058350059648,108.57258464657275,108.01422037018509,105.95234224821404,-2570.7708018918784,-2312.9029112805424,-2320.434988543198,-2675.759620748602,-137.19395441978938,9.333629653126767,-186.24452016221244,0.002293174875325639,0.0,0.0
2024-10-12 17:34:41.564573,1.0,1.0,1.0,1.0,1.0,1.0,1.0,290069.0,0.040185802182344105,0.03832801689680105,0.04621508152756302,0.03194642892952922,0.031641298451732976,0.03448733880714076,0.0001367066676417987,0.0003401770566900572,-0.0005150344222784043,-0.0,0.0,0.0,0.0,1.0,0.0,0.0,63.51370957072225,62.79825846702574,64.61486586837067,110.0394038901997,107.79272326734987,106.1866801233252,-2738.4750201336296,-2340.6087352755353,-2672.1073857991964,-2869.402479535797,-141.61217600363713,9.696975633306998,-193.49166204177266,0.0023092283682194683,0.0,0.0
2024-10-12 17:34:41.575775,1.0,1.0,1.0,1.0,1.0,1.0,1.0,290070.0,0.04089256110871732,0.038123599349151736,0.046045691532351565,0.03182472780550264,0.031084516582433108,0.03468368961839258,0.0001367066676417987,0.00031474325805902487,-0.0005150344222784043,-0.0,0.0,0.0,0.0,1.0,0.0,0.0,64.67818584988045,64.88533130703148,65.70745454403873,109.22388273829202,105.22734088070231,107.21158212770682,-2621.7058830959327,-2429.3887651909154,-2758.4852259620548,-2895.62916553021,-140.60387446682398,9.854953492218812,-196.6604534061825,0.002225360264460013,0.0,0.0
2024-10-12 17:34:41.649975,1.0,1.0,1.0,1.0,1.0,1.0,1.0,290071.0,0.04120980838596827,0.03832801689680105,0.045932417826860104,0.03179422973639322,0.03077084037730748,0.03457162570793951,0.0001716781407594681,0.0003179224828879039,-0.0005054967477917672,-0.0,0.0,0.0,0.0,1.0,0.0,0.0,66.17791733265278,66.15135677420069,66.29494167283971,106.6648155838121,106.07741814757901,106.30568062742849,-2631.8541528819223,-2611.8480515269375,-2656.873645494208,-2930.6995366515907,-138.79369104423873,10.103889049678449,-201.63826516864845,0.002174983428457693,0.0,0.0
2024-10-12 17:34:41.660983,1.0,1.0,1.0,1.0,1.0,1.0,1.0,290072.0,0.04089256110871732,0.03819186010094626,0.04513154216867338,0.032368779656366614,0.030485772407004817,0.034599675713128386,0.0001780365904172262,0.0003306393822034201,-0.00046416682501633976,-0.0,0.0,0.0,0.0,1.0,0.0,0.0,67.32320851932475,66.69023817995091,66.7522416242305,108.10383277272284,107.02444153099975,106.5976559955997,-2819.869287383724,-2732.81860763039,-2745.48806794397,-3068.8157536801023,-142.95926254426954,10.272332575815813,-204.98868892187636,0.0022291071237222457,0.0,0.0
2024-10-12 17:34:41.735120,1.0,1.0,1.0,1.0,1.0,1.0,1.0,290073.0,0.041019754451988084,0.0378493252884673,0.044725726870264354,0.032007105962223864,0.0300692367632191,0.03394866250806731,0.000158961241443952,0.00027977178494135546,-0.0004482707008719446,-0.0,0.0,0.0,0.0,1.0,0.0,0.0,67.46277673388882,66.62822031373409,67.16675156090851,110.82599658786536,108.95290736460394,109.6184685888047,-3125.747102806084,-3034.1444136737505,-3116.497173002386,-3399.7289974468285,-160.81384675541804,10.118864754059777,-201.87950951989268,0.0024596907528737586,0.0,0.0
2024-10-12 17:34:41.818461,1.0,1.0,1.0,1.0,1.0,1.0,1.0,290074.0,0.04063698009803076,0.03846369171715948,0.044667452282818626,0.03173314566510837,0.030004641120915988,0.03428986366919591,0.00013988589247067773,0.0002861302345991135,-0.00048006294916073494,-0.0,0.0,0.0,0.0,1.0,0.0,0.0,66.76699240330835,66.11813169259582,66.47099374533853,115.53462554987465,112.12338829210377,114.61082514305117,-3598.494581857367,-3537.3150172738087,-3669.419424914022,-3912.0026922269612,-186.54263996652048,10.041985069790032,-200.2591684030417,0.0028905290573743173,0.0,0.0
2024-10-12 17:34:41.829469,1.0,1.0,1.0,1.0,1.0,1.0,1.0,290075.0,0.04089256110871732,0.03825999906698716,0.044842048853109995,0.03170255949350469,0.03013369393635788,0.03454355292563407,0.00012716899315516158,0.0002893094594279926,-0.0004896006236473721,-0.0,0.0,0.0,0.0,1.0,0.0,0.0,65.4183338380113,65.35666514052258,65.04723509929435,118.57247819990012,116.63372000896172,119.8838876969031,-3818.496271905483,-3928.2679560712563,-4037.8781756974818,-4238.822992211969,-202.20059936014925,10.041985069790032,-200.18624106068987,0.0032536412401002997,0.0,0.0
2024-10-12 17:34:41.902969,1.0,1.0,1.0,1.0,1.0,1.0,1.0,290076.0,0.040956207156739845,0.03853134997827472,0.04484204885310999,0.03188563643118791,0.030422061214259163,0.03462770299655218,0.00012398976832628253,0.00030202635874350875,-0.0004482707008719446,-0.0,0.0,0.0,0.0,1.0,0.0,0.0,63.985796546907544,63.85719611078711,63.12003465558441,119.71643452120067,121.49686199697382,123.37167191058687,-3871.8898344019135,-4248.144921976277,-4002.1184152301225,-4348.030969310111,-211.56673420656637,9.84729291839201,-196.2531465291781,0.0035172704031596635,0.0,0.0
2024-10-12 17:34:41.913914,1.0,1.0,1.0,1.0,1.0,1.0,1.0,290077.0,0.04025056580563931,0.0378493252884673,0.04437493143949452,0.03179422973639322,0.030422061214259163,0.03437463478414554,0.00012716899315516158,0.00029248868425687163,-0.0004705252746740978,-0.0,0.0,0.0,0.0,1.0,0.0,0.0,62.129906265438876,61.36034546967166,60.24927829122585,124.3146738801692,125.62205967309453,123.22169976343723,-4115.383721946526,-4123.830948573081,-3820.9620066427437,-4319.945070789438,-217.38817274490185,9.524247571283004,-189.7639425053029,0.003785122735212803,0.0,0.0
2024-10-12 17:34:41.988053,1.0,1.0,1.0,1.0,1.0,1.0,1.0,290078.0,0.04063698009803076,0.03832801689680105,0.0440213406934204,0.03182472780550264,0.0303262434606198,0.034711649066398086,0.00012716899315516158,0.0003338186070322991,-0.00044509147604306553,-0.0,0.0,0.0,0.0,1.0,0.0,0.0,58.756887408017846,58.97879523225409,58.9910167464326,128.06807826264233,124.59226794943038,127.97933555672716,-3886.6290335973067,-3969.288302320995,-4233.846664139569,-4322.196691191238,-228.58313051079793,9.065427392999409,-180.56423504603927,0.004105227374738499,0.0,0.0
2024-10-12 17:34:42.071675,1.0,1.0,1.0,1.0,1.0,1.0,1.0,290079.0,0.04189929789626443,0.037780445658522906,0.04443358966925188,0.0316106234096681,0.030036956306502573,0.03437463478414554,7.630139589309696e-05,0.00030202635874350875,-0.0004578083753585817,-0.0,0.0,0.0,0.0,1.0,0.0,0.0,55.88991408343623,56.364862936136014,54.98005577042243,127.27469803831383,129.98675557669912,130.6358344399643,-3791.4836508336816,-4141.664947169715,-3857.4815198403903,-4211.492209693534,-237.33054259317183,8.51089965240849,-169.45475175052823,0.004483904926699633,0.0,0.0
2024-10-12 17:34:42.082651,1.0,1.0,1.0,1.0,1.0,1.0,1.0,290080.0,0.041774782619765874,0.037780445658522906,0.044080469451694804,0.03188563643118791,0.030294236862297798,0.03403428348265909,5.0867597262064634e-05,0.000321101707716783,-0.0004450914760430655,-0.0,0.0,0.0,0.0,1.0,0.0,0.0,51.976534290190486,52.79635280832946,52.37461426685278,134.1016712599808,128.86924991701346,132.97833174050245,-3724.5711170641357,-3801.251127029524,-3962.877862817533,-4100.314166773759,-245.54872997577283,8.012779901062716,-159.45965624081808,0.004966701882892696,0.0,0.0
2024-10-12 17:34:42.157535,1.0,1.0,1.0,1.0,1.0,1.0,1.0,290081.0,0.04127296521748624,0.038055216156251626,0.04443358966925187,0.03197678183797181,0.030422061214259163,0.03411968959808029,6.358449657758077e-06,0.00031474325805902487,-0.0004514499257008236,-0.0,0.0,0.0,0.0,1.0,0.0,0.0,48.69366522482724,49.10108955863569,47.37963786192761,132.0443789977245,135.55425838389473,134.14617822362243,-3547.941307678429,-3744.1422765768575,-3540.983270506917,-3868.237402915243,-253.8352739411362,7.316562766853776,-145.52329804320672,0.005521426656305518,0.0,0.0
2024-10-12 17:34:42.168535,1.0,1.0,1.0,1.0,1.0,1.0,1.0,290082.0,0.041461858493688546,0.03798670986099516,0.04513154216867338,0.032067668184708895,0.030517578125,0.03428986366919591,3.1792248288790362e-06,0.0003306393822034201,-0.000483242173989614,-0.0,0.0,0.0,0.0,1.0,0.0,0.0,44.248399006480895,45.189923135937185,44.54659675158432,133.8784322534672,132.63171062762999,140.07508739611254,-3100.47507466324,-3519.892221921059,-3669.751245252089,-3674.974021313108,-263.37904816468614,6.703689826229542,-133.2430089565576,0.0061964946885119535,0.0,0.0
2024-10-12 17:34:42.242750,1.0,1.0,1.0,1.0,1.0,1.0,1.0,290083.0,0.04139898983206046,0.03839591423416136,0.04610222401715648,0.032368779656366614,0.031022035078891817,0.03468368961839258,-1.5896124144395198e-05,0.00035925240566333144,-0.000483242173989614,-0.0,0.0,0.0,0.0,1.0,0.0,0.0,40.10631923776942,40.78639023125416,39.96017688082563,139.93205205969954,134.1592256062696,135.93504585012641,-3002.8783389087134,-3079.4549789103958,-3293.5533227918886,-3356.364878614084,-267.48254764405715,6.0335335164808575,-119.82435473785851,0.007013432422699773,0.0,0.0
2024-10-12 17:34:42.253750,1.0,1.0,1.0,1.0,1.0,1.0,1.0,290084.0,0.041587310697157,0.03771144022072075,0.04621508152756302,0.032398736885968185,0.031240173622796498,0.03448733880714076,-2.2254573802153277e-05,0.00034653550634781527,-0.0004482707008719446,-0.0,0.0,0.0,0.0,1.0,0.0,0.0,36.35368374494578,35.83676176985798,36.574589786239656,136.89966225151295,140.96752061253684,131.88725782440238,-2733.123010234424,-2791.6927596530118,-2691.127620920944,-2956.9073288958025,-266.828348042229,5.332135277013705,-105.82228337686374,0.00769318594510465,0.0,0.0
2024-10-12 17:34:42.328516,1.0,1.0,1.0,1.0,1.0,1.0,1.0,290085.0,0.04108320345271294,0.038123599349151736,0.046045691532351565,0.032398736885968185,0.031146872746571578,0.03437463478414554,-9.537674486637117e-06,0.0003751485298077266,-0.0004514499257008236,-0.0,0.0,0.0,0.0,1.0,0.0,0.0,32.310428017134875,30.943734151482154,32.279405319166365,131.0854096236717,144.23565579460126,132.961320728599,-2412.880330506727,-2373.415215621858,-1926.403902930719,-2443.946113497065,-255.94429245618113,4.597507513524074,-91.18377305011644,0.008334703294237716,0.0,0.0
2024-10-12 17:34:42.410813,1.0,1.0,1.0,1.0,1.0,1.0,1.0,290086.0,0.04133602555253029,0.03832801689680105,0.04610222401715648,0.03191604715477278,0.03054935072925873,0.03479539261166803,-1.9075348973274228e-05,0.0003815069794654847,-0.0004959590733051301,-0.0,0.0,0.0,0.0,1.0,0.0,0.0,27.64185013674505,26.216215495726132,29.282474181522897,126.45411968138998,142.61380324110274,138.3522206022613,-2009.8988876961123,-1821.182215500366,-1550.0591723416485,-1991.0553982731872,-244.0434570522978,3.931187171218523,-77.90898697285841,0.0090908473748717,0.0,0.0
2024-10-12 17:34:42.421813,1.0,1.0,1.0,1.0,1.0,1.0,1.0,290087.0,0.04101975445198809,0.03880080326089555,0.04643997376336176,0.03173314566510837,0.03054935072925873,0.03501772965099794,-1.5896124144395198e-05,0.00038468620429436373,-0.0005309305464227996,-0.0,0.0,0.0,0.0,1.0,0.0,0.0,22.39258268242146,23.68798496050116,26.342802281280797,118.98890492570528,139.05297713149977,146.57753421324117,-1365.1078370536466,-1544.5260166678665,-1095.6724088524209,-1525.9714323471983,-228.3185252903691,3.221160881879929,-63.82291480716415,0.00931811313448095,0.0,0.0
2024-10-12 17:34:42.496088,1.0,1.0,1.0,1.0,1.0,1.0,1.0,290088.0,0.04101975445198809,0.03913501101148131,0.04627140705916456,0.032308781866774994,0.03139505892336215,0.03518356039534762,-1.907534897327424e-05,0.00038468620429436373,-0.0004927798484762511,-0.0,0.0,0.0,0.0,1.0,0.0,0.0,20.446339557090766,19.510974105811325,20.922021553369284,112.77908260085134,136.19018458730213,145.0088182532138,-1195.2488889420563,-1317.5371445697779,-250.73290036641623,-1099.0604830844752,-208.85703199984468,2.5371089875309076,-50.2509032992456,0.009681816070713207,0.0,0.0
2024-10-12 17:34:42.507088,1.0,1.0,1.0,1.0,1.0,1.0,1.0,290089.0,0.03999088202492748,0.03880080326089556,0.04621508152756301,0.032308781866774994,0.03157991857152382,0.03501772965099794,-3.179224828879039e-06,0.00036879008014996856,-0.0004927798484762511,-0.0,0.0,0.0,0.0,1.0,0.0,0.0,15.795085370984838,15.398645450682888,19.361343823566187,112.07521931710447,126.9517920292644,144.34063753360627,-979.2068028684954,-761.3907568924027,-132.18614028394714,-790.1869459596322,-189.81337739371764,2.0084490980249283,-39.75341258123347,0.010345529286098363,0.0,0.0
2024-10-12 17:34:42.581397,1.0,1.0,1.0,1.0,1.0,1.0,1.0,290090.0,0.03959816335788845,0.03832801689680105,0.04615868726430256,0.032308781866774994,0.0316106234096681,0.03510074295512457,9.537674486637117e-06,0.0003656108553210895,-0.0005023175229628882,-0.0,0.0,0.0,0.0,1.0,0.0,0.0,13.960663181617086,12.472792773086148,16.777795558660248,99.8688810138233,124.18356607781578,144.27324077630053,-669.4174506028127,-770.3470732152597,361.92350060231854,-512.9556659318964,-174.15955544701865,1.4195932861151426,-28.125736636331247,0.009373427184200485,0.0,0.0
2024-10-12 17:34:42.665325,1.0,1.0,1.0,1.0,1.0,1.0,1.0,290091.0,0.03986040571620479,0.038123599349151736,0.04570502822314875,0.03224867245309928,0.03139505892336215,0.0350730936850165,2.2254573802153277e-05,0.00036879008014996856,-0.0005023175229628882,-0.0,0.0,0.0,0.0,1.0,0.0,0.0,8.433312088550357,9.872230345070307,16.493601301604333,97.6197984941155,112.66725171927446,144.1361538265798,-451.62713707034584,-346.673535565176,523.968339535035,-234.27743331193122,-119.40427243199278,0.9432532264523632,-18.736219805390476,0.0068298056154750654,0.0,0.0
2024-10-12 17:34:42.676325,1.0,1.0,1.0,1.0,1.0,1.0,1.0,290092.0,0.03986040571620479,0.03900167157440239,0.045590908124401384,0.03218845078999174,0.03148762440853117,0.03479539261166803,3.497147311766943e-05,0.00035925240566333144,-0.0005023175229628882,-0.0,0.0,0.0,0.0,1.0,0.0,0.0,7.825923893843169,5.604040158583697,13.905061866719453,87.7751837582224,113.79530468054308,139.13534771614619,-519.5030841365881,-200.1108323953468,1129.397246278056,4.759950497650301,4.381634965032993,0.5188117287471321,-10.373794119584787,0.0002351966255416866,0.0,0.0
2024-10-12 17:34:42.750171,1.0,1.0,1.0,1.0,1.0,1.0,1.0,290093.0,0.04044423444177086,0.038666311337125336,0.04507379225100917,0.032007105962223864,0.031146872746571578,0.034711649066398086,6.676372140645982e-05,0.0003497147311766943,-0.0005086759726206463,-0.0,0.0,0.0,0.0,1.0,0.0,0.0,6.410027286231898,5.149832850682039,10.72112489298552,68.4205610217204,110.16894768232751,142.7843118300011,-278.18441559020147,-213.09392047429716,1388.76362528761,179.99827909589726,376.24375882076794,0.23171484728162686,-4.5684663510594286,0.014205087707025098,0.0,0.0
2024-10-12 17:34:42.761285,1.0,1.0,1.0,1.0,1.0,1.0,1.0,290094.0,0.040055960801949016,0.03886787470812279,0.04484204885310999,0.03194642892952922,0.03086527796111811,0.03462770299655218,5.404682209094367e-05,0.0003528939560055733,-0.0005277513215939206,-0.0,0.0,0.0,0.0,1.0,0.0,0.0,4.453746040658456,4.534672725016506,9.61611030379413,60.26044282708541,99.15898385833265,144.5937977038908,-130.17377755139688,-35.88704476478643,1351.4754711427897,0.0,0.0,0.01712498671671506,0.0,1.0,0.0,0.0
2024-10-12 17:34:42.834276,1.0,1.0,1.0,1.0,1.0,1.0,1.0,290095.0,0.04063698009803076,0.038733615672373205,0.04443358966925187,0.03194642892952922,0.03105329154533826,0.034515457310635475,5.0867597262064634e-05,0.00034653550634781527,-0.0005150344222784043,-0.0,0.0,0.0,0.0,1.0,0.0,0.0,3.714298119920369,3.5307377472401127,9.510033791291027,59.788906163419924,90.76347039892525,139.78012274523527,-120.52030069610181,148.0319094619596,1294.3915795731214,328.36942510182206,2611.291940822742,0.06326821904621614,1.200822083847111,0.05100688627734627,0.0,0.0
2024-10-12 17:34:42.845276,1.0,1.0,1.0,1.0,1.0,1.0,1.0,290096.0,0.040315225390783915,0.038733615672373205,0.044080469451694804,0.03221857569203676,0.0313331966781849,0.034515457310635475,7.312217106421791e-05,0.00034653550634781527,-0.0004737044995029769,-0.0,0.0,0.0,0.0,1.0,0.0,0.0,3.817919933413413,3.312103873411386,9.452119467381431,57.494249606107495,88.17244677097673,130.88773219295612,-129.7346100435676,233.0729153264274,1215.0413916802454,335.01006895621356,1358.2663493512653,0.12427384447324331,2.35528952706827,0.052379228689841704,0.0,0.0
2024-10-12 17:34:42.920247,1.0,1.0,1.0,1.0,1.0,1.0,1.0,290097.0,0.04082881584609787,0.03900167157440239,0.043425625269995945,0.03245856839932655,0.03151841915858901,0.03411968959808029,7.630139589309694e-05,0.00036879008014996856,-0.0004387330263853075,-0.0,0.0,0.0,0.0,1.0,0.0,0.0,4.022355466133179,3.3739190523591907,9.165571239825557,52.90826146265021,88.95726004843634,120.59267195050074,-116.55625620024384,243.97084697468617,1089.9160289639808,312.57929596168776,837.9725225303904,0.1870436477972812,3.562064773455594,0.04779851777800627,7.852373900595445e-05,0.0
2024-10-12 17:34:43.003252,1.0,1.0,1.0,1.0,1.0,1.0,1.0,290098.0,0.04057283328598263,0.038463691717159486,0.0436051944382425,0.03227874115189541,0.031146872746571578,0.03434640099311143,8.90182952086131e-05,0.0003751485298077266,-0.0004578083753585817,-0.0,0.0,0.0,0.0,1.0,0.0,0.0,4.182586551185556,3.339229354765404,8.836059970141708,45.80273212691856,95.50603220646873,115.69605227274906,-84.45907075159963,254.5274764066275,1005.0939626020196,302.3953846942471,810.1792266426517,0.1870436477972812,3.564227666638944,0.04722033904571011,0.00015709515779052853,0.0
2024-10-12 17:34:43.014252,1.0,1.0,1.0,1.0,1.0,1.0,1.0,290099.0,0.04063698009803076,0.03859888964444313,0.04324531047620408,0.032308781866774994,0.03127121205432006,0.03417650843776925,9.855596969525021e-05,0.0004005823284387589,-0.0004260161270697913,-0.0,0.0,0.0,0.0,1.0,0.0,0.0,4.265918718143226,3.19037615134705,8.48176479420871,38.92244782196787,102.37766966787616,111.46418488612936,-40.35473023027839,255.36932907303236,926.7338271512125,293.71019828510555,982.8703205576415,0.14996091490243005,2.853607169685648,0.04854969325096921,0.00022000134250893216,0.0
2024-10-12 17:34:43.088474,1.0,1.0,1.0,1.0,1.0,1.0,1.0,290100.0,0.04050858489526056,0.039201510653345636,0.04318503823719134,0.032067668184708895,0.030928076150071922,0.034091244666417886,0.00010173519452412925,0.0003910446539521218,-0.00039740310360987996,-0.0,0.0,0.0,0.0,1.0,0.0,0.0,4.3091627535860795,3.0662371683502916,8.21062946705884,34.49592303927041,108.4275116283216,106.58177436988201,6.874421027975341,255.3111067806877,853.376790617263,286.79419695349225,1494.7507590657287,0.09641277285207225,1.83220033781746,0.049814519582049764,0.0002603911810670415,0.0
2024-10-12 17:34:43.098828,1.0,1.0,1.0,1.0,1.0,1.0,1.0,290101.0,0.04057283328598263,0.03893483061427055,0.0434855640497593,0.031763702384431956,0.031549183850304155,0.03389146168814632,0.00010173519452412925,0.0003815069794654847,-0.00038786542912324284,-0.0,0.0,0.0,0.0,1.0,0.0,0.0,4.3048790124598195,3.0127396314767303,8.006255378484012,33.86353942618237,113.24816175706485,101.009951468796,53.64317231486682,247.39471090219652,783.5154597806284,0.0,0.0,0.04380059381233209,0.0,1.0,0.0,0.0
2024-10-12 17:34:43.173815,1.0,1.0,1.0,1.0,1.0,1.0,1.0,290102.0,0.04044423444177086,0.03825999906698716,0.04324531047620408,0.032067668184708895,0.03157991857152382,0.03423323297213509,0.00011127286901076637,0.0003815069794654847,-0.0003751485298077266,-0.0,0.0,0.0,0.0,1.0,0.0,0.0,4.298663385533317,3.074981970602321,7.86614448690463,36.474077295159724,116.83227732360116,94.93524393787142,96.22580892061812,237.57494442729154,717.1721452047921,0.0,0.0,0.0,0.0,1.0,0.0,0.0
2024-10-12 17:34:43.256978,1.0,1.0,1.0,1.0,1.0,1.0,1.0,290103.0,0.03953233095432663,0.03798670986099516,0.043425625269995945,0.03227874115189541,0.03139505892336215,0.034005767111097776,9.855596969525021e-05,0.00037196930497884756,-0.00038786542912324284,-0.0,0.0,0.0,0.0,1.0,0.0,0.0,4.2781733370471935,3.1175780442571415,7.720998496459111,41.286907926018564,119.78560234744955,88.95609095363403,134.0754901856523,223.30967265141294,654.9116188294386,0.0,0.0,0.0,0.0,1.0,0.0,0.0
2024-10-12 17:34:43.267497,1.0,1.0,1.0,1.0,1.0,1.0,1.0,290104.0,0.03986040571620479,0.038123599349151736,0.04372449751876115,0.03290383705573704,0.03197678183797181,0.03426156002122874,0.00011763131866852446,0.0003878654291232428,-0.0003401770566900572,-0.0,0.0,0.0,0.0,1.0,0.0,0.0,4.230908285349774,3.1406204927718413,7.657214851608774,48.084910868739115,122.1996599221732,82.6516264089947,168.98949798819362,213.9764131431535,597.3589682757814,0.0,0.0,0.0,0.0,1.0,0.0,0.0
2024-10-12 17:34:43.342384,1.0,1.0,1.0,1.0,1.0,1.0,1.0,290105.0,0.03906839817849147,0.037780445658522906,0.0440213406934204,0.03310957989067469,0.03194642892952922,0.03394866250806731,0.00010173519452412927,0.0003751485298077266,-0.00033699783186117815,-0.0,0.0,0.0,0.0,1.0,0.0,0.0,4.157881523378827,3.044435690238278,7.606232107399081,56.147392987505356,123.92506464181507,75.76316072016108,201.70542050388926,203.69765271958008,537.0585584724017,0.0,0.0,0.0,0.0,1.0,0.0,0.0
2024-10-12 17:34:43.352892,1.0,1.0,1.0,1.0,1.0,1.0,1.0,290106.0,0.03933417265909616,0.03722482060496381,0.04425738174574523,0.033168129149298335,0.03191604715477278,0.03340129988750126,7.312217106421791e-05,0.00036243163049221044,-0.00035925240566333144,-0.0,0.0,0.0,0.0,1.0,0.0,0.0,4.07758487817435,2.9474803922288237,7.5710109965218475,63.11647759456041,125.1593784482069,69.50199850188487,228.5680267002503,194.4932019254265,485.79671560685296,0.0,0.0,0.0,0.0,1.0,0.0,0.0
2024-10-12 17:34:43.427358,1.0,1.0,1.0,1.0,1.0,1.0,1.0,290107.0,0.03853134997827472,0.037503662109375,0.04384347596324186,0.03313886745048406,0.032308781866774994,0.033430331878977426,8.90182952086131e-05,0.00035925240566333144,-0.0003433562815189362,-0.0,0.0,0.0,0.0,1.0,0.0,0.0,4.052989996159224,2.901742834404742,7.7382292014526,66.23513792781742,125.36259457790409,65.68726915392286,235.39558072314216,184.8532388509815,469.40603093688344,0.0,0.0,0.0,0.0,1.0,0.0,0.0
2024-10-12 17:34:43.438367,1.0,1.0,1.0,1.0,1.0,1.0,1.0,290108.0,0.03940033615860651,0.03743414645719283,0.04413951900188092,0.033226575237181734,0.032637404840404415,0.03310957989067469,8.90182952086131e-05,0.00034653550634781527,-0.00036243163049221044,-0.0,0.0,0.0,0.0,1.0,0.0,0.0,3.9243383537301466,2.8913517620306477,7.8176822441044775,67.19335903040113,125.43045484569015,63.93925168662357,234.31069785403292,173.91343925501954,464.7973578048156,0.0,0.0,0.0,0.0,1.0,0.0,0.0
2024-10-12 17:34:43.512894,1.0,1.0,1.0,1.0,1.0,1.0,1.0,290109.0,0.03893483061427055,0.03666077555081008,0.04449217056439318,0.03310957989067469,0.032398736885968185,0.03305092691301418,7.948062072197598e-05,0.0003083848084012668,-0.0003656108553210895,-0.0,0.0,0.0,0.0,1.0,0.0,0.0,3.870390803568886,3.628348380685019,7.918148110537595,67.26684909201309,123.85222837282782,61.84995554205945,224.23647670769682,156.314856899382,453.7652169865923,0.0,0.0,0.0,0.0,1.0,0.0,0.0
2024-10-12 17:34:43.595980,1.0,1.0,1.0,1.0,1.0,1.0,1.0,290110.0,0.03906839817849147,0.036802597262395625,0.0447839256286125,0.03310957989067469,0.03257790177388484,0.03290383705573704,0.00010173519452412927,0.0003338186070322991,-0.0003910446539521219,-0.0,0.0,0.0,0.0,1.0,0.0,0.0,3.657245202112852,3.5528950911797152,7.841425260223575,65.52572864345946,117.29905421717847,56.75959772349177,204.22062054235278,134.22676379834363,396.9881457481314,0.0,0.0,0.0,0.0,1.0,0.0,0.0
2024-10-12 17:34:43.606980,1.0,1.0,1.0,1.0,1.0,1.0,1.0,290111.0,0.039201510653345636,0.03651840306907817,0.044842048853109995,0.03319736505550277,0.03224867245309928,0.033021561356871405,0.00010491441935300828,0.00032746015737454104,-0.00041012000292539613,-0.0,0.0,0.0,0.0,1.0,0.0,0.0,3.4375469995643977,3.44241124501841,7.784246020993214,63.17303207314809,110.4515389825942,52.269300492157,181.69451876303793,116.4443478217754,348.0375367747803,0.0,0.0,0.0,0.0,1.0,0.0,0.0
2024-10-12 17:34:43.670208,1.0,1.0,1.0,1.0,1.0,1.0,1.0,290112.0,0.03900167157440239,0.0361600194902826,0.044958069872003174,0.03305092691301418,0.032308781866774994,0.03296275176192149,0.0001144520938396454,0.0003179224828879039,-0.0004260161270697913,-0.0,0.0,0.0,0.0,1.0,0.0,0.0,3.1928197529728917,3.2512304066700404,7.7069012030105615,60.207335800627924,103.29732768216603,48.28298369005914,157.10615427508137,98.1969089445178,303.1309028435049,0.0,0.0,0.0,0.0,1.0,0.0,0.0
2024-10-12 17:34:43.673767,1.0,1.0,1.0,1.0,1.0,1.0,1.0,290113.0,0.039201510653345636,0.03666077555081008,0.045131542168673384,0.03337224263981984,0.03242866644143693,0.03360399710929144,0.00013670666764179867,0.0003401770566900572,-0.0004419122512141865,-0.0,0.0,0.0,0.0,1.0,0.0,0.0,2.9433949669051893,3.0799781546517484,7.657281643189284,56.37956572008237,95.32224074452726,44.50583355517555,130.6713070160497,83.2519586783831,262.61340347027937,0.0,0.0,0.0,0.0,1.0,0.0,0.0
2024-10-12 17:34:43.755774,1.0,1.0,1.0,1.0,1.0,1.0,1.0,290114.0,0.03819186010094626,0.036589658557456724,0.04449217056439318,0.03313886745048406,0.03194642892952922,0.03310957989067469,0.00014942356695731485,0.0003179224828879039,-0.0004482707008719446,-0.0,0.0,0.0,0.0,1.0,0.0,0.0,2.701774049570075,2.9441815996949265,7.567405414357717,50.534018057180624,86.21080817859482,41.5060680919126,101.21612164493632,63.53345597269486,225.8392977086337,0.0,0.0,0.0,0.0,1.0,0.0,0.0
2024-10-12 17:34:43.838925,1.0,1.0,1.0,1.0,1.0,1.0,1.0,290115.0,0.03832801689680105,0.036731754853566174,0.04443358966925188,0.03296275176192149,0.03227874115189541,0.03377676944149575,0.00014942356695731485,0.0003179224828879039,-0.00045462915052970265,-0.0,0.0,0.0,0.0,1.0,0.0,0.0,2.493581956858667,2.9569355674964424,7.496916540651163,41.37786579898055,76.09679231971153,39.86089843413888,68.7203504967417,46.57418545812117,198.78641439952276,0.0,0.0,0.0,0.0,1.0,0.0,0.0
2024-10-12 17:34:43.841868,1.0,1.0,1.0,1.0,1.0,1.0,1.0,290116.0,0.0378493252884673,0.036802597262395625,0.04443358966925188,0.032933307582966455,0.03242866644143693,0.03377676944149575,0.00014624434212843582,0.0002861302345991135,-0.00042283690224091225,-0.0,0.0,0.0,0.0,1.0,0.0,0.0,2.269325233425804,2.968999850750086,7.425610453874165,29.373912142174028,64.49254927906092,38.22898822194473,36.14156236376577,29.52386672169626,172.35399399503567,0.0,0.0,0.0,0.0,1.0,0.0,0.0
2024-10-12 17:34:43.924480,1.0,1.0,1.0,1.0,1.0,1.0,1.0,290117.0,0.03819186010094626,0.0361600194902826,0.044900096837092805,0.03251828982682399,0.03194642892952922,0.0337192770263005,0.00011445209383964543,0.00025433798631032317,-0.0004355538015564284,-0.0,0.0,0.0,0.0,1.0,0.0,0.0,1.9179425087331152,2.92641511003222,7.154753036903867,20.202416663865357,51.308190322523856,31.595458998590797,19.661436349316485,15.248341594599937,115.42652730142828,0.0,0.0,0.0,0.0,1.0,0.0,0.0
2024-10-12 17:34:43.927480,1.0,1.0,1.0,1.0,1.0,1.0,1.0,290118.0,0.036873303566316074,0.03608791569074071,0.04507379225100919,0.032308781866774994,0.03173314566510837,0.033430331878977426,8.90182952086131e-05,0.0002670548856258393,-0.00040694077809651707,-0.0,0.0,0.0,0.0,1.0,0.0,0.0,1.7518900033528622,2.8268358593323883,6.953706221876087,13.244000823766047,33.92921342111697,20.937332145630563,6.958564084939311,-0.3255215961986258,52.529194530750225,0.0,0.0,0.0,0.0,1.0,0.0,0.0
2024-10-12 17:34:44.008787,1.0,1.0,1.0,1.0,1.0,1.0,1.0,290119.0,0.03722482060496381,0.036447008273383014,0.044725726870264354,0.032368779656366614,0.03218845078999174,0.033546208593426816,0.00010173519452412927,0.00030202635874350875,-0.00041012000292539613,-0.0,0.0,0.0,0.0,1.0,0.0,0.0,1.3815346611606263,1.6581532150720677,6.789693640730259,0.05189279939681484,0.585512032822931,0.739515404135932,0.0336230336061669,-0.9670633354646809,5.011100227140666,0.0,0.0,0.0,0.0,1.0,0.0,0.0
2024-10-12 17:34:44.091857,1.0,1.0,1.0,1.0,1.0,1.0,1.0,290120.0,0.03764230828317236,0.03608791569074071,0.044958069872003174,0.032368779656366614,0.0321582976678794,0.033661686417184034,7.630139589309694e-05,0.00027023411045471834,-0.00041012000292539613,-0.0,0.0,0.0,0.0,1.0,0.0,0.0,1.3927180432593491,1.636016588649878,6.794545672250286,0.05443952341088075,0.5823477425536534,0.7396404766934961,0.0343853894319157,-0.9490477428196666,5.016759932803858,0.0,0.0,0.0,0.0,1.0,0.0,0.0
2024-10-12 17:34:44.094854,1.0,1.0,1.0,1.0,1.0,1.0,1.0,290121.0,0.0378493252884673,0.036943874546794715,0.044609101569099904,0.03290383705573704,0.032398736885968185,0.033748035476753,6.358449657758077e-05,0.0002988471339146297,-0.000403761553267638,-0.0,0.0,0.0,0.0,1.0,0.0,0.0,1.4008638285718678,1.6219571625093618,6.799320344054486,0.051615543219910624,0.5834012983381254,0.736825921735941,0.02987612159777403,-0.9426382047851447,5.001440619289063,0.0,0.0,0.0,0.0,1.0,0.0,0.0
2024-10-12 17:34:44.177152,1.0,1.0,1.0,1.0,1.0,1.0,1.0,290122.0,0.038055216156251626,0.037780445658522906,0.04413951900188092,0.03340129988750126,0.03254810944778678,0.033546208593426816,4.13299227754275e-05,0.00030202635874350875,-0.00037832775463660567,-0.0,0.0,0.0,0.0,1.0,0.0,0.0,1.4041108865916718,1.608241172319969,6.804735458721131,0.05166996112733774,0.5805081528473223,0.7339864970564149,0.0354871863826812,-0.9300545343344482,4.9868078711509725,0.0,0.0,0.0,0.0,1.0,0.0,0.0
2024-10-12 17:34:44.181152,1.0,1.0,1.0,1.0,1.0,1.0,1.0,290123.0,0.03798670986099516,0.0373645014732293,0.0440213406934204,0.033168129149298335,0.032667115729434024,0.033430331878977426,6.358449657758075e-06,0.00029566790908575063,-0.0003497147311766943,-0.0,0.0,0.0,0.0,1.0,0.0,0.0,1.4085144970634895,1.5973793784216346,6.812243566847604,0.05339157049189469,0.582267456953782,0.734244680881743,0.0385107553546606,-0.9266560292015151,4.994398627882448,0.0,0.0,0.0,0.0,1.0,0.0,0.0
2024-10-12 17:34:44.262764,1.0,1.0,1.0,1.0,1.0,1.0,1.0,290124.0,0.03853134997827472,0.0373645014732293,0.044609101569099904,0.03299216966314644,0.03260766687993288,0.03392007415562166,-2.5433798631032317e-05,0.0002765925601124764,-0.00038786542912324284,-0.0,0.0,0.0,0.0,1.0,0.0,0.0,1.412323586008759,1.5864990409041781,6.816891750218518,0.052777321464573645,0.5850949008328099,0.7364149556299128,0.03739423556510421,-0.924563380153735,5.012828224146962,0.0,0.0,0.0,0.0,1.0,0.0,0.0
2024-10-12 17:34:44.265818,1.0,1.0,1.0,1.0,1.0,1.0,1.0,290125.0,0.03819186010094626,0.037711440220720746,0.044550674429986614,0.032785690042080325,0.032368779656366614,0.033430331878977426,-9.537674486637117e-06,0.00027977178494135546,-0.0003656108553210895,-0.0,0.0,0.0,0.0,1.0,0.0,0.0,1.417025216395697,1.575815276003212,6.822042522348241,0.05130483426577791,0.5861350855927205,0.7367600872562452,0.03781798922794393,-0.9198541323493387,5.018685037544221,0.0,0.0,0.0,0.0,1.0,0.0,0.0
2024-10-12 17:34:44.347950,1.0,1.0,1.0,1.0,1.0,1.0,1.0,290126.0,0.038733615672373205,0.038123599349151736,0.044609101569099904,0.03299216966314644,0.03224867245309928,0.03331405211143558,-1.2716899315516158e-05,0.00031156403323014586,-0.00038468620429436373,-0.0,0.0,0.0,0.0,1.0,0.0,0.0,1.420972804073263,1.5627396506571334,6.827547667927319,0.0496172306959389,0.5934473775989209,0.7437431523682532,0.034049356721877574,-0.9233721927366003,5.0693576339394655,0.0,0.0,0.0,0.0,1.0,0.0,0.0
2024-10-12 17:34:44.431334,1.0,1.0,1.0,1.0,1.0,1.0,1.0,290127.0,0.0387336156723732,0.03880080326089556,0.04478392562861249,0.03305092691301418,0.03245856839932655,0.033430331878977426,3.1792248288790362e-06,0.0003306393822034201,-0.0003878654291232428,-0.0,0.0,0.0,0.0,1.0,0.0,0.0,1.4272999769343346,1.5534741412366158,6.834712954083244,0.04870446665279321,0.5974449242372533,0.7477221266671034,0.0306440873255357,-0.9242974144469857,5.101817292354833,0.0,0.0,0.0,0.0,1.0,0.0,0.0
2024-10-12 17:34:44.434291,1.0,1.0,1.0,1.0,1.0,1.0,1.0,290128.0,0.03866631133712533,0.03893483061427055,0.044198489661446745,0.033168129149298335,0.032637404840404415,0.03351727697218139,2.861302345991135e-05,0.00031156403323014586,-0.000403761553267638,-0.0,0.0,0.0,0.0,1.0,0.0,0.0,1.4299735056824965,1.5430437528238954,6.841127993587418,0.0479012552678304,0.599170690167426,0.7509714248198285,0.02378908354114803,-0.9210077599165273,5.12829468835724,0.0,0.0,0.0,0.0,1.0,0.0,0.0
2024-10-12 17:34:44.515908,1.0,1.0,1.0,1.0,1.0,1.0,1.0,290129.0,0.03832801689680105,0.03906839817849146,0.0440213406934204,0.0333431600699038,0.03221857569203676,0.03403428348265909,9.537674486637115e-06,0.00030202635874350875,-0.0003974031036098799,-0.0,0.0,0.0,0.0,1.0,0.0,0.0,1.436311805637135,1.5337543605542925,6.846381045382172,0.049247203395832946,0.5965555054318755,0.7537648874495871,0.029276555960832534,-0.911486496706206,5.151138894821407,0.0,0.0,0.0,0.0,1.0,0.0,0.0
2024-10-12 17:34:44.519909,1.0,1.0,1.0,1.0,1.0,1.0,1.0,290130.0,0.037780445658522906,0.039201510653345636,0.04384347596324186,0.033459338679991214,0.03233879467572394,0.03414811083549323,-1.734723475976807e-21,0.000321101707716783,-0.00040376155326763796,-0.0,0.0,0.0,0.0,1.0,0.0,0.0,1.4398640861730239,1.523450866489777,6.851459935584836,0.04726670171773996,0.5979531876368407,0.7564548386514781,0.029236115464050905,-0.9072978217355955,5.173418603844198,0.0,0.0,0.0,0.0,1.0,0.0,0.0
2024-10-12 17:34:44.601270,1.0,1.0,1.0,1.0,1.0,1.0,1.0,290131.0,0.03743414645719283,0.03880080326089556,0.04324531047620408,0.033661686417184034,0.03191604715477278,0.03426156002122874,5.0867597262064634e-05,0.0002829510097702345,-0.00039422387878100085,-0.0,0.0,0.0,0.0,1.0,0.0,0.0,1.445584192001802,1.5133291537197615,6.858367703918675,0.0478056831149844,0.6004524312007994,0.7584728757324909,0.028039568361672332,-0.9050427820047733,5.192814175612504,0.0,0.0,0.0,0.0,1.0,0.0,0.0
2024-10-12 17:34:44.684207,1.0,1.0,1.0,1.0,1.0,1.0,1.0,290132.0,0.03764230828317236,0.03859888964444313,0.04324531047620408,0.03325575976212062,0.03139505892336215,0.03448733880714076,2.861302345991136e-05,0.00029248868425687163,-0.000400582328438759,-0.0,0.0,0.0,0.0,1.0,0.0,0.0,1.450955678505269,1.5037115060323938,6.863030950175948,0.04796518528440255,0.6019272573528591,0.7613645828395978,0.02649055834898259,-0.9019569426999188,5.21648394181719,0.0,0.0,0.0,0.0,1.0,0.0,0.0
2024-10-12 17:34:44.688146,1.0,1.0,1.0,1.0,1.0,1.0,1.0,290133.0,0.038123599349151736,0.03893483061427055,0.043664886724146465,0.03337224263981984,0.030990747087997286,0.03392007415562166,2.5433798631032317e-05,0.00029248868425687163,-0.0004164784525831542,-0.0,0.0,0.0,0.0,1.0,0.0,0.0,1.4573526535438777,1.4953175913583447,6.867197738962884,0.045915855010124275,0.6042924272849988,0.7612736645400221,0.024456300222827864,-0.9003910693385995,5.218887746981787,0.0,0.0,0.0,0.0,1.0,0.0,0.0
2024-10-12 17:34:44.769990,1.0,1.0,1.0,1.0,1.0,1.0,1.0,290134.0,0.038666311337125336,0.03880080326089556,0.0434855640497593,0.033459338679991214,0.030990747087997286,0.034005767111097776,4.1329922775427505e-05,0.00031156403323014586,-0.00041012000292539613,-0.0,0.0,0.0,0.0,1.0,0.0,0.0,1.4619419444089696,1.4846443444685518,6.8713657916361335,0.04553711222730041,0.6044631865444386,0.7656246191741021,0.026584223527042938,-0.8942019848934847,5.252119721532435,0.0,0.0,0.0,0.0,1.0,0.0,0.0
2024-10-12 17:34:44.772993,1.0,1.0,1.0,1.0,1.0,1.0,1.0,290135.0,0.038666311337125336,0.03819186010094626,0.0440213406934204,0.033459338679991214,0.03086527796111811,0.03403428348265909,4.7688372433185584e-05,0.0003083848084012668,-0.00042919535189867036,-0.0,0.0,0.0,0.0,1.0,0.0,0.0,1.467437957939671,1.47487785444921,6.8756104049343545,0.04853243024626726,0.6066742666884155,0.7690598912179646,0.030015603779155332,-0.89162831828803,5.278688196438737,0.0,0.0,0.0,0.0,1.0,0.0,0.0
2024-10-12 17:34:44.855103,1.0,1.0,1.0,1.0,1.0,1.0,1.0,290136.0,0.0378493252884673,0.03798670986099516,0.04390284427203976,0.03360399710929144,0.030833830904597324,0.0344028454042274,5.72260469198227e-05,0.0003083848084012668,-0.00042919535189867036,-0.0,0.0,0.0,0.0,1.0,0.0,0.0,1.4718687953082337,1.4679666287760866,6.88077930299149,0.04791855798445161,0.6040544762748684,0.7652274090843979,0.02999989479192216,-0.8836689733319492,5.256457920997776,0.0,0.0,0.0,0.0,1.0,0.0,0.0
2024-10-12 17:34:44.858102,1.0,1.0,1.0,1.0,1.0,1.0,1.0,290137.0,0.037918079796158174,0.03701431097784901,0.043664886724146465,0.0333431600699038,0.03086527796111811,0.03443103291031149,5.722604691982271e-05,0.0002988471339146297,-0.0004355538015564284,-0.0,0.0,0.0,0.0,1.0,0.0,0.0,1.47638493582475,1.4607560693693478,6.885451581111801,0.04812229220817941,0.6057596583835613,0.765966721748943,0.031280306565133954,-0.8818505534522789,5.264953633984016,0.0,0.0,0.0,0.0,1.0,0.0,0.0
2024-10-12 17:34:44.940578,1.0,1.0,1.0,1.0,1.0,1.0,1.0,290138.0,0.03825999906698716,0.037084613626145846,0.04372449751876116,0.03319736505550277,0.030358216314476834,0.03479539261166803,6.040527174870175e-05,0.00031156403323014586,-0.0004419122512141865,-0.0,0.0,0.0,0.0,1.0,0.0,0.0,1.4792966787035562,1.4538873271500683,6.8909620112739915,0.04888093822262711,0.6063967989302604,0.7628660972902864,0.03734559678948145,-0.8785699319574454,5.247777434492316,0.0,0.0,0.0,0.0,1.0,0.0,0.0
2024-10-12 17:34:45.024724,1.0,1.0,1.0,1.0,1.0,1.0,1.0,290139.0,0.038666311337125336,0.03715478325109878,0.043784027154931265,0.03284481667269478,0.030676112065162197,0.03443103291031149,7.630139589309694e-05,0.00029566790908575063,-0.00043237457672754936,-0.0,0.0,0.0,0.0,1.0,0.0,0.0,1.482132605470402,1.4485139892329093,6.896630264198825,0.04893561745959107,0.6064351934721446,0.7593363445303676,0.033871263359588406,-0.8753651219382769,5.227500607674451,0.0,0.0,0.0,0.0,1.0,0.0,0.0
2024-10-12 17:34:45.027721,1.0,1.0,1.0,1.0,1.0,1.0,1.0,290140.0,0.03866631133712533,0.036589658557456724,0.044080469451694804,0.032874340109372714,0.030294236862297798,0.03417650843776925,8.583907037973408e-05,0.0002670548856258393,-0.00042283690224091225,-0.0,0.0,0.0,0.0,1.0,0.0,0.0,1.484802130901603,1.4429409533431088,6.901790213083059,0.049251111800779464,0.6069405712008922,0.759109699041781,0.026194270154629298,-0.8727798423310169,5.229679949473353,0.0,0.0,0.0,0.0,1.0,0.0,0.0
2024-10-12 17:34:45.108941,1.0,1.0,1.0,1.0,1.0,1.0,1.0,290141.0,0.03926789767914727,0.036589658557456724,0.04530435023736206,0.0321582976678794,0.030198013527012933,0.03397722680635423,3.8150697946548475e-05,0.00024480031182368605,-0.00041965767741203324,-0.0,0.0,0.0,0.0,1.0,0.0,0.0,3.10995851341286,6.211262815802123,8.352823982230603,36.99987002551739,92.86046565972418,56.05014886414116,68.14812482870097,340.47322015810965,205.4198753861893,0.0,0.0,0.0,0.0,1.0,0.0,0.0
2024-10-12 17:34:45.111945,1.0,1.0,1.0,1.0,1.0,1.0,1.0,290142.0,0.03946638873835309,0.036589658557456724,0.04598908955455483,0.031763702384431956,0.0303262434606198,0.03386282504451316,8.90182952086131e-05,0.0002638756607969603,-0.00042283690224091225,-0.0,0.0,0.0,0.0,1.0,0.0,0.0,3.688074692682245,7.073268111146634,9.224178124254104,75.44065987946941,189.20401196694885,113.95183749992783,201.51307513296985,900.4966868376359,648.4274296185649,0.0,0.0,0.0,0.0,1.0,0.0,0.0
2024-10-12 17:34:45.194257,1.0,1.0,1.0,1.0,1.0,1.0,1.0,290143.0,0.039729500910397,0.03666077555081008,0.04643997376336176,0.031364143052817484,0.030802351742838057,0.03423323297213509,0.00013352744281291964,0.00026069643596808123,-0.00041329922775427513,-0.0,0.0,0.0,0.0,1.0,0.0,0.0,4.199134543443149,7.822202813036367,9.99807443148616,100.16800826529371,249.252792597282,149.3127094796051,336.9511100001105,1444.382215538959,1074.7640199353957,0.0,0.0,0.0,0.0,1.0,0.0,0.0
2024-10-12 17:34:45.277856,1.0,1.0,1.0,1.0,1.0,1.0,1.0,290144.0,0.03946638873835309,0.03651840306907817,0.04666378216223113,0.031115710284795706,0.03077084037730748,0.03389146168814632,0.00015578201661507293,0.000241621086994807,-0.00042283690224091225,-0.0,0.0,0.0,0.0,1.0,0.0,0.0,4.665771559961576,8.5024500008556,10.69029042425222,120.79941862536633,297.5067757237526,176.99299269311103,477.3818969043857,1987.7573301589541,1488.7090076063566,0.0,0.0,0.0,0.0,1.0,0.0,0.0
2024-10-12 17:34:45.280856,1.0,1.0,1.0,1.0,1.0,1.0,1.0,290145.0,0.03986040571620479,0.036731754853566174,0.04621508152756302,0.03142594437984583,0.030676112065162197,0.03423323297213509,0.00016849891593058908,0.00021936651319265374,-0.0004228369022409122,-0.0,0.0,0.0,0.0,1.0,0.0,0.0,5.104051797491054,9.123293474200686,11.324843109627727,139.32936855652662,339.0876183869207,200.12430144959762,624.2185591469901,2527.99164507904,1891.730360952535,0.0,0.0,0.0,0.0,1.0,0.0,0.0
2024-10-12 17:34:45.363136,1.0,1.0,1.0,1.0,1.0,1.0,1.0,290146.0,0.04050858489526056,0.03701431097784901,0.04615868726430257,0.03095942747707764,0.030833830904597324,0.03394866250806731,0.0001907534897327424,0.0002002911642193795,-0.00041965767741203314,-0.0,0.0,0.0,0.0,1.0,0.0,0.0,5.524544275976709,9.701796810465048,11.903678081217535,156.54194429557157,376.1811800475079,220.1190191260006,778.2116557161348,3067.436666498372,2281.9974166387133,0.0,0.0,0.0022821796999641505,0.0,1.0,0.0,0.0
2024-10-12 17:34:45.366132,1.0,1.0,1.0,1.0,1.0,1.0,1.0,290147.0,0.040315225390783915,0.03715478325109878,0.04610222401715648,0.031178004061435775,0.030612797008878905,0.033690494027434716,0.00018757426490386333,0.00022572496285041177,-0.000403761553267638,-0.0,0.0,0.0,0.0,1.0,0.0,0.0,5.930095981227944,10.242813019970411,12.437207836800374,172.89027185601347,409.9801463655384,237.72218083917372,939.5817324996754,3604.9664572504003,2659.49602591168,0.0,0.0,0.0050919546865647895,0.0,1.0,0.0,0.0
2024-10-12 17:34:45.448198,1.0,1.0,1.0,1.0,1.0,1.0,1.0,290148.0,0.04050858489526056,0.03715478325109878,0.04587567609077438,0.031084516582433108,0.03073929670896773,0.03325575976212062,0.00018121581524610528,0.0002289041876792908,-0.0003974031036098799,-0.0,0.0,0.0,0.0,1.0,0.0,0.0,6.1593337049555625,10.505989608805733,12.693219066260765,184.474946045613,432.44511059836066,248.80376685300757,1047.8641653851191,3882.739277090396,2902.098221928383,0.0,0.0,0.009144195472692771,0.0,1.0,0.0,0.0
2024-10-12 17:34:45.531418,1.0,1.0,1.0,1.0,1.0,1.0,1.0,290149.0,0.040315225390783915,0.037224820604963814,0.04564800383634771,0.031549183850304155,0.03054935072925873,0.03305092691301418,0.00015578201661507293,0.00025115876148144406,-0.0003878654291232428,-0.0,0.0,0.0,0.0,1.0,0.0,0.0,6.234109606960212,10.503191899031194,12.725186275293675,186.7164045597464,434.8976322151189,249.40971267128992,1078.5016245815555,3897.6653712815532,2942.0710034369436,0.0,0.0,0.046421775841150634,0.0,1.0,0.0,0.0
2024-10-12 17:34:45.534416,1.0,1.0,1.0,1.0,1.0,1.0,1.0,290150.0,0.040315225390783915,0.0373645014732293,0.045932417826860104,0.031240173622796498,0.03073929670896773,0.033430331878977426,0.00017803659041722622,0.0002543379863103231,-0.0004005823284387589,-0.0,0.0,0.0,0.0,1.0,0.0,0.0,6.324456617904043,10.505715430713375,12.771426944444185,189.0311951462614,437.0929556648897,249.82213468245328,1112.6878192187983,3919.00532312968,2976.5662419724804,1600.294860299672,15378.586259598094,0.05634224751118792,0.9936992898639949,0.11815792432962911,0.0,0.0
2024-10-12 17:34:45.616794,1.0,1.0,1.0,1.0,1.0,1.0,1.0,290151.0,0.03906839817849146,0.03687330356631608,0.04507379225100917,0.03148762440853117,0.031178004061435775,0.03331405211143558,0.00018439504007498428,0.00027977178494135546,-0.0004164784525831542,-0.0,0.0,0.0,0.0,1.0,0.0,0.0,5.8089379003897825,8.597350265627894,11.916878722693557,187.98503692772465,429.3646177960506,243.787474810652,1081.7065124559872,3599.1382838894992,2806.454384139232,1418.727809191021,11975.04346032655,0.06659562198735604,1.1313405808476071,0.1505893727800865,0.0,0.0
2024-10-12 17:34:45.619740,1.0,1.0,1.0,1.0,1.0,1.0,1.0,290152.0,0.03893483061427055,0.03666077555081008,0.0446091015690999,0.032067668184708895,0.031364143052817484,0.03310957989067469,0.00019711193939050042,0.0002670548856258393,-0.0004132992277542751,-0.0,0.0,0.0,0.0,1.0,0.0,0.0,5.805482585517866,7.914357914666666,11.213600041049414,182.38445148601784,398.9646605307813,223.09891898934134,1037.3289217995903,3060.6073294265793,2368.7503227724615,1230.8801465413244,6103.744642645844,0.1122604885397094,1.9257095879175854,0.1423030431421948,0.0,0.0
2024-10-12 17:34:45.701728,1.0,1.0,1.0,1.0,1.0,1.0,1.0,290153.0,0.03853134997827472,0.03594327416403233,0.0436051944382425,0.03251828982682399,0.03130221970899244,0.03290383705573704,0.00018121581524610522,0.00025433798631032317,-0.00042919535189867036,-0.0,0.0,0.0,0.0,1.0,0.0,0.0,5.768808622279985,7.205104346100504,10.450442056814289,181.4092943210082,367.31633219212097,201.9098552706255,1023.2790398354875,2540.862271900205,1912.437451623597,1037.9442988825754,3582.668830070351,0.15968538759755294,2.7665515344543246,0.1337493129218794,6.098709160397089e-05,0.0
2024-10-12 17:34:45.705731,1.0,1.0,1.0,1.0,1.0,1.0,1.0,290154.0,0.037780445658522906,0.035358791729157395,0.04354542032592321,0.03296275176192149,0.03142594437984583,0.03305092691301418,0.00017485736558834716,0.0002638756607969603,-0.000406940778096517,-0.0,0.0,0.0,0.0,1.0,0.0,0.0,5.734820551882896,6.414590409266774,9.6328303950905,180.04930953984947,332.3337678509177,179.25595268347703,1007.4589685712702,2016.8578352828563,1466.6041459615103,845.3319352326334,2441.737936873956,0.18857298949795778,3.305975322264647,0.12342289023835774,0.00013386548093033824,0.0
2024-10-12 17:34:45.787425,1.0,1.0,1.0,1.0,1.0,1.0,1.0,290155.0,0.037503662109375,0.035358791729157395,0.04354542032592321,0.032933307582966455,0.03142594437984583,0.032815266674204355,0.00016849891593058908,0.0002638756607969603,-0.000403761553267638,-0.0,0.0,0.0,0.0,1.0,0.0,0.0,5.673485832007881,5.550741722267504,8.779210485292541,177.79683035768718,292.92525444640654,154.37326327932104,981.0245174768739,1497.7683997989034,1028.770633982105,653.4969700654754,1710.3689357471715,0.2049262755944426,3.6485908124633255,0.10977965078425715,0.00021429663839619647,0.0
2024-10-12 17:34:45.870637,1.0,1.0,1.0,1.0,1.0,1.0,1.0,290156.0,0.03722482060496381,0.03513710432917182,0.044550674429986614,0.03299216966314644,0.03139505892336215,0.033226575237181734,0.0001716781407594681,0.00030202635874350875,-0.0003974031036098799,-0.0,0.0,0.0,0.0,1.0,0.0,0.0,5.5994375140300585,4.460366249065572,7.827228133602241,175.0134824612201,247.00694494232258,126.1822034238379,952.2918506863313,975.3447506776408,603.6272408487287,461.43741903388167,1193.3334517357875,0.20368380979491524,3.692515921345444,0.09356665974989446,0.00029569610048452274,0.0
2024-10-12 17:34:45.873620,1.0,1.0,1.0,1.0,1.0,1.0,1.0,290157.0,0.03715478325109878,0.03476448399532294,0.044900096837092805,0.03308026640118225,0.031364143052817484,0.033284918697807614,0.00017485736558834716,0.0002638756607969603,-0.00041965767741203324,-0.0,0.0,0.0,0.0,1.0,0.0,0.0,5.498923200122773,3.010555866997072,6.775424439428785,171.4148427448218,189.88164159929374,91.84571028984053,914.9834971809637,453.4392232624901,188.51698227577234,269.6445245659051,689.9060541711573,0.20087403480831462,3.732269810029617,0.07099247207555716,0.00037797191496339786,0.0
2024-10-12 17:34:45.955666,1.0,1.0,1.0,1.0,1.0,1.0,1.0,290158.0,0.037918079796158174,0.035137104329171824,0.045131542168673384,0.03331405211143558,0.031549183850304155,0.03380547898296581,0.00019393271456162142,0.0002765925601124764,-0.00042601612706979125,-0.0,0.0,0.0,0.0,1.0,0.0,0.0,5.661315166939022,1.9133196693160528,6.009381303703489,167.72440394082074,136.6587293857595,57.3567966178278,921.3724489546313,184.27426910929148,-71.69802211629657,187.51038767537645,618.4485377456127,0.15344913575047112,2.8952971759039925,0.056593847288871554,0.0004417971327077703,0.0
2024-10-12 17:34:45.958683,1.0,1.0,1.0,1.0,1.0,1.0,1.0,290159.0,0.038055216156251626,0.035062897056625214,0.04536180663361167,0.032933307582966455,0.031364143052817484,0.03394866250806731,0.00024797953665256506,0.0002734133352835974,-0.0004514499257008236,-0.0,0.0,0.0,0.0,1.0,0.0,0.0,6.032656022780016,1.8964644131522412,5.56165047057766,170.04416796555356,134.15013970304335,54.705864033695086,984.2356509111474,164.4201638647643,-113.51989768756987,189.7296259069711,827.8970281923275,0.11617155538201325,2.1884176499584456,0.058109516239946694,0.000490039584013521,0.0
2024-10-12 17:34:46.041544,1.0,1.0,1.0,1.0,1.0,1.0,1.0,290160.0,0.03798670986099516,0.035358791729157395,0.044725726870264354,0.03305092691301418,0.03139505892336215,0.03351727697218139,0.00021300806353489565,0.00029566790908575063,-0.0004450914760430655,-0.0,0.0,0.0,0.0,1.0,0.0,0.0,6.3038248731183115,1.9300509324210202,5.018151097495127,171.9908911727818,131.58244874942125,52.95936635102659,1033.9986499532013,124.62792373212476,-150.20942888186897,183.03646560348614,873.7253032818377,0.10625108371197597,2.000479429228638,0.058607517523533596,0.0005341390416534056,0.0
2024-10-12 17:34:46.124024,1.0,1.0,1.0,1.0,1.0,1.0,1.0,290161.0,0.038733615672373205,0.03587073468713996,0.044842048853109995,0.032815266674204355,0.0313331966781849,0.03377676944149575,0.0002257249628504118,0.00030520558357238775,-0.00043237457672754936,-0.0,0.0,0.0,0.0,1.0,0.0,0.0,6.585516907897873,2.52954735795455,4.508301414895483,175.7744211086608,125.6762573840272,59.81056400337774,1102.9293191482172,75.69968431874577,-155.21716058112727,184.82585253306002,972.9910230768023,0.09599770923580785,1.8139498110963526,0.05521192873437031,0.0005741265574891297,0.0
2024-10-12 17:34:46.128025,1.0,1.0,1.0,1.0,1.0,1.0,1.0,290162.0,0.03825999906698716,0.03557909785889397,0.044667452282818626,0.03254810944778678,0.031146872746571578,0.03397722680635423,0.00020664961387713757,0.0002765925601124764,-0.00043237457672754936,-0.0,0.0,0.0,0.0,1.0,0.0,0.0,6.430515941050496,4.505796785908386,4.525406107898766,175.1763509281375,118.00796457005681,78.1805937484935,1076.1910885817747,87.53304500764604,-60.658810235262905,204.40041940578254,2027.8043200244572,0.050332842683454476,0.9625584716604562,0.04380676677251296,0.0,0.0
2024-10-12 17:34:46.208718,1.0,1.0,1.0,1.0,1.0,1.0,1.0,290163.0,0.03853134997827472,0.03587073468713995,0.04484204885310999,0.03224867245309928,0.030802351742838057,0.03386282504451316,0.0002034703890482585,0.00029248868425687163,-0.0003942238787810009,-0.0,0.0,0.0,0.0,1.0,0.0,0.0,6.496589085740718,7.952314159313797,4.550281400767757,164.99715859713493,115.3692933627791,95.57727872188173,931.7296287455031,313.1586511021849,67.44019278257977,0.0,0.0,0.01916306108308547,0.0,1.0,0.0,0.0
2024-10-12 17:34:46.212661,1.0,1.0,1.0,1.0,1.0,1.0,1.0,290164.0,0.03900167157440239,0.036943874546794715,0.044550674429986614,0.03179422973639322,0.03064447088906264,0.03377676944149575,0.0001843950400749843,0.0003083848084012668,-0.000403761553267638,-0.0,0.0,0.0,0.0,1.0,0.0,0.0,9.217858446717809,10.661283023480687,5.388430897598418,154.3700358683164,121.48864214005177,100.856040542553,971.9859418045853,703.1852895131675,25.69003786988667,0.0,0.0,0.01916306108308547,0.0,1.0,0.0,0.0
2024-10-12 17:34:46.294780,1.0,1.0,1.0,1.0,1.0,1.0,1.0,290165.0,0.03966388649582423,0.037084613626145846,0.04513154216867338,0.0321582976678794,0.030676112065162197,0.033430331878977426,0.0001684989159305891,0.00033699783186117815,-0.00039740310360987996,-0.0,0.0,0.0,0.0,1.0,0.0,0.0,12.358680583916577,11.093997286366836,11.893242620147545,151.98916375641804,121.44835478032014,101.64485348089306,1326.2776507893627,759.7754762229155,269.3923473200587,612.8248355286047,983.0983569796222,0.302988365070468,5.952655772318227,0.01767584855382504,0.0,33622.743797556395
2024-10-12 17:34:46.297780,1.0,1.0,1.0,1.0,1.0,1.0,1.0,290166.0,0.03979500713939933,0.036447008273383014,0.044198489661446745,0.03248844283583844,0.030833830904597324,0.0333431600699038,0.00014624434212843582,0.00030520558357238775,-0.00041329922775427513,-0.0,0.0,0.0,0.0,1.0,0.0,0.0,13.02306486853467,15.209992846865967,17.02107655306845,143.84485252225613,117.90510084060737,115.50989708502638,1237.351251387725,1012.2311719994215,1012.0694229005113,906.5703091058186,598.2614742867097,0.7346375473096275,14.470443325126258,0.015130428731857238,0.0003189928839672278,16705.0370049559
2024-10-12 17:34:46.380172,1.0,1.0,1.0,1.0,1.0,1.0,1.0,290167.0,0.04044423444177086,0.03743414645719283,0.043962132407454745,0.03248844283583844,0.031115710284795706,0.033168129149298335,0.00014306511729955676,0.0002988471339146297,-0.0003942238787810009,-0.0,0.0,0.0,0.0,1.0,0.0,0.0,18.90417605289204,17.78182877213349,18.075220969636025,134.7155974001126,125.62363519627189,117.77835795816974,1617.7426632456948,1487.9748836556425,1116.0824443881993,1218.8371812219125,497.5068850812803,1.1856778302600033,23.39472695144319,0.013445037328857072,0.0008347166425412644,12323.413493333877
2024-10-12 17:34:46.462590,1.0,1.0,1.0,1.0,1.0,1.0,1.0,290168.0,0.03999088202492748,0.03701431097784902,0.04443358966925187,0.03242866644143693,0.031240173622796498,0.03296275176192149,0.00013352744281291964,0.00029248868425687163,-0.00041012000292539613,-0.0,0.0,0.0,0.0,1.0,0.0,0.0,20.191495440387794,21.464979778039513,21.229735344638083,132.49469333363004,121.10564376452356,123.11162289616952,1722.59238829193,1482.6919855961098,1537.624318668327,1389.8667278858463,391.52067386925603,1.7144668965384964,33.89923057639495,0.011376928745681912,0.0015820063476920153,6901.624045967472
2024-10-12 17:34:46.466590,1.0,1.0,1.0,1.0,1.0,1.0,1.0,290169.0,0.04076497090344803,0.036943874546794715,0.04425738174574523,0.03251828982682399,0.03157991857152382,0.03299216966314644,8.901829520861311e-05,0.00030202635874350875,-0.0003974031036098799,-0.0,0.0,0.0,0.0,1.0,0.0,0.0,24.27905689964884,23.80886205562855,23.71385997896474,127.8985486563231,120.7132416732024,126.57030469540331,1788.6263828521135,1777.9230057951154,1420.2638048189617,1469.3485575418176,310.7250275762064,2.278458222275552,45.15646928383449,0.009056456634618085,0.002577455626126767,3070.4572225368306
2024-10-12 17:34:46.548715,1.0,1.0,1.0,1.0,1.0,1.0,1.0,290170.0,0.04152463197171362,0.03637547335010834,0.044667452282818626,0.03254810944778678,0.03167194378429309,0.03337224263981984,0.00010173519452412927,0.0002829510097702345,-0.0003846862042943638,-0.0,0.0,0.0,0.0,1.0,0.0,0.0,25.29696513639995,27.03490816449386,27.915428471883317,126.70626564418153,116.99672288176956,130.46466981741705,1708.8705344099824,1798.103823278068,1796.377076120252,1570.929689647808,258.90105492269345,2.9194382833759014,57.94211045573085,0.0076496772398059795,0.003854757261061989,0.0
2024-10-12 17:34:46.552716,1.0,1.0,1.0,1.0,1.0,1.0,1.0,290171.0,0.04139898983206046,0.036589658557456724,0.04478392562861249,0.032756086704177324,0.031364143052817484,0.033284918697807614,9.219752003749214e-05,0.0002893094594279926,-0.0003783277546366057,-0.0,0.0,0.0,0.0,1.0,0.0,0.0,29.123561968679766,28.212722867938695,29.278295361368478,119.80516307999281,121.81967041688051,129.7977178911031,1820.5397299803772,1987.9073717571255,1698.7200020889904,1636.9893103653967,220.74213135384477,3.56498650186466,70.81609811466772,0.006783082101047375,0.005415858801723109,0.0
2024-10-12 17:34:46.634403,1.0,1.0,1.0,1.0,1.0,1.0,1.0,290172.0,0.041587310697157,0.03687330356631608,0.04513154216867338,0.03284481667269478,0.03151841915858901,0.03357511528435138,6.676372140645982e-05,0.00030202635874350875,-0.0003815069794654848,-0.0,0.0,0.0,0.0,1.0,0.0,0.0,30.1108131782286,31.340515651738702,30.570235192954346,116.01237699179725,122.93472275572023,123.53097245435094,1718.787852989111,1996.5646059778037,1789.921918463489,1640.2806861397762,186.03198221579677,4.235197998281987,84.1980318054613,0.005972898556143887,0.007271957636190167,0.0
2024-10-12 17:34:46.716959,1.0,1.0,1.0,1.0,1.0,1.0,1.0,290173.0,0.041774782619765874,0.037084613626145846,0.04501596824740669,0.032815266674204355,0.03188563643118791,0.033834164163335345,8.265984555085502e-05,0.00030202635874350875,-0.00039740310360987996,-0.0,0.0,0.0,0.0,1.0,0.0,0.0,32.56264468982115,31.467736206597714,33.55201604709439,117.43045914832554,121.99431729131808,111.24925154908402,2015.5188967731635,1847.662236456307,1645.7814824123864,1646.792996565988,170.00163340522286,4.649767057323887,92.50331555151025,0.005290862842177044,0.00931114183679235,0.0
2024-10-12 17:34:46.719959,1.0,1.0,1.0,1.0,1.0,1.0,1.0,290174.0,0.04152463197171362,0.03743414645719283,0.045304350237362054,0.032933307582966455,0.03203740138402003,0.03406277598114669,9.219752003749215e-05,0.0002765925601124764,-0.000403761553267638,-0.0,0.0,0.0,0.0,1.0,0.0,0.0,33.157220789726786,33.51793888673066,35.23876167476114,117.96879755184875,110.03172520387213,111.9529817737083,1772.9021242314006,1656.0117049955186,2081.8050700905374,1652.0697206496268,163.35036967466576,4.852392119042795,96.57831674241277,0.004838084257458465,0.011440157174758426,2274.449834349533
2024-10-12 17:34:46.802843,1.0,1.0,1.0,1.0,1.0,1.0,1.0,290175.0,0.041774782619765874,0.03757304914762413,0.045932417826860104,0.03233879467572394,0.032007105962223864,0.034599675713128386,9.855596969525022e-05,0.0002861302345991135,-0.0004482707008719446,-0.0,0.0,0.0,0.0,1.0,0.0,0.0,34.54148847610036,34.05592378214418,35.12669233296115,109.19549029198372,108.72202778162332,111.24347107636925,1674.5528643975993,1610.5037194725223,1892.9719121775454,1548.5423751156484,146.49625089901272,5.069162096131518,100.9410843244646,0.004361249352266527,0.013665347300311069,1384.7098060912117
2024-10-12 17:34:46.805844,1.0,1.0,1.0,1.0,1.0,1.0,1.0,290176.0,0.04263875434188018,0.03825999906698716,0.04666378216223113,0.032097906445255474,0.0321582976678794,0.034515457310635475,8.583907037973405e-05,0.000324280932545662,-0.00048642139881849305,-0.0,0.0,0.0,0.0,1.0,0.0,0.0,35.40650548139298,35.31746619382006,33.657526832630886,104.69502328964485,108.01956660309077,102.32252519424087,1596.6924737514505,1613.862123959817,1335.8175046984172,1349.0192522154744,123.46494402673362,5.236510582004881,104.33880678052344,0.003737267913858643,0.01596543832978394,1132.75660161776
2024-10-12 17:34:46.888003,1.0,1.0,1.0,1.0,1.0,1.0,1.0,290177.0,0.042023444236177564,0.0378493252884673,0.04666378216223113,0.03224867245309928,0.03185519667586617,0.03479539261166803,6.994294623533888e-05,0.0003560731808344524,-0.00048642139881849305,-0.0,0.0,0.0,0.0,1.0,0.0,0.0,34.458635763606345,34.72543139283826,36.25788150697779,104.51010149847895,96.580023529471,99.23991657471475,1467.1836264474746,1170.8235782842544,1427.5663647061558,1198.744702354443,107.44001215348825,5.344561691213949,106.54474495723788,0.003241508724753755,0.018314158040841275,1329.1453208299527
2024-10-12 17:34:46.970487,1.0,1.0,1.0,1.0,1.0,1.0,1.0,290178.0,0.04227064309912445,0.038055216156251626,0.046775284787538986,0.03224867245309928,0.03151841915858901,0.03504542260087845,6.358449657758078e-05,0.00033699783186117815,-0.0004514499257008236,-0.0,0.0,0.0,0.0,1.0,0.0,0.0,35.15262293248313,35.16343458224929,35.799358586585754,95.98081114643603,100.00025018107088,101.33269141342713,1214.2198450164776,1538.9993700468026,1372.736536984063,1220.0686110761658,109.35262132511966,5.344561691213949,106.54337208069987,0.0032543524022836828,0.020662847487598036,2981.7760234880275
2024-10-12 17:34:46.973490,1.0,1.0,1.0,1.0,1.0,1.0,1.0,290179.0,0.04183708658073959,0.03825999906698716,0.047218662327942335,0.032815266674204355,0.0313331966781849,0.03537604711721689,9.53767448663712e-05,0.00032746015737454104,-0.0004673460498452188,-0.0,0.0,0.0,0.0,1.0,0.0,0.0,34.520130071729504,34.304193800865235,35.80699702722359,103.15495659191876,100.51762434274555,99.45285272290678,1499.8130611732254,1258.62384952615,1608.99049984928,1297.5933596936459,116.33907851547427,5.344496208014551,106.50852660363532,0.0035681338503315042,0.02301076878517151,3268.6858325036173
2024-10-12 17:34:47.055647,1.0,1.0,1.0,1.0,1.0,1.0,1.0,290180.0,0.041774782619765874,0.038666311337125336,0.04671956673942695,0.03290383705573704,0.031146872746571578,0.03545822155341263,0.00011763131866852444,0.00033699783186117815,-0.0004737044995029769,-0.0,0.0,0.0,0.0,1.0,0.0,0.0,34.956422808640895,34.643666603633974,33.27749677974433,100.26028654960619,104.66335539289742,103.67845770188353,1503.1804137359882,1653.907850120106,1383.0845468875582,1352.6783017723506,120.99101484883003,5.3587192020209224,106.76103762376296,0.0038567650316480386,0.025364256547899797,3280.626409395369
2024-10-12 17:34:47.058644,1.0,1.0,1.0,1.0,1.0,1.0,1.0,290181.0,0.042023444236177564,0.03839591423416135,0.04643997376336176,0.03254810944778678,0.03142594437984583,0.03532115794976128,0.0001144520938396454,0.0003306393822034201,-0.0004673460498452188,-0.0,0.0,0.0,0.0,1.0,0.0,0.0,33.57133986249729,34.245653560832494,35.32457115726388,107.62203192144452,102.92304633649009,103.34201568091298,1730.388112005208,1549.8957437970962,1726.3759262978488,1503.100617319328,134.74077963242868,5.349195915953189,106.52716743815313,0.004269341486899551,0.027712588772314195,4023.6638986041517
2024-10-12 17:34:47.141173,1.0,1.0,1.0,1.0,1.0,1.0,1.0,290182.0,0.042023444236177564,0.038123599349151736,0.046045691532351565,0.03227874115189541,0.031364143052817484,0.03518356039534762,0.00011763131866852446,0.0003433562815189362,-0.0004705252746740978,-0.0,0.0,0.0,0.0,1.0,0.0,0.0,34.15412177371856,33.846285092868,35.472136443408516,104.98780430765066,108.20073621353765,108.77699422306019,1775.8188069938838,1965.5464870232652,1928.5787741053073,1716.3121382334489,156.95531014720808,5.246559710450397,104.42191236433271,0.004853483737741633,0.030014511818212374,6417.655077500955
2024-10-12 17:34:47.145182,1.0,1.0,1.0,1.0,1.0,1.0,1.0,290183.0,0.04214722489965788,0.0378493252884673,0.04570502822314875,0.032398736885968185,0.03095942747707764,0.034851109849295854,7.312217106421791e-05,0.000324280932545662,-0.00047688372433185594,-0.0,0.0,0.0,0.0,1.0,0.0,0.0,33.9694357059988,33.71281531547651,34.22923813749308,111.38452658317108,109.81865604426805,109.46591558853758,2016.0118093858162,1901.3939060333828,2132.7303282846765,1836.8155047015246,170.44865160095952,5.173122124306138,102.90662825734076,0.005372135196369137,0.03228303126779642,6547.673126966629
2024-10-12 17:34:47.226631,1.0,1.0,1.0,1.0,1.0,1.0,1.0,290184.0,0.0419614169784043,0.03722482060496381,0.045590908124401384,0.03251828982682399,0.03086527796111811,0.034851109849295854,6.358449657758079e-05,0.00031474325805902487,-0.0004609876001874607,-0.0,0.0,0.0,0.0,1.0,0.0,0.0,33.84005307551799,33.78058948542176,32.98979938674964,110.96347937047936,113.7616505379903,112.19372046475655,2121.4778183255394,2139.5519985391466,1963.7100943663534,1890.8169213491592,174.08858717989716,5.215523533757933,103.71714690413721,0.005688055735738633,0.03456941815066096,5053.262520936592
2024-10-12 17:34:47.308994,1.0,1.0,1.0,1.0,1.0,1.0,1.0,290185.0,0.04108320345271294,0.037084613626145846,0.043962132407454745,0.03251828982682399,0.03086527796111811,0.034515457310635475,6.358449657758078e-05,0.00029248868425687163,-0.0003942238787810009,-0.0,0.0,0.0,0.0,1.0,0.0,0.0,33.26331612118219,33.65407873605919,34.47339266295452,116.20141205071441,113.22524603241371,113.7884447354906,2256.0897031235186,2200.850744957176,2232.7141419478626,2038.7479601522439,189.13146057003593,5.1781514927497385,102.93691422847975,0.006045744580780402,0.03683860523765323,6789.889303045766
2024-10-12 17:34:47.312994,1.0,1.0,1.0,1.0,1.0,1.0,1.0,290186.0,0.04063698009803076,0.03757304914762413,0.043425625269995945,0.032637404840404415,0.030294236862297798,0.03434640099311143,6.676372140645982e-05,0.00027023411045471834,-0.00036243163049221044,-0.0,0.0,0.0,0.0,1.0,0.0,0.0,33.34284875524999,33.33922555395195,35.29022690842961,115.95118413302856,117.14235364945498,118.22197688734708,2310.305043556887,2414.3213128537463,2556.0880756709153,2226.769286003708,209.82541787091142,5.100443581826563,101.3417752497655,0.00653959186160493,0.03907262837204806,8201.329508499915
2024-10-12 17:34:47.394282,1.0,1.0,1.0,1.0,1.0,1.0,1.0,290187.0,0.04127296521748624,0.03743414645719283,0.043003714672582107,0.03224867245309928,0.030928076150071922,0.03431814397393635,8.265984555085502e-05,0.00024797953665256506,-0.00037832775463660567,-0.0,0.0,0.0,0.0,1.0,0.0,0.0,33.85430907415107,33.3053434366992,33.54644679017682,119.28414428052025,119.99811312396089,118.60000807845074,2493.868417338491,2444.4482752480317,2541.312907554256,2287.9432360880032,218.32358844704194,5.03844127592809,100.07278044316332,0.0069073453205053216,0.041278677220928456,8314.1754923334
2024-10-12 17:34:47.398282,1.0,1.0,1.0,1.0,1.0,1.0,1.0,290188.0,0.04127296521748624,0.03729472643293347,0.04276075388833108,0.03245856839932655,0.031146872746571578,0.03417650843776925,9.537674486637117e-05,0.00025433798631032317,-0.00041012000292539613,-0.0,0.0,0.0,0.0,1.0,0.0,0.0,33.34131864463947,33.53881200078479,32.9055103919894,120.21317592386869,120.84915015544645,120.06518099796062,2546.1599636942656,2500.360006581759,2427.1627928980315,2284.021432344141,215.82201673924476,5.088752332984548,101.05918939435998,0.0070337208267231485,0.04350647090713301,6626.239825012381
2024-10-12 17:34:47.479612,1.0,1.0,1.0,1.0,1.0,1.0,1.0,290189.0,0.041587310697157,0.03764230828317236,0.04269979768643891,0.03167194378429309,0.0316106234096681,0.03389146168814632,8.265984555085502e-05,0.00023844186216592797,-0.00040376155326763796,-0.0,0.0,0.0,0.0,1.0,0.0,0.0,33.235075501830536,33.43994039179659,34.20128654790221,122.37190104631594,121.22115719054916,120.95201235068578,2619.7955469350345,2611.794537175443,2553.3820805899136,2382.9536487662513,225.3312986673728,5.08587067557009,100.98699681836942,0.00718084217655136,0.04573267314810685,7708.065584798588
2024-10-12 17:34:47.562732,1.0,1.0,1.0,1.0,1.0,1.0,1.0,290190.0,0.04108320345271294,0.03764230828317236,0.042882406350036345,0.031641298451732976,0.031641298451732976,0.033834164163335345,5.722604691982271e-05,0.00024480031182368605,-0.000400582328438759,-0.0,0.0,0.0,0.0,1.0,0.0,0.0,33.13992231191816,33.255472262890784,35.268822821292716,122.84564901445202,122.62288803032041,124.16228191350429,2620.461860119707,2681.038366439735,2909.1852207798356,2518.256357443744,241.4575837382456,5.017182673591952,99.59337976998384,0.007477041904456564,0.04792815387548072,9337.615212411032
2024-10-12 17:34:47.565679,1.0,1.0,1.0,1.0,1.0,1.0,1.0,290191.0,0.04076497090344803,0.03798670986099516,0.0440804694516948,0.03179422973639322,0.03170255949350469,0.034005767111097776,5.4046822090943663e-05,0.00025751721113920217,-0.00044509147604306553,-0.0,0.0,0.0,0.0,1.0,0.0,0.0,33.868734448760655,33.26676649683726,33.482060344186316,124.01231067332985,125.68375196450681,123.75131655644502,2755.898604023917,2727.3668907988954,2776.4019146013675,2531.84120266289,243.73613212223162,4.998156197927126,99.1945771073735,0.007688303653732847,0.05011484321971437,8731.256726649874
2024-10-12 17:34:47.648209,1.0,1.0,1.0,1.0,1.0,1.0,1.0,290192.0,0.04127296521748624,0.03839591423416136,0.04390284427203976,0.03224867245309928,0.03151841915858901,0.03403428348265909,5.72260469198227e-05,0.00027023411045471834,-0.0004387330263853075,-0.0,0.0,0.0,0.0,1.0,0.0,0.0,33.34010517661897,33.54780206152408,32.91666042438172,125.20548178831108,124.95427532117976,124.42608391878106,2774.7956869390723,2703.126955422049,2652.12493667263,2488.8158323683956,236.9022299693423,5.054948345436205,100.3217256886254,0.007687924455256105,0.05232637992822807,7383.231985777143
2024-10-12 17:34:47.651143,1.0,1.0,1.0,1.0,1.0,1.0,1.0,290193.0,0.04063698009803076,0.03900167157440239,0.0440804694516948,0.0321582976678794,0.03227874115189541,0.03462770299655218,7.630139589309694e-05,0.00030520558357238775,-0.0004387330263853075,-0.0,0.0,0.0,0.0,1.0,0.0,0.0,33.27906125271931,33.52271694832899,34.190447490607646,126.02776594221068,125.31852260098886,124.89588434475267,2801.157612778687,2810.1991170886836,2725.9994983076026,2554.8571766973764,242.3446191082637,5.072627684872701,100.6710567937655,0.0077030776969800405,0.054545617446881745,8152.339086900248
2024-10-12 17:34:47.733682,1.0,1.0,1.0,1.0,1.0,1.0,1.0,290194.0,0.04082881584609787,0.03906839817849146,0.04413951900188092,0.03221857569203676,0.03224867245309928,0.0344028454042274,8.90182952086131e-05,0.0003179224828879039,-0.0004355538015564284,-0.0,0.0,0.0,0.0,1.0,0.0,0.0,33.241864698576855,33.321640743497724,35.359014878066496,126.51085737584283,125.78268371988368,127.35558135831387,2788.106102535278,2826.8392200627536,3073.7113697400046,2666.8309437158077,256.2089072038367,5.009397028594255,99.39685510116543,0.00789601489165322,0.05673676589711188,9849.842153572166
2024-10-12 17:34:47.736685,1.0,1.0,1.0,1.0,1.0,1.0,1.0,290195.0,0.04139898983206046,0.03880080326089555,0.044725726870264354,0.03227874115189541,0.03254810944778678,0.03445919735911931,8.90182952086131e-05,0.00033699783186117815,-0.00047688372433185594,-0.0,0.0,0.0,0.0,1.0,0.0,0.0,33.92388035141789,33.378318764274056,33.69498812477226,126.42581642881186,128.4593030806885,126.6078648308379,2876.570129172441,2861.8235242605892,2917.204115834034,2654.944161303215,255.82963673369636,4.995062278333346,99.10051680467814,0.008015202988179329,0.05892138173422834,9148.846179709531
2024-10-12 17:34:47.819211,1.0,1.0,1.0,1.0,1.0,1.0,1.0,290196.0,0.04114655461363215,0.038123599349151736,0.044725726870264354,0.0321582976678794,0.032874340109372714,0.03457162570793951,9.219752003749214e-05,0.0003306393822034201,-0.0004609876001874607,-0.0,0.0,0.0,0.0,1.0,0.0,0.0,33.549137700264126,33.64366565702243,32.961758657060955,127.4685612985958,127.00080825034361,126.07969876701607,2888.653768541058,2794.7402024386156,2732.015105961306,2577.372783252269,245.8141346385188,5.046183673742282,100.12482461555813,0.007915376360994293,0.06112857786797576,7817.311281727035
2024-10-12 17:34:47.901496,1.0,1.0,1.0,1.0,1.0,1.0,1.0,290197.0,0.04101975445198809,0.03859888964444313,0.045590908124401384,0.032696799620819436,0.03248844283583844,0.03501772965099794,0.00010173519452412927,0.00034653550634781527,-0.0004387330263853075,-0.0,0.0,0.0,0.0,1.0,0.0,0.0,33.34781079501333,33.668169264771294,34.30020903120796,127.64073551116165,126.60065186761032,126.53344636238616,2871.3499005814797,2872.625507982178,2802.394477475873,2619.540954926369,247.7187206039944,5.088997809835823,100.9805534095285,0.007854226087923554,0.06335463806758136,8014.997045025915
2024-10-12 17:34:47.905497,1.0,1.0,1.0,1.0,1.0,1.0,1.0,290198.0,0.04114655461363215,0.03839591423416136,0.045131542168673384,0.032398736885968185,0.032398736885968185,0.03501772965099794,6.040527174870175e-05,0.0003433562815189362,-0.0004164784525831542,-0.0,0.0,0.0,0.0,1.0,0.0,0.0,33.40922922548557,33.44736943207221,35.424180982153075,127.83296079374414,127.40080682351604,128.45726778470086,2864.2300822788225,2905.752919844658,3114.147457803098,2727.411301562709,260.94816131877974,5.030796772736,99.8085569857201,0.00802435981289702,0.06555486225713324,9970.560080610285
2024-10-12 17:34:47.986666,1.0,1.0,1.0,1.0,1.0,1.0,1.0,290199.0,0.04076497090344803,0.037780445658522906,0.04530435023736206,0.03254810944778678,0.03221857569203676,0.034823262373934814,6.040527174870175e-05,0.00034653550634781527,-0.00039740310360987996,-0.0,0.0,0.0,0.0,1.0,0.0,0.0,33.97519555322063,33.48949414513405,33.889345377409576,128.04092720196704,129.5330456735152,128.03253632487719,2941.3859424342277,2915.4524244677978,2999.9833385816005,2717.325458380292,261.2976694240868,5.006131053883868,99.30646063025483,0.008151608883564082,0.0677440180114713,9514.653275618393
2024-10-12 17:34:47.990663,1.0,1.0,1.0,1.0,1.0,1.0,1.0,290200.0,0.04076497090344803,0.037918079796158174,0.04478392562861249,0.03251828982682399,0.032398736885968185,0.03490673815261534,7.312217106421791e-05,0.00034653550634781527,-0.00039740310360987996,-0.0,0.0,0.0,0.0,1.0,0.0,0.0,33.7217694091877,33.75135456997805,33.016461351066305,128.77113648727703,128.56269440117777,127.41061916470191,2960.044027764184,2872.331147386322,2784.960989000165,2639.946133561201,251.04855694414744,5.061662129461746,100.41734119493341,0.008059619285456714,0.06995766251070183,7969.532700291599
2024-10-12 17:34:48.072236,1.0,1.0,1.0,1.0,1.0,1.0,1.0,290201.0,0.041712385598201944,0.03729472643293347,0.04425738174574523,0.03284481667269478,0.03212811624624381,0.034823262373934814,7.948062072197598e-05,0.0003306393822034201,-0.00036243163049221044,-0.0,0.0,0.0,0.0,1.0,0.0,0.0,33.40686347970087,33.77876100028959,34.44124112341762,128.75445608696631,127.62328311057279,127.84129757812869,2921.98897293192,2922.4768128408577,2867.148422427437,2670.7244365074393,252.07990281461363,5.099229322297789,101.17244356899224,0.007963388441977234,0.07218795282226717,8263.081141874074
2024-10-12 17:34:48.155679,1.0,1.0,1.0,1.0,1.0,1.0,1.0,290202.0,0.041019754451988084,0.036802597262395625,0.04443358966925188,0.03284481667269478,0.032308781866774994,0.03526618335153976,4.76883724331856e-05,0.0003179224828879039,-0.0003751485298077266,-0.0,0.0,0.0,0.0,1.0,0.0,0.0,33.57612202670535,33.56005496116691,35.47797275047883,128.6129050683861,128.52359854808768,129.21704147348484,2911.7633609450013,2959.7145091551715,3140.8285832803504,2767.048831450676,264.0768680856474,5.043778765625558,100.0593885775404,0.008091024338074142,0.07439370645490984,10056.158192310528
2024-10-12 17:34:48.158679,1.0,1.0,1.0,1.0,1.0,1.0,1.0,290203.0,0.041774782619765874,0.036518403069078165,0.044725726870264354,0.032933307582966455,0.03185519667586617,0.03499001478345783,5.0867597262064634e-05,0.00029248868425687163,-0.0003656108553210895,-0.0,0.0,0.0,0.0,1.0,0.0,0.0,34.02934564460951,33.585928301152336,34.06855472983959,128.72162166482659,130.087295581054,128.81293128957907,2972.028629928975,2940.4698828352907,3046.6065661821985,2749.0056276717687,263.441059793316,5.023509182120695,99.64684348931573,0.008194870589950906,0.07659036576027431,9539.268017295766
2024-10-12 17:34:48.240929,1.0,1.0,1.0,1.0,1.0,1.0,1.0,290204.0,0.0420853800755884,0.036873303566316074,0.04437493143949452,0.03284481667269478,0.03185519667586617,0.035211122922407,6.358449657758079e-05,0.00030202635874350875,-0.0003656108553210895,-0.0,0.0,0.0,0.0,1.0,0.0,0.0,33.87736368508186,33.86668136103967,33.05119893022561,129.0814892449931,129.09500386976353,127.55569988038923,2983.682986224741,2900.1147727131943,2786.147513125274,2656.218448897006,251.52842656033985,5.083146759639767,100.84354325790628,0.008059888624454567,0.07881340564720415,7929.53682243381
2024-10-12 17:34:48.243930,1.0,1.0,1.0,1.0,1.0,1.0,1.0,290205.0,0.0420853800755884,0.03722482060496381,0.04372449751876115,0.03296275176192149,0.031641298451732976,0.03515597625908419,5.404682209094367e-05,0.0002670548856258393,-0.0003401770566900572,-0.0,0.0,0.0,0.0,1.0,0.0,0.0,33.453917569462334,33.87847446703715,34.592982202579186,128.91236856991688,127.46039972450731,128.03226299460235,2922.6356862880402,2915.6907406875025,2885.364920260211,2674.3743877173224,251.25191975221222,5.122831247161338,101.64457343928221,0.007925807671241611,0.08105410379946566,8198.193627015437
2024-10-12 17:34:48.326018,1.0,1.0,1.0,1.0,1.0,1.0,1.0,290206.0,0.04183708658073959,0.03722482060496381,0.0440213406934204,0.032874340109372714,0.03142594437984583,0.03515597625908419,4.450914760430655e-05,0.00027023411045471834,-0.00031156403323014586,-0.0,0.0,0.0,0.0,1.0,0.0,0.0,33.73652354633763,33.671696170416176,35.5167478397888,128.37357221582758,128.75918791114935,129.06105491416074,2914.632643723545,2975.5973710307258,3122.124081349896,2767.0382838959868,262.17206352900655,5.080141598217359,100.78598337564765,0.008039624220180761,0.08327587481076883,9802.639927475046
2024-10-12 17:34:48.409220,1.0,1.0,1.0,1.0,1.0,1.0,1.0,290207.0,0.041649895097796784,0.03666077555081008,0.04354542032592321,0.03284481667269478,0.031364143052817484,0.034767500508899686,3.8150697946548475e-05,0.0002765925601124764,-0.00030202635874350875,-0.0,0.0,0.0,0.0,1.0,0.0,0.0,34.06641518204514,33.67432008355631,34.20268715186196,128.8602403678912,129.8030536025166,128.8402947352827,2969.633246840041,2927.5186780583012,3059.2290986319335,2748.08267448426,261.92420401657427,5.05066743867274,100.19026916085,0.008148226176034796,0.08548451363315912,9607.354143400606
2024-10-12 17:34:48.413455,1.0,1.0,1.0,1.0,1.0,1.0,1.0,290208.0,0.04152463197171362,0.03722482060496381,0.043784027154931265,0.03254810944778678,0.03130221970899244,0.03423323297213509,8.583907037973408e-05,0.0002893094594279926,-0.00030520558357238775,-0.0,0.0,0.0,0.0,1.0,0.0,0.0,34.00483593641758,33.945240224228165,33.095277211803214,128.91578131558367,129.4084887510304,127.61541564852732,2987.4452193990933,2918.4222255736377,2774.262048640011,2659.257438505291,250.43429519419794,5.111029979679722,101.40000177622983,0.008027714772043249,0.08771982033898179,7877.109193413348
2024-10-12 17:34:48.493858,1.0,1.0,1.0,1.0,1.0,1.0,1.0,290209.0,0.041461858493688546,0.037084613626145846,0.04366488672414647,0.03245856839932655,0.031084516582433108,0.03423323297213509,6.676372140645982e-05,0.0002988471339146297,-0.00030202635874350875,-0.0,0.0,0.0,0.0,1.0,0.0,0.0,33.48708937724961,33.93536963158305,34.72337392802523,129.15137130808142,127.46474913159224,128.25324030151748,2928.825706804601,2915.353928409248,2905.888814097301,2682.522887055858,251.07239504775924,5.142058030711691,102.02717284412002,0.007914999842982712,0.08996895268256773,8313.889921449503
2024-10-12 17:34:48.497858,1.0,1.0,1.0,1.0,1.0,1.0,1.0,290210.0,0.04127296521748623,0.03743414645719283,0.04384347596324186,0.03254810944778678,0.031178004061435775,0.03363285413230715,4.4509147604306555e-05,0.0002988471339146297,-0.0003083848084012668,-0.0,0.0,0.0,0.0,1.0,0.0,0.0,33.832224008115496,33.72808258847247,35.525403965729375,128.42634297512762,129.1083979052917,129.17501847034137,2923.69331885206,2990.760585012235,3120.788722937244,2774.0282875545886,262.0661532661168,5.09500751944286,101.0814198030527,0.008034635696612565,0.09219723642578169,9859.970315012515
2024-10-12 17:34:48.579828,1.0,1.0,1.0,1.0,1.0,1.0,1.0,290211.0,0.04101975445198809,0.03715478325109878,0.04336560364453033,0.03242866644143693,0.03157991857152382,0.03363285413230715,3.497147311766944e-05,0.0002988471339146297,-0.00030520558357238775,-0.0,0.0,0.0,0.0,1.0,0.0,0.0,34.09121936526298,33.734815707690174,34.25247441448865,129.09566861224224,129.8413708646515,129.01654655240986,2975.043700340964,2926.1861488046025,3068.495714747821,2752.0113622024833,261.64882100016655,5.063159635642128,100.43910232012243,0.008138103990628013,0.0944113606369275,9629.367862679883
2024-10-12 17:34:48.583335,1.0,1.0,1.0,1.0,1.0,1.0,1.0,290212.0,0.04164989509779679,0.0373645014732293,0.04330549882888886,0.03227874115189541,0.03173314566510837,0.03340129988750126,6.040527174870175e-05,0.0002988471339146297,-0.00029248868425687163,-0.0,0.0,0.0,0.0,1.0,0.0,0.0,34.07280156520983,33.999191237363824,33.12605866155309,128.97971424109747,129.56732139007005,127.57272943766363,2994.386671866017,2926.041316414675,2767.207219166085,2661.4899203141194,250.14286166324538,5.121185978950947,101.6033655305751,0.008009414731427853,0.09665115038373484,7897.686909178078
2024-10-12 17:34:48.665147,1.0,1.0,1.0,1.0,1.0,1.0,1.0,290213.0,0.04127296521748623,0.03743414645719283,0.04288240635003635,0.03224867245309928,0.032308781866774994,0.03325575976212062,5.722604691982271e-05,0.00031474325805902487,-0.00029248868425687163,-0.0,0.0,0.0,0.0,1.0,0.0,0.0,33.49669473058644,33.985248249162424,34.83460963921497,129.1830671667444,127.31663412939103,128.36729389610605,2921.8467295054634,2910.009159966268,2918.7513036967216,2682.610893781653,251.0137907283724,5.143285317493499,102.05434121335517,0.007887615467832971,0.09890088163892703,8435.359344693308
2024-10-12 17:34:48.748095,1.0,1.0,1.0,1.0,1.0,1.0,1.0,290214.0,0.04095620715673985,0.03729472643293347,0.04312468176012514,0.03233879467572394,0.032756086704177324,0.03305092691301418,3.497147311766944e-05,0.0003306393822034201,-0.0003083848084012668,-0.0,0.0,0.0,0.0,1.0,0.0,0.0,33.9310898050373,33.764723075589366,35.54012766819235,128.36169541193007,129.2249489140895,129.07374398471504,2927.1650212337045,2993.470060139599,3111.471381288345,2772.962630382598,262.05061929197547,5.093210156731736,101.04857851362672,0.008006979840896412,0.10112844141416076,9901.274040333727
2024-10-12 17:34:48.752095,1.0,1.0,1.0,1.0,1.0,1.0,1.0,290215.0,0.04108320345271294,0.03764230828317236,0.04354542032592321,0.03218845078999174,0.033168129149298335,0.033021561356871405,4.4509147604306555e-05,0.00036243163049221044,-0.00030202635874350875,-0.0,0.0,0.0,0.0,1.0,0.0,0.0,34.10716071846284,33.78584151717524,34.26989920878059,129.19845515038935,129.6704398128621,129.03911849486522,2973.266695914048,2917.731284061243,3068.696206720458,2748.717702466958,261.5738459325273,5.058427253673309,100.34764934977316,0.00811413985539569,0.10334054959538243,9667.196397581987
2024-10-12 17:34:48.833175,1.0,1.0,1.0,1.0,1.0,1.0,1.0,290216.0,0.041461858493688546,0.03757304914762413,0.043425625269995945,0.0321582976678794,0.03340129988750126,0.032785690042080325,7.630139589309695e-05,0.0003560731808344524,-0.0003433562815189362,-0.0,0.0,0.0,0.0,1.0,0.0,0.0,34.118443223105054,34.026176391268955,33.15857238395221,129.0059599396087,129.67778456341054,127.57138168719322,2997.7234066664637,2930.779990508007,2758.161776443862,2661.003992198811,250.58334165789017,5.11115433705476,101.40624739307115,0.007990752129143656,0.10557599398235858,7989.477646424062
2024-10-12 17:34:48.837119,1.0,1.0,1.0,1.0,1.0,1.0,1.0,290217.0,0.041712385598201944,0.03757304914762413,0.043003714672582107,0.032308781866774994,0.033459338679991214,0.032815266674204355,6.994294623533886e-05,0.00036243163049221044,-0.0003083848084012668,-0.0,0.0,0.0,0.0,1.0,0.0,0.0,33.4998244643661,34.018325499313704,34.93171780545902,129.30732284807561,127.32939865244997,128.5826134475665,2921.0126658978356,2912.928070135299,2936.2320471652138,2688.6638743463227,252.24167771967814,5.129781374634741,101.78670308172651,0.007884589536000419,0.10781982530362685,8534.11183892028
2024-10-12 17:34:48.919604,1.0,1.0,1.0,1.0,1.0,1.0,1.0,290218.0,0.04114655461363215,0.036873303566316074,0.04276075388833108,0.03260766687993288,0.03363285413230715,0.03284481667269478,5.404682209094367e-05,0.00035925240566333144,-0.00030520558357238775,-0.0,0.0,0.0,0.0,1.0,0.0,0.0,33.98064397963924,33.77110520702812,35.53237221633671,128.4923620629755,129.43296602799867,129.14486752687105,2935.4419628567975,2997.599518605714,3115.082261819072,2777.846402482578,263.1058195360605,5.081753901189796,100.82057178774345,0.00801402676998754,0.11004235879725889,9915.69388910731
2024-10-12 17:34:49.001790,1.0,1.0,1.0,1.0,1.0,1.0,1.0,290219.0,0.041336025552530284,0.0373645014732293,0.04251640472283598,0.03284481667269478,0.033661686417184034,0.0333431600699038,6.994294623533886e-05,0.0003433562815189362,-0.0003306393822034201,-0.0,0.0,0.0,0.0,1.0,0.0,0.0,34.10904745673444,33.835706922656726,34.2371382271939,129.3573971460821,129.71164411388332,129.19082443185948,2973.704369705565,2918.2741148057553,3068.761425384857,2748.754260838443,261.7403828589805,5.055263404683487,100.2851351813869,0.00811167338504054,0.11225308888836857,9557.898274059473
2024-10-12 17:34:49.005791,1.0,1.0,1.0,1.0,1.0,1.0,1.0,290220.0,0.042023444236177564,0.03694387454679471,0.042577623479846755,0.03233879467572394,0.0337192770263005,0.03363285413230715,8.583907037973405e-05,0.00032746015737454104,-0.0003179224828879039,-0.0,0.0,0.0,0.0,1.0,0.0,0.0,34.154142114690345,34.04133552564155,33.205757622465406,129.15301893968424,129.67624112079017,127.51999089893783,3004.24731800598,2929.5972178030133,2753.142389016707,2660.9797712448158,250.40995869700518,5.11456369753829,101.47553705887458,0.007974647889162412,0.1144900607275331,7889.877057014437
2024-10-12 17:34:49.087438,1.0,1.0,1.0,1.0,1.0,1.0,1.0,290221.0,0.04127296521748623,0.0373645014732293,0.04245509769062346,0.03242866644143693,0.03331405211143558,0.03325575976212062,8.583907037973405e-05,0.00031156403323014586,-0.00031474325805902487,-0.0,0.0,0.0,0.0,1.0,0.0,0.0,33.49946340548771,34.05392999294427,35.02928857813707,129.25921247610245,127.23249469217065,128.69862434457903,2912.4036590522564,2912.702896595538,2949.3810696211444,2690.0326267592004,252.2227958924053,5.132687164206088,101.84614474177125,0.007867209869933953,0.11673520240717392,8540.385082532248
2024-10-12 17:34:49.091438,1.0,1.0,1.0,1.0,1.0,1.0,1.0,290222.0,0.04057283328598263,0.03832801689680105,0.04282162331969714,0.03203740138402003,0.03340129988750126,0.03296275176192149,8.90182952086131e-05,0.0003306393822034201,-0.00030202635874350875,-0.0,0.0,0.0,0.0,1.0,0.0,0.0,34.05377547625473,33.770158157414286,35.53757117935011,128.51669405090587,129.50042988640274,129.05097860484332,2940.5579521489926,2994.07759445311,3109.5154195763325,2776.5044618184584,263.0602743709197,5.080094071786677,100.78931393313258,0.007997563540345845,0.11895704683876653,9977.256649905867
2024-10-12 17:34:49.172383,1.0,1.0,1.0,1.0,1.0,1.0,1.0,290223.0,0.04063698009803076,0.038123599349151736,0.042943103346232976,0.03203740138402003,0.032933307582966455,0.03284481667269478,8.90182952086131e-05,0.0003401770566900572,-0.0002829510097702345,-0.0,0.0,0.0,0.0,1.0,0.0,0.0,34.118983398212094,33.87980004516032,34.19548692350714,129.38114936366645,129.62138281753562,129.21025013087993,2970.353122296774,2914.130017205718,3061.389311009807,2743.9121937420673,261.1032024999594,5.058588776981197,100.35277657176441,0.008095132891472916,0.12116926804674853,9462.993122513737
2024-10-12 17:34:49.176380,1.0,1.0,1.0,1.0,1.0,1.0,1.0,290224.0,0.04127296521748624,0.037918079796158174,0.04269979768643891,0.03179422973639322,0.03260766687993288,0.03299216966314644,7.312217106421792e-05,0.0003401770566900572,-0.0002734133352835974,-0.0,0.0,0.0,0.0,1.0,0.0,0.0,34.39128062491294,34.211058603006656,33.30430055016831,131.21536903783982,133.84369125313464,127.79552994697893,3148.214736514371,3071.6613798853264,2757.4831630864405,2750.4425273890893,258.6992021817354,5.11813604509174,101.52637199475174,0.008170444276145212,0.12340736051383283,8238.176396872554
2024-10-12 17:34:49.257860,1.0,1.0,1.0,1.0,1.0,1.0,1.0,290225.0,0.04076497090344803,0.03743414645719283,0.04245509769062346,0.03145679951185349,0.03233879467572394,0.03290383705573704,6.676372140645982e-05,0.0003338186070322991,-0.00029566790908575063,-0.0,0.0,0.0,0.0,1.0,0.0,0.0,33.9170729863946,34.81570898040095,36.08620302173646,140.17727859973752,133.55607417250235,139.718939969459,3274.5744057402953,3227.710069973666,3568.015010945618,3089.1841093442986,285.1249696686069,5.218461140384773,103.46177432888909,0.008694598411242113,0.1256881178501497,8778.233800779246
2024-10-12 17:34:49.341466,1.0,1.0,1.0,1.0,1.0,1.0,1.0,290226.0,0.04076497090344803,0.037780445658522906,0.0423322172659213,0.03127121205432006,0.032308781866774994,0.033168129149298335,1.2716899315516158e-05,0.00034017705669005726,-0.00027341333528359735,-0.0,0.0,0.0,0.0,1.0,0.0,0.0,36.61525822765415,34.93318234956817,36.82039517820652,149.4268166160508,150.51037044244677,142.22556295219326,4095.6729732539143,3795.8764323990463,3782.153187256092,3585.817551729996,326.27638925040714,5.297598336107983,104.94794116631806,0.009476233305555156,0.1280016369087494,10758.252026503456
2024-10-12 17:34:49.345465,1.0,1.0,1.0,1.0,1.0,1.0,1.0,290227.0,0.04050858489526056,0.038055216156251626,0.0423322172659213,0.030896693010431804,0.03221857569203676,0.03290383705573704,1.9075348973274234e-05,0.00032746015737454104,-0.00030520558357238775,-0.0,0.0,0.0,0.0,1.0,0.0,0.0,36.87626581181988,38.50805999299319,36.47942343553016,152.44223730997615,157.03099672592342,158.19561098424555,4076.664456635035,4571.935386252571,4385.829670032821,4004.2323454827174,356.07820299923065,5.423268522198275,107.38540562788765,0.009956770641702316,0.1303688885172575,11299.489578466084
2024-10-12 17:34:49.426856,1.0,1.0,1.0,1.0,1.0,1.0,1.0,290228.0,0.04082881584609787,0.03832801689680105,0.04183708658073959,0.031115710284795706,0.03233879467572394,0.03296275176192149,9.537674486637117e-06,0.0003433562815189362,-0.0002829510097702345,-0.0,0.0,0.0,0.0,1.0,0.0,0.0,38.94358966680654,39.04791358254692,40.88999322836268,167.56753692886898,161.66038906466036,163.9734516114574,5074.433238851506,4691.619862493835,5178.740503357015,4599.543639210774,389.92527468510264,5.6897458261438825,112.6431375968327,0.0101215323253336,0.1328520439060588,10705.200039959938
2024-10-12 17:34:49.430856,1.0,1.0,1.0,1.0,1.0,1.0,1.0,290229.0,0.04114655461363215,0.038055216156251626,0.041336025552530284,0.03151841915858901,0.032398736885968185,0.032368779656366614,-1.271689931551616e-05,0.0003656108553210895,-0.0002638756607969603,-0.0,0.0,0.0,0.0,1.0,0.0,0.0,42.1757831852919,41.986264486756106,42.9211357317341,174.460976599779,171.29567716295654,172.0802196616554,5772.7936503245355,5556.870147984797,5782.180813624129,5277.785391600437,419.90223027725,6.0628195154692355,120.02588789730189,0.010147938668990799,0.13549794792370598,10444.219527438652
2024-10-12 17:34:49.510744,1.0,1.0,1.0,1.0,1.0,1.0,1.0,290230.0,0.04089256110871732,0.03798670986099516,0.041712385598201944,0.0321582976678794,0.03245856839932655,0.03233879467572394,-2.5433798631032317e-05,0.0003942238787810009,-0.00025115876148144406,-0.0,0.0,0.0,0.0,1.0,0.0,0.0,45.844256795218605,44.30373286658414,47.009203513611645,184.65448730206143,179.27231567241313,177.2303196970449,6846.890925471957,6172.2272455872135,6558.468279661865,6053.007504804046,454.2711879986641,6.42607712579172,127.2410961222665,0.009962893134512268,0.1383029071982235,11959.366655953854
2024-10-12 17:34:49.594589,1.0,1.0,1.0,1.0,1.0,1.0,1.0,290231.0,0.04070102581168386,0.03757304914762413,0.04152463197171362,0.03194642892952922,0.03272645658802371,0.03245856839932655,-3.815069794654848e-05,0.0003942238787810009,-0.0002734133352835974,-0.0,0.0,0.0,0.0,1.0,0.0,0.0,49.713036601811304,48.683711466437494,49.26677030908204,189.60270885550668,188.93415415370583,186.79605892681374,7565.890383699444,7296.89942648547,7389.414957057922,6893.751992289265,476.40199569874636,6.977255742016311,138.18263348118782,0.00976373383401788,0.14134906658518656,10272.668607796913
2024-10-12 17:34:49.597589,1.0,1.0,1.0,1.0,1.0,1.0,1.0,290232.0,0.041019754451988084,0.036873303566316074,0.041712385598201944,0.03167194378429309,0.03254810944778678,0.03257790177388484,-5.086759726206463e-05,0.0003433562815189362,-0.00030520558357238775,-0.0,0.0,0.0,0.0,1.0,0.0,0.0,53.32770710073975,52.35613582897661,54.18198540017249,199.1703321001651,193.7760631369696,192.3186993334368,8664.594680102684,7938.8617184417035,8307.696647339102,7732.204358682009,492.4487640761364,7.567359120022463,149.9386699028056,0.009306499634178,0.14465438126393285,10374.535229653013
2024-10-12 17:34:49.679526,1.0,1.0,1.0,1.0,1.0,1.0,1.0,290233.0,0.04089256110871732,0.03673175485356617,0.04089256110871732,0.03167194378429309,0.032637404840404415,0.032637404840404415,-3.815069794654848e-05,0.0003083848084012668,-0.00031156403323014586,-0.0,0.0,0.0,0.0,1.0,0.0,0.0,57.177162222690825,57.79941640964286,58.25357041143174,202.74046005625308,201.0471179872903,202.36957809394275,9301.287684424882,9256.971505056446,9493.663733190879,8724.604498907842,509.7726942039083,8.245126532007417,163.43330448777016,0.008909664070494545,0.14825717766508548,9885.016089970246
2024-10-12 17:34:49.683526,1.0,1.0,1.0,1.0,1.0,1.0,1.0,290234.0,0.04050858489526056,0.03729472643293347,0.04101975445198809,0.03188563643118791,0.032933307582966455,0.03242866644143693,-1.271689931551616e-05,0.0003179224828879039,-0.00029248868425687163,-0.0,0.0,0.0,0.0,1.0,0.0,0.0,61.735484647330786,62.78999919692145,63.51231391836881,208.64034830554704,205.52616584675926,208.2476911824154,10249.620124501973,10275.877895050191,10740.004518166108,9743.931252256727,527.7508491792137,8.890242098511635,176.3098810383125,0.008407875260058708,0.15214383104264118,11068.922907042499
2024-10-12 17:34:49.764744,1.0,1.0,1.0,1.0,1.0,1.0,1.0,290235.0,0.04101975445198809,0.03722482060496381,0.04139898983206046,0.0321582976678794,0.03260766687993288,0.03242866644143693,-2.543379863103232e-05,0.00030520558357238775,-0.00027977178494135546,-0.0,0.0,0.0,0.0,1.0,0.0,0.0,67.89235915605133,67.78442885677619,65.8429456738549,207.4473441641586,213.4302106190717,207.08697090036245,11285.000454461964,11601.494672731516,10745.107897849412,10499.203893504533,522.6887489208921,9.666697779145961,191.8158982718592,0.007851995302547644,0.15637230595565638,9055.173390437392
2024-10-12 17:34:49.768744,1.0,1.0,1.0,1.0,1.0,1.0,1.0,290236.0,0.041461858493688546,0.03743414645719283,0.04108320345271294,0.032398736885968185,0.03257790177388484,0.03224867245309928,1.589612414439519e-05,0.000324280932545662,-0.0002734133352835974,-0.0,0.0,0.0,0.0,1.0,0.0,0.0,71.97451522961359,71.57831383277215,72.74519662886685,211.63447589906232,207.08438498186015,210.29570392276688,12153.695993242498,11707.740453858318,12168.235529932457,11267.72287243886,521.6550721581691,10.388836961255224,206.26431773612782,0.007279070287738649,0.16091928824886167,9783.915307828001
2024-10-12 17:34:49.850746,1.0,1.0,1.0,1.0,1.0,1.0,1.0,290237.0,0.041712385598201944,0.03757304914762413,0.041461858493688546,0.03203740138402003,0.03290383705573704,0.03272645658802371,6.358449657758075e-06,0.00030520558357238775,-0.00030202635874350875,-0.0,0.0,0.0,0.0,1.0,0.0,0.0,76.79981892345468,77.3495835326703,77.38296962826612,211.28272071868682,209.95437361217938,208.53107751354133,12853.129104168496,12841.531708649645,12895.534347752597,12087.176806994894,523.7306378229304,11.09468576175982,220.38816879481666,0.00678498910518448,0.16577762299207185,10123.801418359664
2024-10-12 17:34:49.933125,1.0,1.0,1.0,1.0,1.0,1.0,1.0,290238.0,0.04139898983206046,0.03715478325109878,0.04189929789626443,0.031549183850304155,0.033021561356871405,0.032933307582966455,-1.2716899315516157e-05,0.0002861302345991135,-0.00031474325805902487,-0.0,0.0,0.0,0.0,1.0,0.0,0.0,82.61866608132227,81.29004079493903,81.62463262335154,210.66951036429236,211.50924090305944,206.13332839661243,13955.766897611986,13520.423274728566,13172.56301398545,12744.227178322904,516.6846095701187,11.851966123993146,235.53712037256747,0.006337354037210723,0.17096990795672934,9150.519940923501
2024-10-12 17:34:49.937116,1.0,1.0,1.0,1.0,1.0,1.0,1.0,290239.0,0.04133602555253029,0.03729472643293347,0.04288240635003635,0.030802351742838057,0.03305092691301418,0.03340129988750126,1.2716899315516153e-05,0.0002893094594279926,-0.0003338186070322991,-0.0,0.0,0.0,0.0,1.0,0.0,0.0,86.68641279232305,87.91750859850096,85.81480872391303,207.11453175767156,211.20134393819941,209.20305710005573,14138.341734430385,14780.050219120307,14104.364715446949,13500.532755224142,516.1494171970652,12.563407669184672,249.7737807051641,0.005947322246792488,0.1764760321891632,9797.513886044
2024-10-12 17:34:50.019448,1.0,1.0,1.0,1.0,1.0,1.0,1.0,290240.0,0.041587310697157,0.03743414645719283,0.0418370865807396,0.03095942747707764,0.033168129149298335,0.03394866250806731,2.8613023459911357e-05,0.00030520558357238775,-0.000324280932545662,-0.0,0.0,0.0,0.0,1.0,0.0,0.0,91.28248917631615,91.99571603601458,91.92383531399064,208.6162076727083,209.42381332567626,209.5997002208245,15053.191999864097,15129.476036243148,15272.675563038476,14272.869856380274,514.2035998188791,13.327918776840347,265.06206380706425,0.005613448561611759,0.1823191781290878,9011.506240740768
2024-10-12 17:34:50.023452,1.0,1.0,1.0,1.0,1.0,1.0,1.0,290241.0,0.042023444236177564,0.03757304914762413,0.04220897910845451,0.031022035078891817,0.03305092691301418,0.034005767111097776,2.5433798631032314e-05,0.00031474325805902487,-0.00029248868425687163,-0.0,0.0,0.0,0.0,1.0,0.0,0.0,97.12676016162375,96.53057954851609,96.46503005460461,208.39377637162917,209.29766184443005,208.0063070119358,15997.232733344095,15948.322175582518,15699.388843111074,14965.382097863927,513.6865339992662,13.983971127736572,278.20248869565324,0.005280809884356628,0.1884519974354453,10524.137705352181
2024-10-12 17:34:50.103952,1.0,1.0,1.0,1.0,1.0,1.0,1.0,290242.0,0.04245509769062346,0.03743414645719283,0.041774782619765874,0.0313331966781849,0.03340129988750126,0.03428986366919591,4.132992277542751e-05,0.0003656108553210895,-0.00027023411045471834,-0.0,0.0,0.0,0.0,1.0,0.0,0.0,102.25336014692982,102.17681869376368,100.5476382780438,206.9134872448491,210.71258328702507,207.60508903089084,16599.016224375107,17011.296399637107,16277.33282087925,15671.253087674604,510.8486717959155,14.720625017600527,292.94280647682206,0.00499195473504443,0.19490975885822326,9316.333473212604
2024-10-12 17:34:50.187504,1.0,1.0,1.0,1.0,1.0,1.0,1.0,290243.0,0.04227064309912445,0.03798670986099516,0.04245509769062346,0.031115710284795706,0.033168129149298335,0.03457162570793951,4.132992277542751e-05,0.00040376155326763796,-0.00029566790908575063,-0.0,0.0,0.0,0.0,1.0,0.0,0.0,106.92327712901532,107.52058521539723,105.91080828163649,206.82374137725373,210.07037574067724,206.73055998019197,17311.88235078929,17772.10196528393,17037.53481323443,16372.123299154648,509.4860016071766,15.41582627088552,306.8627216941084,0.004715296144546098,0.20167437707868005,9865.218579501237
2024-10-12 17:34:50.190509,1.0,1.0,1.0,1.0,1.0,1.0,1.0,290244.0,0.042943103346232976,0.0378493252884673,0.04263875434188018,0.031084516582433108,0.032756086704177324,0.034767500508899686,2.2254573802153277e-05,0.0003942238787810009,-0.00030520558357238775,-0.0,0.0,0.0,0.0,1.0,0.0,0.0,111.86624800436144,112.04025539448587,111.10394390321333,208.36095762240177,208.21158915477477,205.7767262014397,18231.0726497331,18144.466812872244,17840.401919725406,17026.038712192032,505.4166414834148,16.156719772633693,321.6884447294066,0.004474765743342199,0.2087658201269372,9093.834508193335
2024-10-12 17:34:50.273053,1.0,1.0,1.0,1.0,1.0,1.0,1.0,290245.0,0.04269979768643891,0.03798670986099516,0.04269979768643891,0.031022035078891817,0.03299216966314644,0.034711649066398086,2.8613023459911357e-05,0.0003974031036098799,-0.0002893094594279926,-0.0,0.0,0.0,0.0,1.0,0.0,0.0,116.21442221964207,117.29990537162695,116.89946908841553,207.5905519668652,206.564313078644,207.4332272021685,18724.79602633786,18825.50590346328,19008.63389868017,17756.97933407421,503.647901925025,16.905824468796183,336.67699493197716,0.004257392020730582,0.21618767743743766,8937.70523507473
2024-10-12 17:34:50.283053,1.0,1.0,1.0,1.0,1.0,1.0,1.0,290246.0,0.04214722489965788,0.037711440220720746,0.042882406350036345,0.031022035078891817,0.03313886745048406,0.034599675713128386,9.53767448663712e-06,0.0004005823284387589,-0.0002988471339146297,-0.0,0.0,0.0,0.0,1.0,0.0,0.0,121.69740027777156,122.79508741509142,120.83009454156594,205.18269349190257,207.70807238253622,206.64985072973124,19310.230075682917,19951.84509270833,19329.649896858962,18386.221324943686,499.9415820825268,17.630978945290956,351.19199284727944,0.004048516145840554,0.22392950981309326,9149.336003005032
2024-10-12 17:34:50.358081,1.0,1.0,1.0,1.0,1.0,1.0,1.0,290247.0,0.0420853800755884,0.037224820604963814,0.04276075388833108,0.03127121205432006,0.032667115729434024,0.03406277598114669,3.1792248288790426e-06,0.0004323745767275493,-0.00029248868425687163,-0.0,0.0,0.0,0.0,1.0,0.0,0.0,127.68769401291728,126.56364118590143,125.97188611277787,207.99087547035916,207.17380482489764,203.77845402889068,20735.287321267413,20242.380949249753,19834.12735612021,19073.188645630828,498.6069000122613,18.335418475717983,365.288838169112,0.0038710088540590223,0.23198209931228791,9417.463984419514
2024-10-12 17:34:50.440633,1.0,1.0,1.0,1.0,1.0,1.0,1.0,290248.0,0.043003714672582107,0.03764230828317236,0.04318503823719134,0.03145679951185349,0.032368779656366614,0.03386282504451316,2.8613023459911357e-05,0.00043237457672754936,-0.00029566790908575063,-0.0,0.0,0.0,0.0,1.0,0.0,0.0,132.28643758672396,131.7572515658151,131.41785271563816,206.00819330294757,207.06231458732807,204.88529642889338,21191.50941282631,21076.156389165197,20750.761282461797,19752.80390855919,497.6419262364202,19.022308424618707,379.03836669242787,0.0037003968407017603,0.2403377895291521,9650.171871475412
2024-10-12 17:34:50.445632,1.0,1.0,1.0,1.0,1.0,1.0,1.0,290249.0,0.042882406350036345,0.037918079796158174,0.042577623479846755,0.03197678183797181,0.032308781866774994,0.03377676944149575,1.5896124144395198e-05,0.0004323745767275493,-0.00030520558357238775,-0.0,0.0,0.0,0.0,1.0,0.0,0.0,136.58990195551996,136.4647868349048,137.53759105699115,207.15825735617355,204.61961290090576,204.53267765381867,21937.009606931577,21316.659434587807,21807.076042378598,20376.934427879427,493.94099930207665,19.767129597691532,393.9446019470526,0.0035361482299920916,0.2490220794209627,8716.319876871341
2024-10-12 17:34:50.526047,1.0,1.0,1.0,1.0,1.0,1.0,1.0,290250.0,0.04245509769062346,0.03722482060496381,0.04312468176012514,0.03148762440853117,0.03194642892952922,0.033226575237181734,2.5433798631032314e-05,0.0003974031036098799,-0.0003306393822034201,-0.0,0.0,0.0,0.0,1.0,0.0,0.0,142.2885222078913,142.7509730210761,140.61206990369675,204.13053334665435,206.02121791794715,204.0608767006599,22315.112006701165,22703.782081372632,21955.191830997228,20956.871144904868,489.90183784256925,20.494104228372986,408.4968918434656,0.0033794907758796563,0.2580271664589342,8784.888912343838
2024-10-12 17:34:50.530045,1.0,1.0,1.0,1.0,1.0,1.0,1.0,290251.0,0.04227064309912445,0.03694387454679471,0.04330549882888886,0.031364143052817484,0.03203740138402003,0.03310957989067469,3.497147311766943e-05,0.0004005823284387589,-0.0003560731808344524,-0.0,0.0,0.0,0.0,1.0,0.0,0.0,147.04694057385356,146.8884462511002,147.04483998501848,205.1096814473174,203.48760501840906,204.14184378366178,23178.520179580977,22877.12499182941,23057.104156954596,21607.17651603533,487.6359020109034,21.22531589295283,423.1299132740126,0.0032423653715820556,0.2673548303248858,8648.853047974777
2024-10-12 17:34:50.611948,1.0,1.0,1.0,1.0,1.0,1.0,1.0,290252.0,0.04227064309912445,0.037084613626145846,0.04354542032592321,0.03142594437984583,0.03170255949350469,0.032696799620819436,4.76883724331856e-05,0.00037196930497884756,-0.00037832775463660567,-0.0,0.0,0.0,0.0,1.0,0.0,0.0,151.5626907527622,152.70156353707014,151.89658349605162,205.07883013216932,202.4756690101482,204.17715516517387,23734.398798178376,23625.344719475466,23983.423929252447,22285.48579159778,487.0519522215737,21.915234254059456,436.9363728151235,0.0031218289756865534,0.27698684992116585,9219.26734062338
2024-10-12 17:34:50.614944,1.0,1.0,1.0,1.0,1.0,1.0,1.0,290253.0,0.04276075388833109,0.036943874546794715,0.04318503823719134,0.03148762440853117,0.03191604715477278,0.03254810944778678,3.815069794654847e-05,0.00037196930497884756,-0.00035607318083445244,-0.0,0.0,0.0,0.0,1.0,0.0,0.0,157.43598604805925,156.10862462582728,157.4024511579112,206.55193589430752,201.73964108760927,202.43924006842005,25035.03615939842,23832.893322076212,24566.684499343857,22917.118197099055,485.4556144975233,22.607917454085168,450.7978732018329,0.0030088482997904587,0.2869244385926374,9127.970422620332
2024-10-12 17:34:50.696165,1.0,1.0,1.0,1.0,1.0,1.0,1.0,290254.0,0.04227064309912445,0.036589658557456724,0.043664886724146465,0.031364143052817484,0.03212811624624381,0.03272645658802371,6.358449657758078e-05,0.00036243163049221044,-0.0003815069794654848,-0.0,0.0,0.0,0.0,1.0,0.0,0.0,162.93755632846327,161.9467625291557,161.13605810741933,205.03560064634058,202.3007437718295,201.82231953854313,25587.148117359797,24936.623032198753,24926.31105480622,23520.817030488524,483.6407350152757,23.28792233594047,464.4093052886516,0.0028966547781627285,0.2971620837225561,9242.642030321309
2024-10-12 17:34:50.780110,1.0,1.0,1.0,1.0,1.0,1.0,1.0,290255.0,0.04245509769062346,0.036873303566316074,0.04342562526999594,0.031364143052817484,0.032007105962223864,0.03331405211143558,3.8150697946548475e-05,0.0003815069794654847,-0.00039740310360987996,-0.0,0.0,0.0,0.0,1.0,0.0,0.0,166.9536215310033,167.2587432145595,167.0091778620461,204.24705149754348,200.98533615732825,202.77486627153058,25991.6120412281,25586.28312910816,26066.659747280082,24180.39330627999,482.3046206262295,24.004901926130845,478.7549970726547,0.0027974316539495156,0.3077159716580244,8682.757912720497
2024-10-12 17:34:50.783110,1.0,1.0,1.0,1.0,1.0,1.0,1.0,290256.0,0.0423322172659213,0.03651840306907817,0.043664886724146465,0.031240173622796498,0.03148762440853117,0.033546208593426816,6.040527174870175e-05,0.00037196930497884756,-0.0004228369022409122,-0.0,0.0,0.0,0.0,1.0,0.0,0.0,171.9704286221193,171.57868378029755,172.5123910172568,204.65698572477322,200.56514452180602,201.65806570967828,26952.180198704256,26003.582847539663,26744.610661142135,24793.372901128765,480.10682175793926,24.723776776141275,493.13873591966336,0.002703469650421805,0.318586941125409,8578.788587165882
2024-10-12 17:34:50.865617,1.0,1.0,1.0,1.0,1.0,1.0,1.0,290257.0,0.04282162331969714,0.03757304914762413,0.04372449751876115,0.03142594437984583,0.03182472780550264,0.03394866250806731,8.265984555085502e-05,0.00037196930497884756,-0.00043237457672754936,-0.0,0.0,0.0,0.0,1.0,0.0,0.0,176.33801376756358,175.89823843446746,176.83380861807456,202.17708826632543,198.16876506164687,201.26554754436145,27717.373506070126,27000.54290555654,27888.513820526317,25700.408916183496,484.84370952559675,25.3768775486243,506.1854413863664,0.002664058222941019,0.3297455179666373,9728.702876918085
2024-10-12 17:34:50.868620,1.0,1.0,1.0,1.0,1.0,1.0,1.0,290258.0,0.04214722489965788,0.037711440220720746,0.04306424069081518,0.03139505892336215,0.03173314566510837,0.03434640099311143,8.265984555085502e-05,0.0003783277546366057,-0.00046416682501633976,-0.0,0.0,0.0,0.0,1.0,0.0,0.0,180.1932830695337,179.95405129080405,179.67645910157384,197.98937587991333,195.28659137480034,197.8031754979826,28228.7745238867,27942.731332611045,28334.644154561807,26290.084338563232,483.42409315864313,26.03408901879618,519.3200259564287,0.0026153294983966603,0.34119363942772124,9620.609718106285
2024-10-12 17:34:50.950458,1.0,1.0,1.0,1.0,1.0,1.0,1.0,290259.0,0.04164989509779679,0.03701431097784901,0.042943103346232976,0.031146872746571578,0.03185519667586617,0.03434640099311143,8.583907037973405e-05,0.0003656108553210895,-0.00045462915052970265,-0.0,0.0,0.0,0.0,1.0,0.0,0.0,184.1422395828575,182.80482984375013,182.4184591712762,192.19489951416955,191.07121030514438,190.79945530542392,28241.171290106748,27923.21981937038,27626.10333347817,26025.163833373383,470.95191479781573,26.45112095915145,527.7014496016234,0.0024970011355011264,0.35282652471671705,12490.15357492668
2024-10-12 17:34:51.033553,1.0,1.0,1.0,1.0,1.0,1.0,1.0,290260.0,0.04220897910845451,0.03743414645719283,0.0434855640497593,0.030928076150071922,0.03203740138402003,0.03454355292563407,7.630139589309694e-05,0.00035925240566333144,-0.0004673460498452188,-0.0,0.0,0.0,0.0,1.0,0.0,0.0,187.29924698872378,185.6523037086912,186.4144783951645,187.58018123949728,185.3056166789147,185.45314920510802,26215.568363895643,25525.39110770357,25670.78946697928,23875.457826184822,422.8612346034927,27.018093367310936,539.1693757668475,0.0022068388822990472,0.3647122140669551,8343.983011007955
2024-10-12 17:34:51.037553,1.0,1.0,1.0,1.0,1.0,1.0,1.0,290261.0,0.04245509769062346,0.0378493252884673,0.043664886724146465,0.031146872746571578,0.03257790177388484,0.034851109849295854,0.00010491441935300831,0.0003751485298077266,-0.00047688372433185594,-0.0,0.0,0.0,0.0,1.0,0.0,0.0,189.83612526276855,189.87394957364464,188.069791873435,181.9394657046231,182.13021138709752,182.93457077806892,23060.265108752803,23473.294762955993,23005.084761748203,21229.887787992582,370.2084133884959,27.432785219653898,547.6117982007397,0.0019026616947198155,0.3767840119295136,8341.824485846711
2024-10-12 17:34:51.119583,1.0,1.0,1.0,1.0,1.0,1.0,1.0,290262.0,0.04227064309912445,0.037918079796158174,0.0436051944382425,0.03127121205432006,0.032637404840404415,0.034878935091133,9.219752003749215e-05,0.00039740310360987996,-0.0004482707008719446,-0.0,0.0,0.0,0.0,1.0,0.0,0.0,192.02545093940464,191.59267367957347,190.73835062910746,179.23023509281043,178.10406559739653,177.55431282322525,20715.888317416568,20357.42734775477,20296.452572886712,18494.20200415303,316.9628269741073,27.904356412915437,557.1840134568415,0.0016182326302448902,0.38906682395949554,5381.323002986018
2024-10-12 17:34:51.122583,1.0,1.0,1.0,1.0,1.0,1.0,1.0,290263.0,0.042023444236177564,0.03825999906698716,0.04413951900188092,0.03105329154533826,0.03248844283583844,0.03518356039534762,9.537674486637117e-05,0.0003974031036098799,-0.00046416682501633976,-0.0,0.0,0.0,0.0,1.0,0.0,0.0,191.61528989242026,192.91766344481678,191.18488505636984,168.14359699315713,169.48793627454086,168.51084957946273,17667.309263697625,17786.078864121795,17555.195379122422,15739.422001488056,269.6826888498431,27.904356412915437,557.3231615932727,0.001368902141535224,0.4013527034328406,10222.606136105656
2024-10-12 17:34:51.203969,1.0,1.0,1.0,1.0,1.0,1.0,1.0,290264.0,0.04214722489965789,0.03819186010094626,0.04330549882888886,0.030802351742838057,0.03224867245309928,0.03501772965099794,9.53767448663712e-05,0.0003910446539521218,-0.0004673460498452188,-0.0,0.0,0.0,0.0,1.0,0.0,0.0,191.35779388116015,190.84333800850862,191.74018304513214,159.0942880209024,158.76796601949272,158.16455558667096,14864.183555272415,14493.606212884282,14689.358407034544,12800.765379903118,218.05467062290865,28.06067404064871,560.5855851886937,0.001118817786363547,0.4137105012218891,5808.058486445316
2024-10-12 17:34:51.207969,1.0,1.0,1.0,1.0,1.0,1.0,1.0,290265.0,0.04196141697840431,0.037503662109375,0.04354542032592321,0.030802351742838057,0.03218845078999174,0.03493451908670038,0.00014306511729955676,0.00037514852980772667,-0.00048642139881849305,-0.0,0.0,0.0,0.0,1.0,0.0,0.0,190.46125678277141,189.72490876832077,188.69085809925824,148.6309144594945,148.37085709933456,146.21726407213282,11879.852719904755,11611.765540283688,11377.610166558676,9807.525491291963,167.4590747295433,27.987929258965387,559.2707939990214,0.0008714313513033546,0.42603931516960086,6976.826407361974
2024-10-12 17:34:51.289008,1.0,1.0,1.0,1.0,1.0,1.0,1.0,290266.0,0.04189929789626443,0.03798670986099516,0.043664886724146465,0.030833830904597324,0.03251828982682399,0.035238663890968365,0.000162140466272831,0.00036243163049221055,-0.0004927798484762511,-0.0,0.0,0.0,0.0,1.0,0.0,0.0,187.5409574555364,187.1913405821528,186.589869265323,136.502859700307,137.194503985005,135.81391646234687,8888.23556544239,8818.54654122978,8576.664011291943,7021.963766103455,120.16687015258213,27.91857693476105,558.0141558992907,0.0006400447930519942,0.43834042722853633,5009.501872586292
2024-10-12 17:34:51.372655,1.0,1.0,1.0,1.0,1.0,1.0,1.0,290267.0,0.04133602555253029,0.037711440220720746,0.042943103346232976,0.03064447088906264,0.032007105962223864,0.035512898874331005,0.0001716781407594681,0.00037196930497884756,-0.00048642139881849305,-0.0,0.0,0.0,0.0,1.0,0.0,0.0,185.11443541768213,185.84760739090007,183.34913829148027,129.64263823053457,131.47213320851034,128.85365883692813,6831.033813425122,7177.992242701102,6525.772855837462,5162.759416759319,89.48590718777906,27.55992993297949,550.9327939966561,0.00048223029517881666,0.45048543459841817,7865.389809367229
2024-10-12 17:34:51.376655,1.0,1.0,1.0,1.0,1.0,1.0,1.0,290268.0,0.041461858493688546,0.03715478325109878,0.0434855640497593,0.03086527796111811,0.03218845078999174,0.03545822155341263,0.0002002911642193795,0.0003751485298077266,-0.00048642139881849305,-0.0,0.0,0.0,0.0,1.0,0.0,0.0,182.53450288766317,183.50889492898327,182.92106855459824,132.83884059526792,130.87868167179624,131.55813517151736,6205.353336315951,6061.85682064644,6365.959679606162,4554.262790046238,79.89152470303294,27.229973588256254,544.3632008799265,0.00043384339766762875,0.46248561893781565,7106.886668726528
2024-10-12 17:34:51.457594,1.0,1.0,1.0,1.0,1.0,1.0,1.0,290269.0,0.04183708658073959,0.03757304914762413,0.043664886724146465,0.030802351742838057,0.0321582976678794,0.03540345978860444,0.00018121581524610528,0.0003783277546366057,-0.0004673460498452188,-0.0,0.0,0.0,0.0,1.0,0.0,0.0,181.85289814948774,182.0766681507161,180.54638760266997,139.9627083841229,138.61730169856185,137.77515271426427,6877.016367467152,6674.245715929345,6670.4383731154785,5089.660846596006,89.79148515317249,27.077551185688062,541.2838518141483,0.0004933457567502152,0.47441792073780753,5045.748088631713
2024-10-12 17:34:51.461545,1.0,1.0,1.0,1.0,1.0,1.0,1.0,290270.0,0.04120980838596827,0.037711440220720746,0.04318503823719134,0.031022035078891817,0.032067668184708895,0.035812131959156876,0.00015578201661507296,0.000403761553267638,-0.00046416682501633976,-0.0,0.0,0.0,0.0,1.0,0.0,0.0,179.02399007086,180.93091371213015,179.2367398931856,146.57186563726438,143.99013273263023,146.27894748283708,9062.561294055093,9093.146605833055,9559.72026532844,7594.3793134896505,135.38224378052448,26.803929323682393,535.6757165656853,0.000751512778401776,0.48622659431187776,8684.168969312119
2024-10-12 17:34:51.543048,1.0,1.0,1.0,1.0,1.0,1.0,1.0,290271.0,0.04127296521748623,0.038123599349151736,0.042577623479846755,0.031022035078891817,0.03170255949350469,0.03586626975568591,0.00014942356695731485,0.00040376155326763796,-0.0004260161270697913,-0.0,0.0,0.0,0.0,1.0,0.0,0.0,177.89988194516354,178.54192808619905,179.27742542234995,151.7584551764166,148.43433141124797,149.80349617579574,12373.840715307811,11721.346179456907,12588.542941733773,10584.467739786032,189.48591530998354,26.698996476881955,533.4128475019882,0.0010619912927101855,0.49798538419458827,8524.550502561813
2024-10-12 17:34:51.625896,1.0,1.0,1.0,1.0,1.0,1.0,1.0,290272.0,0.04164989509779679,0.03832801689680105,0.04263875434188018,0.03105329154533826,0.03197678183797181,0.03578503234728569,0.00015578201661507293,0.00041012000292539613,-0.0004355538015564284,-0.0,0.0,0.0,0.0,1.0,0.0,0.0,178.3917742608102,177.04863820912286,178.1097691072578,156.42677973627573,153.42139515692128,153.8818411121694,15867.440731425391,15055.380775394213,15471.02263416826,13811.334552711825,247.3374110352343,26.698996476881955,533.2332433398464,0.0013983413167594403,0.5097402148033244,9285.917725925836
2024-10-12 17:34:51.629897,1.0,1.0,1.0,1.0,1.0,1.0,1.0,290273.0,0.04152463197171362,0.038055216156251626,0.04251640472283598,0.0313331966781849,0.03224867245309928,0.035920325957808266,0.00019075348973274234,0.000406940778096517,-0.0004482707008719446,-0.0,0.0,0.0,0.0,1.0,0.0,0.0,179.1917420875097,177.44566045164538,177.33808935992087,163.16486517710845,160.53995612100832,161.69236587066192,18923.456482973823,18547.91101734517,18569.61934998079,16993.16488196773,301.04027744386497,26.99843217257413,539.0400672039812,0.0017196855016728904,0.5216230536181322,7375.668536658923
2024-10-12 17:34:51.712042,1.0,1.0,1.0,1.0,1.0,1.0,1.0,290274.0,0.04139898983206046,0.03832801689680105,0.04276075388833108,0.03139505892336215,0.03221857569203676,0.03610888539489512,0.0002034703890482585,0.00041012000292539613,-0.0004482707008719446,-0.0,0.0,0.0,0.0,1.0,0.0,0.0,179.55965041611447,179.32271020660613,178.04175723866138,170.65659555660773,168.2269411494932,168.46183842250085,22362.2313355823,21920.227601040046,21960.510118166898,20342.90135572252,357.9468894284243,27.190787849762856,542.7073238877471,0.002038251178366743,0.5335867350691688,11221.58800339656
2024-10-12 17:34:51.716045,1.0,1.0,1.0,1.0,1.0,1.0,1.0,290275.0,0.041899297896264426,0.03853134997827472,0.04282162331969714,0.03170255949350469,0.03233879467572394,0.03600125807533038,0.00016531969110171005,0.00040694077809651707,-0.00042919535189867036,-0.0,0.0,0.0,0.0,1.0,0.0,0.0,181.2611610584974,180.0230265500508,180.46977932999368,177.57913177288947,175.1282429651097,175.30854014050786,25900.00523030619,25064.33501876456,25229.5745938116,23598.042277249966,407.75940958217797,27.696446880208423,552.6413351781562,0.0023244902705052166,0.5457694062802072,8824.495244638343
2024-10-12 17:34:51.796642,1.0,1.0,1.0,1.0,1.0,1.0,1.0,290276.0,0.041774782619765874,0.03880080326089556,0.042393702000235525,0.03185519667586617,0.03224867245309928,0.035812131959156876,0.0001367066676417987,0.00041965767741203324,-0.00041012000292539613,-0.0,0.0,0.0,0.0,1.0,0.0,0.0,183.38986337126397,182.81407488723966,182.18366261142268,184.49291885317908,181.9626410027285,182.62856099336008,28968.204083761924,28439.91678035451,28589.581471259047,26791.928332504536,455.6104120575899,28.149626377457977,561.5413146277588,0.0025776770567778294,0.5581482725937791,11527.996373516238
2024-10-12 17:34:51.880170,1.0,1.0,1.0,1.0,1.0,1.0,1.0,290277.0,0.04152463197171362,0.03839591423416136,0.04276075388833108,0.03173314566510837,0.032398736885968185,0.03583921107981937,9.855596969525021e-05,0.0004005823284387589,-0.000403761553267638,-0.0,0.0,0.0,0.0,1.0,0.0,0.0,184.69660505382353,184.6757582577269,185.62995099366302,188.43325873784804,185.98069105198763,187.398898461048,30791.16797525461,30239.171785283084,30824.84950484008,28685.09116126415,478.72518961539515,28.68689173203611,572.1914138286251,0.00269534396849662,0.5707619144275123,11242.722022085456
2024-10-12 17:34:51.883174,1.0,1.0,1.0,1.0,1.0,1.0,1.0,290278.0,0.041587310697157,0.038733615672373205,0.04263875434188018,0.031763702384431956,0.03248844283583844,0.035947323576018514,6.994294623533886e-05,0.00040694077809651707,-0.000400582328438759,-0.0,0.0,0.0,0.0,1.0,0.0,0.0,187.27723047439673,187.88759930637895,185.68847253814002,188.20393438635622,188.7407128741621,187.64718031931375,31776.67013656635,31951.185434928717,31328.041889490283,29712.517049137656,482.8176456129424,29.463651359830425,587.6621125645593,0.002733732171168579,0.5837165992200466,8000.8349732969555
2024-10-12 17:34:51.964730,1.0,1.0,1.0,1.0,1.0,1.0,1.0,290279.0,0.04152463197171362,0.038733615672373205,0.043003714672582107,0.03179422973639322,0.03227874115189541,0.036082008662183536,8.265984555085502e-05,0.0004164784525831542,-0.0004323745767275493,-0.0,0.0,0.0,0.0,1.0,0.0,0.0,188.96866965074213,188.88801907504893,188.37194669076777,188.66467191908527,187.0921518646161,187.1198223488305,32734.752275011157,32327.995508937747,32319.80207903996,30457.7115331524,482.16964290034196,30.24364790064509,603.2103535108054,0.002748683802229075,0.5970140363463292,7932.424760464404
2024-10-12 17:34:51.968730,1.0,1.0,1.0,1.0,1.0,1.0,1.0,290280.0,0.041587310697157,0.03886787470812279,0.043003714672582107,0.03194642892952922,0.032815266674204355,0.035812131959156876,9.53767448663712e-05,0.0004387330263853075,-0.00041965767741203324,-0.0,0.0,0.0,0.0,1.0,0.0,0.0,190.46682533632242,189.87176547612026,190.4821679148663,187.8896809202385,186.5807581693818,185.88198457790273,33522.51128480159,32928.56825474687,33018.073421085246,31128.161904985067,481.81040559725704,30.932892398568413,616.9481745088415,0.0027635202044766537,0.6106143161043908,9214.641250661913
2024-10-12 17:34:52.050530,1.0,1.0,1.0,1.0,1.0,1.0,1.0,290281.0,0.04089256110871732,0.03859888964444313,0.043843475963241854,0.03212811624624381,0.033284918697807614,0.03589330803299428,0.00012398976832628253,0.00044509147604306553,-0.00046416682501633976,-0.0,0.0,0.0,0.0,1.0,0.0,0.0,192.2111998624943,192.01919472207524,189.7808915850645,186.96561733493124,187.18486379948249,184.4939832740394,34175.047365921215,34025.27348736451,33160.954825271634,31740.438796802773,481.1193320446277,31.587353253063792,629.9868736035348,0.0027862281521962404,0.6245020267402731,9695.528340973808
2024-10-12 17:34:52.053530,1.0,1.0,1.0,1.0,1.0,1.0,1.0,290282.0,0.04031522539078391,0.03825999906698716,0.04396213240745474,0.03173314566510837,0.032637404840404415,0.03589330803299428,0.00011763131866852446,0.0004260161270697913,-0.00046416682501633976,-0.0,0.0,0.0,0.0,1.0,0.0,0.0,191.9749382757517,193.0595521882551,192.08503379669182,186.31880399680603,185.89122637018582,185.76042835532618,34335.81629216536,34367.16095311391,34247.98118238765,32251.57549505094,478.84040800914744,32.249234943717134,643.1785091671807,0.002800360551675617,0.6386805396534696,9504.893637559493
2024-10-12 17:34:52.135851,1.0,1.0,1.0,1.0,1.0,1.0,1.0,290283.0,0.04044423444177086,0.037918079796158174,0.04437493143949452,0.03157991857152382,0.03254810944778678,0.03548557074494756,5.72260469198227e-05,0.000400582328438759,-0.00046416682501633976,-0.0,0.0,0.0,0.0,1.0,0.0,0.0,194.377491371724,194.41635306821487,193.63593306372994,189.33746061517118,188.81454373748525,187.2625425034139,35205.39861752074,34970.882135509986,34616.013299164224,32824.53023508836,476.8892712952298,32.9563777135424,657.2829236516238,0.002798594304352397,0.6531699765481899,8787.381540971517
2024-10-12 17:34:52.219003,1.0,1.0,1.0,1.0,1.0,1.0,1.0,290284.0,0.04057283328598263,0.037503662109375,0.044550674429986614,0.03173314566510837,0.032874340109372714,0.03518356039534762,3.815069794654847e-05,0.000400582328438759,-0.00044509147604306553,-0.0,0.0,0.0,0.0,1.0,0.0,0.0,195.47275507768154,196.82665624865638,195.30492788938517,190.9360178837129,191.49374943238985,190.5807026832142,35539.72275057409,35829.90482254103,35404.268887316575,33444.15500926501,476.09441055134016,33.63465622056436,670.8084534441861,0.0028016801401833744,0.6679575762330039,9178.800032982832
2024-10-12 17:34:52.223002,1.0,1.0,1.0,1.0,1.0,1.0,1.0,290285.0,0.03999088202492748,0.037780445658522906,0.044080469451694804,0.03127121205432006,0.032874340109372714,0.03515597625908419,6.358449657758079e-05,0.0004260161270697913,-0.0004419122512141865,-0.0,0.0,0.0,0.0,1.0,0.0,0.0,197.01033357897222,198.4036502110909,197.6687917061854,193.87350811971064,193.83548787636062,193.45919562638363,36247.36808362862,36401.38668803926,36273.592134799954,34116.35236771405,474.965126422669,34.39239925499802,685.9180791418323,0.002805715797579348,0.6830782592220861,8018.169260559406
2024-10-12 17:34:52.304122,1.0,1.0,1.0,1.0,1.0,1.0,1.0,290286.0,0.04025056580563931,0.037780445658522906,0.043664886724146465,0.03095942747707764,0.03299216966314644,0.03537604711721689,4.450914760430655e-05,0.00045462915052970265,-0.0004355538015564284,-0.0,0.0,0.0,0.0,1.0,0.0,0.0,199.444432797664,199.93840755268312,199.3573061511986,196.4473635918695,195.76838047046843,195.65378003771056,37058.57741221063,36943.000131799796,36852.54524359307,34717.13065269134,474.119681224257,35.06029929234106,699.2415424403554,0.002801521159425552,0.6984926505576602,9266.891678952856
2024-10-12 17:34:52.308119,1.0,1.0,1.0,1.0,1.0,1.0,1.0,290287.0,0.04012093401707996,0.037780445658522906,0.04413951900188092,0.031240173622796498,0.033226575237181734,0.03499001478345783,5.404682209094367e-05,0.0004705252746740978,-0.00048006294916073494,-0.0,0.0,0.0,0.0,1.0,0.0,0.0,202.12575340885616,201.39617511165537,200.9144824681912,199.60432298354115,198.26422892606595,197.18330150442884,38086.950550249894,37540.12803220843,37292.009712056395,35360.84145949093,473.8911998854515,35.72753876007598,712.5499749554967,0.002800081275482029,0.714200418894457,9280.052461372763
2024-10-12 17:34:52.390129,1.0,1.0,1.0,1.0,1.0,1.0,1.0,290288.0,0.04012093401707996,0.03729472643293347,0.0440213406934204,0.030896693010431804,0.03308026640118225,0.034515457310635475,5.4046822090943663e-05,0.0004260161270697913,-0.0004705252746740978,-0.0,0.0,0.0,0.0,1.0,0.0,0.0,204.05870468008274,202.81058372296013,203.53928004039443,201.94859365576002,199.66753254979392,199.51790612328588,38798.825702219474,37948.44030944316,38138.25647836292,35971.32116956702,472.48626033588016,36.452158860636445,727.0069910112866,0.0027929569401184177,0.730226884118528,8415.657413725781
2024-10-12 17:34:52.472497,1.0,1.0,1.0,1.0,1.0,1.0,1.0,290289.0,0.03986040571620479,0.0378493252884673,0.04324531047620408,0.030990747087997286,0.033430331878977426,0.034767500508899686,5.72260469198227e-05,0.0004355538015564284,-0.0004355538015564284,-0.0,0.0,0.0,0.0,1.0,0.0,0.0,205.23814183540583,205.38601121971257,205.67438105960306,203.1551109158521,201.87675482570657,202.1658589282916,39131.23608854866,38773.01198104436,38952.57301365374,36583.496594935714,471.70751456707194,37.133478812952525,740.6001565202941,0.002786460903892497,0.7465530031244865,9011.51409209448
2024-10-12 17:34:52.476495,1.0,1.0,1.0,1.0,1.0,1.0,1.0,290290.0,0.039400336158606504,0.037711440220720746,0.043784027154931265,0.031115710284795706,0.03284481667269478,0.03454355292563407,6.676372140645982e-05,0.0003910446539521218,-0.0004514499257008236,-0.0,0.0,0.0,0.0,1.0,0.0,0.0,207.69977781083963,207.62588265279493,207.06219703552796,205.08526753686266,204.2584095506567,203.49396202946298,39894.47098328301,39587.89321558374,39364.524679961396,37200.891341762945,470.68438592525763,37.841923344125156,754.7357747371177,0.0027782574979924746,0.7631907339809136,8594.503177693186
2024-10-12 17:34:52.558725,1.0,1.0,1.0,1.0,1.0,1.0,1.0,290291.0,0.039400336158606504,0.037711440220720746,0.042943103346232976,0.030896693010431804,0.032696799620819436,0.03454355292563407,2.2254573802153277e-05,0.00039422387878100085,-0.00042919535189867036,-0.0,0.0,0.0,0.0,1.0,0.0,0.0,209.03195691656282,209.88615602398394,209.67665376406862,206.51390964439227,205.8143122529569,206.1480837977216,40318.674091378954,40250.5991225063,40350.29111267804,37844.57169915749,469.54185507737856,38.59007747877578,769.6630990381855,0.002770725892564242,0.7801575294085998,7996.107659573838
2024-10-12 17:34:52.561725,1.0,1.0,1.0,1.0,1.0,1.0,1.0,290292.0,0.03959816335788845,0.037503662109375,0.043784027154931265,0.03127121205432006,0.033430331878977426,0.03437463478414554,3.1792248288790362e-06,0.0003783277546366057,-0.00044509147604306553,-0.0,0.0,0.0,0.0,1.0,0.0,0.0,212.27463728316664,212.0815880204739,210.4317579542807,208.37784859516054,208.39242831412335,206.16768856748283,41289.28656297882,41137.19820838293,40335.858432153356,38413.249597017835,468.30904956443146,39.27255322872473,783.285126683892,0.0027575720350904737,0.7974246148679425,8888.137698400951
2024-10-12 17:34:52.642914,1.0,1.0,1.0,1.0,1.0,1.0,1.0,290293.0,0.040185802182344105,0.03798670986099516,0.043545420325923206,0.03120910432259612,0.03340129988750126,0.03428986366919591,9.537674486637117e-06,0.0003846862042943638,-0.0004387330263853075,-0.0,0.0,0.0,0.0,1.0,0.0,0.0,213.73989872806052,213.70103281585466,213.47575995945306,210.18585966533,209.055965688281,208.54871648015518,41863.62888382244,41463.43333517243,41381.43510625531,39015.65853228745,467.3380100421213,39.9709100973099,797.2218967816501,0.00274737948072833,0.8149989286814402,8635.324299037096
2024-10-12 17:34:52.645914,1.0,1.0,1.0,1.0,1.0,1.0,1.0,290294.0,0.04031522539078392,0.038055216156251626,0.0436051944382425,0.03105329154533826,0.03351727697218139,0.03448733880714076,-2.2254573802153277e-05,0.0003815069794654847,-0.0004673460498452188,-0.0,0.0,0.0,0.0,1.0,0.0,0.0,215.56146398472455,215.84793599308261,215.51748092833463,211.66348662269888,210.27300542328982,209.98175854493428,42454.32224679736,42040.009102155374,42033.61647454908,39577.344310255416,465.727618130951,40.6860524752105,811.4953551656384,0.0027352055596051084,0.8328878929553138,8340.925286934445
2024-10-12 17:34:52.728296,1.0,1.0,1.0,1.0,1.0,1.0,1.0,290295.0,0.039925697169818586,0.037780445658522906,0.04384347596324186,0.0313331966781849,0.03363285413230715,0.0344028454042274,-2.5433798631032317e-05,0.00036879008014996856,-0.0004737044995029769,-0.0,0.0,0.0,0.0,1.0,0.0,0.0,218.77787505079215,217.6391952878145,216.78025560441188,213.44068086216114,212.28172562983607,210.26716255921738,43469.74019341263,42792.51338472806,42223.509676442896,40183.01867845879,464.40543817102656,41.4258275984974,826.2598400506417,0.002723798231840322,0.8511023320959857,7949.0903330343235
2024-10-12 17:34:52.811681,1.0,1.0,1.0,1.0,1.0,1.0,1.0,290296.0,0.039925697169818586,0.03694387454679471,0.043843475963241854,0.03130221970899244,0.03348832035600082,0.03414811083549323,-9.537674486637122e-06,0.000324280932545662,-0.00048006294916073494,-0.0,0.0,0.0,0.0,1.0,0.0,0.0,219.74160476366686,220.64497734447133,218.9372477645716,213.67791475679036,213.94435448198774,212.0911114783486,43626.57854375853,43721.54655401937,43014.7405617061,40762.88311259755,463.0518787777754,42.14595871966885,840.6333682313642,0.002711773834849396,0.8696336276801082,8184.349532552635
2024-10-12 17:34:52.814575,1.0,1.0,1.0,1.0,1.0,1.0,1.0,290297.0,0.040185802182344105,0.0373645014732293,0.04324531047620407,0.031115710284795706,0.03386282504451316,0.034005767111097776,-1.9075348973274238e-05,0.00032746015737454104,-0.00041965767741203324,-0.0,0.0,0.0,0.0,1.0,0.0,0.0,222.06180442843646,222.0773388072858,221.13884897326736,215.61639769555197,214.95312646205295,213.2668463220041,44501.49647677194,44164.37217248295,43684.16428956397,41379.37877346246,462.0193632047143,42.87863121225846,855.2541124927295,0.0027035748190778423,0.8884872294488368,7978.118963745929
2024-10-12 17:34:52.896578,1.0,1.0,1.0,1.0,1.0,1.0,1.0,290298.0,0.04044423444177086,0.0378493252884673,0.04312468176012514,0.03130221970899244,0.033748035476753,0.034599675713128386,-1.9075348973274238e-05,0.00037196930497884756,-0.000403761553267638,-0.0,0.0,0.0,0.0,1.0,0.0,0.0,224.06939762866276,224.53929186448454,222.56855239588117,216.21577416723125,216.4645937295466,214.2046752854517,45005.104710291474,44999.116105780966,44120.18336895832,41926.769573539146,460.6628497033497,43.573247017639,869.1196995547666,0.0026911476175552826,0.9076464903812441,8473.032401890441
2024-10-12 17:34:52.900589,1.0,1.0,1.0,1.0,1.0,1.0,1.0,290299.0,0.04012093401707996,0.037503662109375,0.04276075388833108,0.031364143052817484,0.033546208593426816,0.03428986366919591,-3.497147311766943e-05,0.0003528939560055733,-0.00039740310360987996,-0.0,0.0,0.0,0.0,1.0,0.0,0.0,225.52601529776862,226.69111177104816,224.7690333587254,217.13198286942185,217.41129391373357,215.82814085294075,45469.99698334221,45647.39858316168,44949.63776274988,42529.56492167647,459.6863630826608,44.293243601172705,883.4880947227912,0.0026830020872529448,0.9271224946026888,8086.188335397017
2024-10-12 17:34:52.982698,1.0,1.0,1.0,1.0,1.0,1.0,1.0,290300.0,0.04101975445198809,0.03764230828317236,0.043003714672582107,0.03086527796111811,0.03351727697218139,0.034005767111097776,-4.7688372433185584e-05,0.00036243163049221044,-0.00040694077809651707,-0.0,0.0,0.0,0.0,1.0,0.0,0.0,227.57443744233422,228.01927042357661,226.7599682458089,218.6922935745137,218.05251265081307,216.46283160822256,46267.30134782955,46003.28283254076,45502.677439292725,43057.34571646413,457.9287770858376,45.01459584501032,897.8849659724319,0.0026735227569984234,0.9469158698525699,8005.899902824501
2024-10-12 17:34:53.065010,1.0,1.0,1.0,1.0,1.0,1.0,1.0,290301.0,0.041461858493688546,0.037918079796158174,0.043425625269995945,0.030990747087997286,0.03310957989067469,0.03423323297213509,-1.907534897327423e-05,0.00037196930497884756,-0.00038786542912324284,-0.0,0.0,0.0,0.0,1.0,0.0,0.0,229.53644651773791,229.12333285440388,229.12549818401402,220.17433678005602,218.49086220331583,217.4764642186501,47050.88362563454,46327.677082796254,46232.448118992965,43627.89670916725,456.74083982962594,45.7293733907722,912.1490542282199,0.0026661349220633524,0.9670236890035565,8063.9308624154455
2024-10-12 17:34:53.068947,1.0,1.0,1.0,1.0,1.0,1.0,1.0,290302.0,0.041336025552530284,0.03839591423416136,0.04318503823719134,0.03077084037730748,0.032756086704177324,0.034515457310635475,-6.358449657758077e-06,0.0003974031036098799,-0.0004005823284387589,-0.0,0.0,0.0,0.0,1.0,0.0,0.0,230.71192875621665,230.83781894291818,231.16521591271683,221.06096873888242,219.2921910792747,218.96002401497185,47511.14239155782,46868.272574661125,47036.74752318421,44190.25971445452,455.39691547890754,46.45532690911489,926.6331893364572,0.002662072371893396,0.9874508028662624,7864.261880577461
2024-10-12 17:34:53.150269,1.0,1.0,1.0,1.0,1.0,1.0,1.0,290303.0,0.040185802182344105,0.0378493252884673,0.04269979768643891,0.030928076150071922,0.032785690042080325,0.03454355292563407,3.469446951953614e-21,0.000400582328438759,-0.00040376155326763796,-0.0,0.0,0.0,0.0,1.0,0.0,0.0,232.0334691628392,233.15886991109164,232.30652153882446,221.36474560621218,220.74713791292297,219.96359221701698,47880.58333032521,47782.8773622696,47534.66264109249,44746.20550736317,454.4570946721463,47.13688183827762,940.2313056074452,0.002658566986575627,1.0081776796476531,8469.566514230217
2024-10-12 17:34:53.154268,1.0,1.0,1.0,1.0,1.0,1.0,1.0,290304.0,0.03966388649582423,0.03743414645719283,0.042943103346232976,0.030833830904597324,0.03284481667269478,0.03443103291031149,1.271689931551616e-05,0.00039740310360987996,-0.000410120002925396,-0.0,0.0,0.0,0.0,1.0,0.0,0.0,234.15775357996841,234.18882462627167,233.55298892587072,222.97259807494248,221.82745870122858,220.38713782255235,48772.03727298492,48265.06153003115,47920.352441343515,45296.43657036083,453.31897433608935,47.836259712037915,954.1826651107589,0.002657533370402285,1.029212106398539,8182.307984287734
2024-10-12 17:34:53.235264,1.0,1.0,1.0,1.0,1.0,1.0,1.0,290305.0,0.03906839817849146,0.03729472643293347,0.042943103346232976,0.030676112065162197,0.032667115729434024,0.034823262373934814,1.9075348973274238e-05,0.0003846862042943638,-0.00040694077809651707,-0.0,0.0,0.0,0.0,1.0,0.0,0.0,234.975905495979,236.2360224814492,234.83748375493062,223.40998326187008,223.07030847072326,221.91667540775956,49056.759728984514,49059.746863280605,48617.19031279007,45853.5903247089,452.19494846195965,48.545077194969984,968.3202676425364,0.002658638533518352,1.0505581887430147,8015.378984833235
2024-10-12 17:34:53.319199,1.0,1.0,1.0,1.0,1.0,1.0,1.0,290306.0,0.03812359934915173,0.037711440220720746,0.043425625269995945,0.03077084037730748,0.03296275176192149,0.034851109849295854,3.815069794654847e-05,0.00037514852980772667,-0.00040694077809651707,-0.0,0.0,0.0,0.0,1.0,0.0,0.0,237.49198941188234,236.53698333159858,235.72621703377442,225.58348006413414,223.8503668954364,222.03625262491033,50206.400771866414,49325.19739725666,48852.502225614015,46371.972852056504,450.75716834215086,49.25058223453104,982.3908594694876,0.0026606642015449085,1.0722144494673198,8016.135268735505
2024-10-12 17:34:53.322202,1.0,1.0,1.0,1.0,1.0,1.0,1.0,290307.0,0.03784932528846731,0.03715478325109878,0.04354542032592321,0.031115710284795706,0.03248844283583844,0.03526618335153976,6.040527174870175e-05,0.0003465355063478153,-0.00041965767741203324,-0.0,0.0,0.0,0.0,1.0,0.0,0.0,237.76753536826766,238.0518602534095,237.4406904601297,225.75084743897574,224.52722066421177,224.16017447298702,50316.35823084083,49905.46915440206,49789.20024660861,46883.90989384481,449.050241286307,49.98372580093085,997.0117361085521,0.0026636468844577796,1.0941930192944238,7567.191764199021
2024-10-12 17:34:53.404694,1.0,1.0,1.0,1.0,1.0,1.0,1.0,290308.0,0.03798670986099516,0.03701431097784901,0.0436051944382425,0.03077084037730748,0.032667115729434024,0.034878935091133,6.040527174870175e-05,0.000321101707716783,-0.0004387330263853075,-0.0,0.0,0.0,0.0,1.0,0.0,0.0,238.55823034829595,239.1569048889036,238.59785367933344,226.88999411925246,225.74696641294287,225.80765469572506,50806.13927916008,50521.816594420445,50498.6765070191,47459.80440403107,448.21391866178914,50.69260984707574,1011.1416207191504,0.002673541794890131,1.1164830745778327,7894.20613111062
2024-10-12 17:34:53.407692,1.0,1.0,1.0,1.0,1.0,1.0,1.0,290309.0,0.03819186010094626,0.036802597262395625,0.043962132407454745,0.03073929670896773,0.032308781866774994,0.034599675713128386,6.358449657758079e-05,0.0003083848084012668,-0.0004482707008719446,-0.0,0.0,0.0,0.0,1.0,0.0,0.0,240.48996763942372,239.10172525101842,239.3022890029484,229.2190365704161,226.20170778951913,226.26629508240157,51866.05609169086,50657.382328061125,50808.75046726153,47937.0435535506,446.7142837953997,51.37463695863104,1024.737875933255,0.0026811510527889183,1.1390728517539614,8224.608044328112
2024-10-12 17:34:53.490776,1.0,1.0,1.0,1.0,1.0,1.0,1.0,290310.0,0.038463691717159486,0.03694387454679471,0.04330549882888886,0.031022035078891817,0.032637404840404415,0.03510074295512457,0.00010809364418188734,0.000321101707716783,-0.0004355538015564284,-0.0,0.0,0.0,0.0,1.0,0.0,0.0,241.0147977115719,240.77777113720975,239.49812738659844,229.79297131300214,228.28265545355038,227.92922718964135,52139.17765062159,51637.82336579706,51282.87020714032,48487.521398376666,445.9745805492109,52.0514572245313,1038.2244700120295,0.0026941363682652297,1.1619599334040045,8284.071040055069
2024-10-12 17:34:53.493776,1.0,1.0,1.0,1.0,1.0,1.0,1.0,290311.0,0.03853134997827472,0.03666077555081008,0.043064240690815186,0.031084516582433108,0.03242866644143693,0.034767500508899686,7.948062072197598e-05,0.00027977178494135546,-0.0004578083753585817,-0.0,0.0,0.0,0.0,1.0,0.0,0.0,241.7290735946065,241.04865349903397,240.43396189247815,231.56812598387512,229.01471380294592,229.56849455768167,52756.9410291784,51915.48921517391,51961.41369341284,48990.39524669162,444.702809555582,52.7424203030437,1051.9920360290148,0.00270784883917662,1.185150513398244,8043.317158969269
2024-10-12 17:34:53.575318,1.0,1.0,1.0,1.0,1.0,1.0,1.0,290312.0,0.03825999906698716,0.036303797470909754,0.041649895097796784,0.0316106234096681,0.03221857569203676,0.03518356039534762,9.537674486637117e-05,0.00024480031182368605,-0.00041012000292539613,-0.0,0.0,0.0,0.0,1.0,0.0,0.0,242.47667676079303,241.60773134851152,240.37604475515047,232.46569476157924,229.9070030341308,230.25202902122732,53205.83528717339,52386.60124586035,52191.7886761394,49359.747653613915,442.1611074221729,53.44612588502767,1066.0161235764933,0.002718994198300019,1.208650246611308,7768.755708980386
2024-10-12 17:34:53.657581,1.0,1.0,1.0,1.0,1.0,1.0,1.0,290313.0,0.038733615672373205,0.03637547335010834,0.04220897910845451,0.032097906445255474,0.03248844283583844,0.0352936813544323,8.265984555085502e-05,0.00023844186216592797,-0.00041012000292539613,-0.0,0.0,0.0,0.0,1.0,0.0,0.0,242.04062069367538,241.84999390967087,240.38854060442125,227.96468195082815,225.54043153566792,226.26842349370986,51952.514319577516,51333.10796271203,51207.29100044371,48288.39275032057,426.99117367036246,54.14047904683813,1079.92907686323,0.002660212953639156,1.2324566831501598,7239.6345753071155
2024-10-12 17:34:53.661580,1.0,1.0,1.0,1.0,1.0,1.0,1.0,290314.0,0.039532330954326636,0.03743414645719283,0.041649895097796784,0.032696799620819436,0.03245856839932655,0.035128370462711604,0.00010173519452412927,0.000241621086994807,-0.0003815069794654847,-0.0,0.0,0.0,0.0,1.0,0.0,0.0,241.7895396686573,241.0661010055046,240.9801985718659,221.4815216013776,218.34042529417295,219.8835244387887,50092.45997736241,49175.48165700386,49520.657564753186,46428.23379783536,405.6275355409054,54.79097072817584,1093.0149845125384,0.0025592082178024682,1.2565515912531917,6965.137600820704
2024-10-12 17:34:53.743632,1.0,1.0,1.0,1.0,1.0,1.0,1.0,290315.0,0.04070102581168387,0.03819186010094626,0.04139898983206046,0.032874340109372714,0.032785690042080325,0.0350730936850165,6.676372140645982e-05,0.00026069643596808123,-0.00040376155326763796,-0.0,0.0,0.0,0.0,1.0,0.0,0.0,241.69721119704604,240.21231391912391,240.57138085433115,213.73912807761747,210.11715338276423,211.89722053139891,47846.51503103579,46684.215890838546,47159.84938481609,44115.93737173342,381.9182827017028,55.287506502979,1103.053163966148,0.0024390375547923564,1.2808677854455122,8163.115777632269
2024-10-12 17:34:53.746632,1.0,1.0,1.0,1.0,1.0,1.0,1.0,290316.0,0.041587310697157,0.03859888964444313,0.04089256110871732,0.03319736505550277,0.032874340109372714,0.034878935091133,4.7688372433185584e-05,0.0002861302345991135,-0.0003878654291232428,-0.0,0.0,0.0,0.0,1.0,0.0,0.0,240.5402821659484,240.46032293747882,239.74587237716926,204.33142295668614,201.6893723077469,203.59198773795163,44969.644403229046,44390.362252813684,44683.90299270541,41625.19320316265,357.0458861269206,55.79280894849853,1113.2779588588007,0.00231053083700249,1.3054093795607995,7023.835138600894
2024-10-12 17:34:53.828310,1.0,1.0,1.0,1.0,1.0,1.0,1.0,290317.0,0.04189929789626443,0.038733615672373205,0.041774782619765874,0.03348832035600082,0.03308026640118225,0.034711649066398086,2.5433798631032307e-05,0.0002861302345991135,-0.0004164784525831542,-0.0,0.0,0.0,0.0,1.0,0.0,0.0,239.6640721473506,240.15161733120937,238.58461811949755,194.84773037962265,192.60520440786536,193.51639306447703,42283.6450123283,41866.38377286836,41791.931872760935,38988.45362472056,332.40741514181315,56.12455689528439,1120.0481400638025,0.002176407242237584,1.3301002185595394,8470.66597944441
2024-10-12 17:34:53.911923,1.0,1.0,1.0,1.0,1.0,1.0,1.0,290318.0,0.041712385598201944,0.03893483061427055,0.04227064309912445,0.033661686417184034,0.03299216966314644,0.03493451908670038,1.2716899315516147e-05,0.00029566790908575063,-0.0004132992277542751,-0.0,0.0,0.0,0.0,1.0,0.0,0.0,238.98885973176382,238.14526615185545,238.4348697746794,185.32883826647122,181.76377703473884,183.04820831887181,39751.045816059144,38713.358278314336,39124.17164166802,36271.571296712355,307.4808981146032,56.43856892340328,1126.4699500318739,0.002038879156659038,1.3549326227913532,7700.939035466049
2024-10-12 17:34:53.914923,1.0,1.0,1.0,1.0,1.0,1.0,1.0,290319.0,0.0418370865807396,0.039135011011481306,0.041774782619765874,0.033661686417184034,0.03377676944149575,0.03515597625908419,1.9075348973274228e-05,0.000321101707716783,-0.00041329922775427513,-0.0,0.0,0.0,0.0,1.0,0.0,0.0,237.8149842151055,237.75519174955454,236.814285026086,173.21473935635873,171.8008679345834,172.02377473274032,36649.54844350652,36289.13039881107,36160.121895930955,33511.41915053637,283.1475223886799,56.616995084382985,1130.1899369285459,0.0018986920410642796,1.3798470320676446,8627.558474681913
2024-10-12 17:34:53.997437,1.0,1.0,1.0,1.0,1.0,1.0,1.0,290320.0,0.041587310697157,0.038666311337125336,0.042023444236177564,0.03363285413230715,0.033459338679991214,0.03473958601181881,-3.497147311766943e-05,0.00030520558357238775,-0.0003815069794654847,-0.0,0.0,0.0,0.0,1.0,0.0,0.0,236.5833668497136,236.36249809624016,235.76526621173912,161.67992361864663,159.32494696395128,159.8467899320701,33861.54283982337,33270.85619044583,33335.75941512226,30707.695333343654,258.828786600868,56.74653167311399,1132.9377000398563,0.001755995797156147,1.40482201425519,8322.036562618738
2024-10-12 17:34:54.001374,1.0,1.0,1.0,1.0,1.0,1.0,1.0,290321.0,0.04214722489965789,0.03906839817849147,0.04220897910845451,0.033459338679991214,0.033834164163335345,0.03501772965099794,-2.2254573802153274e-05,0.0003306393822034201,-0.0004005823284387589,-0.0,0.0,0.0,0.0,1.0,0.0,0.0,234.7788125079806,235.372966336333,234.36538176363905,147.65868072491347,146.95280451596142,146.46136875735112,30749.011293918586,30569.758085157544,30354.54801623484,27852.515479839156,234.3113684069378,56.84760131646196,1135.1217517865894,0.001609808066008924,1.42984514265013,7719.184803205679
2024-10-12 17:34:54.082176,1.0,1.0,1.0,1.0,1.0,1.0,1.0,290322.0,0.04251640472283598,0.03893483061427055,0.042943103346232976,0.03299216966314644,0.03392007415562166,0.034599675713128386,-1.58961241443952e-05,0.00036879008014996856,-0.0004228369022409122,-0.0,0.0,0.0,0.0,1.0,0.0,0.0,233.46300387432387,233.5066683539233,233.42403751502167,133.99014940172873,132.90159932140696,133.18372815163283,27957.07316641646,27602.211191452676,27698.539102176655,25119.52820452422,211.3304116869398,56.83665550368732,1135.0653367794623,0.001467163470039201,1.4548670274075794,8328.533023165728
2024-10-12 17:34:54.085099,1.0,1.0,1.0,1.0,1.0,1.0,1.0,290323.0,0.04245509769062346,0.039201510653345636,0.042882406350036345,0.03224867245309928,0.03397722680635423,0.03479539261166803,-1.58961241443952e-05,0.0003815069794654847,-0.0004260161270697913,-0.0,0.0,0.0,0.0,1.0,0.0,0.0,232.85270084922487,232.37362760375464,231.6909908685593,128.49543411257633,127.47930903345328,126.74400121515508,26719.50126236108,26276.051451553703,26108.489997905195,23776.445461958676,200.06337070473802,56.8237636354638,1134.8820559492758,0.0014018930268514355,1.47988487184095,7866.04235058685
2024-10-12 17:34:54.167482,1.0,1.0,1.0,1.0,1.0,1.0,1.0,290324.0,0.04108320345271294,0.03859888964444313,0.042943103346232976,0.032067668184708895,0.033834164163335345,0.0350730936850165,-1.907534897327424e-05,0.0003656108553210895,-0.00043555380155642836,-0.0,0.0,0.0,0.0,1.0,0.0,0.0,231.2823987088168,231.5914855926919,230.33068366264735,126.31391892292775,125.81046145317895,125.01066420690347,26030.662475392463,25814.491512869357,25561.616571563412,23241.7597041651,195.77554251385553,56.76149647913555,1133.6577272853515,0.0013849197033922096,1.504875726629107,8560.414184915604
2024-10-12 17:34:54.251191,1.0,1.0,1.0,1.0,1.0,1.0,1.0,290325.0,0.041461858493688546,0.038055216156251626,0.04354542032592321,0.03157991857152382,0.03351727697218139,0.03499001478345783,3.1792248288790375e-06,0.0003815069794654847,-0.0004260161270697913,-0.0,0.0,0.0,0.0,1.0,0.0,0.0,229.84991624937823,230.13933374118199,229.59372016358475,126.12417496077357,125.33537133081462,124.91314794925395,25835.343733059894,25547.95435518834,25489.12438943797,23089.151471558933,194.7123837811566,56.69699436283717,1132.3632890118433,0.0013903719788128008,1.529838046244657,8565.551146353599
2024-10-12 17:34:54.255192,1.0,1.0,1.0,1.0,1.0,1.0,1.0,290326.0,0.04127296521748624,0.03722482060496381,0.04413951900188092,0.0313331966781849,0.0333431600699038,0.03499001478345783,-2.2254573802153274e-05,0.00036879008014996856,-0.0004387330263853075,-0.0,0.0,0.0,0.0,1.0,0.0,0.0,228.84525167367997,228.71478163615336,228.28953962872848,126.55643710536594,125.84395334799251,125.19972734583786,25874.515289825908,25550.572086001317,25435.33673069013,23109.26179641107,195.26021516518,56.588104721465456,1130.169781793641,0.0014069322903688102,1.5547520112121969,9231.08170998376
2024-10-12 17:34:54.336672,1.0,1.0,1.0,1.0,1.0,1.0,1.0,290327.0,0.04114655461363215,0.03757304914762413,0.04318503823719134,0.03095942747707764,0.0337192770263005,0.03532115794976128,6.358449657758082e-06,0.00040376155326763796,-0.00043237457672754936,-0.0,0.0,0.0,0.0,1.0,0.0,0.0,227.53026394028942,227.57354313591063,227.0507842076887,127.161844641344,126.56632696269081,125.99349892994553,25897.15716488356,25639.759402326155,25507.159294128607,23193.30538569949,195.80244529563356,56.63779794329411,1131.138845544214,0.0014275919795531363,1.5796873386517494,7004.9131723052
2024-10-12 17:34:54.339672,1.0,1.0,1.0,1.0,1.0,1.0,1.0,290328.0,0.04076497090344802,0.03757304914762413,0.042577623479846755,0.030896693010431804,0.03348832035600082,0.03493451908670038,1.2716899315516153e-05,0.0004005823284387589,-0.0004164784525831542,-0.0,0.0,0.0,0.0,1.0,0.0,0.0,226.3324494425766,226.3104272827887,225.71144155814497,128.16942929935297,127.31136979903987,126.8889685898763,26016.121883852404,25706.983229409103,25603.970178374773,23310.4941401441,196.92623973893498,56.60046105988938,1130.3664884589011,0.0014511655100727554,1.6046056399084434,8282.454600832818
2024-10-12 17:34:54.420813,1.0,1.0,1.0,1.0,1.0,1.0,1.0,290329.0,0.04089256110871732,0.037503662109375,0.0436051944382425,0.031084516582433108,0.032815266674204355,0.03518356039534762,3.497147311766943e-05,0.00039422387878100085,-0.0004514499257008236,-0.0,0.0,0.0,0.0,1.0,0.0,0.0,224.91996417542796,225.26430963254822,224.25329894143275,129.22110243538867,128.50773644517596,127.88405545561696,26130.248715087626,25884.755551463983,25703.071738976738,23463.695568257583,198.33512983765021,56.56926264177057,1129.7130677601303,0.0014779979419835148,1.6295095368688446,8255.081790407423
2024-10-12 17:34:54.504185,1.0,1.0,1.0,1.0,1.0,1.0,1.0,290330.0,0.04037978143756248,0.037780445658522906,0.0440213406934204,0.030833830904597324,0.03305092691301418,0.03540345978860444,6.676372140645982e-05,0.0003815069794654847,-0.0005023175229628882,-0.0,0.0,0.0,0.0,1.0,0.0,0.0,223.55144563235095,223.79550217049655,223.2715892585899,130.33599221077472,129.59675110225797,129.07146202512956,26272.79329094404,25985.672564259094,25895.514494666317,23630.865188554526,199.9540574196721,56.512595201808296,1128.5499437712228,0.0015058238423357204,1.6543877934070903,8684.681675400798
2024-10-12 17:34:54.508186,1.0,1.0,1.0,1.0,1.0,1.0,1.0,290331.0,0.039201510653345636,0.0373645014732293,0.04396213240745474,0.030802351742838057,0.03242866644143693,0.03534861318744721,5.722604691982271e-05,0.00037196930497884756,-0.0004705252746740978,-0.0,0.0,0.0,0.0,1.0,0.0,0.0,222.7023335880242,222.30773657039273,221.83000470091147,131.61580385936935,130.73775587910842,129.90915753698903,26507.184964529486,26099.21542933377,25951.99496164249,23787.218917276867,201.61196102923998,56.420272579871536,1126.6752588784918,0.0015333076568263757,1.6792247235583673,9262.445302635255
2024-10-12 17:34:54.589697,1.0,1.0,1.0,1.0,1.0,1.0,1.0,290332.0,0.03926789767914727,0.03743414645719283,0.04384347596324186,0.03120910432259612,0.03272645658802371,0.03578503234728569,3.815069794654847e-05,0.00036879008014996856,-0.0004578083753585817,-0.0,0.0,0.0,0.0,1.0,0.0,0.0,221.3051124459782,221.4973446320734,220.32778981892994,132.39527583382377,132.14445710612966,130.9705935328759,26545.045704360127,26365.303889599712,26030.45771717627,23935.638622015904,202.99754828379648,56.38633308725129,1125.9668606724322,0.0015604854724908,1.7040460374647461,8482.958075742554
2024-10-12 17:34:54.592697,1.0,1.0,1.0,1.0,1.0,1.0,1.0,290333.0,0.03906839817849147,0.036873303566316074,0.0436051944382425,0.0313331966781849,0.03203740138402003,0.03554020599014928,6.040527174870175e-05,0.0003528939560055733,-0.00045462915052970265,-0.0,0.0,0.0,0.0,1.0,0.0,0.0,219.55923185051265,220.19809717414776,219.69512734842348,133.31640069002444,132.94882880493515,132.36440561162306,26559.758653602352,26418.96071616828,26304.573138976197,24070.508436525797,204.28157122394512,56.34913975095568,1125.194126162821,0.0015871305792758592,1.7288503168681577,8581.20196668308
2024-10-12 17:34:54.675372,1.0,1.0,1.0,1.0,1.0,1.0,1.0,290334.0,0.04012093401707996,0.03757304914762413,0.0440213406934204,0.030990747087997286,0.03173314566510837,0.03578503234728569,6.040527174870175e-05,0.0003656108553210895,-0.0004673460498452188,-0.0,0.0,0.0,0.0,1.0,0.0,0.0,218.85629699320387,218.44537662262044,218.49591211756535,134.6657068542569,133.80361619885755,133.07089180689894,26814.140101015782,26409.266845041115,26331.91995816447,24181.81926273287,205.27306114464955,56.33772442848234,1124.937499491973,0.0016125865005253905,1.7536489390791807,8253.507019390105
2024-10-12 17:34:54.757670,1.0,1.0,1.0,1.0,1.0,1.0,1.0,290335.0,0.03913501101148131,0.037503662109375,0.043962132407454745,0.0313331966781849,0.03157991857152382,0.035812131959156876,6.676372140645982e-05,0.0003338186070322991,-0.0004705252746740978,-0.0,0.0,0.0,0.0,1.0,0.0,0.0,217.71008502410277,217.82687047160474,216.53852124796614,135.38463960955204,135.20644475221448,133.8101911753907,26844.5715003866,26669.714913851032,26249.7041022822,24272.370805516446,205.78776893351986,56.40865532220858,1126.325771724166,0.0016374567958175508,1.7784781649803,7111.005762885722
2024-10-12 17:34:54.761670,1.0,1.0,1.0,1.0,1.0,1.0,1.0,290336.0,0.039135011011481306,0.038055216156251626,0.043784027154931265,0.03120910432259612,0.03170255949350469,0.036403219822747475,0.00010173519452412927,0.0003560731808344524,-0.00047688372433185594,-0.0,0.0,0.0,0.0,1.0,0.0,0.0,215.7879132478288,216.76293127786406,215.91905131787692,136.25506069586783,136.06889271067033,135.25513429117785,26794.03770194972,26718.37473174315,26517.257010096408,24380.69263711226,206.70685007570745,56.40993197489198,1126.321962077041,0.0016634281899451952,1.803307306899865,8130.919329852418
2024-10-12 17:34:54.842809,1.0,1.0,1.0,1.0,1.0,1.0,1.0,290337.0,0.03946638873835309,0.037503662109375,0.044139519001880914,0.030802351742838057,0.03139505892336215,0.03645647986559919,0.0001208105434974035,0.00031474325805902487,-0.00047688372433185594,-0.0,0.0,0.0,0.0,1.0,0.0,0.0,215.32820768297864,214.78187980401847,214.89091004209888,137.84136305222842,136.9803463090299,136.03342882395347,27109.110791224426,26652.716900146224,26559.901850588813,24496.67085424195,207.8787418796539,56.360238353599556,1125.3001304014608,0.00168969891378102,1.8281139231078263,8908.313123659429
2024-10-12 17:34:54.846808,1.0,1.0,1.0,1.0,1.0,1.0,1.0,290338.0,0.040055960801949016,0.037780445658522906,0.044842048853109995,0.03105329154533826,0.03173314566510837,0.03698486219342292,9.855596969525022e-05,0.000321101707716783,-0.00048642139881849305,-0.0,0.0,0.0,0.0,1.0,0.0,0.0,214.33901971645747,214.30647284607795,213.033613673607,138.55051019363225,138.58357080954067,136.79841517223983,27146.591178714545,26973.382163815422,26480.992755531384,24607.48362057489,209.03108617781314,56.30452412890664,1124.1589163257295,0.0017152851234308179,1.8528953818854956,9040.753219350237
2024-10-12 17:34:54.928650,1.0,1.0,1.0,1.0,1.0,1.0,1.0,290339.0,0.03959816335788845,0.03757304914762413,0.044550674429986614,0.03064447088906264,0.03179422973639322,0.03698486219342292,8.901829520861311e-05,0.0002988471339146297,-0.00044509147604306553,-0.0,0.0,0.0,0.0,1.0,0.0,0.0,212.4228726345004,213.37015121912228,212.68463307743414,139.15333007857683,139.2240979136968,138.34591120969827,27010.764073714952,27000.641431845062,26784.146973930467,24689.53233485742,209.66845430180973,56.32184639732606,1124.47848966257,0.0017386133527437422,1.877683885479835,8023.60758321303
2024-10-12 17:34:54.931650,1.0,1.0,1.0,1.0,1.0,1.0,1.0,290340.0,0.03999088202492748,0.03743414645719283,0.043962132407454745,0.03064447088906264,0.03148762440853117,0.037011083297172835,0.00010809364418188734,0.00029248868425687163,-0.00041012000292539613,-0.0,0.0,0.0,0.0,1.0,0.0,0.0,211.98833301874907,211.53370255866034,211.8149558606444,140.5946159803831,139.75309050464887,139.0006567003393,27265.25241380356,26851.821990601245,26801.54613375046,24747.462198269182,210.1339369064099,56.33016262868924,1124.6201339449278,0.001760263539383676,1.9024755115436875,8270.263447317579
2024-10-12 17:34:55.014033,1.0,1.0,1.0,1.0,1.0,1.0,1.0,290341.0,0.04095620715673985,0.0378493252884673,0.04390284427203976,0.030517578125,0.032097906445255474,0.037011083297172835,9.53767448663712e-05,0.00025751721113920217,-0.00045462915052970265,-0.0,0.0,0.0,0.0,1.0,0.0,0.0,211.1509334079301,211.12422758962663,209.94361607621883,141.26083093200492,141.23184518821716,139.50652532240815,27294.069230850582,27113.37846275537,26635.07562663913,24805.383674205408,210.4599404769617,56.37577883793679,1125.506189375632,0.0017821371380786074,1.927286670207257,7655.096463319297
2024-10-12 17:34:55.096655,1.0,1.0,1.0,1.0,1.0,1.0,1.0,290342.0,0.04082881584609787,0.037918079796158174,0.04425738174574523,0.02990748606458951,0.031763702384431956,0.036509662213151245,0.00010491441935300831,0.00022890418767929085,-0.00046416682501633976,-0.0,0.0,0.0,0.0,1.0,0.0,0.0,209.38186323004484,210.40620508652648,209.4557501168944,141.9235243351413,141.8487523102798,141.05293390611118,27153.041406899105,27130.203841511517,26902.17971608893,24868.46695286147,210.94710425035126,56.389854240785326,1125.7626285217204,0.0018039205113909876,1.952103481929336,8122.090920599888
2024-10-12 17:34:55.100653,1.0,1.0,1.0,1.0,1.0,1.0,1.0,290343.0,0.041461858493688546,0.037918079796158174,0.0446091015690999,0.029712222914499722,0.031763702384431956,0.0364298595773722,7.9480620721976e-05,0.00020347038904825854,-0.0004705252746740978,-0.0,0.0,0.0,0.0,1.0,0.0,0.0,209.07532526680913,208.60393906438708,208.78704448327989,143.57838083831876,142.4830656881047,141.54132227619834,27466.701718312637,26963.973692678894,26912.607441152468,24935.25024651416,211.61584137372265,56.36380700640782,1125.2186910593716,0.0018251509062819026,1.9769083028522447,8720.345774681002
2024-10-12 17:34:55.181787,1.0,1.0,1.0,1.0,1.0,1.0,1.0,290344.0,0.04089256110871732,0.03701431097784901,0.0440213406934204,0.02964684940754005,0.03203740138402003,0.036269727551283916,7.948062072197598e-05,0.0002002911642193795,-0.00045462915052970265,-0.0,0.0,0.0,0.0,1.0,0.0,0.0,208.49421798155905,208.31679972576512,207.08407205576276,144.1871575583157,144.13023903519877,142.08419648027083,27503.44373534225,27273.15935090547,26752.577084259618,25009.981561705536,212.35874384014633,56.336139200521565,1124.6427964875045,0.001846050823187717,2.0017004284992583,8773.434594608227
2024-10-12 17:34:55.185788,1.0,1.0,1.0,1.0,1.0,1.0,1.0,290345.0,0.041209808385968265,0.03722482060496381,0.0434855640497593,0.029972291094128595,0.03212811624624381,0.036269727551283916,7.948062072197598e-05,0.00021618728836377465,-0.0004387330263853075,-0.0,0.0,0.0,0.0,1.0,0.0,0.0,206.678979908086,207.82194287613942,206.9815848971894,144.6158866016402,144.6812184884306,143.54396696756902,27301.861496292666,27299.604772634244,27043.170546756923,25060.599876754542,212.8698452978084,56.315660790557985,1124.2132510559097,0.001864458949580731,2.026483085055869,8689.402296935365
2024-10-12 17:34:55.268718,1.0,1.0,1.0,1.0,1.0,1.0,1.0,290346.0,0.04127296521748623,0.03722482060496381,0.04312468176012514,0.03064447088906264,0.03227874115189541,0.0363231833320254,6.040527174870175e-05,0.00021936651319265374,-0.00042283690224091225,-0.0,0.0,0.0,0.0,1.0,0.0,0.0,206.59477342964635,206.10227463172,206.5007619662646,146.02860769817627,145.11429925876362,143.9491782325544,27583.58242458323,27103.20579812965,27024.81473646963,25094.44446047565,213.00414045389732,56.357098257803905,1125.0217591598898,0.0018810460986560277,2.0512835647244603,7813.647001322548
2024-10-12 17:34:55.350461,1.0,1.0,1.0,1.0,1.0,1.0,1.0,290347.0,0.04108320345271294,0.037084613626145846,0.04336560364453033,0.03070772063827226,0.03185519667586617,0.03605511189462744,3.1792248288790396e-05,0.00022254573802153277,-0.0004260161270697913,-0.0,0.0,0.0,0.0,1.0,0.0,0.0,206.06709567883522,206.15361645918847,204.73815594917866,146.48498660236405,146.57969331066215,144.2163748754955,27575.836985685026,27392.715218090885,26785.3953966925,25119.827854279403,213.19573699559706,56.364301031275154,1125.1476682318312,0.0018969031413033353,2.076086819988593,8396.710949782637
2024-10-12 17:34:55.354398,1.0,1.0,1.0,1.0,1.0,1.0,1.0,290348.0,0.04063698009803076,0.036231979799249525,0.04318503823719134,0.030990747087997286,0.03157991857152382,0.03610888539489512,5.086759726206463e-05,0.0002257249628504118,-0.00041965767741203324,-0.0,0.0,0.0,0.0,1.0,0.0,0.0,204.5101969159868,205.66919870590567,204.73683639783982,147.0147567149165,147.00675323728157,145.4561621024871,27417.655622717713,27352.82071028351,27031.585763166473,25145.893819332436,213.2438323684108,56.41090253712113,1126.0611635125215,0.0019117645108422169,2.1009102127486914,7749.94497386353
2024-10-12 17:34:55.435977,1.0,1.0,1.0,1.0,1.0,1.0,1.0,290349.0,0.04076497090344803,0.03608791569074071,0.04276075388833108,0.0313331966781849,0.03148762440853117,0.03586626975568591,5.404682209094367e-05,0.00024162108699480697,-0.00044509147604306553,-0.0,0.0,0.0,0.0,1.0,0.0,0.0,204.6949381073323,204.20839935390347,204.2380638323404,148.56763120065736,147.6007226494841,145.68099196860953,27750.07909574558,27191.65721434629,26971.0077722533,25190.940124608387,213.7764229736172,56.372001381989776,1125.2679559873225,0.0019265518335554732,2.1257161196895673,8988.468734108923
2024-10-12 17:34:55.438974,1.0,1.0,1.0,1.0,1.0,1.0,1.0,290350.0,0.04044423444177086,0.036943874546794715,0.04318503823719134,0.03203740138402003,0.03173314566510837,0.036269727551283916,3.815069794654847e-05,0.0002829510097702345,-0.0004705252746740978,-0.0,0.0,0.0,0.0,1.0,0.0,0.0,204.23402300466554,204.40360615638795,202.93731602693134,149.0183745808313,148.9843729552941,146.19671984315093,27734.113671754098,27489.34426355774,26848.108611082946,25250.718455290298,214.2726947555323,56.37573291583858,1125.32583678932,0.0019412798860807925,2.1505233025805675,8441.220085822733
2024-10-12 17:34:55.521488,1.0,1.0,1.0,1.0,1.0,1.0,1.0,290351.0,0.04012093401707996,0.0361600194902826,0.043003714672582107,0.03242866644143693,0.031178004061435775,0.03645647986559919,5.086759726206463e-05,0.0003083848084012668,-0.00043237457672754936,-0.0,0.0,0.0,0.0,1.0,0.0,0.0,202.9705874805699,203.97646897292438,203.23928769958349,149.32517794141933,149.025575423416,147.68715243284075,27540.668484961534,27414.640746734385,27171.060736366173,25275.351471882946,214.4662902793703,56.380409097486385,1125.4068282418918,0.0019522328261483745,2.1753322708831444,8449.265608689213
2024-10-12 17:34:55.524488,1.0,1.0,1.0,1.0,1.0,1.0,1.0,290352.0,0.03999088202492748,0.03579804821997391,0.042943103346232976,0.032756086704177324,0.031240173622796498,0.0363231833320254,5.72260469198227e-05,0.00029566790908575063,-0.0004387330263853075,-0.0,0.0,0.0,0.0,1.0,0.0,0.0,203.18948148811663,202.7663144376271,202.9541056896135,150.49235509439666,149.35898148560088,147.7630417078652,27795.72093017896,27241.632936044956,27091.924727896145,25282.313756251842,214.47462930787682,56.39425043032702,1125.6730607511327,0.001961146604954439,2.2001471081334807,8259.975836549624
2024-10-12 17:34:55.606444,1.0,1.0,1.0,1.0,1.0,1.0,1.0,290353.0,0.03926789767914727,0.03637547335010834,0.042882406350036345,0.03325575976212062,0.03148762440853117,0.03661579517603752,7.948062072197598e-05,0.00033699783186117815,-0.0004419122512141864,-0.0,0.0,0.0,0.0,1.0,0.0,0.0,202.93743336519208,203.14306499170766,201.69975351254544,150.56761150732748,150.66365947753584,148.1369679072296,27725.998887502676,27539.639957363674,26908.34168489184,25302.107158156534,214.5520920293758,56.41853463424725,1126.1476092183943,0.001970171222066272,2.2249724065411396,8115.271513385992
2024-10-12 17:34:55.689687,1.0,1.0,1.0,1.0,1.0,1.0,1.0,290354.0,0.039201510653345636,0.036231979799249525,0.04330549882888886,0.03305092691301418,0.03120910432259612,0.0364298595773722,7.630139589309694e-05,0.0003401770566900572,-0.0004482707008719445,-0.0,0.0,0.0,0.0,1.0,0.0,0.0,201.84139731729883,202.9346301226425,202.04876808441648,151.13536342739366,150.69887024529535,149.3825611428697,27592.412461709,27440.568785275,27196.05050018027,25324.21293552426,214.7635897959529,56.412675818833094,1126.0215027406912,0.001978290874854844,2.2497949250015568,8462.04609204409
2024-10-12 17:34:55.692677,1.0,1.0,1.0,1.0,1.0,1.0,1.0,290355.0,0.03946638873835309,0.036303797470909754,0.043784027154931265,0.03257790177388484,0.03127121205432006,0.03605511189462744,6.676372140645982e-05,0.0003338186070322991,-0.00047688372433185594,-0.0,0.0,0.0,0.0,1.0,0.0,0.0,202.44425809253275,201.74734801226555,201.8680519252567,152.41999209075905,150.9648629144444,149.49548688256755,27919.34212656365,27261.74825618722,27148.21510021385,25360.384215693786,215.2015009986643,56.37874571902392,1125.335228957087,0.001986285252383362,2.2746023149376775,8970.804791251427
2024-10-12 17:34:55.774914,1.0,1.0,1.0,1.0,1.0,1.0,1.0,290356.0,0.03966388649582423,0.03637547335010834,0.044609101569099904,0.03188563643118791,0.030833830904597324,0.03534861318744721,7.312217106421791e-05,0.00030520558357238775,-0.0004959590733051301,-0.0,0.0,0.0,0.0,1.0,0.0,0.0,202.2928072690332,202.37681602024654,200.84829657922768,152.28689769426444,151.92383830212745,149.9373626636513,27792.24565320266,27546.882432855844,27025.06421552385,25373.91240988898,215.47723277461904,56.33690512501398,1124.494741355421,0.0019910227051703894,2.299391176791557,9092.263369140368
2024-10-12 17:34:55.778721,1.0,1.0,1.0,1.0,1.0,1.0,1.0,290357.0,0.039201510653345636,0.036731754853566174,0.044550674429986614,0.031549183850304155,0.031178004061435775,0.035211122922407,6.676372140645982e-05,0.0002861302345991135,-0.0004959590733051301,-0.0,0.0,0.0,0.0,1.0,0.0,0.0,201.29252814714636,202.18314109750688,201.70425357659633,152.49185869892767,151.5305297078305,151.1913420083859,27604.916716118027,27393.408632476683,27385.674645197778,25381.438219260745,215.42198149291767,56.36823229455252,1125.1167575514226,0.001993931908208016,2.324193750646913,8045.207946400407
2024-10-12 17:34:55.860511,1.0,1.0,1.0,1.0,1.0,1.0,1.0,290358.0,0.040055960801949016,0.03764230828317236,0.044900096837092805,0.031364143052817484,0.0316106234096681,0.03515597625908419,8.265984555085502e-05,0.00029566790908575063,-0.0005054967477917672,-0.0,0.0,0.0,0.0,1.0,0.0,0.0,202.10794997704332,201.2964429669173,201.52566074898726,153.4334478174799,151.63412902065264,151.17037073445672,27874.784824376296,27234.34633604093,27281.55829348249,25384.13364385798,215.3963107679293,56.381046859939424,1125.3703457933523,0.001995875857916651,2.3490019147141794,8306.629588639242
2024-10-12 17:34:55.943524,1.0,1.0,1.0,1.0,1.0,1.0,1.0,290359.0,0.039729500910396995,0.03819186010094626,0.045932417826860104,0.03105329154533826,0.03188563643118791,0.03532115794976128,8.583907037973405e-05,0.0002988471339146297,-0.0004991382981340092,-0.0,0.0,0.0,0.0,1.0,0.0,0.0,201.88363439766994,202.14769982439958,200.68538045733072,153.03409214937025,152.39091032015048,151.50919637085653,27688.266683202004,27500.928721025324,27162.939393104785,25371.90609111676,215.19030474709095,56.407865300876296,1125.9050749922385,0.0019963803037699825,2.373821866589564,8098.4529497464855
2024-10-12 17:34:55.946522,1.0,1.0,1.0,1.0,1.0,1.0,1.0,290360.0,0.03959816335788845,0.037711440220720746,0.04553374081900145,0.030990747087997286,0.03170255949350469,0.03540345978860444,7.630139589309694e-05,0.00029566790908575063,-0.0004959590733051301,-0.0,0.0,0.0,0.0,1.0,0.0,0.0,201.24862030514052,201.91183676620128,201.51280610880318,153.26092717672307,151.98306763960124,152.37407713664388,27569.435900355646,27313.427659156696,27432.579574318115,25359.323496491714,215.27511725965428,56.35764192642851,1124.9033532468138,0.001995723388048029,2.3986197360655828,9200.159460564779
2024-10-12 17:34:56.028573,1.0,1.0,1.0,1.0,1.0,1.0,1.0,290361.0,0.039532330954326636,0.03757304914762413,0.04610222401715648,0.03054935072925873,0.0321582976678794,0.03473958601181881,6.040527174870175e-05,0.0003083848084012668,-0.0005150344222784043,-0.0,0.0,0.0,0.0,1.0,0.0,0.0,202.18329025119692,201.32204848174203,201.35565829014672,154.27462280024355,152.3975486810824,152.07332495519444,27888.63570683509,27238.537646591027,27291.835708749124,25391.5421089081,215.682998379404,56.322606231077394,1124.202501742845,0.0019970869862389476,2.4234021556595584,9000.242333183945
2024-10-12 17:34:56.031577,1.0,1.0,1.0,1.0,1.0,1.0,1.0,290362.0,0.03946638873835309,0.03771144022072075,0.04559090812440138,0.03073929670896773,0.03254810944778678,0.034599675713128386,3.815069794654848e-05,0.0003306393822034201,-0.0005118551974495253,-0.0,0.0,0.0,0.0,1.0,0.0,0.0,202.14110159066482,202.21190931119932,200.86307471921145,153.95950030426866,153.10469294196517,152.41415015314666,27749.007539341677,27507.7099150682,27235.52622705717,25413.096119666152,215.91979660528526,56.30856041659367,1123.9228445851534,0.001996467082523314,2.448178410366858,8707.854773522618
2024-10-12 17:34:56.113153,1.0,1.0,1.0,1.0,1.0,1.0,1.0,290363.0,0.039201510653345636,0.037918079796158174,0.04541919034616077,0.030485772407004817,0.032785690042080325,0.03468368961839258,2.8613023459911357e-05,0.0003528939560055733,-0.0005309305464227996,-0.0,0.0,0.0,0.0,1.0,0.0,0.0,201.63012988311144,202.16592064730088,201.87493043770274,154.22998222645998,152.33526996185583,153.14977481510766,27648.797807054172,27292.006427986733,27537.37485137119,25405.561442279995,215.7504900165221,56.33583630758336,1124.471333136925,0.0019928638340279254,2.472966756199565,8110.412698150261
2024-10-12 17:34:56.117150,1.0,1.0,1.0,1.0,1.0,1.0,1.0,290364.0,0.03999088202492748,0.03819186010094626,0.045304350237362054,0.03077084037730748,0.03310957989067469,0.03454355292563407,2.8613023459911357e-05,0.00034653550634781527,-0.00048642139881849305,-0.0,0.0,0.0,0.0,1.0,0.0,0.0,202.57093421322608,201.68072358318062,201.8462601754989,154.57694212033604,152.4038015030807,152.5159880123999,27858.701462432855,27184.63441790068,27329.52784654298,25368.327257948782,215.21396044217704,56.393184607528156,1125.62252173047,0.001987093330240764,2.497780479345268,7661.7349106032325
2024-10-12 17:34:56.199537,1.0,1.0,1.0,1.0,1.0,1.0,1.0,290365.0,0.03979500713939933,0.03825999906698716,0.04501596824740669,0.03073929670896773,0.0333431600699038,0.034767500508899686,4.132992277542751e-05,0.000321101707716783,-0.0004673460498452188,-0.0,0.0,0.0,0.0,1.0,0.0,0.0,202.5887685841735,202.798745960776,201.30892246299769,153.95193918540338,152.93024712776833,152.64615407900996,27652.273379668946,27435.182696217737,27205.63105351979,25338.33250402555,214.90661561658476,56.406705040886145,1125.899504624788,0.0019807895101434454,2.522600308424997,8270.275670173449
2024-10-12 17:34:56.282357,1.0,1.0,1.0,1.0,1.0,1.0,1.0,290366.0,0.039400336158606504,0.03757304914762413,0.04437493143949452,0.030896693010431804,0.03337224263981984,0.03499001478345783,4.4509147604306555e-05,0.00030520558357238775,-0.00048006294916073494,-0.0,0.0,0.0,0.0,1.0,0.0,0.0,202.15289488840725,202.83028449699805,202.41869490852372,154.43235653659536,152.4967052675654,153.1394229930575,27632.786918604284,27247.81325719444,27475.464625844026,25354.619618083914,215.04197678290612,56.40724519722613,1125.914047890273,0.001977455242185238,2.5474204581029336,8473.424312145557
2024-10-12 17:34:56.285357,1.0,1.0,1.0,1.0,1.0,1.0,1.0,290367.0,0.03999088202492748,0.03757304914762413,0.0449000968370928,0.03130221970899244,0.03325575976212062,0.03473958601181881,3.497147311766943e-05,0.00031156403323014586,-0.000483242173989614,-0.0,0.0,0.0,0.0,1.0,0.0,0.0,203.39064348441315,202.37512749206059,202.38613870075415,154.90515478147356,152.82077938641208,152.44827439666236,27926.655403605124,27204.184512792468,27261.900007782508,25362.3255679975,215.19109987560327,56.385044192728515,1125.4757705461395,0.0019731414068109502,2.5722309462003063,8792.66530436259
2024-10-12 17:34:56.367761,1.0,1.0,1.0,1.0,1.0,1.0,1.0,290368.0,0.03940033615860651,0.037503662109375,0.04443358966925187,0.031115710284795706,0.033430331878977426,0.034515457310635475,4.76883724331856e-05,0.000324280932545662,-0.0004514499257008236,-0.0,0.0,0.0,0.0,1.0,0.0,0.0,203.32781460979106,203.6339913566102,202.14812297634975,154.13701587667154,153.30801176636132,152.47409934897024,27701.94141242887,27480.52180724312,27187.257596238593,25349.337834938382,215.14418681560448,56.36804722033007,1125.1447172015971,0.001965854162324996,2.5970341364106173,8713.656512694291
2024-10-12 17:34:56.371761,1.0,1.0,1.0,1.0,1.0,1.0,1.0,290369.0,0.04050858489526056,0.03729472643293347,0.04437493143949452,0.03086527796111811,0.03310957989067469,0.03403428348265909,2.5433798631032317e-05,0.0002893094594279926,-0.0004737044995029769,-0.0,0.0,0.0,0.0,1.0,0.0,0.0,203.10610736997225,203.55570439543274,203.48403953178564,154.31768750936624,152.49294361696303,152.95836374257462,27654.31766020676,27246.949501086154,27474.704395901994,25345.501610782216,215.0650101826438,56.37986796118191,1125.38860591237,0.0019588138382915015,2.6218427030120632,8473.919252756357
2024-10-12 17:34:56.452461,1.0,1.0,1.0,1.0,1.0,1.0,1.0,290370.0,0.04139898983206046,0.03687330356631608,0.04541919034616077,0.030004641120915988,0.03296275176192149,0.03351727697218139,-1.2716899315516157e-05,0.0002511587614814441,-0.0005023175229628881,-0.0,0.0,0.0,0.0,1.0,0.0,0.0,204.35030246917947,203.4314541842367,203.3314768743532,154.7454348904664,152.77083966587298,152.12799951742352,27933.25675309424,27239.755002470563,27220.17518080783,25345.6716996712,214.92193299808295,56.417426262434525,1126.1453535381186,0.0019525631143855874,2.6466679516945035,7929.891072920472
2024-10-12 17:34:56.536315,1.0,1.0,1.0,1.0,1.0,1.0,1.0,290371.0,0.041587310697157,0.03722482060496381,0.04541919034616077,0.02961410853680346,0.03272645658802371,0.0337192770263005,-9.537674486637117e-06,0.00021300806353489562,-0.0005118551974495252,-0.0,0.0,0.0,0.0,1.0,0.0,0.0,204.22769567446716,204.6906755242017,203.14439071568933,153.8698731049271,153.00665821095194,152.15436564515383,27678.9973193969,27462.462533264294,27156.418680652092,25309.042588911747,214.53086478188536,56.438080296882,1126.5677515570412,0.0019435940849318511,2.6715025119066054,8151.869866207501
2024-10-12 17:34:56.539318,1.0,1.0,1.0,1.0,1.0,1.0,1.0,290372.0,0.04152463197171362,0.037503662109375,0.04576198155144106,0.029810014367864183,0.03257790177388484,0.034204882463775475,-1.2716899315516158e-05,0.00023208341250816986,-0.0005118551974495252,-0.0,0.0,0.0,0.0,1.0,0.0,0.0,204.1234299734923,204.6681316902001,204.32170801041107,153.91988982165137,152.29847190555722,152.3628325721234,27639.57417474975,27245.40548865299,27367.68189996789,25288.283611619845,214.3707775144615,56.43342931502312,1126.4843237770751,0.0019352558845876918,2.6963352329996466,8446.262629450239
2024-10-12 17:34:56.620971,1.0,1.0,1.0,1.0,1.0,1.0,1.0,290373.0,0.04214722489965788,0.03722482060496381,0.04564800383634771,0.029744855788601574,0.03254810944778678,0.034091244666417886,-6.358449657758078e-06,0.00021300806353489562,-0.0004927798484762511,-0.0,0.0,0.0,0.0,1.0,0.0,0.0,205.35827115106704,204.54957940783032,204.390549754809,154.14223563837547,152.76242550750365,151.74710651785696,27887.05767470504,27289.613532161817,27177.870543798366,25315.06384690315,214.72645669112669,56.399305510170166,1125.8093505591003,0.0019297752202911606,2.721153074683083,8943.428861435015
2024-10-12 17:34:56.624971,1.0,1.0,1.0,1.0,1.0,1.0,1.0,290374.0,0.04183708658073959,0.03743414645719283,0.04576198155144106,0.029810014367864183,0.03233879467572394,0.03428986366919591,-1.58961241443952e-05,0.00021300806353489562,-0.0005277513215939206,-0.0,0.0,0.0,0.0,1.0,0.0,0.0,205.37261408982886,205.76114834048997,204.3976756158916,153.43822946472173,153.04163235535046,152.12999336702188,27684.144673504063,27552.81415842026,27227.648994152743,25344.3723048543,214.97385607159976,56.399305510170166,1125.815633283917,0.0019242053602016045,2.7459710548656973,8470.53214263582
2024-10-12 17:34:56.706893,1.0,1.0,1.0,1.0,1.0,1.0,1.0,290375.0,0.04214722489965789,0.03701431097784901,0.04671956673942694,0.029972291094128595,0.0321582976678794,0.034599675713128386,-1.9075348973274228e-05,0.00023208341250816986,-0.0005341097712516786,-0.0,0.0,0.0,0.0,1.0,0.0,0.0,205.22096724280092,205.76058361157627,205.7332695011039,153.39056025639198,152.17482691253778,152.20963786102683,27639.039410215886,27329.947835094266,27452.249985085367,25323.767107162243,214.62846618564933,56.44362651551813,1126.7105760314012,0.0019151447315023688,2.7708087635639895,7820.313766912706
2024-10-12 17:34:56.789336,1.0,1.0,1.0,1.0,1.0,1.0,1.0,290376.0,0.042023444236177564,0.03757304914762413,0.04705288535396546,0.029972291094128595,0.03224867245309928,0.034711649066398086,-1.2716899315516152e-05,0.0002861302345991135,-0.0005086759726206463,-0.0,0.0,0.0,0.0,1.0,0.0,0.0,206.56116471717385,205.61878830390572,205.68489988448002,153.31481891522483,152.109093234126,151.26526222929238,27837.42260164177,27283.09460180972,27177.954078431176,25277.217104952142,214.11146536102387,56.47530287561088,1127.355055856567,0.0019043737227829828,2.7956606794619834,7977.4585228489705
2024-10-12 17:34:56.793333,1.0,1.0,1.0,1.0,1.0,1.0,1.0,290377.0,0.042023444236177564,0.03743414645719283,0.04666378216223114,0.02977745290061739,0.03233879467572394,0.03501772965099794,-9.537674486637115e-06,0.0002893094594279926,-0.0004705252746740978,-0.0,0.0,0.0,0.0,1.0,0.0,0.0,206.5055945652058,207.04281470499615,205.48059117794588,152.62011246329305,152.30417280502675,151.41775079963233,27613.853746768946,27527.41733491833,27159.425439111128,25271.36848758932,214.01575845321364,56.48705045769425,1127.5982411479852,0.0018966895850798878,2.820517956244623,8432.6020402626
2024-10-12 17:34:56.875494,1.0,1.0,1.0,1.0,1.0,1.0,1.0,290378.0,0.041461858493688546,0.03715478325109878,0.04671956673942695,0.030036956306502573,0.03167194378429309,0.034851109849295854,-6.676372140645982e-05,0.0002511587614814441,-0.0005213928719361625,-0.0,0.0,0.0,0.0,1.0,0.0,0.0,206.46136767848478,206.92905516382734,206.78502472869098,152.81819733995619,151.63259704941282,151.6969331360744,27638.570873294015,27319.513317520163,27422.200296254818,25291.155249603158,214.27380502030957,56.46288164353888,1127.1221064368624,0.0018910887752747305,2.845364736902076,8783.279030126543
2024-10-12 17:34:56.879491,1.0,1.0,1.0,1.0,1.0,1.0,1.0,290379.0,0.041461858493688546,0.0373645014732293,0.04621508152756301,0.030676112065162197,0.03191604715477278,0.035238663890968365,-4.4509147604306555e-05,0.0002861302345991135,-0.0004896006236473721,-0.0,0.0,0.0,0.0,1.0,0.0,0.0,207.8058176288372,206.91651804893854,206.65672701653025,152.9256944600715,151.97974379286038,150.76018836511096,27893.08485589148,27372.171555995712,27162.758775623017,25300.2810046379,214.46354177157895,56.432903239709,1126.5312743340303,0.0018843532213076778,2.8701984929940614,8872.816200046425
2024-10-12 17:34:56.960216,1.0,1.0,1.0,1.0,1.0,1.0,1.0,290380.0,0.041019754451988084,0.037503662109375,0.04570502822314875,0.030928076150071922,0.03197678183797181,0.0350730936850165,-3.497147311766943e-05,0.00031156403323014586,-0.00044509147604306553,-0.0,0.0,0.0,0.0,1.0,0.0,0.0,207.58731348535125,208.25426466006903,206.80891879323318,151.93845239481172,152.02171488792834,150.99204943199234,27610.494727150013,27608.588835362843,27224.557484633122,25298.542604535516,214.40551230275116,56.443849842754275,1126.7587475588634,0.0018764217023849047,2.8950372636069144,8447.930907041275
2024-10-12 17:34:56.963219,1.0,1.0,1.0,1.0,1.0,1.0,1.0,290381.0,0.04082881584609787,0.03757304914762413,0.04553374081900146,0.03130221970899244,0.03212811624624381,0.03537604711721689,-2.861302345991135e-05,0.00034653550634781527,-0.00041965767741203324,-0.0,0.0,0.0,0.0,1.0,0.0,0.0,207.66421806394308,208.0581871355961,208.16583431351378,152.13836273962394,151.20171242950622,151.145692267622,27654.848628590586,27372.27354669731,27465.097728569534,25307.69740439801,214.34069973670697,56.480960911210424,1127.5073222579622,0.0018695644799371068,2.9198925361331343,7913.073241733944
2024-10-12 17:34:57.045337,1.0,1.0,1.0,1.0,1.0,1.0,1.0,290382.0,0.04095620715673985,0.038123599349151736,0.04581886408620406,0.03070772063827226,0.032368779656366614,0.03543085125095238,3.1792248288790384e-06,0.0003751485298077266,-0.0004260161270697913,-0.0,0.0,0.0,0.0,1.0,0.0,0.0,208.9020741051569,208.10918201487226,207.97309186921524,152.25487549357678,151.32268154312914,150.23609359480864,27890.15967210258,27398.86640837122,27212.02507014555,25304.681653893054,214.24898096156184,56.49801758861431,1127.8555866661757,0.0018626893437536775,2.944755485954753,8194.176378247055
2024-10-12 17:34:57.128975,1.0,1.0,1.0,1.0,1.0,1.0,1.0,290383.0,0.04070102581168387,0.03825999906698716,0.04610222401715648,0.03064447088906264,0.032308781866774994,0.03526618335153976,-9.537674486637117e-06,0.0003528939560055733,-0.00043237457672754936,-0.0,0.0,0.0,0.0,1.0,0.0,0.0,208.7732069052693,209.36877207372748,207.88750007403013,151.27025228024584,151.15989584759413,150.20442996907784,27619.236592495436,27568.474434842716,27186.789908926727,25257.476937275835,213.7229461725002,56.530866244288454,1128.5224286640207,0.0018528782246990175,2.969633135937747,7946.6756613842335
2024-10-12 17:34:57.131978,1.0,1.0,1.0,1.0,1.0,1.0,1.0,290384.0,0.04005596080194901,0.03832801689680105,0.04621508152756301,0.030612797008878905,0.03203740138402003,0.034823262373934814,-3.1792248288790413e-06,0.00036561085532108955,-0.00042919535189867036,-0.0,0.0,0.0,0.0,1.0,0.0,0.0,208.82506542199124,209.22399987818568,209.04070900330083,151.43242153026662,150.34646587477073,150.16832866478347,27655.835180403326,27326.576642362237,27376.002783642256,25246.387563564822,213.7708229926479,56.49298506452957,1127.774310742103,0.0018457075211253406,2.9944942940767727,8958.030353703123
2024-10-12 17:34:57.214059,1.0,1.0,1.0,1.0,1.0,1.0,1.0,290385.0,0.040055960801949016,0.03853134997827472,0.04513154216867338,0.03086527796111811,0.032097906445255474,0.03454355292563407,3.17922482887904e-05,0.00038468620429436373,-0.00042919535189867036,-0.0,0.0,0.0,0.0,1.0,0.0,0.0,210.08291686198442,209.23016697666537,208.91296277964065,151.56317893287897,150.68023870397047,149.40218935472055,27901.104592716943,27394.04954293376,27160.861303863807,25272.219241112874,214.17288897684787,56.44435008851433,1126.8088975239127,0.0018408434529894894,3.019334170217744,9129.939619603705
2024-10-12 17:34:57.217056,1.0,1.0,1.0,1.0,1.0,1.0,1.0,290386.0,0.04082881584609787,0.03819186010094626,0.04449217056439318,0.030990747087997286,0.03221857569203676,0.03499001478345783,3.1792248288790396e-05,0.0003592524056633315,-0.0004609876001874607,-0.0,0.0,0.0,0.0,1.0,0.0,0.0,209.84081269565846,210.52726684538285,208.93789764621317,150.638873800209,150.6885369035156,149.5554004083238,27640.68786202871,27632.024756115912,27210.805842718182,25275.53141841649,214.17317287902657,56.451323686605825,1126.9550832459347,0.0018346695444037848,3.0441772689417435,8438.529671355906
2024-10-12 17:34:57.298686,1.0,1.0,1.0,1.0,1.0,1.0,1.0,290387.0,0.04108320345271294,0.03893483061427055,0.04478392562861249,0.03130221970899244,0.032308781866774994,0.03479539261166803,4.132992277542752e-05,0.0003815069794654847,-0.0004959590733051301,-0.0,0.0,0.0,0.0,1.0,0.0,0.0,209.75256355217329,210.2582189122483,210.32467975786707,150.67319144899508,149.71008473999393,149.54264311028314,27650.03051167187,27359.713722457687,27440.514019862894,25259.13730316957,213.90875825593426,56.48403088064936,1127.6162583001103,0.0018273831388191594,3.0690349429024923,7957.521293372427
2024-10-12 17:34:57.381897,1.0,1.0,1.0,1.0,1.0,1.0,1.0,290388.0,0.041587310697157,0.03913501101148131,0.044198489661446745,0.03130221970899244,0.03257790177388484,0.034878935091133,8.583907037973405e-05,0.00041012000292539613,-0.00046416682501633976,-0.0,0.0,0.0,0.0,1.0,0.0,0.0,211.00955910227643,210.24681489069638,210.00075797953434,150.62959432649976,149.74668428084777,148.61751034469415,27852.6348264439,27378.910350605234,27161.230290324165,25235.317029222995,213.51122390263484,56.535426966463085,1128.6503928777377,0.0018202272114661575,3.093915413785486,7677.709374430417
2024-10-12 17:34:57.385871,1.0,1.0,1.0,1.0,1.0,1.0,1.0,290389.0,0.04114655461363215,0.03880080326089556,0.044139519001880914,0.030676112065162197,0.03319736505550277,0.03493451908670038,7.312217106421791e-05,0.0004132992277542751,-0.0004673460498452188,-0.0,0.0,0.0,0.0,1.0,0.0,0.0,210.66732448764594,211.4816373170655,209.9204672077355,149.74691307538575,149.696943251493,148.75507104615355,27584.549480548267,27574.644555844636,27190.26636427472,25216.728790988745,213.35264782809597,56.535426966463085,1128.6572938885442,0.0018141239491606062,3.118796036797429,8406.209741067143
2024-10-12 17:34:57.467306,1.0,1.0,1.0,1.0,1.0,1.0,1.0,290390.0,0.04133602555253029,0.03966388649582423,0.0436051944382425,0.0303262434606198,0.03351727697218139,0.03515597625908419,9.219752003749214e-05,0.00041012000292539613,-0.0004673460498452188,-0.0,0.0,0.0,0.0,1.0,0.0,0.0,210.74703555882428,211.06400837234028,211.0889315227124,149.90770945687535,148.8587360574638,148.59184380943924,27650.191624659776,27293.01113843201,27353.604506510244,25194.9614001765,213.24184202778585,56.515613609506254,1128.2689953480403,0.001807710039391028,3.143668099983768,8678.745288704658
2024-10-12 17:34:57.471307,1.0,1.0,1.0,1.0,1.0,1.0,1.0,290391.0,0.041712385598201944,0.03979500713939933,0.04318503823719134,0.030230122003416366,0.033546208593426816,0.034767500508899686,8.265984555085504e-05,0.000410120002925396,-0.00048006294916073494,-0.0,0.0,0.0,0.0,1.0,0.0,0.0,211.89843978392742,211.13206305611183,210.6971347241075,149.76247747794972,149.18168557049597,147.6635400159286,27833.750279435124,27389.267642392293,27075.16192491816,25191.062215177673,213.2263699216929,56.51067967834866,1128.1762405147358,0.001802626568848269,3.168538118441337,8400.59381353746
2024-10-12 17:34:57.552380,1.0,1.0,1.0,1.0,1.0,1.0,1.0,290392.0,0.04183708658073959,0.03926789767914727,0.04227064309912445,0.030230122003416366,0.033546208593426816,0.03462770299655218,5.4046822090943684e-05,0.0003751485298077266,-0.0004609876001874607,-0.0,0.0,0.0,0.0,1.0,0.0,0.0,211.50461084571978,212.25982949021574,210.81566286149032,148.815307604553,149.1433280124655,147.85488211865746,27558.53300869822,27592.440463126695,27148.237496885544,25186.929514787662,213.11264739185538,56.5312636627906,1128.593084261636,0.0017974027666337689,3.1934173259877268,8099.35822232448
2024-10-12 17:34:57.556378,1.0,1.0,1.0,1.0,1.0,1.0,1.0,290393.0,0.041461858493688546,0.03906839817849147,0.04196141697840431,0.030198013527012933,0.03308026640118225,0.034711649066398086,6.040527174870175e-05,0.000410120002925396,-0.00044509147604306553,-0.0,0.0,0.0,0.0,1.0,0.0,0.0,211.46545966101428,211.88892244559963,211.95554737812284,148.94020031725415,148.1485068612357,147.69692667444613,27597.270244697276,27308.16037424086,27325.749258100917,25160.816487529926,212.8692705684272,56.5368752468328,1128.7119946036187,0.001791317900214825,3.2182991548465445,8386.355422417344
2024-10-12 17:34:57.638919,1.0,1.0,1.0,1.0,1.0,1.0,1.0,290394.0,0.04227064309912445,0.03886787470812279,0.04214722489965789,0.03064447088906264,0.033459338679991214,0.0352936813544323,6.676372140645982e-05,0.0004132992277542751,-0.00042919535189867036,-0.0,0.0,0.0,0.0,1.0,0.0,0.0,212.51986157556414,211.90470361822847,211.54659424428084,148.84668912436376,148.247769584821,146.7333903059545,27769.683836480508,27340.278406543766,27035.46139171038,25129.16365699028,212.41808825227037,56.5853419178065,1129.6864531683682,0.0017852549081495998,3.243202465103056,7676.209561713405
2024-10-12 17:34:57.721218,1.0,1.0,1.0,1.0,1.0,1.0,1.0,290395.0,0.041774782619765874,0.03906839817849147,0.04245509769062346,0.030612797008878905,0.033284918697807614,0.03499001478345783,2.5433798631032317e-05,0.00039740310360987996,-0.000400582328438759,-0.0,0.0,0.0,0.0,1.0,0.0,0.0,212.11849397520433,212.98000673043634,211.40007554804183,148.08456153933173,148.2499347293201,146.83348108613342,27530.60689613494,27520.637916134,27054.652730206042,25113.40628025456,212.16493364993613,56.617100078643254,1130.325170691683,0.001781114608820067,3.268119855532526,7904.392027912156
2024-10-12 17:34:57.725218,1.0,1.0,1.0,1.0,1.0,1.0,1.0,290396.0,0.04152463197171362,0.03926789767914727,0.04269979768643891,0.030517578125,0.03319736505550277,0.03445919735911931,9.53767448663712e-06,0.0003942238787810009,-0.0003751485298077266,-0.0,0.0,0.0,0.0,1.0,0.0,0.0,212.05248470685822,212.50428240129807,212.4665991124823,148.30206414094593,147.49293389177276,146.72719828294646,27596.07252295123,27253.323030168936,27227.292149593562,25101.074416990374,212.12696284213078,56.59920848033807,1129.9723571740376,0.0017772443173148511,3.2930294683840073,8608.812664330682
2024-10-12 17:34:57.806580,1.0,1.0,1.0,1.0,1.0,1.0,1.0,290397.0,0.04101975445198809,0.03880080326089556,0.04152463197171362,0.030833830904597324,0.03305092691301418,0.034823262373934814,1.5896124144395198e-05,0.000400582328438759,-0.00037832775463660567,-0.0,0.0,0.0,0.0,1.0,0.0,0.0,213.2089196527435,212.39546566583,211.964642387168,148.20420015932322,147.71793908792964,145.830489569804,27787.65043266818,27317.398916186667,26944.129081313506,25089.288414063092,212.09017813361902,56.58222106249463,1129.6376772074782,0.0017732991076809684,3.317931703401559,8594.04207581332
2024-10-12 17:34:57.809580,1.0,1.0,1.0,1.0,1.0,1.0,1.0,290398.0,0.04089256110871732,0.038733615672373205,0.04214722489965788,0.03054935072925873,0.03319736505550277,0.035238663890968365,-1.2716899315516153e-05,0.0004005823284387589,-0.0004005823284387589,-0.0,0.0,0.0,0.0,1.0,0.0,0.0,212.6493254623683,213.49251082885633,211.97704249619744,147.34289161527087,147.71596333815188,146.01892648744186,27507.677563562585,27516.605307426253,27012.492443162268,25082.402781386598,212.082501759973,56.5685354496535,1129.36852993112,0.0017696932102228406,3.3428280052169295,8546.657232152678
2024-10-12 17:34:57.892119,1.0,1.0,1.0,1.0,1.0,1.0,1.0,290399.0,0.04070102581168387,0.03913501101148131,0.042393702000235525,0.030990747087997286,0.03260766687993288,0.03537604711721689,1.271689931551616e-05,0.00038786542912324284,-0.000406940778096517,-0.0,0.0,0.0,0.0,1.0,0.0,0.0,212.578831525799,212.94111956069173,213.07934136026876,147.50667205884756,146.76174742575338,145.8918727323216,27557.763179292888,27218.517179067305,27184.475827004186,25055.03186864332,211.66438799281002,56.618162264865795,1130.36459530122,0.001765025493715232,3.3677462647400143,7630.730097491103
2024-10-12 17:34:57.975507,1.0,1.0,1.0,1.0,1.0,1.0,1.0,290400.0,0.04063698009803076,0.03798670986099516,0.04263875434188018,0.03173314566510837,0.03257790177388484,0.035238663890968365,1.2716899315516158e-05,0.00038786542912324284,-0.0004228369022409122,-0.0,0.0,0.0,0.0,1.0,0.0,0.0,213.60721955895744,212.9317166307399,212.3740977221856,147.4106790660022,146.8210149343068,145.0181189375149,27711.948489328766,27260.872010397474,26881.151695640612,25018.458894773175,211.29231168183443,56.6348245860815,1130.7022115334862,0.0017606483314100822,3.392671966825375,8082.83079685098
2024-10-12 17:34:57.978507,1.0,1.0,1.0,1.0,1.0,1.0,1.0,290401.0,0.03999088202492748,0.037918079796158174,0.04324531047620408,0.03157991857152382,0.032815266674204355,0.03545822155341263,1.907534897327424e-05,0.0003878654291232428,-0.00042601612706979125,-0.0,0.0,0.0,0.0,1.0,0.0,0.0,212.95737496356293,213.93009677942416,212.29456047267917,146.7724777958337,146.7578127477912,145.23515490719083,27460.726565630444,27407.209679240583,26949.409838722324,25005.074858525324,211.22049389488274,56.62363337534816,1130.4815719532592,0.0017581842024383084,3.4175928050337667,8320.037357030316
2024-10-12 17:34:58.061443,1.0,1.0,1.0,1.0,1.0,1.0,1.0,290402.0,0.040120934017079966,0.037918079796158174,0.043784027154931265,0.03167194378429309,0.03227874115189541,0.03548557074494756,3.179224828879039e-05,0.00037196930497884756,-0.0004323745767275493,-0.0,0.0,0.0,0.0,1.0,0.0,0.0,212.95701551332567,213.2884600064398,213.17477821459056,147.1847796471693,146.0914300748382,145.18463302206624,27573.662663629813,27141.493218738786,27106.69508282201,25005.378143532358,211.3146503932194,56.59901512935542,1129.991563202922,0.0017568674822707401,3.4425028412714846,8673.424118809691
2024-10-12 17:34:58.064443,1.0,1.0,1.0,1.0,1.0,1.0,1.0,290403.0,0.04050858489526056,0.0378493252884673,0.044316195568033935,0.032007105962223864,0.032756086704177324,0.03554020599014928,4.450914760430655e-05,0.0003560731808344524,-0.00046416682501633976,-0.0,0.0,0.0,0.0,1.0,0.0,0.0,213.88561057876953,213.18823009841773,212.59582991138177,147.15975811991171,146.45250436807694,144.48137049351953,27748.95427183969,27239.556617131773,26862.284204529627,25013.786159069623,211.39552130628525,56.596340837790095,1129.9390889814088,0.0017560567918075629,3.4674117207441415,8326.767484230382
2024-10-12 17:34:58.145259,1.0,1.0,1.0,1.0,1.0,1.0,1.0,290404.0,0.04070102581168387,0.038123599349151736,0.04396213240745474,0.03173314566510837,0.03296275176192149,0.03583921107981937,3.815069794654847e-05,0.00033699783186117815,-0.0004991382981340092,-0.0,0.0,0.0,0.0,1.0,0.0,0.0,213.24175644157043,214.0541650180549,212.60531468512687,146.32412535488984,146.33014368797666,144.7899218474673,27462.77995360446,27394.23642438207,26959.843056128044,25001.673184779887,211.41430360047136,56.563785403456976,1129.2915772942822,0.0017538878990374558,3.4923063261813843,8789.694889769673
2024-10-12 17:34:58.228860,1.0,1.0,1.0,1.0,1.0,1.0,1.0,290405.0,0.04152463197171362,0.03743414645719283,0.04484204885310999,0.03173314566510837,0.03331405211143558,0.036135742137466224,1.589612414439519e-05,0.00032746015737454104,-0.0005245720967650415,-0.0,0.0,0.0,0.0,1.0,0.0,0.0,213.13101635348346,213.4149965593228,213.52361786123063,146.55796700233265,145.41661511921814,144.7289382723549,27513.159956335847,27096.63227253497,27116.60283083681,24971.25468949648,211.12090258117712,56.573303197506284,1129.4851160022577,0.0017507798165434822,3.517205198071923,8315.076535344137
2024-10-12 17:34:58.231862,1.0,1.0,1.0,1.0,1.0,1.0,1.0,290406.0,0.04139898983206046,0.03729472643293347,0.04484204885310999,0.031549183850304155,0.03319736505550277,0.0361625789344349,3.4971473117669426e-05,0.00033699783186117815,-0.0005054967477917672,-0.0,0.0,0.0,0.0,1.0,0.0,0.0,214.06140523851766,213.29416764528236,212.787545855331,146.61567362142097,145.63651373563496,144.05967971130735,27684.26213955561,27156.064982557265,26848.556831538608,24958.694934710114,211.0144387242203,56.573303197506284,1129.4865970304304,0.001749470870371895,3.542104102610905,8310.698415326366
2024-10-12 17:34:58.313800,1.0,1.0,1.0,1.0,1.0,1.0,1.0,290407.0,0.041774782619765874,0.036873303566316074,0.04518921828443541,0.03151841915858901,0.03351727697218139,0.035757912197617196,3.179224828879038e-05,0.0003401770566900572,-0.00048006294916073494,-0.0,0.0,0.0,0.0,1.0,0.0,0.0,213.30186097624158,214.23907616470393,212.56088825123834,146.02152984679273,145.65013629551558,144.4302367883743,27418.267822535257,27315.947879231117,26926.84159524344,24949.896899964504,210.8546212395972,56.596202795604306,1129.9442425073478,0.0017490691132479954,3.5670130956901778,7978.923441170838
2024-10-12 17:34:58.317801,1.0,1.0,1.0,1.0,1.0,1.0,1.0,290408.0,0.04164989509779679,0.036731754853566174,0.044958069872003174,0.031763702384431956,0.0333431600699038,0.0352936813544323,7.31221710642179e-05,0.00032746015737454104,-0.00044509147604306553,-0.0,0.0,0.0,0.0,1.0,0.0,0.0,213.2322331468849,213.43992744180898,213.40065278373348,146.547081713707,145.0137234040045,144.48203413210095,27548.10889017299,27038.398213242097,27102.891913774238,24959.543777517953,211.018026364358,56.57428988969709,1129.505807049337,0.0017499033116150611,3.5919124237033544,8623.871277453165
2024-10-12 17:34:58.399535,1.0,1.0,1.0,1.0,1.0,1.0,1.0,290409.0,0.041587310697157,0.0361600194902826,0.04507379225100919,0.03142594437984583,0.03360399710929144,0.03501772965099794,5.086759726206463e-05,0.0003528939560055733,-0.00044509147604306553,-0.0,0.0,0.0,0.0,1.0,0.0,0.0,214.1235513431044,213.31940386232978,212.63130440994195,146.729057717802,145.56779436474903,143.9267474479086,27752.04678505447,27172.135224256162,26863.540250744776,24992.031069470388,211.4367619196531,56.535868993892464,1128.7361516037447,0.0017521869826734998,3.616794785089819,8877.682745335469
2024-10-12 17:34:58.403535,1.0,1.0,1.0,1.0,1.0,1.0,1.0,290410.0,0.04095620715673985,0.036447008273383014,0.044725726870264354,0.031084516582433108,0.03331405211143558,0.034851109849295854,4.450914760430655e-05,0.00034653550634781527,-0.0004387330263853075,-0.0,0.0,0.0,0.0,1.0,0.0,0.0,213.2154276998981,214.15879933851855,212.67176937426692,146.05577355057653,145.65163847626124,144.47369762156978,27466.613392415587,27356.531642668095,27018.439463977338,25010.13527859151,211.54793580670906,56.54717170074883,1128.9601976419565,0.0017536123499824,3.641682085446726,8332.18965479095
2024-10-12 17:34:58.484295,1.0,1.0,1.0,1.0,1.0,1.0,1.0,290411.0,0.04127296521748623,0.036447008273383014,0.044667452282818626,0.0316106234096681,0.03299216966314644,0.034711649066398086,6.676372140645982e-05,0.000321101707716783,-0.00042919535189867036,-0.0,0.0,0.0,0.0,1.0,0.0,0.0,213.18619586663485,213.25616799962592,213.48655021697104,146.38854247784235,144.83875900342684,144.46269435245418,27560.566510938446,27052.72165897433,27161.442586783833,24989.096025579838,211.37324467439907,56.54624851849514,1128.9427369094362,0.001752754172381676,3.666569000891485,8324.987283700537
2024-10-12 17:34:58.567194,1.0,1.0,1.0,1.0,1.0,1.0,1.0,290412.0,0.041587310697157,0.03608791569074071,0.04437493143949452,0.031763702384431956,0.033168129149298335,0.03443103291031149,7.948062072197598e-05,0.00032746015737454104,-0.00040694077809651707,-0.0,0.0,0.0,0.0,1.0,0.0,0.0,213.9185067123052,213.22354545603923,212.57168636806978,146.37912190726675,145.15672588202426,143.7980301836141,27685.96670409582,27141.403838546023,26870.668511447435,24965.272404529962,211.098936139207,56.56571882534885,1129.3320321225444,0.0017522489111765581,3.691464498132942,8036.9663260832385
2024-10-12 17:34:58.571194,1.0,1.0,1.0,1.0,1.0,1.0,1.0,290413.0,0.04152463197171362,0.03608791569074071,0.04425738174574523,0.03197678183797181,0.033430331878977426,0.03448733880714076,7.312217106421791e-05,0.0003306393822034201,-0.00040376155326763796,-0.0,0.0,0.0,0.0,1.0,0.0,0.0,213.09167791454374,213.9595015341834,212.4083047567604,145.83657364898446,145.15558074928882,144.35073583231318,27419.230602329353,27272.128568871627,26987.318676635376,24960.403213071015,211.11490527563683,56.55046867429895,1129.0263606182777,0.0017533124960664103,3.716353257015905,8532.559688680007
2024-10-12 17:34:58.652609,1.0,1.0,1.0,1.0,1.0,1.0,1.0,290414.0,0.04127296521748623,0.03608791569074071,0.04390284427203976,0.03197678183797181,0.03305092691301418,0.034204882463775475,8.90182952086131e-05,0.0003656108553210895,-0.0003815069794654847,-0.0,0.0,0.0,0.0,1.0,0.0,0.0,213.04489171852995,213.1041181416558,213.05219067707174,146.3918277263024,144.66225486718875,144.37359957588342,27557.747306007856,27015.561365619462,27119.662289102253,24966.66857561524,211.32381877852552,56.50885018796285,1128.1933307794395,0.0017551878804996236,3.741223652218865,8917.990514228524
2024-10-12 17:34:58.656608,1.0,1.0,1.0,1.0,1.0,1.0,1.0,290415.0,0.04089256110871732,0.0373645014732293,0.04282162331969714,0.03203740138402003,0.032933307582966455,0.03443103291031149,0.00011763131866852446,0.0003910446539521218,-0.00035289395600557344,-0.0,0.0,0.0,0.0,1.0,0.0,0.0,213.73422345920054,212.98983822655458,212.26074549220576,146.47471639796532,145.2807423395814,143.95578531539826,27709.024303635637,27166.273024953465,26899.84897111313,24995.043166573374,211.6921892516802,56.47481018830902,1127.5100947704557,0.0017584025418611534,3.7660789858635826,8825.24762356864
2024-10-12 17:34:58.739050,1.0,1.0,1.0,1.0,1.0,1.0,1.0,290416.0,0.041019754451988084,0.0373645014732293,0.04282162331969714,0.032368779656366614,0.03296275176192149,0.03414811083549323,0.00013352744281291964,0.00038468620429436373,-0.00035607318083445244,-0.0,0.0,0.0,0.0,1.0,0.0,0.0,212.8193522913654,213.71174168732222,212.24737440366604,145.9264571040213,145.39050922317742,144.62966547125944,27440.440834575507,27339.82289233026,27069.49115985461,25020.884997378318,211.8016163762892,56.504159198613536,1128.0926735115522,0.001761384019291166,3.790947162132993,7927.399516538653
2024-10-12 17:34:58.821940,1.0,1.0,1.0,1.0,1.0,1.0,1.0,290417.0,0.04044423444177086,0.03798670986099516,0.042943103346232976,0.03173314566510837,0.032667115729434024,0.03426156002122874,0.00010491441935300831,0.00037196930497884756,-0.0003497147311766943,-0.0,0.0,0.0,0.0,1.0,0.0,0.0,212.70231722306767,212.7388657837899,213.03626185752051,146.41334233240906,144.72776067758454,144.687990457058,27558.292685023025,27048.299663805465,27222.89364746637,25016.114276682416,211.85745719867452,56.47857058309692,1127.5802976391005,0.0017627163739106014,3.815804043360948,8709.769921869374
2024-10-12 17:34:58.824938,1.0,1.0,1.0,1.0,1.0,1.0,1.0,290418.0,0.04037978143756249,0.037711440220720746,0.04251640472283598,0.03157991857152382,0.03260766687993288,0.03411968959808029,9.53767448663712e-05,0.00037196930497884756,-0.00036879008014996856,-0.0,0.0,0.0,0.0,1.0,0.0,0.0,213.39945793030412,212.68235574077536,212.01515695687476,146.3909162317435,145.14828373387715,144.09833607874515,27673.70406945541,27160.515111300614,26925.034337765122,24995.303018027626,211.64609954262033,56.487976125464094,1127.7673544645986,0.0017633558336897942,3.840665048152701,8335.19477656492
2024-10-12 17:34:58.907379,1.0,1.0,1.0,1.0,1.0,1.0,1.0,290419.0,0.04076497090344803,0.037780445658522906,0.04227064309912445,0.03179422973639322,0.032308781866774994,0.03360399710929144,0.00010809364418188733,0.0003338186070322991,-0.0003306393822034201,-0.0,0.0,0.0,0.0,1.0,0.0,0.0,212.41844357901178,213.40121473759422,211.87009829874688,145.87886245897485,145.16200285539315,144.64773427793216,27389.86319120721,27277.01243676883,27045.674583195512,24982.251155469086,211.4169230066989,56.519757326954924,1128.4003298534815,0.0017647074049498123,3.865540006535249,7876.146384318424
2024-10-12 17:34:58.910379,1.0,1.0,1.0,1.0,1.0,1.0,1.0,290420.0,0.04108320345271294,0.03764230828317236,0.042455097690623465,0.03203740138402003,0.03233879467572394,0.03389146168814632,0.00011445209383964543,0.0003306393822034201,-0.00031156403323014586,-0.0,0.0,0.0,0.0,1.0,0.0,0.0,212.46519669243463,212.3382185336089,212.51816012706448,146.57301939288624,144.74594778892896,144.6496392983441,27575.736868755892,26999.8205208125,27161.106883266544,24992.2730451455,211.69199272679742,56.469117768598366,1127.386183010896,0.001767490302620963,3.890392608614067,9062.564244111572
2024-10-12 17:34:58.992555,1.0,1.0,1.0,1.0,1.0,1.0,1.0,290421.0,0.04139898983206046,0.03764230828317236,0.0420853800755884,0.03182472780550264,0.03233879467572394,0.034005767111097776,0.00010173519452412927,0.00036243163049221044,-0.00031156403323014586,-0.0,0.0,0.0,0.0,1.0,0.0,0.0,213.08291806584296,212.36998437624652,211.5325065799974,146.56953754461776,145.42985002593332,144.26315707342408,27684.012351380657,27187.371678157808,26917.993020030364,25011.58296899965,211.91055092168446,56.45464710785802,1127.0935911654085,0.0017707585594611615,3.915238760668202,8554.354577656935
2024-10-12 17:34:58.995555,1.0,1.0,1.0,1.0,1.0,1.0,1.0,290422.0,0.04202344423617756,0.03825999906698716,0.04220897910845451,0.0316106234096681,0.03224867245309928,0.03411968959808029,8.90182952086131e-05,0.0003656108553210895,-0.0003401770566900572,-0.0,0.0,0.0,0.0,1.0,0.0,0.0,212.06617067972422,212.95597743676504,211.7003482764091,146.0381159696532,145.4443788719494,144.9612051726589,27400.99680005994,27303.92785298261,27109.43619196604,25021.333136583504,212.08006592147785,56.43163607632135,1126.6317277298647,0.001772936189424108,3.9400747311994917,8681.99664099038
2024-10-12 17:34:59.076499,1.0,1.0,1.0,1.0,1.0,1.0,1.0,290423.0,0.04227064309912444,0.038123599349151736,0.041774782619765874,0.03148762440853117,0.03191604715477278,0.03417650843776925,8.90182952086131e-05,0.0003433562815189362,-0.000321101707716783,-0.0,0.0,0.0,0.0,1.0,0.0,0.0,212.08500135625755,211.9714001345115,212.30230030916886,146.6713200100478,144.9354719842927,144.9806623817192,27562.88055744585,27036.450470848158,27220.486884276983,25025.249923586423,212.0012345130838,56.46158871129363,1127.2270852374818,0.0017752679601713596,3.9649238260562822,7925.748148534605
2024-10-12 17:34:59.160302,1.0,1.0,1.0,1.0,1.0,1.0,1.0,290424.0,0.04227064309912445,0.038055216156251626,0.04189929789626443,0.03145679951185349,0.032097906445255474,0.03411968959808029,8.265984555085502e-05,0.000324280932545662,-0.00032746015737454104,-0.0,0.0,0.0,0.0,1.0,0.0,0.0,212.59923269173763,212.0174384111865,211.2750556358763,146.6459499070784,145.50519581342644,144.49965379140576,27651.88425263215,27188.49857578247,26943.04193502976,25015.970604707814,211.847198496106,56.48180306857131,1127.6284245186228,0.001777242176888585,3.9897817682145593,8057.613307755596
2024-10-12 17:34:59.163833,1.0,1.0,1.0,1.0,1.0,1.0,1.0,290425.0,0.0420853800755884,0.03701431097784902,0.0423322172659213,0.03139505892336215,0.03194642892952922,0.03389146168814632,7.948062072197598e-05,0.0002988471339146297,-0.00032746015737454104,-0.0,0.0,0.0,0.0,1.0,0.0,0.0,211.65069500337052,212.56075486895278,211.21889131846896,146.23891396566913,145.5065237525053,145.13639141545002,27392.02974709743,27272.70842435755,27085.633360555126,25007.612216267124,211.66376724440045,56.51197739341953,1128.2285535101116,0.001779263840193653,4.014652939883049,7909.413854352209
2024-10-12 17:34:59.245424,1.0,1.0,1.0,1.0,1.0,1.0,1.0,290426.0,0.04269979768643891,0.03764230828317236,0.04282162331969714,0.031084516582433108,0.03191604715477278,0.03457162570793951,4.450914760430655e-05,0.0003179224828879039,-0.00036243163049221044,-0.0,0.0,0.0,0.0,1.0,0.0,0.0,211.70123166400896,211.56315762007964,211.75707173148288,146.94364746144174,145.1545077463994,145.1275498437132,27577.22048230309,27018.739528854287,27183.744337889613,25019.548805906787,211.95719945748678,56.46085948046761,1127.2044195472618,0.0017824472392123552,4.0395015350872905,9080.579761195404
2024-10-12 17:34:59.248422,1.0,1.0,1.0,1.0,1.0,1.0,1.0,290427.0,0.04342562526999594,0.037711440220720746,0.043003714672582107,0.03148762440853117,0.03212811624624381,0.03496227794613525,7.630139589309694e-05,0.000324280932545662,-0.00038468620429436373,-0.0,0.0,0.0,0.0,1.0,0.0,0.0,212.31193997100942,211.62736980963956,210.77900818060775,146.8479493014844,145.93361492564216,144.6883573332997,27663.065006861696,27218.98334458182,26910.351813504756,25025.40050116364,211.9335768008131,56.48048120515919,1127.5937261299428,0.0017845970238093258,4.0643587123388665,8069.681511237512
2024-10-12 17:34:59.330794,1.0,1.0,1.0,1.0,1.0,1.0,1.0,290428.0,0.04330549882888886,0.038055216156251626,0.043425625269995945,0.03120910432259612,0.032308781866774994,0.03534861318744721,6.040527174870174e-05,0.00032746015737454104,-0.00035925240566333144,-0.0,0.0,0.0,0.0,1.0,0.0,0.0,211.23244081504987,212.20612342145517,210.97484679987977,146.31951260743867,145.89177838367243,145.3573033473679,27370.21015721868,27314.945676094532,27102.826050437896,25025.709639873756,211.91660456610506,56.485801951665906,1127.697964505456,0.0017863555602778,4.08921818746752,8346.265690322585
2024-10-12 17:34:59.414743,1.0,1.0,1.0,1.0,1.0,1.0,1.0,290429.0,0.043124681760125134,0.03825999906698716,0.04425738174574523,0.031364143052817484,0.03227874115189541,0.03586626975568591,1.907534897327423e-05,0.0003433562815189362,-0.00042283690224091225,-0.0,0.0,0.0,0.0,1.0,0.0,0.0,211.3323338303811,211.1270213383982,211.61168847011163,146.89670826599743,145.34855432040706,145.29055804011008,27533.40888498484,27022.544560601895,27186.16530445937,25012.600624905255,211.6893084434643,56.51688887406812,1128.3174549460837,0.0017873617740890627,4.114091318918776,7896.7969398580835
2024-10-12 17:34:59.417743,1.0,1.0,1.0,1.0,1.0,1.0,1.0,290430.0,0.04312468176012514,0.03819186010094626,0.04443358966925187,0.03130221970899244,0.03221857569203676,0.03559475737450401,4.450914760430654e-05,0.0003338186070322991,-0.00042601612706979125,-0.0,0.0,0.0,0.0,1.0,0.0,0.0,211.8986148638096,211.32846573273014,210.4501580668905,146.7776761722362,145.98139959186196,144.9400212410963,27586.990750003133,27216.048696238504,26904.03708365111,25003.220892469242,211.49377808578748,56.54801589162741,1128.9370971398182,0.001788940479014557,4.1389781100379475,7889.2248159984565
2024-10-12 17:34:59.499560,1.0,1.0,1.0,1.0,1.0,1.0,1.0,290431.0,0.04263875434188018,0.037918079796158174,0.04437493143949452,0.031364143052817484,0.03251828982682399,0.03548557074494756,4.450914760430654e-05,0.00032746015737454104,-0.00041329922775427513,-0.0,0.0,0.0,0.0,1.0,0.0,0.0,210.82585816012954,211.85420729219206,210.62460480957157,146.39967870435112,145.9266691220403,145.60236106696436,27321.80961358929,27271.493699747047,27089.443726610953,24997.20766834402,211.57023594831648,56.514082195273296,1128.2577096194536,0.0017906459836143317,4.163849924436669,8818.089846456325
2024-10-12 17:34:59.503557,1.0,1.0,1.0,1.0,1.0,1.0,1.0,290432.0,0.041649895097796784,0.037503662109375,0.04484204885310999,0.03145679951185349,0.032398736885968185,0.03518356039534762,4.768837243318558e-05,0.000324280932545662,-0.0003560731808344524,-0.0,0.0,0.0,0.0,1.0,0.0,0.0,211.11275814142115,210.78510706827538,211.0409036371493,147.13891730544725,145.6590534155506,145.53055735772756,27543.318352548158,27028.28231494991,27139.895873613706,25008.626963852625,211.78376308782285,56.483059720019405,1127.63505847836,0.0017935784039246638,4.188708012836903,8785.734024448866
2024-10-12 17:34:59.583725,1.0,1.0,1.0,1.0,1.0,1.0,1.0,290433.0,0.041712385598201944,0.0378493252884673,0.04501596824740669,0.0313331966781849,0.03218845078999174,0.034878935091133,6.676372140645981e-05,0.0003497147311766943,-0.0003433562815189363,-0.0,0.0,0.0,0.0,1.0,0.0,0.0,211.56134299720054,211.0734197831815,210.1063102025983,147.04303834923618,146.54130028066436,145.16211660628562,27601.338816054053,27270.11947195501,26893.442063134404,25027.190370448752,212.08023350070206,56.44610953894121,1126.8945700624995,0.0017960677298104358,4.213549777581392,8881.812186023208
2024-10-12 17:34:59.667628,1.0,1.0,1.0,1.0,1.0,1.0,1.0,290434.0,0.04189929789626443,0.037503662109375,0.045131542168673384,0.03130221970899244,0.032308781866774994,0.034515457310635475,6.676372140645981e-05,0.00035925240566333144,-0.0003306393822034201,-0.0,0.0,0.0,0.0,1.0,0.0,0.0,210.5731179922156,211.5120823654969,210.48383982443443,146.60178701003895,146.432191852522,145.90254029061236,27338.875887236074,27328.776514314566,27119.346294121136,25035.40630454044,212.0734850524442,56.46652626705757,1127.3003783654344,0.0017976552746622623,4.23840048814447,8063.434201116462
2024-10-12 17:34:59.670628,1.0,1.0,1.0,1.0,1.0,1.0,1.0,290435.0,0.042023444236177564,0.03757304914762413,0.044550674429986614,0.031549183850304155,0.032308781866774994,0.03462770299655218,8.583907037973404e-05,0.0003656108553210895,-0.00035607318083445244,-0.0,0.0,0.0,0.0,1.0,0.0,0.0,210.81581710804576,210.54936436850105,210.94234828845617,147.2037209493312,145.8748552379853,145.61768102609508,27520.44548189856,27040.159687044285,27135.180228855705,25006.924579836163,211.85071324301072,56.46156466222748,1127.2019614609767,0.001797091344982182,4.263249029161566,8343.12439398375
2024-10-12 17:34:59.752530,1.0,1.0,1.0,1.0,1.0,1.0,1.0,290436.0,0.041336025552530284,0.03715478325109878,0.044316195568033935,0.03203740138402003,0.032308781866774994,0.03394866250806731,8.265984555085502e-05,0.0003560731808344524,-0.00033699783186117815,-0.0,0.0,0.0,0.0,1.0,0.0,0.0,211.28819726832677,210.8196733969911,209.93891955982363,146.89482155135605,146.4480655844683,145.1511624545773,27524.750206252247,27216.55719173124,26841.886898669738,24971.302407093113,211.4134993840841,56.49767339665804,1127.9240611720215,0.0017960091443864595,4.2881134884656245,7812.375027646268
2024-10-12 17:34:59.756527,1.0,1.0,1.0,1.0,1.0,1.0,1.0,290437.0,0.04114655461363214,0.03757304914762413,0.04478392562861249,0.031763702384431956,0.03224867245309928,0.03363285413230715,5.722604691982271e-05,0.00037196930497884756,-0.0003401770566900572,-0.0,0.0,0.0,0.0,1.0,0.0,0.0,210.2956049064819,211.34213265704815,210.15959731061855,146.5590195805382,146.31427202994195,145.84547975040127,27272.403763184968,27256.081616355023,27042.02035053214,24968.403421757037,211.52818518431445,56.46055607260203,1127.1816535151459,0.001797244021370381,4.312961581805336,8860.592588167001
2024-10-12 17:34:59.837538,1.0,1.0,1.0,1.0,1.0,1.0,1.0,290438.0,0.04152463197171362,0.03757304914762413,0.044725726870264354,0.03194642892952922,0.03212811624624381,0.033661686417184034,4.7688372433185584e-05,0.0003656108553210895,-0.00036243163049221044,-0.0,0.0,0.0,0.0,1.0,0.0,0.0,210.6740185906559,210.32700534799744,210.63572338229176,147.27453672861407,146.14420819131544,145.68775174543836,27505.707037859476,27029.557263260995,27070.122462603842,24980.613488936244,211.82589717284932,56.40887796575982,1126.147889742126,0.0017990692655705145,4.337786886396985,9081.145619052522
2024-10-12 17:34:59.841535,1.0,1.0,1.0,1.0,1.0,1.0,1.0,290439.0,0.04114655461363214,0.0373645014732293,0.04372449751876115,0.03182472780550264,0.03227874115189541,0.033546208593426816,6.040527174870174e-05,0.0003846862042943638,-0.000321101707716783,-0.0,0.0,0.0,0.0,1.0,0.0,0.0,211.17273210812544,210.72183567076962,209.6510915644743,147.03117901633837,146.98836968747182,145.38074739603073,27528.878868162737,27292.75353772627,26822.421485286683,24993.742910824134,212.0949129506327,56.36702443490737,1125.3106475641603,0.0018005572888908261,4.362593734449955,8950.459956010072
2024-10-12 17:34:59.923668,1.0,1.0,1.0,1.0,1.0,1.0,1.0,290440.0,0.04127296521748623,0.03764230828317236,0.04312468176012514,0.03167194378429309,0.03233879467572394,0.03360399710929144,1.9075348973274228e-05,0.0004228369022409122,-0.0003274601573745411,-0.0,0.0,0.0,0.0,1.0,0.0,0.0,210.08003674520853,211.22580328219618,210.20741818866765,146.7400928880155,146.77344348094672,146.1450878362094,27276.44079175116,27319.734458717863,27094.08209643218,25009.05016330264,212.31677986836735,56.34268124712438,1124.8231886308313,0.0018018634068465954,4.38738983674155,8708.533155681855
2024-10-12 17:35:00.006951,1.0,1.0,1.0,1.0,1.0,1.0,1.0,290441.0,0.041712385598201944,0.038055216156251626,0.042882406350036345,0.03182472780550264,0.03224867245309928,0.0337192770263005,2.8613023459911346e-05,0.0004387330263853075,-0.0003401770566900572,-0.0,0.0,0.0,0.0,1.0,0.0,0.0,210.5735490134704,210.1929788999512,210.65015576144523,147.3922600870503,146.35905351316165,145.81169139589406,27513.93775391312,27057.26414139401,27081.70106677788,24997.318714850542,211.98575074846457,56.40417619313507,1126.0512058377087,0.0018015669779784397,4.412213009990238,7476.008777896927
2024-10-12 17:35:00.009953,1.0,1.0,1.0,1.0,1.0,1.0,1.0,290442.0,0.04220897910845451,0.03880080326089556,0.04269979768643891,0.03185519667586617,0.03245856839932655,0.03406277598114669,2.5433798631032307e-05,0.00047688372433185594,-0.0003878654291232428,-0.0,0.0,0.0,0.0,1.0,0.0,0.0,210.93842582518036,210.7496414412883,209.62697273598178,147.0702143956937,146.95918866447616,145.40838605959252,27486.64440688942,27272.76380674003,26810.17460748589,24970.378266885953,211.54244479721726,56.46138272754943,1127.194819704082,0.0018001993120819934,4.437061393571271,7518.593312320427
2024-10-12 17:35:00.091283,1.0,1.0,1.0,1.0,1.0,1.0,1.0,290443.0,0.04146185849368854,0.03900167157440239,0.04300371467258211,0.03173314566510837,0.032368779656366614,0.034204882463775475,1.5896124144395188e-05,0.0004609876001874607,-0.00039422387878100085,-0.0,0.0,0.0,0.0,1.0,0.0,0.0,210.0316812363752,211.0843655498437,210.07606315733844,146.78646073780803,146.67262995152612,146.01768088026338,27264.447278528274,27244.377964317428,27021.43953994549,24958.03199070146,211.4118800459844,56.46830827017513,1127.3332871270427,0.001800016981855837,4.461912829589716,8325.18163243043
2024-10-12 17:35:00.095280,1.0,1.0,1.0,1.0,1.0,1.0,1.0,290444.0,0.04183708658073959,0.03940033615860651,0.04294310334623297,0.031641298451732976,0.032308781866774994,0.03445919735911931,1.589612414439519e-05,0.00046416682501633976,-0.0004164784525831542,-0.0,0.0,0.0,0.0,1.0,0.0,0.0,210.59227767978615,210.18409087008322,210.37485916289324,147.5595286235376,146.50682789223836,145.64807014882948,27531.775582380185,27031.91163389967,26988.88696956341,24965.473578145604,211.69073924618502,56.41078193380357,1126.1839438250968,0.0018008036596258085,4.486738928973594,9158.650968388103
2024-10-12 17:35:00.177062,1.0,1.0,1.0,1.0,1.0,1.0,1.0,290445.0,0.04127296521748623,0.03953233095432663,0.0440804694516948,0.03139505892336215,0.032308781866774994,0.03434640099311143,1.9075348973274228e-05,0.0004609876001874607,-0.0004132992277542751,-0.0,0.0,0.0,0.0,1.0,0.0,0.0,210.94224324313024,210.72606417365404,209.5623688358684,147.2001992485715,147.30967734878814,145.430713588836,27512.178433108485,27310.809069378993,26790.164949530546,24984.903664387966,212.00606057754325,56.37077309374072,1125.3841262922917,0.0018017631043879445,4.511547396824304,8919.993295087554
2024-10-12 17:35:00.260487,1.0,1.0,1.0,1.0,1.0,1.0,1.0,290446.0,0.04152463197171362,0.03979500713939933,0.0440804694516948,0.0313331966781849,0.032097906445255474,0.03473958601181881,2.8613023459911357e-05,0.00046416682501633976,-0.00042919535189867025,-0.0,0.0,0.0,0.0,1.0,0.0,0.0,210.04265047020698,211.11807060111065,210.13473948645515,146.96128432157735,146.9859652771116,146.14275667657776,27293.76943537198,27301.80290540971,27049.186330937504,24994.870382899753,212.127878305446,56.36089530209612,1125.186525738493,0.0018021185544881118,4.536351508680584,8352.784577625767
2024-10-12 17:35:00.264485,1.0,1.0,1.0,1.0,1.0,1.0,1.0,290447.0,0.04082881584609786,0.03893483061427055,0.0440804694516948,0.03127121205432006,0.03170255949350469,0.034823262373934814,5.086759726206463e-05,0.0004482707008719446,-0.0004419122512141864,-0.0,0.0,0.0,0.0,1.0,0.0,0.0,210.58428283170403,210.21722175741428,210.57728443093873,147.74150482225212,146.6769198388296,145.83623680827975,27559.487396411125,27069.27174191982,27044.73009060542,25003.75511737912,212.160617552785,56.37223880628259,1125.4127939555265,0.0018022897556968928,4.561160608494003,8354.328057259778
2024-10-12 17:35:00.345803,1.0,1.0,1.0,1.0,1.0,1.0,1.0,290448.0,0.04057283328598263,0.0387336156723732,0.044667452282818626,0.03188563643118791,0.03167194378429309,0.0350730936850165,8.265984555085501e-05,0.00046416682501633976,-0.0004578083753585817,-0.0,0.0,0.0,0.0,1.0,0.0,0.0,210.9654166910628,210.81553881454207,209.57355073972317,147.41748748421392,147.20811633223414,145.54351227826504,27531.89415610772,27294.258981401832,26810.289320944812,24991.67666816675,211.88693631550007,56.41774301185634,1126.3220697959073,0.001801552430759434,4.58598975278817,7697.688332055813
2024-10-12 17:35:00.349745,1.0,1.0,1.0,1.0,1.0,1.0,1.0,290449.0,0.04108320345271294,0.03900167157440239,0.04524682088052109,0.03173314566510837,0.03145679951185349,0.0352936813544323,0.00010173519452412925,0.0004609876001874607,-0.0004482707008719446,-0.0,0.0,0.0,0.0,1.0,0.0,0.0,210.02262950568564,211.19450566165077,210.13622036912273,147.26987390861856,146.88519296355838,146.1813286847166,27331.890148062153,27255.508758246222,27058.42197819069,24994.645663939915,211.87420607393065,56.427848648728336,1126.5235580941937,0.001801783099185162,4.6108233387799356,8343.503298351792
2024-10-12 17:35:00.430523,1.0,1.0,1.0,1.0,1.0,1.0,1.0,290450.0,0.04095620715673985,0.03933417265909615,0.04553374081900146,0.03197678183797181,0.031549183850304155,0.03537604711721689,0.0001208105434974035,0.00044509147604306553,-0.0004514499257008236,-0.0,0.0,0.0,0.0,1.0,0.0,0.0,210.77328807564328,210.19619462436134,210.473090947981,147.96088274003648,146.74792674333793,145.72517109819657,27620.445562195946,27040.659037721787,26995.827326362643,24997.70373742527,211.87300598560367,56.43505596594704,1126.667768907279,0.001801495875975264,4.635660103818958,8343.57887384223
2024-10-12 17:35:00.434520,1.0,1.0,1.0,1.0,1.0,1.0,1.0,290451.0,0.039795007139399326,0.03966388649582423,0.04536180663361167,0.03179422973639322,0.03130221970899244,0.03543085125095238,0.00010809364418188734,0.00042919535189867036,-0.0004450914760430655,-0.0,0.0,0.0,0.0,1.0,0.0,0.0,211.0825798640268,210.93829104733484,209.59110051226872,147.56587433670697,147.4812514908089,145.54382035694837,27572.054052483196,27338.186343573045,26806.945730171254,25016.54126552956,212.28194878286,56.36880679985917,1125.3447288287418,0.0018018894524892838,4.660467703174472,9307.486952915167
2024-10-12 17:35:00.515925,1.0,1.0,1.0,1.0,1.0,1.0,1.0,290452.0,0.03893483061427055,0.039201510653345636,0.04484204885310999,0.03151841915858901,0.03105329154533826,0.035512898874331005,0.00010173519452412927,0.00039740310360987996,-0.0004578083753585817,-0.0,0.0,0.0,0.0,1.0,0.0,0.0,210.18241552166737,211.1878762389864,210.4061131736921,147.35439371885334,146.98476769413125,146.21328331534178,27372.412158225543,27270.55644014785,27100.25071343576,25024.221610323726,212.34703769455768,56.36880679985917,1125.3451735094652,0.0018014950138372846,4.685275312332725,8361.942377267722
2024-10-12 17:35:00.599171,1.0,1.0,1.0,1.0,1.0,1.0,1.0,290453.0,0.039729500910396995,0.038666311337125336,0.04425738174574523,0.03142594437984583,0.031178004061435775,0.03559475737450401,0.00010491441935300828,0.0004164784525831542,-0.00043873302638530737,-0.0,0.0,0.0,0.0,1.0,0.0,0.0,210.92219442613413,210.38999190758992,210.61423673204223,147.9244123425025,146.67722035141523,145.73856697480625,27616.944670507986,27066.028146146236,27013.72276534836,25008.049798238248,212.12165671346023,56.392116983195386,1125.812838956202,0.0017994542644234378,4.710093230915938,8020.144460096643
2024-10-12 17:35:00.603171,1.0,1.0,1.0,1.0,1.0,1.0,1.0,290454.0,0.038666311337125336,0.03832801689680105,0.04390284427203976,0.0316106234096681,0.031115710284795706,0.03578503234728569,9.219752003749214e-05,0.00040376155326763796,-0.0004419122512141865,-0.0,0.0,0.0,0.0,1.0,0.0,0.0,211.11257247376304,211.16777279676708,209.75747915900544,147.5705275386188,147.32678900273487,145.5858608259076,27556.231154581114,27330.7160296316,26829.618735979744,25013.83994797593,212.09736455706852,56.41162166884297,1126.202472645635,0.0017992398296409128,4.7349197387573705,8074.956593858867
2024-10-12 17:35:00.684766,1.0,1.0,1.0,1.0,1.0,1.0,1.0,290455.0,0.03880080326089555,0.03886787470812279,0.04372449751876115,0.031641298451732976,0.03070772063827226,0.035757912197617196,6.040527174870174e-05,0.000403761553267638,-0.00048642139881849294,-0.0,0.0,0.0,0.0,1.0,0.0,0.0,210.32506663430527,211.3558792868885,210.40711095799034,147.50331674252655,146.90809411571226,146.18692604854644,27401.452539754497,27249.928633153788,27083.722220698604,25019.585459077032,212.15930690599268,56.408112698778126,1126.1322705074526,0.0017993719085673643,4.7597446990316685,8354.897407000071
2024-10-12 17:35:00.687707,1.0,1.0,1.0,1.0,1.0,1.0,1.0,290456.0,0.03839591423416136,0.03853134997827472,0.04372449751876115,0.03148762440853117,0.030581090322992784,0.03554020599014928,6.676372140645982e-05,0.0003910446539521219,-0.00048006294916073494,-0.0,0.0,0.0,0.0,1.0,0.0,0.0,211.0608272312866,210.55536467884207,210.6423889762624,148.1801445723102,146.89649922237837,145.68332178154694,27682.245112912133,27083.762497760774,26998.99896677642,25028.33017651389,212.2161068504035,56.412705966044534,1126.2243542342114,0.0017990318421357938,4.784571689240565,8357.31491882782
2024-10-12 17:35:00.769705,1.0,1.0,1.0,1.0,1.0,1.0,1.0,290457.0,0.03900167157440239,0.03880080326089556,0.0434855640497593,0.03167194378429309,0.030517578125,0.03554020599014928,5.4046822090943663e-05,0.0003815069794654848,-0.00048324217398961394,-0.0,0.0,0.0,0.0,1.0,0.0,0.0,211.31745763233693,211.2715539525271,209.88143846649908,147.73436074336917,147.60897443264886,145.54462406144975,27627.36392256729,27380.711497848926,26839.99141993545,25054.50851408004,212.4653944910631,56.40549011390181,1126.0795348735844,0.001799707262849847,4.809395486987111,8367.450198576567
2024-10-12 17:35:00.852950,1.0,1.0,1.0,1.0,1.0,1.0,1.0,290458.0,0.03900167157440239,0.03900167157440239,0.04276075388833108,0.03105329154533826,0.0303262434606198,0.03545822155341263,3.179224828879039e-05,0.00036879008014996856,-0.0004705252746740978,-0.0,0.0,0.0,0.0,1.0,0.0,0.0,210.46278342856186,211.48672769942172,210.7054303796895,147.58883363787385,147.02676654938784,146.134004747755,27444.75436891024,27282.3336724866,27123.335009748607,25054.292593352133,212.45905815877597,56.406625064879414,1126.1034139356914,0.0017986250370085888,4.834219811134316,8367.210061997388
2024-10-12 17:35:00.856948,1.0,1.0,1.0,1.0,1.0,1.0,1.0,290459.0,0.039532330954326636,0.03900167157440239,0.04269979768643891,0.03120910432259612,0.0303262434606198,0.03567642805328406,1.2716899315516152e-05,0.00036243163049221044,-0.0005404682209094367,-0.0,0.0,0.0,0.0,1.0,0.0,0.0,211.27294920796464,210.6364030582976,210.90057951587335,148.18877063387274,146.74339058045774,145.64503136614096,27713.66047053371,27080.397743926253,27032.361571789566,25045.532498238983,212.32992543063125,56.42110924837171,1126.394301145945,0.001797096732503379,4.859050547728467,8154.913940387587
2024-10-12 17:35:00.937695,1.0,1.0,1.0,1.0,1.0,1.0,1.0,290460.0,0.04025056580563931,0.03913501101148131,0.04384347596324186,0.030990747087997286,0.03054935072925873,0.03605511189462744,-3.179224828879042e-06,0.00036879008014996856,-0.0005786189188559852,-0.0,0.0,0.0,0.0,1.0,0.0,0.0,211.4140678912557,211.5036423715485,209.9132449479732,147.63359410100162,147.2335885852429,145.4208941161355,27600.689127010777,27345.03392363617,26827.33373006159,25027.944776305416,212.24284042686128,56.404543277353625,1126.0651577887181,0.0017956955598359187,4.8838740285401645,8593.299807696041
2024-10-12 17:35:00.941642,1.0,1.0,1.0,1.0,1.0,1.0,1.0,290461.0,0.04082881584609787,0.03832801689680105,0.044667452282818626,0.030896693010431804,0.030453933471522428,0.0363231833320254,6.358449657758077e-06,0.0003528939560055733,-0.0005976942678292594,-0.0,0.0,0.0,0.0,1.0,0.0,0.0,210.55947364448718,211.6211122714104,210.71456832329946,147.52763257957025,146.64643228326958,145.89727006589035,27429.332885298943,27200.728504288327,27078.936230826625,25006.47464178669,212.02944700705586,56.4127668663404,1126.2315036109233,0.0017937727825686708,4.908701176353099,8349.63889306879
2024-10-12 17:35:01.023200,1.0,1.0,1.0,1.0,1.0,1.0,1.0,290462.0,0.04063698009803076,0.038055216156251626,0.04536180663361167,0.0316106234096681,0.03054935072925873,0.03637656055895736,2.861302345991135e-05,0.0003401770566900572,-0.0006263072912891707,-0.0,0.0,0.0,0.0,1.0,0.0,0.0,211.4491475884943,210.77281094382764,210.77728101070633,148.12327626434322,146.63131522873766,145.36328370541068,27720.588106648836,27055.18321601954,26962.95355576734,25015.670418892598,212.2434588164717,56.37661201565733,1125.509626763247,0.0017938409897155824,4.933512410791969,8874.029731241964
2024-10-12 17:35:01.106002,1.0,1.0,1.0,1.0,1.0,1.0,1.0,290463.0,0.04070102581168387,0.0378493252884673,0.04553374081900147,0.03145679951185349,0.030517578125,0.036562767204438566,4.132992277542751e-05,0.00029566790908575063,-0.0006612787644068402,-0.0,0.0,0.0,0.0,1.0,0.0,0.0,211.44375555323955,211.59670475986593,210.12006816960962,147.5729233095537,147.24882021449136,145.3876910321042,27593.49156003531,27345.181558195283,26858.36334983461,25033.96965703229,212.58394254324696,56.327513250174654,1124.528965395023,0.0017942382788076708,4.958302027095788,9073.032227871212
2024-10-12 17:35:01.110006,1.0,1.0,1.0,1.0,1.0,1.0,1.0,290464.0,0.04057283328598263,0.037918079796158174,0.04615868726430257,0.031364143052817484,0.030358216314476834,0.0363231833320254,5.4046822090943663e-05,0.00025433798631032317,-0.0006739956637223563,-0.0,0.0,0.0,0.0,1.0,0.0,0.0,210.72164950638262,211.56511654367216,211.04343404185065,147.43295678058698,146.5154409276804,145.97153324047343,27433.739831306393,27186.88268843735,27144.395652307005,25022.563555892586,212.3743267457392,56.357317679785496,1125.1260186979216,0.0017924335125984853,4.983104805107973,7937.991922531267
2024-10-12 17:35:01.192283,1.0,1.0,1.0,1.0,1.0,1.0,1.0,290465.0,0.04076497090344803,0.038055216156251626,0.04553374081900146,0.03188563643118791,0.03070772063827226,0.036774420302109805,8.90182952086131e-05,0.0002638756607969603,-0.0006167696168025336,-0.0,0.0,0.0,0.0,1.0,0.0,0.0,211.5549022290298,210.82553374396795,211.01551448523523,147.93000588575416,146.30562688752752,145.37261128171423,27687.390361018344,27024.90757004601,27002.15816495319,25005.65281635303,212.1919544097435,56.36754419776524,1125.3319934866338,0.0017908270596175256,5.0079121237199455,8355.547815513683
2024-10-12 17:35:01.196224,1.0,1.0,1.0,1.0,1.0,1.0,1.0,290466.0,0.04114655461363215,0.03764230828317236,0.045246820880521094,0.03212811624624381,0.030833830904597324,0.036774420302109805,9.219752003749215e-05,0.00025751721113920217,-0.0006199488416314126,-0.0,0.0,0.0,0.0,1.0,0.0,0.0,211.5442114701941,211.64275011993013,210.18364224837833,147.36034275525037,146.75039408231387,145.30769458973973,27548.487702782542,27271.481002120727,26851.445185950728,24991.6847387882,212.0834290995699,56.36483618021602,1125.2789091329792,0.0017899586054768582,5.032718272116832,8351.03523406441
2024-10-12 17:35:01.277166,1.0,1.0,1.0,1.0,1.0,1.0,1.0,290467.0,0.04101975445198809,0.037711440220720746,0.044958069872003174,0.03221857569203676,0.030833830904597324,0.03685347683255371,0.00010173519452412925,0.0002511587614814441,-0.0006104111671447755,-0.0,0.0,0.0,0.0,1.0,0.0,0.0,210.80743880408588,211.67407081083738,210.88771008326262,147.25802244760382,146.10048144338748,145.7626598204594,27393.233233535055,27115.642281930268,27085.830306224427,24966.486310222394,211.73607282973325,56.40027654416053,1125.9884973223252,0.0017881415522015241,5.057540062991138,7832.748376654972
2024-10-12 17:35:01.281166,1.0,1.0,1.0,1.0,1.0,1.0,1.0,290468.0,0.04139898983206046,0.037780445658522906,0.044958069872003174,0.03221857569203676,0.031022035078891817,0.03695862248654165,8.90182952086131e-05,0.0002511587614814441,-0.0006358449657758078,-0.0,0.0,0.0,0.0,1.0,0.0,0.0,211.65398834418113,210.88365666878633,210.90806902257296,147.77800980705675,146.12115861220207,145.13575578766466,27668.185354215104,26983.506229717023,26942.993374225047,24966.090675587788,211.87803252846325,56.36156834945247,1125.2162463326115,0.001787672624671916,5.082344830021404,8894.776840824898
2024-10-12 17:35:01.362748,1.0,1.0,1.0,1.0,1.0,1.0,1.0,290469.0,0.04089256110871732,0.03798670986099516,0.044667452282818626,0.032067668184708895,0.031115710284795706,0.037011083297172835,9.537674486637117e-05,0.00024797953665256506,-0.0006231280664602917,-0.0,0.0,0.0,0.0,1.0,0.0,0.0,211.6048544912856,211.730221665348,210.19830851489266,147.0648644954248,146.59736236966634,145.07817688664213,27494.396303712114,27252.72161024491,26814.500500340127,24954.84047426216,211.85472024866695,56.342295264036295,1124.8329640859665,0.0017863500105260617,5.107141147807477,8614.930681660693
2024-10-12 17:35:01.445917,1.0,1.0,1.0,1.0,1.0,1.0,1.0,290470.0,0.04044423444177086,0.03722482060496381,0.04390284427203976,0.03203740138402003,0.03139505892336215,0.03708963538404783,0.00011763131866852446,0.00024162108699480697,-0.0006167696168025336,-0.0,0.0,0.0,0.0,1.0,0.0,0.0,210.77613971346867,211.66506829647497,211.20666677171556,146.93599812279416,145.86854781611882,145.61649389905918,27332.086392535755,27080.647962629635,27108.165900737822,24940.907211411497,211.55419674942763,56.39073533383015,1125.8019161663865,0.001784681914769471,5.1319588256038555,7641.381272503485
2024-10-12 17:35:01.449914,1.0,1.0,1.0,1.0,1.0,1.0,1.0,290471.0,0.04070102581168387,0.0373645014732293,0.04372449751876115,0.03224867245309928,0.03139505892336215,0.03653622435723464,0.00011127286901076637,0.0002638756607969603,-0.0006040527174870175,-0.0,0.0,0.0,0.0,1.0,0.0,0.0,211.72210627803835,210.86595648614804,211.10754251536497,147.45251287237843,145.71307496024207,145.03632424471263,27602.808815500295,26926.643987150535,26946.626560693403,24925.92777213207,211.39825541707776,56.39836308303505,1125.9557298406805,0.0017833246481453568,5.156779894137232,8323.426932719194
2024-10-12 17:35:01.531552,1.0,1.0,1.0,1.0,1.0,1.0,1.0,290472.0,0.04120980838596827,0.03715478325109878,0.044139519001880914,0.03203740138402003,0.03179422973639322,0.03653622435723464,0.00010809364418188733,0.0002893094594279926,-0.0005881565933426223,-0.0,0.0,0.0,0.0,1.0,0.0,0.0,211.57544937523605,211.82072730445083,210.26096864809577,146.86377013447253,146.15340295560486,144.96297926021202,27428.871295862242,27177.632290266425,26797.24925334133,24902.34152967095,211.05193649615526,56.4373695078138,1126.73614319059,0.0017818397484024482,5.181618166449344,7755.204118461612
2024-10-12 17:35:01.534552,1.0,1.0,1.0,1.0,1.0,1.0,1.0,290473.0,0.04076497090344803,0.03757304914762413,0.04443358966925187,0.03227874115189541,0.03185519667586617,0.036269727551283916,8.583907037973405e-05,0.0003179224828879039,-0.0006104111671447755,-0.0,0.0,0.0,0.0,1.0,0.0,0.0,210.9283366361601,211.62170774299526,211.0605885579998,146.93745037772706,145.5106941464099,145.39376321242005,27339.079493494934,26989.230807321976,27042.76805520725,24891.898734318893,210.94386992743256,56.44257539367923,1126.8406314549773,0.0017813471520227266,5.206458742147197,8305.501077895104
2024-10-12 17:35:01.617000,1.0,1.0,1.0,1.0,1.0,1.0,1.0,290474.0,0.04076497090344802,0.03715478325109878,0.044667452282818626,0.03242866644143693,0.03167194378429309,0.036509662213151245,6.040527174870175e-05,0.0003497147311766943,-0.0005976942678292594,-0.0,0.0,0.0,0.0,1.0,0.0,0.0,211.82817597237383,210.93849861512618,210.85378507359127,147.3575711329818,145.6101719526509,144.76927378113203,27594.36118428192,26904.433776220103,26866.59026275106,24890.04299324021,211.11517842442422,56.39255981698078,1125.8423214403072,0.001781152430238915,5.231277310655392,9025.95112455052
2024-10-12 17:35:01.699469,1.0,1.0,1.0,1.0,1.0,1.0,1.0,290475.0,0.041336025552530284,0.03715478325109878,0.044842048853109995,0.03191604715477278,0.03188563643118791,0.03618939583017402,5.404682209094367e-05,0.00038468620429436373,-0.0006294865161180497,-0.0,0.0,0.0,0.0,1.0,0.0,0.0,211.5853978960939,211.826110072341,210.29062093022756,146.67198695632925,146.0860603034241,144.9054585251344,27394.487253259314,27174.761572137257,26802.78812133669,24891.819886913232,211.23663291068408,56.36414019389259,1125.2753245400766,0.0017808125262529443,5.256083380031919,8721.235355065553
2024-10-12 17:35:01.702468,1.0,1.0,1.0,1.0,1.0,1.0,1.0,290476.0,0.04139898983206046,0.037780445658522906,0.044900096837092805,0.03191604715477278,0.03185519667586617,0.0364298595773722,4.76883724331856e-05,0.0003878654291232428,-0.0006358449657758078,-0.0,0.0,0.0,0.0,1.0,0.0,0.0,210.92819992476217,211.60799441600383,211.23415718189608,146.66285455619388,145.37685900975035,145.39753500669127,27283.198400908088,26986.251223596246,27070.84227078801,24881.064190568337,211.03018444341137,56.394835850858634,1125.889464322837,0.0017796422882088495,5.280902987778769,7871.472003806041
2024-10-12 17:35:01.784929,1.0,1.0,1.0,1.0,1.0,1.0,1.0,290477.0,0.04108320345271294,0.03722482060496381,0.045304350237362054,0.0316106234096681,0.03203740138402003,0.036028195047355945,6.0405271748701756e-05,0.00040376155326763796,-0.0006326657409469288,-0.0,0.0,0.0,0.0,1.0,0.0,0.0,211.7402356292243,210.92137079015623,211.05944726864087,147.07164888222033,145.2594968187381,144.68920843524845,27519.279201100657,26850.418972884596,26878.574158631713,24851.17964877941,210.852255704375,56.37452564854898,1125.4861095666868,0.001777756336956893,5.305713703794106,8588.480409738851
2024-10-12 17:35:01.788929,1.0,1.0,1.0,1.0,1.0,1.0,1.0,290478.0,0.04082881584609786,0.037503662109375,0.04598908955455482,0.0316106234096681,0.032067668184708895,0.03564922528298997,9.219752003749215e-05,0.00041647845258315413,-0.000645382640262445,-0.0,0.0,0.0,0.0,1.0,0.0,0.0,211.57457458274632,211.8160366781043,210.29512610898934,146.4677410852066,145.75087705797316,144.89576746552083,27333.476228450327,27116.18647622791,26786.69889900743,24847.354173473443,210.6639409487989,56.41622975349225,1126.3187866853248,0.0017776873723082073,5.3305427757139245,7701.946832796611
2024-10-12 17:35:01.869459,1.0,1.0,1.0,1.0,1.0,1.0,1.0,290479.0,0.04050858489526056,0.03687330356631608,0.04587567609077438,0.03227874115189541,0.032097906445255474,0.03589330803299428,0.00013034821798404061,0.0003974031036098799,-0.0006040527174870175,-0.0,0.0,0.0,0.0,1.0,0.0,0.0,210.9020425852289,211.57242659643643,211.1164516544199,146.63406113386003,145.23876682142108,145.42093032290677,27264.90637002363,26945.30152944281,27051.77013734833,24856.27952167991,210.75475785422415,56.412242734840966,1126.2378490602375,0.001778874176316145,5.355370063408763,8297.199475780497
2024-10-12 17:35:01.873459,1.0,1.0,1.0,1.0,1.0,1.0,1.0,290480.0,0.040572833285982636,0.037780445658522906,0.04621508152756301,0.03251828982682399,0.031549183850304155,0.03567642805328406,0.00013352744281291964,0.000400582328438759,-0.000569081244369348,-0.0,0.0,0.0,0.0,1.0,0.0,0.0,211.86773586538658,210.85651700200336,210.86901223920364,147.1668090486489,145.53608730997382,144.84808741011614,27557.455414603646,26895.951888936193,26869.240808639603,24876.183149050717,211.15379172453117,56.35080337666906,1125.0096380734149,0.001780302444452219,5.380170275874737,9192.077424139574
2024-10-12 17:35:01.954976,1.0,1.0,1.0,1.0,1.0,1.0,1.0,290481.0,0.04037978143756249,0.037780445658522906,0.04604569153235156,0.032933307582966455,0.03142594437984583,0.035757912197617196,0.00014942356695731485,0.0003974031036098799,-0.000565902019540469,-0.0,0.0,0.0,0.0,1.0,0.0,0.0,211.54161794224072,211.83893488686803,210.25982159694257,146.48476451348333,146.12853035493885,145.0864231861082,27348.195567701066,27209.78588852174,26825.378115065912,24895.92524723454,211.34508754316428,56.34454391390608,1124.8833683350547,0.0017814590407675274,5.404967704794479,8320.309823029354
2024-10-12 17:35:02.038283,1.0,1.0,1.0,1.0,1.0,1.0,1.0,290482.0,0.040185802182344105,0.038055216156251626,0.045590908124401384,0.032637404840404415,0.031115710284795706,0.03554020599014928,0.0001208105434974035,0.0003878654291232428,-0.0005500058953960738,-0.0,0.0,0.0,0.0,1.0,0.0,0.0,210.85478810874787,211.48090755182795,211.32961452224757,146.5290743552089,145.49881386457554,145.66004488830063,27260.796071694225,27018.721953687316,27124.447536494852,24902.627722320332,211.3592421631699,56.35595769815454,1125.1108560253479,0.0017817973642641316,5.429770148553971,8321.089397735648
2024-10-12 17:35:02.042284,1.0,1.0,1.0,1.0,1.0,1.0,1.0,290483.0,0.040055960801949016,0.03764230828317236,0.04547650165015325,0.03296275176192149,0.03120910432259612,0.03562200173928452,0.00011445209383964544,0.0003974031036098799,-0.0004673460498452188,-0.0,0.0,0.0,0.0,1.0,0.0,0.0,211.75789027953786,210.91206705196663,210.93856147637698,146.9731985764888,145.61426690831468,145.04992391908442,27509.123577668815,26957.325712578244,26911.508536926223,24894.38237989859,211.1057789548402,56.40492382252762,1126.0887401367277,0.001781525598853661,5.4545941492254295,7616.998620446202
2024-10-12 17:35:02.123591,1.0,1.0,1.0,1.0,1.0,1.0,1.0,290484.0,0.04044423444177086,0.037780445658522906,0.044958069872003174,0.03248844283583844,0.03142594437984583,0.03556749214080218,0.00013034821798404061,0.00039740310360987996,-0.00045462915052970265,-0.0,0.0,0.0,0.0,1.0,0.0,0.0,211.3615177180347,211.85959146820912,210.30907667237605,146.39689663756687,146.05379968460403,145.23185929042498,27301.856110908688,27203.060064926638,26850.063858167454,24887.188128520527,210.8874254637814,56.44700436852066,1126.928929480124,0.0017814567068598357,5.4794366714041916,7706.2994656406445
2024-10-12 17:35:02.127591,1.0,1.0,1.0,1.0,1.0,1.0,1.0,290485.0,0.03900167157440239,0.03743414645719283,0.044900096837092805,0.032667115729434024,0.03130221970899244,0.03600125807533038,0.00010809364418188734,0.00037832775463660567,-0.0004419122512141865,-0.0,0.0,0.0,0.0,1.0,0.0,0.0,210.87170691409094,211.43331001316727,211.17116463583014,146.7907671687262,145.55415876095884,145.72831493366718,27307.17033554838,26999.872253274563,27110.903037730593,24908.076913340657,211.08697963561718,56.44107803096793,1126.8085517679335,0.0017832834893058216,5.504276539923165,8311.360248295414
2024-10-12 17:35:02.208607,1.0,1.0,1.0,1.0,1.0,1.0,1.0,290486.0,0.03966388649582423,0.037711440220720746,0.044667452282818626,0.03245856839932655,0.0316106234096681,0.036135742137466224,0.0001144520938396454,0.00037196930497884756,-0.0004419122512141865,-0.0,0.0,0.0,0.0,1.0,0.0,0.0,211.77817983336877,210.89987909032948,210.78180272288634,147.24798634483048,145.97007792215118,145.191469705989,27570.59600175186,27005.560505159647,26916.45270200574,24932.66988880427,211.42696316790855,56.40606183055769,1126.1073605253284,0.0017851592723091357,5.529100951070745,8825.938036978601
2024-10-12 17:35:02.292544,1.0,1.0,1.0,1.0,1.0,1.0,1.0,290487.0,0.040185802182344105,0.03825999906698716,0.044198489661446745,0.03296275176192149,0.03170255949350469,0.0361625789344349,0.00011763131866852446,0.0003560731808344524,-0.0004323745767275493,-0.0,0.0,0.0,0.0,1.0,0.0,0.0,211.4217955577871,211.7964533862967,210.33865501682084,146.63104665983386,146.5338268965636,145.6155480955369,27365.812042479618,27303.724168761255,26928.945071877304,24966.904044770956,211.66796526706145,56.41930842049634,1126.3696480701276,0.0017870835324406544,5.5539311442015356,8148.05845423471
2024-10-12 17:35:02.296544,1.0,1.0,1.0,1.0,1.0,1.0,1.0,290488.0,0.04076497090344803,0.038055216156251626,0.0440213406934204,0.03299216966314644,0.032097906445255474,0.03610888539489512,0.00010809364418188733,0.00034653550634781527,-0.0004005823284387589,-0.0,0.0,0.0,0.0,1.0,0.0,0.0,210.83892970646295,211.4333491221454,211.3255845979239,146.8446835679288,145.88318660215378,146.00686559031587,27325.168262965206,27091.1705630499,27187.371764124036,24968.43222591014,211.67342300136698,56.42129983077252,1126.4095474044213,0.0017869574230626201,5.5787622168909845,8335.142295013113
2024-10-12 17:35:02.377910,1.0,1.0,1.0,1.0,1.0,1.0,1.0,290489.0,0.041524631971713626,0.03825999906698716,0.04443358966925188,0.03257790177388484,0.03212811624624381,0.03618939583017402,7.948062072197598e-05,0.0003560731808344524,-0.0004387330263853075,-0.0,0.0,0.0,0.0,1.0,0.0,0.0,211.7414970063319,210.9064143013979,210.91293223759106,147.1711718254535,146.06529208944823,145.2886990629653,27558.376379918624,27047.817889144415,26939.92422505153,24949.72040683873,211.4484114773848,56.43894739174165,1126.7631580955576,0.0017858144352727288,5.603601084731669,8074.429037720444
2024-10-12 17:35:02.380930,1.0,1.0,1.0,1.0,1.0,1.0,1.0,290490.0,0.04114655461363215,0.037918079796158174,0.044550674429986614,0.03224867245309928,0.032067668184708895,0.03618939583017402,7.312217106421791e-05,0.0003560731808344524,-0.00044509147604306553,-0.0,0.0,0.0,0.0,1.0,0.0,0.0,211.322438985788,211.90590505191747,210.29676359080713,146.57761427174046,146.4503071153439,145.52542147686967,27334.166491450538,27290.227677063584,26894.714498556325,24940.94200517683,211.30459265508978,56.45746583021067,1127.1333449826652,0.0017853897548388998,5.628448113136621,8057.065801612091
2024-10-12 17:35:02.462937,1.0,1.0,1.0,1.0,1.0,1.0,1.0,290491.0,0.041712385598201944,0.03832801689680105,0.044550674429986614,0.03148762440853117,0.032398736885968185,0.0363231833320254,4.76883724331856e-05,0.00037196930497884756,-0.0004578083753585817,-0.0,0.0,0.0,0.0,1.0,0.0,0.0,210.82186029167738,211.4356488079819,211.23722872526267,146.94790527405135,145.86592035244033,145.87007294008188,27340.88354650386,27053.24132359694,27137.848058654698,24945.281520374305,211.40238204707106,56.4411963996745,1126.8079826751848,0.0017858811000654733,5.65328796911026,8556.568370267954
2024-10-12 17:35:02.466934,1.0,1.0,1.0,1.0,1.0,1.0,1.0,290492.0,0.0418370865807396,0.0387336156723732,0.044316195568033935,0.03167194378429309,0.03299216966314644,0.03653622435723464,4.7688372433185584e-05,0.00038468620429436373,-0.0004609876001874607,-0.0,0.0,0.0,0.0,1.0,0.0,0.0,211.8579084037758,210.94256940968185,210.73338943363717,147.29351563983363,146.26498883246575,145.21526101593682,27595.99909986821,27069.564057018815,26893.62596311114,24954.000280314795,211.53432187824643,56.425730273021664,1126.4987523342606,0.0017862889114760253,5.678121008272829,8550.214720439284
2024-10-12 17:35:02.547837,1.0,1.0,1.0,1.0,1.0,1.0,1.0,290493.0,0.04196141697840431,0.03906839817849147,0.044725726870264354,0.03212811624624381,0.03308026640118225,0.0364298595773722,3.497147311766944e-05,0.00036879008014996856,-0.0005150344222784043,-0.0,0.0,0.0,0.0,1.0,0.0,0.0,211.3255807996156,211.92781475039848,210.4327473660931,146.6435183377479,146.71670139628964,145.5465866366954,27356.124384739473,27331.8580227267,26914.452397336318,24967.31230652295,211.65280632324598,56.42423241046217,1126.4687404806145,0.0017863847167331713,5.702953385840757,8334.345261425327
2024-10-12 17:35:02.631102,1.0,1.0,1.0,1.0,1.0,1.0,1.0,290494.0,0.042577623479846755,0.039135011011481306,0.04484204885310999,0.03233879467572394,0.03319736505550277,0.0361625789344349,1.9075348973274238e-05,0.00037196930497884767,-0.0005213928719361625,-0.0,0.0,0.0,0.0,1.0,0.0,0.0,210.92430808469047,211.39719407658313,211.45613298841045,146.91918061379542,146.011079661373,145.8824516496775,27358.919982308762,27088.28420511107,27158.91288392912,24968.061811894408,211.5928129155064,56.441898128813385,1126.8219563886037,0.0017859128187563897,5.727793549857146,8080.686751072852
2024-10-12 17:35:02.635102,1.0,1.0,1.0,1.0,1.0,1.0,1.0,290495.0,0.043425625269995945,0.03880080326089556,0.0446091015690999,0.032007105962223864,0.033226575237181734,0.03567642805328406,2.2254573802153288e-05,0.0003497147311766944,-0.0005245720967650415,-0.0,0.0,0.0,0.0,1.0,0.0,0.0,211.85791505393186,211.07364146179358,210.87485547394854,147.1277444917927,146.30027609920003,145.14398233533043,27561.691793451715,27098.200247433284,26875.781430739677,24944.707634899703,211.19020845771027,56.496497686792594,1127.9140883668617,0.001784062244146404,5.752657789316255,7541.255152596453
2024-10-12 17:35:02.716087,1.0,1.0,1.0,1.0,1.0,1.0,1.0,290496.0,0.043124681760125134,0.03859888964444313,0.04518921828443541,0.031763702384431956,0.033226575237181734,0.03548557074494756,2.5433798631032317e-05,0.00033699783186117815,-0.0005182136471072835,-0.0,0.0,0.0,0.0,1.0,0.0,0.0,211.3054567267322,212.007078539257,210.47092447906502,146.52482071756685,146.55932524856988,145.3986301314692,27328.773434417664,27304.50850575378,26877.450611481072,24936.64515482611,210.9925169868717,56.531129431513314,1128.605999074199,0.0017836098237789552,5.7775372815625134,7817.152960954493
2024-10-12 17:35:02.720086,1.0,1.0,1.0,1.0,1.0,1.0,1.0,290497.0,0.042943103346232976,0.038733615672373205,0.044900096837092805,0.03142594437984583,0.033284918697807614,0.03589330803299428,2.2254573802153288e-05,0.0003528939560055733,-0.0005245720967650415,-0.0,0.0,0.0,0.0,1.0,0.0,0.0,210.97936699794067,211.4869080557011,211.30391512191807,146.8715968249395,145.93506707576594,145.55137405094177,27356.326242906187,27051.369512631332,27061.091367420486,24922.907797417098,211.0687695228843,56.479523467765354,1127.576755523486,0.0017826937163963464,5.802394084706497,9047.735829052926
2024-10-12 17:35:02.802332,1.0,1.0,1.0,1.0,1.0,1.0,1.0,290498.0,0.0423322172659213,0.038666311337125336,0.044958069872003174,0.03179422973639322,0.03319736505550277,0.035947323576018514,3.179224828879042e-06,0.00035607318083445244,-0.0005182136471072835,-0.0,0.0,0.0,0.0,1.0,0.0,0.0,211.91884787604437,211.12278124114536,210.82157799732946,147.0887626841113,146.39338508001595,144.8443480621638,27578.156811371347,27094.822444163463,26808.92935012159,24926.726042994356,211.20734621494083,56.451098936833155,1127.009567404732,0.0017824376937133485,5.8272383845035085,8721.656615952437
2024-10-12 17:35:02.884918,1.0,1.0,1.0,1.0,1.0,1.0,1.0,290499.0,0.04183708658073959,0.038733615672373205,0.044900096837092805,0.03182472780550264,0.033284918697807614,0.035920325957808266,2.861302345991136e-05,0.00037196930497884767,-0.0004896006236473721,-0.0,0.0,0.0,0.0,1.0,0.0,0.0,211.32488474606964,212.02085375098054,210.51659344991123,145.82423933222708,145.8878848356325,144.6650018139604,27150.958299529284,27133.400196937353,26714.308951854015,24767.99203018276,209.98223524663928,56.41822675793821,1126.3662444875354,0.0017709619621709336,5.852068502604212,8724.990184939224
2024-10-12 17:35:02.887915,1.0,1.0,1.0,1.0,1.0,1.0,1.0,290500.0,0.042393702000235525,0.03880080326089556,0.044080469451694804,0.0321582976678794,0.03348832035600082,0.035920325957808266,5.0867597262064634e-05,0.00039422387878100085,-0.0005150344222784043,-0.0,0.0,0.0,0.0,1.0,0.0,0.0,210.86128703638005,211.21532141803974,211.40696493989086,141.79044182100665,140.89993330179163,140.20245005140808,25896.25045793355,25515.380863955124,25525.08816035468,23433.000582852917,198.7129420481048,56.399065298397346,1126.0900782195054,0.001676648130988832,5.8768925327729615,7999.0590115447685
2024-10-12 17:35:02.969908,1.0,1.0,1.0,1.0,1.0,1.0,1.0,290501.0,0.0423322172659213,0.038867874708122786,0.043784027154931265,0.032398736885968185,0.03380547898296581,0.03648308073004008,7.312217106421792e-05,0.0003815069794654847,-0.0005023175229628882,-0.0,0.0,0.0,0.0,1.0,0.0,0.0,211.659475476869,210.92103584326628,210.291107537183,135.5378554317796,135.21704923781226,133.85951130536696,23786.724572413495,23502.067536323782,23157.782207257937,21295.93381203762,180.94025953096417,56.28153409056424,1123.91343178004,0.001525589217665777,5.901668579980202,8620.732276918923
2024-10-12 17:35:02.972908,1.0,1.0,1.0,1.0,1.0,1.0,1.0,290502.0,0.042393702000235525,0.03832801689680105,0.0434855640497593,0.03251828982682399,0.03325575976212062,0.03685347683255371,8.90182952086131e-05,0.0003783277546366057,-0.0005023175229628882,-0.0,0.0,0.0,0.0,1.0,0.0,0.0,210.39831210591456,211.4747636191765,210.36409547895988,128.89290500360977,128.7188271554407,127.65888487199642,21071.06531005653,20907.960474215004,20746.122308108446,18749.15786129517,159.9014922294668,56.06025409779467,1119.6973001927358,0.0013447867722176671,5.926351684908894,9209.11530004762
2024-10-12 17:35:03.055425,1.0,1.0,1.0,1.0,1.0,1.0,1.0,290503.0,0.043185038237191345,0.03819186010094626,0.0434855640497593,0.03191604715477278,0.03313886745048406,0.036800791349100206,7.630139589309696e-05,0.0003687900801499686,-0.0004959590733051301,-0.0,0.0,0.0,0.0,1.0,0.0,0.0,210.8085997728493,210.71093988849674,210.1845433403074,122.43794095542117,121.74689192556218,121.21240899203636,18267.79614160047,18020.67359251778,17922.308619193842,15936.69966544506,136.58524845249252,55.77417007859602,1114.2072326538644,0.0011440501187716795,5.950913764348731,9152.815501755076
2024-10-12 17:35:03.138382,1.0,1.0,1.0,1.0,1.0,1.0,1.0,290504.0,0.04251640472283598,0.038055216156251626,0.04390284427203976,0.032398736885968185,0.033284918697807614,0.037011083297172835,0.00010809364418188734,0.0003433562815189363,-0.0004927798484762511,-0.0,0.0,0.0,0.0,1.0,0.0,0.0,210.59997354752628,210.35952644112945,210.031168627563,115.69946073183854,115.5985631605745,113.95480917279163,15466.81351547763,15085.560316319667,14843.4498240374,13023.541694770118,112.29088740117393,55.42845555261863,1107.5312085908733,0.0009362541777064979,5.975328674547001,8991.764844344449
2024-10-12 17:35:03.142382,1.0,1.0,1.0,1.0,1.0,1.0,1.0,290505.0,0.04276075388833108,0.03853134997827471,0.04396213240745474,0.03272645658802371,0.03331405211143558,0.037298298832947746,0.00013034821798404061,0.0003465355063478153,-0.0004896006236473721,-0.0,0.0,0.0,0.0,1.0,0.0,0.0,209.70176459072323,210.9108382736826,209.44489379391666,108.44231011102265,108.66990339879808,107.65593394975429,12228.338287939381,12147.357537699967,12025.429305136327,10050.037782902426,87.25591625564456,55.03370455442635,1099.877184297468,0.0007240170342074169,5.999574856031958,8650.53362754345
2024-10-12 17:35:03.223912,1.0,1.0,1.0,1.0,1.0,1.0,1.0,290506.0,0.04220897910845451,0.038666311337125336,0.043664886724146465,0.032667115729434024,0.033021561356871405,0.03708963538404783,0.00011763131866852446,0.0003592524056633315,-0.00048642139881849305,-0.0,0.0,0.0,0.0,1.0,0.0,0.0,209.86233864717053,210.0042627890626,209.31990211035946,101.24352277277902,100.9378764486253,100.63184853830779,9245.735267580016,9108.464336354617,9054.209987807133,7075.512134054851,61.910626100851566,54.595382478489334,1091.3500333921115,0.0005106807136069272,6.0236330612125135,8222.051565603506
2024-10-12 17:35:03.226911,1.0,1.0,1.0,1.0,1.0,1.0,1.0,290507.0,0.04220897910845451,0.037780445658522906,0.043962132407454745,0.03313886745048406,0.033459338679991214,0.037376247295885894,6.0405271748701756e-05,0.00033699783186117815,-0.0004673460498452188,-0.0,0.0,0.0,0.0,1.0,0.0,0.0,209.87064837804874,209.55448017189187,208.48035120083225,93.43694029061757,94.10066496528256,92.6412899362968,6302.647513111676,6157.32952081562,5843.609850760748,4064.2326677347683,35.87432291514374,54.108320353360924,1081.8479620795772,0.0002942661919290911,6.047481798509912,7838.300597838708
2024-10-12 17:35:03.309159,1.0,1.0,1.0,1.0,1.0,1.0,1.0,290508.0,0.0423322172659213,0.0373645014732293,0.042882406350036345,0.03310957989067469,0.033748035476753,0.03768642894051657,0.00011127286901076638,0.0003497147311766944,-0.0004578083753585817,-0.0,0.0,0.0,0.0,1.0,0.0,0.0,208.95563153362795,209.34391577766812,208.24583552221662,84.64562939349035,85.85650573818612,84.93259928164892,3223.681350431701,3220.652563386373,2966.831114566179,1122.8531278752428,10.012216840952405,53.55123860882919,1070.9374068083498,8.157175305717834e-05,6.071090018677776,7769.0568614915
2024-10-12 17:35:03.312159,1.0,1.0,1.0,1.0,1.0,1.0,1.0,290509.0,0.04220897910845451,0.03673175485356617,0.04276075388833108,0.03290383705573704,0.03351727697218139,0.03714191114696681,8.583907037973408e-05,0.00031474325805902487,-0.0004959590733051301,-0.0,0.0,0.0,0.0,1.0,0.0,0.0,208.62647933590966,208.30576125420993,208.06822412244247,77.7121372085843,78.00689183970259,76.98872484522745,500.57198724104586,238.5479898668693,189.24848879617738,-1683.9292034363311,-15.160932839236755,53.0386730303527,1060.6431387259497,0.00012285552565548437,6.094471307424801,6300.3600942677085
2024-10-12 17:35:03.394468,1.0,1.0,1.0,1.0,1.0,1.0,1.0,290510.0,0.04189929789626443,0.03666077555081008,0.042882406350036345,0.03221857569203676,0.03357511528435138,0.03661579517603752,4.76883724331856e-05,0.0002670548856258393,-0.0004896006236473721,-0.0,0.0,0.0,0.0,1.0,0.0,0.0,208.68204386000235,208.16262896321493,207.27382535160493,79.2077388653314,80.46051440068524,78.45729534797532,328.1882696705158,131.85005198984098,-147.64338656639805,-1886.2253821321838,-17.054892865682344,52.8136187224331,1056.1265756965242,0.00013803139764374746,6.117753031049044,2248.947505774467
2024-10-12 17:35:03.478035,1.0,1.0,1.0,1.0,1.0,1.0,1.0,290511.0,0.041461858493688546,0.036802597262395625,0.0434855640497593,0.03218845078999174,0.033430331878977426,0.036135742137466224,2.2254573802153288e-05,0.0002734133352835974,-0.00047688372433185594,-0.0,0.0,0.0,0.0,1.0,0.0,0.0,207.4119768078285,207.67738942578092,207.00709742660922,94.1028066159601,94.789712837287,92.47120434092706,3034.2220547818733,2753.5874439685113,2517.4639389298413,767.9951729216021,7.015049829659635,52.27496090778668,1045.4399983680667,5.664259392862499e-05,6.140799175013068,7465.149923817666
2024-10-12 17:35:03.481035,1.0,1.0,1.0,1.0,1.0,1.0,1.0,290512.0,0.04139898983206046,0.03722482060496381,0.04372449751876115,0.03188563643118791,0.03337224263981984,0.03567642805328406,3.1792248288790396e-05,0.000244800311823686,-0.00047688372433185594,-0.0,0.0,0.0,0.0,1.0,0.0,0.0,207.286222720168,206.64267094852232,206.03624432327612,115.43724267589852,116.4188072703044,113.86774743877916,7162.355476789523,6989.6380586656305,6526.544134132462,4862.955496346894,44.85325805930808,51.78511358921769,1035.32733910583,0.0003620081646414818,6.163622391021802,8602.993896711583
2024-10-12 17:35:03.563117,1.0,1.0,1.0,1.0,1.0,1.0,1.0,290513.0,0.04076497090344803,0.03757304914762413,0.04282162331969714,0.03197678183797181,0.0333431600699038,0.03534861318744721,6.994294623533886e-05,0.00024797953665256506,-0.0004514499257008236,-0.0,0.0,0.0,0.0,1.0,0.0,0.0,206.1045081367006,205.90872657905535,205.64285406717215,139.06916745589993,139.2793626755106,136.82279225439413,12253.165989590338,11847.074147929137,11519.333043365821,9797.546510692304,91.05562258171666,51.41289405939531,1027.5002771740096,0.0007367840575376753,6.186273063798615,8869.14621652416
2024-10-12 17:35:03.566117,1.0,1.0,1.0,1.0,1.0,1.0,1.0,290514.0,0.04050858489526056,0.03798670986099516,0.04306424069081518,0.031641298451732976,0.03284481667269478,0.03534861318744721,6.040527174870175e-05,0.0002638756607969603,-0.00046416682501633976,-0.0,0.0,0.0,0.0,1.0,0.0,0.0,205.88793411189437,205.40148488720493,204.67034200792722,161.88874783840413,161.47823634832773,159.80076755995944,17652.446336214638,17319.11429626801,17032.681403320366,15195.440576497716,141.98015456716362,51.15966292271151,1022.0144445883391,0.0011520930734747268,6.208802804443763,9293.959980149366
2024-10-12 17:35:03.648240,1.0,1.0,1.0,1.0,1.0,1.0,1.0,290515.0,0.03999088202492748,0.037711440220720746,0.04336560364453033,0.03142594437984583,0.032874340109372714,0.03504542260087845,3.815069794654847e-05,0.0002765925601124764,-0.0004673460498452188,-0.0,0.0,0.0,0.0,1.0,0.0,0.0,205.1283368025482,204.75074668628181,205.05482452248086,182.86442788182399,182.24635882128226,181.7845793241494,23283.45226264616,23031.118564849134,22880.403984250075,20847.198783944164,195.02961982979343,51.118672752842045,1020.7479476131974,0.001589935102093495,6.231304625866702,8462.224343368174
2024-10-12 17:35:03.731329,1.0,1.0,1.0,1.0,1.0,1.0,1.0,290516.0,0.03946638873835309,0.03764230828317236,0.044316195568033935,0.03221857569203676,0.03325575976212062,0.034878935091133,5.4046822090943663e-05,0.00029566790908575063,-0.00044509147604306553,-0.0,0.0,0.0,0.0,1.0,0.0,0.0,204.4903282173718,205.10439302703767,204.65924505556802,202.4100874545182,202.8914083534002,201.2833535387292,29097.693560152053,29015.97264857923,28600.903864420772,26597.201271904643,249.0633840616327,51.09205792770677,1019.7587423254865,0.002037906000571826,6.253784640808633,10509.75007531126
2024-10-12 17:35:03.734333,1.0,1.0,1.0,1.0,1.0,1.0,1.0,290517.0,0.039925697169818586,0.038123599349151736,0.044550674429986614,0.03194642892952922,0.032785690042080325,0.03414811083549323,0.00010173519452412925,0.00030520558357238775,-0.00045462915052970265,-0.0,0.0,0.0,0.0,1.0,0.0,0.0,205.10222512476165,204.95810110730605,204.64747459398495,221.91113102824968,221.3807422003344,218.89316248281173,35370.384638301446,34918.66687090913,34423.6811170782,32491.9824105802,303.56296563366254,51.23328711486519,1022.1127469955067,0.0024915396274237766,6.276316548475735,10368.081595494165
2024-10-12 17:35:03.816437,1.0,1.0,1.0,1.0,1.0,1.0,1.0,290518.0,0.03966388649582423,0.03853134997827471,0.04518921828443541,0.03191604715477278,0.03257790177388484,0.03406277598114669,5.4046822090943663e-05,0.0002861302345991135,-0.0004705252746740978,-0.0,0.0,0.0,0.0,1.0,0.0,0.0,204.81922699094844,205.64549932999893,205.28511972407878,238.82606810836265,237.89776294809528,237.27362324832018,41038.15306219646,40833.5131826408,40709.64704081955,38334.05728701771,356.28600670647324,51.52337121516302,1027.442210665847,0.002935768337809394,6.298965941208635,10421.77010885142
2024-10-12 17:35:03.819379,1.0,1.0,1.0,1.0,1.0,1.0,1.0,290519.0,0.03959816335788845,0.038867874708122786,0.04581886408620405,0.031763702384431956,0.032637404840404415,0.03389146168814632,3.815069794654848e-05,0.0002893094594279926,-0.0004419122512141865,-0.0,0.0,0.0,0.0,1.0,0.0,0.0,206.0807952784263,206.36844701399758,205.41190435130835,255.297843157663,254.64677661247154,252.3601538411554,47363.65269332827,47022.35260532494,46328.5467142455,44252.46129623822,407.19364816723936,52.064886872623134,1037.7860250491608,0.0033724383305523383,6.321843357583052,8931.264016673163
2024-10-12 17:35:03.901850,1.0,1.0,1.0,1.0,1.0,1.0,1.0,290520.0,0.04025056580563931,0.03832801689680105,0.045932417826860104,0.03218845078999174,0.03245856839932655,0.03423323297213509,3.4971473117669426e-05,0.0002988471339146297,-0.00042601612706979125,-0.0,0.0,0.0,0.0,1.0,0.0,0.0,206.3084958973366,207.49332151361622,206.4939542462746,268.4663385368489,267.7402500293149,266.7974288076108,51516.538727781895,51504.71889682647,51106.94885388994,48610.669322101436,444.94658467531775,52.35604015546372,1043.2661235411206,0.003681217636692576,6.344841579684226,14100.931798849328
2024-10-12 17:35:03.904849,1.0,1.0,1.0,1.0,1.0,1.0,1.0,290521.0,0.04037978143756249,0.037711440220720746,0.04581886408620406,0.03212811624624381,0.03182472780550264,0.034204882463775475,4.1329922775427505e-05,0.00027023411045471834,-0.00042919535189867036,-0.0,0.0,0.0,0.0,1.0,0.0,0.0,207.9514480612806,208.0951971530618,207.83437278555093,273.2028804469727,271.84656970713127,270.84399806046895,52974.83684224847,52557.999302145916,52313.56709249019,49798.922341949314,449.44995014381766,53.10098485731612,1058.0592542730774,0.003729161411871073,6.368165908133979,7514.627242598119
2024-10-12 17:35:03.986578,1.0,1.0,1.0,1.0,1.0,1.0,1.0,290522.0,0.04076497090344803,0.03722482060496381,0.04643997376336175,0.032007105962223864,0.0316106234096681,0.03426156002122874,2.861302345991135e-05,0.00027023411045471834,-0.0004514499257008236,-0.0,0.0,0.0,0.0,1.0,0.0,0.0,209.15516121259256,209.6410711052347,208.57819144229552,270.53171350015157,269.49394180978703,268.4684557675365,52270.138769496916,52070.96798243796,51606.333713828186,49164.160996903374,437.5859364267736,53.84060669096086,1072.8936093583536,0.003639004741677176,6.391817251700279,7014.6309941578875
2024-10-12 17:35:04.069249,1.0,1.0,1.0,1.0,1.0,1.0,1.0,290523.0,0.04076497090344803,0.03701431097784901,0.04716346808075751,0.03145679951185349,0.03167194378429309,0.034767500508899686,3.497147311766943e-05,0.0002829510097702345,-0.0004705252746740978,-0.0,0.0,0.0,0.0,1.0,0.0,0.0,209.65398385859032,210.88716100617742,210.0404988950519,262.9241021023639,261.73901444286344,261.18351347680385,50073.39897294642,49924.50342107675,49723.698616057285,47124.202965665354,413.98133813030864,54.53874105329346,1087.0127443605602,0.0034489948178606997,6.4157798437537386,6572.391011088165
2024-10-12 17:35:04.073249,1.0,1.0,1.0,1.0,1.0,1.0,1.0,290524.0,0.04164989509779679,0.03729472643293347,0.046607930817067524,0.0316106234096681,0.032067668184708895,0.03465570761333854,3.4971473117669426e-05,0.0002829510097702345,-0.000483242173989614,-0.0,0.0,0.0,0.0,1.0,0.0,0.0,210.99794806801341,211.39528954515538,210.78200805544324,250.25664849130786,249.3620283100087,248.47720598285406,46224.606666696796,46033.119784088594,45660.820965300285,43262.718688551955,376.5702486186598,55.02664189950922,1097.082239948784,0.0031353885338869063,6.439964412243276,7916.080006414248
2024-10-12 17:35:04.155641,1.0,1.0,1.0,1.0,1.0,1.0,1.0,290525.0,0.041461858493688546,0.03743414645719283,0.04632766410980066,0.0316106234096681,0.03197678183797181,0.03468368961839258,6.040527174870175e-05,0.0002511587614814441,-0.0004578083753585817,-0.0,0.0,0.0,0.0,1.0,0.0,0.0,212.10290507767573,212.36960069091495,210.61198195729412,235.12080100516292,234.40371130600622,232.64082139383183,41420.93569334079,41181.319623536765,40599.964929454865,38445.981944361076,333.05681828528884,55.268311595312554,1102.3106687866464,0.002764299316738726,6.464264238541862,9589.600337752056
2024-10-12 17:35:04.158643,1.0,1.0,1.0,1.0,1.0,1.0,1.0,290526.0,0.04245509769062346,0.036731754853566174,0.04570502822314875,0.030896693010431804,0.0316106234096681,0.034878935091133,1.2716899315516164e-05,0.00021936651319265374,-0.000483242173989614,-0.0,0.0,0.0,0.0,1.0,0.0,0.0,212.43084433071937,212.0622641377311,212.04659195009685,218.20178603837755,216.41931176008697,215.37333220115943,36032.31306615796,35313.20551547822,35182.03140552987,32982.43008460928,285.0062079243902,55.38523028825201,1105.095251372421,0.0023556410066716497,6.488625449416561,9354.476568233853
2024-10-12 17:35:04.240596,1.0,1.0,1.0,1.0,1.0,1.0,1.0,290527.0,0.04245509769062346,0.03722482060496381,0.04576198155144106,0.03070772063827226,0.03167194378429309,0.034878935091133,-3.179224828879041e-06,0.0002352626373370489,-0.0004419122512141865,-0.0,0.0,0.0,0.0,1.0,0.0,0.0,212.30602419202066,213.06973235331205,211.89843376061683,198.02316406750893,196.87264113480035,197.21283262233385,29695.957683879977,29570.77490112702,29569.044211377168,27182.047966471626,234.6982627138577,55.405613071770425,1105.970853094736,0.00193248321058976,6.513005962444782,8641.193850113677
2024-10-12 17:35:04.323707,1.0,1.0,1.0,1.0,1.0,1.0,1.0,290528.0,0.042577623479846755,0.036802597262395625,0.04610222401715648,0.03070772063827226,0.0313331966781849,0.034823262373934814,3.469446951953614e-21,0.0002289041876792908,-0.00047688372433185594,-0.0,0.0,0.0,0.0,1.0,0.0,0.0,213.0146067111659,212.36693559662447,211.693092992156,176.96833320078323,176.39279580041054,174.3776676353861,23960.735173079822,23512.58985253354,23091.97968667263,21189.90580856634,182.88167636544097,55.405613071770425,1106.445977566168,0.0015037139532073376,6.537396949328019,6805.504172836163
2024-10-12 17:35:04.326707,1.0,1.0,1.0,1.0,1.0,1.0,1.0,290529.0,0.04318503823719134,0.03729472643293347,0.04547650165015326,0.030990747087997286,0.0313331966781849,0.034878935091133,6.358449657758079e-06,0.00022890418767929085,-0.0004578083753585817,-0.0,0.0,0.0,0.0,1.0,0.0,0.0,211.57732471231634,212.46953690525282,211.92036558148246,151.9872041063817,150.9484110557759,151.38036103474064,17528.945770892322,17147.24312186278,17434.861030639262,15136.57808398106,130.97316721457523,55.24002426348643,1103.6128734438723,0.0010749559234366243,6.561725482004826,7022.651209675147
2024-10-12 17:35:04.409266,1.0,1.0,1.0,1.0,1.0,1.0,1.0,290530.0,0.0423322172659213,0.03757304914762413,0.04541919034616077,0.031240173622796498,0.0316106234096681,0.03510074295512457,1.9075348973274238e-05,0.00024480031182368605,-0.00048006294916073494,-0.0,0.0,0.0,0.0,1.0,0.0,0.0,211.6278935643518,211.80028721750978,210.7205327749021,125.22576256094307,123.89634754484602,122.5434275435405,11649.724470906593,11171.539710520054,11174.664889490863,9190.569411669532,80.02085895431556,54.87378555566513,1096.7574486033384,0.0006544677961352826,6.585902890649593,7781.162734043297
2024-10-12 17:35:04.413266,1.0,1.0,1.0,1.0,1.0,1.0,1.0,290531.0,0.04189929789626443,0.03764230828317236,0.044958069872003174,0.031763702384431956,0.03185519667586617,0.034878935091133,2.8613023459911357e-05,0.0002511587614814441,-0.00048006294916073494,-0.0,0.0,0.0,0.0,1.0,0.0,0.0,210.89121098736885,211.4600402771687,209.82029580953935,103.55813600341318,104.03275774584404,103.18092771569358,6578.8842832613645,6552.780790880156,6371.05954151084,4418.890435094914,38.7940804359647,54.403443422776284,1087.725108300064,0.0003159360270545852,6.609881186370341,7629.713568944118
2024-10-12 17:35:04.493758,1.0,1.0,1.0,1.0,1.0,1.0,1.0,290532.0,0.0419614169784043,0.038666311337125336,0.044080469451694804,0.03185519667586617,0.03182472780550264,0.03504542260087845,1.2716899315516158e-05,0.0002893094594279926,-0.0004419122512141865,-0.0,0.0,0.0,0.0,1.0,0.0,0.0,210.31921693167143,210.3412465672494,209.63194145486528,88.88983788444351,88.34265255163645,88.19133086733478,2675.857139199913,2395.8956445236117,2470.083787246963,471.27509880057045,4.186193299699094,53.7540631648059,1075.0448843672402,3.383830610724949e-05,6.6335799535990585,8795.317467902973
2024-10-12 17:35:04.577564,1.0,1.0,1.0,1.0,1.0,1.0,1.0,290533.0,0.04269979768643891,0.03900167157440239,0.044316195568033935,0.032067668184708895,0.03191604715477278,0.03501772965099794,1.9075348973274234e-05,0.00030520558357238775,-0.00046416682501633976,-0.0,0.0,0.0,0.0,1.0,0.0,0.0,210.25258022859947,209.6602360603937,208.4096615311646,78.71096160563734,79.50969235974523,77.61928777876106,-331.4129410563717,-637.4720071206519,-795.0161077966845,-2603.190000793812,-23.435014464073955,53.04734570433909,1060.7475162489131,0.00018794327522032517,6.6569635432905905,8799.501239075533
2024-10-12 17:35:04.580564,1.0,1.0,1.0,1.0,1.0,1.0,1.0,290534.0,0.04164989509779679,0.03853134997827472,0.0440213406934204,0.032368779656366614,0.03224867245309928,0.03537604711721689,3.1792248288790375e-06,0.0003528939560055733,-0.00041012000292539613,-0.0,0.0,0.0,0.0,1.0,0.0,0.0,209.10362457679517,209.73606140377044,207.65771700684124,77.46592500348181,78.29223623919358,76.75801024966046,-2035.377415436315,-2199.954846710453,-2267.0445259886264,-4169.008774982095,-37.94444281301945,52.475613066155496,1049.1945146247692,0.0003027565375369156,6.680092453479652,6250.446536361949
2024-10-12 17:35:04.662529,1.0,1.0,1.0,1.0,1.0,1.0,1.0,290535.0,0.0420853800755884,0.0378493252884673,0.04437493143949452,0.03212811624624381,0.03224867245309928,0.03518356039534762,-3.1792248288790396e-05,0.00036243163049221044,-0.0004355538015564284,-0.0,0.0,0.0,0.0,1.0,0.0,0.0,208.2637719458995,208.8047660670177,207.6141174941742,79.03657916873483,80.05739302059821,78.00438063473176,-2707.53756353156,-3078.49114104,-3068.4424022796043,-4943.34294805922,-45.6119456477613,51.765499312924106,1034.9360735336697,0.0003611601643712747,6.702907044256217,7835.541103973727
2024-10-12 17:35:04.665529,1.0,1.0,1.0,1.0,1.0,1.0,1.0,290536.0,0.04183708658073959,0.03893483061427055,0.044609101569099904,0.03203740138402003,0.03251828982682399,0.03545822155341263,3.179224828879038e-06,0.00039740310360987996,-0.0004482707008719446,-0.0,0.0,0.0,0.0,1.0,0.0,0.0,207.81722276815978,208.1827469086636,206.86749899698736,80.96860813566221,82.20581835738592,80.12146794849596,-2938.707425455034,-3268.1983468933067,-3337.4471398454184,-5164.803161252429,-48.32964621792348,51.04420557034845,1020.4965492651887,0.00037963382665057995,6.725403323742241,7840.245963820419
2024-10-12 17:35:04.747520,1.0,1.0,1.0,1.0,1.0,1.0,1.0,290537.0,0.041774782619765874,0.03859888964444313,0.04466745228281863,0.03224867245309928,0.032398736885968185,0.036135742137466224,1.2716899315516157e-05,0.00037832775463660567,-0.0004959590733051301,-0.0,0.0,0.0,0.0,1.0,0.0,0.0,207.6093853101166,206.890611438402,206.21050497741564,82.29685690017878,84.14644141948092,81.85102414706436,-2827.8066351780803,-3169.6162419219704,-3436.73068653498,-5117.190719329659,-48.66793926978353,50.22206720317564,1004.0608375184768,0.0003788240570590915,6.74753728709376,9240.275822629006
2024-10-12 17:35:04.751517,1.0,1.0,1.0,1.0,1.0,1.0,1.0,290538.0,0.0418370865807396,0.03853134997827472,0.044316195568033935,0.031763702384431956,0.032637404840404415,0.035812131959156876,-6.358449657758077e-06,0.0003783277546366057,-0.00045462915052970265,-0.0,0.0,0.0,0.0,1.0,0.0,0.0,206.39674039366372,207.34708149969399,204.86070996715316,84.38751887593445,85.01740265285422,83.33049731059063,-2813.17787079794,-3037.582011146027,-3046.1967960740317,-4927.490422210054,-47.5745482336703,49.47115611922232,989.059680248526,0.00036732731194360926,6.769340558267238,8244.395832778022
2024-10-12 17:35:04.832527,1.0,1.0,1.0,1.0,1.0,1.0,1.0,290539.0,0.04139898983206045,0.037711440220720746,0.04425738174574523,0.03139505892336215,0.03272645658802371,0.036028195047355945,-9.537674486637122e-06,0.00039422387878100085,-0.0004578083753585817,-0.0,0.0,0.0,0.0,1.0,0.0,0.0,206.48155178706375,205.55192236894646,204.6775772572869,85.16071862046381,86.73157385132238,84.62671035521382,-2452.916605456091,-2709.5530347374697,-3013.860207634353,-4677.743089383854,-45.89377134379427,48.682898276930324,973.3163085845151,0.00035090038410195854,6.790796775558701,8831.26098796534
2024-10-12 17:35:04.915750,1.0,1.0,1.0,1.0,1.0,1.0,1.0,290540.0,0.04139898983206045,0.037780445658522906,0.04425738174574523,0.0313331966781849,0.032933307582966455,0.03600125807533038,-1.5896124144395195e-05,0.00041012000292539613,-0.00041965767741203324,-0.0,0.0,0.0,0.0,1.0,0.0,0.0,205.4737933441349,205.22177563348137,203.8948689832816,86.67857762220306,87.97996211174035,86.05458693017493,-2222.502650405934,-2480.6974658269733,-2658.2024613481244,-4395.470644383148,-43.70653788285461,48.03354028314706,960.3518111783317,0.00033205389684910004,6.811967197707343,6930.985905209237
2024-10-12 17:35:04.919753,1.0,1.0,1.0,1.0,1.0,1.0,1.0,290541.0,0.04189929789626443,0.03819186010094626,0.044609101569099904,0.030896693010431804,0.03296275176192149,0.036082008662183536,-3.1792248288790396e-05,0.00042919535189867025,-0.0004419122512141865,-0.0,0.0,0.0,0.0,1.0,0.0,0.0,204.9745792557265,204.1305672996324,203.48797032072463,87.84905141000036,89.68845843472893,87.37764128595701,-1914.119945823055,-2240.6578890657224,-2510.7562324536125,-4153.689814278521,-41.94361063610024,47.29844290125835,945.6700403048777,0.00031588536742432985,6.832813968373619,8210.96867737203
2024-10-12 17:35:05.001619,1.0,1.0,1.0,1.0,1.0,1.0,1.0,290542.0,0.040956207156739845,0.03743414645719283,0.0447839256286125,0.030833830904597324,0.033168129149298335,0.035974300933343493,2.3129646346357427e-21,0.00039740310360987996,-0.00048006294916073494,-0.0,0.0,0.0,0.0,1.0,0.0,0.0,203.51498877150271,203.82011966127885,203.1066885525823,89.81564303374176,91.05476865474938,88.54211833474447,-1664.5238491144273,-2161.653387184853,-2171.3354343743645,-3920.484655338013,-40.2123273943541,46.564224572724385,931.004822616524,0.00030030440808366483,6.8533374524632995,8257.857589259587
2024-10-12 17:35:05.004619,1.0,1.0,1.0,1.0,1.0,1.0,1.0,290543.0,0.039925697169818586,0.03694387454679471,0.04384347596324186,0.03130221970899244,0.03337224263981984,0.035947323576018514,-1.5896124144395198e-05,0.00039422387878100085,-0.0004578083753585817,-0.0,0.0,0.0,0.0,1.0,0.0,0.0,202.80240342153544,203.54631303629685,202.14084636560244,91.4155768940328,92.14111356815367,90.52711168201274,-1631.5745407700933,-1906.0152915073966,-1901.7624124772556,-3725.263341420739,-38.8075622390388,45.84656098659443,916.6678465204619,0.00028723333414669905,6.873544885879928,8069.1420810462405
2024-10-12 17:35:05.086831,1.0,1.0,1.0,1.0,1.0,1.0,1.0,290544.0,0.04012093401707996,0.036802597262395625,0.043784027154931265,0.030517578125,0.032815266674204355,0.035757912197617196,-9.537674486637117e-06,0.0003338186070322991,-0.00048006294916073494,-0.0,0.0,0.0,0.0,1.0,0.0,0.0,202.5634864657678,202.55317942672292,201.24630812228386,92.92466957706837,93.7013455642807,92.38516399357991,-1464.082740076097,-1634.4045714955826,-1782.1117923878369,-3529.0219213222267,-37.34825738613499,45.12782890715576,902.3092198137184,0.0002740640702056233,6.893435791347822,8132.329539497066
2024-10-12 17:35:05.169524,1.0,1.0,1.0,1.0,1.0,1.0,1.0,290545.0,0.04044423444177086,0.037711440220720746,0.04354542032592321,0.03064447088906264,0.03272645658802371,0.035812131959156876,-2.2254573802153277e-05,0.0003592524056633315,-0.000483242173989614,-0.0,0.0,0.0,0.0,1.0,0.0,0.0,202.28108742458446,201.53895669230337,200.56147207751187,94.46143058125358,95.4690036538318,94.18800923916302,-1322.83237158091,-1415.6218895650973,-1694.0386379316794,-3370.7133251590667,-36.24285283714355,44.417621324507806,888.1183109763149,0.0002635390041834049,6.913013866114233,8046.036054882958
2024-10-12 17:35:05.173524,1.0,1.0,1.0,1.0,1.0,1.0,1.0,290546.0,0.04050858489526056,0.03673175485356617,0.04306424069081518,0.030422061214259163,0.03272645658802371,0.03564922528298997,-1.5896124144395198e-05,0.00033699783186117815,-0.0004578083753585817,-0.0,0.0,0.0,0.0,1.0,0.0,0.0,201.70373142653364,201.15507309563284,199.33768794256196,96.4679350661946,97.11447573109287,96.22923100948113,-1255.8158242228421,-1229.5429649810699,-1478.9267919475612,-3204.9289141419363,-34.99189359514869,43.74233831058267,874.6259088097155,0.0002524526699619874,6.932294508370661,7588.5364606216845
2024-10-12 17:35:05.255477,1.0,1.0,1.0,1.0,1.0,1.0,1.0,290547.0,0.040185802182344105,0.03658965855745672,0.043545420325923206,0.03010148260279399,0.032933307582966455,0.03534861318744721,-2.8613023459911357e-05,0.00037196930497884756,-0.0004609876001874607,-0.0,0.0,0.0,0.0,1.0,0.0,0.0,200.25184537065311,200.78564876253392,199.10836058093253,98.7498817491336,99.13023329647463,97.75775719237134,-1102.6980771375383,-1278.5185165838425,-1292.0730700198967,-3099.1848127628523,-34.438119708950374,42.97899085876244,859.3684905131628,0.0002458487947989265,6.9512388093170845,8857.750436763985
2024-10-12 17:35:05.258477,1.0,1.0,1.0,1.0,1.0,1.0,1.0,290548.0,0.04101975445198809,0.036802597262395625,0.0440804694516948,0.030230122003416366,0.03296275176192149,0.03545822155341263,-6.358449657758082e-06,0.00037196930497884756,-0.0004609876001874607,-0.0,0.0,0.0,0.0,1.0,0.0,0.0,199.69809938837267,199.68122906426234,198.87980774118108,100.67316890096342,101.30900769926464,100.09375135975151,-938.0597479487607,-1118.3140748412893,-1215.3468556339087,-2958.0658551837328,-33.48740045136878,42.18619721227958,843.5246627056756,0.0002361928226348436,6.969833841881618,9303.46673775101
2024-10-12 17:35:05.340882,1.0,1.0,1.0,1.0,1.0,1.0,1.0,290549.0,0.04076497090344803,0.036802597262395625,0.043843475963241854,0.030581090322992784,0.033168129149298335,0.03537604711721689,-3.1792248288790413e-06,0.0003783277546366057,-0.000483242173989614,-0.0,0.0,0.0,0.0,1.0,0.0,0.0,198.51181925130697,199.54408730355297,198.1484153037229,103.2500939366052,103.64183960831656,102.32108608027356,-878.2738489039126,-1119.4605991434003,-1037.1191835350658,-2871.3939297724805,-33.06238740115829,41.47632337943021,829.3349151271684,0.00023091784158816013,6.988116069343977,8125.778657032652
2024-10-12 17:35:05.343885,1.0,1.0,1.0,1.0,1.0,1.0,1.0,290550.0,0.04114655461363215,0.036231979799249525,0.0440213406934204,0.03013369393635788,0.032696799620819436,0.03537604711721689,-3.469446951953614e-21,0.0003433562815189362,-0.0005086759726206463,-0.0,0.0,0.0,0.0,1.0,0.0,0.0,198.45108009676596,197.75040994556542,198.08953409045358,105.25409940356818,106.75751755298836,104.26171067132069,-531.3494466333917,-1019.7918323836817,-1172.8220145747512,-2761.000886115239,-32.35133588019439,40.757994181610066,814.9776699181606,0.0002235312577316705,7.006081799311951,8262.20182230122
2024-10-12 17:35:05.425143,1.0,1.0,1.0,1.0,1.0,1.0,1.0,290551.0,0.04108320345271294,0.03594327416403232,0.044667452282818626,0.02977745290061739,0.032933307582966455,0.03537604711721689,1.9075348973274234e-05,0.0003401770566900572,-0.0005309305464227996,-0.0,0.0,0.0,0.0,1.0,0.0,0.0,197.6767363661917,198.0514699150685,196.72486724653177,107.89063278473424,108.59332226330551,107.2540923675995,-705.9385867358588,-855.9303522613775,-942.2913140090328,-2681.8152580763035,-31.983815395169582,40.04376378365345,800.7002595066991,0.0002185311142523765,7.023732791699299,8208.17831205121
2024-10-12 17:35:05.509528,1.0,1.0,1.0,1.0,1.0,1.0,1.0,290552.0,0.04101975445198809,0.03666077555081008,0.044667452282818626,0.02984254030701896,0.03272645658802371,0.03515597625908419,-2.5433798631032317e-05,0.0003433562815189362,-0.0005182136471072835,-0.0,0.0,0.0,0.0,1.0,0.0,0.0,196.89607965154138,197.46231126132304,196.28498441909716,110.86687766392902,110.9236753160894,109.75366776491198,-639.6721528666103,-828.9178456605936,-777.5337371916737,-2590.447002057401,-31.46945330289186,39.3114599066695,786.0621687199061,0.00021244366640200014,7.041061095507525,8474.044305447851
2024-10-12 17:35:05.512528,1.0,1.0,1.0,1.0,1.0,1.0,1.0,290553.0,0.04089256110871732,0.0373645014732293,0.04518921828443541,0.029284686626149053,0.03197678183797181,0.03465570761333854,-2.8613023459911357e-05,0.00033699783186117815,-0.0005086759726206463,-0.0,0.0,0.0,0.0,1.0,0.0,0.0,197.0849087001931,195.8222534489329,195.77140882682565,113.17134315465094,114.52418247037207,112.61138174096327,-398.7707062614474,-653.7650443475011,-989.5544979439086,-2517.003085357603,-31.112840718612063,38.63454080401461,772.5301969728041,0.00020786982858534225,7.058091094516347,7689.345011064765
2024-10-12 17:35:05.594423,1.0,1.0,1.0,1.0,1.0,1.0,1.0,290554.0,0.04133602555253029,0.03764230828317236,0.04598908955455482,0.02961410853680346,0.032097906445255474,0.034878935091133,-1.5896124144395198e-05,0.00036243163049221044,-0.0005404682209094367,-0.0,0.0,0.0,0.0,1.0,0.0,0.0,195.2861471531488,195.78806493691266,195.70545337870712,116.77456704674886,117.36763942602582,115.22817756698795,-295.07126359026086,-815.8458428362263,-690.4457793532183,-2432.1440155315395,-30.661699727163338,37.881074135665635,757.4682665885476,0.00020223307847121348,7.0747890616375875,8785.092485701072
2024-10-12 17:35:05.597420,1.0,1.0,1.0,1.0,1.0,1.0,1.0,290555.0,0.04139898983206046,0.03764230828317236,0.04643997376336176,0.029416898073163358,0.03218845078999174,0.03501772965099794,1.2716899315516158e-05,0.00037832775463660567,-0.0005404682209094367,-0.0,0.0,0.0,0.0,1.0,0.0,0.0,195.3004959854316,195.28942874590587,194.51008629940807,119.50173839372255,120.42384395999755,119.13294527294511,-372.89451741470833,-516.4283563552617,-675.8689587337393,-2350.757041286142,-30.200784774453165,37.17203357459394,743.2944658681488,0.00019666078187044182,7.0911745751962805,8158.700565496207
2024-10-12 17:35:05.680112,1.0,1.0,1.0,1.0,1.0,1.0,1.0,290556.0,0.04050858489526056,0.03757304914762413,0.04621508152756302,0.029548517961177193,0.03191604715477278,0.03496227794613525,-6.358449657758078e-06,0.0003910446539521218,-0.0005372889960805577,-0.0,0.0,0.0,0.0,1.0,0.0,0.0,194.4928190927399,194.19128629110614,194.66979179871814,123.00426307251051,124.34450460436776,121.74554045780033,-85.1965000038533,-631.0797960590974,-728.8882198838774,-2308.1895549846417,-30.214187107885834,36.48264764096879,729.5111583650871,0.0001943313649878053,7.107256243398462,7868.6567059842555
2024-10-12 17:35:05.762494,1.0,1.0,1.0,1.0,1.0,1.0,1.0,290557.0,0.04044423444177086,0.03729472643293347,0.04598908955455482,0.029712222914499722,0.03185519667586617,0.03496227794613525,5.782411586589357e-21,0.0003656108553210895,-0.0005754396940271061,-0.0,0.0,0.0,0.0,1.0,0.0,0.0,193.41566726720595,193.96558303764428,194.13565213716734,126.98161817821594,127.73940998798528,125.47035511960195,-78.6016840194117,-650.8007282813003,-518.8571871340375,-2240.573893756232,-29.841593944766004,35.85594118319655,716.9826341327271,0.0001899120852917656,7.123061727244232,6982.848429626373
2024-10-12 17:35:05.765490,1.0,1.0,1.0,1.0,1.0,1.0,1.0,290558.0,0.03906839817849147,0.0378493252884673,0.045246820880521094,0.029875030834123562,0.03142594437984583,0.03532115794976128,1.2716899315516158e-05,0.0003783277546366057,-0.0006008734926581384,-0.0,0.0,0.0,0.0,1.0,0.0,0.0,193.13457472627638,193.56844622692734,193.31675507985958,130.62581124174764,130.81714187188732,129.63359796537506,-178.02222417339334,-470.4594262188982,-422.223661794562,-2181.496946435214,-29.6480343548627,35.13830831608883,702.635496591891,0.00018593628456756118,7.138550936413546,8270.135870455108
2024-10-12 17:35:05.847774,1.0,1.0,1.0,1.0,1.0,1.0,1.0,290559.0,0.039201510653345636,0.037780445658522906,0.045590908124401384,0.029875030834123562,0.03120910432259612,0.035128370462711604,2.5433798631032317e-05,0.0003656108553210895,-0.0005881565933426223,-0.0,0.0,0.0,0.0,1.0,0.0,0.0,193.1258460243112,193.2455715777979,191.76751720083732,134.67917625227494,134.6362797567088,134.03440831655422,-262.3088304535394,-277.0583750045094,-380.6330203412086,-2130.619659268513,-29.458947544838242,34.538980602137194,690.6532898472876,0.0001828690268993466,7.153776004491958,6590.034165817751
2024-10-12 17:35:05.851777,1.0,1.0,1.0,1.0,1.0,1.0,1.0,290560.0,0.03880080326089556,0.03757304914762413,0.045246820880521094,0.030230122003416366,0.03086527796111811,0.034878935091133,3.497147311766943e-05,0.00035289395600557344,-0.0005976942678292594,-0.0,0.0,0.0,0.0,1.0,0.0,0.0,192.22576159455022,193.22480806282988,191.12352968867842,138.50228958551705,138.28081004572778,138.6903872082272,-390.5290510797146,-141.01356339612744,-223.94041846036805,-2077.1880831134727,-29.369680065055658,33.77504092822009,675.3796781445355,0.00017933423104317896,7.168664374285721,8917.578242253538
2024-10-12 17:35:05.933734,1.0,1.0,1.0,1.0,1.0,1.0,1.0,290561.0,0.039201510653345636,0.03764230828317237,0.044550674429986614,0.030422061214259163,0.030612797008878905,0.03545822155341263,4.6259292692714854e-21,0.00034653550634781527,-0.000572260469198227,-0.0,0.0,0.0,0.0,1.0,0.0,0.0,191.16764744878603,192.42943098190452,191.044511372065,143.83189809025424,143.1758866678236,142.4606245722771,-130.09113013047528,-354.42722312410456,-132.93981672919054,-2032.5218371728988,-29.335051369562308,33.08769578814523,661.6369473903816,0.00017675508937220407,7.18324979321486,7818.8460989502755
2024-10-12 17:35:06.016629,1.0,1.0,1.0,1.0,1.0,1.0,1.0,290562.0,0.03940033615860651,0.03658965855745672,0.0447839256286125,0.030676112065162197,0.031240173622796498,0.03559475737450401,3.815069794654848e-05,0.00035289395600557344,-0.0005595435698827109,-0.0,0.0,0.0,0.0,1.0,0.0,0.0,191.18695111508327,191.4509409398888,190.49140974067507,148.03469525821006,147.91234389566682,147.46499068072697,-77.897274921649,-152.78166218569507,-191.83131846506916,-1971.7001366187808,-29.104940135165954,32.35120402239046,646.9124930279917,0.00017246254535128452,7.197510619727833,8513.043963581205
2024-10-12 17:35:06.019634,1.0,1.0,1.0,1.0,1.0,1.0,1.0,290563.0,0.03999088202492748,0.03565223071686204,0.04449217056439318,0.031022035078891817,0.03173314566510837,0.035920325957808266,-3.1792248288790337e-06,0.00033699783186117815,-0.0005849773685137433,-0.0,0.0,0.0,0.0,1.0,0.0,0.0,189.73133435036206,190.730665481636,190.2691016397016,150.6668470337755,151.3615836900723,149.44745986702208,182.0298876627068,-278.5805292871341,-129.94126918178569,-1900.3714702727193,-28.596494587690785,31.735103396947615,634.5956402675432,0.00016768130558441922,7.211499928064398,6816.460360954276
2024-10-12 17:35:06.101828,1.0,1.0,1.0,1.0,1.0,1.0,1.0,290564.0,0.040185802182344105,0.035725213865335635,0.04384347596324186,0.030928076150071922,0.03151841915858901,0.03567642805328406,-2.225457380215327e-05,0.0003338186070322992,-0.0005563643450538319,-0.0,0.0,0.0,0.0,1.0,0.0,0.0,189.58517054950482,188.2566451339074,188.05892731357739,147.23382242158755,148.42673323197013,146.73261238845103,58.69390238652122,-111.01238613646264,-459.84690191747853,-1959.8969175277227,-30.212136894554472,30.979154251224116,619.474120874903,0.0001758668889017733,7.225155890906795,8726.06226227536
2024-10-12 17:35:06.104828,1.0,1.0,1.0,1.0,1.0,1.0,1.0,290565.0,0.04025056580563931,0.03491400934771429,0.0436051944382425,0.03127121205432006,0.03182472780550264,0.03540345978860444,-3.179224828879039e-05,0.0002861302345991135,-0.0005468266705671948,-0.0,0.0,0.0,0.0,1.0,0.0,0.0,186.5309747428988,186.89690280696473,186.10333966038777,144.22293825239566,144.53817808113266,143.183892916149,-50.05815639149875,-270.5247849965106,-219.41842872678077,-1924.1433543682263,-30.331580211495776,30.294268347427924,605.7783813368064,0.0001765773157568034,7.23850993877982,7698.192322997842
2024-10-12 17:35:06.187040,1.0,1.0,1.0,1.0,1.0,1.0,1.0,290566.0,0.04095620715673985,0.03557909785889397,0.044080469451694804,0.03170255949350469,0.03203740138402003,0.035947323576018514,-3.1792248288790337e-06,0.00029248868425687163,-0.0005404682209094367,-0.0,0.0,0.0,0.0,1.0,0.0,0.0,183.70464571822222,184.69358375383348,183.64404846942725,140.17737381592164,140.3506204517416,139.72078798576754,-161.56159680740507,-236.64179617888294,-139.9731739288888,-1871.9200833317855,-30.25637243404195,29.54530421133709,590.8018252711198,0.00017643913035423071,7.251533836794685,8596.539388258336
2024-10-12 17:35:06.191051,1.0,1.0,1.0,1.0,1.0,1.0,1.0,290567.0,0.04127296521748624,0.03637547335010834,0.04390284427203976,0.0316106234096681,0.032067668184708895,0.03545822155341263,-1.9075348973274234e-05,0.0002988471339146297,-0.00044509147604306553,-0.0,0.0,0.0,0.0,1.0,0.0,0.0,182.1392502994417,181.3559004871377,180.01182760021393,134.61947801939206,135.89794061965927,135.57145265264657,-212.2782400547992,115.68691507193263,-421.788525119078,-1806.8235036858339,-29.98626110928618,28.774718748284986,575.393292664615,0.00017564429033838238,7.264218062268537,8900.585368351205
2024-10-12 17:35:06.272911,1.0,1.0,1.0,1.0,1.0,1.0,1.0,290568.0,0.04164989509779679,0.036231979799249525,0.044198489661446745,0.031549183850304155,0.03242866644143693,0.035211122922407,-2.225457380215327e-05,0.00031156403323014586,-0.0004164784525831542,-0.0,0.0,0.0,0.0,1.0,0.0,0.0,178.1108008394731,177.68333764155878,177.8696556632698,129.27793821190699,131.44185889500102,129.63184678845613,63.17036669081381,-74.89573724629119,-460.2776829834563,-1725.8132280597663,-29.302958359189272,28.125436297914682,562.4108721014987,0.00017395971347514445,7.2766160974935294,7199.886238256403
2024-10-12 17:35:06.355443,1.0,1.0,1.0,1.0,1.0,1.0,1.0,290569.0,0.041712385598201944,0.036447008273383014,0.043784027154931265,0.031178004061435775,0.03218845078999174,0.03510074295512457,-3.1792248288790396e-05,0.000324280932545662,-0.0004132992277542751,-0.0,0.0,0.0,0.0,1.0,0.0,0.0,174.65672767766006,174.3027507560493,173.9508510209527,122.45168728820447,125.27648135256133,123.91408724406793,-17.575041125473295,126.20902600090658,-443.8615581479954,-1609.1395328310193,-27.965347245373877,27.478196127579814,549.471119083648,0.00016886746771414298,7.288728883051996,7213.806290970643
2024-10-12 17:35:06.359443,1.0,1.0,1.0,1.0,1.0,1.0,1.0,290570.0,0.04263875434188017,0.03743414645719283,0.04390284427203976,0.03148762440853117,0.033021561356871405,0.0352936813544323,-3.815069794654847e-05,0.00036879008014996856,-0.0004005823284387589,-0.0,0.0,0.0,0.0,1.0,0.0,0.0,170.76828762673185,169.55271806470208,170.21200576534204,115.7032405567616,118.94233823264099,116.53705582670833,135.8378636012289,3.5223599286867415,-562.3007821954036,-1559.657336262619,-27.862118726536693,26.731971164086247,534.5476638701897,0.00017162859216777134,7.300512689331089,8608.27216177519
2024-10-12 17:35:06.440937,1.0,1.0,1.0,1.0,1.0,1.0,1.0,290571.0,0.04269979768643891,0.03743414645719283,0.044958069872003174,0.03157991857152382,0.03290383705573704,0.034599675713128386,-3.1792248288790396e-05,0.00037514852980772667,-0.0003815069794654847,-0.0,0.0,0.0,0.0,1.0,0.0,0.0,165.80304205774002,165.3099666365941,166.15308893859844,106.85676289090381,110.09193501192799,108.5614686772108,38.02347092381252,5.228172688914521,-458.6160352681063,-1472.901711028583,-27.10197523538858,25.95304757599348,518.9723316386501,0.00017073116550186992,7.311953146064101,9086.91528583632
2024-10-12 17:35:06.443937,1.0,1.0,1.0,1.0,1.0,1.0,1.0,290572.0,0.042882406350036345,0.03798670986099516,0.04536180663361167,0.03130221970899244,0.032696799620819436,0.03454355292563407,-3.1792248288790396e-05,0.00037832775463660567,-0.00039422387878100085,-0.0,0.0,0.0,0.0,1.0,0.0,0.0,161.12460830634626,160.9366060564836,160.1753337882177,97.04543132062612,100.15916597057654,98.63572391992956,-118.86052743446909,-0.0939530856450486,-453.34480887674925,-1433.2233595629873,-27.131115578745717,25.226922564903738,504.44939847866215,0.00017650353344425516,7.323073452803897,8329.149399470443
2024-10-12 17:35:06.525778,1.0,1.0,1.0,1.0,1.0,1.0,1.0,290573.0,0.04276075388833108,0.03886787470812279,0.04553374081900145,0.031178004061435775,0.032933307582966455,0.03496227794613525,2.861302345991135e-05,0.0003815069794654848,-0.0003751485298077266,-0.0,0.0,0.0,0.0,1.0,0.0,0.0,156.0029388480174,156.45159508796257,154.51073935887845,88.70205717376858,90.11976795998304,91.27259289199719,-413.1703138548234,103.17535433324949,-308.8809391733387,-1361.9276818510898,-26.558578642157375,24.48884151607546,489.6892841009652,0.0001787471663095174,7.333868381022301,8507.37534180974
2024-10-12 17:35:06.608987,1.0,1.0,1.0,1.0,1.0,1.0,1.0,290574.0,0.04282162331969714,0.03819186010094626,0.045304350237362054,0.03148762440853117,0.03313886745048406,0.03479539261166803,6.040527174870175e-05,0.00039422387878100085,-0.00035925240566333144,-0.0,0.0,0.0,0.0,1.0,0.0,0.0,150.79770003840332,152.29264398387443,150.26138059127283,88.83075145182767,90.23019882017729,91.52590401448583,-331.25796717473816,144.3851773006551,-163.66860689873494,-1210.6862890802897,-24.273029891269804,23.818931053314532,476.29828242418415,0.00016864451626019905,7.344368112048185,7623.221926826497
2024-10-12 17:35:06.611987,1.0,1.0,1.0,1.0,1.0,1.0,1.0,290575.0,0.04282162331969714,0.03900167157440239,0.04501596824740669,0.031641298451732976,0.03257790177388484,0.035128370462711604,9.219752003749214e-05,0.00041329922775427513,-0.0003433562815189362,-0.0,0.0,0.0,0.0,1.0,0.0,0.0,146.532006106061,147.04161565786518,146.48338217665406,88.95431176463887,91.20448886152238,90.73939884218515,-56.059228967812885,65.24216210717086,-266.4501697956661,-1120.9166174425993,-23.15856356126918,23.113998379938415,462.2033313625599,0.0001657788387554461,7.3545571277084445,8153.174742413006
2024-10-12 17:35:06.694331,1.0,1.0,1.0,1.0,1.0,1.0,1.0,290576.0,0.0423322172659213,0.03880080326089556,0.04536180663361167,0.031641298451732976,0.03254810944778678,0.034515457310635475,8.583907037973405e-05,0.00039422387878100085,-0.00034653550634781527,-0.0,0.0,0.0,0.0,1.0,0.0,0.0,142.553891889696,142.97959892080087,141.25478232807887,89.30458897359377,90.7805900531288,91.11275968595254,-189.87728471182706,148.99509571952873,-186.72159132902576,-1054.210392100728,-22.50559789008166,22.369184272479778,447.3094981465536,0.0001658247840830554,7.364417817089809,8730.045492091178
2024-10-12 17:35:06.698332,1.0,1.0,1.0,1.0,1.0,1.0,1.0,290577.0,0.041774782619765874,0.03859888964444313,0.0451892182844354,0.03185519667586617,0.032308781866774994,0.03532115794976128,0.00012398976832628253,0.0003910446539521219,-0.0003815069794654848,-0.0,0.0,0.0,0.0,1.0,0.0,0.0,137.08864886075278,138.36545473055907,138.24969267367476,90.28128566308608,91.28900650777798,90.38361044383024,-10.41683639333828,-132.39343755234063,-65.42416007921038,-993.7026891867307,-21.99290071823182,21.576829058425204,431.46476303602196,0.00016642420507591383,7.373929218088292,9406.662555528232
2024-10-12 17:35:06.779497,1.0,1.0,1.0,1.0,1.0,1.0,1.0,290578.0,0.0420853800755884,0.038055216156251626,0.04576198155144105,0.03194642892952922,0.03167194378429309,0.035238663890968365,9.219752003749214e-05,0.0003560731808344524,-0.0004419122512141865,-0.0,0.0,0.0,0.0,1.0,0.0,0.0,134.15447629442036,133.36017814974926,132.89152676555952,90.10357014895524,91.94342757873558,90.77415064391309,-16.9850699159665,6.4080497382716715,-227.84417264331267,-950.6361462784441,-21.693712051063663,20.926456470965334,418.45796073787056,0.0001700447506123505,7.383153891356113,7410.41755442372
2024-10-12 17:35:06.783497,1.0,1.0,1.0,1.0,1.0,1.0,1.0,290579.0,0.04214722489965789,0.0378493252884673,0.04615868726430256,0.032007105962223864,0.03157991857152382,0.03515597625908419,0.00010491441935300831,0.0003338186070322991,-0.00045462915052970265,-0.0,0.0,0.0,0.0,1.0,0.0,0.0,129.49500111677116,128.6332026500461,129.08732225295404,90.47452725849672,91.59629390665917,90.89863485006897,-28.62646141278156,-76.540873710059,-200.8554390094831,-921.8050028927441,-21.780602169438527,20.21097104961362,404.14811758439396,0.00017639777847240274,7.392063112081529,8311.326115573123
2024-10-12 17:35:06.864741,1.0,1.0,1.0,1.0,1.0,1.0,1.0,290580.0,0.04164989509779679,0.03764230828317236,0.04632766410980066,0.032637404840404415,0.03105329154533826,0.03515597625908419,8.90182952086131e-05,0.0003433562815189362,-0.00044509147604306553,-0.0,0.0,0.0,0.0,1.0,0.0,0.0,123.96952882289092,125.67490706083917,124.4012583459734,91.68268731697887,90.4636594902353,90.79121978301863,-223.23505410929246,-217.9067476023447,61.78047587014667,-896.5949718226135,-21.83997770701127,19.604934483386256,392.02655872060944,0.00018396120419790336,7.400705119775992,6785.595142262056
2024-10-12 17:35:06.947947,1.0,1.0,1.0,1.0,1.0,1.0,1.0,290581.0,0.04095620715673985,0.037780445658522906,0.04553374081900146,0.03272645658802371,0.031084516582433108,0.03532115794976128,0.00011445209383964543,0.0003338186070322991,-0.0004419122512141865,-0.0,0.0,0.0,0.0,1.0,0.0,0.0,120.87981833283686,120.08050495067646,119.80606410205552,90.69959214646798,92.05889025598087,90.67029046830243,-63.71659935161097,-95.69081048965951,-282.0286900062494,-869.2684732584728,-21.946700392050843,18.915133112483772,378.23008995869236,0.00019183658542483296,7.409042991981304,7932.022493387989
2024-10-12 17:35:06.950947,1.0,1.0,1.0,1.0,1.0,1.0,1.0,290582.0,0.04076497090344802,0.03722482060496381,0.04501596824740669,0.03325575976212062,0.03095942747707764,0.035128370462711604,0.0001144520938396454,0.00033699783186117815,-0.0003910446539521219,-0.0,0.0,0.0,0.0,1.0,0.0,0.0,116.16213470555722,115.83841816515205,115.34747087800584,91.0342879411432,91.93860605768545,91.43251965961687,-119.10923507458469,-76.84525157445708,-190.85849913313916,-804.6186015030001,-21.048804525345705,18.255228457925337,365.0345868679319,0.00019167738912761548,7.417089976651814,7519.356922700919
2024-10-12 17:35:07.034454,1.0,1.0,1.0,1.0,1.0,1.0,1.0,290583.0,0.04089256110871732,0.03637547335010834,0.04547650165015325,0.033284918697807614,0.030453933471522428,0.03518356039534762,8.90182952086131e-05,0.0003433562815189362,-0.0003942238787810009,-0.0,0.0,0.0,0.0,1.0,0.0,0.0,112.05393400566618,110.49526262570907,111.83962090289222,90.67230833882928,92.74921078039681,91.3601029459148,35.49890063321534,-61.55511875768679,-251.9318300496897,-724.8788647224258,-19.794092271038714,17.488485942235755,349.70450642653685,0.00018644386481951697,7.424799018215706,9040.886623943072
2024-10-12 17:35:07.038454,1.0,1.0,1.0,1.0,1.0,1.0,1.0,290584.0,0.04044423444177086,0.03651840306907817,0.045419190346160765,0.03313886745048406,0.03054935072925873,0.03499001478345783,6.994294623533886e-05,0.000321101707716783,-0.00041329922775427513,-0.0,0.0,0.0,0.0,1.0,0.0,0.0,106.66780862266434,106.61557858731912,108.0165391806689,91.71761139789697,92.07489433695835,90.53555004998415,33.64391173887482,-244.9319247492622,-114.85942111183479,-698.2312591943734,-19.80434316808351,16.83700239330984,336.6745022914592,0.00019464739983550002,7.4322208205773315,7396.821369853018
2024-10-12 17:35:07.118493,1.0,1.0,1.0,1.0,1.0,1.0,1.0,290585.0,0.04070102581168387,0.03608791569074071,0.04536180663361167,0.03325575976212062,0.030833830904597324,0.034851109849295854,5.086759726206463e-05,0.0003147432580590249,-0.0004164784525831542,-0.0,0.0,0.0,0.0,1.0,0.0,0.0,102.69387816130386,102.43215788662029,102.63250112478369,91.6767349438353,92.083426165158,91.7884807816582,-112.93001755558181,-132.45637055383975,-142.20600283389265,-677.3107742992236,-20.030023200501635,16.148693052530938,322.9073376303053,0.0002059715300087462,7.439339133442426,7878.749489872444
2024-10-12 17:35:07.201420,1.0,1.0,1.0,1.0,1.0,1.0,1.0,290586.0,0.04089256110871732,0.03594327416403232,0.0447839256286125,0.03325575976212062,0.030676112065162197,0.03462770299655218,1.9075348973274234e-05,0.0003338186070322991,-0.00041965767741203324,-0.0,0.0,0.0,0.0,1.0,0.0,0.0,99.0222943727765,97.5689167599836,98.35855193930439,90.53160468421896,92.85207976561941,92.19689773982105,-50.40564660939049,22.569666580897746,-243.4835717334217,-600.4473714777689,-18.522597126172233,15.48106619710283,309.5597229252198,0.000198955989376216,7.446163205556689,7618.17850245107
2024-10-12 17:35:07.205418,1.0,1.0,1.0,1.0,1.0,1.0,1.0,290587.0,0.041336025552530284,0.03528505068595369,0.04449217056439318,0.03331405211143558,0.03054935072925873,0.034091244666417886,3.17922482887904e-06,0.0003338186070322991,-0.00040694077809651707,-0.0,0.0,0.0,0.0,1.0,0.0,0.0,94.72156652092377,93.27425043280444,93.60727169338074,90.96987293018934,92.88786562582702,91.84379410572097,-68.28334406972661,-9.126639992485968,-298.0609221147409,-597.2193821803149,-19.276021857334257,14.796270003222487,295.8610987923929,0.0002172887898194434,7.45268529911229,7807.137904564616
2024-10-12 17:35:07.286672,1.0,1.0,1.0,1.0,1.0,1.0,1.0,290588.0,0.041587310697157,0.03601566753881429,0.04390284427203976,0.03313886745048406,0.03073929670896773,0.034005767111097776,3.1792248288790396e-05,0.00037196930497884756,-0.0003401770566900572,-0.0,0.0,0.0,0.0,1.0,0.0,0.0,89.65844999003089,89.5755093857422,89.00361427534693,91.48518975484582,93.03154331019904,92.17244747339755,-116.66191606791807,-54.8871030875491,-141.80861236307555,-540.8286774595522,-18.321067760247317,14.097581462352798,281.8904176654105,0.0002170995848079178,7.458899416763937,8009.30225004433
2024-10-12 17:35:07.290762,1.0,1.0,1.0,1.0,1.0,1.0,1.0,290589.0,0.041461858493688546,0.03701431097784902,0.04366488672414647,0.0333431600699038,0.03127121205432006,0.03394866250806731,1.2716899315516158e-05,0.000400582328438759,-0.0003306393822034201,-0.0,0.0,0.0,0.0,1.0,0.0,0.0,84.56651928441046,85.01467227298814,85.59268387756556,92.19333173724219,93.16040163634096,91.10159721604519,-2.6651994575536446,-239.69815259114245,-177.63117375742985,-542.4867421151687,-19.337606800399644,13.397766987310836,267.89079163921053,0.00024089128832930357,7.464804920437405,7960.425253427487
2024-10-12 17:35:07.372093,1.0,1.0,1.0,1.0,1.0,1.0,1.0,290590.0,0.04108320345271294,0.036731754853566174,0.043784027154931265,0.03260766687993288,0.03188563643118791,0.03389146168814632,3.815069794654847e-05,0.0003560731808344524,-0.0003338186070322991,-0.0,0.0,0.0,0.0,1.0,0.0,0.0,81.660599240422,79.81417754921245,80.56423565637984,91.2030259550008,94.42560180218463,92.26419249455894,51.389202780089406,-27.200850249210674,-261.22874456088033,-450.17910141710894,-16.995457704965744,12.649998712209065,252.9436882877229,0.00022247415884754684,7.470380923521437,8691.33994759648
2024-10-12 17:35:07.455397,1.0,1.0,1.0,1.0,1.0,1.0,1.0,290591.0,0.04101975445198809,0.03608791569074071,0.043784027154931265,0.03272645658802371,0.03182472780550264,0.03389146168814632,1.9075348973274238e-05,0.00032428093254566203,-0.0003560731808344524,-0.0,0.0,0.0,0.0,1.0,0.0,0.0,76.5169476694091,76.91103644001498,75.68306871951775,91.7907459306711,92.86262019529215,92.96658495317988,-153.03688916666985,-8.33876220979962,-98.21526807867875,-427.51765406214366,-16.965301671292973,12.034731383786076,240.63780021609995,0.00023609774829778398,7.475685650139534,6810.540682528043
2024-10-12 17:35:07.458397,1.0,1.0,1.0,1.0,1.0,1.0,1.0,290592.0,0.04127296521748623,0.036731754853566174,0.043962132407454745,0.03191604715477278,0.03173314566510837,0.03386282504451316,2.5433798631032307e-05,0.00031156403323014586,-0.00037196930497884756,-0.0,0.0,0.0,0.0,1.0,0.0,0.0,72.52840289932533,71.6420908100116,72.61196440035114,91.71348048118637,92.306532840833,93.20266590262743,-88.6350354694089,21.972454468166312,-56.38263183643215,-354.71791659376555,-15.030588693252152,11.270513048035005,225.36087300892524,0.0002191025003224765,7.48065360538453,8947.190775285411
2024-10-12 17:35:07.540889,1.0,1.0,1.0,1.0,1.0,1.0,1.0,290593.0,0.04095620715673985,0.036943874546794715,0.0436051944382425,0.03173314566510837,0.03194642892952922,0.03319736505550277,2.5433798631032317e-05,0.00030520558357238775,-0.00037196930497884767,-0.0,0.0,0.0,0.0,1.0,0.0,0.0,66.85472072219254,68.49245394552686,67.64283406545714,94.3931119107062,92.52546373276539,91.94726836769495,-110.42427694734943,-249.19592659504386,79.59097561965523,-379.51478485193405,-17.25100083057062,10.506840670971409,210.0805208191896,0.00026788547576486873,7.485284713754589,8828.958471214348
2024-10-12 17:35:07.543849,1.0,1.0,1.0,1.0,1.0,1.0,1.0,290594.0,0.04070102581168387,0.0378493252884673,0.04413951900188092,0.03151841915858901,0.03197678183797181,0.033284918697807614,2.8613023459911357e-05,0.00030202635874350875,-0.0003815069794654848,-0.0,0.0,0.0,0.0,1.0,0.0,0.0,64.19466257287168,62.929294173479335,62.818987479032955,91.62974188691513,94.26101596572471,92.27706510753266,-4.54652437121683,15.570667181921424,-233.9900333569318,-334.88413016800945,-16.29570621701675,9.814772703119305,196.2423621393406,0.00027046944769615073,7.489610767604416,7826.863506625559
2024-10-12 17:35:07.626436,1.0,1.0,1.0,1.0,1.0,1.0,1.0,290595.0,0.040055960801949016,0.037918079796158174,0.04437493143949452,0.031146872746571578,0.032007105962223864,0.03331405211143558,3.1792248288790396e-05,0.000321101707716783,-0.0003878654291232428,-0.0,0.0,0.0,0.0,1.0,0.0,0.0,59.10645739547869,58.53981959609214,60.05204932650904,92.31732148487202,91.9390939951925,93.7721369480933,-73.4747974631187,-3.511425457085638,28.555587761177023,-254.5445480792272,-13.323941005834918,9.123778073764873,182.43261380169866,0.00023536123550795324,7.493632393224223,7899.699095846437
2024-10-12 17:35:07.629436,1.0,1.0,1.0,1.0,1.0,1.0,1.0,290596.0,0.04037978143756249,0.03853134997827472,0.04513154216867338,0.030928076150071922,0.032368779656366614,0.034005767111097776,6.358449657758079e-05,0.0003179224828879039,-0.00042283690224091225,-0.0,0.0,0.0,0.0,1.0,0.0,0.0,54.08536207688839,54.51863874969765,55.28441464342467,93.79262973071098,95.05120590299116,91.30301671918897,100.60992890753108,-207.05731709156174,14.65504701117463,-247.13113410107616,-14.048091045222428,8.401727030801599,167.98926540614363,0.0002694399004059537,7.497335623252732,8286.43876507321
2024-10-12 17:35:07.711890,1.0,1.0,1.0,1.0,1.0,1.0,1.0,290597.0,0.04012093401707996,0.03906839817849147,0.04541919034616077,0.03070772063827226,0.032368779656366614,0.03406277598114669,8.90182952086131e-05,0.00029248868425687163,-0.00044509147604306553,-0.0,0.0,0.0,0.0,1.0,0.0,0.0,49.806739706696156,51.164766348933675,50.00813024352938,94.15673009286552,91.75971312779208,94.35176698279993,-140.317401028561,-55.55610093624725,136.8020800271852,-216.3964315133437,-13.499579143067042,7.655831483171765,153.07393531812298,0.0002788354563847308,7.5007100531157445,8609.946187820988
2024-10-12 17:35:07.794862,1.0,1.0,1.0,1.0,1.0,1.0,1.0,290598.0,0.03953233095432663,0.03893483061427055,0.04513154216867338,0.03120910432259612,0.03284481667269478,0.03431814397393635,9.855596969525021e-05,0.0002638756607969603,-0.0004705252746740978,-0.0,0.0,0.0,0.0,1.0,0.0,0.0,45.75224441165787,46.63737658501852,46.076740639681695,91.8536465971924,93.71725300374202,92.40751820502898,-47.902580240185955,14.359327068615599,-92.87085081388167,-219.72946016787668,-14.970101329250191,7.010542240432473,140.16349906851124,0.0003376753075187499,7.503799879584099,7114.606557513036
2024-10-12 17:35:07.797859,1.0,1.0,1.0,1.0,1.0,1.0,1.0,290599.0,0.039400336158606504,0.03832801689680105,0.04553374081900145,0.031084516582433108,0.03272645658802371,0.03473958601181881,9.855596969525021e-05,0.00027023411045471834,-0.00048642139881849305,-0.0,0.0,0.0,0.0,1.0,0.0,0.0,41.34120622753577,42.334342265501704,42.2723540972252,95.35941085975315,91.96767940050242,90.87644947047733,-18.26263873255747,-65.97450054065976,139.07122527207864,-143.3267061510538,-10.929191868703247,6.263204025480044,125.23059729425171,0.00026730101089609095,7.506560518528897,8669.954737239615
2024-10-12 17:35:07.879835,1.0,1.0,1.0,1.0,1.0,1.0,1.0,290600.0,0.03979500713939933,0.03880080326089556,0.04536180663361167,0.03073929670896773,0.03233879467572394,0.034851109849295854,0.00010491441935300828,0.00029248868425687163,-0.00048642139881849305,-0.0,0.0,0.0,0.0,1.0,0.0,0.0,36.60793484476262,38.45032835792367,38.576186666990516,95.59411462715154,88.06825922418682,94.65782719736977,-137.68271762998512,-53.68704612516472,274.41177409222263,-119.63097045553778,-10.149912666285747,5.629143803360872,112.55186672564797,0.00027543568482792704,7.509041661902049,7090.3780893684025
2024-10-12 17:35:07.882833,1.0,1.0,1.0,1.0,1.0,1.0,1.0,290601.0,0.040185802182344105,0.039201510653345636,0.04581886408620406,0.030676112065162197,0.032637404840404415,0.03457162570793951,0.00013670666764179867,0.00032746015737454104,-0.0004482707008719446,-0.0,0.0,0.0,0.0,1.0,0.0,0.0,32.66038982590901,33.69812118888559,35.072485290617855,91.39790255743816,90.85900127274473,98.58107150694588,-90.21622627497628,38.82787051946819,365.3319449677016,-31.484499057757855,-3.020358232619313,4.9775941737985345,99.54276817294065,9.156334076035468e-05,7.511236026924883,7585.667684035131
2024-10-12 17:35:07.964585,1.0,1.0,1.0,1.0,1.0,1.0,1.0,290602.0,0.040055960801949016,0.038733615672373205,0.04581886408620405,0.03095942747707764,0.03272645658802371,0.03454355292563407,0.00012081054349740349,0.0003179224828879039,-0.0004482707008719446,-0.0,0.0,0.0,0.0,1.0,0.0,0.0,29.353627251028712,28.79333868203328,30.566435425221602,87.17772317273241,97.05198914807146,98.08003209301711,42.29714223472493,67.42317199403492,200.27768256970674,-22.00669364446078,-2.466226492710262,4.260885587612476,85.21052105257091,8.438034219392343e-05,7.513114445522309,8508.805966285134
2024-10-12 17:35:08.047942,1.0,1.0,1.0,1.0,1.0,1.0,1.0,290603.0,0.03979500713939933,0.03906839817849147,0.04530435023736206,0.03105329154533826,0.03296275176192149,0.0350730936850165,0.0001367066676417987,0.00034653550634781527,-0.00041329922775427513,-0.0,0.0,0.0,0.0,1.0,0.0,0.0,26.27734417392485,25.03497012614342,26.892302420112248,82.74951638170698,101.66810108861128,97.99926095306799,-34.57719359646292,282.68398780118036,249.0052980305637,48.73574308578527,6.485666811482289,3.5887213423275246,71.7570110474421,0.00024264629999227755,7.514696288965843,8225.594965309028
2024-10-12 17:35:08.051942,1.0,1.0,1.0,1.0,1.0,1.0,1.0,290604.0,0.03999088202492748,0.03859888964444313,0.04564800383634771,0.03130221970899244,0.03310957989067469,0.03537604711721689,0.00014306511729955676,0.0003751485298077266,-0.000403761553267638,-0.0,0.0,0.0,0.0,1.0,0.0,0.0,21.56350400135923,22.63544263195334,22.67502165077825,86.34567856865245,105.08072127501019,94.78972103426408,-78.37563296313404,194.49218021045778,467.0541749704311,82.88818288475429,13.387032767924563,2.958001394131076,59.126160032813125,0.0005724785978058864,7.5159996923159,7898.594145599147
2024-10-12 17:35:08.133479,1.0,1.0,1.0,1.0,1.0,1.0,1.0,290605.0,0.03959816335788845,0.03859888964444313,0.045304350237362054,0.031022035078891817,0.03310957989067469,0.03532115794976128,0.00014942356695731485,0.00037196930497884756,-0.00042919535189867036,-0.0,0.0,0.0,0.0,1.0,0.0,0.0,18.534015279719846,17.53035464737612,19.866003961729643,91.69613071741506,110.88333818561358,87.78231512332897,113.44903781891428,140.59482259375915,235.40396139600676,55.41904914098294,11.086771019098835,2.38801845785474,47.73373021078426,0.0005577625713678316,7.517051955879658,6900.9931961934835
2024-10-12 17:35:08.137479,1.0,1.0,1.0,1.0,1.0,1.0,1.0,290606.0,0.03913501101148131,0.038666311337125336,0.04513154216867338,0.03127121205432006,0.033284918697807614,0.035211122922407,0.00015260279178619387,0.00036879008014996856,-0.0004228369022409122,-0.0,0.0,0.0,0.0,1.0,0.0,0.0,14.75274370787492,16.02672096898289,17.10623484481752,96.96842186151142,112.75587323636854,85.21171296837629,-97.0372785644163,257.56870830648603,331.77329485115325,57.333607483356275,15.27770816295991,1.7932532806054353,35.836240379520774,0.000803713365526484,7.517841945889802,7397.302220650291
2024-10-12 17:35:08.218898,1.0,1.0,1.0,1.0,1.0,1.0,1.0,290607.0,0.03900167157440239,0.038463691717159486,0.04507379225100918,0.031240173622796498,0.033430331878977426,0.0357036100976489,0.00012398976832628253,0.00037832775463660567,-0.00044509147604306553,-0.0,0.0,0.0,0.0,1.0,0.0,0.0,12.472909049997364,10.662978800665062,16.63167343950254,100.37899649582364,120.975823572898,77.75551363117293,74.85883831043132,210.56800152672986,318.5231451853936,94.97506658696132,35.32622810018614,1.2862307000110607,25.673419661326058,0.0019900916256592577,7.518407902163225,6949.119767400895
2024-10-12 17:35:08.221901,1.0,1.0,1.0,1.0,1.0,1.0,1.0,290608.0,0.03900167157440239,0.038123599349151736,0.045304350237362054,0.030676112065162197,0.033430331878977426,0.035512898874331005,0.00014306511729955676,0.0003910446539521219,-0.00042601612706979125,-0.0,0.0,0.0,0.0,1.0,0.0,0.0,8.728833862903631,9.969530425656579,13.258828989133642,104.75445805520887,125.54466795902134,75.6376878344394,-48.43080758131025,166.10628371580114,539.2927933265062,110.41212467664639,65.92050002762583,0.8027326591625882,15.994389070655656,0.003753685109745933,7.5187604895845155,7819.537375176096
2024-10-12 17:35:08.304515,1.0,1.0,1.0,1.0,1.0,1.0,1.0,290609.0,0.03913501101148131,0.038463691717159486,0.04507379225100918,0.030990747087997286,0.033430331878977426,0.03559475737450401,0.00019075348973274234,0.0003878654291232428,-0.0004260161270697913,-0.0,0.0,0.0,0.0,1.0,0.0,0.0,8.389219711945838,7.480767261141959,9.179143670668276,102.40658982434672,133.92326767717984,74.80979029520006,-53.074076909703535,284.4645891193815,415.5655821279869,105.0313845836586,110.05658283637202,0.4585116558434037,9.113274429642216,0.006211258372601831,7.518961386656387,7566.156312128413
2024-10-12 17:35:08.387917,1.0,1.0,1.0,1.0,1.0,1.0,1.0,290610.0,0.03880080326089556,0.038055216156251626,0.044958069872003174,0.031364143052817484,0.03319736505550277,0.03540345978860444,0.00018121581524610522,0.0003815069794654847,-0.00041647845258315413,-0.0,0.0,0.0,0.0,1.0,0.0,0.0,6.686841919459443,4.021852757943501,8.470348761211156,102.0586974104138,142.54206171977805,66.8436659493856,88.8085156118296,211.7339304588767,310.31720604828985,93.57791015079727,198.05689534379127,0.22795490721456269,4.511851083656457,0.010363247102709932,7.5190608479069425,0.0
2024-10-12 17:35:08.390917,1.0,1.0,1.0,1.0,1.0,1.0,1.0,290611.0,0.03825999906698716,0.03859888964444313,0.04501596824740669,0.03179422973639322,0.03310957989067469,0.036082008662183536,0.0001780365904172262,0.0003815069794654847,-0.0004578083753585817,-0.0,0.0,0.0,0.0,1.0,0.0,0.0,4.141652269974935,2.4990991609046653,8.908371668252894,104.32190967770794,147.43693180623478,60.08852952281575,127.19131666862316,112.24594242355708,353.9974936033598,87.53739748419875,622.6660021724256,0.0682357603568722,1.342486289574451,0.01628831967778808,0.0,0.0
2024-10-12 17:35:08.471297,1.0,1.0,1.0,1.0,1.0,1.0,1.0,290612.0,0.038055216156251626,0.038733615672373205,0.044725726870264354,0.032067668184708895,0.03331405211143558,0.036509662213151245,0.00018439504007498428,0.00041329922775427513,-0.0004705252746740978,-0.0,0.0,0.0,0.0,1.0,0.0,0.0,2.259774174219321,2.3058482673891145,9.343401893589668,105.34227566880058,149.93525351774943,60.54032239216479,91.3061031169123,74.33892539049857,424.01694914580276,83.37993326526784,597.5594983072547,0.06804047043026823,-1.3324526081267003,0.020838186669892286,0.0,0.0
2024-10-12 17:35:08.475253,1.0,1.0,1.0,1.0,1.0,1.0,1.0,290613.0,0.038123599349151736,0.03859888964444313,0.04547650165015325,0.03197678183797181,0.03299216966314644,0.03624297009463465,0.0001843950400749843,0.0004005823284387589,-0.0004991382981340092,-0.0,0.0,0.0,0.0,1.0,0.0,0.0,1.277367765855363,1.726180990104768,9.559195739439755,104.52323649195591,151.81334814183407,65.48141376833073,63.02374282872138,51.012697538931526,476.3621286543723,79.14945011699164,270.7257368367639,0.14336663781582046,-2.7918349491951155,0.026330326312835793,0.0,0.0
2024-10-12 17:35:08.557687,1.0,1.0,1.0,1.0,1.0,1.0,1.0,290614.0,0.038463691717159486,0.03886787470812279,0.045131542168673384,0.03194642892952922,0.03310957989067469,0.036082008662183536,0.00019711193939050042,0.00040376155326763796,-0.0005054967477917672,-0.0,0.0,0.0,0.0,1.0,0.0,0.0,0.9198060071839038,1.3670843180971963,9.613038933309241,99.80598866645926,154.28292503482928,74.2905492687141,49.310163699428806,49.393054191990366,562.076086343385,96.25943144869642,310.06671579232716,0.1541033381464071,-2.964555088435182,0.03812755645218958,0.0,0.0
2024-10-12 17:35:08.640278,1.0,1.0,1.0,1.0,1.0,1.0,1.0,290615.0,0.03893483061427055,0.03886787470812279,0.04541919034616077,0.032097906445255474,0.03290383705573704,0.03645647986559919,0.0001939327145616214,0.00041965767741203324,-0.0004705252746740978,-0.0,0.0,0.0,0.0,1.0,0.0,0.0,1.0118615480641584,1.4076101873381435,9.587823037073429,90.4241635769048,156.28756457465522,83.40720029526183,44.182514974447024,46.18799390769161,680.7435409066187,128.71421884578984,420.05094726606336,0.1541033381464071,-2.9261456462152124,0.05058979207990797,0.0,0.0
2024-10-12 17:35:08.644216,1.0,1.0,1.0,1.0,1.0,1.0,1.0,290616.0,0.03900167157440239,0.03846369171715948,0.044958069872003174,0.032097906445255474,0.032308781866774994,0.036082008662183536,0.00018439504007498428,0.00043237457672754936,-0.0004482707008719446,-0.0,0.0,0.0,0.0,1.0,0.0,0.0,1.1393995521505476,1.4631391619474765,9.561089056940496,79.32687094935012,157.3637323825163,92.83645328380884,43.09368939975903,49.26795989115016,800.1882021318339,165.2715110967153,752.7875674798223,0.11192892000367169,-2.096510017935251,0.06346366164058499,0.0,0.0
2024-10-12 17:35:08.725799,1.0,1.0,1.0,1.0,1.0,1.0,1.0,290617.0,0.03880080326089555,0.03906839817849146,0.04466745228281863,0.032398736885968185,0.03245856839932655,0.03554020599014928,0.00019711193939050045,0.00047688372433185594,-0.00042919535189867036,-0.0,0.0,0.0,0.0,1.0,0.0,0.0,1.3411990389143555,1.5472981871443452,9.542982244459699,68.41907572831084,157.11010128654527,101.20052553053958,43.17847273199744,53.60800511097495,895.1047212092539,0.0,0.0,0.04653236103735996,0.0,1.0,0.0,0.0
2024-10-12 17:35:08.728799,1.0,1.0,1.0,1.0,1.0,1.0,1.0,290618.0,0.03825999906698716,0.03926789767914727,0.044667452282818626,0.03254810944778678,0.03197678183797181,0.03534861318744721,0.00017485736558834716,0.00048642139881849305,-0.0004609876001874607,-0.0,0.0,0.0,0.0,1.0,0.0,0.0,1.515602172691755,1.6719048741261533,9.61015505612016,57.95642545183695,155.87028109305697,108.67727697042305,40.3456751244798,61.31995750319811,980.567504644372,0.0,0.0,0.0,0.0,1.0,0.0,0.0
2024-10-12 17:35:08.810436,1.0,1.0,1.0,1.0,1.0,1.0,1.0,290619.0,0.037918079796158174,0.039400336158606504,0.04466745228281863,0.03251828982682399,0.032007105962223864,0.03543085125095238,0.00014942356695731485,0.0004959590733051301,-0.0004546291505297026,-0.0,0.0,0.0,0.0,1.0,0.0,0.0,1.8087918451558707,1.8530506788758991,9.821053517891762,48.292519275596284,154.12747043254666,115.94598680056856,36.48580918148401,75.0053484834124,1065.941186615592,0.0,0.0,0.0,0.0,1.0,0.0,0.0
2024-10-12 17:35:08.814432,1.0,1.0,1.0,1.0,1.0,1.0,1.0,290620.0,0.03743414645719283,0.03959816335788845,0.04449217056439318,0.032696799620819436,0.03218845078999174,0.03518356039534762,0.00014942356695731485,0.0005086759726206463,-0.0004737044995029769,-0.0,0.0,0.0,0.0,1.0,0.0,0.0,1.953751302759978,1.9095475919800502,9.94702276073584,40.72477953233489,152.3820958325269,125.97942138600494,29.05085794284369,94.62936253503779,1171.1214469118015,0.0,0.0,0.0,0.0,1.0,0.0,0.0
2024-10-12 17:35:08.896036,1.0,1.0,1.0,1.0,1.0,1.0,1.0,290621.0,0.0378493252884673,0.03966388649582423,0.043962132407454745,0.03212811624624381,0.0321582976678794,0.03462770299655218,0.00013988589247067773,0.0005468266705671948,-0.00046416682501633976,-0.0,0.0,0.0,0.0,1.0,0.0,0.0,1.9958797751401938,1.923758646370559,9.981465247565808,34.0094095690851,148.26583347831726,130.41533415695585,20.452455197723083,108.95592811082228,1223.7427188455235,0.0,0.0,0.0,0.0,1.0,0.0,0.0
2024-10-12 17:35:08.980036,1.0,1.0,1.0,1.0,1.0,1.0,1.0,290622.0,0.03832801689680105,0.03966388649582423,0.044080469451694804,0.03197678183797181,0.03185519667586617,0.03437463478414554,0.0001208105434974035,0.0005372889960805577,-0.00045462915052970265,-0.0,0.0,0.0,0.0,1.0,0.0,0.0,2.029561718489278,1.944439930936322,10.02814059134571,28.402027386765738,144.36339170991346,134.10138498868278,11.54823823671493,124.65915176262621,1270.4642851940182,0.0,0.0,0.0,0.0,1.0,0.0,0.0
2024-10-12 17:35:08.982978,1.0,1.0,1.0,1.0,1.0,1.0,1.0,290623.0,0.03839591423416136,0.03966388649582423,0.0434855640497593,0.03242866644143693,0.032007105962223864,0.03426156002122874,0.0001208105434974035,0.0005213928719361625,-0.00046416682501633976,-0.0,0.0,0.0,0.0,1.0,0.0,0.0,2.2673854704124663,2.1532020978089244,10.06304070553872,30.108779670286705,138.23226626442846,136.148315477453,9.18286808149623,120.26735610298006,1293.952456368379,0.0,0.0,0.0,0.0,1.0,0.0,0.0
2024-10-12 17:35:09.064595,1.0,1.0,1.0,1.0,1.0,1.0,1.0,290624.0,0.03825999906698716,0.03953233095432663,0.043664886724146465,0.032368779656366614,0.03151841915858901,0.03428986366919591,7.9480620721976e-05,0.0005086759726206463,-0.0004482707008719446,-0.0,0.0,0.0,0.0,1.0,0.0,0.0,2.5016117874910395,2.203445863328724,10.238550730828504,35.940401247178336,130.40432685742104,137.5830020091654,3.8015856021463157,115.49168972492676,1314.404138230493,0.0,0.0,0.0,0.0,1.0,0.0,0.0
2024-10-12 17:35:09.067598,1.0,1.0,1.0,1.0,1.0,1.0,1.0,290625.0,0.037780445658522906,0.03953233095432663,0.043784027154931265,0.03245856839932655,0.03142594437984583,0.034091244666417886,7.630139589309694e-05,0.00048006294916073494,-0.0004705252746740978,-0.0,0.0,0.0,0.0,1.0,0.0,0.0,2.726623465963731,2.3591129825692496,10.281425231241634,40.8612130152293,122.41692235649077,137.83510199123873,-3.2526309815744403,105.33697708843015,1306.366771526791,0.0,0.0,0.0,0.0,1.0,0.0,0.0
2024-10-12 17:35:09.149274,1.0,1.0,1.0,1.0,1.0,1.0,1.0,290626.0,0.037918079796158174,0.03880080326089555,0.04390284427203976,0.03242866644143693,0.03179422973639322,0.03417650843776925,9.53767448663712e-05,0.00045462915052970265,-0.0004737044995029769,-0.0,0.0,0.0,0.0,1.0,0.0,0.0,2.7441566322386315,2.327154550111277,10.00609668121888,40.192682572055055,112.67677453069078,131.65756088976525,-5.90544662006822,95.01661074036925,1186.5435274015306,0.0,0.0,0.0,0.0,1.0,0.0,0.0
2024-10-12 17:35:09.233027,1.0,1.0,1.0,1.0,1.0,1.0,1.0,290627.0,0.038123599349151736,0.03859888964444313,0.043962132407454745,0.03224867245309928,0.0316106234096681,0.03411968959808029,8.583907037973405e-05,0.0004482707008719446,-0.000483242173989614,-0.0,0.0,0.0,0.0,1.0,0.0,0.0,2.722583494615991,2.2832206787862463,9.74851566297414,39.73030680542742,102.70359699156715,125.15108319503533,-8.549613206852303,87.30244751898488,1071.4113371086974,0.0,0.0,0.0,0.0,1.0,0.0,0.0
2024-10-12 17:35:09.237032,1.0,1.0,1.0,1.0,1.0,1.0,1.0,290628.0,0.038666311337125336,0.03913501101148131,0.043784027154931265,0.03251828982682399,0.03257790177388484,0.03411968959808029,7.312217106421791e-05,0.0004673460498452188,-0.00044509147604306553,-0.0,0.0,0.0,0.0,1.0,0.0,0.0,2.6985928651150455,2.2036516737270033,9.40902493512532,39.52339325458578,92.0805654843439,117.97720009571486,-9.895951772637018,75.20167864889432,946.4065592950737,0.0,0.0,0.0,0.0,1.0,0.0,0.0
2024-10-12 17:35:09.319115,1.0,1.0,1.0,1.0,1.0,1.0,1.0,290629.0,0.039201510653345636,0.03906839817849147,0.04390284427203976,0.03245856839932655,0.032933307582966455,0.03389146168814632,6.994294623533885e-05,0.0004578083753585817,-0.00043237457672754936,-0.0,0.0,0.0,0.0,1.0,0.0,0.0,2.5827699486188833,2.0579329597503646,8.928910244766161,39.3718822653061,79.95405702206263,109.1672170251385,-11.017004018183245,59.47094142190785,804.7276900665598,0.0,0.0,0.0,0.0,1.0,0.0,0.0
2024-10-12 17:35:09.323112,1.0,1.0,1.0,1.0,1.0,1.0,1.0,290630.0,0.03959816335788845,0.03926789767914727,0.044198489661446745,0.0321582976678794,0.033226575237181734,0.03437463478414554,9.53767448663712e-05,0.00048642139881849305,-0.00041965767741203314,-0.0,0.0,0.0,0.0,1.0,0.0,0.0,2.5421816530272325,2.004368091006974,8.529631239564427,38.22376416029825,65.5070887196919,94.44664129272772,-8.933445831333351,38.29949592262145,630.2791059055306,0.0,0.0,0.0,0.0,1.0,0.0,0.0
2024-10-12 17:35:09.403584,1.0,1.0,1.0,1.0,1.0,1.0,1.0,290631.0,0.03953233095432663,0.03886787470812279,0.04425738174574523,0.03248844283583844,0.0333431600699038,0.03423323297213509,8.583907037973408e-05,0.0004387330263853075,-0.00040694077809651707,-0.0,0.0,0.0,0.0,1.0,0.0,0.0,2.5730442155609903,1.989232533930366,8.223319591319349,37.67371300460714,53.62119795399083,83.55693196979729,-5.8737632665378054,20.782400976656657,495.666925080087,0.0,0.0,0.0,0.0,1.0,0.0,0.0
2024-10-12 17:35:09.486524,1.0,1.0,1.0,1.0,1.0,1.0,1.0,290632.0,0.039400336158606504,0.03900167157440239,0.04443358966925188,0.033021561356871405,0.033459338679991214,0.03431814397393635,0.00010809364418188733,0.00043237457672754936,-0.0004228369022409122,-0.0,0.0,0.0,0.0,1.0,0.0,0.0,2.598407242480137,1.9671692819231443,7.901932203437105,37.11642605020254,38.34647911083155,71.10549682462111,-2.698945108206994,2.3705562041428543,360.96376881433207,0.0,0.0,0.0,0.0,1.0,0.0,0.0
2024-10-12 17:35:09.490523,1.0,1.0,1.0,1.0,1.0,1.0,1.0,290633.0,0.03933417265909615,0.039201510653345636,0.04437493143949452,0.03308026640118225,0.03348832035600082,0.03454355292563407,7.9480620721976e-05,0.00044509147604306553,-0.00042283690224091225,-0.0,0.0,0.0,0.0,1.0,0.0,0.0,2.4455522602142996,1.711996652301625,7.546338735598586,32.05346542631664,25.77214990102514,57.4517424827167,-4.96626069449281,-0.9667016481765108,235.745999237009,0.0,0.0,0.0,0.0,1.0,0.0,0.0
2024-10-12 17:35:09.572818,1.0,1.0,1.0,1.0,1.0,1.0,1.0,290634.0,0.03900167157440239,0.03933417265909615,0.043664886724146465,0.03296275176192149,0.03392007415562166,0.03515597625908419,8.583907037973408e-05,0.0004482707008719446,-0.0004132992277542751,-0.0,0.0,0.0,0.0,1.0,0.0,0.0,2.2394983454750363,1.6178959630892977,6.985971692076878,22.02433264147271,17.093897579070312,38.90124955924044,-3.8993976464817175,-2.3246624001939966,107.97117795653301,0.0,0.0,0.0,0.0,1.0,0.0,0.0
2024-10-12 17:35:09.575818,1.0,1.0,1.0,1.0,1.0,1.0,1.0,290635.0,0.03933417265909615,0.03926789767914727,0.04324531047620408,0.03348832035600082,0.03397722680635423,0.03468368961839258,7.9480620721976e-05,0.0004578083753585817,-0.0003942238787810009,-0.0,0.0,0.0,0.0,1.0,0.0,0.0,1.9814173938800832,1.3225919952098382,6.538412035758106,0.16691401875893624,0.5967822806415852,0.7679066754545556,-0.3192800921080564,-0.7840711367560874,5.010928338733715,0.0,0.0,0.0,0.0,1.0,0.0,0.0
2024-10-12 17:35:09.656997,1.0,1.0,1.0,1.0,1.0,1.0,1.0,290636.0,0.03900167157440239,0.04012093401707996,0.04263875434188018,0.03380547898296581,0.033661686417184034,0.03465570761333854,6.676372140645982e-05,0.0004705252746740978,-0.0003528939560055733,-0.0,0.0,0.0,0.0,1.0,0.0,0.0,1.9632028359070535,1.3090279331898789,6.566307250561185,0.16980483472738186,0.5910776554957212,0.7634467450513169,-0.32214500262190887,-0.7698293659867675,5.004635159907396,0.0,0.0,0.0,0.0,1.0,0.0,0.0
2024-10-12 17:35:09.659997,1.0,1.0,1.0,1.0,1.0,1.0,1.0,290637.0,0.03893483061427055,0.04012093401707996,0.04282162331969714,0.03348832035600082,0.03389146168814632,0.034878935091133,6.676372140645982e-05,0.0004514499257008236,-0.0003401770566900572,-0.0,0.0,0.0,0.0,1.0,0.0,0.0,1.952673895522883,1.3029509097078282,6.579630171297258,0.16730004893618125,0.5915054856133652,0.7604039105510396,-0.3146829855720454,-0.7675240410960362,4.9950747093868,0.0,0.0,0.0,0.0,1.0,0.0,0.0
2024-10-12 17:35:09.742795,1.0,1.0,1.0,1.0,1.0,1.0,1.0,290638.0,0.03859888964444313,0.03986040571620479,0.043064240690815186,0.03308026640118225,0.0337192770263005,0.03468368961839258,7.630139589309694e-05,0.00044509147604306553,-0.00034653550634781527,-0.0,0.0,0.0,0.0,1.0,0.0,0.0,1.9451734923228425,1.2991531872182984,6.593687389910456,0.1642502694586213,0.5915036893114988,0.7575068387760029,-0.3068287085296378,-0.7657948560857527,4.986443555535397,0.0,0.0,0.0,0.0,1.0,0.0,0.0
2024-10-12 17:35:09.826367,1.0,1.0,1.0,1.0,1.0,1.0,1.0,290639.0,0.03853134997827472,0.03986040571620479,0.043003714672582107,0.033021561356871405,0.033284918697807614,0.03454355292563407,7.312217106421791e-05,0.0004673460498452188,-0.00033699783186117815,-0.0,0.0,0.0,0.0,1.0,0.0,0.0,1.9364549540752085,1.2939254809785277,6.606854358156535,0.16239802909079382,0.5901367621791762,0.755980116168092,-0.3024249144229209,-0.7609201666358631,4.985845550073604,0.0,0.0,0.0,0.0,1.0,0.0,0.0
2024-10-12 17:35:09.829367,1.0,1.0,1.0,1.0,1.0,1.0,1.0,290640.0,0.037503662109375,0.03986040571620479,0.04282162331969714,0.03299216966314644,0.033168129149298335,0.03457162570793951,5.404682209094367e-05,0.0004514499257008236,-0.00033699783186117815,-0.0,0.0,0.0,0.0,1.0,0.0,0.0,1.9302070029313794,1.2882862083583009,6.618760552018525,0.16108231119387936,0.5892850754563175,0.7554194445543588,-0.298870433828476,-0.7564188763010605,4.991618698552911,0.0,0.0,0.0,0.0,1.0,0.0,0.0
2024-10-12 17:35:09.910859,1.0,1.0,1.0,1.0,1.0,1.0,1.0,290641.0,0.03715478325109878,0.040055960801949016,0.04251640472283598,0.032933307582966455,0.03308026640118225,0.034767500508899686,7.312217106421791e-05,0.0004482707008719446,-0.0003433562815189362,-0.0,0.0,0.0,0.0,1.0,0.0,0.0,1.921009475627587,1.281734354535938,6.629829157549072,0.16037345135412137,0.5896349234993042,0.7597511265899535,-0.29657792466217064,-0.7530324846034709,5.028343779099109,0.0,0.0,0.0,0.0,1.0,0.0,0.0
2024-10-12 17:35:09.913860,1.0,1.0,1.0,1.0,1.0,1.0,1.0,290642.0,0.03722482060496381,0.04012093401707996,0.042023444236177564,0.032785690042080325,0.03299216966314644,0.034599675713128386,7.948062072197598e-05,0.0004514499257008236,-0.0003179224828879039,-0.0,0.0,0.0,0.0,1.0,0.0,0.0,1.9163154788458878,1.2762028273054604,6.640571389048916,0.16134993341722556,0.5899217631078115,0.7611742588946497,-0.2973131161985251,-0.7499461721996836,5.046457845710004,0.0,0.0,0.0,0.0,1.0,0.0,0.0
2024-10-12 17:35:09.996811,1.0,1.0,1.0,1.0,1.0,1.0,1.0,290643.0,0.03715478325109878,0.03999088202492748,0.042455097690623465,0.03272645658802371,0.032696799620819436,0.03457162570793951,0.00010809364418188733,0.0004482707008719446,-0.0003306393822034201,-0.0,0.0,0.0,0.0,1.0,0.0,0.0,1.9093945675902309,1.2704988659553014,6.6521490019856815,0.16271414133825737,0.5929442116074489,0.7609643194166036,-0.2989612120517149,-0.750293298554032,5.054138377694981,0.0,0.0,0.0,0.0,1.0,0.0,0.0
2024-10-12 17:35:10.079792,1.0,1.0,1.0,1.0,1.0,1.0,1.0,290644.0,0.037918079796158174,0.03959816335788845,0.0436051944382425,0.03363285413230715,0.032398736885968185,0.034204882463775475,9.855596969525022e-05,0.00045462915052970265,-0.0003815069794654847,-0.0,0.0,0.0,0.0,1.0,0.0,0.0,1.9040877887701801,1.2668318750302192,6.662315214455813,0.15905318461743473,0.5932363038881581,0.7602303507853937,-0.29122190015265637,-0.7484571574396673,5.057355055138048,0.0,0.0,0.0,0.0,1.0,0.0,0.0
2024-10-12 17:35:10.082793,1.0,1.0,1.0,1.0,1.0,1.0,1.0,290645.0,0.03798670986099516,0.03926789767914727,0.0440804694516948,0.033168129149298335,0.032637404840404415,0.03443103291031149,0.00011127286901076638,0.00044509147604306553,-0.00040376155326763796,-0.0,0.0,0.0,0.0,1.0,0.0,0.0,1.8969057929544806,1.26272955334534,6.671895450188946,0.15780769506758727,0.5903070772811846,0.7609830273420661,-0.2881389919585237,-0.742191092438858,5.069631770590452,0.0,0.0,0.0,0.0,1.0,0.0,0.0
2024-10-12 17:35:10.165354,1.0,1.0,1.0,1.0,1.0,1.0,1.0,290646.0,0.038055216156251626,0.03900167157440239,0.044842048853109995,0.03308026640118225,0.03272645658802371,0.03394866250806731,8.583907037973408e-05,0.00043237457672754936,-0.00042601612706979125,-0.0,0.0,0.0,0.0,1.0,0.0,0.0,1.8915777471336597,1.2594989526000004,6.681159012923994,0.1572907158709568,0.5911438503381878,0.76105441474514,-0.2863923863942009,-0.741360086803957,5.076454197833653,0.0,0.0,0.0,0.0,1.0,0.0,0.0
2024-10-12 17:35:10.168354,1.0,1.0,1.0,1.0,1.0,1.0,1.0,290647.0,0.03839591423416136,0.03832801689680105,0.04466745228281863,0.033459338679991214,0.03299216966314644,0.03357511528435138,0.00011127286901076638,0.0004355538015564284,-0.00043237457672754936,-0.0,0.0,0.0,0.0,1.0,0.0,0.0,1.88515650850468,1.255564300530199,6.689146884586139,0.1600250851782566,0.5911358010661036,0.7586690227224397,-0.2910678717560858,-0.7391818531078898,5.0660930031885645,0.0,0.0,0.0,0.0,1.0,0.0,0.0
2024-10-12 17:35:10.249762,1.0,1.0,1.0,1.0,1.0,1.0,1.0,290648.0,0.03825999906698716,0.03798670986099516,0.04449217056439318,0.033834164163335345,0.032667115729434024,0.033748035476753,0.0001144520938396454,0.0004419122512141864,-0.00042919535189867036,-0.0,0.0,0.0,0.0,1.0,0.0,0.0,1.8793055237996859,1.2529022035380406,6.6976419351107035,0.16106056159674612,0.5929769330977848,0.7579891477486574,-0.2928471800213103,-0.7399892794919765,5.067501509126178,0.0,0.0,0.0,0.0,1.0,0.0,0.0
2024-10-12 17:35:10.252763,1.0,1.0,1.0,1.0,1.0,1.0,1.0,290649.0,0.038733615672373205,0.038123599349151736,0.044842048853109995,0.03397722680635423,0.03245856839932655,0.034005767111097776,0.00010173519452412927,0.00041647845258315413,-0.0004355538015564284,-0.0,0.0,0.0,0.0,1.0,0.0,0.0,1.8736750729261906,1.2500419891462917,6.704642437234644,0.16439717622725022,0.5924036561696494,0.7578671033206843,-0.2975995071632027,-0.737471924275505,5.072011449812135,0.0,0.0,0.0,0.0,1.0,0.0,0.0
2024-10-12 17:35:10.335420,1.0,1.0,1.0,1.0,1.0,1.0,1.0,290650.0,0.03966388649582423,0.037918079796158174,0.0447839256286125,0.03403428348265909,0.032067668184708895,0.0337192770263005,8.583907037973408e-05,0.00040694077809651707,-0.0004132992277542751,-0.0,0.0,0.0,0.0,1.0,0.0,0.0,1.8672203243675867,1.2471267957824708,6.713560118434447,0.16523832268057342,0.5929192018223453,0.757069460204414,-0.2983424743433516,-0.7363250273291345,5.073300478293911,0.0,0.0,0.0,0.0,1.0,0.0,0.0
2024-10-12 17:35:10.418343,1.0,1.0,1.0,1.0,1.0,1.0,1.0,290651.0,0.03979500713939933,0.03757304914762413,0.04513154216867338,0.03377676944149575,0.03218845078999174,0.03348832035600082,8.90182952086131e-05,0.00041965767741203324,-0.00041329922775427513,-0.0,0.0,0.0,0.0,1.0,0.0,0.0,1.86017587989729,1.2434746680101492,6.721717008164609,0.16877950085628285,0.5935737056176956,0.7512952455808631,-0.30396470216041255,-0.7350250418760735,5.040606364663385,0.0,0.0,0.0,0.0,1.0,0.0,0.0
2024-10-12 17:35:10.421341,1.0,1.0,1.0,1.0,1.0,1.0,1.0,290652.0,0.03946638873835309,0.03825999906698716,0.04581886408620405,0.03351727697218139,0.03254810944778678,0.03357511528435138,7.630139589309694e-05,0.0004164784525831542,-0.00046416682501633976,-0.0,0.0,0.0,0.0,1.0,0.0,0.0,1.8518247018558307,1.240219113261586,6.7298810407980625,0.16912094264795022,0.594256874346731,0.7446150060016804,-0.3033713667107515,-0.7338879538475779,5.001855760448663,0.0,0.0,0.0,0.0,1.0,0.0,0.0
2024-10-12 17:35:10.503365,1.0,1.0,1.0,1.0,1.0,1.0,1.0,290653.0,0.03946638873835309,0.03832801689680105,0.045304350237362054,0.03337224263981984,0.03257790177388484,0.03331405211143558,8.90182952086131e-05,0.00041012000292539613,-0.0004514499257008236,-0.0,0.0,0.0,0.0,1.0,0.0,0.0,1.8454147516688801,1.2364682569100789,6.7362061507069475,0.16876231710606318,0.5922362841160715,0.7400784907345963,-0.30132540727099044,-0.7292124705883549,4.9765614608203075,0.0,0.0,0.0,0.0,1.0,0.0,0.0
2024-10-12 17:35:10.507365,1.0,1.0,1.0,1.0,1.0,1.0,1.0,290654.0,0.038463691717159486,0.03853134997827472,0.04507379225100917,0.03221857569203676,0.03251828982682399,0.03299216966314644,0.00012398976832628253,0.00041012000292539613,-0.00041329922775427513,-0.0,0.0,0.0,0.0,1.0,0.0,0.0,1.8414490055220598,1.23364172727182,6.742373300828005,0.16921849223745716,0.5938996369330772,0.7334363277364901,-0.30148112831040974,-0.7293241850163698,4.937338918342099,0.0,0.0,0.0,0.0,1.0,0.0,0.0
2024-10-12 17:35:10.589565,1.0,1.0,1.0,1.0,1.0,1.0,1.0,290655.0,0.037918079796158174,0.03906839817849147,0.04507379225100919,0.03224867245309928,0.03251828982682399,0.033284918697807614,0.00011763131866852444,0.00041965767741203314,-0.0004164784525831542,-0.0,0.0,0.0,0.0,1.0,0.0,0.0,1.8360877069471309,1.2303237758484193,6.748118798974505,0.17050005824150957,0.5990926590484963,0.7300823880572719,-0.30257315629387693,-0.7339618729275112,4.919313794330583,0.0,0.0,0.0,0.0,1.0,0.0,0.0
2024-10-12 17:35:10.671960,1.0,1.0,1.0,1.0,1.0,1.0,1.0,290656.0,0.03825999906698716,0.03880080326089556,0.044550674429986614,0.03185519667586617,0.032696799620819436,0.03351727697218139,0.00013034821798404061,0.0004355538015564284,-0.00042283690224091225,-0.0,0.0,0.0,0.0,1.0,0.0,0.0,1.8318123640710118,1.2270757838646429,6.754203047892427,0.17148384505208605,0.6028462240174971,0.7298378177156324,-0.3035088555686289,-0.7368426627442127,4.922697990849125,0.0,0.0,0.0,0.0,1.0,0.0,0.0
2024-10-12 17:35:10.675956,1.0,1.0,1.0,1.0,1.0,1.0,1.0,290657.0,0.037918079796158174,0.03979500713939933,0.0446091015690999,0.03157991857152382,0.03233879467572394,0.033834164163335345,0.00010809364418188734,0.00045144992570082354,-0.0003910446539521219,-0.0,0.0,0.0,0.0,1.0,0.0,0.0,1.8284485836782007,1.2235945039300173,6.760527748336302,0.1746325189482467,0.6051002416510971,0.7296215208585884,-0.30874736861120433,-0.7375711404810443,4.925976091252312,0.0,0.0,0.0,0.0,1.0,0.0,0.0
2024-10-12 17:35:10.757373,1.0,1.0,1.0,1.0,1.0,1.0,1.0,290658.0,0.03825999906698716,0.039925697169818586,0.044725726870264354,0.031115710284795706,0.032308781866774994,0.03426156002122874,0.0001144520938396454,0.00042919535189867025,-0.00041965767741203324,-0.0,0.0,0.0,0.0,1.0,0.0,0.0,1.8254347164375555,1.2194706137024178,6.7658575334662965,0.17554895011018776,0.6058650435588178,0.7300256801809797,-0.3099666875422184,-0.7360545030513344,4.931946322233743,0.0,0.0,0.0,0.0,1.0,0.0,0.0
2024-10-12 17:35:10.761373,1.0,1.0,1.0,1.0,1.0,1.0,1.0,290659.0,0.03764230828317236,0.03953233095432663,0.04384347596324186,0.03142594437984583,0.03296275176192149,0.0344028454042274,0.0001303482179840406,0.0004482707008719445,-0.0004164784525831542,-0.0,0.0,0.0,0.0,1.0,0.0,0.0,1.8206747312126692,1.2156532038275236,6.771608492644814,0.17686132460636034,0.6076357010843324,0.7300203645805006,-0.31152608260215003,-0.7360008347083896,4.936218481293378,0.0,0.0,0.0,0.0,1.0,0.0,0.0
2024-10-12 17:35:10.843076,1.0,1.0,1.0,1.0,1.0,1.0,1.0,290660.0,0.037711440220720746,0.039729500910396995,0.043784027154931265,0.031115710284795706,0.03308026640118225,0.03448733880714076,0.00012398976832628253,0.00044509147604306553,-0.0004355538015564284,-0.0,0.0,0.0,0.0,1.0,0.0,0.0,1.8189090189853863,1.2139643425570918,6.775857167498222,0.17997527342021916,0.6105161410380396,0.7273918361328261,-0.31648899554104104,-0.7385546669039165,4.921748681043739,0.0,0.0,0.0,0.0,1.0,0.0,0.0
2024-10-12 17:35:10.925203,1.0,1.0,1.0,1.0,1.0,1.0,1.0,290661.0,0.037918079796158174,0.03926789767914727,0.043843475963241854,0.030990747087997286,0.03337224263981984,0.03510074295512457,0.00010173519452412927,0.0004450914760430655,-0.0004609876001874607,-0.0,0.0,0.0,0.0,1.0,0.0,0.0,1.8168641365338187,1.2113896886515518,6.780606648559948,0.17713572225985988,0.6129560995167821,0.7285541541452856,-0.3098547523347015,-0.7399215317247898,4.933565645261167,0.0,0.0,0.0,0.0,1.0,0.0,0.0
2024-10-12 17:35:10.929202,1.0,1.0,1.0,1.0,1.0,1.0,1.0,290662.0,0.037711440220720746,0.03839591423416136,0.04390284427203976,0.030928076150071922,0.03313886745048406,0.03518356039534762,8.901829520861311e-05,0.0004419122512141865,-0.00043237457672754936,-0.0,0.0,0.0,0.0,1.0,0.0,0.0,1.8148483633366588,1.2092057851037123,6.783943465564019,0.17748554096879984,0.6130942313463337,0.7309679127741884,-0.3106635118064481,-0.7388407151347004,4.952208686942895,0.0,0.0,0.0,0.0,1.0,0.0,0.0
2024-10-12 17:35:11.011002,1.0,1.0,1.0,1.0,1.0,1.0,1.0,290663.0,0.03819186010094626,0.038867874708122786,0.04425738174574523,0.030581090322992784,0.033168129149298335,0.03545822155341263,8.265984555085502e-05,0.0004705252746740978,-0.00041329922775427513,-0.0,0.0,0.0,0.0,1.0,0.0,0.0,1.8117660304833687,1.2078718251017215,6.7881913267790175,0.18199260280573543,0.6143038347885316,0.7342534682527465,-0.3181758834040642,-0.7394395301213352,4.9764458312357895,0.0,0.0,0.0,0.0,1.0,0.0,0.0
2024-10-12 17:35:11.014999,1.0,1.0,1.0,1.0,1.0,1.0,1.0,290664.0,0.03839591423416136,0.03940033615860651,0.044080469451694804,0.03077084037730748,0.03340129988750126,0.03559475737450401,8.583907037973405e-05,0.00047688372433185594,-0.0004164784525831542,-0.0,0.0,0.0,0.0,1.0,0.0,0.0,1.8070880728838414,1.2066252948619918,6.792438832264212,0.18538643962872497,0.6115941398182194,0.7364957391631897,-0.32426406110345296,-0.7353905118530457,4.994740937038329,0.0,0.0,0.0,0.0,1.0,0.0,0.0
2024-10-12 17:35:11.096461,1.0,1.0,1.0,1.0,1.0,1.0,1.0,290665.0,0.038666311337125336,0.03913501101148131,0.044021340693420404,0.03064447088906264,0.03340129988750126,0.03559475737450401,7.312217106421791e-05,0.0004959590733051301,-0.00041965767741203324,-0.0,0.0,0.0,0.0,1.0,0.0,0.0,1.8029316133994955,1.2046195145854999,6.796352157189092,0.1828985083810039,0.6110019635238165,0.7395118642351987,-0.3190624897282178,-0.7334281479433916,5.017277566116273,0.0,0.0,0.0,0.0,1.0,0.0,0.0
2024-10-12 17:35:11.100458,1.0,1.0,1.0,1.0,1.0,1.0,1.0,290666.0,0.03832801689680105,0.039135011011481306,0.04449217056439318,0.03095942747707764,0.03331405211143558,0.03600125807533038,6.358449657758079e-05,0.0005023175229628882,-0.0004419122512141865,-0.0,0.0,0.0,0.0,1.0,0.0,0.0,1.7986152731977736,1.2047172089344016,6.798770105135669,0.18126906723300434,0.6111102244007595,0.7383720512833659,-0.31540935854429114,-0.7335655905427069,5.010722244222584,0.0,0.0,0.0,0.0,1.0,0.0,0.0
2024-10-12 17:35:11.182175,1.0,1.0,1.0,1.0,1.0,1.0,1.0,290667.0,0.03819186010094626,0.03832801689680105,0.044609101569099904,0.031084516582433108,0.03360399710929144,0.03578503234728569,6.676372140645982e-05,0.0004737044995029769,-0.00046416682501633976,-0.0,0.0,0.0,0.0,1.0,0.0,0.0,1.7942161289936418,1.2031281394407738,6.802688977263309,0.18132545126967956,0.6115208668073424,0.7421854722618134,-0.3136775830545174,-0.7331612907079866,5.039165940317766,0.0,0.0,0.0,0.0,1.0,0.0,0.0
2024-10-12 17:35:11.264470,1.0,1.0,1.0,1.0,1.0,1.0,1.0,290668.0,0.03798670986099516,0.03825999906698716,0.044900096837092805,0.0313331966781849,0.03357511528435138,0.03543085125095238,6.040527174870175e-05,0.00048642139881849305,-0.00045462915052970265,-0.0,0.0,0.0,0.0,1.0,0.0,0.0,1.7895911045885062,1.201325478753542,6.807525634685869,0.18158230547833026,0.6101606247688228,0.7402855751637172,-0.3121240397027198,-0.7304384822922727,5.02946290408679,0.0,0.0,0.0,0.0,1.0,0.0,0.0
2024-10-12 17:35:11.268468,1.0,1.0,1.0,1.0,1.0,1.0,1.0,290669.0,0.037918079796158174,0.03859888964444313,0.04518921828443541,0.03086527796111811,0.03337224263981984,0.03468368961839258,4.132992277542751e-05,0.00044509147604306553,-0.00045462915052970265,-0.0,0.0,0.0,0.0,1.0,0.0,0.0,1.7870356572085253,1.2013428239713724,6.81244556104973,0.17906598777950025,0.6057267122228822,0.7401335129398753,-0.3069347667970774,-0.7249407320611041,5.032030922942316,0.0,0.0,0.0,0.0,1.0,0.0,0.0
2024-10-12 17:35:11.349568,1.0,1.0,1.0,1.0,1.0,1.0,1.0,290670.0,0.038123599349151736,0.03859888964444313,0.04541919034616077,0.03105329154533826,0.03313886745048406,0.03496227794613525,6.994294623533888e-05,0.0004419122512141865,-0.0004705252746740978,-0.0,0.0,0.0,0.0,1.0,0.0,0.0,1.7834418824802711,1.1992014407439187,6.816697822963267,0.17591684980643096,0.5987660054596466,0.7419901976719363,-0.3004428464683784,-0.7152125437881937,5.047652081986929,0.0,0.0,0.0,0.0,1.0,0.0,0.0
2024-10-12 17:35:11.353568,1.0,1.0,1.0,1.0,1.0,1.0,1.0,290671.0,0.03832801689680105,0.03959816335788845,0.045590908124401384,0.03148762440853117,0.03257790177388484,0.03448733880714076,7.948062072197598e-05,0.00046416682501633976,-0.00048006294916073494,-0.0,0.0,0.0,0.0,1.0,0.0,0.0,1.7819194507201013,1.1979502370757253,6.820530488200152,0.17686461862488145,0.5956996571477577,0.744865112750442,-0.30315851634686086,-0.7107799726503867,5.069643141786136,0.0,0.0,0.0,0.0,1.0,0.0,0.0
2024-10-12 17:35:11.434918,1.0,1.0,1.0,1.0,1.0,1.0,1.0,290672.0,0.03859888964444313,0.03979500713939933,0.045246820880521094,0.031115710284795706,0.03218845078999174,0.03434640099311143,9.219752003749215e-05,0.000483242173989614,-0.0005023175229628882,-0.0,0.0,0.0,0.0,1.0,0.0,0.0,1.778408909570001,1.196787360694133,6.825194399007556,0.17600175269533677,0.5914025409045411,0.7477168750890996,-0.3012808602754715,-0.7048778027327687,5.092576067967517,0.0,0.0,0.0,0.0,1.0,0.0,0.0
2024-10-12 17:35:11.519085,1.0,1.0,1.0,1.0,1.0,1.0,1.0,290673.0,0.037780445658522906,0.03933417265909615,0.045875676090774385,0.03130221970899244,0.03224867245309928,0.03411968959808029,7.948062072197598e-05,0.0004578083753585817,-0.0005245720967650415,-0.0,0.0,0.0,0.0,1.0,0.0,0.0,1.7773941568447333,1.1950561813081602,6.830696241719073,0.1732672623848375,0.5884747057459667,0.746891960594897,-0.2966750739510388,-0.7003402856356798,5.0919049066920685,0.0,0.0,0.0,0.0,1.0,0.0,0.0
2024-10-12 17:35:11.522089,1.0,1.0,1.0,1.0,1.0,1.0,1.0,290674.0,0.037780445658522906,0.03853134997827471,0.045590908124401384,0.03130221970899244,0.032067668184708895,0.033748035476753,6.040527174870175e-05,0.0004514499257008236,-0.0005404682209094367,-0.0,0.0,0.0,0.0,1.0,0.0,0.0,1.776135899319185,1.191573161795051,6.836956745674241,0.17167073192558663,0.588400359470664,0.7468036001787858,-0.2935740218871651,-0.6981908373813503,5.095497897539649,0.0,0.0,0.0,0.0,1.0,0.0,0.0
2024-10-12 17:35:11.604138,1.0,1.0,1.0,1.0,1.0,1.0,1.0,290675.0,0.03825999906698716,0.038666311337125336,0.04587567609077438,0.031240173622796498,0.03167194378429309,0.03363285413230715,7.948062072197598e-05,0.0004387330263853075,-0.0005404682209094367,-0.0,0.0,0.0,0.0,1.0,0.0,0.0,1.776554440087635,1.1900479276479508,6.842870069785827,0.17066552684163538,0.585030074641589,0.7467490385094023,-0.29119836085241874,-0.6933300423214536,5.1000392562000725,0.0,0.0,0.0,0.0,1.0,0.0,0.0
2024-10-12 17:35:11.607136,1.0,1.0,1.0,1.0,1.0,1.0,1.0,290676.0,0.03819186010094626,0.0387336156723732,0.04621508152756301,0.030676112065162197,0.03151841915858901,0.033430331878977426,8.583907037973408e-05,0.0004260161270697913,-0.0005341097712516786,-0.0,0.0,0.0,0.0,1.0,0.0,0.0,1.7748006018675164,1.1854754271247154,6.8479431960708155,0.17193084405486225,0.5822959389819182,0.7513356941485094,-0.2922092344962726,-0.6874567440547119,5.13542874271353,0.0,0.0,0.0,0.0,1.0,0.0,0.0
2024-10-12 17:35:11.688246,1.0,1.0,1.0,1.0,1.0,1.0,1.0,290677.0,0.038666311337125336,0.038867874708122786,0.04615868726430256,0.030485772407004817,0.03120910432259612,0.033661686417184034,0.00010173519452412925,0.00041965767741203324,-0.0005563643450538319,-0.0,0.0,0.0,0.0,1.0,0.0,0.0,1.7729688022235102,1.1830773713346805,6.8535251212831545,0.16967121739256982,0.5816390698262893,0.7504259512744625,-0.28909472960141,-0.6853095204166978,5.133435986928427,0.0,0.0,0.0,0.0,1.0,0.0,0.0
2024-10-12 17:35:11.692246,1.0,1.0,1.0,1.0,1.0,1.0,1.0,290678.0,0.0387336156723732,0.0387336156723732,0.04581886408620406,0.03064447088906264,0.030928076150071922,0.03363285413230715,6.994294623533886e-05,0.000403761553267638,-0.0005531851202249528,-0.0,0.0,0.0,0.0,1.0,0.0,0.0,1.7695845911106027,1.1805103715160745,6.857863107584068,0.17174958994928755,0.57998523908709,0.7555701321769347,-0.29325771845395865,-0.6819474586202292,5.173199561140941,0.0,0.0,0.0,0.0,1.0,0.0,0.0
2024-10-12 17:35:11.774022,1.0,1.0,1.0,1.0,1.0,1.0,1.0,290679.0,0.03859888964444313,0.03825999906698716,0.04581886408620405,0.030802351742838057,0.03070772063827226,0.03417650843776925,9.855596969525022e-05,0.0004260161270697913,-0.0005754396940271061,-0.0,0.0,0.0,0.0,1.0,0.0,0.0,1.7678061575531012,1.1752904453662143,6.862119109658619,0.17216950140960519,0.5807886028874772,0.7570788776020907,-0.29405276226197574,-0.6799749493667926,5.186845462752982,0.0,0.0,0.0,0.0,1.0,0.0,0.0
2024-10-12 17:35:11.857358,1.0,1.0,1.0,1.0,1.0,1.0,1.0,290680.0,0.038123599349151736,0.038055216156251626,0.04610222401715648,0.03095942747707764,0.030676112065162197,0.03414811083549323,6.994294623533886e-05,0.000400582328438759,-0.0005786189188559852,-0.0,0.0,0.0,0.0,1.0,0.0,0.0,1.7645004498303745,1.1700427795512167,6.865617206554303,0.17285208163802798,0.5819438223010881,0.7569524245176592,-0.29558614318858545,-0.6783605591842423,5.18910361232079,0.0,0.0,0.0,0.0,1.0,0.0,0.0
2024-10-12 17:35:11.861362,1.0,1.0,1.0,1.0,1.0,1.0,1.0,290681.0,0.03757304914762413,0.03743414645719283,0.04570502822314875,0.031084516582433108,0.03070772063827226,0.03423323297213509,3.497147311766944e-05,0.0003656108553210895,-0.0005500058953960738,-0.0,0.0,0.0,0.0,1.0,0.0,0.0,1.762678633679169,1.164869860722101,6.869444569988684,0.1735210323103529,0.5807336373960166,0.7530222247518683,-0.29667412144518734,-0.6739378936867588,5.164768538651452,0.0,0.0,0.0,0.0,1.0,0.0,0.0
2024-10-12 17:35:11.942403,1.0,1.0,1.0,1.0,1.0,1.0,1.0,290682.0,0.0373645014732293,0.038055216156251626,0.04576198155144106,0.03170255949350469,0.030896693010431804,0.03414811083549323,2.861302345991135e-05,0.00034653550634781527,-0.0005341097712516786,-0.0,0.0,0.0,0.0,1.0,0.0,0.0,1.761102923622318,1.1569802432088014,6.872607300858841,0.17370560922567735,0.5793461635233997,0.7526157855028403,-0.29601328003446065,-0.6678719137893003,5.164363978086653,0.0,0.0,0.0,0.0,1.0,0.0,0.0
2024-10-12 17:35:11.945403,1.0,1.0,1.0,1.0,1.0,1.0,1.0,290683.0,0.038463691717159486,0.03764230828317236,0.04518921828443541,0.03203740138402003,0.03070772063827226,0.03426156002122874,3.179224828879038e-05,0.0003338186070322991,-0.0005213928719361625,-0.0,0.0,0.0,0.0,1.0,0.0,0.0,1.7584203335590778,1.1497812191130503,6.874189257338336,0.17292243110700398,0.5763145238157429,0.7493433584014038,-0.2940484686263272,-0.6602970573872927,5.1421561632803625,0.0,0.0,0.0,0.0,1.0,0.0,0.0
2024-10-12 17:35:12.027753,1.0,1.0,1.0,1.0,1.0,1.0,1.0,290684.0,0.03886787470812279,0.038123599349151736,0.04513154216867338,0.03242866644143693,0.030453933471522428,0.03434640099311143,3.4971473117669426e-05,0.00033699783186117815,-0.0005277513215939206,-0.0,0.0,0.0,0.0,1.0,0.0,0.0,1.7534995707722907,1.1439333237669909,6.874936005497063,0.17639747434810202,0.5740863769844962,0.7472755798718208,-0.2991227763886206,-0.6543319211557026,5.128683218227532,0.0,0.0,0.0,0.0,1.0,0.0,0.0
2024-10-12 17:35:12.111853,1.0,1.0,1.0,1.0,1.0,1.0,1.0,290685.0,0.03819186010094626,0.03798670986099516,0.044900096837092805,0.03284481667269478,0.03086527796111811,0.03437463478414554,2.5433798631032307e-05,0.000324280932545662,-0.00048642139881849305,-0.0,0.0,0.0,0.0,1.0,0.0,0.0,1.747836408099587,1.1390395701391496,6.877021411342327,0.18144519679481383,0.576117059393947,0.7480300414922123,-0.3072739577053252,-0.6538897397637622,5.135115753075516,0.0,0.0,0.0,0.0,1.0,0.0,0.0
2024-10-12 17:35:12.114857,1.0,1.0,1.0,1.0,1.0,1.0,1.0,290686.0,0.03798670986099516,0.03825999906698716,0.044080469451694804,0.03310957989067469,0.031146872746571578,0.0344028454042274,3.179224828879038e-05,0.0003528939560055733,-0.0004705252746740978,-0.0,0.0,0.0,0.0,1.0,0.0,0.0,1.7427844732710525,1.136163231545591,6.879770332074088,0.17931097875237484,0.5747267195819211,0.7479850702988958,-0.3033995087379404,-0.6506558541355104,5.136866702739372,0.0,0.0,0.0,0.0,1.0,0.0,0.0
2024-10-12 17:35:12.196752,1.0,1.0,1.0,1.0,1.0,1.0,1.0,290687.0,0.037711440220720746,0.037918079796158174,0.04390284427203976,0.0333431600699038,0.031115710284795706,0.034091244666417886,6.358449657758079e-06,0.00036879008014996856,-0.0004673460498452188,-0.0,0.0,0.0,0.0,1.0,0.0,0.0,1.7400916051648634,1.1345332430312027,6.881017895518838,0.18296705704881902,0.5722559922385464,0.7458380574058018,-0.3086972874095018,-0.6468747465362498,5.122720947924144,0.0,0.0,0.0,0.0,1.0,0.0,0.0
2024-10-12 17:35:12.199755,1.0,1.0,1.0,1.0,1.0,1.0,1.0,290688.0,0.037711440220720746,0.037780445658522906,0.0434855640497593,0.03351727697218139,0.03167194378429309,0.034515457310635475,3.497147311766944e-05,0.00037514852980772667,-0.00044509147604306553,-0.0,0.0,0.0,0.0,1.0,0.0,0.0,1.7367751388570603,1.131569069717522,6.881683372075335,0.1778947265836097,0.5718307254093442,0.7462559881094682,-0.2980456983314321,-0.64474656670728,5.126061573082299,0.0,0.0,0.0,0.0,1.0,0.0,0.0
2024-10-12 17:35:12.281582,1.0,1.0,1.0,1.0,1.0,1.0,1.0,290689.0,0.03832801689680105,0.03825999906698716,0.04354542032592321,0.03357511528435138,0.03127121205432006,0.03445919735911931,2.225457380215327e-05,0.0003942238787810009,-0.0004355538015564284,-0.0,0.0,0.0,0.0,1.0,0.0,0.0,1.7331224011097741,1.1301453562415789,6.884442538270217,0.18045165938964366,0.569680411020747,0.7450909141261002,-0.30161870758275,-0.6414600030898497,5.119987054274767,0.0,0.0,0.0,0.0,1.0,0.0,0.0
2024-10-12 17:35:12.365291,1.0,1.0,1.0,1.0,1.0,1.0,1.0,290690.0,0.038123599349151736,0.03825999906698716,0.043003714672582107,0.033459338679991214,0.03157991857152382,0.03406277598114669,2.2254573802153277e-05,0.00043237457672754936,-0.000403761553267638,-0.0,0.0,0.0,0.0,1.0,0.0,0.0,1.7289238803167124,1.128810265459217,6.888278348287674,0.1825722063306278,0.568996556710234,0.7448755630521081,-0.30494830638177595,-0.6399401780246632,5.121081018809867,0.0,0.0,0.0,0.0,1.0,0.0,0.0
2024-10-12 17:35:12.368291,1.0,1.0,1.0,1.0,1.0,1.0,1.0,290691.0,0.03886787470812279,0.03798670986099516,0.042393702000235525,0.0333431600699038,0.0316106234096681,0.03403428348265909,4.76883724331856e-05,0.00042919535189867036,-0.00038468620429436373,-0.0,0.0,0.0,0.0,1.0,0.0,0.0,1.7254834749658774,1.128868374513116,6.893282248144142,0.1860025777787083,0.5730489093928074,0.7418149141324807,-0.3103197202739109,-0.6444261735966316,5.102154100947121,0.0,0.0,0.0,0.0,1.0,0.0,0.0
2024-10-12 17:35:12.450016,1.0,1.0,1.0,1.0,1.0,1.0,1.0,290692.0,0.03900167157440239,0.0378493252884673,0.042023444236177564,0.03310957989067469,0.03173314566510837,0.03417650843776925,3.497147311766944e-05,0.00043237457672754936,-0.00036879008014996856,-0.0,0.0,0.0,0.0,1.0,0.0,0.0,1.721079010684059,1.1306944091850155,6.897288947492478,0.18604160840480988,0.577747420842001,0.7345070403188254,-0.30974975380887165,-0.6507417205404952,5.053801859270039,0.0,0.0,0.0,0.0,1.0,0.0,0.0
2024-10-12 17:35:12.453017,1.0,1.0,1.0,1.0,1.0,1.0,1.0,290693.0,0.038463691717159486,0.037084613626145846,0.04183708658073959,0.033168129149298335,0.031763702384431956,0.03406277598114669,3.8150697946548475e-05,0.0004355538015564284,-0.00037514852980772667,-0.0,0.0,0.0,0.0,1.0,0.0,0.0,1.7177137057143326,1.1326352111933131,6.9017023682182845,0.1838344493862902,0.5804264189331925,0.7373111389513674,-0.3051420771913694,-0.6549639203528196,5.076361558754612,0.0,0.0,0.0,0.0,1.0,0.0,0.0
2024-10-12 17:35:12.536347,1.0,1.0,1.0,1.0,1.0,1.0,1.0,290694.0,0.03832801689680105,0.03687330356631608,0.04139898983206046,0.032637404840404415,0.032067668184708895,0.034091244666417886,3.815069794654848e-05,0.0004419122512141865,-0.00032746015737454104,-0.0,0.0,0.0,0.0,1.0,0.0,0.0,1.7152998733168132,1.1341228257619247,6.905284055701713,0.17875393954516944,0.5791810800140836,0.7401264702426561,-0.2953036421484669,-0.6544763887485053,5.098649468158906,0.0,0.0,0.0,0.0,1.0,0.0,0.0
2024-10-12 17:35:12.539344,1.0,1.0,1.0,1.0,1.0,1.0,1.0,290695.0,0.03913501101148131,0.037780445658522906,0.04089256110871732,0.032308781866774994,0.03203740138402003,0.03392007415562166,4.4509147604306555e-05,0.0004419122512141864,-0.0003528939560055733,-0.0,0.0,0.0,0.0,1.0,0.0,0.0,1.7142994232251632,1.1355736647748065,6.9086996858328815,0.17707529386143128,0.581816160130846,0.7374699325154896,-0.2926795284781351,-0.6581846559333995,5.082958029742151,0.0,0.0,0.0,0.0,1.0,0.0,0.0
2024-10-12 17:35:12.620564,1.0,1.0,1.0,1.0,1.0,1.0,1.0,290696.0,0.03913501101148131,0.0378493252884673,0.04095620715673985,0.03224867245309928,0.032007105962223864,0.03403428348265909,4.4509147604306555e-05,0.0004228369022409122,-0.00037196930497884756,-0.0,0.0,0.0,0.0,1.0,0.0,0.0,1.7144479745438739,1.1358964250470271,6.911196203333768,0.17784569710787496,0.5832996953018187,0.7350872238845798,-0.29391213833516977,-0.6600506969003215,5.069024622754613,0.0,0.0,0.0,0.0,1.0,0.0,0.0
2024-10-12 17:35:12.704164,1.0,1.0,1.0,1.0,1.0,1.0,1.0,290697.0,0.03933417265909616,0.038733615672373205,0.04183708658073959,0.03197678183797181,0.03194642892952922,0.03397722680635423,4.4509147604306555e-05,0.00042919535189867025,-0.00037196930497884756,-0.0,0.0,0.0,0.0,1.0,0.0,0.0,1.7131162887784739,1.1346396896283462,6.913612414121693,0.1734823062710535,0.5856403881005627,0.7344947547962933,-0.28693015059187627,-0.6618893401823756,5.067302900091497,0.0,0.0,0.0,0.0,1.0,0.0,0.0
2024-10-12 17:35:12.707161,1.0,1.0,1.0,1.0,1.0,1.0,1.0,290698.0,0.03966388649582423,0.039201510653345636,0.04189929789626443,0.03179422973639322,0.03173314566510837,0.033459338679991214,5.0867597262064634e-05,0.0004132992277542751,-0.00037196930497884756,-0.0,0.0,0.0,0.0,1.0,0.0,0.0,1.71430246198604,1.134136605536576,6.916940799086331,0.17794597809472024,0.588580831144699,0.7308270914865345,-0.29545986362142407,-0.664890675607172,5.0449108458421135,0.0,0.0,0.0,0.0,1.0,0.0,0.0
2024-10-12 17:35:12.788272,1.0,1.0,1.0,1.0,1.0,1.0,1.0,290699.0,0.03933417265909616,0.03880080326089555,0.04189929789626443,0.03148762440853117,0.032007105962223864,0.03325575976212062,5.0867597262064634e-05,0.0003910446539521218,-0.00036243163049221055,-0.0,0.0,0.0,0.0,1.0,0.0,0.0,1.714460128501878,1.1325404983730047,6.917521953379326,0.17613874196918963,0.589926853211943,0.7316692554949366,-0.29249211611819936,-0.6655569692202672,5.050986340284778,0.0,0.0,0.0,0.0,1.0,0.0,0.0
2024-10-12 17:35:12.792273,1.0,1.0,1.0,1.0,1.0,1.0,1.0,290700.0,0.03979500713939933,0.03886787470812279,0.04263875434188017,0.0313331966781849,0.03191604715477278,0.03310957989067469,6.040527174870175e-05,0.00037832775463660567,-0.0003687900801499686,-0.0,0.0,0.0,0.0,1.0,0.0,0.0,1.7158422138927385,1.1323694507095137,6.917691968890669,0.17720897672578886,0.5956442838167655,0.7324124085028092,-0.2942365349141213,-0.6717281915523389,5.05571753987966,0.0,0.0,0.0,0.0,1.0,0.0,0.0
2024-10-12 17:35:12.874706,1.0,1.0,1.0,1.0,1.0,1.0,1.0,290701.0,0.03959816335788845,0.03953233095432663,0.0436051944382425,0.031115710284795706,0.03203740138402003,0.03325575976212062,7.948062072197598e-05,0.00039422387878100085,-0.0003910446539521219,-0.0,0.0,0.0,0.0,1.0,0.0,0.0,1.713574372043889,1.1320410831300967,6.918195213424642,0.17480984427381094,0.5960442675769058,0.7360300274624676,-0.2900899951858031,-0.6718949515668584,5.082176352555983,0.0,0.0,0.0,0.0,1.0,0.0,0.0
2024-10-12 17:35:12.957504,1.0,1.0,1.0,1.0,1.0,1.0,1.0,290702.0,0.039729500910396995,0.039400336158606504,0.043784027154931265,0.031146872746571578,0.032097906445255474,0.032815266674204355,8.265984555085502e-05,0.00042601612706979125,-0.0004005823284387589,-0.0,0.0,0.0,0.0,1.0,0.0,0.0,1.7133134206380691,1.131564466055782,6.919194816735148,0.17577212437328804,0.5946548392452311,0.7404490028058145,-0.29216732844413007,-0.6700101170076609,5.114577649486992,0.0,0.0,0.0,0.0,1.0,0.0,0.0
2024-10-12 17:35:12.960500,1.0,1.0,1.0,1.0,1.0,1.0,1.0,290703.0,0.03959816335788845,0.040315225390783915,0.044550674429986614,0.030517578125,0.03233879467572394,0.03284481667269478,8.583907037973408e-05,0.0004578083753585817,-0.0003942238787810009,-0.0,0.0,0.0,0.0,1.0,0.0,0.0,1.711476686558282,1.1319693309541439,6.92086050141691,0.17803834643766211,0.5982097830401862,0.7425471252445812,-0.29602187151108156,-0.6742244381457568,5.130260681461375,0.0,0.0,0.0,0.0,1.0,0.0,0.0
2024-10-12 17:35:13.043281,1.0,1.0,1.0,1.0,1.0,1.0,1.0,290704.0,0.03959816335788845,0.04050858489526056,0.044725726870264354,0.031115710284795706,0.03224867245309928,0.032637404840404415,0.00011445209383964543,0.0004578083753585817,-0.0004260161270697913,-0.0,0.0,0.0,0.0,1.0,0.0,0.0,1.7118988637101644,1.1343349416201824,6.923112490436721,0.1812389215469121,0.6021288399097264,0.743620467911796,-0.3018017863564606,-0.6801587661748385,5.138296210064282,0.0,0.0,0.0,0.0,1.0,0.0,0.0
2024-10-12 17:35:13.046282,1.0,1.0,1.0,1.0,1.0,1.0,1.0,290705.0,0.03906839817849146,0.039729500910396995,0.044725726870264354,0.03148762440853117,0.03218845078999174,0.03227874115189541,0.00011127286901076638,0.0004991382981340092,-0.0004164784525831542,-0.0,0.0,0.0,0.0,1.0,0.0,0.0,1.7105166376039038,1.1338501000236603,6.9262830559447135,0.17554086522246973,0.6005008990799798,0.7443282599698454,-0.28975728257894273,-0.6779770946265258,5.146234591480982,0.0,0.0,0.0,0.0,1.0,0.0,0.0
2024-10-12 17:35:13.128317,1.0,1.0,1.0,1.0,1.0,1.0,1.0,290706.0,0.039400336158606504,0.039729500910396995,0.044958069872003174,0.031763702384431956,0.03221857569203676,0.03185519667586617,0.00011763131866852444,0.0005054967477917672,-0.000410120002925396,-0.0,0.0,0.0,0.0,1.0,0.0,0.0,1.7105227285605726,1.135225152630382,6.93062360702495,0.1730405016220478,0.5965441992565569,0.7461771073712888,-0.2850189402415059,-0.6737867101917712,5.162163618079162,0.0,0.0,0.0,0.0,1.0,0.0,0.0
2024-10-12 17:35:13.131317,1.0,1.0,1.0,1.0,1.0,1.0,1.0,290707.0,0.03906839817849146,0.03953233095432663,0.044198489661446745,0.032007105962223864,0.03245856839932655,0.03227874115189541,0.00013352744281291964,0.0005213928719361625,-0.00038468620429436373,0.0,0.0,0.0,0.0,1.0,0.0,0.0,1.7094465182826464,1.1362255493462416,6.935455170521933,0.17451909912549954,0.5956679383204359,0.7485063704711894,-0.2871516365882882,-0.6735202671807652,5.181599253967765,0.0,0.0,0.0,0.0,1.0,0.0,0.0
2024-10-12 17:35:13.213678,1.0,1.0,1.0,1.0,1.0,1.0,1.0,290708.0,0.03866631133712533,0.039729500910396995,0.04478392562861249,0.03182472780550264,0.03227874115189541,0.032756086704177324,0.00012398976832628253,0.0005277513215939206,-0.0004132992277542751,-0.0,0.0,0.0,0.0,1.0,0.0,0.0,1.7077578088860819,1.1382282817314937,6.939618258696277,0.17489359700033583,0.5967990782442593,0.7511505782698363,-0.2878699332360844,-0.6760835403283301,5.2033282884486685,0.0,0.0,0.0,0.0,1.0,0.0,0.0
2024-10-12 17:35:13.296591,1.0,1.0,1.0,1.0,1.0,1.0,1.0,290709.0,0.038123599349151736,0.04025056580563931,0.0446091015690999,0.03188563643118791,0.032398736885968185,0.032815266674204355,9.855596969525022e-05,0.0005341097712516786,-0.00041965767741203314,-0.0,0.0,0.0,0.0,1.0,0.0,0.0,1.7058450283315778,1.1415264171282369,6.943866913700362,0.17161421166741642,0.5998439418550091,0.7517695056954107,-0.28187203542905864,-0.681617313363578,5.210400225966404,0.0,0.0,0.0,0.0,1.0,0.0,0.0
2024-10-12 17:35:13.299587,1.0,1.0,1.0,1.0,1.0,1.0,1.0,290710.0,0.03798670986099516,0.04025056580563931,0.04390284427203976,0.03227874115189541,0.032398736885968185,0.03254810944778678,8.901829520861311e-05,0.0005372889960805577,-0.00041647845258315413,-0.0,0.0,0.0,0.0,1.0,0.0,0.0,1.7051805386720018,1.1451052185769715,6.947609643843948,0.16622198503993352,0.5970051006975025,0.7488010071771942,-0.271758877092494,-0.6807464706958676,5.192283560465371,0.0,0.0,0.0,0.0,1.0,0.0,0.0
2024-10-12 17:35:13.381875,1.0,1.0,1.0,1.0,1.0,1.0,1.0,290711.0,0.03757304914762413,0.04057283328598263,0.04336560364453033,0.032308781866774994,0.032667115729434024,0.03227874115189541,7.630139589309695e-05,0.0005595435698827109,-0.0003878654291232428,-0.0,0.0,0.0,0.0,1.0,0.0,0.0,1.7022848826558965,1.1455943913408244,6.95010567630479,0.16455407430616936,0.5979496337668256,0.7508809604883468,-0.26888477163804847,-0.6820879143340813,5.20864813245446,0.0,0.0,0.0,0.0,1.0,0.0,0.0
2024-10-12 17:35:13.384875,1.0,1.0,1.0,1.0,1.0,1.0,1.0,290712.0,0.037918079796158174,0.040185802182344105,0.0436051944382425,0.03218845078999174,0.03299216966314644,0.03242866644143693,8.583907037973408e-05,0.0005531851202249528,-0.0003910446539521218,-0.0,0.0,0.0,0.0,1.0,0.0,0.0,1.7016128799167083,1.1466702076322783,6.954352418648591,0.1684009313850199,0.5984020415868112,0.7514097400266051,-0.27474294545757166,-0.6833231651344924,5.215672381599761,0.0,0.0,0.0,0.0,1.0,0.0,0.0
2024-10-12 17:35:13.466602,1.0,1.0,1.0,1.0,1.0,1.0,1.0,290713.0,0.038463691717159486,0.04050858489526056,0.04330549882888886,0.032368779656366614,0.033284918697807614,0.0321582976678794,6.994294623533888e-05,0.0005436474457383157,-0.0004005823284387589,-0.0,0.0,0.0,0.0,1.0,0.0,0.0,1.6997299621957183,1.1458661770070933,6.9586048040851525,0.16587457604401168,0.5946812520132465,0.7441961227068759,-0.27038089970335305,-0.6786109588847693,5.168182227106138,0.0,0.0,0.0,0.0,1.0,0.0,0.0
2024-10-12 17:35:13.550499,1.0,1.0,1.0,1.0,1.0,1.0,1.0,290714.0,0.038463691717159486,0.04037978143756249,0.04318503823719134,0.03221857569203676,0.03348832035600082,0.032097906445255474,3.17922482887904e-05,0.0005468266705671948,-0.0003910446539521218,-0.0,0.0,0.0,0.0,1.0,0.0,0.0,1.6997177029085662,1.1451097678010982,6.963441640212604,0.1671497053213455,0.5924989419625303,0.7444534030422704,-0.2726398608986632,-0.675595255971047,5.174673035126679,0.0,0.0,0.0,0.0,1.0,0.0,0.0
2024-10-12 17:35:13.553499,1.0,1.0,1.0,1.0,1.0,1.0,1.0,290715.0,0.03866631133712533,0.04063698009803076,0.04306424069081518,0.03188563643118791,0.03363285413230715,0.03224867245309928,2.543379863103232e-05,0.0004991382981340092,-0.00037196930497884756,-0.0,0.0,0.0,0.0,1.0,0.0,0.0,1.6998644639579255,1.1445266669126577,6.967115995023192,0.1725968523248983,0.5906617166090026,0.7457409202099025,-0.2837631506394226,-0.6733044625768715,5.186283345524905,0.0,0.0,0.0,0.0,1.0,0.0,0.0
2024-10-12 17:35:13.635599,1.0,1.0,1.0,1.0,1.0,1.0,1.0,290716.0,0.03880080326089556,0.04070102581168386,0.04306424069081518,0.03170255949350469,0.03380547898296581,0.03221857569203676,3.1792248288790396e-05,0.0005054967477917672,-0.0003306393822034201,-0.0,0.0,0.0,0.0,1.0,0.0,0.0,1.6997085083851757,1.1442636682773086,6.969532253032734,0.17576689708346338,0.5961937564461912,0.7471024123661592,-0.28926468355939194,-0.6798677472512664,5.197379651805195,0.0,0.0,0.0,0.0,1.0,0.0,0.0
2024-10-12 17:35:13.638599,1.0,1.0,1.0,1.0,1.0,1.0,1.0,290717.0,0.039135011011481306,0.03986040571620479,0.04372449751876115,0.031549183850304155,0.03348832035600082,0.0321582976678794,5.404682209094367e-05,0.0004609876001874607,-0.0003528939560055733,-0.0,0.0,0.0,0.0,1.0,0.0,0.0,1.6984509745252232,1.1421019274295856,6.970700690384626,0.17256312439301758,0.5951871408425905,0.7471422429006916,-0.2836623532321165,-0.6772981051407342,5.198627833976438,0.0,0.0,0.0,0.0,1.0,0.0,0.0
2024-10-12 17:35:13.721160,1.0,1.0,1.0,1.0,1.0,1.0,1.0,290718.0,0.039925697169818586,0.03893483061427055,0.043664886724146465,0.0316106234096681,0.03351727697218139,0.03173314566510837,4.4509147604306555e-05,0.0004705252746740978,-0.0003560731808344524,-0.0,0.0,0.0,0.0,1.0,0.0,0.0,1.6982703497692893,1.140757997256088,6.971533033648864,0.16871075535407265,0.5917714342988228,0.7468616629436716,-0.27709654746607487,-0.6725321127989985,5.19714018384401,0.0,0.0,0.0,0.0,1.0,0.0,0.0
2024-10-12 17:35:13.803770,1.0,1.0,1.0,1.0,1.0,1.0,1.0,290719.0,0.04070102581168387,0.0387336156723732,0.043425625269995945,0.03139505892336215,0.03363285413230715,0.03179422973639322,7.312217106421791e-05,0.000483242173989614,-0.00033699783186117815,-0.0,0.0,0.0,0.0,1.0,0.0,0.0,1.6971587452387646,1.138948097288614,6.972781362250668,0.16926163581820214,0.5880314724362187,0.7468278897681367,-0.27767781994427876,-0.6670990004980316,5.198086192470175,0.0,0.0,0.0,0.0,1.0,0.0,0.0
2024-10-12 17:35:13.806769,1.0,1.0,1.0,1.0,1.0,1.0,1.0,290720.0,0.04070102581168387,0.03859888964444313,0.04384347596324186,0.03139505892336215,0.03389146168814632,0.03218845078999174,0.00010491441935300828,0.0004896006236473721,-0.0003528939560055733,-0.0,0.0,0.0,0.0,1.0,0.0,0.0,1.695491594552191,1.137605020507545,6.976364639980734,0.17295283922484883,0.5868055800151406,0.7474703183230018,-0.28495717034216866,-0.6649149739683641,5.205304593006877,0.0,0.0,0.0,0.0,1.0,0.0,0.0
2024-10-12 17:35:13.889533,1.0,1.0,1.0,1.0,1.0,1.0,1.0,290721.0,0.04139898983206045,0.03825999906698716,0.043664886724146465,0.03139505892336215,0.033834164163335345,0.03254810944778678,0.00010491441935300828,0.0005086759726206463,-0.0003751485298077266,-0.0,0.0,0.0,0.0,1.0,0.0,0.0,1.6952462972139688,1.1376809961754804,6.9785312484387125,0.17354051040065424,0.5838133101030591,0.7435822089983547,-0.28572398591385795,-0.6617990140314503,5.1796028900148015,0.0,0.0,0.0,0.0,1.0,0.0,0.0
2024-10-12 17:35:13.892534,1.0,1.0,1.0,1.0,1.0,1.0,1.0,290722.0,0.04114655461363214,0.03819186010094626,0.04324531047620408,0.031364143052817484,0.033748035476753,0.03260766687993288,0.00011763131866852446,0.0004896006236473721,-0.0003592524056633315,-0.0,0.0,0.0,0.0,1.0,0.0,0.0,1.6943322218562658,1.1380031587668662,6.979366389814376,0.16919519468012817,0.5834847532226097,0.7412906740195281,-0.2786797026057462,-0.6615623110706953,5.16354412917592,0.0,0.0,0.0,0.0,1.0,0.0,0.0
2024-10-12 17:35:13.974744,1.0,1.0,1.0,1.0,1.0,1.0,1.0,290723.0,0.04082881584609787,0.03798670986099516,0.04318503823719134,0.0313331966781849,0.033430331878977426,0.032637404840404415,0.00011763131866852446,0.00048642139881849305,-0.00036243163049221044,-0.0,0.0,0.0,0.0,1.0,0.0,0.0,1.6945837997580384,1.1391528755771032,6.978451088014287,0.16868181911490782,0.5843578592211057,0.7452194109374114,-0.277076769828019,-0.6631205685905263,5.191274846255312,0.0,0.0,0.0,0.0,1.0,0.0,0.0
2024-10-12 17:35:13.977740,1.0,1.0,1.0,1.0,1.0,1.0,1.0,290724.0,0.04095620715673985,0.03825999906698716,0.0436051944382425,0.03157991857152382,0.03363285413230715,0.032756086704177324,0.00015260279178619387,0.000483242173989614,-0.00036243163049221044,0.0,0.0,0.0,0.0,1.0,0.0,0.0,1.6927421301553116,1.1383115011121006,6.976866639070564,0.1665648020225942,0.5834514993861736,0.7431653854528086,-0.27324518993193797,-0.6616964440801424,5.175537250204005,0.0,0.0,0.0,0.0,1.0,0.0,0.0
2024-10-12 17:35:14.059677,1.0,1.0,1.0,1.0,1.0,1.0,1.0,290725.0,0.041019754451988084,0.038123599349151736,0.04372449751876115,0.031364143052817484,0.0333431600699038,0.03325575976212062,0.00014624434212843582,0.0005023175229628882,-0.00038468620429436373,0.0,0.0,0.0,0.0,1.0,0.0,0.0,1.6918236226936272,1.1384770803216113,6.973198916230421,0.16618886283794418,0.5826018544340396,0.7421236095701695,-0.272709681890507,-0.660804774546076,5.16572770994126,0.0,0.0,0.0,0.0,1.0,0.0,0.0
2024-10-12 17:35:14.143552,1.0,1.0,1.0,1.0,1.0,1.0,1.0,290726.0,0.04089256110871732,0.037711440220720746,0.04384347596324186,0.031178004061435775,0.033284918697807614,0.033284918697807614,0.00012716899315516158,0.000483242173989614,-0.00040694077809651707,-0.0,0.0,0.0,0.0,1.0,0.0,0.0,1.6885787760872015,1.1356497763416968,6.970953392975195,0.166852641729232,0.5802853670394865,0.7405040286733111,-0.2730726812397186,-0.6565260215386474,5.1526900831918505,0.0,0.0,0.0,0.0,1.0,0.0,0.0
2024-10-12 17:35:14.146549,1.0,1.0,1.0,1.0,1.0,1.0,1.0,290727.0,0.04089256110871732,0.0378493252884673,0.043664886724146465,0.03120910432259612,0.03325575976212062,0.03331405211143558,0.00010173519452412925,0.0005118551974495253,-0.00042919535189867025,-0.0,0.0,0.0,0.0,1.0,0.0,0.0,1.6870942510046247,1.1371700956296769,6.968874417889493,0.16889218594363403,0.5793470406531132,0.7373480734101211,-0.2742005448903542,-0.6562847515961938,5.129180619726917,0.0,0.0,0.0,0.0,1.0,0.0,0.0
2024-10-12 17:35:14.227794,1.0,1.0,1.0,1.0,1.0,1.0,1.0,290728.0,0.04057283328598263,0.038123599349151736,0.04396213240745474,0.03148762440853117,0.033021561356871405,0.033546208593426816,0.00012398976832628253,0.0005086759726206463,-0.0004482707008719445,-0.0,0.0,0.0,0.0,1.0,0.0,0.0,1.6842910456240492,1.1370226525210287,6.967540617462254,0.1699566199135963,0.579229493435551,0.7384342595437967,-0.2755150450186757,-0.656019988612065,5.135622233869087,0.0,0.0,0.0,0.0,1.0,0.0,0.0
2024-10-12 17:35:14.231794,1.0,1.0,1.0,1.0,1.0,1.0,1.0,290729.0,0.04025056580563931,0.037711440220720746,0.04437493143949452,0.031641298451732976,0.03284481667269478,0.03363285413230715,0.00011445209383964543,0.0004959590733051301,-0.0004737044995029769,-0.0,0.0,0.0,0.0,1.0,0.0,0.0,1.6840657701820296,1.1389389495994997,6.96704168496862,0.174082446865362,0.584948656666628,0.7359008467862705,-0.2822971600274727,-0.6636065715596219,5.117906575434201,0.0,0.0,0.0,0.0,1.0,0.0,0.0
2024-10-12 17:35:14.313521,1.0,1.0,1.0,1.0,1.0,1.0,1.0,290730.0,0.04037978143756249,0.03764230828317236,0.04437493143949452,0.03151841915858901,0.032874340109372714,0.03331405211143558,9.537674486637117e-05,0.00048006294916073494,-0.00044509147604306553,-0.0,0.0,0.0,0.0,1.0,0.0,0.0,1.682243552554699,1.1384377653841815,6.965451649164848,0.17085025943544854,0.5844441811776299,0.7359237176443129,-0.27573752347151564,-0.6626931899385298,5.117432420965047,0.0,0.0,0.0,0.0,1.0,0.0,0.0
2024-10-12 17:35:14.396834,1.0,1.0,1.0,1.0,1.0,1.0,1.0,290731.0,0.039729500910396995,0.037084613626145846,0.04437493143949452,0.03142594437984583,0.032667115729434024,0.03305092691301418,7.630139589309694e-05,0.0004482707008719446,-0.0004164784525831542,-0.0,0.0,0.0,0.0,1.0,0.0,0.0,1.683828089628851,1.1399497966319043,6.964866266750528,0.16992273041323427,0.5872196874213278,0.7378269574231205,-0.27451101553938395,-0.6666472856369284,5.130498130867113,0.0,0.0,0.0,0.0,1.0,0.0,0.0
2024-10-12 17:35:14.400831,1.0,1.0,1.0,1.0,1.0,1.0,1.0,290732.0,0.03986040571620479,0.0373645014732293,0.04437493143949452,0.031146872746571578,0.03224867245309928,0.033168129149298335,8.901829520861311e-05,0.00045462915052970265,-0.00042919535189867036,-0.0,0.0,0.0,0.0,1.0,0.0,0.0,1.6830746102534149,1.1395340527411373,6.963947563045988,0.17204074900821295,0.5870439123964581,0.7385105164262777,-0.2777970030274471,-0.6661652966494455,5.13514947556745,0.0,0.0,0.0,0.0,1.0,0.0,0.0
2024-10-12 17:35:14.482530,1.0,1.0,1.0,1.0,1.0,1.0,1.0,290733.0,0.04012093401707996,0.037711440220720746,0.044316195568033935,0.03130221970899244,0.032398736885968185,0.033546208593426816,0.00011127286901076638,0.0004673460498452188,-0.0004355538015564284,-0.0,0.0,0.0,0.0,1.0,0.0,0.0,1.6821446303390766,1.1400301855289854,6.965868894669126,0.17649158378632201,0.5873374445620726,0.7417243087896308,-0.28554034572941367,-0.6668613219021441,5.1585963890454725,0.0,0.0,0.0,0.0,1.0,0.0,0.0
2024-10-12 17:35:14.485472,1.0,1.0,1.0,1.0,1.0,1.0,1.0,290734.0,0.03953233095432663,0.03729472643293347,0.04443358966925187,0.03073929670896773,0.032067668184708895,0.033661686417184034,9.219752003749214e-05,0.00046098760018746065,-0.0004355538015564284,-0.0,0.0,0.0,0.0,1.0,0.0,0.0,1.6809667552030982,1.1389572449042575,6.966786597268707,0.17557437195118403,0.5893981874904124,0.7439962221868823,-0.284341039934591,-0.6685115246225817,5.174912452623977,0.0,0.0,0.0,0.0,1.0,0.0,0.0
2024-10-12 17:35:14.566875,1.0,1.0,1.0,1.0,1.0,1.0,1.0,290735.0,0.03900167157440239,0.03743414645719283,0.044316195568033935,0.030990747087997286,0.0321582976678794,0.03360399710929144,9.537674486637117e-05,0.0004705252746740978,-0.00039740310360987996,-0.0,0.0,0.0,0.0,1.0,0.0,0.0,1.6802212938950585,1.1388539094797925,6.969538232600042,0.17582005341780452,0.5952677016899339,0.7436657341028369,-0.2842638407020564,-0.674988688469899,5.1741130752297355,0.0,0.0,0.0,0.0,1.0,0.0,0.0
2024-10-12 17:35:14.569874,1.0,1.0,1.0,1.0,1.0,1.0,1.0,290736.0,0.03886787470812279,0.0378493252884673,0.044667452282818626,0.03105329154533826,0.032007105962223864,0.03360399710929144,0.00010809364418188734,0.0004705252746740978,-0.00039740310360987996,-0.0,0.0,0.0,0.0,1.0,0.0,0.0,1.6798654078948843,1.1400027682903342,6.972038369333941,0.176886557835184,0.597537627968999,0.745055334901717,-0.28625295888202973,-0.6783586268379344,5.1855963596158166,0.0,0.0,0.0,0.0,1.0,0.0,0.0
2024-10-12 17:35:14.652496,1.0,1.0,1.0,1.0,1.0,1.0,1.0,290737.0,0.03825999906698716,0.038055216156251626,0.043962132407454745,0.03120910432259612,0.03233879467572394,0.03331405211143558,0.00011127286901076637,0.00047688372433185594,-0.0003433562815189362,0.0,0.0,0.0,0.0,1.0,0.0,0.0,1.6811120544576899,1.1401818086020212,6.974035443117089,0.17917071389068756,0.59972278613881,0.7463322917436458,-0.29171540331683443,-0.6811414788675463,5.196288311392177,0.0,0.0,0.0,0.0,1.0,0.0,0.0
2024-10-12 17:35:14.735405,1.0,1.0,1.0,1.0,1.0,1.0,1.0,290738.0,0.037918079796158174,0.03832801689680105,0.04354542032592321,0.031178004061435775,0.03272645658802371,0.03313886745048406,0.00011127286901076637,0.00048642139881849305,-0.00031474325805902487,0.0,0.0,0.0,0.0,1.0,0.0,0.0,1.6802645245819985,1.1404320450153607,6.976037172431851,0.18243651685764528,0.6015942335345688,0.7463418136750778,-0.2971544724590316,-0.6835409294192991,5.197471655880335,0.0,0.0,0.0,0.0,1.0,0.0,0.0
2024-10-12 17:35:14.739406,1.0,1.0,1.0,1.0,1.0,1.0,1.0,290739.0,0.03832801689680105,0.03880080326089555,0.04372449751876115,0.03145679951185349,0.032667115729434024,0.03299216966314644,0.00010173519452412927,0.0005023175229628882,-0.0002861302345991135,0.0,0.0,0.0,0.0,1.0,0.0,0.0,1.6791039454113141,1.140043893901049,6.976704039015588,0.18227176512636567,0.5993694231439337,0.7505371519811819,-0.29636562519570414,-0.6807680376992207,5.226699127618286,0.0,0.0,0.0,0.0,1.0,0.0,0.0
2024-10-12 17:35:14.820961,1.0,1.0,1.0,1.0,1.0,1.0,1.0,290740.0,0.03832801689680105,0.038666311337125336,0.04354542032592321,0.03151841915858901,0.032398736885968185,0.033430331878977426,9.855596969525022e-05,0.0005086759726206463,-0.0002988471339146297,0.0,0.0,0.0,0.0,1.0,0.0,0.0,1.6778558068245115,1.1405443723428514,6.975622775522571,0.1859499721222466,0.599862810059711,0.7528065344973415,-0.30332021525412967,-0.6815603165068079,5.241873176631407,0.0,0.0,0.0,0.0,1.0,0.0,0.0
2024-10-12 17:35:14.823962,1.0,1.0,1.0,1.0,1.0,1.0,1.0,290741.0,0.038055216156251626,0.03839591423416135,0.04425738174574523,0.031763702384431956,0.0321582976678794,0.03331405211143558,0.00010491441935300831,0.0004927798484762511,-0.00032746015737454104,0.0,0.0,0.0,0.0,1.0,0.0,0.0,1.6756049491070304,1.141379536768194,6.975956983348106,0.18817112066862904,0.5957331578404735,0.7546354777371463,-0.306391399005375,-0.6772907121814099,5.255213338583746,0.0,0.0,0.0,0.0,1.0,0.0,0.0
2024-10-12 17:35:14.906262,1.0,1.0,1.0,1.0,1.0,1.0,1.0,290742.0,0.038055216156251626,0.038055216156251626,0.04425738174574523,0.032007105962223864,0.03233879467572394,0.0333431600699038,8.901829520861311e-05,0.0004737044995029769,-0.000324280932545662,-0.0,0.0,0.0,0.0,1.0,0.0,0.0,1.673251790802377,1.142468441557848,6.975707449157011,0.18519784486195603,0.5954686682242394,0.7573146506536986,-0.300311070542948,-0.6776698389475776,5.273838251114368,0.0,0.0,0.0,0.0,1.0,0.0,0.0
2024-10-12 17:35:14.988925,1.0,1.0,1.0,1.0,1.0,1.0,1.0,290743.0,0.037780445658522906,0.037711440220720746,0.0436051944382425,0.03182472780550264,0.0321582976678794,0.033430331878977426,6.040527174870175e-05,0.00047688372433185594,-0.000321101707716783,-0.0,0.0,0.0,0.0,1.0,0.0,0.0,1.6734847477334425,1.1422004082119706,6.975037499867228,0.18298301905641387,0.5928150999184024,0.7521600548479856,-0.29676002569808674,-0.6744266889908893,5.236413711668549,0.0,0.0,0.0,0.0,1.0,0.0,0.0
2024-10-12 17:35:14.991924,1.0,1.0,1.0,1.0,1.0,1.0,1.0,290744.0,0.03798670986099516,0.03757304914762413,0.0434855640497593,0.03191604715477278,0.03212811624624381,0.033546208593426816,6.358449657758079e-05,0.00045462915052970265,-0.00031474325805902487,-0.0,0.0,0.0,0.0,1.0,0.0,0.0,1.6717070883777483,1.1433686853321487,6.975123674300839,0.18490167002858798,0.5923503923753989,0.7533717261241826,-0.2997653772071578,-0.6745406301378815,5.245000936707038,0.0,0.0,0.0,0.0,1.0,0.0,0.0
2024-10-12 17:35:15.074388,1.0,1.0,1.0,1.0,1.0,1.0,1.0,290745.0,0.03859888964444313,0.037780445658522906,0.04372449751876115,0.03188563643118791,0.03248844283583844,0.03331405211143558,5.722604691982271e-05,0.0004387330263853075,-0.0003560731808344524,-0.0,0.0,0.0,0.0,1.0,0.0,0.0,1.6717070883777483,1.1443938278973542,6.975791374988127,0.18741221385341159,0.5889287442909203,0.7540669244851906,-0.3037848762046982,-0.6713537621329092,5.250796512178425,0.0,0.0,0.0,0.0,1.0,0.0,0.0
2024-10-12 17:35:15.077343,1.0,1.0,1.0,1.0,1.0,1.0,1.0,290746.0,0.03893483061427055,0.0373645014732293,0.04336560364453033,0.031763702384431956,0.03203740138402003,0.033546208593426816,5.404682209094367e-05,0.0004355538015564284,-0.00036243163049221044,-0.0,0.0,0.0,0.0,1.0,0.0,0.0,1.6700332458357676,1.1447049996534253,6.976708519081475,0.1868759866761933,0.5861360313784988,0.7525822398595668,-0.3026122868322801,-0.6683304538910083,5.241505130893579,0.0,0.0,0.0,0.0,1.0,0.0,0.0
2024-10-12 17:35:15.159759,1.0,1.0,1.0,1.0,1.0,1.0,1.0,290747.0,0.03966388649582423,0.038123599349151736,0.043664886724146465,0.0316106234096681,0.03170255949350469,0.033546208593426816,3.1792248288790396e-05,0.00042919535189867036,-0.0003815069794654847,-0.0,0.0,0.0,0.0,1.0,0.0,0.0,1.6679151561208503,1.1447668524649883,6.980209640606757,0.18565791397812598,0.5872206314602312,0.7538824792605551,-0.3001791158912541,-0.669573169141249,5.253316396897192,0.0,0.0,0.0,0.0,1.0,0.0,0.0
2024-10-12 17:35:15.162756,1.0,1.0,1.0,1.0,1.0,1.0,1.0,290748.0,0.03966388649582423,0.037918079796158174,0.0434855640497593,0.03120910432259612,0.03170255949350469,0.03394866250806731,1.9075348973274234e-05,0.00041647845258315413,-0.0003656108553210895,-0.0,0.0,0.0,0.0,1.0,0.0,0.0,1.667316609803146,1.1445794267514613,6.98187569131556,0.18354642192787252,0.5897435034521703,0.7506242317960735,-0.29668838169835493,-0.6721201529668899,5.232187521003894,0.0,0.0,0.0,0.0,1.0,0.0,0.0
2024-10-12 17:35:15.244607,1.0,1.0,1.0,1.0,1.0,1.0,1.0,290749.0,0.03913501101148131,0.03764230828317236,0.04306424069081518,0.031022035078891817,0.03157991857152382,0.033834164163335345,3.1792248288790396e-05,0.0003815069794654847,-0.00037832775463660567,-0.0,0.0,0.0,0.0,1.0,0.0,0.0,1.666368457130819,1.1452197801085027,6.982706702512411,0.18307820113912207,0.5912742645317165,0.7489824581992417,-0.29624825040179026,-0.6742026945188021,5.2218136515127265,0.0,0.0,0.0,0.0,1.0,0.0,0.0
2024-10-12 17:35:15.327514,1.0,1.0,1.0,1.0,1.0,1.0,1.0,290750.0,0.039201510653345636,0.03757304914762413,0.04282162331969714,0.030581090322992784,0.03120910432259612,0.03337224263981984,3.1792248288790396e-05,0.00037196930497884756,-0.0003497147311766943,-0.0,0.0,0.0,0.0,1.0,0.0,0.0,1.6672136773344077,1.1456380078094115,6.986540010938445,0.182638137299297,0.5933082533446585,0.7500819650030653,-0.29562205665424496,-0.6767934936136124,5.231822448430024,0.0,0.0,0.0,0.0,1.0,0.0,0.0
2024-10-12 17:35:15.331511,1.0,1.0,1.0,1.0,1.0,1.0,1.0,290751.0,0.03933417265909616,0.03819186010094626,0.042023444236177564,0.030358216314476834,0.031364143052817484,0.0337192770263005,5.0867597262064634e-05,0.0004005823284387589,-0.0003497147311766943,-0.0,0.0,0.0,0.0,1.0,0.0,0.0,1.667141985995522,1.1453134444036333,6.988955516528166,0.18340610778835745,0.5935838231499875,0.7489210952710791,-0.29744062372025,-0.6769345275594935,5.224777895981187,0.0,0.0,0.0,0.0,1.0,0.0,0.0
2024-10-12 17:35:15.413721,1.0,1.0,1.0,1.0,1.0,1.0,1.0,290752.0,0.03906839817849146,0.038123599349151736,0.042393702000235525,0.030676112065162197,0.031146872746571578,0.033748035476753,3.1792248288790396e-05,0.000406940778096517,-0.00033699783186117815,-0.0,0.0,0.0,0.0,1.0,0.0,0.0,1.6694633671059071,1.14372838019671,6.992786889398536,0.1840736516204177,0.5963981289846207,0.7517987657704376,-0.2990006537840827,-0.6790804012885525,5.2476396933150085,0.0,0.0,0.0,0.0,1.0,0.0,0.0
2024-10-12 17:35:15.416723,1.0,1.0,1.0,1.0,1.0,1.0,1.0,290753.0,0.038666311337125336,0.03832801689680105,0.04269979768643891,0.03073929670896773,0.031084516582433108,0.03331405211143558,4.4509147604306555e-05,0.000410120002925396,-0.00030202635874350875,-0.0,0.0,0.0,0.0,1.0,0.0,0.0,1.6693108126293104,1.1433322356113278,6.994622558500553,0.1844735387564059,0.6003921870975798,0.7559578520994709,-0.29967164684657777,-0.6834776392953908,5.278534634833114,0.0,0.0,0.0,0.0,1.0,0.0,0.0
2024-10-12 17:35:15.498931,1.0,1.0,1.0,1.0,1.0,1.0,1.0,290754.0,0.038666311337125336,0.038733615672373205,0.04276075388833108,0.03105329154533826,0.030928076150071922,0.03319736505550277,3.815069794654847e-05,0.0004260161270697913,-0.0003179224828879039,-0.0,0.0,0.0,0.0,1.0,0.0,0.0,1.6708514948521123,1.1441653650841843,6.997454358395093,0.18224750283125596,0.6018944084240682,0.7506328274179725,-0.2956594987551232,-0.6857451709407026,5.243263330535749,0.0,0.0,0.0,0.0,1.0,0.0,0.0
2024-10-12 17:35:15.582128,1.0,1.0,1.0,1.0,1.0,1.0,1.0,290755.0,0.03900167157440239,0.03893483061427055,0.042943103346232976,0.031178004061435775,0.030581090322992784,0.032874340109372714,6.358449657758079e-05,0.0004419122512141865,-0.00031474325805902487,-0.0,0.0,0.0,0.0,1.0,0.0,0.0,1.6692702435629176,1.1433804944790824,6.9984582724648785,0.17856348518822704,0.6018961737158227,0.7497472379721762,-0.28884241858119436,-0.6853848482801201,5.237284032876102,0.0,0.0,0.0,0.0,1.0,0.0,0.0
2024-10-12 17:35:15.585127,1.0,1.0,1.0,1.0,1.0,1.0,1.0,290756.0,0.03853134997827472,0.03913501101148131,0.04306424069081518,0.03130221970899244,0.031084516582433108,0.032398736885968185,6.358449657758079e-05,0.0004355538015564284,-0.00030202635874350875,-0.0,0.0,0.0,0.0,1.0,0.0,0.0,1.6699583807287652,1.1441426000074768,7.000041555117402,0.1784685844483834,0.6028076008839167,0.7510222248429448,-0.2882951860968758,-0.6869339802472013,5.247028722839791,0.0,0.0,0.0,0.0,1.0,0.0,0.0
2024-10-12 17:35:15.666985,1.0,1.0,1.0,1.0,1.0,1.0,1.0,290757.0,0.038463691717159486,0.03900167157440239,0.04354542032592321,0.03139505892336215,0.0313331966781849,0.03224867245309928,6.358449657758078e-05,0.0004260161270697913,-0.00030520558357238775,-0.0,0.0,0.0,0.0,1.0,0.0,0.0,1.6690429407220302,1.1432292956382404,7.000460459694233,0.17669114209104067,0.601558141046351,0.7532549234101333,-0.2858592543607439,-0.6848293144865262,5.262626575979639,0.0,0.0,0.0,0.0,1.0,0.0,0.0
2024-10-12 17:35:15.669988,1.0,1.0,1.0,1.0,1.0,1.0,1.0,290758.0,0.038666311337125336,0.0387336156723732,0.04413951900188092,0.03151841915858901,0.03127121205432006,0.03182472780550264,5.722604691982269e-05,0.00041012000292539613,-0.00029248868425687163,-0.0,0.0,0.0,0.0,1.0,0.0,0.0,1.6699864555371942,1.1433987187155301,7.001958190473868,0.17564281281672384,0.599195439022062,0.7575067777909983,-0.28386310277663535,-0.6824323387678576,5.293647206216906,0.0,0.0,0.0,0.0,1.0,0.0,0.0
2024-10-12 17:35:15.751938,1.0,1.0,1.0,1.0,1.0,1.0,1.0,290759.0,0.03913501101148131,0.03966388649582423,0.04449217056439318,0.031549183850304155,0.03130221970899244,0.03197678183797181,5.72260469198227e-05,0.00043237457672754936,-0.0002765925601124764,-0.0,0.0,0.0,0.0,1.0,0.0,0.0,1.6686069741076082,1.1435016434368623,7.003959377199042,0.1698510176423034,0.5963629614448349,0.7596403827455973,-0.2726992253527596,-0.6791923890626175,5.310081275387902,0.0,0.0,0.0,0.0,1.0,0.0,0.0
2024-10-12 17:35:15.835127,1.0,1.0,1.0,1.0,1.0,1.0,1.0,290760.0,0.038733615672373205,0.039925697169818586,0.0451892182844354,0.03157991857152382,0.03151841915858901,0.0321582976678794,6.040527174870174e-05,0.0004355538015564284,-0.00030202635874350875,-0.0,0.0,0.0,0.0,1.0,0.0,0.0,1.6686692369545741,1.1434306104303902,7.003457088606192,0.16829696066056254,0.5910438909266317,0.7575358162619983,-0.2701349702620763,-0.6729042503169315,5.295093610533034,0.0,0.0,0.0,0.0,1.0,0.0,0.0
2024-10-12 17:35:15.839127,1.0,1.0,1.0,1.0,1.0,1.0,1.0,290761.0,0.03913501101148131,0.039925697169818586,0.04518921828443541,0.03151841915858901,0.03120910432259612,0.031549183850304155,1.9075348973274228e-05,0.00041965767741203324,-0.00029248868425687163,-0.0,0.0,0.0,0.0,1.0,0.0,0.0,1.666836438158875,1.142257836081403,7.003457832431748,0.1634723294292305,0.5889194096577948,0.7557421642707368,-0.2615085368866928,-0.6697901112852436,5.282974270914984,0.0,0.0,0.0,0.0,1.0,0.0,0.0
2024-10-12 17:35:15.920144,1.0,1.0,1.0,1.0,1.0,1.0,1.0,290762.0,0.039135011011481306,0.03979500713939933,0.0446091015690999,0.031084516582433108,0.03145679951185349,0.03151841915858901,4.768837243318558e-05,0.00040694077809651707,-0.00029248868425687163,-0.0,0.0,0.0,0.0,1.0,0.0,0.0,1.6645769390310405,1.144361963025974,7.003789224439942,0.1642030114654401,0.5824743364861525,0.7511686593636628,-0.26265386314460604,-0.663674920688119,5.2514417938909155,0.0,0.0,0.0,0.0,1.0,0.0,0.0
2024-10-12 17:35:15.924144,1.0,1.0,1.0,1.0,1.0,1.0,1.0,290763.0,0.039201510653345636,0.03926789767914727,0.044609101569099904,0.031084516582433108,0.03151841915858901,0.03151841915858901,4.7688372433185584e-05,0.00034653550634781527,-0.0003083848084012668,-0.0,0.0,0.0,0.0,1.0,0.0,0.0,1.6612727792288604,1.14543893683625,7.005289961685318,0.1601439304183313,0.5811699567354034,0.7514321388505595,-0.25489318609773914,-0.662922756464715,5.254711222916328,0.0,0.0,0.0,0.0,1.0,0.0,0.0
2024-10-12 17:35:16.007029,1.0,1.0,1.0,1.0,1.0,1.0,1.0,290764.0,0.039135011011481306,0.03906839817849146,0.04396213240745474,0.030833830904597324,0.03130221970899244,0.0313331966781849,4.450914760430655e-05,0.0003401770566900572,-0.00030202635874350875,-0.0,0.0,0.0,0.0,1.0,0.0,0.0,1.6597701085180525,1.1454389368362503,7.005704834501285,0.15888571817302874,0.5791454253682452,0.7583628386623866,-0.25280692914220737,-0.6607208720273281,5.303183185958033,0.0,0.0,0.0,0.0,1.0,0.0,0.0
2024-10-12 17:35:16.010029,1.0,1.0,1.0,1.0,1.0,1.0,1.0,290765.0,0.03846369171715948,0.03853134997827471,0.04342562526999594,0.030453933471522428,0.030990747087997286,0.03130221970899244,3.497147311766943e-05,0.00031474325805902487,-0.0002861302345991135,-0.0,0.0,0.0,0.0,1.0,0.0,0.0,1.6585168429149981,1.1460079366898086,7.005366096886766,0.15863814263732967,0.5793805300670671,0.7610399476010269,-0.25284228540245707,-0.66133987046577,5.322126168157876,0.0,0.0,0.0,0.0,1.0,0.0,0.0
2024-10-12 17:35:16.092014,1.0,1.0,1.0,1.0,1.0,1.0,1.0,290766.0,0.03880080326089555,0.03853134997827472,0.04336560364453033,0.030485772407004817,0.03095942747707764,0.03145679951185349,4.4509147604306555e-05,0.0002988471339146297,-0.00031474325805902487,-0.0,0.0,0.0,0.0,1.0,0.0,0.0,1.6589399369378275,1.1469235704281542,7.004863909163721,0.16024369358519783,0.5806102443857031,0.7611810461602246,-0.2549863150970089,-0.6632812266801428,5.32318011483124,0.0,0.0,0.0,0.0,1.0,0.0,0.0
2024-10-12 17:35:16.175627,1.0,1.0,1.0,1.0,1.0,1.0,1.0,290767.0,0.0387336156723732,0.03819186010094626,0.04251640472283598,0.030802351742838057,0.031022035078891817,0.03148762440853117,7.312217106421791e-05,0.0003179224828879039,-0.0002988471339146297,-0.0,0.0,0.0,0.0,1.0,0.0,0.0,1.6583006316609956,1.1485132964273994,7.004279589412945,0.1644748091601404,0.5829938290681954,0.7625981075701239,-0.2610249898267242,-0.6669221561169253,5.332723765083065,0.0,0.0,0.0,0.0,1.0,0.0,0.0
2024-10-12 17:35:16.178628,1.0,1.0,1.0,1.0,1.0,1.0,1.0,290768.0,0.03825999906698716,0.03839591423416135,0.04227064309912445,0.03077084037730748,0.03070772063827226,0.03095942747707764,7.312217106421791e-05,0.00032746015737454104,-0.00027977178494135546,-0.0,0.0,0.0,0.0,1.0,0.0,0.0,1.6582034226641982,1.1509200024350448,7.004698240541038,0.1684845339840462,0.5822219938940189,0.761269426814953,-0.2676423045019147,-0.6673828577550911,5.323781282696568,0.0,0.0,0.0,0.0,1.0,0.0,0.0
2024-10-12 17:35:16.259535,1.0,1.0,1.0,1.0,1.0,1.0,1.0,290769.0,0.03764230828317236,0.03764230828317236,0.043003714672582107,0.03077084037730748,0.03073929670896773,0.030294236862297798,7.630139589309694e-05,0.0003083848084012668,-0.00027977178494135546,-0.0,0.0,0.0,0.0,1.0,0.0,0.0,1.6581187749097925,1.1512384602286425,7.005778734457168,0.17707010504250123,0.5821416909516232,0.7614954294994848,-0.2823600758775585,-0.6674210294796569,5.326430539998185,0.0,0.0,0.0,0.0,1.0,0.0,0.0
2024-10-12 17:35:16.263535,1.0,1.0,1.0,1.0,1.0,1.0,1.0,290770.0,0.03764230828317236,0.037503662109375,0.04214722489965787,0.03077084037730748,0.03077084037730748,0.03064447088906264,7.948062072197598e-05,0.00030202635874350875,-0.0002670548856258393,-0.0,0.0,0.0,0.0,1.0,0.0,0.0,1.657617082968631,1.1522430381378723,7.007447626828983,0.18406761435196237,0.5833643970214132,0.7645068592113264,-0.2912000913431821,-0.6695223751371544,5.349049967697367,0.0,0.0,0.0,0.0,1.0,0.0,0.0
2024-10-12 17:35:16.345438,1.0,1.0,1.0,1.0,1.0,1.0,1.0,290771.0,0.03757304914762413,0.036802597262395625,0.0420853800755884,0.030896693010431804,0.03120910432259612,0.03095942747707764,0.00012398976832628253,0.00031156403323014586,-0.0002638756607969603,-0.0,0.0,0.0,0.0,1.0,0.0,0.0,1.6585482523114738,1.152579209445846,7.007032857200369,0.18696804761945227,0.5822031887633818,0.7678570225583022,-0.2969052439411963,-0.6681098720392237,5.37293198080197,0.0,0.0,0.0,0.0,1.0,0.0,0.0
2024-10-12 17:35:16.427941,1.0,1.0,1.0,1.0,1.0,1.0,1.0,290772.0,0.0373645014732293,0.03729472643293347,0.04251640472283598,0.031549183850304155,0.031115710284795706,0.030833830904597324,0.00011127286901076638,0.0003401770566900572,-0.0002765925601124764,-0.0,0.0,0.0,0.0,1.0,0.0,0.0,1.6597826628613497,1.153489626955719,7.007364080138624,0.18782952065204178,0.5856680750707577,0.7704650399726051,-0.2985544815398108,-0.6726398447853296,5.392071486195865,0.0,0.0,0.0,0.0,1.0,0.0,0.0
2024-10-12 17:35:16.431944,1.0,1.0,1.0,1.0,1.0,1.0,1.0,290773.0,0.03722482060496381,0.037780445658522906,0.0423322172659213,0.031641298451732976,0.031084516582433108,0.030896693010431804,0.00010173519452412927,0.00038468620429436373,-0.00025751721113920217,-0.0,0.0,0.0,0.0,1.0,0.0,0.0,1.6620142020576556,1.154514807019979,7.006529301942364,0.19075894392649895,0.5855466686412409,0.7690296759843337,-0.30531003572318555,-0.6730540839029637,5.381427079810926,0.0,0.0,0.0,0.0,1.0,0.0,0.0
2024-10-12 17:35:16.513911,1.0,1.0,1.0,1.0,1.0,1.0,1.0,290774.0,0.037711440220720746,0.0378493252884673,0.042577623479846755,0.03182472780550264,0.031549183850304155,0.03105329154533826,9.219752003749215e-05,0.0003910446539521218,-0.0002352626373370489,0.0,0.0,0.0,0.0,1.0,0.0,0.0,1.6628741665011224,1.1565264070854933,7.006283087185542,0.196855004028466,0.5854984619664516,0.7689102350976647,-0.31595708935948563,-0.6742019459711573,5.380866278849213,0.0,0.0,0.0,0.0,1.0,0.0,0.0
2024-10-12 17:35:16.516914,1.0,1.0,1.0,1.0,1.0,1.0,1.0,290775.0,0.037780445658522906,0.0373645014732293,0.043425625269995945,0.03197678183797181,0.03197678183797181,0.03148762440853117,8.901829520861311e-05,0.0003910446539521219,-0.000241621086994807,0.0,0.0,0.0,0.0,1.0,0.0,0.0,1.6639648452308395,1.1572006650562316,7.007949629403541,0.1978325972002687,0.5819155611996716,0.7673868253388649,-0.31828826858123277,-0.6703800530385595,5.3714183796160775,0.0,0.0,0.0,0.0,1.0,0.0,0.0
2024-10-12 17:35:16.598634,1.0,1.0,1.0,1.0,1.0,1.0,1.0,290776.0,0.037503662109375,0.0373645014732293,0.04318503823719134,0.03218845078999174,0.03188563643118791,0.03148762440853117,8.583907037973405e-05,0.0004164784525831542,-0.00021618728836377468,0.0,0.0,0.0,0.0,1.0,0.0,0.0,1.6626428560713125,1.1585569966342342,7.008529183451208,0.19787657066431444,0.5800177358916139,0.7654861099291462,-0.31854484800515387,-0.6689251140176815,5.358336773589867,0.0,0.0,0.0,0.0,1.0,0.0,0.0
2024-10-12 17:35:16.602631,1.0,1.0,1.0,1.0,1.0,1.0,1.0,290777.0,0.03715478325109878,0.03729472643293347,0.0434855640497593,0.03203740138402003,0.03170255949350469,0.03185519667586617,5.722604691982271e-05,0.00039740310360987996,-0.0002289041876792908,-0.0,0.0,0.0,0.0,1.0,0.0,0.0,1.6622332404074665,1.159972784148291,7.0088640519363095,0.19873474292556967,0.5769648842423057,0.7637416163599265,-0.31979084971598165,-0.6664121575699546,5.346507853636742,0.0,0.0,0.0,0.0,1.0,0.0,0.0
2024-10-12 17:35:16.683707,1.0,1.0,1.0,1.0,1.0,1.0,1.0,290778.0,0.03743414645719283,0.03764230828317236,0.04336560364453033,0.032007105962223864,0.03182472780550264,0.03221857569203676,4.132992277542752e-05,0.0003815069794654847,-0.00025751721113920217,-0.0,0.0,0.0,0.0,1.0,0.0,0.0,1.659328566166226,1.1613438207582518,7.009945390019895,0.1954064090629974,0.5758303228793382,0.7630213182729321,-0.3130841046238455,-0.665823172527814,5.341623761082728,0.0,0.0,0.0,0.0,1.0,0.0,0.0
2024-10-12 17:35:16.766963,1.0,1.0,1.0,1.0,1.0,1.0,1.0,290779.0,0.037780445658522906,0.038123599349151736,0.04306424069081518,0.03179422973639322,0.03242866644143693,0.03251828982682399,3.497147311766944e-05,0.0003942238787810009,-0.00025433798631032317,-0.0,0.0,0.0,0.0,1.0,0.0,0.0,1.659817186815794,1.1610980911974806,7.010278704651936,0.19006373200563395,0.5792961649344022,0.7615838039997662,-0.30421265436246014,-0.6696128610903859,5.331519309869191,0.0,0.0,0.0,0.0,1.0,0.0,0.0
2024-10-12 17:35:16.770963,1.0,1.0,1.0,1.0,1.0,1.0,1.0,290780.0,0.03798670986099516,0.03819186010094626,0.043425625269995945,0.0321582976678794,0.03260766687993288,0.03221857569203676,2.5433798631032317e-05,0.0003910446539521219,-0.0002861302345991135,-0.0,0.0,0.0,0.0,1.0,0.0,0.0,1.6595040121529159,1.1601056716765612,7.010524779079752,0.18274707994607903,0.5818640367270318,0.7587705120511793,-0.2940051579960195,-0.6719401335662784,5.311420717291964,0.0,0.0,0.0,0.0,1.0,0.0,0.0
2024-10-12 17:35:16.852797,1.0,1.0,1.0,1.0,1.0,1.0,1.0,290781.0,0.037780445658522906,0.038463691717159486,0.043784027154931265,0.032097906445255474,0.03248844283583844,0.0321582976678794,2.2254573802153277e-05,0.00035289395600557344,-0.00030520558357238775,-0.0,0.0,0.0,0.0,1.0,0.0,0.0,1.6605655337523426,1.1620511471290964,7.011769137627766,0.17919795642898917,0.5872584704367357,0.7583330297661618,-0.28730897667738886,-0.6795613957169456,5.309162218682277,0.0,0.0,0.0,0.0,1.0,0.0,0.0
2024-10-12 17:35:16.856796,1.0,1.0,1.0,1.0,1.0,1.0,1.0,290782.0,0.03819186010094626,0.03853134997827471,0.043784027154931265,0.03145679951185349,0.032933307582966455,0.03218845078999174,2.8613023459911357e-05,0.0003433562815189362,-0.0002861302345991135,-0.0,0.0,0.0,0.0,1.0,0.0,0.0,1.6598986096068444,1.16180556717254,7.010522549852285,0.18092645057993195,0.5848391865137655,0.7566284605643309,-0.2900975058941951,-0.676641393358026,5.29613502113601,0.0,0.0,0.0,0.0,1.0,0.0,0.0
2024-10-12 17:35:16.938404,1.0,1.0,1.0,1.0,1.0,1.0,1.0,290783.0,0.03832801689680105,0.03859888964444313,0.044609101569099904,0.031022035078891817,0.03305092691301418,0.03248844283583844,2.8613023459911357e-05,0.00031474325805902487,-0.000324280932545662,-0.0,0.0,0.0,0.0,1.0,0.0,0.0,1.6594851774402801,1.1605454673770872,7.009108689577961,0.18580460819720662,0.5826536308069179,0.7566729180569011,-0.29762832624753116,-0.6734091793460036,5.295428118813178,0.0,0.0,0.0,0.0,1.0,0.0,0.0
2024-10-12 17:35:17.020745,1.0,1.0,1.0,1.0,1.0,1.0,1.0,290784.0,0.038055216156251626,0.03839591423416136,0.04501596824740669,0.03070772063827226,0.03296275176192149,0.03233879467572394,3.497147311766943e-05,0.00031156403323014586,-0.00032746015737454104,-0.0,0.0,0.0,0.0,1.0,0.0,0.0,1.657639081542883,1.1596316048639443,7.009189242604764,0.17976521282636718,0.5807278303181199,0.7520517354909324,-0.2878121857290074,-0.670547530060795,5.263055439110953,0.0,0.0,0.0,0.0,1.0,0.0,0.0
2024-10-12 17:35:17.023741,1.0,1.0,1.0,1.0,1.0,1.0,1.0,290785.0,0.038055216156251626,0.03853134997827472,0.0447839256286125,0.030581090322992784,0.03308026640118225,0.03221857569203676,2.8613023459911357e-05,0.00033699783186117815,-0.00033699783186117815,-0.0,0.0,0.0,0.0,1.0,0.0,0.0,1.6571278135966458,1.1616567665035071,7.010274989142014,0.178699659622732,0.5819562059467706,0.7512022681317043,-0.2854817424389337,-0.6730087757438286,5.257466298781926,0.0,0.0,0.0,0.0,1.0,0.0,0.0
2024-10-12 17:35:17.109373,1.0,1.0,1.0,1.0,1.0,1.0,1.0,290786.0,0.03832801689680105,0.03893483061427055,0.04466745228281863,0.030453933471522428,0.03308026640118225,0.03224867245309928,6.358449657758079e-06,0.0003560731808344524,-0.00034653550634781527,-0.0,0.0,0.0,0.0,1.0,0.0,0.0,1.6558756941266988,1.1616298597039232,7.012033732670985,0.17727229852857107,0.5827450409495281,0.7554416633389899,-0.28323765126874906,-0.6739862948615842,5.287415458761355,0.0,0.0,0.0,0.0,1.0,0.0,0.0
2024-10-12 17:35:17.110374,1.0,1.0,1.0,1.0,1.0,1.0,1.0,290787.0,0.03825999906698716,0.03886787470812279,0.0447839256286125,0.030198013527012933,0.033021561356871405,0.0321582976678794,3.179224828879039e-05,0.0003497147311766943,-0.0003560731808344524,-0.0,0.0,0.0,0.0,1.0,0.0,0.0,1.6571905077309643,1.1613752196952856,7.013534934049138,0.17426296819930154,0.5806014125457598,0.7527704198725896,-0.2790643614754355,-0.6712290175089523,5.2693077295735,0.0,0.0,0.0,0.0,1.0,0.0,0.0
2024-10-12 17:35:17.191220,1.0,1.0,1.0,1.0,1.0,1.0,1.0,290788.0,0.03853134997827471,0.038733615672373205,0.04501596824740669,0.030036956306502573,0.033226575237181734,0.03212811624624381,5.4046822090943663e-05,0.0003401770566900572,-0.00035925240566333144,-0.0,0.0,0.0,0.0,1.0,0.0,0.0,1.6566728124310899,1.1591869684846696,7.013284508539865,0.17368350463478033,0.5804269760679613,0.7523354763899915,-0.27757780472720833,-0.6698409494452388,5.266285619848896,0.0,0.0,0.0,0.0,1.0,0.0,0.0
2024-10-12 17:35:17.274707,1.0,1.0,1.0,1.0,1.0,1.0,1.0,290789.0,0.03839591423416136,0.03825999906698716,0.044080469451694804,0.030358216314476834,0.03308026640118225,0.03233879467572394,5.722604691982271e-05,0.0003306393822034201,-0.0003815069794654847,-0.0,0.0,0.0,0.0,1.0,0.0,0.0,1.655863110161734,1.1607509233978677,7.0135423616130215,0.17681235693769215,0.5800110455218751,0.752099852054076,-0.28205076589791067,-0.6703978520717451,5.265090159822732,0.0,0.0,0.0,0.0,1.0,0.0,0.0
2024-10-12 17:35:17.278438,1.0,1.0,1.0,1.0,1.0,1.0,1.0,290790.0,0.038733615672373205,0.038123599349151736,0.04390284427203976,0.0303262434606198,0.03357511528435138,0.032637404840404415,7.948062072197598e-05,0.000321101707716783,-0.00037196930497884756,-0.0,0.0,0.0,0.0,1.0,0.0,0.0,1.6544340686597652,1.1630848687590774,7.013378383537934,0.17982729199177186,0.5814303040335794,0.7524343715843842,-0.28674446451738,-0.6733603029695836,5.2678191879124165,0.0,0.0,0.0,0.0,1.0,0.0,0.0
2024-10-12 17:35:17.360239,1.0,1.0,1.0,1.0,1.0,1.0,1.0,290791.0,0.03853134997827472,0.03764230828317236,0.044198489661446745,0.0303262434606198,0.0337192770263005,0.03299216966314644,7.312217106421791e-05,0.000321101707716783,-0.00037196930497884756,-0.0,0.0,0.0,0.0,1.0,0.0,0.0,1.6531893622479834,1.1630355997226984,7.015130408324047,0.18372331577539938,0.5804151169409927,0.7557224606141256,-0.2944193088018529,-0.6721240975606589,5.2912766735745915,0.0,0.0,0.0,0.0,1.0,0.0,0.0
2024-10-12 17:35:17.363236,1.0,1.0,1.0,1.0,1.0,1.0,1.0,290792.0,0.03839591423416136,0.037780445658522906,0.043784027154931265,0.030453933471522428,0.03386282504451316,0.03313886745048406,8.583907037973405e-05,0.0003433562815189362,-0.00038468620429436373,-0.0,0.0,0.0,0.0,1.0,0.0,0.0,1.6505081267912693,1.1630221623505388,7.017462296681103,0.1838341143268674,0.582124391041534,0.758055667604363,-0.29414580715476857,-0.6741175787641244,5.309093705546151,0.0,0.0,0.0,0.0,1.0,0.0,0.0
2024-10-12 17:35:17.445163,1.0,1.0,1.0,1.0,1.0,1.0,1.0,290793.0,0.03825999906698716,0.03757304914762413,0.043425625269995945,0.030581090322992784,0.03423323297213509,0.033226575237181734,8.583907037973405e-05,0.00036243163049221044,-0.000410120002925396,-0.0,0.0,0.0,0.0,1.0,0.0,0.0,1.6507726949488135,1.1651808570474205,7.020286367711863,0.17788605578540395,0.5856578207899675,0.7598081087353735,-0.28440214118743645,-0.6794671754361372,5.323363689833165,0.0,0.0,0.0,0.0,1.0,0.0,0.0
2024-10-12 17:35:17.448163,1.0,1.0,1.0,1.0,1.0,1.0,1.0,290794.0,0.03900167157440239,0.03764230828317236,0.04330549882888886,0.030294236862297798,0.03434640099311143,0.033834164163335345,0.00010809364418188733,0.0003560731808344524,-0.0004323745767275493,-0.0,0.0,0.0,0.0,1.0,0.0,0.0,1.6498025817915267,1.1646820196797647,7.019791184129705,0.17797059607398036,0.585928867850293,0.7613144122485,-0.28425458688692945,-0.6795255390231579,5.333999365965795,0.0,0.0,0.0,0.0,1.0,0.0,0.0
2024-10-12 17:35:17.530553,1.0,1.0,1.0,1.0,1.0,1.0,1.0,290795.0,0.038733615672373205,0.03764230828317236,0.04312468176012514,0.030612797008878905,0.03443103291031149,0.03403428348265909,0.00013034821798404061,0.000324280932545662,-0.0004323745767275493,-0.0,0.0,0.0,0.0,1.0,0.0,0.0,1.6492227314113679,1.1646730741125568,7.019121731641947,0.17851990123246858,0.5887807062469672,0.7645744937361086,-0.28537043592733213,-0.6830494679398491,5.356698190179221,0.0,0.0,0.0,0.0,1.0,0.0,0.0
2024-10-12 17:35:17.613504,1.0,1.0,1.0,1.0,1.0,1.0,1.0,290796.0,0.03859888964444313,0.037084613626145846,0.04263875434188018,0.03077084037730748,0.03437463478414554,0.03414811083549323,0.00013988589247067773,0.0003083848084012668,-0.0004164784525831542,-0.0,0.0,0.0,0.0,1.0,0.0,0.0,1.6470559184263838,1.1641695444380502,7.017785604309921,0.1763614027263601,0.5888912479773122,0.761503042990789,-0.28181512478142734,-0.6827881554239373,5.334550027891711,0.0,0.0,0.0,0.0,1.0,0.0,0.0
2024-10-12 17:35:17.616501,1.0,1.0,1.0,1.0,1.0,1.0,1.0,290797.0,0.038123599349151736,0.03715478325109878,0.042393702000235525,0.030802351742838057,0.03465570761333854,0.03394866250806731,0.00013988589247067773,0.0003083848084012668,-0.00040376155326763796,-0.0,0.0,0.0,0.0,1.0,0.0,0.0,1.6450220703025904,1.164987772411078,7.017033271294202,0.17697901505694938,0.5897156944741091,0.7686139408035815,-0.28198134230917055,-0.6843530426368142,5.383501456726589,0.0,0.0,0.0,0.0,1.0,0.0,0.0
2024-10-12 17:35:17.698462,1.0,1.0,1.0,1.0,1.0,1.0,1.0,290798.0,0.038055216156251626,0.037084613626145846,0.0420853800755884,0.031115710284795706,0.03423323297213509,0.03411968959808029,0.00013034821798404061,0.00032746015737454104,-0.00041329922775427513,-0.0,0.0,0.0,0.0,1.0,0.0,0.0,1.644472212508718,1.1650485484040456,7.016785197877389,0.18128196505336425,0.5911218122645413,0.7690514715190245,-0.28945477471061865,-0.6860784512662825,5.386872465349543,0.0,0.0,0.0,0.0,1.0,0.0,0.0
2024-10-12 17:35:17.702463,1.0,1.0,1.0,1.0,1.0,1.0,1.0,290799.0,0.037918079796158174,0.03701431097784902,0.042023444236177564,0.03105329154533826,0.0337192770263005,0.03448733880714076,0.00013988589247067773,0.0003083848084012668,-0.00041647845258315413,-0.0,0.0,0.0,0.0,1.0,0.0,0.0,1.6449462449148677,1.1644012043639533,7.015615525374151,0.17980769561891907,0.5859114432253821,0.7693104977453517,-0.2874848937845868,-0.6795837722451393,5.387710813479882,0.0,0.0,0.0,0.0,1.0,0.0,0.0
2024-10-12 17:35:17.783352,1.0,1.0,1.0,1.0,1.0,1.0,1.0,290800.0,0.037918079796158174,0.037084613626145846,0.041587310697157,0.030928076150071922,0.032815266674204355,0.03428986366919591,0.00013352744281291964,0.00033699783186117815,-0.0003783277546366057,-0.0,0.0,0.0,0.0,1.0,0.0,0.0,1.644272985531313,1.162542975297561,7.015280236592957,0.18048577596364784,0.5840764338216949,0.7687401782985888,-0.2887792251797346,-0.676323639088092,5.383136060342784,0.0,0.0,0.0,0.0,1.0,0.0,0.0
2024-10-12 17:35:17.867354,1.0,1.0,1.0,1.0,1.0,1.0,1.0,290801.0,0.03832801689680105,0.03825999906698716,0.04050858489526056,0.03130221970899244,0.032756086704177324,0.03406277598114669,0.00013352744281291964,0.0003656108553210895,-0.0003433562815189362,-0.0,0.0,0.0,0.0,1.0,0.0,0.0,1.644680739497785,1.1617095728449789,7.015196783184176,0.18154635928379576,0.5823410789527741,0.7652781179601125,-0.2905329251253884,-0.6738482887488733,5.359167762403473,0.0,0.0,0.0,0.0,1.0,0.0,0.0
2024-10-12 17:35:17.870354,1.0,1.0,1.0,1.0,1.0,1.0,1.0,290802.0,0.038463691717159486,0.03757304914762413,0.04089256110871732,0.031364143052817484,0.03203740138402003,0.03434640099311143,9.219752003749215e-05,0.00033699783186117815,-0.0003592524056633315,-0.0,0.0,0.0,0.0,1.0,0.0,0.0,1.6453569981276766,1.1602169198253098,7.014693813979979,0.18441856255025965,0.5834445316755216,0.7618945549244444,-0.29470178040470457,-0.6742045953251815,5.3348523360071525,0.0,0.0,0.0,0.0,1.0,0.0,0.0
2024-10-12 17:35:17.951737,1.0,1.0,1.0,1.0,1.0,1.0,1.0,290803.0,0.03859888964444313,0.037084613626145846,0.04037978143756249,0.03157991857152382,0.03185519667586617,0.034091244666417886,0.00010491441935300828,0.000321101707716783,-0.000321101707716783,-0.0,0.0,0.0,0.0,1.0,0.0,0.0,1.6442444716758564,1.1568298122398117,7.014778015997683,0.1867331441062228,0.5834593379611964,0.7597127881622329,-0.29844912766411563,-0.6721061660597724,5.3195724810460225,0.0,0.0,0.0,0.0,1.0,0.0,0.0
2024-10-12 17:35:17.955736,1.0,1.0,1.0,1.0,1.0,1.0,1.0,290804.0,0.03764230828317236,0.03729472643293347,0.03986040571620479,0.032097906445255474,0.03170255949350469,0.03348832035600082,8.90182952086131e-05,0.0003179224828879039,-0.0003083848084012668,-0.0,0.0,0.0,0.0,1.0,0.0,0.0,1.6431975903721368,1.1553263457546503,7.015278008876622,0.18720247814894198,0.5875527602921273,0.7547562799124036,-0.2990182909123001,-0.6757889973433736,5.283608761766482,0.0,0.0,0.0,0.0,1.0,0.0,0.0
2024-10-12 17:35:18.038481,1.0,1.0,1.0,1.0,1.0,1.0,1.0,290805.0,0.037780445658522906,0.037503662109375,0.03946638873835309,0.03218845078999174,0.031364143052817484,0.03340129988750126,7.948062072197597e-05,0.0003306393822034201,-0.0002829510097702345,-0.0,0.0,0.0,0.0,1.0,0.0,0.0,1.6437827352749763,1.152388533865921,7.015861412618239,0.1869900504053582,0.5904239056858285,0.7514811659681125,-0.2985845453999981,-0.6771506517679995,5.261545559636667,0.0,0.0,0.0,0.0,1.0,0.0,0.0
2024-10-12 17:35:18.041477,1.0,1.0,1.0,1.0,1.0,1.0,1.0,290806.0,0.037918079796158174,0.03764230828317236,0.03953233095432663,0.03179422973639322,0.03142594437984583,0.03348832035600082,0.00010491441935300828,0.0003179224828879039,-0.0002765925601124764,-0.0,0.0,0.0,0.0,1.0,0.0,0.0,1.6463295530005186,1.149652502560121,7.016029045124823,0.18727256233101297,0.5913527023549766,0.7442629960114098,-0.299079270210754,-0.6766676745294123,5.209573720028019,0.0,0.0,0.0,0.0,1.0,0.0,0.0
2024-10-12 17:35:18.123555,1.0,1.0,1.0,1.0,1.0,1.0,1.0,290807.0,0.03866631133712533,0.037780445658522906,0.03986040571620479,0.03182472780550264,0.031146872746571578,0.033661686417184034,9.219752003749211e-05,0.000324280932545662,-0.00023844186216592797,-0.0,0.0,0.0,0.0,1.0,0.0,0.0,1.6467621050473504,1.1476470105350918,7.016113231118106,0.18559778506254954,0.5950044803449144,0.7344348861396504,-0.2967149151891722,-0.6797562157548391,5.142945447897371,0.0,0.0,0.0,0.0,1.0,0.0,0.0
2024-10-12 17:35:18.205673,1.0,1.0,1.0,1.0,1.0,1.0,1.0,290808.0,0.03805521615625162,0.0378493252884673,0.03940033615860651,0.031763702384431956,0.0313331966781849,0.03360399710929144,9.855596969525021e-05,0.0003401770566900572,-0.00023844186216592791,-0.0,0.0,0.0,0.0,1.0,0.0,0.0,1.6491593792205577,1.1470216372348356,7.016196673626294,0.18129818867023714,0.5914194913035697,0.7310598512333841,-0.28980984281905353,-0.6750055770504715,5.119112822116035,0.0,0.0,0.0,0.0,1.0,0.0,0.0
2024-10-12 17:35:18.209672,1.0,1.0,1.0,1.0,1.0,1.0,1.0,290809.0,0.03893483061427055,0.037918079796158174,0.039729500910397,0.03182472780550264,0.03145679951185349,0.03319736505550277,7.312217106421788e-05,0.00038468620429436373,-0.000244800311823686,-0.0,0.0,0.0,0.0,1.0,0.0,0.0,1.650265435625726,1.1436846909010487,7.016197416101256,0.18470760603264086,0.591908188138408,0.7294378819841842,-0.2956801195606105,-0.6737850932447518,5.10809556330811,0.0,0.0,0.0,0.0,1.0,0.0,0.0
2024-10-12 17:35:18.291139,1.0,1.0,1.0,1.0,1.0,1.0,1.0,290810.0,0.03839591423416136,0.03825999906698716,0.04037978143756249,0.03203740138402003,0.03170255949350469,0.03313886745048406,6.994294623533886e-05,0.0003751485298077266,-0.0002670548856258393,-0.0,0.0,0.0,0.0,1.0,0.0,0.0,1.6505458234510992,1.1424274032270836,7.016696565415109,0.1819655529944273,0.589278411908149,0.7303720072817094,-0.29100330952171366,-0.6700670066286731,5.115229146668129,0.0,0.0,0.0,0.0,1.0,0.0,0.0
2024-10-12 17:35:18.295087,1.0,1.0,1.0,1.0,1.0,1.0,1.0,290811.0,0.03846369171715948,0.037780445658522906,0.04089256110871732,0.032067668184708895,0.03120910432259612,0.033168129149298335,6.994294623533885e-05,0.0003465355063478153,-0.00027023411045471834,-0.0,0.0,0.0,0.0,1.0,0.0,0.0,1.6486488190081865,1.1406685258325686,7.015777966122607,0.17992414350061775,0.5908468142970104,0.730766922353743,-0.28676348519714334,-0.6709217408033848,5.11740328648143,0.0,0.0,0.0,0.0,1.0,0.0,0.0
2024-10-12 17:35:18.376372,1.0,1.0,1.0,1.0,1.0,1.0,1.0,290812.0,0.03825999906698716,0.03819186010094626,0.04089256110871732,0.03227874115189541,0.031240173622796498,0.032815266674204355,0.00013352744281291964,0.0003497147311766943,-0.00025433798631032317,-0.0,0.0,0.0,0.0,1.0,0.0,0.0,1.6501553032643017,1.14084289544228,7.015862897639044,0.17465175552130363,0.5902158990675538,0.730223194799654,-0.2792974709869626,-0.67029570055016,5.1135250064640205,0.0,0.0,0.0,0.0,1.0,0.0,0.0
2024-10-12 17:35:18.460008,1.0,1.0,1.0,1.0,1.0,1.0,1.0,290813.0,0.038463691717159486,0.038733615672373205,0.04133602555253029,0.03245856839932655,0.031146872746571578,0.03284481667269478,0.00013352744281291964,0.00034653550634781527,-0.0002543379863103231,-0.0,0.0,0.0,0.0,1.0,0.0,0.0,1.649339242950395,1.141324766461292,7.016365040580164,0.17369696571991547,0.589826922519579,0.7281197395308149,-0.27790137706268564,-0.6702694214814355,5.098509620114348,0.0,0.0,0.0,0.0,1.0,0.0,0.0
2024-10-12 17:35:18.462951,1.0,1.0,1.0,1.0,1.0,1.0,1.0,290814.0,0.03853134997827472,0.03880080326089555,0.041774782619765874,0.032368779656366614,0.031084516582433108,0.032785690042080325,0.00013988589247067773,0.00036243163049221044,-0.00025751721113920217,0.0,0.0,0.0,0.0,1.0,0.0,0.0,1.6516887992830105,1.1408291966711368,7.017527164816904,0.17183970323053332,0.5869092523262421,0.7342164095809142,-0.2743263765905258,-0.6667067257868541,5.142191387072911,0.0,0.0,0.0,0.0,1.0,0.0,0.0
2024-10-12 17:35:18.545426,1.0,1.0,1.0,1.0,1.0,1.0,1.0,290815.0,0.03839591423416136,0.03859888964444313,0.042023444236177564,0.03224867245309928,0.03127121205432006,0.032398736885968185,0.00013352744281291964,0.00036243163049221055,-0.0002734133352835974,-0.0,0.0,0.0,0.0,1.0,0.0,0.0,1.6485448985969302,1.1407671303584546,7.017694757533468,0.1741432063831606,0.5844287674776464,0.7308403657463819,-0.2776200997718068,-0.6639141952044068,5.118399573959518,0.0,0.0,0.0,0.0,1.0,0.0,0.0
2024-10-12 17:35:18.548946,1.0,1.0,1.0,1.0,1.0,1.0,1.0,290816.0,0.038733615672373205,0.038463691717159486,0.04251640472283598,0.032696799620819436,0.030990747087997286,0.03212811624624381,9.219752003749215e-05,0.0003528939560055733,-0.00027023411045471834,-0.0,0.0,0.0,0.0,1.0,0.0,0.0,1.6492606350177728,1.1418703056006483,7.01886482573175,0.17556273595868013,0.5858855024391861,0.7334345116247094,-0.28003759747085233,-0.6661943133839948,5.138141138747397,0.0,0.0,0.0,0.0,1.0,0.0,0.0
2024-10-12 17:35:18.629921,1.0,1.0,1.0,1.0,1.0,1.0,1.0,290817.0,0.03886787470812279,0.038463691717159486,0.042455097690623465,0.03257790177388484,0.031084516582433108,0.03188563643118791,0.00010491441935300831,0.0003497147311766943,-0.0002765925601124764,-0.0,0.0,0.0,0.0,1.0,0.0,0.0,1.6484378114631946,1.141200684365299,7.018864083538955,0.175681646955866,0.5820843929506667,0.7312615613426081,-0.27942498481667327,-0.661373731733392,5.122102706443995,0.0,0.0,0.0,0.0,1.0,0.0,0.0
2024-10-12 17:35:18.713201,1.0,1.0,1.0,1.0,1.0,1.0,1.0,290818.0,0.039135011011481306,0.03859888964444313,0.042393702000235525,0.03251828982682399,0.03120910432259612,0.032067668184708895,0.00011763131866852446,0.0003528939560055733,-0.0002638756607969603,-0.0,0.0,0.0,0.0,1.0,0.0,0.0,1.648166547128803,1.1416687156740395,7.017447449843525,0.17940879563751896,0.5813565666956244,0.7300043226229641,-0.285510511059376,-0.6607757409902314,5.1121443439756025,0.0,0.0,0.0,0.0,1.0,0.0,0.0
2024-10-12 17:35:18.717199,1.0,1.0,1.0,1.0,1.0,1.0,1.0,290819.0,0.03859888964444313,0.03832801689680105,0.04263875434188018,0.03224867245309928,0.03127121205432006,0.0321582976678794,0.00016531969110171005,0.0003433562815189362,-0.00023844186216592797,0.0,0.0,0.0,0.0,1.0,0.0,0.0,1.6464341468556374,1.1428329780532733,7.017609848187347,0.17975975899889976,0.583318385886952,0.7279260225604144,-0.2855358439302346,-0.663612118381777,5.097651679380204,0.0,0.0,0.0,0.0,1.0,0.0,0.0
2024-10-12 17:35:18.798750,1.0,1.0,1.0,1.0,1.0,1.0,1.0,290820.0,0.03859888964444313,0.03853134997827472,0.04251640472283598,0.03227874115189541,0.031549183850304155,0.03233879467572394,0.00018121581524610522,0.0003528939560055733,-0.0002511587614814441,0.0,0.0,0.0,0.0,1.0,0.0,0.0,1.6477659786966412,1.1435153101933608,7.018279444889105,0.1826094544205819,0.5830349532892651,0.7279171270728656,-0.29016313628082463,-0.6637393294281707,5.097848202574255,0.0,0.0,0.0,0.0,1.0,0.0,0.0
2024-10-12 17:35:18.801747,1.0,1.0,1.0,1.0,1.0,1.0,1.0,290821.0,0.03798670986099516,0.038733615672373205,0.04227064309912445,0.03179422973639322,0.03203740138402003,0.03251828982682399,0.00018439504007498428,0.0003878654291232428,-0.00025751721113920217,0.0,0.0,0.0,0.0,1.0,0.0,0.0,1.6490309292319207,1.145152566329777,7.019200685443803,0.18199512706163615,0.5803582852783766,0.727256526368258,-0.28945682060067063,-0.6615141159567387,5.093514410288308,0.0,0.0,0.0,0.0,1.0,0.0,0.0
2024-10-12 17:35:18.885094,1.0,1.0,1.0,1.0,1.0,1.0,1.0,290822.0,0.03832801689680105,0.03906839817849147,0.04214722489965788,0.031240173622796498,0.032007105962223864,0.03260766687993288,0.00015578201661507293,0.00042601612706979125,-0.00023844186216592797,0.0,0.0,0.0,0.0,1.0,0.0,0.0,1.6510063779374238,1.1443474693942717,7.021036126255652,0.18350719625076603,0.5808696495993636,0.7296231565144258,-0.29245006918770794,-0.6617129289496255,5.111283308123105,0.0,0.0,0.0,0.0,1.0,0.0,0.0
2024-10-12 17:35:18.888097,1.0,1.0,1.0,1.0,1.0,1.0,1.0,290823.0,0.03893483061427055,0.03900167157440239,0.041774782619765874,0.030802351742838057,0.03170255949350469,0.032398736885968185,0.00017485736558834716,0.0004514499257008236,-0.00023208341250816988,0.0,0.0,0.0,0.0,1.0,0.0,0.0,1.6529327242872836,1.1447333245687186,7.021961456343691,0.18341735813830612,0.5781896690372327,0.7324530378749393,-0.2925933235445806,-0.6588909295603151,5.13238247340342,0.0,0.0,0.0,0.0,1.0,0.0,0.0
2024-10-12 17:35:18.969927,1.0,1.0,1.0,1.0,1.0,1.0,1.0,290824.0,0.039201510653345636,0.03886787470812279,0.04120980838596827,0.030833830904597324,0.03185519667586617,0.032308781866774994,0.00016849891593058908,0.0004673460498452188,-0.00021300806353489565,0.0,0.0,0.0,0.0,1.0,0.0,0.0,1.6540521818199636,1.1459353873874805,7.0237224653321135,0.18706288956632344,0.5772180044581555,0.7296382465856405,-0.29917794182685503,-0.6585892333194937,5.114105063603632,0.0,0.0,0.0,0.0,1.0,0.0,0.0
2024-10-12 17:35:19.052699,1.0,1.0,1.0,1.0,1.0,1.0,1.0,290825.0,0.039729500910396995,0.03906839817849147,0.04082881584609787,0.03039015553037446,0.03173314566510837,0.032368779656366614,0.00018439504007498428,0.0005023175229628882,-0.00021300806353489565,0.0,0.0,0.0,0.0,1.0,0.0,0.0,1.655126819168001,1.1457909275104214,7.024307392572773,0.1830708973731851,0.5747463319768653,0.7287590934312284,-0.2921388689149906,-0.6555802126653655,5.10773412833937,0.0,0.0,0.0,0.0,1.0,0.0,0.0
2024-10-12 17:35:19.055696,1.0,1.0,1.0,1.0,1.0,1.0,1.0,290826.0,0.03959816335788845,0.03893483061427055,0.04076497090344803,0.02990748606458951,0.031763702384431956,0.032368779656366614,0.0002034703890482585,0.0005150344222784043,-0.00022572496285041177,0.0,0.0,0.0,0.0,1.0,0.0,0.0,1.655035895866656,1.1454045923988347,7.024060317704795,0.18245023241991304,0.5712019367085203,0.7329474318704737,-0.29100799425248,-0.6513060707955358,5.1368302131443455,0.0,0.0,0.0,0.0,1.0,0.0,0.0
2024-10-12 17:35:19.137316,1.0,1.0,1.0,1.0,1.0,1.0,1.0,290827.0,0.03953233095432663,0.03880080326089556,0.04076497090344803,0.030004641120915988,0.03151841915858901,0.03254810944778678,0.00020982883870601662,0.0005277513215939206,-0.0002257249628504118,0.0,0.0,0.0,0.0,1.0,0.0,0.0,1.6539804511794551,1.1448189481723874,7.023981418528146,0.1875212707580019,0.572979979096169,0.7358480506823988,-0.2994782334895114,-0.6531755201774364,5.157887156973229,0.0,0.0,0.0,0.0,1.0,0.0,0.0
2024-10-12 17:35:19.141316,1.0,1.0,1.0,1.0,1.0,1.0,1.0,290828.0,0.039400336158606504,0.038733615672373205,0.04152463197171362,0.030230122003416366,0.0316106234096681,0.032637404840404415,0.00020029116421937945,0.0004927798484762511,-0.000241621086994807,0.0,0.0,0.0,0.0,1.0,0.0,0.0,1.6539430098656258,1.1439790455111096,7.026984326399382,0.18687374809008628,0.5753127128479054,0.737719038368104,-0.2986359533813746,-0.6553688320621597,5.1732709044600185,0.0,0.0,0.0,0.0,1.0,0.0,0.0
2024-10-12 17:35:19.222946,1.0,1.0,1.0,1.0,1.0,1.0,1.0,290829.0,0.03900167157440239,0.03906839817849147,0.04133602555253029,0.03073929670896773,0.03148762440853117,0.032874340109372714,0.00016531969110171005,0.000483242173989614,-0.00024797953665256506,0.0,0.0,0.0,0.0,1.0,0.0,0.0,1.6536948767268373,1.1443404061661382,7.028240594827842,0.1841611209960013,0.5768869725953388,0.7400242551646766,-0.29433071524435295,-0.6573016367504881,5.19098582696323,0.0,0.0,0.0,0.0,1.0,0.0,0.0
2024-10-12 17:35:19.305687,1.0,1.0,1.0,1.0,1.0,1.0,1.0,290830.0,0.03999088202492748,0.03839591423416136,0.04120980838596827,0.030581090322992784,0.03139505892336215,0.032756086704177324,0.00012398976832628253,0.0004482707008719446,-0.00025115876148144406,0.0,0.0,0.0,0.0,1.0,0.0,0.0,1.654706960262264,1.1454719748643505,7.031161383305808,0.18210949976097524,0.5827456751415386,0.7365738483196208,-0.2911639318660774,-0.6644797650033633,5.16878600227225,0.0,0.0,0.0,0.0,1.0,0.0,0.0
2024-10-12 17:35:19.309690,1.0,1.0,1.0,1.0,1.0,1.0,1.0,290831.0,0.04076497090344803,0.037918079796158174,0.041774782619765874,0.03064447088906264,0.031240173622796498,0.03245856839932655,0.00012716899315516158,0.0004260161270697913,-0.0002702341104547183,0.0,0.0,0.0,0.0,1.0,0.0,0.0,1.6549580893824558,1.144303987397716,7.0304944954332,0.18825380970041333,0.5840335636578268,0.7342578304408185,-0.3016095126421569,-0.6654105503571991,5.152633706620347,0.0,0.0,0.0,0.0,1.0,0.0,0.0
2024-10-12 17:35:19.392208,1.0,1.0,1.0,1.0,1.0,1.0,1.0,290832.0,0.04063698009803076,0.0378493252884673,0.041774782619765874,0.03105329154533826,0.03120910432259612,0.03251828982682399,0.00011763131866852446,0.00037196930497884767,-0.0002734133352835974,-0.0,0.0,0.0,0.0,1.0,0.0,0.0,1.6528303135060616,1.1461463361508948,7.0301651032736325,0.1879341429803816,0.5812674019483894,0.7334424478951015,-0.30082994652856127,-0.663219744845489,5.146671112507024,0.0,0.0,0.0,0.0,1.0,0.0,0.0
2024-10-12 17:35:19.395205,1.0,1.0,1.0,1.0,1.0,1.0,1.0,290833.0,0.040055960801949016,0.037918079796158174,0.041774782619765874,0.031240173622796498,0.03139505892336215,0.032815266674204355,0.0001144520938396454,0.0003687900801499686,-0.0002893094594279926,-0.0,0.0,0.0,0.0,1.0,0.0,0.0,1.6528142001820303,1.147002818742494,7.030328689808858,0.18824849273220565,0.5832594609931446,0.7317391255183884,-0.30162453826426483,-0.6659253198440751,5.1349541298640755,0.0,0.0,0.0,0.0,1.0,0.0,0.0
2024-10-12 17:35:19.477494,1.0,1.0,1.0,1.0,1.0,1.0,1.0,290834.0,0.03966388649582423,0.03757304914762413,0.04251640472283598,0.031364143052817484,0.0313331966781849,0.033546208593426816,0.0001367066676417987,0.000324280932545662,-0.00032746015737454104,-0.0,0.0,0.0,0.0,1.0,0.0,0.0,1.653474530173059,1.1467676441529466,7.030577767257159,0.1878770785108044,0.5856455154160187,0.7331257597413736,-0.3020314117571798,-0.6684438315246047,5.145096660285055,0.0,0.0,0.0,0.0,1.0,0.0,0.0
2024-10-12 17:35:19.480493,1.0,1.0,1.0,1.0,1.0,1.0,1.0,290835.0,0.03913501101148131,0.03722482060496381,0.04318503823719134,0.03173314566510837,0.031178004061435775,0.0337192770263005,0.00012081054349740349,0.0002829510097702345,-0.0003560731808344524,-0.0,0.0,0.0,0.0,1.0,0.0,0.0,1.6566027862814505,1.1476762805232632,7.030244674043296,0.19091802524056725,0.5857933994276021,0.7382511649993773,-0.3074806872203554,-0.6693621417852464,5.181278711568121,0.0,0.0,0.0,0.0,1.0,0.0,0.0
2024-10-12 17:35:19.561733,1.0,1.0,1.0,1.0,1.0,1.0,1.0,290836.0,0.039729500910397,0.03722482060496381,0.04330549882888886,0.032067668184708895,0.0313331966781849,0.03423323297213509,0.0001208105434974035,0.00027977178494135546,-0.00037832775463660567,-0.0,0.0,0.0,0.0,1.0,0.0,0.0,1.6573494414429624,1.1480183268078081,7.030659556199707,0.19053954407807278,0.5857400866159451,0.7367100177637399,-0.3062222924201483,-0.669511586378823,5.171253223720472,0.0,0.0,0.0,0.0,1.0,0.0,0.0
2024-10-12 17:35:19.645281,1.0,1.0,1.0,1.0,1.0,1.0,1.0,290837.0,0.03966388649582423,0.0373645014732293,0.04354542032592321,0.032007105962223864,0.03127121205432006,0.03473958601181881,0.00011127286901076637,0.0002893094594279926,-0.00043555380155642836,-0.0,0.0,0.0,0.0,1.0,0.0,0.0,1.66067395499645,1.1485951197113,7.031655025332622,0.18397931933332815,0.5827831705174824,0.7402559224134292,-0.2955891436871508,-0.6662011407272617,5.1969124277097425,0.0,0.0,0.0,0.0,1.0,0.0,0.0
2024-10-12 17:35:19.648223,1.0,1.0,1.0,1.0,1.0,1.0,1.0,290838.0,0.04012093401707996,0.03743414645719283,0.042882406350036345,0.031549183850304155,0.031022035078891817,0.03434640099311143,0.0001144520938396454,0.00033699783186117815,-0.00042919535189867025,-0.0,0.0,0.0,0.0,1.0,0.0,0.0,1.662923094107906,1.147956649188266,7.0306536286160535,0.1822533328359664,0.5815462148443641,0.7408638835462132,-0.2925861345434629,-0.6645174636289962,5.2004272373816685,0.0,0.0,0.0,0.0,1.0,0.0,0.0
2024-10-12 17:35:19.729961,1.0,1.0,1.0,1.0,1.0,1.0,1.0,290839.0,0.04037978143756249,0.037503662109375,0.04312468176012514,0.031240173622796498,0.030990747087997286,0.034005767111097776,0.0001208105434974035,0.0003306393822034201,-0.00043555380155642836,-0.0,0.0,0.0,0.0,1.0,0.0,0.0,1.6660617500000712,1.1475574247221296,7.03156509859931,0.18038979509354477,0.576721745869706,0.7412584439655848,-0.29010309476958873,-0.6588362792742521,5.203963422714715,0.0,0.0,0.0,0.0,1.0,0.0,0.0
2024-10-12 17:35:19.733964,1.0,1.0,1.0,1.0,1.0,1.0,1.0,290840.0,0.03880080326089555,0.038055216156251626,0.04324531047620408,0.031022035078891817,0.030676112065162197,0.03445919735911931,0.0001367066676417987,0.00036561085532108955,-0.0004578083753585816,-0.0,0.0,0.0,0.0,1.0,0.0,0.0,1.665559322916212,1.1454064483121655,7.031147306291251,0.17874554015907604,0.5713377923161279,0.7473751446090494,-0.28753633540855406,-0.651579332739161,5.246672637042986,0.0,0.0,0.0,0.0,1.0,0.0,0.0
2024-10-12 17:35:19.815402,1.0,1.0,1.0,1.0,1.0,1.0,1.0,290841.0,0.03839591423416135,0.038463691717159486,0.0434855640497593,0.03139505892336215,0.030833830904597324,0.034599675713128386,0.0001144520938396454,0.0003846862042943638,-0.00046098760018746065,-0.0,0.0,0.0,0.0,1.0,0.0,0.0,1.6667137059854287,1.146304384741521,7.033232316270124,0.1761998411398702,0.5723333235578345,0.7543216751212282,-0.2831286934305165,-0.6532620026623648,5.29610428862933,0.0,0.0,0.0,0.0,1.0,0.0,0.0
2024-10-12 17:35:19.898640,1.0,1.0,1.0,1.0,1.0,1.0,1.0,290842.0,0.03839591423416136,0.03832801689680105,0.043784027154931265,0.031549183850304155,0.031178004061435775,0.03434640099311143,0.00010491441935300828,0.0003942238787810009,-0.000489600623647372,-0.0,0.0,0.0,0.0,1.0,0.0,0.0,1.6673187175265587,1.1435856841722172,7.032897126646035,0.1773079532428582,0.5730587443849177,0.7599469132609555,-0.28480130632173856,-0.6523865194197884,5.3352273415559495,0.0,0.0,0.0,0.0,1.0,0.0,0.0
2024-10-12 17:35:19.902640,1.0,1.0,1.0,1.0,1.0,1.0,1.0,290843.0,0.03805521615625162,0.03798670986099516,0.044198489661446745,0.03197678183797181,0.0313331966781849,0.03414811083549323,8.265984555085502e-05,0.00037514852980772667,-0.00048006294916073494,-0.0,0.0,0.0,0.0,1.0,0.0,0.0,1.6693566064409002,1.1429790175230665,7.032643686913002,0.1760099330639381,0.5739581744438137,0.7614741558081929,-0.2830713054786285,-0.6530933292254945,5.3454489068333215,0.0,0.0,0.0,0.0,1.0,0.0,0.0
2024-10-12 17:35:19.984173,1.0,1.0,1.0,1.0,1.0,1.0,1.0,290844.0,0.03832801689680105,0.038123599349151736,0.0436051944382425,0.03182472780550264,0.03120910432259612,0.033690494027434716,4.450914760430655e-05,0.00040694077809651707,-0.0004419122512141865,-0.0,0.0,0.0,0.0,1.0,0.0,0.0,1.6679516186690118,1.141961728417001,7.030980775147835,0.17551055454375575,0.573888709380778,0.7594487649583439,-0.28225448650372786,-0.6524903467629267,5.329578300594035,0.0,0.0,0.0,0.0,1.0,0.0,0.0
2024-10-12 17:35:19.987170,1.0,1.0,1.0,1.0,1.0,1.0,1.0,290845.0,0.03825999906698716,0.03839591423416136,0.0440804694516948,0.03197678183797181,0.03130221970899244,0.03380547898296581,1.589612414439519e-05,0.00039740310360987996,-0.0004164784525831542,-0.0,0.0,0.0,0.0,1.0,0.0,0.0,1.6684035439209064,1.1423191669073254,7.031982866085009,0.17701472884507854,0.573623972825957,0.7581410206156177,-0.2857517746938437,-0.6523970011894787,5.321404378988624,0.0,0.0,0.0,0.0,1.0,0.0,0.0
2024-10-12 17:35:20.069835,1.0,1.0,1.0,1.0,1.0,1.0,1.0,290846.0,0.038055216156251626,0.03859888964444313,0.044198489661446745,0.03188563643118791,0.031364143052817484,0.033021561356871405,6.358449657758083e-06,0.00040694077809651707,-0.00039422387878100085,-0.0,0.0,0.0,0.0,1.0,0.0,0.0,1.6669385527078666,1.140569257286578,7.0315665803036005,0.17758038895811676,0.5764720940516215,0.7618181221952743,-0.2873851161683138,-0.654590845047669,5.346817298186752,0.0,0.0,0.0,0.0,1.0,0.0,0.0
2024-10-12 17:35:20.152841,1.0,1.0,1.0,1.0,1.0,1.0,1.0,290847.0,0.03819186010094626,0.03825999906698716,0.043962132407454745,0.03203740138402003,0.0316106234096681,0.0321582976678794,3.179224828879035e-06,0.00039740310360987996,-0.00035607318083445244,-0.0,0.0,0.0,0.0,1.0,0.0,0.0,1.6677522485253788,1.1415421538355008,7.032570069260576,0.17776040440467186,0.5792377081615102,0.7606564781445972,-0.28793873443689505,-0.6585226546323365,5.339354782806013,0.0,0.0,0.0,0.0,1.0,0.0,0.0
2024-10-12 17:35:20.156349,1.0,1.0,1.0,1.0,1.0,1.0,1.0,290848.0,0.03853134997827472,0.037918079796158174,0.044609101569099904,0.032007105962223864,0.031549183850304155,0.03218845078999174,-2.8613023459911357e-05,0.00037196930497884756,-0.0003592524056633315,-0.0,0.0,0.0,0.0,1.0,0.0,0.0,1.6639420875590254,1.1421522834909361,7.033403238056405,0.17984574459893757,0.5831393751748984,0.7640328266473626,-0.2898669069610052,-0.6633886222405659,5.363986062665889,0.0,0.0,0.0,0.0,1.0,0.0,0.0
2024-10-12 17:35:20.237685,1.0,1.0,1.0,1.0,1.0,1.0,1.0,290849.0,0.038055216156251626,0.038055216156251626,0.04518921828443541,0.03203740138402003,0.03151841915858901,0.032308781866774994,-5.086759726206463e-05,0.0003656108553210895,-0.00039740310360987996,-0.0,0.0,0.0,0.0,1.0,0.0,0.0,1.6637733716755017,1.1439270952765201,7.033820896367459,0.1792031982088526,0.5865473035721035,0.7671169120668,-0.2883584194489121,-0.668307682062373,5.385383259247292,0.0,0.0,0.0,0.0,1.0,0.0,0.0
2024-10-12 17:35:20.241684,1.0,1.0,1.0,1.0,1.0,1.0,1.0,290850.0,0.03926789767914727,0.03715478325109878,0.045304350237362054,0.03221857569203676,0.03203740138402003,0.03191604715477278,-5.72260469198227e-05,0.0003528939560055733,-0.00037196930497884756,-0.0,0.0,0.0,0.0,1.0,0.0,0.0,1.661456582177835,1.1446524292090787,7.032735822041569,0.18147474252335088,0.5896370388841508,0.7684843061842717,-0.2918429907397124,-0.6724254784021919,5.394167369137684,0.0,0.0,0.0,0.0,1.0,0.0,0.0
2024-10-12 17:35:20.323656,1.0,1.0,1.0,1.0,1.0,1.0,1.0,290851.0,0.03946638873835309,0.03743414645719283,0.0446091015690999,0.032398736885968185,0.03173314566510837,0.03194642892952922,-3.179224828879039e-05,0.0003433562815189362,-0.00035925240566333144,-0.0,0.0,0.0,0.0,1.0,0.0,0.0,1.6624355625018947,1.1450408746057257,7.031733838407994,0.17731008100760703,0.589468567806684,0.7625861837361151,-0.2857279809715133,-0.6723708680667053,5.351920097018113,0.0,0.0,0.0,0.0,1.0,0.0,0.0
2024-10-12 17:35:20.327656,1.0,1.0,1.0,1.0,1.0,1.0,1.0,290852.0,0.038867874708122786,0.0373645014732293,0.0451892182844354,0.03227874115189541,0.03139505892336215,0.03182472780550264,-2.225457380215327e-05,0.00034653550634781527,-0.0003497147311766944,-0.0,0.0,0.0,0.0,1.0,0.0,0.0,1.6601763494440331,1.1454500719372505,7.032819067327186,0.17388399788621606,0.5933636111103548,0.7622467962562424,-0.2795736388093664,-0.677278003692742,5.350221436350979,0.0,0.0,0.0,0.0,1.0,0.0,0.0
2024-10-12 17:35:20.408553,1.0,1.0,1.0,1.0,1.0,1.0,1.0,290853.0,0.03893483061427055,0.038055216156251626,0.0446091015690999,0.03212811624624381,0.031084516582433108,0.03157991857152382,-2.2254573802153277e-05,0.00037196930497884756,-0.000317922482887904,-0.0,0.0,0.0,0.0,1.0,0.0,0.0,1.658957756051248,1.146352518488476,7.034240011021181,0.17565647441262497,0.5915385990706176,0.76246318875593,-0.2823334267403354,-0.6756538087976408,5.353376930537386,0.0,0.0,0.0,0.0,1.0,0.0,0.0
2024-10-12 17:35:20.491104,1.0,1.0,1.0,1.0,1.0,1.0,1.0,290854.0,0.038666311337125336,0.038123599349151736,0.04553374081900145,0.03191604715477278,0.030928076150071922,0.031763702384431956,-2.5433798631032307e-05,0.00034653550634781527,-0.00035607318083445244,-0.0,0.0,0.0,0.0,1.0,0.0,0.0,1.6585221027839685,1.1468593284746376,7.035236454459584,0.17649348872960083,0.5905637876559714,0.7640946285340896,-0.28361899003526064,-0.6746823873994643,5.365500340908921,0.0,0.0,0.0,0.0,1.0,0.0,0.0
2024-10-12 17:35:20.494104,1.0,1.0,1.0,1.0,1.0,1.0,1.0,290855.0,0.039201510653345636,0.0378493252884673,0.04449217056439318,0.03170255949350469,0.030612797008878905,0.031240173622796498,6.358449657758077e-06,0.00035925240566333144,-0.00034653550634781527,-0.0,0.0,0.0,0.0,1.0,0.0,0.0,1.6577696910260422,1.1467294487014714,7.035651782679872,0.17462965312003476,0.5929353297484871,0.7659084285236273,-0.2800486133166714,-0.6773286631264736,5.378703649007283,0.0,0.0,0.0,0.0,1.0,0.0,0.0
2024-10-12 17:35:20.577265,1.0,1.0,1.0,1.0,1.0,1.0,1.0,290856.0,0.038666311337125336,0.037711440220720746,0.04449217056439318,0.03182472780550264,0.030612797008878905,0.031549183850304155,1.2716899315516164e-05,0.0003433562815189362,-0.0003369978318611782,-0.0,0.0,0.0,0.0,1.0,0.0,0.0,1.6571769108626297,1.1475737302209486,7.037066232202645,0.17346258491629651,0.592155310854149,0.7622222000165422,-0.27812696745517296,-0.6769029560907067,5.353701371272238,0.0,0.0,0.0,0.0,1.0,0.0,0.0
2024-10-12 17:35:20.580265,1.0,1.0,1.0,1.0,1.0,1.0,1.0,290857.0,0.03825999906698716,0.03798670986099516,0.044609101569099904,0.03188563643118791,0.0303262434606198,0.031549183850304155,-9.537674486637117e-06,0.000321101707716783,-0.0003465355063478153,-0.0,0.0,0.0,0.0,1.0,0.0,0.0,1.6554067374016908,1.147689897567947,7.037814203139542,0.1738981518608315,0.5933636111103548,0.76411833825241,-0.27830843979517383,-0.6782771886389612,5.367861996112592,0.0,0.0,0.0,0.0,1.0,0.0,0.0
2024-10-12 17:35:20.662062,1.0,1.0,1.0,1.0,1.0,1.0,1.0,290858.0,0.03819186010094626,0.03798670986099516,0.044667452282818626,0.032097906445255474,0.030358216314476834,0.031641298451732976,3.1792248288790456e-06,0.0003179224828879039,-0.00035607318083445244,-0.0,0.0,0.0,0.0,1.0,0.0,0.0,1.6565807739457097,1.1481480607816728,7.0381469381115656,0.16837715488822572,0.5902999557132047,0.7650278712412105,-0.269692313668541,-0.6748577620198859,5.374866265764292,0.0,0.0,0.0,0.0,1.0,0.0,0.0
2024-10-12 17:35:20.745232,1.0,1.0,1.0,1.0,1.0,1.0,1.0,290859.0,0.03839591423416136,0.038055216156251626,0.04449217056439318,0.03185519667586617,0.030802351742838057,0.03203740138402003,6.358449657758084e-06,0.0003433562815189362,-0.00035925240566333144,-0.0,0.0,0.0,0.0,1.0,0.0,0.0,1.6551554994185445,1.1470119021203613,7.037147945733294,0.17238324974383273,0.5906757945165476,0.7610952045406071,-0.27618364735456336,-0.6745305205393515,5.346955211782339,0.0,0.0,0.0,0.0,1.0,0.0,0.0
2024-10-12 17:35:20.748232,1.0,1.0,1.0,1.0,1.0,1.0,1.0,290860.0,0.038055216156251626,0.03839591423416136,0.04437493143949452,0.03182472780550264,0.030294236862297798,0.03191604715477278,6.358449657758086e-06,0.0003560731808344524,-0.0003656108553210895,-0.0,0.0,0.0,0.0,1.0,0.0,0.0,1.6553062114006714,1.1467013563713002,7.035814501242083,0.1713933050851968,0.5866733062853662,0.7579951306100977,-0.2745942346930066,-0.6696611024629049,5.324184661565365,0.0,0.0,0.0,0.0,1.0,0.0,0.0
2024-10-12 17:35:20.831060,1.0,1.0,1.0,1.0,1.0,1.0,1.0,290861.0,0.037711440220720746,0.038123599349151736,0.044842048853109995,0.030896693010431804,0.030198013527012933,0.03182472780550264,-6.358449657758077e-06,0.0003560731808344524,-0.00035607318083445244,-0.0,0.0,0.0,0.0,1.0,0.0,0.0,1.653150523340909,1.1451709458888493,7.036232756785613,0.1717408479995082,0.5870081844477449,0.7565788409234963,-0.27488251174542994,-0.6691355589363311,5.3141369191439125,0.0,0.0,0.0,0.0,1.0,0.0,0.0
2024-10-12 17:35:20.834060,1.0,1.0,1.0,1.0,1.0,1.0,1.0,290862.0,0.038666311337125336,0.037918079796158174,0.044080469451694804,0.030676112065162197,0.03010148260279399,0.03194642892952922,-6.3584496577580725e-06,0.0003656108553210895,-0.00034017705669005726,-0.0,0.0,0.0,0.0,1.0,0.0,0.0,1.654332458907979,1.1463407399581536,7.034235567596784,0.17453799529392633,0.5869733200578824,0.7512806212531187,-0.2796255051710423,-0.6697001089442546,5.27580466895621,0.0,0.0,0.0,0.0,1.0,0.0,0.0
2024-10-12 17:35:20.915302,1.0,1.0,1.0,1.0,1.0,1.0,1.0,290863.0,0.03933417265909616,0.037711440220720746,0.044958069872003174,0.03039015553037446,0.030230122003416366,0.03242866644143693,-9.53767448663711e-06,0.0003656108553210895,-0.00037196930497884767,-0.0,0.0,0.0,0.0,1.0,0.0,0.0,1.6509983311758798,1.14498813602995,7.032648872081287,0.1759544565866901,0.588928116757198,0.7489383871930013,-0.2810458448899633,-0.6711301987065165,5.258190001373529,0.0,0.0,0.0,0.0,1.0,0.0,0.0
2024-10-12 17:35:20.919245,1.0,1.0,1.0,1.0,1.0,1.0,1.0,290864.0,0.039201510653345636,0.037780445658522906,0.044080469451694804,0.030422061214259163,0.03054935072925873,0.03221857569203676,-6.358449657758075e-06,0.0003751485298077266,-0.0003338186070322991,-0.0,0.0,0.0,0.0,1.0,0.0,0.0,1.6503810238997147,1.14695285887836,7.032393941871779,0.17474095966118094,0.5907214671954037,0.7471292891927035,-0.27837533177895757,-0.6744822476269033,5.245830592432984,0.0,0.0,0.0,0.0,1.0,0.0,0.0
2024-10-12 17:35:21.001140,1.0,1.0,1.0,1.0,1.0,1.0,1.0,290865.0,0.03839591423416136,0.03757304914762413,0.04443358966925188,0.030453933471522428,0.03105329154533826,0.032756086704177324,-1.907534897327423e-05,0.00036879008014996856,-0.0003306393822034201,-0.0,0.0,0.0,0.0,1.0,0.0,0.0,1.6474269940475623,1.1471580613212033,7.031565098599311,0.1748325110810672,0.5885826363668686,0.7474616863330422,-0.2778898208327521,-0.6721112902468808,5.2473373179143845,0.0,0.0,0.0,0.0,1.0,0.0,0.0
2024-10-12 17:35:21.084629,1.0,1.0,1.0,1.0,1.0,1.0,1.0,290866.0,0.03825999906698716,0.03798670986099516,0.044550674429986614,0.02977745290061739,0.03148762440853117,0.03308026640118225,-9.537674486637114e-06,0.0003974031036098799,-0.00036561085532108955,-0.0,0.0,0.0,0.0,1.0,0.0,0.0,1.6474333182618135,1.1498112677819974,7.030476712249747,0.1773597216050413,0.5865918013715349,0.7475568799274631,-0.2818008687335835,-0.671277845524148,5.247187520073604,0.0,0.0,0.0,0.0,1.0,0.0,0.0
2024-10-12 17:35:21.087627,1.0,1.0,1.0,1.0,1.0,1.0,1.0,290867.0,0.038666311337125336,0.037711440220720746,0.04449217056439318,0.029712222914499722,0.03170255949350469,0.03340129988750126,3.497147311766944e-05,0.0004132992277542751,-0.0003783277546366057,-0.0,0.0,0.0,0.0,1.0,0.0,0.0,1.6432788051082863,1.1491145407629537,7.02922751335266,0.18173104679105456,0.5864026033195373,0.7459655791614136,-0.28866804693051035,-0.6707032048416521,5.235192460391227,0.0,0.0,0.0,0.0,1.0,0.0,0.0
2024-10-12 17:35:21.168998,1.0,1.0,1.0,1.0,1.0,1.0,1.0,290868.0,0.03839591423416136,0.0373645014732293,0.044842048853109995,0.029744855788601574,0.03179422973639322,0.033546208593426816,2.8613023459911357e-05,0.00041965767741203314,-0.0003815069794654847,-0.0,0.0,0.0,0.0,1.0,0.0,0.0,1.6419084338008267,1.1504966693975007,7.028727030477706,0.18769376218203115,0.5923024274668001,0.7432046085629769,-0.29952389699851184,-0.6784813865490351,5.216187146881313,0.0,0.0,0.0,0.0,1.0,0.0,0.0
2024-10-12 17:35:21.171998,1.0,1.0,1.0,1.0,1.0,1.0,1.0,290869.0,0.03825999906698716,0.03694387454679471,0.044842048853109995,0.02984254030701896,0.03191604715477278,0.03296275176192149,2.5433798631032317e-05,0.00040376155326763796,-0.00035925240566333144,-0.0,0.0,0.0,0.0,1.0,0.0,0.0,1.6385808179482686,1.1506903382363254,7.027897754743801,0.18779710719103349,0.5930397221390645,0.7435970468566446,-0.2988947469083016,-0.6796434626118338,5.2181226976461135,0.0,0.0,0.0,0.0,1.0,0.0,0.0
2024-10-12 17:35:21.255358,1.0,1.0,1.0,1.0,1.0,1.0,1.0,290870.0,0.03798670986099516,0.037503662109375,0.0447839256286125,0.029939906113202793,0.03233879467572394,0.03313886745048406,2.861302345991135e-05,0.00041647845258315413,-0.0003401770566900572,-0.0,0.0,0.0,0.0,1.0,0.0,0.0,1.6397478400998264,1.1526291077757826,7.028814028953137,0.18790805773552569,0.5937532272850405,0.7470331650443094,-0.2993932312785773,-0.6815429674432741,5.2419848279795636,0.0,0.0,0.0,0.0,1.0,0.0,0.0
2024-10-12 17:35:21.338214,1.0,1.0,1.0,1.0,1.0,1.0,1.0,290871.0,0.03832801689680105,0.03764230828317236,0.04437493143949452,0.0300692367632191,0.032398736885968185,0.033168129149298335,4.132992277542751e-05,0.00041329922775427513,-0.00035607318083445244,-0.0,0.0,0.0,0.0,1.0,0.0,0.0,1.6378128838811523,1.1546304580452935,7.028480110974963,0.18986880736772183,0.5909752616217226,0.7510748256453137,-0.30277064040442797,-0.6793813700083484,5.270700293128407,0.0,0.0,0.0,0.0,1.0,0.0,0.0
2024-10-12 17:35:21.342151,1.0,1.0,1.0,1.0,1.0,1.0,1.0,290872.0,0.03729472643293347,0.03798670986099516,0.044198489661446745,0.03013369393635788,0.03221857569203676,0.033226575237181734,2.2254573802153277e-05,0.000403761553267638,-0.0003751485298077266,-0.0,0.0,0.0,0.0,1.0,0.0,0.0,1.638466542047675,1.1562753302241944,7.031150269875606,0.18557462145375767,0.5884204582286567,0.7531021265401951,-0.29408656886038764,-0.6773567504844525,5.287340423167941,0.0,0.0,0.0,0.0,1.0,0.0,0.0
2024-10-12 17:35:21.422189,1.0,1.0,1.0,1.0,1.0,1.0,1.0,290873.0,0.03701431097784902,0.03825999906698716,0.043664886724146465,0.029939906113202793,0.03218845078999174,0.03308026640118225,3.4971473117669426e-05,0.0003942238787810009,-0.0003687900801499686,-0.0,0.0,0.0,0.0,1.0,0.0,0.0,1.6386124307636984,1.1577775643780086,7.031816354729756,0.1845767540305112,0.5892697883810168,0.7536413518601018,-0.2918274121175186,-0.6792303568289766,5.291382916876281,0.0,0.0,0.0,0.0,1.0,0.0,0.0
2024-10-12 17:35:21.426189,1.0,1.0,1.0,1.0,1.0,1.0,1.0,290874.0,0.037918079796158174,0.037711440220720746,0.04437493143949452,0.030358216314476834,0.03170255949350469,0.032756086704177324,7.630139589309694e-05,0.0003910446539521218,-0.0003751485298077266,-0.0,0.0,0.0,0.0,1.0,0.0,0.0,1.6391612548278343,1.1587378471595555,7.032906015183291,0.18532363296096235,0.5871091457063614,0.7537040058228505,-0.29370570950079466,-0.6773026742250948,5.292498088859544,0.0,0.0,0.0,0.0,1.0,0.0,0.0
2024-10-12 17:35:21.507961,1.0,1.0,1.0,1.0,1.0,1.0,1.0,290875.0,0.03825999906698716,0.03825999906698716,0.044433589669251865,0.030358216314476834,0.03142594437984583,0.032756086704177324,7.630139589309692e-05,0.0003846862042943638,-0.00037514852980772667,-0.0,0.0,0.0,0.0,1.0,0.0,0.0,1.6390660889659197,1.1589184881166508,7.03348351284279,0.18445577172663924,0.5879702699463828,0.7522762190055818,-0.2922140832346691,-0.6784839665152157,5.283259274122792,0.0,0.0,0.0,0.0,1.0,0.0,0.0
2024-10-12 17:35:21.511471,1.0,1.0,1.0,1.0,1.0,1.0,1.0,290876.0,0.038463691717159486,0.038055216156251626,0.04425738174574523,0.03073929670896773,0.03086527796111811,0.03248844283583844,9.85559696952502e-05,0.0003592524056633315,-0.0003560731808344524,-0.0,0.0,0.0,0.0,1.0,0.0,0.0,1.641740626662365,1.1590676403248894,7.035153978252659,0.18433221780232928,0.5884812998934266,0.7534147304724935,-0.2926038053142711,-0.679211762989584,5.292733582789692,0.0,0.0,0.0,0.0,1.0,0.0,0.0
2024-10-12 17:35:21.593171,1.0,1.0,1.0,1.0,1.0,1.0,1.0,290877.0,0.037918079796158174,0.03825999906698716,0.04390284427203976,0.030581090322992784,0.030896693010431804,0.032756086704177324,7.630139589309692e-05,0.0003783277546366057,-0.0003465355063478153,-0.0,0.0,0.0,0.0,1.0,0.0,0.0,1.6441388856426782,1.1572548655992083,7.034904322328897,0.18162172078890212,0.584672019388566,0.7518848597780803,-0.28866169478883846,-0.6737497453951496,5.28145400008547,0.0,0.0,0.0,0.0,1.0,0.0,0.0
2024-10-12 17:35:21.676786,1.0,1.0,1.0,1.0,1.0,1.0,1.0,290878.0,0.0378493252884673,0.03859888964444313,0.04354542032592321,0.03073929670896773,0.030612797008878905,0.03296275176192149,8.901829520861308e-05,0.00037196930497884756,-0.0003306393822034201,-0.0,0.0,0.0,0.0,1.0,0.0,0.0,1.6450018612923398,1.1544419626518556,7.035570792202729,0.1825270627050755,0.5785614775634101,0.7504380683244318,-0.2899765397537154,-0.6650302418950302,5.271290623874179,0.0,0.0,0.0,0.0,1.0,0.0,0.0
2024-10-12 17:35:21.680786,1.0,1.0,1.0,1.0,1.0,1.0,1.0,290879.0,0.03825999906698716,0.03839591423416135,0.04312468176012514,0.031115710284795706,0.030358216314476834,0.03319736505550277,8.90182952086131e-05,0.0003815069794654848,-0.0002988471339146297,-0.0,0.0,0.0,0.0,1.0,0.0,0.0,1.6440978735687346,1.1512559106637104,7.037069933567031,0.17881602532962823,0.5780145047303318,0.7485936865158398,-0.28389236341996776,-0.6624618466630189,5.259124933176679,0.0,0.0,0.0,0.0,1.0,0.0,0.0
2024-10-12 17:35:21.762142,1.0,1.0,1.0,1.0,1.0,1.0,1.0,290880.0,0.03893483061427055,0.03819186010094626,0.043664886724146465,0.03127121205432006,0.030230122003416366,0.033284918697807614,8.583907037973404e-05,0.00036243163049221044,-0.0003306393822034201,-0.0,0.0,0.0,0.0,1.0,0.0,0.0,1.6448502051582294,1.1479884142814551,7.037909231317717,0.17728583455681193,0.583023464155341,0.7417173434804534,-0.28149653996003343,-0.6662169947981675,5.212208649791288,0.0,0.0,0.0,0.0,1.0,0.0,0.0
2024-10-12 17:35:21.765142,1.0,1.0,1.0,1.0,1.0,1.0,1.0,290881.0,0.03886787470812279,0.037918079796158174,0.043962132407454745,0.03167194378429309,0.030358216314476834,0.03337224263981984,8.265984555085501e-05,0.0003751485298077266,-0.0003179224828879039,-0.0,0.0,0.0,0.0,1.0,0.0,0.0,1.645422098547139,1.144640633184573,7.039154669360187,0.17978679808029346,0.5856765149979387,0.7377331383501344,-0.2852550250196553,-0.667434534877194,5.184488580591878,0.0,0.0,0.0,0.0,1.0,0.0,0.0
2024-10-12 17:35:21.847885,1.0,1.0,1.0,1.0,1.0,1.0,1.0,290882.0,0.03986040571620479,0.03743414645719283,0.044198489661446745,0.03185519667586617,0.03070772063827226,0.03337224263981984,7.948062072197597e-05,0.00036879008014996856,-0.0002988471339146297,-0.0,0.0,0.0,0.0,1.0,0.0,0.0,1.6456400018390251,1.14311202095098,7.039234138512733,0.18378916894650624,0.5884201441908427,0.7324213124674958,-0.293350250297242,-0.6697846149269746,5.146919870028587,0.0,0.0,0.0,0.0,1.0,0.0,0.0
2024-10-12 17:35:21.930500,1.0,1.0,1.0,1.0,1.0,1.0,1.0,290883.0,0.03966388649582423,0.03694387454679471,0.044198489661446745,0.03185519667586617,0.030802351742838057,0.033226575237181734,6.676372140645982e-05,0.0003815069794654847,-0.0002765925601124764,-0.0,0.0,0.0,0.0,1.0,0.0,0.0,1.64567482248673,1.1414573076580614,7.041237308245974,0.18823031847358454,0.5859987188365307,0.7299706977048728,-0.30088518135463926,-0.6658409231997753,5.130832353185235,0.0,0.0,0.0,0.0,1.0,0.0,0.0
2024-10-12 17:35:21.933500,1.0,1.0,1.0,1.0,1.0,1.0,1.0,290884.0,0.03900167157440239,0.037711440220720746,0.044198489661446745,0.03173314566510837,0.03095942747707764,0.033459338679991214,3.1792248288790396e-05,0.00038468620429436373,-0.00029248868425687163,-0.0,0.0,0.0,0.0,1.0,0.0,0.0,1.647086161622684,1.1415193364446519,7.041814862431868,0.1875619968116479,0.5898514368662241,0.7315623119745444,-0.3001311436594612,-0.6701890430240721,5.1424055347792095,0.0,0.0,0.0,0.0,1.0,0.0,0.0
2024-10-12 17:35:22.015044,1.0,1.0,1.0,1.0,1.0,1.0,1.0,290885.0,0.03893483061427055,0.038055216156251626,0.04413951900188092,0.03185519667586617,0.030990747087997286,0.033021561356871405,2.8613023459911357e-05,0.000406940778096517,-0.0003083848084012668,-0.0,0.0,0.0,0.0,1.0,0.0,0.0,1.6483544388597935,1.141684450419894,7.042064273362516,0.18845673747961975,0.5933251493003776,0.7293554194225325,-0.3019358058221637,-0.67409046914394,5.126915186538205,0.0,0.0,0.0,0.0,1.0,0.0,0.0
2024-10-12 17:35:22.019045,1.0,1.0,1.0,1.0,1.0,1.0,1.0,290886.0,0.03940033615860651,0.03764230828317236,0.0440213406934204,0.032067668184708895,0.031022035078891817,0.033430331878977426,-9.537674486637114e-06,0.0003974031036098799,-0.00030520558357238775,-0.0,0.0,0.0,0.0,1.0,0.0,0.0,1.647158725876402,1.1408586415778643,7.042399026667623,0.18823541780501366,0.5914475326021595,0.7259407337262935,-0.3012582314278469,-0.6714393846291107,5.103211357210354,0.0,0.0,0.0,0.0,1.0,0.0,0.0
2024-10-12 17:35:22.101426,1.0,1.0,1.0,1.0,1.0,1.0,1.0,290887.0,0.03979500713939933,0.03798670986099516,0.04413951900188092,0.032308781866774994,0.03086527796111811,0.03284481667269478,-1.589612414439519e-05,0.00039422387878100085,-0.00030520558357238775,-0.0,0.0,0.0,0.0,1.0,0.0,0.0,1.6495145462446865,1.1433179127467616,7.042897058662197,0.1879754349394643,0.592573631567041,0.7252542557929129,-0.30023891349370685,-0.6741623759764122,5.09860355863846,0.0,0.0,0.0,0.0,1.0,0.0,0.0
2024-10-12 17:35:22.184685,1.0,1.0,1.0,1.0,1.0,1.0,1.0,290888.0,0.040185802182344105,0.03839591423416136,0.044080469451694804,0.03203740138402003,0.031084516582433108,0.032368779656366614,-3.1792248288790337e-06,0.00036879008014996856,-0.0002988471339146297,-0.0,0.0,0.0,0.0,1.0,0.0,0.0,1.6496594579235027,1.1449262951728776,7.042980923497381,0.18400551519931482,0.5936863118134008,0.7241509799413941,-0.29406870885000636,-0.6763945450534885,5.091130096799745,0.0,0.0,0.0,0.0,1.0,0.0,0.0
2024-10-12 17:35:22.187610,1.0,1.0,1.0,1.0,1.0,1.0,1.0,290889.0,0.03986040571620479,0.03880080326089556,0.0440213406934204,0.03170255949350469,0.030928076150071922,0.032815266674204355,1.5896124144395198e-05,0.0003751485298077266,-0.0003338186070322991,-0.0,0.0,0.0,0.0,1.0,0.0,0.0,1.652845186402477,1.1485289374031007,7.04355833471118,0.18734507246553375,0.5925099354910337,0.7239159987977687,-0.2999442506570207,-0.6771606772600525,5.089710392084725,0.0,0.0,0.0,0.0,1.0,0.0,0.0
2024-10-12 17:35:22.269653,1.0,1.0,1.0,1.0,1.0,1.0,1.0,290890.0,0.03979500713939933,0.03839591423416136,0.043664886724146465,0.03148762440853117,0.03095942747707764,0.03299216966314644,9.537674486637117e-06,0.0003815069794654847,-0.0003083848084012668,-0.0,0.0,0.0,0.0,1.0,0.0,0.0,1.653845013515212,1.1508514570566628,7.04297352697959,0.18765807033198312,0.5878865088457399,0.7280504527953436,-0.30023804929965614,-0.6732752692187206,5.117890490070485,0.0,0.0,0.0,0.0,1.0,0.0,0.0
2024-10-12 17:35:22.273650,1.0,1.0,1.0,1.0,1.0,1.0,1.0,290891.0,0.03999088202492748,0.038463691717159486,0.0436051944382425,0.031549183850304155,0.030612797008878905,0.03299216966314644,-1.2716899315516153e-05,0.00037832775463660567,-0.00031156403323014586,-0.0,0.0,0.0,0.0,1.0,0.0,0.0,1.6562477621680407,1.1530058297827703,7.04239532810412,0.18543088713293057,0.5850502102203247,0.7282148288597937,-0.29691163603344484,-0.6711128054870824,5.119259327188243,0.0,0.0,0.0,0.0,1.0,0.0,0.0
2024-10-12 17:35:22.355045,1.0,1.0,1.0,1.0,1.0,1.0,1.0,290892.0,0.039598163357888454,0.039201510653345636,0.04306424069081518,0.03188563643118791,0.030422061214259163,0.033021561356871405,1.9075348973274234e-05,0.0003910446539521218,-0.0003338186070322991,-0.0,0.0,0.0,0.0,1.0,0.0,0.0,1.6546966307149793,1.1526445105680065,7.040565455533421,0.1838871019707275,0.5833280477342843,0.7277491818684357,-0.2942836072066108,-0.6689821529276901,5.114089461852156,0.0,0.0,0.0,0.0,1.0,0.0,0.0
2024-10-12 17:35:22.359045,1.0,1.0,1.0,1.0,1.0,1.0,1.0,290893.0,0.03959816335788845,0.03966388649582423,0.04318503823719134,0.032097906445255474,0.030422061214259163,0.03351727697218139,1.907534897327423e-05,0.00038468620429436373,-0.0003433562815189362,-0.0,0.0,0.0,0.0,1.0,0.0,0.0,1.6561097180578148,1.1531692990912445,7.038395738884702,0.177124188838698,0.5857719487021631,0.7305562123203796,-0.28399496280854253,-0.6722559470792567,5.132556662122517,0.0,0.0,0.0,0.0,1.0,0.0,0.0
2024-10-12 17:35:22.440453,1.0,1.0,1.0,1.0,1.0,1.0,1.0,290894.0,0.03966388649582423,0.03999088202492748,0.04282162331969714,0.032007105962223864,0.030676112065162197,0.03403428348265909,1.9075348973274234e-05,0.000406940778096517,-0.0003401770566900572,-0.0,0.0,0.0,0.0,1.0,0.0,0.0,1.653873361851074,1.1506876584703196,7.036396202256239,0.18223478601449425,0.5827846766238347,0.7310634004643737,-0.29071262281872545,-0.667549445351333,5.13426345168065,0.0,0.0,0.0,0.0,1.0,0.0,0.0
2024-10-12 17:35:22.522954,1.0,1.0,1.0,1.0,1.0,1.0,1.0,290895.0,0.03959816335788845,0.03926789767914727,0.04330549882888886,0.0321582976678794,0.03073929670896773,0.034599675713128386,3.1792248288790396e-05,0.00041647845258315413,-0.0003528939560055733,-0.0,0.0,0.0,0.0,1.0,0.0,0.0,1.6546934824910122,1.150528364362931,7.036398423286578,0.1814136798197808,0.5802832175637277,0.733296904458069,-0.28914080733480957,-0.6645946229109542,5.1499430016468875,0.0,0.0,0.0,0.0,1.0,0.0,0.0
2024-10-12 17:35:22.526950,1.0,1.0,1.0,1.0,1.0,1.0,1.0,290896.0,0.03880080326089556,0.04025056580563931,0.04324531047620408,0.032308781866774994,0.03086527796111811,0.03473958601181881,3.497147311766943e-05,0.0004514499257008236,-0.0003560731808344524,-0.0,0.0,0.0,0.0,1.0,0.0,0.0,1.652816997616436,1.1498501938440224,7.034812956111461,0.1817553780272398,0.581986528889594,0.7329977898892049,-0.2894249063979902,-0.6661646406189253,5.146594609255586,0.0,0.0,0.0,0.0,1.0,0.0,0.0
2024-10-12 17:35:22.608327,1.0,1.0,1.0,1.0,1.0,1.0,1.0,290897.0,0.03853134997827472,0.03959816335788845,0.04372449751876115,0.03203740138402003,0.030896693010431804,0.03493451908670038,3.815069794654847e-05,0.0004164784525831542,-0.00036243163049221044,-0.0,0.0,0.0,0.0,1.0,0.0,0.0,1.652713162098999,1.1495838816054744,7.03664654556627,0.18462377357128176,0.5815095135780703,0.7345802041067628,-0.2952696883637204,-0.6653057599948997,5.158954838234281,0.0,0.0,0.0,0.0,1.0,0.0,0.0
2024-10-12 17:35:22.612326,1.0,1.0,1.0,1.0,1.0,1.0,1.0,290898.0,0.03764230828317236,0.039201510653345636,0.043425625269995945,0.032007105962223864,0.030990747087997286,0.035238663890968365,3.497147311766943e-05,0.00043237457672754936,-0.00036243163049221044,-0.0,0.0,0.0,0.0,1.0,0.0,0.0,1.651898365402713,1.148652227871601,7.0361443692991275,0.1890991653967248,0.5807305349917621,0.7356036493257048,-0.3025088568922453,-0.663798531977299,5.165725468503649,0.0,0.0,0.0,0.0,1.0,0.0,0.0
2024-10-12 17:35:22.693798,1.0,1.0,1.0,1.0,1.0,1.0,1.0,290899.0,0.038055216156251626,0.03913501101148131,0.043003714672582107,0.032368779656366614,0.030802351742838057,0.03499001478345783,2.8613023459911357e-05,0.00042919535189867036,-0.0003338186070322991,-0.0,0.0,0.0,0.0,1.0,0.0,0.0,1.6530969526620967,1.1474412439635346,7.03664876651759,0.18912740685617221,0.5783894609654466,0.7362092924246687,-0.3025248139935855,-0.6601928873102607,5.169997530840836,0.0,0.0,0.0,0.0,1.0,0.0,0.0
2024-10-12 17:35:22.777523,1.0,1.0,1.0,1.0,1.0,1.0,1.0,290900.0,0.03743414645719283,0.03953233095432663,0.04318503823719134,0.03221857569203676,0.030676112065162197,0.03490673815261534,4.450914760430655e-05,0.00042283690224091225,-0.0003179224828879039,-0.0,0.0,0.0,0.0,1.0,0.0,0.0,1.6495240205515733,1.1455391699019846,7.0354006635245385,0.190233918109412,0.5823283068379544,0.7350573300052612,-0.30420259733047833,-0.6635596338374955,5.160765436211594,0.0,0.0,0.0,0.0,1.0,0.0,0.0
2024-10-12 17:35:22.780523,1.0,1.0,1.0,1.0,1.0,1.0,1.0,290901.0,0.03715478325109878,0.039925697169818586,0.04312468176012514,0.03221857569203676,0.031364143052817484,0.03465570761333854,6.994294623533886e-05,0.00045462915052970265,-0.00029566790908575063,-0.0,0.0,0.0,0.0,1.0,0.0,0.0,1.6482819272463554,1.1464551780280643,7.035401403972824,0.18872677351705955,0.5849962768966713,0.7346409517664173,-0.3018680769789342,-0.6672236526048639,5.1578943775142765,0.0,0.0,0.0,0.0,1.0,0.0,0.0
2024-10-12 17:35:22.862371,1.0,1.0,1.0,1.0,1.0,1.0,1.0,290902.0,0.037224820604963814,0.039201510653345636,0.04324531047620408,0.03173314566510837,0.03173314566510837,0.03504542260087845,5.404682209094367e-05,0.0004355538015564284,-0.00029566790908575063,-0.0,0.0,0.0,0.0,1.0,0.0,0.0,1.646941023523701,1.1462589390992444,7.034980877525148,0.18983077996185985,0.5836736307302399,0.7391995158108033,-0.3032811604115559,-0.6654411588068249,5.190783420521115,0.0,0.0,0.0,0.0,1.0,0.0,0.0
2024-10-12 17:35:22.865374,1.0,1.0,1.0,1.0,1.0,1.0,1.0,290903.0,0.037503662109375,0.03859888964444313,0.04336560364453033,0.03179422973639322,0.03145679951185349,0.03465570761333854,6.040527174870175e-05,0.0004164784525831542,-0.00030520558357238775,-0.0,0.0,0.0,0.0,1.0,0.0,0.0,1.647224961943588,1.145646449417746,7.03506631769612,0.19323518935710263,0.5788471006035185,0.7410751329023515,-0.3090947241557025,-0.6596138604749914,5.2041124173386395,0.0,0.0,0.0,0.0,1.0,0.0,0.0
2024-10-12 17:35:22.947571,1.0,1.0,1.0,1.0,1.0,1.0,1.0,290904.0,0.037918079796158174,0.037918079796158174,0.04312468176012514,0.03179422973639322,0.03130221970899244,0.03457162570793951,6.358449657758079e-05,0.000406940778096517,-0.0003083848084012668,-0.0,0.0,0.0,0.0,1.0,0.0,0.0,1.6449323688026534,1.1442311463834451,7.034482285075495,0.18965672730316813,0.5776539402973033,0.7391251321475454,-0.3035183743191583,-0.6574204371491862,5.190122436129378,0.0,0.0,0.0,0.0,1.0,0.0,0.0
2024-10-12 17:35:22.950571,1.0,1.0,1.0,1.0,1.0,1.0,1.0,290905.0,0.03832801689680105,0.03819186010094626,0.04276075388833108,0.031549183850304155,0.03142594437984583,0.03457162570793951,5.722604691982271e-05,0.00039422387878100085,-0.0003306393822034201,-0.0,0.0,0.0,0.0,1.0,0.0,0.0,1.6448565392798278,1.1424613667126897,7.034564028621286,0.1928555333216996,0.5760600442850534,0.7346400923625089,-0.30950268472483206,-0.6548177138586058,5.157984648995992,0.0,0.0,0.0,0.0,1.0,0.0,0.0
2024-10-12 17:35:23.032890,1.0,1.0,1.0,1.0,1.0,1.0,1.0,290906.0,0.03853134997827472,0.03764230828317236,0.04263875434188018,0.030928076150071922,0.03151841915858901,0.03406277598114669,7.630139589309694e-05,0.0004005823284387589,-0.00033699783186117815,-0.0,0.0,0.0,0.0,1.0,0.0,0.0,1.6447426994132732,1.1410466784592044,7.03506261527757,0.19234457033742502,0.5758422764274037,0.7402121847788671,-0.3086232190405719,-0.6539399765624471,5.197357237429086,0.0,0.0,0.0,0.0,1.0,0.0,0.0
2024-10-12 17:35:23.115994,1.0,1.0,1.0,1.0,1.0,1.0,1.0,290907.0,0.03853134997827471,0.03819186010094626,0.04282162331969714,0.031641298451732976,0.0316106234096681,0.03417650843776925,5.404682209094367e-05,0.00042919535189867036,-0.0003338186070322991,-0.0,0.0,0.0,0.0,1.0,0.0,0.0,1.643569715286035,1.1411981664778936,7.034230383598105,0.19218071383068774,0.5767291152051867,0.7400146519438329,-0.3079852062303525,-0.6551984470584834,5.195411846206483,0.0,0.0,0.0,0.0,1.0,0.0,0.0
2024-10-12 17:35:23.118994,1.0,1.0,1.0,1.0,1.0,1.0,1.0,290908.0,0.038666311337125336,0.03880080326089556,0.04276075388833108,0.03151841915858901,0.0316106234096681,0.03414811083549323,6.994294623533886e-05,0.0004482707008719445,-0.0003433562815189362,-0.0,0.0,0.0,0.0,1.0,0.0,0.0,1.6433703788982437,1.139894301744374,7.0338959821421625,0.19050089611843754,0.5780322473267728,0.7408166793188233,-0.3052287320945755,-0.6560750236852603,5.200539633072148,0.0,0.0,0.0,0.0,1.0,0.0,0.0
2024-10-12 17:35:23.201110,1.0,1.0,1.0,1.0,1.0,1.0,1.0,290909.0,0.03859888964444313,0.03880080326089556,0.04312468176012514,0.031641298451732976,0.03203740138402003,0.03414811083549323,6.994294623533886e-05,0.00042919535189867025,-0.0003560731808344524,-0.0,0.0,0.0,0.0,1.0,0.0,0.0,1.6424906880591092,1.1390031663976228,7.035478694200327,0.1873212480629268,0.5798209749231292,0.7406481558526804,-0.299953025065229,-0.6578039921213655,5.2013853867777815,0.0,0.0,0.0,0.0,1.0,0.0,0.0
2024-10-12 17:35:23.205047,1.0,1.0,1.0,1.0,1.0,1.0,1.0,290910.0,0.03893483061427055,0.03859888964444313,0.04245509769062346,0.03185519667586617,0.03254810944778678,0.03431814397393635,8.265984555085502e-05,0.00041965767741203314,-0.00039740310360987996,-0.0,0.0,0.0,0.0,1.0,0.0,0.0,1.6427153225768927,1.1373909881805826,7.038141756993837,0.18809860150404642,0.5762976902672166,0.736387656382554,-0.3015769297929847,-0.6529840833225784,5.173000275049121,0.0,0.0,0.0,0.0,1.0,0.0,0.0
2024-10-12 17:35:23.286117,1.0,1.0,1.0,1.0,1.0,1.0,1.0,290911.0,0.03900167157440239,0.03825999906698716,0.043545420325923206,0.03151841915858901,0.03272645658802371,0.03443103291031149,6.994294623533886e-05,0.00040376155326763796,-0.0004514499257008236,-0.0,0.0,0.0,0.0,1.0,0.0,0.0,1.6428703466726666,1.1352739412419852,7.040555836759907,0.18899609782225643,0.5758248674863466,0.7362128168305594,-0.30270639356934437,-0.6513343011345255,5.173304677415839,0.0,0.0,0.0,0.0,1.0,0.0,0.0
2024-10-12 17:35:23.369313,1.0,1.0,1.0,1.0,1.0,1.0,1.0,290912.0,0.03859888964444313,0.03859888964444313,0.044198489661446745,0.03185519667586617,0.032696799620819436,0.03411968959808029,8.90182952086131e-05,0.0004228369022409122,-0.0004673460498452188,-0.0,0.0,0.0,0.0,1.0,0.0,0.0,1.6441418759572444,1.1348427133637589,7.042725627605796,0.1883639462352301,0.5815668682181553,0.7361073597240609,-0.30202531614026246,-0.6573608350942924,5.173893212488328,0.0,0.0,0.0,0.0,1.0,0.0,0.0
2024-10-12 17:35:23.372312,1.0,1.0,1.0,1.0,1.0,1.0,1.0,290913.0,0.03832801689680105,0.03853134997827472,0.04425738174574523,0.032007105962223864,0.0333431600699038,0.03426156002122874,9.85559696952502e-05,0.00043873302638530737,-0.0004927798484762511,-0.0,0.0,0.0,0.0,1.0,0.0,0.0,1.6432974691488205,1.1347573662670862,7.043891537901271,0.18239923345179013,0.5845745885240959,0.7358436665311858,-0.29077246037175475,-0.6607895281444661,5.17268008589668,0.0,0.0,0.0,0.0,1.0,0.0,0.0
2024-10-12 17:35:23.455647,1.0,1.0,1.0,1.0,1.0,1.0,1.0,290914.0,0.0378493252884673,0.03893483061427055,0.04466745228281863,0.03224867245309928,0.03348832035600082,0.03394866250806731,9.537674486637117e-05,0.00046098760018746065,-0.0005054967477917672,-0.0,0.0,0.0,0.0,1.0,0.0,0.0,1.6449761708396469,1.1347665476651825,7.0444792273997265,0.18152037407910557,0.5814357862854224,0.7377085179987081,-0.2885482141248075,-0.657031469925215,5.1859523024316125,0.0,0.0,0.0,0.0,1.0,0.0,0.0
2024-10-12 17:35:23.458647,1.0,1.0,1.0,1.0,1.0,1.0,1.0,290915.0,0.03729472643293347,0.039201510653345636,0.04449217056439318,0.03212811624624381,0.03348832035600082,0.033834164163335345,7.948062072197598e-05,0.00047052527467409777,-0.00048006294916073494,-0.0,0.0,0.0,0.0,1.0,0.0,0.0,1.6439614435901955,1.1350317468840736,7.045646326253573,0.18073088721020283,0.5810005412122806,0.7396963850107531,-0.28673796308671146,-0.6566226451620345,5.201431788321117,0.0,0.0,0.0,0.0,1.0,0.0,0.0
2024-10-12 17:35:23.539591,1.0,1.0,1.0,1.0,1.0,1.0,1.0,290916.0,0.037918079796158174,0.03880080326089556,0.044609101569099904,0.032368779656366614,0.03360399710929144,0.03406277598114669,6.358449657758079e-05,0.0004419122512141865,-0.0004927798484762511,-0.0,0.0,0.0,0.0,1.0,0.0,0.0,1.6445526519990132,1.1357004184863768,7.046313258706808,0.18048657227184287,0.582626038458043,0.7364060999527933,-0.2865023829474239,-0.6587372712322431,5.179044158072422,0.0,0.0,0.0,0.0,1.0,0.0,0.0
2024-10-12 17:35:23.622575,1.0,1.0,1.0,1.0,1.0,1.0,1.0,290917.0,0.038666311337125336,0.03900167157440239,0.0440213406934204,0.03182472780550264,0.033546208593426816,0.034091244666417886,6.358449657758077e-05,0.0004419122512141865,-0.0004991382981340092,-0.0,0.0,0.0,0.0,1.0,0.0,0.0,1.6441543715156064,1.1340073285062409,7.046809535564896,0.18069856390131825,0.5848997688488322,0.7377120352420757,-0.286958187485969,-0.6602794896469187,5.187978511567922,0.0,0.0,0.0,0.0,1.0,0.0,0.0
2024-10-12 17:35:23.626575,1.0,1.0,1.0,1.0,1.0,1.0,1.0,290918.0,0.03853134997827472,0.038463691717159486,0.04425738174574523,0.03191604715477278,0.0337192770263005,0.03389146168814632,5.086759726206463e-05,0.0004482707008719446,-0.0005086759726206463,-0.0,0.0,0.0,0.0,1.0,0.0,0.0,1.6463186749083334,1.1358251014536649,7.049556538362177,0.17937902408504414,0.5865379310388293,0.7409485048205269,-0.2852753220152063,-0.663093069977886,5.212643883988232,0.0,0.0,0.0,0.0,1.0,0.0,0.0
2024-10-12 17:35:23.708506,1.0,1.0,1.0,1.0,1.0,1.0,1.0,290919.0,0.03839591423416136,0.038463691717159486,0.044725726870264354,0.0316106234096681,0.03331405211143558,0.03351727697218139,5.722604691982269e-05,0.0004705252746740978,-0.0005372889960805577,-0.0,0.0,0.0,0.0,1.0,0.0,0.0,1.6446760072546667,1.1367095626303003,7.047971813770607,0.18301231651724345,0.5889571394921939,0.7400941582793712,-0.29109932127048094,-0.6663739690240933,5.205030233473728,0.0,0.0,0.0,0.0,1.0,0.0,0.0
2024-10-12 17:35:23.712502,1.0,1.0,1.0,1.0,1.0,1.0,1.0,290920.0,0.03819186010094626,0.038666311337125336,0.045246820880521094,0.03157991857152382,0.03299216966314644,0.03296275176192149,4.450914760430655e-05,0.0004959590733051301,-0.0005213928719361625,-0.0,0.0,0.0,0.0,1.0,0.0,0.0,1.6477705619747771,1.13868399475614,7.049637368162653,0.18536280654806042,0.5911933939296189,0.7431984444764751,-0.2954504794412579,-0.6700147786091463,5.229177388041607,0.0,0.0,0.0,0.0,1.0,0.0,0.0
2024-10-12 17:35:23.793359,1.0,1.0,1.0,1.0,1.0,1.0,1.0,290921.0,0.038055216156251626,0.0387336156723732,0.044198489661446745,0.03185519667586617,0.032368779656366614,0.03308026640118225,3.815069794654847e-05,0.0004737044995029769,-0.0004896006236473721,-0.0,0.0,0.0,0.0,1.0,0.0,0.0,1.6474234764020117,1.1388586682156312,7.048555467735761,0.18607267253097687,0.5891847222828165,0.7471924582950016,-0.29714146539237063,-0.6676374627794658,5.2570871762210825,0.0,0.0,0.0,0.0,1.0,0.0,0.0
2024-10-12 17:35:23.797357,1.0,1.0,1.0,1.0,1.0,1.0,1.0,290922.0,0.037780445658522906,0.0387336156723732,0.04372449751876115,0.03148762440853117,0.03212811624624381,0.03284481667269478,2.8613023459911357e-05,0.0004578083753585817,-0.00048006294916073494,-0.0,0.0,0.0,0.0,1.0,0.0,0.0,1.6488868503499279,1.1390954756722584,7.049718935980841,0.1901830226629765,0.5835778538837998,0.7461883854029907,-0.30409923467562516,-0.6616334651501989,5.251106844051769,0.0,0.0,0.0,0.0,1.0,0.0,0.0
2024-10-12 17:35:23.878927,1.0,1.0,1.0,1.0,1.0,1.0,1.0,290923.0,0.03764230828317236,0.03880080326089555,0.043425625269995945,0.03145679951185349,0.0316106234096681,0.03233879467572394,2.225457380215327e-05,0.0004514499257008236,-0.0004609876001874607,-0.0,0.0,0.0,0.0,1.0,0.0,0.0,1.6487985648127923,1.1392472231463775,7.050384005435531,0.1955069767867382,0.5814376136912165,0.7462655419663147,-0.31497200696678984,-0.6591795556546179,5.25231007131108,0.0,0.0,0.0,0.0,1.0,0.0,0.0
2024-10-12 17:35:23.962232,1.0,1.0,1.0,1.0,1.0,1.0,1.0,290924.0,0.0373645014732293,0.03832801689680105,0.042882406350036345,0.03151841915858901,0.03170255949350469,0.032637404840404415,3.497147311766943e-05,0.000403761553267638,-0.0004578083753585817,-0.0,0.0,0.0,0.0,1.0,0.0,0.0,1.6509630906562747,1.141891438405301,7.051795499968887,0.19747310105931756,0.5827571697521096,0.74903164565821,-0.3199314442055207,-0.6623466670481536,5.272402978290463,0.0,0.0,0.0,0.0,1.0,0.0,0.0
2024-10-12 17:35:23.966233,1.0,1.0,1.0,1.0,1.0,1.0,1.0,290925.0,0.03743414645719283,0.03853134997827471,0.042882406350036345,0.03197678183797181,0.03157991857152382,0.03251828982682399,3.815069794654847e-05,0.00041012000292539613,-0.00043237457672754936,-0.0,0.0,0.0,0.0,1.0,0.0,0.0,1.6519861307327948,1.1419625671522327,7.051630195197026,0.197811527983256,0.5793299762548387,0.7512323907237493,-0.32106771850385174,-0.6584000168756273,5.288108996564999,0.0,0.0,0.0,0.0,1.0,0.0,0.0
2024-10-12 17:35:24.047078,1.0,1.0,1.0,1.0,1.0,1.0,1.0,290926.0,0.036731754853566174,0.039135011011481306,0.04282162331969714,0.03221857569203676,0.031364143052817484,0.03284481667269478,5.404682209094367e-05,0.00040694077809651707,-0.00042919535189867036,-0.0,0.0,0.0,0.0,1.0,0.0,0.0,1.6551423791710875,1.1430190142208747,7.051879258978903,0.20040719402480697,0.5763793684623247,0.7530548510615171,-0.3258161725424804,-0.6556191077056331,5.30156412786601,0.0,0.0,0.0,0.0,1.0,0.0,0.0
2024-10-12 17:35:24.050591,1.0,1.0,1.0,1.0,1.0,1.0,1.0,290927.0,0.03644700827338301,0.038867874708122786,0.04288240635003635,0.03242866644143693,0.03173314566510837,0.032815266674204355,9.219752003749214e-05,0.00041012000292539613,-0.0004164784525831542,-0.0,0.0,0.0,0.0,1.0,0.0,0.0,1.6549601753725747,1.1426937069331646,7.05071393069765,0.2007408790087231,0.5737835701287815,0.7533451639897474,-0.32597320354027826,-0.6526090588498241,5.303514094480962,0.0,0.0,0.0,0.0,1.0,0.0,0.0
2024-10-12 17:35:24.133292,1.0,1.0,1.0,1.0,1.0,1.0,1.0,290928.0,0.03701431097784902,0.03866631133712533,0.04288240635003635,0.03260766687993288,0.031364143052817484,0.03284481667269478,8.583907037973405e-05,0.00039740310360987996,-0.000400582328438759,-0.0,0.0,0.0,0.0,1.0,0.0,0.0,1.655792342303819,1.141368730224851,7.049716719147162,0.199939846531425,0.5746020366164863,0.7519889438648908,-0.3248821469866198,-0.652639633656859,5.293077002151069,0.0,0.0,0.0,0.0,1.0,0.0,0.0
2024-10-12 17:35:24.215832,1.0,1.0,1.0,1.0,1.0,1.0,1.0,290929.0,0.03729472643293347,0.03893483061427055,0.04245509769062346,0.03299216966314644,0.0316106234096681,0.033021561356871405,6.994294623533886e-05,0.0003815069794654847,-0.0003815069794654847,-0.0,0.0,0.0,0.0,1.0,0.0,0.0,1.6558834009257477,1.140907844586011,7.050212756429695,0.20104008110458507,0.5749368749617155,0.7522443982178767,-0.3268213290485633,-0.6526654795772272,5.2956118788493525,0.0,0.0,0.0,0.0,1.0,0.0,0.0
2024-10-12 17:35:24.219777,1.0,1.0,1.0,1.0,1.0,1.0,1.0,290930.0,0.03722482060496381,0.039201510653345636,0.04251640472283598,0.03296275176192149,0.031178004061435775,0.03310957989067469,6.676372140645982e-05,0.0003687900801499686,-0.00040376155326763796,-0.0,0.0,0.0,0.0,1.0,0.0,0.0,1.6548785096023164,1.1422744012184232,7.049133161331276,0.19745376119827412,0.5748402049929462,0.7536267730591745,-0.31967965044013824,-0.6532647193015705,5.304878860845235,0.0,0.0,0.0,0.0,1.0,0.0,0.0
2024-10-12 17:35:24.300980,1.0,1.0,1.0,1.0,1.0,1.0,1.0,290931.0,0.037711440220720746,0.03893483061427055,0.04251640472283598,0.032696799620819436,0.03145679951185349,0.032815266674204355,9.537674486637117e-05,0.0003751485298077266,-0.0003910446539521218,-0.0,0.0,0.0,0.0,1.0,0.0,0.0,1.6523291051550302,1.1425241793108136,7.048298895572787,0.19711958952326133,0.5761626032750332,0.7559553160317573,-0.31852012911157696,-0.6548560264615206,5.320051728162356,0.0,0.0,0.0,0.0,1.0,0.0,0.0
2024-10-12 17:35:24.304979,1.0,1.0,1.0,1.0,1.0,1.0,1.0,290932.0,0.03819186010094626,0.039201510653345636,0.04263875434188018,0.032667115729434024,0.03139505892336215,0.032785690042080325,7.948062072197598e-05,0.0003783277546366057,-0.0003783277546366057,-0.0,0.0,0.0,0.0,1.0,0.0,0.0,1.6510765016339095,1.1428495348538457,7.047629933534528,0.19487849563736964,0.5750534519477901,0.7610204114615987,-0.314699180274183,-0.6538614631662102,5.354711300820887,0.0,0.0,0.0,0.0,1.0,0.0,0.0
2024-10-12 17:35:24.386790,1.0,1.0,1.0,1.0,1.0,1.0,1.0,290933.0,0.03866631133712533,0.03999088202492748,0.04263875434188018,0.03242866644143693,0.03142594437984583,0.033021561356871405,7.312217106421791e-05,0.00040376155326763796,-0.00038468620429436373,-0.0,0.0,0.0,0.0,1.0,0.0,0.0,1.648224860071181,1.142203291890422,7.046296994052932,0.19434043242056595,0.5734978418323504,0.7567250039774107,-0.31313664593999896,-0.6518199592670658,5.321812564542579,0.0,0.0,0.0,0.0,1.0,0.0,0.0
2024-10-12 17:35:24.389790,1.0,1.0,1.0,1.0,1.0,1.0,1.0,290934.0,0.039135011011481306,0.03999088202492748,0.04318503823719134,0.03251828982682399,0.031115710284795706,0.03305092691301418,6.994294623533886e-05,0.00041965767741203324,-0.00037196930497884756,-0.0,0.0,0.0,0.0,1.0,0.0,0.0,1.6476318076164849,1.1412172648472179,7.046796229060796,0.19243273476581538,0.5744659879726219,0.7528082425094698,-0.3097366983809864,-0.6523164755457806,5.294950881841643,0.0,0.0,0.0,0.0,1.0,0.0,0.0
2024-10-12 17:35:24.471622,1.0,1.0,1.0,1.0,1.0,1.0,1.0,290935.0,0.03926789767914727,0.03979500713939933,0.04354542032592321,0.03185519667586617,0.03120910432259612,0.033459338679991214,9.219752003749214e-05,0.00041647845258315413,-0.00042601612706979125,-0.0,0.0,0.0,0.0,1.0,0.0,0.0,1.646362973699824,1.1393898063410577,7.0457131529999595,0.19162724128850453,0.5785142060465933,0.7530075726147801,-0.30842020703182305,-0.6557891646940492,5.295563357822797,0.0,0.0,0.0,0.0,1.0,0.0,0.0
2024-10-12 17:35:24.556031,1.0,1.0,1.0,1.0,1.0,1.0,1.0,290936.0,0.039201510653345636,0.039201510653345636,0.043784027154931265,0.03194642892952922,0.03130221970899244,0.03319736505550277,9.537674486637117e-05,0.00041965767741203324,-0.0004164784525831542,-0.0,0.0,0.0,0.0,1.0,0.0,0.0,1.6455986712527473,1.137895343347009,7.04705137748534,0.1871993660387147,0.578169214628874,0.7526234581297127,-0.3008197402075829,-0.65457628831917,5.293390181028657,0.0,0.0,0.0,0.0,1.0,0.0,0.0
2024-10-12 17:35:24.559030,1.0,1.0,1.0,1.0,1.0,1.0,1.0,290937.0,0.03886787470812279,0.03893483061427055,0.04354542032592321,0.03157991857152382,0.03095942747707764,0.03325575976212062,8.265984555085502e-05,0.0003751485298077266,-0.00041329922775427513,-0.0,0.0,0.0,0.0,1.0,0.0,0.0,1.6465997347998178,1.1356728967191674,7.046639678226333,0.18686226633125702,0.5772274482887464,0.7512013661776933,-0.3008072798330221,-0.652283964187114,5.283397738615803,0.0,0.0,0.0,0.0,1.0,0.0,0.0
2024-10-12 17:35:24.640069,1.0,1.0,1.0,1.0,1.0,1.0,1.0,290938.0,0.03859888964444313,0.03946638873835309,0.04336560364453033,0.03179422973639322,0.031240173622796498,0.033430331878977426,7.948062072197598e-05,0.000400582328438759,-0.00040694077809651707,-0.0,0.0,0.0,0.0,1.0,0.0,0.0,1.6456050024934143,1.1347573662670865,7.048223224133239,0.18771655491953332,0.5751688005331193,0.7511462526828754,-0.3017650044914265,-0.6496512190895847,5.284202162398662,0.0,0.0,0.0,0.0,1.0,0.0,0.0
2024-10-12 17:35:24.644067,1.0,1.0,1.0,1.0,1.0,1.0,1.0,290939.0,0.03819186010094626,0.039201510653345636,0.04312468176012514,0.03105329154533826,0.03139505892336215,0.033430331878977426,0.00010173519452412925,0.00042601612706979125,-0.0003910446539521219,-0.0,0.0,0.0,0.0,1.0,0.0,0.0,1.646160811009421,1.1323227855213733,7.047648412597188,0.1841128681303616,0.573187712268953,0.7549311287725505,-0.29558583619994455,-0.6461895836350497,5.310317984656642,0.0,0.0,0.0,0.0,1.0,0.0,0.0
2024-10-12 17:35:24.724925,1.0,1.0,1.0,1.0,1.0,1.0,1.0,290940.0,0.03853134997827471,0.03893483061427055,0.04306424069081518,0.03095942747707764,0.03170255949350469,0.03337224263981984,9.855596969525022e-05,0.00043237457672754936,-0.0003783277546366057,-0.0,0.0,0.0,0.0,1.0,0.0,0.0,1.6464765236712808,1.1304440836278726,7.047312430248908,0.1812872598313797,0.571381615031211,0.7539270374033055,-0.28987711958996937,-0.6430410156170207,5.302128974349266,0.0,0.0,0.0,0.0,1.0,0.0,0.0
2024-10-12 17:35:24.808463,1.0,1.0,1.0,1.0,1.0,1.0,1.0,290941.0,0.037711440220720746,0.039135011011481306,0.04269979768643891,0.031115710284795706,0.03203740138402003,0.033459338679991214,8.265984555085502e-05,0.0004323745767275493,-0.0003910446539521219,-0.0,0.0,0.0,0.0,1.0,0.0,0.0,1.6472813526385524,1.1279355365910464,7.048067444112655,0.18058007140096835,0.572202306210898,0.7516472913477054,-0.28847698224681284,-0.6426983784458795,5.2872773559261965,0.0,0.0,0.0,0.0,1.0,0.0,0.0
2024-10-12 17:35:24.811463,1.0,1.0,1.0,1.0,1.0,1.0,1.0,290942.0,0.03764230828317236,0.038463691717159486,0.04276075388833108,0.031364143052817484,0.03221857569203676,0.03351727697218139,9.219752003749214e-05,0.0004355538015564284,-0.00039740310360987996,-0.0,0.0,0.0,0.0,1.0,0.0,0.0,1.6462490601133122,1.1269555160209586,7.047903530170956,0.17722828119541587,0.5745513839709208,0.7486273491759952,-0.2822922313879231,-0.6447733230802611,5.2663646589106134,0.0,0.0,0.0,0.0,1.0,0.0,0.0
2024-10-12 17:35:24.894023,1.0,1.0,1.0,1.0,1.0,1.0,1.0,290943.0,0.03722482060496381,0.03764230828317236,0.0420853800755884,0.03157991857152382,0.03224867245309928,0.03351727697218139,9.219752003749215e-05,0.00041965767741203324,-0.00037514852980772667,-0.0,0.0,0.0,0.0,1.0,0.0,0.0,1.6478743535022278,1.1260051397917097,7.049902019796043,0.17170207918799352,0.577008920087589,0.7533769076241598,-0.2717966535166181,-0.6469475596160111,5.302197449637479,0.0,0.0,0.0,0.0,1.0,0.0,0.0
2024-10-12 17:35:24.897020,1.0,1.0,1.0,1.0,1.0,1.0,1.0,290944.0,0.03701431097784901,0.03757304914762413,0.04239370200023552,0.03120910432259612,0.03248844283583844,0.033430331878977426,7.9480620721976e-05,0.0004132992277542751,-0.00038786542912324284,-0.0,0.0,0.0,0.0,1.0,0.0,0.0,1.6471265659006966,1.1245419559187093,7.050902899242165,0.16996533283292592,0.5764739371921773,0.7533717567840507,-0.26880841347028345,-0.645466610667135,5.302973331887383,0.0,0.0,0.0,0.0,1.0,0.0,0.0
2024-10-12 17:35:24.978742,1.0,1.0,1.0,1.0,1.0,1.0,1.0,290945.0,0.03694387454679471,0.03722482060496381,0.04227064309912445,0.03139505892336215,0.03221857569203676,0.03310957989067469,7.948062072197598e-05,0.00038468620429436373,-0.00036243163049221044,-0.0,0.0,0.0,0.0,1.0,0.0,0.0,1.6478018207626062,1.1255657326641497,7.053402260822845,0.1700680421524143,0.5748951714576529,0.7522314709582293,-0.2689800243258612,-0.6443691851505091,5.296925428574484,0.0,0.0,0.0,0.0,1.0,0.0,0.0
2024-10-12 17:35:25.061727,1.0,1.0,1.0,1.0,1.0,1.0,1.0,290946.0,0.036802597262395625,0.03694387454679471,0.04245509769062346,0.031146872746571578,0.03260766687993288,0.03313886745048406,7.312217106421791e-05,0.0003974031036098799,-0.00037832775463660567,-0.0,0.0,0.0,0.0,1.0,0.0,0.0,1.6468867173917723,1.1240528902879428,7.053397090911012,0.17126116684736714,0.5795887588892706,0.7490178508806962,-0.2704699831810813,-0.6486630478865227,5.274214106138581,0.0,0.0,0.0,0.0,1.0,0.0,0.0
2024-10-12 17:35:25.065727,1.0,1.0,1.0,1.0,1.0,1.0,1.0,290947.0,0.036802597262395625,0.03729472643293347,0.04324531047620407,0.031364143052817484,0.03290383705573704,0.03351727697218139,5.404682209094367e-05,0.00043555380155642836,-0.000410120002925396,-0.0,0.0,0.0,0.0,1.0,0.0,0.0,1.647801820762606,1.1268140959791932,7.056141529129678,0.16721085052006082,0.5786526559646133,0.7474598733964698,-0.2636849791148009,-0.648999488512974,5.262619645605938,0.0,0.0,0.0,0.0,1.0,0.0,0.0
2024-10-12 17:35:25.147363,1.0,1.0,1.0,1.0,1.0,1.0,1.0,290948.0,0.037084613626145846,0.03722482060496381,0.04336560364453033,0.031022035078891817,0.03272645658802371,0.033546208593426816,6.358449657758079e-05,0.0004323745767275493,-0.00042601612706979125,-0.0,0.0,0.0,0.0,1.0,0.0,0.0,1.6468835542381786,1.126375004431403,7.054557545342392,0.16516013181584438,0.5769312546061806,0.7473326375287378,-0.2604341313128094,-0.6468364591652781,5.26034790022613,0.0,0.0,0.0,0.0,1.0,0.0,0.0
2024-10-12 17:35:25.151364,1.0,1.0,1.0,1.0,1.0,1.0,1.0,290949.0,0.037084613626145846,0.036943874546794715,0.0436051944382425,0.031146872746571578,0.032696799620819436,0.03394866250806731,6.994294623533885e-05,0.0004228369022409122,-0.0004419122512141865,-0.0,0.0,0.0,0.0,1.0,0.0,0.0,1.6482245047146458,1.127933651930903,7.054306360730377,0.16313427818673915,0.5750154525356932,0.7464483623018263,-0.25707788337656046,-0.6455444070556559,5.254391147307631,0.0,0.0,0.0,0.0,1.0,0.0,0.0
2024-10-12 17:35:25.232448,1.0,1.0,1.0,1.0,1.0,1.0,1.0,290950.0,0.036731754853566174,0.036802597262395625,0.04354542032592321,0.031022035078891817,0.03245856839932655,0.03423323297213509,0.00010173519452412925,0.000410120002925396,-0.0004419122512141865,-0.0,0.0,0.0,0.0,1.0,0.0,0.0,1.6466816333040994,1.1281053721674192,7.05272935107342,0.1650365480230948,0.5753963774544512,0.7450118790277485,-0.26082969248457394,-0.6461641098858422,5.243585706456592,0.0,0.0,0.0,0.0,1.0,0.0,0.0
2024-10-12 17:35:25.235447,1.0,1.0,1.0,1.0,1.0,1.0,1.0,290951.0,0.03715478325109878,0.03666077555081008,0.04443358966925187,0.030928076150071922,0.0321582976678794,0.03428986366919591,0.00010809364418188734,0.00039422387878100085,-0.0004737044995029769,-0.0,0.0,0.0,0.0,1.0,0.0,0.0,1.6501598799061479,1.1291886241502558,7.052643386245563,0.1610554942357985,0.575370926073801,0.7408070551904388,-0.25453269732686457,-0.6467285085021071,5.213754480579149,0.0,0.0,0.0,0.0,1.0,0.0,0.0
2024-10-12 17:35:25.318149,1.0,1.0,1.0,1.0,1.0,1.0,1.0,290952.0,0.03701431097784902,0.036447008273383014,0.044609101569099904,0.03095942747707764,0.0321582976678794,0.03431814397393635,0.00011763131866852444,0.0003942238787810009,-0.0004609876001874607,-0.0,0.0,0.0,0.0,1.0,0.0,0.0,1.6513502652158973,1.1266772818362933,7.051058616618645,0.1633062044211381,0.5786459498116667,0.739346490338373,-0.25832371056644854,-0.6487132068867163,5.20286320065773,0.0,0.0,0.0,0.0,1.0,0.0,0.0
2024-10-12 17:35:25.400725,1.0,1.0,1.0,1.0,1.0,1.0,1.0,290953.0,0.03715478325109878,0.03637547335010834,0.04541919034616077,0.03095942747707764,0.03227874115189541,0.03457162570793951,0.00012398976832628253,0.0003910446539521219,-0.0004927798484762511,-0.0,0.0,0.0,0.0,1.0,0.0,0.0,1.655035541972534,1.1268491935307168,7.049308870489721,0.16953664701450488,0.5798890920443734,0.7375805185907688,-0.27001696046426144,-0.6502878819908487,5.189771972850557,0.0,0.0,0.0,0.0,1.0,0.0,0.0
2024-10-12 17:35:25.404667,1.0,1.0,1.0,1.0,1.0,1.0,1.0,290954.0,0.03715478325109878,0.036589658557456724,0.04518921828443541,0.030990747087997286,0.03218845078999174,0.03434640099311143,0.00014306511729955676,0.0003942238787810009,-0.0004927798484762511,-0.0,0.0,0.0,0.0,1.0,0.0,0.0,1.6542720973739866,1.1255472196859175,7.046725716294976,0.16774601804174868,0.5814612899948538,0.7370391537187123,-0.26632330888239997,-0.6514043618298286,5.18289745005553,0.0,0.0,0.0,0.0,1.0,0.0,0.0
2024-10-12 17:35:25.486997,1.0,1.0,1.0,1.0,1.0,1.0,1.0,290955.0,0.03722482060496381,0.036802597262395625,0.04536180663361167,0.031022035078891817,0.03233879467572394,0.03426156002122874,0.00014306511729955676,0.000400582328438759,-0.0005118551974495253,-0.0,0.0,0.0,0.0,1.0,0.0,0.0,1.6564921913032777,1.124921563396539,7.04531024842821,0.16400226345743532,0.5845344419680804,0.734568684962191,-0.2605078148946073,-0.6546003553875505,5.16293489129413,0.0,0.0,0.0,0.0,1.0,0.0,0.0
2024-10-12 17:35:25.490000,1.0,1.0,1.0,1.0,1.0,1.0,1.0,290956.0,0.03798670986099516,0.0373645014732293,0.04530435023736206,0.03095942747707764,0.03182472780550264,0.03426156002122874,0.00015260279178619387,0.00037514852980772667,-0.0005150344222784043,-0.0,0.0,0.0,0.0,1.0,0.0,0.0,1.6554908162331101,1.1246956670011667,7.043392097009158,0.16238017002788782,0.5817076093747883,0.7342374873231389,-0.25818854935532076,-0.6514589406253862,5.15907708279321,0.0,0.0,0.0,0.0,1.0,0.0,0.0
2024-10-12 17:35:25.572323,1.0,1.0,1.0,1.0,1.0,1.0,1.0,290957.0,0.03757304914762413,0.0373645014732293,0.045590908124401384,0.030896693010431804,0.031549183850304155,0.03386282504451316,0.00015578201661507293,0.00036561085532108955,-0.0005086759726206463,-0.0,0.0,0.0,0.0,1.0,0.0,0.0,1.656250553803104,1.1240927083338679,7.041391019917989,0.16108814245473563,0.5852505017557982,0.7340965590548452,-0.25677155076619684,-0.6553543993907142,5.1583829688602,0.0,0.0,0.0,0.0,1.0,0.0,0.0
2024-10-12 17:35:25.654710,1.0,1.0,1.0,1.0,1.0,1.0,1.0,290958.0,0.03701431097784901,0.03701431097784902,0.04570502822314875,0.03070772063827226,0.03167194378429309,0.03394866250806731,0.00015578201661507293,0.0003338186070322991,-0.0005245720967650415,-0.0,0.0,0.0,0.0,1.0,0.0,0.0,1.656363425943723,1.1252612675298386,7.040723621205763,0.15895254508609405,0.588055511723129,0.7309147287483221,-0.2528595924127524,-0.659114541347932,5.136409075192939,0.0,0.0,0.0,0.0,1.0,0.0,0.0
2024-10-12 17:35:25.657702,1.0,1.0,1.0,1.0,1.0,1.0,1.0,290959.0,0.038055216156251626,0.03729472643293347,0.04581886408620406,0.030517578125,0.03139505892336215,0.03351727697218139,0.00012716899315516158,0.00030202635874350875,-0.0005341097712516786,-0.0,0.0,0.0,0.0,1.0,0.0,0.0,1.6576151769937593,1.1261660150452348,7.041220292030763,0.16126871147383384,0.5910761705205005,0.7292081627711101,-0.25689460274730513,-0.6631618207148104,5.124985691439745,0.0,0.0,0.0,0.0,1.0,0.0,0.0
2024-10-12 17:35:25.741258,1.0,1.0,1.0,1.0,1.0,1.0,1.0,290960.0,0.03812359934915173,0.03687330356631608,0.04627140705916456,0.03086527796111811,0.03151841915858901,0.03351727697218139,9.537674486637117e-05,0.0002893094594279926,-0.0005182136471072835,-0.0,0.0,0.0,0.0,1.0,0.0,0.0,1.6592513139712655,1.124572492098053,7.0427976597621,0.1618148876943061,0.5909278105061049,0.729366028607977,-0.2580498851094279,-0.6620577634024768,5.12648880454796,0.0,0.0,0.0,0.0,1.0,0.0,0.0
2024-10-12 17:35:25.744255,1.0,1.0,1.0,1.0,1.0,1.0,1.0,290961.0,0.038123599349151736,0.03722482060496381,0.046271407059164556,0.030896693010431804,0.03142594437984583,0.03360399710929144,8.90182952086131e-05,0.00029566790908575063,-0.0005023175229628882,-0.0,0.0,0.0,0.0,1.0,0.0,0.0,1.6599404662624913,1.1248984088744003,7.042129654619571,0.1619198030331327,0.5894521099109116,0.7340577722912021,-0.25801343546497774,-0.6605906289424404,5.158191479438794,0.0,0.0,0.0,0.0,1.0,0.0,0.0
2024-10-12 17:35:25.826136,1.0,1.0,1.0,1.0,1.0,1.0,1.0,290962.0,0.03825999906698716,0.03798670986099516,0.04576198155144106,0.03070772063827226,0.0316106234096681,0.033661686417184034,8.90182952086131e-05,0.0002829510097702345,-0.0005245720967650415,-0.0,0.0,0.0,0.0,1.0,0.0,0.0,1.6600061923243,1.1259708665776837,7.042214268325627,0.15970716973147767,0.5842688362292907,0.7347236804069225,-0.25458021748634385,-0.6555497324781172,5.162510267129253,0.0,0.0,0.0,0.0,1.0,0.0,0.0
2024-10-12 17:35:25.829136,1.0,1.0,1.0,1.0,1.0,1.0,1.0,290963.0,0.038123599349151736,0.03798670986099516,0.04587567609077438,0.03039015553037446,0.031084516582433108,0.033546208593426816,9.537674486637117e-05,0.00027977178494135546,-0.0005277513215939206,-0.0,0.0,0.0,0.0,1.0,0.0,0.0,1.6586590633180167,1.1270423037647002,7.040718441984164,0.15506544031617914,0.5827396502895723,0.736290067151528,-0.24688151219435894,-0.654487722096275,5.171798540679777,0.0,0.0,0.0,0.0,1.0,0.0,0.0
2024-10-12 17:35:25.911484,1.0,1.0,1.0,1.0,1.0,1.0,1.0,290964.0,0.03859888964444313,0.037711440220720746,0.04541919034616077,0.030581090322992784,0.031146872746571578,0.033748035476753,4.76883724331856e-05,0.0002765925601124764,-0.0004896006236473721,-0.0,0.0,0.0,0.0,1.0,0.0,0.0,1.6597430960153068,1.1278412783422846,7.039136908055193,0.1565556249297134,0.5825455533089782,0.7393219549561189,-0.24971888414499463,-0.6547068489060084,5.192679289850089,0.0,0.0,0.0,0.0,1.0,0.0,0.0
2024-10-12 17:35:25.994405,1.0,1.0,1.0,1.0,1.0,1.0,1.0,290965.0,0.03859888964444313,0.03798670986099516,0.04513154216867338,0.03039015553037446,0.031115710284795706,0.03377676944149575,5.4046822090943663e-05,0.0002893094594279926,-0.000483242173989614,-0.0,0.0,0.0,0.0,1.0,0.0,0.0,1.6584835279467318,1.1286581495720305,7.036879112966406,0.15715522838393262,0.580069504001028,0.7435360886007137,-0.25025371723194817,-0.6523350567692019,5.222110219361116,0.0,0.0,0.0,0.0,1.0,0.0,0.0
2024-10-12 17:35:25.997408,1.0,1.0,1.0,1.0,1.0,1.0,1.0,290966.0,0.03757304914762413,0.0378493252884673,0.04518921828443541,0.030294236862297798,0.030990747087997286,0.0337192770263005,3.815069794654847e-05,0.00030520558357238775,-0.0004578083753585817,-0.0,0.0,0.0,0.0,1.0,0.0,0.0,1.6576369989239312,1.1298569909206517,7.036211286290796,0.1551562286243435,0.5819001599093198,0.7441517992786006,-0.2463559875917424,-0.6550181059505975,5.225899552573822,0.0,0.0,0.0,0.0,1.0,0.0,0.0
2024-10-12 17:35:26.079732,1.0,1.0,1.0,1.0,1.0,1.0,1.0,290967.0,0.038123599349151736,0.037503662109375,0.0446091015690999,0.0303262434606198,0.030896693010431804,0.033834164163335345,4.132992277542751e-05,0.00029248868425687163,-0.0004578083753585817,-0.0,0.0,0.0,0.0,1.0,0.0,0.0,1.6542969353612043,1.1308483168183745,7.035043362669701,0.15862314476180597,0.5821056621189253,0.7453235477743911,-0.2510536749608813,-0.6556184937283512,5.23324547114556,0.0,0.0,0.0,0.0,1.0,0.0,0.0
2024-10-12 17:35:26.082732,1.0,1.0,1.0,1.0,1.0,1.0,1.0,290968.0,0.038463691717159486,0.038123599349151736,0.044725726870264354,0.03054935072925873,0.030990747087997286,0.03394866250806731,5.0867597262064634e-05,0.00029566790908575063,-0.0004514499257008236,-0.0,0.0,0.0,0.0,1.0,0.0,0.0,1.6523413615632463,1.1310914069514229,7.033624803176269,0.1581428674597488,0.5801516067124601,0.7496523225174847,-0.24928767654563486,-0.6536433729688051,5.262551157701754,0.0,0.0,0.0,0.0,1.0,0.0,0.0
2024-10-12 17:35:26.164531,1.0,1.0,1.0,1.0,1.0,1.0,1.0,290969.0,0.0373645014732293,0.03819186010094626,0.044667452282818626,0.030581090322992784,0.031240173622796498,0.03426156002122874,7.312217106421791e-05,0.00031474325805902487,-0.0004323745767275493,-0.0,0.0,0.0,0.0,1.0,0.0,0.0,1.6498855638062002,1.1310591673163923,7.032707674287222,0.15902917250086349,0.5776433038277426,0.7492535401412161,-0.25088393337175374,-0.6506720803775767,5.25860840165911,0.0,0.0,0.0,0.0,1.0,0.0,0.0
2024-10-12 17:35:26.247457,1.0,1.0,1.0,1.0,1.0,1.0,1.0,290970.0,0.036731754853566174,0.038463691717159486,0.04384347596324186,0.030198013527012933,0.030990747087997286,0.03465570761333854,7.630139589309694e-05,0.000321101707716783,-0.00041965767741203324,-0.0,0.0,0.0,0.0,1.0,0.0,0.0,1.647034845338421,1.1317973507029384,7.030128053188134,0.15919071646157082,0.578465173737026,0.7491490760073155,-0.25052160897701964,-0.6521665809825523,5.256389811572738,0.0,0.0,0.0,0.0,1.0,0.0,0.0
2024-10-12 17:35:26.250461,1.0,1.0,1.0,1.0,1.0,1.0,1.0,290971.0,0.036447008273383014,0.03798670986099516,0.04318503823719134,0.03026219641244205,0.03105329154533826,0.034767500508899686,0.00010491441935300831,0.000321101707716783,-0.00039740310360987996,-0.0,0.0,0.0,0.0,1.0,0.0,0.0,1.6420247509367338,1.131478025175447,7.029541387087602,0.16225510154773523,0.578613056602658,0.745517071407375,-0.25482559813285854,-0.6520616455365801,5.230556713237042,0.0,0.0,0.0,0.0,1.0,0.0,0.0
2024-10-12 17:35:26.332772,1.0,1.0,1.0,1.0,1.0,1.0,1.0,290972.0,0.0361600194902826,0.03743414645719283,0.042943103346232976,0.030358216314476834,0.030990747087997286,0.03534861318744721,8.90182952086131e-05,0.00032746015737454104,-0.0003815069794654847,-0.0,0.0,0.0,0.0,1.0,0.0,0.0,1.639712179185241,1.131239623124916,7.028959118784219,0.16576662102686177,0.5790820870943878,0.7439535841419999,-0.259786702782495,-0.6524230741973347,5.2194759414230445,0.0,0.0,0.0,0.0,1.0,0.0,0.0
2024-10-12 17:35:26.335775,1.0,1.0,1.0,1.0,1.0,1.0,1.0,290973.0,0.036231979799249525,0.03764230828317236,0.04282162331969714,0.030358216314476834,0.031240173622796498,0.03548557074494756,8.265984555085502e-05,0.000324280932545662,-0.00036879008014996856,-0.0,0.0,0.0,0.0,1.0,0.0,0.0,1.6352996906666057,1.1285307911202578,7.029290790732293,0.16964563711409333,0.5776988832170785,0.7409756048629633,-0.265864682571553,-0.6492561036821479,5.199011590804162,0.0,0.0,0.0,0.0,1.0,0.0,0.0
2024-10-12 17:35:26.417816,1.0,1.0,1.0,1.0,1.0,1.0,1.0,290974.0,0.036447008273383014,0.037780445658522906,0.04324531047620408,0.029939906113202793,0.03086527796111811,0.03567642805328406,0.00013034821798404061,0.0003306393822034201,-0.0004355538015564284,-0.0,0.0,0.0,0.0,1.0,0.0,0.0,1.6334549632971431,1.1275651480049662,7.031041814026883,0.17180095672681098,0.5738349345896817,0.7388511261146721,-0.26884954784549986,-0.6442852006279463,5.185348783790253,0.0,0.0,0.0,0.0,1.0,0.0,0.0
2024-10-12 17:35:26.501237,1.0,1.0,1.0,1.0,1.0,1.0,1.0,290975.0,0.03666077555081008,0.037084613626145846,0.04336560364453033,0.029679554160349852,0.031115710284795706,0.03600125807533038,0.00012081054349740349,0.000321101707716783,-0.00041329922775427513,-0.0,0.0,0.0,0.0,1.0,0.0,0.0,1.629590186218324,1.1264359765792915,7.031047000376497,0.17213337873896273,0.5764237696117217,0.7395617128059312,-0.26943082032370386,-0.6464404921797623,5.190331806587784,0.0,0.0,0.0,0.0,1.0,0.0,0.0
2024-10-12 17:35:26.504234,1.0,1.0,1.0,1.0,1.0,1.0,1.0,290976.0,0.03701431097784902,0.03701431097784901,0.04312468176012515,0.029515668014433095,0.03095942747707764,0.036082008662183536,0.00013034821798404061,0.0003083848084012668,-0.0004355538015564284,-0.0,0.0,0.0,0.0,1.0,0.0,0.0,1.6296125631351674,1.125165933995032,7.030131758205472,0.17354951661440768,0.5754540202679307,0.74044461470156,-0.27260820111807565,-0.644661980823407,5.195774038133515,0.0,0.0,0.0,0.0,1.0,0.0,0.0
2024-10-12 17:35:26.586118,1.0,1.0,1.0,1.0,1.0,1.0,1.0,290977.0,0.03715478325109878,0.03722482060496381,0.0434855640497593,0.029449858193388034,0.031178004061435775,0.036082008662183536,0.0001367066676417987,0.0002988471339146297,-0.00043237457672754936,-0.0,0.0,0.0,0.0,1.0,0.0,0.0,1.6270555869851284,1.1232446907326747,7.029296719465184,0.17024436306442886,0.576417358104683,0.7427265484303912,-0.2665347841053924,-0.644750183285789,5.2111690811201585,0.0,0.0,0.0,0.0,1.0,0.0,0.0
2024-10-12 17:35:26.590115,1.0,1.0,1.0,1.0,1.0,1.0,1.0,290978.0,0.03819186010094626,0.0361600194902826,0.04378402715493126,0.029482781466042968,0.031115710284795706,0.035812131959156876,0.00011763131866852446,0.0003083848084012668,-0.00043237457672754936,-0.0,0.0,0.0,0.0,1.0,0.0,0.0,1.627886018244493,1.1233494620293505,7.029885629072004,0.17107627788465207,0.5819031766890169,0.7426455303266905,-0.2691746319949005,-0.650888313924503,5.210559338599506,0.0,0.0,0.0,0.0,1.0,0.0,0.0
2024-10-12 17:35:26.671862,1.0,1.0,1.0,1.0,1.0,1.0,1.0,290979.0,0.03819186010094626,0.03601566753881429,0.04390284427203976,0.02964684940754005,0.030990747087997286,0.03562200173928452,0.00010809364418188733,0.00029248868425687163,-0.0004355538015564284,-0.0,0.0,0.0,0.0,1.0,0.0,0.0,1.6273143644730268,1.1218076639057368,7.029719809086711,0.16680373617444855,0.5820150246654873,0.7441465845840615,-0.26166616714313884,-0.6500591312974899,5.221212391130274,0.0,0.0,0.0,0.0,1.0,0.0,0.0
2024-10-12 17:35:26.674862,1.0,1.0,1.0,1.0,1.0,1.0,1.0,290980.0,0.039201510653345636,0.03651840306907817,0.044900096837092805,0.029449858193388034,0.031641298451732976,0.03501772965099794,0.00011763131866852446,0.00029248868425687163,-0.00048006294916073494,-0.0,0.0,0.0,0.0,1.0,0.0,0.0,1.6284320593960349,1.1225936959545189,7.031298275020645,0.16477745240220734,0.5801722301068902,0.743681357132556,-0.2582374383477125,-0.6481730603730813,5.2187519024055335,0.0,0.0,0.0,0.0,1.0,0.0,0.0
2024-10-12 17:35:26.757397,1.0,1.0,1.0,1.0,1.0,1.0,1.0,290981.0,0.039729500910396995,0.03722482060496381,0.04495806987200317,0.029051868842559465,0.03173314566510837,0.03534861318744721,9.855596969525021e-05,0.00029248868425687163,-0.0005118551974495253,-0.0,0.0,0.0,0.0,1.0,0.0,0.0,1.629529806757073,1.1225751339628638,7.03097040234708,0.1626901647500109,0.5849959610206866,0.7449545816064561,-0.2549931045923611,-0.6535474053759383,5.227395390471782,0.0,0.0,0.0,0.0,1.0,0.0,0.0
2024-10-12 17:35:26.840533,1.0,1.0,1.0,1.0,1.0,1.0,1.0,290982.0,0.040185802182344105,0.037780445658522906,0.04553374081900146,0.029051868842559465,0.031763702384431956,0.0350730936850165,0.00012716899315516158,0.00033699783186117815,-0.0005341097712516786,-0.0,0.0,0.0,0.0,1.0,0.0,0.0,1.6310252049776897,1.1252446387095223,7.032222995554038,0.1609528697692112,0.5873434222507821,0.7434916947570587,-0.2520068620748541,-0.657746374979328,5.217539957509887,0.0,0.0,0.0,0.0,1.0,0.0,0.0
2024-10-12 17:35:26.843535,1.0,1.0,1.0,1.0,1.0,1.0,1.0,290983.0,0.040185802182344105,0.037780445658522906,0.04564800383634772,0.029383900981372436,0.03221857569203676,0.03499001478345783,9.855596969525022e-05,0.00036243163049221044,-0.0005404682209094367,-0.0,0.0,0.0,0.0,1.0,0.0,0.0,1.6323345043759814,1.1250632213289937,7.031390427778682,0.16055781333191696,0.5898397672244365,0.7425305036488978,-0.25191101223105483,-0.6602812264456679,5.209293275391262,0.0,0.0,0.0,0.0,1.0,0.0,0.0
2024-10-12 17:35:26.925586,1.0,1.0,1.0,1.0,1.0,1.0,1.0,290984.0,0.03979500713939933,0.037711440220720746,0.04541919034616077,0.029679554160349852,0.03251828982682399,0.03462770299655218,8.90182952086131e-05,0.00035925240566333144,-0.0005213928719361625,-0.0,0.0,0.0,0.0,1.0,0.0,0.0,1.6336810195064095,1.1263750044314027,7.030635104884928,0.15747550887838385,0.5939406282782486,0.7401527161726053,-0.24784581608192321,-0.6659227104406277,5.192290204877049,0.0,0.0,0.0,0.0,1.0,0.0,0.0
2024-10-12 17:35:26.929583,1.0,1.0,1.0,1.0,1.0,1.0,1.0,290985.0,0.039925697169818586,0.038123599349151736,0.045590908124401384,0.030422061214259163,0.032398736885968185,0.03428986366919591,9.537674486637117e-05,0.00037196930497884767,-0.0005372889960805577,-0.0,0.0,0.0,0.0,1.0,0.0,0.0,1.634272759358137,1.1245326910405644,7.029551761997012,0.156623577122751,0.5931437846198513,0.7367222349919591,-0.2466317685243523,-0.6639817348080631,5.167593713060268,0.0,0.0,0.0,0.0,1.0,0.0,0.0
2024-10-12 17:35:27.009965,1.0,1.0,1.0,1.0,1.0,1.0,1.0,290986.0,0.04044423444177086,0.037918079796158174,0.04598908955455482,0.03070772063827226,0.03251828982682399,0.03411968959808029,0.0001208105434974035,0.00038786542912324284,-0.0005563643450538319,-0.0,0.0,0.0,0.0,1.0,0.0,0.0,1.6344985232933302,1.1256637716841795,7.030635104884928,0.15738923826428855,0.5925906264252664,0.7378584504062263,-0.24799992437964682,-0.6640187900191473,5.176572504212866,0.0,0.0,0.0,0.0,1.0,0.0,0.0
2024-10-12 17:35:27.094045,1.0,1.0,1.0,1.0,1.0,1.0,1.0,290987.0,0.04037978143756249,0.037711440220720746,0.04518921828443541,0.030485772407004817,0.03260766687993288,0.03428986366919591,0.0001367066676417987,0.0003942238787810009,-0.0005341097712516786,-0.0,0.0,0.0,0.0,1.0,0.0,0.0,1.6355412383882806,1.1249123016448752,7.029972613209357,0.15947002719209877,0.5943562933958991,0.7343635216926018,-0.2510510003749141,-0.6654863366009209,5.151876975415245,0.0,0.0,0.0,0.0,1.0,0.0,0.0
2024-10-12 17:35:27.097046,1.0,1.0,1.0,1.0,1.0,1.0,1.0,290988.0,0.03953233095432663,0.037918079796158174,0.04425738174574523,0.03073929670896773,0.03245856839932655,0.034515457310635475,0.00013352744281291964,0.0003846862042943638,-0.0005245720967650415,-0.0,0.0,0.0,0.0,1.0,0.0,0.0,1.6367770867323328,1.1250659621291965,7.030384547514924,0.16179103164783687,0.5916900070439628,0.7326234779733555,-0.25442298253033946,-0.6626549404154728,5.139634609048029,0.0,0.0,0.0,0.0,1.0,0.0,0.0
2024-10-12 17:35:27.179413,1.0,1.0,1.0,1.0,1.0,1.0,1.0,290989.0,0.040315225390783915,0.0378493252884673,0.043962132407454745,0.030896693010431804,0.03242866644143693,0.034851109849295854,0.0001367066676417987,0.00041012000292539613,-0.0005404682209094367,-0.0,0.0,0.0,0.0,1.0,0.0,0.0,1.6342502670532892,1.1247354622914187,7.029550279868034,0.16368252389768975,0.5927436361590456,0.7348002909351283,-0.2572743876466549,-0.6637706065242881,5.153972080372152,0.0,0.0,0.0,0.0,1.0,0.0,0.0
2024-10-12 17:35:27.182412,1.0,1.0,1.0,1.0,1.0,1.0,1.0,290990.0,0.040185802182344105,0.036802597262395625,0.04354542032592321,0.030990747087997286,0.03224867245309928,0.0350730936850165,0.00013352744281291964,0.00040694077809651707,-0.0005182136471072835,-0.0,0.0,0.0,0.0,1.0,0.0,0.0,1.6342247659834244,1.1256406324293278,7.0297198090867115,0.16591797040853665,0.5941131964839139,0.7406271358038693,-0.26147828168427034,-0.6659934881436467,5.19492496222204,0.0,0.0,0.0,0.0,1.0,0.0,0.0
2024-10-12 17:35:27.265055,1.0,1.0,1.0,1.0,1.0,1.0,1.0,290991.0,0.04025056580563931,0.03694387454679471,0.043664886724146465,0.03120910432259612,0.03251828982682399,0.034878935091133,0.00012716899315516158,0.0004164784525831542,-0.0004927798484762511,-0.0,0.0,0.0,0.0,1.0,0.0,0.0,1.6338779912051775,1.1247261990072734,7.029968167087669,0.1681812672966004,0.5886716348034936,0.7406699341563097,-0.2658658894994973,-0.6592142348577282,5.195571602254134,0.0,0.0,0.0,0.0,1.0,0.0,0.0
2024-10-12 17:35:27.268055,1.0,1.0,1.0,1.0,1.0,1.0,1.0,290992.0,0.03953233095432663,0.03651840306907817,0.043784027154931265,0.031240173622796498,0.03221857569203676,0.034851109849295854,0.00010491441935300831,0.00037514852980772667,-0.0004673460498452188,-0.0,0.0,0.0,0.0,1.0,0.0,0.0,1.6351023529195026,1.1227856447980147,7.0290498199747224,0.16861266847999148,0.5877635171237444,0.7448980963391966,-0.26779559486415,-0.6571424673455136,5.224280780443823,0.0,0.0,0.0,0.0,1.0,0.0,0.0
2024-10-12 17:35:27.349322,1.0,1.0,1.0,1.0,1.0,1.0,1.0,290993.0,0.039729500910396995,0.03601566753881429,0.044316195568033935,0.030833830904597324,0.03173314566510837,0.03532115794976128,0.00016531969110171005,0.0003497147311766943,-0.0004959590733051301,-0.0,0.0,0.0,0.0,1.0,0.0,0.0,1.6341101854572802,1.122813482450278,7.028387920058286,0.16571566041239622,0.5855458007983808,0.746896279894549,-0.26252077936345913,-0.6547073304155889,5.23889698904322,0.0,0.0,0.0,0.0,1.0,0.0,0.0
2024-10-12 17:35:27.432877,1.0,1.0,1.0,1.0,1.0,1.0,1.0,290994.0,0.03953233095432663,0.036447008273383014,0.04449217056439318,0.030676112065162197,0.03203740138402003,0.0357036100976489,0.0001716781407594681,0.0003751485298077266,-0.0004991382981340092,-0.0,0.0,0.0,0.0,1.0,0.0,0.0,1.6341801381536187,1.1224916012019244,7.027472331574635,0.16724717703430425,0.5877848165742106,0.7498783662622501,-0.26531797575271554,-0.6569921459419149,5.259628095969735,0.0,0.0,0.0,0.0,1.0,0.0,0.0
2024-10-12 17:35:27.435880,1.0,1.0,1.0,1.0,1.0,1.0,1.0,290995.0,0.03979500713939933,0.03666077555081008,0.04484204885310999,0.030453933471522428,0.03224867245309928,0.035757912197617196,0.0001780365904172262,0.0003815069794654847,-0.0005277513215939206,-0.0,0.0,0.0,0.0,1.0,0.0,0.0,1.6343295969542688,1.1245678597943098,7.026474045696032,0.1703886775112896,0.5894412944720552,0.7519140539255946,-0.2705223962348574,-0.6601050275817723,5.2735155219463214,0.0,0.0,0.0,0.0,1.0,0.0,0.0
2024-10-12 17:35:27.518348,1.0,1.0,1.0,1.0,1.0,1.0,1.0,290996.0,0.03926789767914727,0.037503662109375,0.044316195568033935,0.030198013527012933,0.032637404840404415,0.03621619286889221,0.00014624434212843582,0.0003878654291232428,-0.0004927798484762511,-0.0,0.0,0.0,0.0,1.0,0.0,0.0,1.6330569868473115,1.1247261990072734,7.024556683524849,0.17103615800379957,0.5914025409045411,0.7522090959362994,-0.2712229947772405,-0.6623927616028484,5.27465027391742,0.0,0.0,0.0,0.0,1.0,0.0,0.0
2024-10-12 17:35:27.521344,1.0,1.0,1.0,1.0,1.0,1.0,1.0,290997.0,0.03946638873835309,0.03764230828317236,0.044550674429986614,0.030198013527012933,0.03248844283583844,0.03634988174307738,0.0001462443421284358,0.0003910446539521218,-0.0005309305464227996,-0.0,0.0,0.0,0.0,1.0,0.0,0.0,1.6333211923483062,1.1246586120957018,7.025140799777171,0.17393091263821395,0.5870640575938508,0.7542050501505061,-0.27641707436804086,-0.6575321662958344,5.289716902138175,0.0,0.0,0.0,0.0,1.0,0.0,0.0
2024-10-12 17:35:27.604013,1.0,1.0,1.0,1.0,1.0,1.0,1.0,290998.0,0.03966388649582423,0.038055216156251626,0.045246820880521094,0.030036956306502573,0.03260766687993288,0.03645647986559919,0.00016849891593058908,0.00038468620429436373,-0.0005595435698827109,-0.0,0.0,0.0,0.0,1.0,0.0,0.0,1.6309357729956508,1.1229906244613979,7.023060805079709,0.17700566695422645,0.5883604739647503,0.7528487018313033,-0.28164355387642603,-0.6579338483164594,5.279965407960501,0.0,0.0,0.0,0.0,1.0,0.0,0.0
2024-10-12 17:35:27.686562,1.0,1.0,1.0,1.0,1.0,1.0,1.0,290999.0,0.03946638873835309,0.03764230828317236,0.045590908124401384,0.029972291094128595,0.032696799620819436,0.036403219822747475,0.00018439504007498428,0.0003656108553210895,-0.0005595435698827109,-0.0,0.0,0.0,0.0,1.0,0.0,0.0,1.631493565453112,1.1242955589373855,7.02323123267499,0.18273612540292702,0.5906467780179577,0.7516749070546299,-0.2896328659702459,-0.6613321179512567,5.271548309298271,0.0,0.0,0.0,0.0,1.0,0.0,0.0
2024-10-12 17:35:27.689559,1.0,1.0,1.0,1.0,1.0,1.0,1.0,291000.0,0.03946638873835309,0.03853134997827472,0.04507379225100918,0.03010148260279399,0.03245856839932655,0.03629646528256086,0.00018121581524610522,0.0003656108553210895,-0.0005627227947115899,-0.0,0.0,0.0,0.0,1.0,0.0,0.0,1.6288757604582513,1.1210164337319926,7.0216457599818005,0.18387871374311746,0.5930325554878276,0.7451213457771043,-0.29060558260816743,-0.6619597478168959,5.223832034541356,0.0,0.0,0.0,0.0,1.0,0.0,0.0
2024-10-12 17:35:27.771793,1.0,1.0,1.0,1.0,1.0,1.0,1.0,291001.0,0.03886787470812279,0.03798670986099516,0.045304350237362054,0.030358216314476834,0.032067668184708895,0.03624297009463465,0.00018439504007498428,0.0003656108553210895,-0.0006008734926581384,-0.0,0.0,0.0,0.0,1.0,0.0,0.0,1.627522068971126,1.1201447321964066,7.0198089943826565,0.18413688464085703,0.5967870025961005,0.7457973106720398,-0.29089395428037745,-0.6658179116676803,5.226382723257307,0.0,0.0,0.0,0.0,1.0,0.0,0.0
2024-10-12 17:35:27.774733,1.0,1.0,1.0,1.0,1.0,1.0,1.0,291002.0,0.03986040571620479,0.037918079796158174,0.04536180663361167,0.029939906113202793,0.032097906445255474,0.036269727551283916,0.00017803659041722622,0.0003497147311766943,-0.0006008734926581384,-0.0,0.0,0.0,0.0,1.0,0.0,0.0,1.6234768638767818,1.1199903965292006,7.018969016647967,0.18361222672104194,0.5966530703708038,0.7414224775526064,-0.28935997199245755,-0.6654476497241838,5.195313815902268,0.0,0.0,0.0,0.0,1.0,0.0,0.0
2024-10-12 17:35:27.857853,1.0,1.0,1.0,1.0,1.0,1.0,1.0,291003.0,0.03986040571620479,0.03839591423416135,0.04449217056439318,0.029972291094128595,0.03233879467572394,0.03605511189462744,0.00017485736558834716,0.0003560731808344524,-0.0005849773685137433,-0.0,0.0,0.0,0.0,1.0,0.0,0.0,1.622830008209642,1.1214808489194608,7.020214104574444,0.1856156640086624,0.5960413223703643,0.7437805541604866,-0.29324459994621566,-0.6657523653875279,5.212634884595197,0.0,0.0,0.0,0.0,1.0,0.0,0.0
2024-10-12 17:35:27.860853,1.0,1.0,1.0,1.0,1.0,1.0,1.0,291004.0,0.03953233095432663,0.038463691717159486,0.04390284427203976,0.029744855788601574,0.03272645658802371,0.0361625789344349,0.0001780365904172262,0.0003401770566900572,-0.0005817981436848642,-0.0,0.0,0.0,0.0,1.0,0.0,0.0,1.6171346433122928,1.1204858845499595,7.021635373390773,0.18532825834012084,0.5917040604862752,0.7444785863314437,-0.2913974534993415,-0.6601557038367992,5.2176960633364375,0.0,0.0,0.0,0.0,1.0,0.0,0.0
2024-10-12 17:35:27.942781,1.0,1.0,1.0,1.0,1.0,1.0,1.0,291005.0,0.03906839817849146,0.03819186010094626,0.042943103346232976,0.029317795383615314,0.032368779656366614,0.03634988174307738,0.000162140466272831,0.000324280932545662,-0.0005468266705671948,-0.0,0.0,0.0,0.0,1.0,0.0,0.0,1.6145193690707105,1.1213220514384437,7.024547784422737,0.18187747926931783,0.5860751827174049,0.7457842716600109,-0.2845463059969222,-0.6541310601701018,5.228815069954858,0.0,0.0,0.0,0.0,1.0,0.0,0.0
2024-10-12 17:35:28.026626,1.0,1.0,1.0,1.0,1.0,1.0,1.0,291006.0,0.03933417265909615,0.037711440220720746,0.04324531047620408,0.02921835655994684,0.032398736885968185,0.035947323576018514,0.00018121581524610522,0.0003306393822034201,-0.000565902019540469,-0.0,0.0,0.0,0.0,1.0,0.0,0.0,1.6110803992513905,1.1200815197102,7.025047081959088,0.18340393879826145,0.5851630356034939,0.7485123982695814,-0.2857880014561299,-0.6524388315457921,5.2477122898205915,0.0,0.0,0.0,0.0,1.0,0.0,0.0
2024-10-12 17:35:28.029626,1.0,1.0,1.0,1.0,1.0,1.0,1.0,291007.0,0.03926789767914727,0.0378493252884673,0.0434855640497593,0.029284686626149053,0.03245856839932655,0.03545822155341263,0.00018439504007498428,0.0003401770566900572,-0.0005341097712516786,-0.0,0.0,0.0,0.0,1.0,0.0,0.0,1.6117481311780262,1.121830882220668,7.0257092966196195,0.1819336747498676,0.5827846766238347,0.7522107745978173,-0.2834692826089436,-0.6506314275119409,5.273913290913106,0.0,0.0,0.0,0.0,1.0,0.0,0.0
2024-10-12 17:35:28.112253,1.0,1.0,1.0,1.0,1.0,1.0,1.0,291008.0,0.03859888964444313,0.03743414645719283,0.0434855640497593,0.029317795383615314,0.03272645658802371,0.03537604711721689,0.00019711193939050042,0.0003528939560055733,-0.0005054967477917672,-0.0,0.0,0.0,0.0,1.0,0.0,0.0,1.611006209929122,1.1228153757046924,7.025544861036964,0.17737336671644313,0.5770889766519604,0.7577364328438418,-0.2756120134786184,-0.6447755855444911,5.311958662318565,0.0,0.0,0.0,0.0,1.0,0.0,0.0
2024-10-12 17:35:28.115250,1.0,1.0,1.0,1.0,1.0,1.0,1.0,291009.0,0.038055216156251626,0.03743414645719283,0.04330549882888886,0.029251540394105244,0.032637404840404415,0.03556749214080218,0.00018439504007498428,0.00036243163049221044,-0.0004959590733051301,-0.0,0.0,0.0,0.0,1.0,0.0,0.0,1.6109803409166807,1.1226799677442503,7.024709277044691,0.17227332493205058,0.5755508279346601,0.75913692157497,-0.26891709375714207,-0.6429959787012735,5.32135761999276,0.0,0.0,0.0,0.0,1.0,0.0,0.0
2024-10-12 17:35:28.196308,1.0,1.0,1.0,1.0,1.0,1.0,1.0,291010.0,0.038123599349151736,0.037503662109375,0.04384347596324186,0.029317795383615314,0.03296275176192149,0.03556749214080218,0.0001907534897327424,0.00039422387878100085,-0.0004959590733051301,-0.0,0.0,0.0,0.0,1.0,0.0,0.0,1.6094598451824487,1.1229786008963554,7.0245425932746315,0.17041462818108846,0.5710885372302211,0.7647732941254952,-0.2654782932111003,-0.638428629036809,5.362032799077041,0.0,0.0,0.0,0.0,1.0,0.0,0.0
2024-10-12 17:35:28.278797,1.0,1.0,1.0,1.0,1.0,1.0,1.0,291011.0,0.038463691717159486,0.03798670986099516,0.04366488672414647,0.02891798855021124,0.03308026640118225,0.03578503234728569,0.00019711193939050045,0.00042919535189867025,-0.0004578083753585816,-0.0,0.0,0.0,0.0,1.0,0.0,0.0,1.6100283135504074,1.1247049305367796,7.025627450048555,0.1699561366883594,0.5690876440588005,0.7661297061283886,-0.2645395156392918,-0.6372565211739715,5.373507870465648,0.0,0.0,0.0,0.0,1.0,0.0,0.0
2024-10-12 17:35:28.282794,1.0,1.0,1.0,1.0,1.0,1.0,1.0,291012.0,0.038055216156251626,0.03825999906698716,0.04318503823719134,0.02918513499541173,0.033226575237181734,0.035920325957808266,0.00021936651319265374,0.0004450914760430655,-0.00047688372433185594,-0.0,0.0,0.0,0.0,1.0,0.0,0.0,1.6100477268210394,1.1232094805492523,7.026881737022148,0.17373106443729658,0.5683500019928117,0.7690128057963611,-0.2695675059647264,-0.6354722253946634,5.395218187050106,0.0,0.0,0.0,0.0,1.0,0.0,0.0
2024-10-12 17:35:28.365040,1.0,1.0,1.0,1.0,1.0,1.0,1.0,291013.0,0.03729472643293347,0.03853134997827472,0.04324531047620408,0.02964684940754005,0.03305092691301418,0.03583921107981937,0.00019711193939050042,0.00043237457672754936,-0.00046098760018746065,-0.0,0.0,0.0,0.0,1.0,0.0,0.0,1.6128186564796896,1.1233494620293505,7.027052071948095,0.17576748114590685,0.5714593880320444,0.7649111674474585,-0.27281588313895744,-0.6389710232960406,5.3653190157552535,0.0,0.0,0.0,0.0,1.0,0.0,0.0
2024-10-12 17:35:28.368041,1.0,1.0,1.0,1.0,1.0,1.0,1.0,291014.0,0.038055216156251626,0.03832801689680105,0.04372449751876115,0.030198013527012933,0.032667115729434024,0.03564922528298997,0.00021300806353489565,0.0004482707008719445,-0.0004228369022409122,-0.0,0.0,0.0,0.0,1.0,0.0,0.0,1.6146321134987887,1.12366182548058,7.025468203018231,0.17691946154949315,0.5737841337136452,0.7647496349166447,-0.2747420917768306,-0.6416200661261418,5.3634156903870975,0.0,0.0,0.0,0.0,1.0,0.0,0.0
2024-10-12 17:35:28.449525,1.0,1.0,1.0,1.0,1.0,1.0,1.0,291015.0,0.0378493252884673,0.03825999906698716,0.04372449751876115,0.030833830904597324,0.032785690042080325,0.03548557074494756,0.00021936651319265374,0.00046416682501633976,-0.0004069407780965169,0.0,0.0,0.0,0.0,1.0,0.0,0.0,1.61769075403064,1.1246188140860607,7.024721142238892,0.17992448584127632,0.5752482298060811,0.7628313168391808,-0.28022042602779396,-0.6439392013003891,5.348851674061975,0.0,0.0,0.0,0.0,1.0,0.0,0.0
2024-10-12 17:35:28.532786,1.0,1.0,1.0,1.0,1.0,1.0,1.0,291016.0,0.037711440220720746,0.03825999906698716,0.04372449751876115,0.031084516582433108,0.03257790177388484,0.0357036100976489,0.00020347038904825854,0.00044509147604306553,-0.00041965767741203314,-0.0,0.0,0.0,0.0,1.0,0.0,0.0,1.6193800969496401,1.1247817775678106,7.025142282836439,0.17618894565378812,0.5745897356702363,0.7620295441048427,-0.2747012749035646,-0.643322114181636,5.3438314635856585,0.0,0.0,0.0,0.0,1.0,0.0,0.0
2024-10-12 17:35:28.535785,1.0,1.0,1.0,1.0,1.0,1.0,1.0,291017.0,0.03694387454679471,0.03825999906698716,0.04324531047620408,0.03127121205432006,0.032308781866774994,0.03562200173928452,0.00018439504007498428,0.0004578083753585817,-0.00042601612706979125,-0.0,0.0,0.0,0.0,1.0,0.0,0.0,1.6180377784785684,1.123545065808575,7.024645216813207,0.17504073497379366,0.5790859960801225,0.7581597982072191,-0.2722711275903852,-0.6477522609502446,5.3159494683914925,0.0,0.0,0.0,0.0,1.0,0.0,0.0
2024-10-12 17:35:28.618439,1.0,1.0,1.0,1.0,1.0,1.0,1.0,291018.0,0.03729472643293347,0.03846369171715948,0.043784027154931265,0.030896693010431804,0.03212811624624381,0.03554020599014928,0.00016849891593058908,0.0004609876001874607,-0.0004578083753585816,-0.0,0.0,0.0,0.0,1.0,0.0,0.0,1.617385526671086,1.1229832397557884,7.02472485010797,0.1790033004892549,0.5858740692052312,0.7555778053738059,-0.27888981320114997,-0.6549369705349416,5.297878035353766,0.0,0.0,0.0,0.0,1.0,0.0,0.0
2024-10-12 17:35:28.621439,1.0,1.0,1.0,1.0,1.0,1.0,1.0,291019.0,0.037711440220720746,0.0387336156723732,0.044139519001880914,0.031084516582433108,0.032097906445255474,0.035211122922407,0.00016849891593058908,0.0004482707008719446,-0.00047052527467409777,-0.0,0.0,0.0,0.0,1.0,0.0,0.0,1.6186193262374804,1.1230602045960263,7.024061059348535,0.17828962951958272,0.5860899225454131,0.7562726759978973,-0.27777646843109866,-0.6551226860467046,5.302343803318027,0.0,0.0,0.0,0.0,1.0,0.0,0.0
2024-10-12 17:35:28.703443,1.0,1.0,1.0,1.0,1.0,1.0,1.0,291020.0,0.03743414645719283,0.03853134997827472,0.04390284427203976,0.030990747087997286,0.031763702384431956,0.035238663890968365,0.0001780365904172262,0.0004164784525831542,-0.00047688372433185594,-0.0,0.0,0.0,0.0,1.0,0.0,0.0,1.6191363191311794,1.1243345165044283,7.023645787423248,0.1779547613497926,0.5842702594388627,0.7538069398897557,-0.2775257953845216,-0.6537531424345404,5.284494100185495,0.0,0.0,0.0,0.0,1.0,0.0,0.0
2024-10-12 17:35:28.706443,1.0,1.0,1.0,1.0,1.0,1.0,1.0,291021.0,0.03743414645719283,0.03764230828317236,0.044492170564393176,0.031084516582433108,0.0316106234096681,0.03490673815261534,0.000162140466272831,0.00036243163049221055,-0.0005182136471072835,-0.0,0.0,0.0,0.0,1.0,0.0,0.0,1.6175624824864139,1.1233513543804448,7.023895101856908,0.17619439348104834,0.5813498917336003,0.7554459337552933,-0.2742170739157377,-0.6498528328281541,5.2958436258359525,0.0,0.0,0.0,0.0,1.0,0.0,0.0
2024-10-12 17:35:28.788789,1.0,1.0,1.0,1.0,1.0,1.0,1.0,291022.0,0.03722482060496381,0.0373645014732293,0.045476501650153246,0.031115710284795706,0.03148762440853117,0.0344028454042274,0.00013988589247067773,0.00037196930497884767,-0.0005150344222784043,-0.0,0.0,0.0,0.0,1.0,0.0,0.0,1.616572439838385,1.1232929599256833,7.023399430994387,0.17234705274270914,0.5793512668049374,0.7590389605183671,-0.2681686722719626,-0.6477273906650092,5.321190298567508,0.0,0.0,0.0,0.0,1.0,0.0,0.0
2024-10-12 17:35:28.871175,1.0,1.0,1.0,1.0,1.0,1.0,1.0,291023.0,0.038055216156251626,0.03666077555081008,0.04553374081900145,0.030517578125,0.03145679951185349,0.0344028454042274,0.00013034821798404061,0.00037514852980772667,-0.0005182136471072835,-0.0,0.0,0.0,0.0,1.0,0.0,0.0,1.6124224113665337,1.1217325082075198,7.023979935223771,0.17176659438215147,0.5784117445508039,0.7624657637659179,-0.2666814132346529,-0.6457611431387817,5.346654976891554,0.0,0.0,0.0,0.0,1.0,0.0,0.0
2024-10-12 17:35:28.875173,1.0,1.0,1.0,1.0,1.0,1.0,1.0,291024.0,0.03771144022072075,0.03694387454679471,0.04564800383634771,0.03039015553037446,0.031146872746571578,0.03431814397393635,9.855596969525021e-05,0.0003528939560055733,-0.0005563643450538319,-0.0,0.0,0.0,0.0,1.0,0.0,0.0,1.6122612285322537,1.1207795997713221,7.024480014722152,0.16874549662594146,0.579561339462946,0.7627592680160334,-0.26203723230349046,-0.6464524689420806,5.349447000732478,0.0,0.0,0.0,0.0,1.0,0.0,0.0
2024-10-12 17:35:28.957583,1.0,1.0,1.0,1.0,1.0,1.0,1.0,291025.0,0.03819186010094626,0.037084613626145846,0.045932417826860104,0.030198013527012933,0.030833830904597324,0.03426156002122874,8.583907037973408e-05,0.00033699783186117815,-0.0005849773685137433,-0.0,0.0,0.0,0.0,1.0,0.0,0.0,1.6089694285561182,1.1180714796036775,7.025561173733445,0.16623893734766867,0.5813250188788001,0.7665922879597161,-0.2578492133634002,-0.646832710119068,5.3774910649024115,0.0,0.0,0.0,0.0,1.0,0.0,0.0
2024-10-12 17:35:28.960582,1.0,1.0,1.0,1.0,1.0,1.0,1.0,291026.0,0.03839591423416136,0.03757304914762413,0.04587567609077438,0.030453933471522428,0.030581090322992784,0.03417650843776925,7.948062072197598e-05,0.00033699783186117815,-0.0005627227947115899,-0.0,0.0,0.0,0.0,1.0,0.0,0.0,1.6090825618548232,1.1177808563438516,7.026977654379665,0.16970798512333804,0.5836337388132129,0.7649272725228089,-0.26301875068422537,-0.6490736010378044,5.366783675382206,0.0,0.0,0.0,0.0,1.0,0.0,0.0
2024-10-12 17:35:29.041574,1.0,1.0,1.0,1.0,1.0,1.0,1.0,291027.0,0.03893483061427055,0.03778044565852291,0.04627140705916457,0.030004641120915988,0.030612797008878905,0.03501772965099794,7.312217106421791e-05,0.0003338186070322991,-0.0005595435698827109,-0.0,0.0,0.0,0.0,1.0,0.0,0.0,1.60958014473464,1.1183825600166308,7.02881477009529,0.16970786414016747,0.5803546236639109,0.7669356655583974,-0.2632747161308647,-0.6456284588634004,5.382799491453956,0.0,0.0,0.0,0.0,1.0,0.0,0.0
2024-10-12 17:35:29.125234,1.0,1.0,1.0,1.0,1.0,1.0,1.0,291028.0,0.0387336156723732,0.03757304914762413,0.045932417826860104,0.029972291094128595,0.030612797008878905,0.03501772965099794,6.040527174870175e-05,0.000324280932545662,-0.000565902019540469,-0.0,0.0,0.0,0.0,1.0,0.0,0.0,1.6128000028865868,1.1192435702840215,7.031145083602165,0.1659412331590241,0.5741646686602259,0.7678106856488629,-0.25760511534065916,-0.6393705627041651,5.3909425964462105,0.0,0.0,0.0,0.0,1.0,0.0,0.0
2024-10-12 17:35:29.129235,1.0,1.0,1.0,1.0,1.0,1.0,1.0,291029.0,0.03859888964444313,0.03757304914762413,0.04553374081900145,0.029810014367864183,0.03039015553037446,0.03501772965099794,6.040527174870175e-05,0.0003306393822034201,-0.000569081244369348,-0.0,0.0,0.0,0.0,1.0,0.0,0.0,1.6129611318812707,1.1198398361647126,7.033306667659621,0.17107090710730705,0.5709368443792201,0.7640684391715558,-0.2656410960158792,-0.6361994184050596,5.36577426308839,0.0,0.0,0.0,0.0,1.0,0.0,0.0
2024-10-12 17:35:29.211191,1.0,1.0,1.0,1.0,1.0,1.0,1.0,291030.0,0.038055216156251626,0.0378493252884673,0.045246820880521094,0.03013369393635788,0.030198013527012933,0.035512898874331005,5.086759726206463e-05,0.0003306393822034201,-0.0005881565933426223,-0.0,0.0,0.0,0.0,1.0,0.0,0.0,1.617582348468688,1.1207396640160787,7.035804135567631,0.17349360842249129,0.5732012522134146,0.7603341227991052,-0.27068286929022467,-0.6392186033269277,5.340022802704548,0.0,0.0,0.0,0.0,1.0,0.0,0.0
2024-10-12 17:35:29.215191,1.0,1.0,1.0,1.0,1.0,1.0,1.0,291031.0,0.03798670986099516,0.03798670986099516,0.045246820880521094,0.030358216314476834,0.030485772407004817,0.03564922528298997,5.722604691982271e-05,0.00033699783186117815,-0.000572260469198227,-0.0,0.0,0.0,0.0,1.0,0.0,0.0,1.6197532119875813,1.121634125566383,7.036136225223744,0.17414056830972258,0.5764418015929391,0.7566575022160449,-0.2724204165869794,-0.6435213897601462,5.314524561690873,0.0,0.0,0.0,0.0,1.0,0.0,0.0
2024-10-12 17:35:29.295699,1.0,1.0,1.0,1.0,1.0,1.0,1.0,291032.0,0.03853134997827472,0.03853134997827472,0.04466745228281863,0.03026219641244205,0.030294236862297798,0.03545822155341263,6.358449657758078e-05,0.00032746015737454104,-0.0005500058953960738,-0.0,0.0,0.0,0.0,1.0,0.0,0.0,1.6248063322144057,1.1253298561373701,7.0372980454844045,0.17139914491851907,0.5789367179083617,0.7533605862895593,-0.2689052137172722,-0.6484733499330758,5.292115122632703,0.0,0.0,0.0,0.0,1.0,0.0,0.0
2024-10-12 17:35:29.299702,1.0,1.0,1.0,1.0,1.0,1.0,1.0,291033.0,0.038733615672373205,0.03900167157440239,0.044725726870264354,0.030198013527012933,0.030358216314476834,0.03518356039534762,7.312217106421791e-05,0.0003306393822034201,-0.0005563643450538319,-0.0,0.0,0.0,0.0,1.0,0.0,0.0,1.6286790828448514,1.1275773090496848,7.036549279353582,0.17024118215818354,0.5803445939059801,0.753714272280793,-0.2680190047962222,-0.6511388124501403,5.294037439243355,0.0,0.0,0.0,0.0,1.0,0.0,0.0
2024-10-12 17:35:29.382178,1.0,1.0,1.0,1.0,1.0,1.0,1.0,291034.0,0.03880080326089556,0.038733615672373205,0.044842048853109995,0.029416898073163358,0.0303262434606198,0.03537604711721689,7.312217106421791e-05,0.0003179224828879039,-0.000565902019540469,-0.0,0.0,0.0,0.0,1.0,0.0,0.0,1.6328992756142022,1.130478221225384,7.0375468762687285,0.17208478081970802,0.580074919474763,0.7529483067704379,-0.2722066725917711,-0.6527678182357233,5.289096637897256,0.0,0.0,0.0,0.0,1.0,0.0,0.0
2024-10-12 17:35:29.464004,1.0,1.0,1.0,1.0,1.0,1.0,1.0,291035.0,0.03913501101148131,0.03933417265909615,0.044900096837092805,0.029151875571506957,0.03070772063827226,0.03554020599014928,6.994294623533886e-05,0.000324280932545662,-0.0005881565933426223,-0.0,0.0,0.0,0.0,1.0,0.0,0.0,1.6354883443482406,1.1315776162806284,7.036301893997502,0.17708601887113684,0.5785849521854586,0.7506698859352983,-0.27991442353535245,-0.6517407793269988,5.272417032482763,0.0,0.0,0.0,0.0,1.0,0.0,0.0
2024-10-12 17:35:29.467429,1.0,1.0,1.0,1.0,1.0,1.0,1.0,291036.0,0.03886787470812279,0.03886787470812279,0.04449217056439318,0.028985005994784836,0.03142594437984583,0.035512898874331005,7.948062072197598e-05,0.0003306393822034201,-0.0006072319423158965,-0.0,0.0,0.0,0.0,1.0,0.0,0.0,1.6402551761169286,1.1330528265896644,7.036886515890076,0.17855273393438756,0.5733624980387723,0.7537262751761911,-0.2836648280652009,-0.6468020827454849,5.2939880519200875,0.0,0.0,0.0,0.0,1.0,0.0,0.0
2024-10-12 17:35:29.549288,1.0,1.0,1.0,1.0,1.0,1.0,1.0,291037.0,0.03893483061427055,0.038666311337125336,0.0440213406934204,0.029679554160349852,0.031763702384431956,0.03518356039534762,8.583907037973405e-05,0.00032746015737454104,-0.0006167696168025336,-0.0,0.0,0.0,0.0,1.0,0.0,0.0,1.642775752213451,1.132999529997397,7.03763302550076,0.1814881913790265,0.5736833237288599,0.7528589492719577,-0.28878380057208086,-0.6472268141461193,5.288537317209537,0.0,0.0,0.0,0.0,1.0,0.0,0.0
2024-10-12 17:35:29.553228,1.0,1.0,1.0,1.0,1.0,1.0,1.0,291038.0,0.03913501101148131,0.03893483061427055,0.04354542032592321,0.02990748606458951,0.03179422973639322,0.035128370462711604,8.583907037973405e-05,0.00032746015737454104,-0.0005849773685137433,-0.0,0.0,0.0,0.0,1.0,0.0,0.0,1.6456085240261265,1.1338540350275976,7.03821605652023,0.18579652755409404,0.5743173590144632,0.7499870611118936,-0.29646381530222465,-0.6482873379459813,5.268662380575828,0.0,0.0,0.0,0.0,1.0,0.0,0.0
2024-10-12 17:35:29.635088,1.0,1.0,1.0,1.0,1.0,1.0,1.0,291039.0,0.03900167157440239,0.03926789767914727,0.0434855640497593,0.029810014367864183,0.03242866644143693,0.03559475737450401,0.00010173519452412925,0.00034653550634781527,-0.0005595435698827109,-0.0,0.0,0.0,0.0,1.0,0.0,0.0,1.646619072604615,1.133939450114409,7.0378840650030545,0.18300969410178033,0.5777385452383197,0.7514458893074312,-0.29227643136603537,-0.6522048010683424,5.278372977979084,0.0,0.0,0.0,0.0,1.0,0.0,0.0
2024-10-12 17:35:29.717621,1.0,1.0,1.0,1.0,1.0,1.0,1.0,291040.0,0.039135011011481306,0.03859888964444313,0.043962132407454745,0.0300692367632191,0.03260766687993288,0.03534861318744721,8.265984555085502e-05,0.0003560731808344524,-0.0005754396940271061,-0.0,0.0,0.0,0.0,1.0,0.0,0.0,1.647802531657908,1.135102461674949,7.037798659040053,0.1818990396182108,0.5799949564596587,0.7559381846205766,-0.29050146930300746,-0.6555521925925681,5.311266680484746,0.0,0.0,0.0,0.0,1.0,0.0,0.0
2024-10-12 17:35:29.721622,1.0,1.0,1.0,1.0,1.0,1.0,1.0,291041.0,0.03926789767914727,0.03880080326089556,0.044316195568033935,0.03013369393635788,0.03284481667269478,0.035128370462711604,8.265984555085502e-05,0.0003878654291232428,-0.0005849773685137433,-0.0,0.0,0.0,0.0,1.0,0.0,0.0,1.6486886897209803,1.1358747075265114,7.038797559064818,0.18597117073497216,0.5798623241651654,0.7577715081054031,-0.2974486075275749,-0.6557593279213496,5.3248987423760035,0.0,0.0,0.0,0.0,1.0,0.0,0.0
2024-10-12 17:35:29.803288,1.0,1.0,1.0,1.0,1.0,1.0,1.0,291042.0,0.03886787470812279,0.03839591423416136,0.044725726870264354,0.030294236862297798,0.033168129149298335,0.035947323576018514,9.855596969525021e-05,0.00037832775463660567,-0.0006104111671447755,-0.0,0.0,0.0,0.0,1.0,0.0,0.0,1.650831270628703,1.136869950486713,7.0382116156060235,0.18517992557580543,0.5774166124870601,0.7587346813028034,-0.2953803598714209,-0.653381187848195,5.331317366012699,0.0,0.0,0.0,0.0,1.0,0.0,0.0
2024-10-12 17:35:29.807285,1.0,1.0,1.0,1.0,1.0,1.0,1.0,291043.0,0.03859888964444313,0.03825999906698716,0.044550674429986614,0.030294236862297798,0.03325575976212062,0.036269727551283916,8.583907037973405e-05,0.0003815069794654847,-0.0005913358181715013,-0.0,0.0,0.0,0.0,1.0,0.0,0.0,1.6523326123570035,1.1366326793615136,7.038713644385701,0.1873484013386174,0.5736378246036385,0.7579140481553358,-0.2979915274522875,-0.6491252550306259,5.325597948956193,0.0,0.0,0.0,0.0,1.0,0.0,0.0
2024-10-12 17:35:29.888715,1.0,1.0,1.0,1.0,1.0,1.0,1.0,291044.0,0.038733615672373205,0.03825999906698716,0.044316195568033935,0.03086527796111811,0.0333431600699038,0.0363231833320254,8.265984555085502e-05,0.0003751485298077266,-0.000572260469198227,-0.0,0.0,0.0,0.0,1.0,0.0,0.0,1.6557614112369854,1.1371163345275326,7.040468243461668,0.1919574707094359,0.5696506494584705,0.7577860071671121,-0.3060929892251405,-0.644811412801012,5.325874327044789,0.0,0.0,0.0,0.0,1.0,0.0,0.0
2024-10-12 17:35:29.971548,1.0,1.0,1.0,1.0,1.0,1.0,1.0,291045.0,0.03832801689680105,0.038055216156251626,0.04413951900188092,0.031022035078891817,0.033226575237181734,0.03624297009463465,8.265984555085504e-05,0.0003497147311766943,-0.0005404682209094367,-0.0,0.0,0.0,0.0,1.0,0.0,0.0,1.6588666896486064,1.138043699687422,7.042466623933445,0.1870171419824288,0.5682547316453312,0.7592877941998787,-0.2980811597247779,-0.6437557503555178,5.338157590186423,0.0,0.0,0.0,0.0,1.0,0.0,0.0
2024-10-12 17:35:29.975541,1.0,1.0,1.0,1.0,1.0,1.0,1.0,291046.0,0.03819186010094626,0.03798670986099516,0.04449217056439318,0.03105329154533826,0.03272645658802371,0.03621619286889221,8.265984555085502e-05,0.00033699783186117815,-0.0005118551974495253,-0.0,0.0,0.0,0.0,1.0,0.0,0.0,1.6613029398937942,1.1389703097742008,7.042545316016294,0.1882652065929943,0.5694524156251846,0.7608129494144457,-0.30013845251230853,-0.6457196534137002,5.34824074984532,0.0,0.0,0.0,0.0,1.0,0.0,0.0
2024-10-12 17:35:30.056844,1.0,1.0,1.0,1.0,1.0,1.0,1.0,291047.0,0.0378493252884673,0.03819186010094626,0.0446091015690999,0.03073929670896773,0.03248844283583844,0.03600125807533038,9.219752003749214e-05,0.0003528939560055733,-0.0005023175229628882,-0.0,0.0,0.0,0.0,1.0,0.0,0.0,1.6626197280245238,1.1402706625486252,7.042880786119033,0.18843512387212966,0.5737174658351597,0.760923461893784,-0.3002428749087714,-0.6511732708737487,5.348816929676345,0.0,0.0,0.0,0.0,1.0,0.0,0.0
2024-10-12 17:35:30.059844,1.0,1.0,1.0,1.0,1.0,1.0,1.0,291048.0,0.03832801689680105,0.038733615672373205,0.04437493143949452,0.03105329154533826,0.03212811624624381,0.0361625789344349,0.00010173519452412925,0.0003528939560055733,-0.0005023175229628882,-0.0,0.0,0.0,0.0,1.0,0.0,0.0,1.6625572386231788,1.1410348451584282,7.044218069640058,0.18659419473296332,0.5773478835956202,0.7617892469605376,-0.29740717036904135,-0.6558306943697074,5.355898392252595,0.0,0.0,0.0,0.0,1.0,0.0,0.0
2024-10-12 17:35:30.142102,1.0,1.0,1.0,1.0,1.0,1.0,1.0,291049.0,0.038123599349151736,0.038055216156251626,0.044080469451694804,0.03105329154533826,0.03148762440853117,0.03621619286889221,6.040527174870175e-05,0.00032746015737454104,-0.0005023175229628882,-0.0,0.0,0.0,0.0,1.0,0.0,0.0,1.664279116086933,1.1406952716462453,7.046219822491732,0.18788116292490212,0.5771437289464372,0.764047206890187,-0.2994323807409377,-0.655256366983838,5.3733268186580325,0.0,0.0,0.0,0.0,1.0,0.0,0.0
2024-10-12 17:35:30.145103,1.0,1.0,1.0,1.0,1.0,1.0,1.0,291050.0,0.03886787470812279,0.038733615672373205,0.0436051944382425,0.030676112065162197,0.03127121205432006,0.03645647986559919,8.90182952086131e-05,0.00032746015737454104,-0.00047688372433185594,-0.0,0.0,0.0,0.0,1.0,0.0,0.0,1.6653002321112664,1.1399400011237462,7.0473895898456425,0.18952024641819323,0.5737374348046612,0.7654944481463223,-0.3026117863987422,-0.6508605167338696,5.384258465483065,0.0,0.0,0.0,0.0,1.0,0.0,0.0
2024-10-12 17:35:30.227495,1.0,1.0,1.0,1.0,1.0,1.0,1.0,291051.0,0.038733615672373205,0.038733615672373205,0.04245509769062346,0.030422061214259163,0.03064447088906264,0.036403219822747475,8.583907037973405e-05,0.00030520558357238775,-0.0004609876001874607,-0.0,0.0,0.0,0.0,1.0,0.0,0.0,1.6673030955132462,1.1390946348259372,7.049392659045209,0.18756086109064624,0.5708141661793785,0.7682906650707233,-0.29977932836902255,-0.6470272736322067,5.4051898761897705,0.0,0.0,0.0,0.0,1.0,0.0,0.0
2024-10-12 17:35:30.310940,1.0,1.0,1.0,1.0,1.0,1.0,1.0,291052.0,0.03886787470812279,0.03893483061427055,0.041712385598201944,0.03026219641244205,0.030612797008878905,0.03600125807533038,7.630139589309694e-05,0.00032746015737454104,-0.0004737044995029769,-0.0,0.0,0.0,0.0,1.0,0.0,0.0,1.6659088840227234,1.1378899235434694,7.053068768347701,0.1888895228986105,0.5720117406901944,0.7705967393459309,-0.302939625035263,-0.6478813139284837,5.424508393809215,0.0,0.0,0.0,0.0,1.0,0.0,0.0
2024-10-12 17:35:30.313940,1.0,1.0,1.0,1.0,1.0,1.0,1.0,291053.0,0.03900167157440239,0.03900167157440239,0.041774782619765874,0.030676112065162197,0.03064447088906264,0.036135742137466224,6.358449657758079e-05,0.0003433562815189362,-0.000483242173989614,-0.0,0.0,0.0,0.0,1.0,0.0,0.0,1.6660992705203836,1.1378807673474494,7.056065941796966,0.18618766949408894,0.5724812571867146,0.7699719066611216,-0.29982740152858783,-0.6483801957018629,5.421370145655909,0.0,0.0,0.0,0.0,1.0,0.0,0.0
2024-10-12 17:35:30.395674,1.0,1.0,1.0,1.0,1.0,1.0,1.0,291054.0,0.03886787470812279,0.03926789767914727,0.04227064309912444,0.030422061214259163,0.030453933471522428,0.03610888539489512,6.040527174870175e-05,0.0003656108553210895,-0.0005086759726206463,-0.0,0.0,0.0,0.0,1.0,0.0,0.0,1.6644823838413907,1.1374642672254551,7.055897783883707,0.18303898729296716,0.5732015745891463,0.7695315574963761,-0.2943269283502281,-0.6490098378149632,5.4183952070489045,0.0,0.0,0.0,0.0,1.0,0.0,0.0
2024-10-12 17:35:30.399678,1.0,1.0,1.0,1.0,1.0,1.0,1.0,291055.0,0.038733615672373205,0.03859888964444313,0.04251640472283598,0.030612797008878905,0.03070772063827226,0.036028195047355945,7.9480620721976e-05,0.0003942238787810009,-0.0005054967477917672,-0.0,0.0,0.0,0.0,1.0,0.0,0.0,1.6657374158066323,1.13840050103915,7.05723038632508,0.18671247186501982,0.5741735995090693,0.7669119224658728,-0.30160395740935403,-0.6505144711477499,5.400011919810602,0.0,0.0,0.0,0.0,1.0,0.0,0.0
2024-10-12 17:35:30.480584,1.0,1.0,1.0,1.0,1.0,1.0,1.0,291056.0,0.039400336158606504,0.03953233095432663,0.04269979768643891,0.03039015553037446,0.030676112065162197,0.03589330803299428,6.676372140645982e-05,0.00044509147604306553,-0.0005054967477917672,-0.0,0.0,0.0,0.0,1.0,0.0,0.0,1.663910779981179,1.1391476462503625,7.057651801389195,0.18482018908040115,0.574017490791729,0.763630503457759,-0.29874166470959673,-0.6507308518810108,5.377774894824865,0.0,0.0,0.0,0.0,1.0,0.0,0.0
2024-10-12 17:35:30.564783,1.0,1.0,1.0,1.0,1.0,1.0,1.0,291057.0,0.03966388649582423,0.03933417265909616,0.042882406350036345,0.030422061214259163,0.03077084037730748,0.03567642805328406,6.358449657758079e-05,0.0004355538015564284,-0.0005023175229628882,-0.0,0.0,0.0,0.0,1.0,0.0,0.0,1.6655283974028254,1.139285669445399,7.05773622900352,0.18335309312043574,0.5715689960368665,0.7632381973300112,-0.2974219058238038,-0.6479985962052727,5.375297172682997,0.0,0.0,0.0,0.0,1.0,0.0,0.0
2024-10-12 17:35:30.567782,1.0,1.0,1.0,1.0,1.0,1.0,1.0,291058.0,0.039135011011481306,0.03913501101148131,0.04269979768643891,0.030198013527012933,0.03070772063827226,0.03583921107981937,5.722604691982271e-05,0.0004419122512141865,-0.0004959590733051301,-0.0,0.0,0.0,0.0,1.0,0.0,0.0,1.6656562784357756,1.1388376636774329,7.05598961536682,0.18326317946453313,0.5678090575012633,0.7618138571787405,-0.2972171864535727,-0.6434715419539171,5.364629102940768,0.0,0.0,0.0,0.0,1.0,0.0,0.0
2024-10-12 17:35:30.650811,1.0,1.0,1.0,1.0,1.0,1.0,1.0,291059.0,0.03953233095432663,0.03953233095432663,0.043003714672582107,0.030230122003416366,0.031084516582433108,0.035211122922407,8.90182952086131e-05,0.0004609876001874607,-0.0004705252746740978,-0.0,0.0,0.0,0.0,1.0,0.0,0.0,1.6675620507491584,1.1406705736990836,7.054657516974912,0.18044820328686123,0.5676086341346782,0.7609566094724978,-0.29248510794600713,-0.644453197007677,5.357779353708528,0.0,0.0,0.0,0.0,1.0,0.0,0.0
2024-10-12 17:35:30.653814,1.0,1.0,1.0,1.0,1.0,1.0,1.0,291060.0,0.03966388649582423,0.03946638873835309,0.0434855640497593,0.03039015553037446,0.03130221970899244,0.034515457310635475,8.583907037973405e-05,0.00048006294916073494,-0.0004514499257008236,-0.0,0.0,0.0,0.0,1.0,0.0,0.0,1.666027531227119,1.1403811416835,7.051415844734431,0.17834849526302207,0.5677835914644253,0.7592221530298733,-0.2885598860011469,-0.6445300619169657,5.343203570887279,0.0,0.0,0.0,0.0,1.0,0.0,0.0
2024-10-12 17:35:30.735275,1.0,1.0,1.0,1.0,1.0,1.0,1.0,291061.0,0.03966388649582423,0.03946638873835309,0.0440213406934204,0.030802351742838057,0.03148762440853117,0.034851109849295854,6.358449657758079e-05,0.0004959590733051301,-0.0004705252746740978,-0.0,0.0,0.0,0.0,1.0,0.0,0.0,1.6679266328620113,1.1432286416675084,7.049581663007255,0.1811562465118564,0.5693464571386682,0.7557618368507436,-0.29309007321876906,-0.64801916234155,5.3172944613230335,0.0,0.0,0.0,0.0,1.0,0.0,0.0
2024-10-12 17:35:30.738275,1.0,1.0,1.0,1.0,1.0,1.0,1.0,291062.0,0.03953233095432663,0.03926789767914727,0.044609101569099904,0.030928076150071922,0.031146872746571578,0.03501772965099794,4.1329922775427525e-05,0.0004959590733051301,-0.00048006294916073494,-0.0,0.0,0.0,0.0,1.0,0.0,0.0,1.6679733053685428,1.1429881328782627,7.044741114944555,0.1832926561776784,0.5699837767234877,0.7505673012663997,-0.2964888390817805,-0.6486297396189867,5.277059175934521,0.0,0.0,0.0,0.0,1.0,0.0,0.0
2024-10-12 17:35:30.819936,1.0,1.0,1.0,1.0,1.0,1.0,1.0,291063.0,0.039729500910396995,0.039201510653345636,0.044550674429986614,0.030676112065162197,0.030581090322992784,0.03454355292563407,6.676372140645982e-05,0.0004737044995029769,-0.0004673460498452188,-0.0,0.0,0.0,0.0,1.0,0.0,0.0,1.6705922101320678,1.1452236760460672,7.0425704656741805,0.1804650707172555,0.5698234394541215,0.7522925024583289,-0.2906121029627934,-0.6499049325853036,5.288434568531965,0.0,0.0,0.0,0.0,1.0,0.0,0.0
2024-10-12 17:35:30.903051,1.0,1.0,1.0,1.0,1.0,1.0,1.0,291064.0,0.03966388649582423,0.03832801689680105,0.044492170564393176,0.030896693010431804,0.030612797008878905,0.03431814397393635,7.630139589309694e-05,0.0004673460498452188,-0.00045144992570082354,-0.0,0.0,0.0,0.0,1.0,0.0,0.0,1.671606178192698,1.146019066262218,7.041402117185238,0.18087558953933172,0.5697175499721946,0.752720607280988,-0.291498183621466,-0.6502301428944196,5.290740238259252,0.0,0.0,0.0,0.0,1.0,0.0,0.0
2024-10-12 17:35:30.906992,1.0,1.0,1.0,1.0,1.0,1.0,1.0,291065.0,0.03966388649582423,0.03819186010094626,0.04478392562861249,0.03105329154533826,0.030422061214259163,0.034204882463775475,6.676372140645982e-05,0.0004578083753585817,-0.00047688372433185594,-0.0,0.0,0.0,0.0,1.0,0.0,0.0,1.6750637688683758,1.1464051942979747,7.040650088037837,0.17875405440583347,0.567226551447467,0.7512435928630993,-0.2879398551557005,-0.6476223311619834,5.2801207484181125,0.0,0.0,0.0,0.0,1.0,0.0,0.0
2024-10-12 17:35:30.988469,1.0,1.0,1.0,1.0,1.0,1.0,1.0,291066.0,0.039729500910396995,0.03743414645719283,0.044609101569099904,0.030928076150071922,0.03054935072925873,0.0344028454042274,0.00010173519452412927,0.00043873302638530737,-0.00048006294916073494,-0.0,0.0,0.0,0.0,1.0,0.0,0.0,1.6777552664600168,1.1448034400909042,7.039067798688604,0.1762579632923022,0.5625633480796001,0.7520697642063934,-0.2836628389470209,-0.6409939207398208,5.284331139681072,0.0,0.0,0.0,0.0,1.0,0.0,0.0
2024-10-12 17:35:30.991409,1.0,1.0,1.0,1.0,1.0,1.0,1.0,291067.0,0.039925697169818586,0.03743414645719283,0.044842048853109995,0.03127121205432006,0.030358216314476834,0.034599675713128386,0.00011127286901076638,0.00043555380155642836,-0.0004991382981340092,-0.0,0.0,0.0,0.0,1.0,0.0,0.0,1.6800588823230425,1.145146344470809,7.0381469381115656,0.1741049725174381,0.5602109233973809,0.7522348895900672,-0.28057672419345425,-0.6386510023565528,5.284717226258208,0.0,0.0,0.0,0.0,1.0,0.0,0.0
2024-10-12 17:35:31.074264,1.0,1.0,1.0,1.0,1.0,1.0,1.0,291068.0,0.039925697169818586,0.037084613626145846,0.045590908124401384,0.03127121205432006,0.03039015553037446,0.03428986366919591,0.0001144520938396454,0.00043873302638530737,-0.0005054967477917672,-0.0,0.0,0.0,0.0,1.0,0.0,0.0,1.6800001423975566,1.144407667644959,7.0384803974783505,0.17427480878770701,0.5639989911674582,0.7523552687493485,-0.28063616434337996,-0.6425080076406171,5.2857603820705785,0.0,0.0,0.0,0.0,1.0,0.0,0.0
2024-10-12 17:35:31.157583,1.0,1.0,1.0,1.0,1.0,1.0,1.0,291069.0,0.03986040571620479,0.036802597262395625,0.04570502822314875,0.03139505892336215,0.03026219641244205,0.034204882463775475,0.00011127286901076637,0.0004323745767275493,-0.0005372889960805577,-0.0,0.0,0.0,0.0,1.0,0.0,0.0,1.6834282889869905,1.1449999284744101,7.039063358311759,0.17780779749846035,0.5592978935142553,0.7524128724000798,-0.2875443822957367,-0.6375133424040138,5.286563914324782,0.0,0.0,0.0,0.0,1.0,0.0,0.0
2024-10-12 17:35:31.160584,1.0,1.0,1.0,1.0,1.0,1.0,1.0,291070.0,0.039400336158606504,0.03701431097784902,0.04553374081900146,0.031022035078891817,0.03016587087444806,0.03417650843776925,8.265984555085502e-05,0.00042919535189867036,-0.0005436474457383157,-0.0,0.0,0.0,0.0,1.0,0.0,0.0,1.6868801768865573,1.1458527217039018,7.039975219416443,0.17792216449471532,0.561350636773513,0.7523587175198144,-0.288615945070699,-0.6402093797281132,5.287241757859825,0.0,0.0,0.0,0.0,1.0,0.0,0.0
2024-10-12 17:35:31.242416,1.0,1.0,1.0,1.0,1.0,1.0,1.0,291071.0,0.03946638873835309,0.036447008273383014,0.044958069872003174,0.03148762440853117,0.029875030834123562,0.03397722680635423,0.00012081054349740349,0.00038786542912324284,-0.0004991382981340092,-0.0,0.0,0.0,0.0,1.0,0.0,0.0,1.6888821243713865,1.1459099665357733,7.039975959383588,0.17548012162593934,0.5618164821384842,0.7534009546319396,-0.2856022712257333,-0.6405867255396315,5.2952579798209465,0.0,0.0,0.0,0.0,1.0,0.0,0.0
2024-10-12 17:35:31.246413,1.0,1.0,1.0,1.0,1.0,1.0,1.0,291072.0,0.03893483061427055,0.03687330356631608,0.04443358966925188,0.03148762440853117,0.029972291094128595,0.034005767111097776,0.00013670666764179867,0.00038468620429436373,-0.00047688372433185594,-0.0,0.0,0.0,0.0,1.0,0.0,0.0,1.691247417081192,1.1471498140432455,7.040229875104143,0.1783109328147404,0.563264362950494,0.7560502752685129,-0.29117781784542257,-0.6428509581083847,5.314032761682853,0.0,0.0,0.0,0.0,1.0,0.0,0.0
2024-10-12 17:35:31.327497,1.0,1.0,1.0,1.0,1.0,1.0,1.0,291073.0,0.038463691717159486,0.03715478325109878,0.04443358966925187,0.03148762440853117,0.030294236862297798,0.0344028454042274,0.00012398976832628253,0.0003910446539521218,-0.00048642139881849305,-0.0,0.0,0.0,0.0,1.0,0.0,0.0,1.69514064208688,1.1476698892223718,7.038652672036421,0.18259015664179287,0.5615300120130816,0.7554476969511651,-0.30059531889512525,-0.6409942151124901,5.308848627682952,0.0,0.0,0.0,0.0,1.0,0.0,0.0
2024-10-12 17:35:31.411122,1.0,1.0,1.0,1.0,1.0,1.0,1.0,291074.0,0.03839591423416136,0.03798670986099516,0.04478392562861249,0.03151841915858901,0.03039015553037446,0.0344028454042274,0.00013352744281291964,0.000403761553267638,-0.00044509147604306553,-0.0,0.0,0.0,0.0,1.0,0.0,0.0,1.6971420539857345,1.148691193210379,7.039237098692456,0.18157301923528496,0.5649012335893627,0.7581930970759533,-0.29941248325115216,-0.6453737466032676,5.328263173872461,0.0,0.0,0.0,0.0,1.0,0.0,0.0
2024-10-12 17:35:31.414121,1.0,1.0,1.0,1.0,1.0,1.0,1.0,291075.0,0.03819186010094626,0.03832801689680105,0.044725726870264354,0.031146872746571578,0.030485772407004817,0.03426156002122874,0.0001398858924706777,0.0003942238787810009,-0.00038786542912324284,-0.0,0.0,0.0,0.0,1.0,0.0,0.0,1.698017974844895,1.1511952385129354,7.037905530394734,0.18189285962242105,0.5659152716005983,0.759855855732579,-0.3007845542629489,-0.6480168241814905,5.3394942481661,0.0,0.0,0.0,0.0,1.0,0.0,0.0
2024-10-12 17:35:31.497214,1.0,1.0,1.0,1.0,1.0,1.0,1.0,291076.0,0.037711440220720746,0.03825999906698716,0.04518921828443541,0.03139505892336215,0.030485772407004817,0.0344028454042274,0.00013670666764179865,0.00039422387878100085,-0.0004164784525831542,-0.0,0.0,0.0,0.0,1.0,0.0,0.0,1.6987801588628755,1.1529470934941155,7.0384892789647875,0.18285505941219032,0.5706484763929951,0.756683174759196,-0.30299885071367244,-0.6548562430356986,5.31764368403132,0.0,0.0,0.0,0.0,1.0,0.0,0.0
2024-10-12 17:35:31.500214,1.0,1.0,1.0,1.0,1.0,1.0,1.0,291077.0,0.03798670986099516,0.038666311337125336,0.04536180663361167,0.031115710284795706,0.03070772063827226,0.034515457310635475,0.0001208105434974035,0.0003910446539521218,-0.00039422387878100085,-0.0,0.0,0.0,0.0,1.0,0.0,0.0,1.6980363821496836,1.1546033875051018,7.039075199310457,0.18727179487788348,0.572147404011002,0.7586835350771199,-0.310223445692403,-0.6575544839494942,5.332087924322613,0.0,0.0,0.0,0.0,1.0,0.0,0.0
2024-10-12 17:35:31.580994,1.0,1.0,1.0,1.0,1.0,1.0,1.0,291078.0,0.0378493252884673,0.03900167157440239,0.04547650165015325,0.03157991857152382,0.03077084037730748,0.034515457310635475,0.00012081054349740349,0.0004132992277542751,-0.0003942238787810009,-0.0,0.0,0.0,0.0,1.0,0.0,0.0,1.6982690067472703,1.1563230489150962,7.038659332989265,0.18368323364954953,0.5697955501060041,0.7592767411636784,-0.30375394815046003,-0.655939294755413,5.3359996955391455,0.0,0.0,0.0,0.0,1.0,0.0,0.0
2024-10-12 17:35:31.584994,1.0,1.0,1.0,1.0,1.0,1.0,1.0,291079.0,0.037711440220720746,0.03933417265909616,0.045246820880521094,0.03139505892336215,0.03070772063827226,0.03426156002122874,0.00010809364418188733,0.00041965767741203314,-0.0003815069794654847,-0.0,0.0,0.0,0.0,1.0,0.0,0.0,1.6945886020441037,1.1545059647126295,7.039496221188496,0.17805486559978279,0.5774233329174419,0.7556386277326241,-0.2925887881028108,-0.6635775674410441,5.310924367123541,0.0,0.0,0.0,0.0,1.0,0.0,0.0
2024-10-12 17:35:31.667260,1.0,1.0,1.0,1.0,1.0,1.0,1.0,291080.0,0.03853134997827472,0.03900167157440239,0.045590908124401384,0.031549183850304155,0.030802351742838057,0.03423323297213509,0.00013352744281291964,0.000403761553267638,-0.0003815069794654848,-0.0,0.0,0.0,0.0,1.0,0.0,0.0,1.6928667811202112,1.155376125441399,7.041330810577427,0.18024679586120224,0.5787669679517728,0.7546766450790486,-0.2959522313481633,-0.665793646949079,5.305470827461984,0.0,0.0,0.0,0.0,1.0,0.0,0.0
2024-10-12 17:35:31.750109,1.0,1.0,1.0,1.0,1.0,1.0,1.0,291081.0,0.03866631133712533,0.04025056580563931,0.046327664109800666,0.030833830904597324,0.031146872746571578,0.03417650843776925,0.00010173519452412925,0.0004355538015564284,-0.0004260161270697913,-0.0,0.0,0.0,0.0,1.0,0.0,0.0,1.6907834579992018,1.1553283676395838,7.0406685854199225,0.1774338093158724,0.57917406092847,0.757656247461235,-0.28876694773676115,-0.6664036501998105,5.325339922900868,0.0,0.0,0.0,0.0,1.0,0.0,0.0
2024-10-12 17:35:31.754109,1.0,1.0,1.0,1.0,1.0,1.0,1.0,291082.0,0.03946638873835309,0.040055960801949016,0.04716346808075752,0.03073929670896773,0.031115710284795706,0.033690494027434716,0.00011763131866852444,0.0004482707008719446,-0.00043237457672754936,-0.0,0.0,0.0,0.0,1.0,0.0,0.0,1.6912323624186811,1.1566211753828382,7.04216516208853,0.1739486481059879,0.5743732602398702,0.7556291923851305,-0.2835078054780507,-0.6613702917784845,5.312167528138109,0.0,0.0,0.0,0.0,1.0,0.0,0.0
2024-10-12 17:35:31.835323,1.0,1.0,1.0,1.0,1.0,1.0,1.0,291083.0,0.03999088202492748,0.03979500713939933,0.048038966803776714,0.030928076150071922,0.03127121205432006,0.033284918697807614,0.00012081054349740349,0.0004514499257008236,-0.00044509147604306553,-0.0,0.0,0.0,0.0,1.0,0.0,0.0,1.687441086544863,1.1570487887870335,7.045161058802599,0.1701504636232815,0.5754938370011917,0.7516429993496349,-0.2763057215978769,-0.6627985921754491,5.285378017205049,0.0,0.0,0.0,0.0,1.0,0.0,0.0
2024-10-12 17:35:31.838323,1.0,1.0,1.0,1.0,1.0,1.0,1.0,291084.0,0.040185802182344105,0.03979500713939933,0.047603230210664246,0.03095942747707764,0.03130221970899244,0.033284918697807614,0.00010173519452412923,0.0004482707008719446,-0.0004578083753585817,-0.0,0.0,0.0,0.0,1.0,0.0,0.0,1.6856132463495168,1.1582992003767132,7.045741988158963,0.16722520097325222,0.5711907757046072,0.7468694565365284,-0.2703741417479298,-0.6584999627048542,5.25249747736303,0.0,0.0,0.0,0.0,1.0,0.0,0.0
2024-10-12 17:35:31.920010,1.0,1.0,1.0,1.0,1.0,1.0,1.0,291085.0,0.04050858489526056,0.03959816335788845,0.047657915157139484,0.03127121205432006,0.031240173622796498,0.03386282504451316,9.537674486637117e-05,0.00044509147604306553,-0.0004959590733051301,-0.0,0.0,0.0,0.0,1.0,0.0,0.0,1.6794772454227724,1.157564416523668,7.046987520353427,0.1638696469569659,0.5708975999337443,0.7487534909795456,-0.263102796183984,-0.6578164924465029,5.266318740979521,0.0,0.0,0.0,0.0,1.0,0.0,0.0
2024-10-12 17:35:32.003388,1.0,1.0,1.0,1.0,1.0,1.0,1.0,291086.0,0.04025056580563931,0.03953233095432663,0.047657915157139484,0.03127121205432006,0.031146872746571578,0.03319736505550277,7.312217106421788e-05,0.00042283690224091225,-0.00047688372433185594,-0.0,0.0,0.0,0.0,1.0,0.0,0.0,1.676233360916969,1.160453213619902,7.0492361658727765,0.16045264723645736,0.5754542611032276,0.7491913875350433,-0.25714459453141875,-0.6646282129351879,5.271257855990757,0.0,0.0,0.0,0.0,1.0,0.0,0.0
2024-10-12 17:35:32.007388,1.0,1.0,1.0,1.0,1.0,1.0,1.0,291087.0,0.03999088202492748,0.039201510653345636,0.047493671422814646,0.030896693010431804,0.03105329154533826,0.033021561356871405,8.265984555085502e-05,0.00042919535189867036,-0.0004896006236473721,-0.0,0.0,0.0,0.0,1.0,0.0,0.0,1.6723957988528793,1.1605366710182672,7.050400999534027,0.15378181730394236,0.5764950126848054,0.7468625392114766,-0.24635511708970592,-0.6657437591922735,5.25637540833856,0.0,0.0,0.0,0.0,1.0,0.0,0.0
2024-10-12 17:35:32.088333,1.0,1.0,1.0,1.0,1.0,1.0,1.0,291088.0,0.04012093401707996,0.03893483061427055,0.04732885772244516,0.03016587087444806,0.03145679951185349,0.032696799620819436,7.630139589309694e-05,0.00042919535189867025,-0.0005054967477917672,-0.0,0.0,0.0,0.0,1.0,0.0,0.0,1.6737443212909981,1.1618442722710312,7.053651262033248,0.1539046832139707,0.5756519528830764,0.7433333382300391,-0.24694101332148038,-0.6655282048051487,5.232998681715556,0.0,0.0,0.0,0.0,1.0,0.0,0.0
2024-10-12 17:35:32.092330,1.0,1.0,1.0,1.0,1.0,1.0,1.0,291089.0,0.04050858489526056,0.03893483061427055,0.0479847161181428,0.03026219641244205,0.03145679951185349,0.032756086704177324,0.00010809364418188734,0.00041965767741203314,-0.0005182136471072835,-0.0,0.0,0.0,0.0,1.0,0.0,0.0,1.6724300624345232,1.1640051514148206,7.054310791512426,0.15809326434437074,0.5711172532070038,0.7440222695182398,-0.2542694293353636,-0.6616728606240043,5.238772002613143,0.0,0.0,0.0,0.0,1.0,0.0,0.0
2024-10-12 17:35:32.174277,1.0,1.0,1.0,1.0,1.0,1.0,1.0,291090.0,0.040055960801949016,0.03880080326089555,0.047984716118142805,0.03016587087444806,0.031641298451732976,0.03310957989067469,0.00010491441935300831,0.00041647845258315413,-0.0005500058953960738,-0.0,0.0,0.0,0.0,1.0,0.0,0.0,1.674365459914955,1.163890612486387,7.055894092395992,0.15485594624383522,0.5686153253982352,0.746242111069305,-0.24884358383400562,-0.6586413036393762,5.25536407000642,0.0,0.0,0.0,0.0,1.0,0.0,0.0
2024-10-12 17:35:32.177219,1.0,1.0,1.0,1.0,1.0,1.0,1.0,291091.0,0.04025056580563931,0.037711440220720746,0.048093156292865306,0.029939906113202793,0.0316106234096681,0.03310957989067469,0.00013034821798404061,0.00040376155326763796,-0.0005436474457383157,-0.0,0.0,0.0,0.0,1.0,0.0,0.0,1.6724487513650068,1.1626193305061283,7.057217837628965,0.15626698295355756,0.568370484657318,0.740573033982975,-0.2522255830708361,-0.6576075025699045,5.216985107081418,0.0,0.0,0.0,0.0,1.0,0.0,0.0
2024-10-12 17:35:32.258977,1.0,1.0,1.0,1.0,1.0,1.0,1.0,291092.0,0.03986040571620479,0.037503662109375,0.047657915157139484,0.0303262434606198,0.031763702384431956,0.03310957989067469,0.00010173519452412927,0.0003910446539521219,-0.0005277513215939206,-0.0,0.0,0.0,0.0,1.0,0.0,0.0,1.6707475903006026,1.1623245714178088,7.058385044274398,0.15583849352430873,0.5736999118927764,0.743506503355026,-0.25080713995297044,-0.6636464716722891,5.2380099684946675,0.0,0.0,0.0,0.0,1.0,0.0,0.0
2024-10-12 17:35:32.342247,1.0,1.0,1.0,1.0,1.0,1.0,1.0,291093.0,0.039532330954326636,0.038055216156251626,0.04732885772244516,0.03054935072925873,0.03157991857152382,0.03331405211143558,0.00011127286901076638,0.00038468620429436373,-0.0005468266705671948,-0.0,0.0,0.0,0.0,1.0,0.0,0.0,1.6670626736921386,1.1603705756486273,7.0568000876652786,0.15648724961709537,0.5736559441567054,0.7466667348136694,-0.25135042363819593,-0.6626383546182175,5.258744843391349,0.0,0.0,0.0,0.0,1.0,0.0,0.0
2024-10-12 17:35:32.346249,1.0,1.0,1.0,1.0,1.0,1.0,1.0,291094.0,0.03926789767914727,0.037780445658522906,0.047657915157139484,0.030581090322992784,0.03179422973639322,0.03351727697218139,0.00013988589247067773,0.00037832775463660567,-0.000572260469198227,-0.0,0.0,0.0,0.0,1.0,0.0,0.0,1.6650501351837887,1.1601066784546585,7.057882200456648,0.16038828555891987,0.5746305770134175,0.7467672261754729,-0.2573856962609184,-0.6636480886193086,5.2602729445338685,0.0,0.0,0.0,0.0,1.0,0.0,0.0
2024-10-12 17:35:32.428207,1.0,1.0,1.0,1.0,1.0,1.0,1.0,291095.0,0.039201510653345636,0.037711440220720746,0.04743879714519196,0.030422061214259163,0.03182472780550264,0.03305092691301418,0.00013034821798404061,0.0003815069794654847,-0.000572260469198227,-0.0,0.0,0.0,0.0,1.0,0.0,0.0,1.6645879109931314,1.1590073771055265,7.058049573018994,0.1600373377079281,0.5741526801852755,0.7459932813455106,-0.2566535619950013,-0.6623810455706087,5.255333396374276,0.0,0.0,0.0,0.0,1.0,0.0,0.0
2024-10-12 17:35:32.431203,1.0,1.0,1.0,1.0,1.0,1.0,1.0,291096.0,0.03966388649582423,0.03798670986099516,0.04738385931883414,0.0300692367632191,0.03179422973639322,0.033430331878977426,0.0001367066676417987,0.0003592524056633315,-0.0005627227947115899,-0.0,0.0,0.0,0.0,1.0,0.0,0.0,1.6672652507858408,1.1581984176377627,7.057216361310307,0.16480391288861237,0.5720132751576354,0.7455274815878616,-0.2647396406932192,-0.6594556709104736,5.251453707573377,0.0,0.0,0.0,0.0,1.0,0.0,0.0
2024-10-12 17:35:32.513511,1.0,1.0,1.0,1.0,1.0,1.0,1.0,291097.0,0.039400336158606504,0.037503662109375,0.047218662327942335,0.029939906113202793,0.03182472780550264,0.03331405211143558,0.00010809364418188734,0.0003528939560055733,-0.0005627227947115899,-0.0,0.0,0.0,0.0,1.0,0.0,0.0,1.6676269495890808,1.1588986736323195,7.058051049163369,0.16634683269846376,0.5702322184961868,0.7449458894589858,-0.2672567814381746,-0.6577292866458727,5.247387117359389,0.0,0.0,0.0,0.0,1.0,0.0,0.0
2024-10-12 17:35:32.596303,1.0,1.0,1.0,1.0,1.0,1.0,1.0,291098.0,0.039400336158606504,0.03722482060496381,0.04699749641733918,0.030004641120915988,0.031549183850304155,0.033748035476753,0.00011445209383964543,0.0003401770566900572,-0.0005500058953960738,-0.0,0.0,0.0,0.0,1.0,0.0,0.0,1.6662578445295682,1.1589867377262886,7.058051049163369,0.1662827305272916,0.5697559027237554,0.7500741739948927,-0.26679310663604844,-0.6572372069838172,5.284361535761843,0.0,0.0,0.0,0.0,1.0,0.0,0.0
2024-10-12 17:35:32.599302,1.0,1.0,1.0,1.0,1.0,1.0,1.0,291099.0,0.03926789767914727,0.0373645014732293,0.047218662327942335,0.029712222914499722,0.03233879467572394,0.03389146168814632,9.855596969525021e-05,0.0003656108553210895,-0.0005531851202249528,-0.0,0.0,0.0,0.0,1.0,0.0,0.0,1.6655869443959728,1.1570496165857862,7.058719761584115,0.1634365928830829,0.5709742252393754,0.7526140156724727,-0.2613808548440282,-0.657507794341475,5.302524430387934,0.0,0.0,0.0,0.0,1.0,0.0,0.0
2024-10-12 17:35:32.681799,1.0,1.0,1.0,1.0,1.0,1.0,1.0,291100.0,0.038867874708122786,0.037503662109375,0.04716346808075751,0.02977745290061739,0.03218845078999174,0.033661686417184034,8.90182952086131e-05,0.00037832775463660567,-0.0005150344222784043,-0.0,0.0,0.0,0.0,1.0,0.0,0.0,1.6641412102582391,1.158225404153373,7.058135472001994,0.16138290374305372,0.5747168327520529,0.7523242905088319,-0.2582503318706296,-0.6624654064696559,5.299650263956293,0.0,0.0,0.0,0.0,1.0,0.0,0.0
2024-10-12 17:35:32.684795,1.0,1.0,1.0,1.0,1.0,1.0,1.0,291101.0,0.03853134997827472,0.03764230828317236,0.047218662327942335,0.030230122003416366,0.03194642892952922,0.03331405211143558,8.265984555085502e-05,0.0003815069794654847,-0.0005213928719361625,-0.0,0.0,0.0,0.0,1.0,0.0,0.0,1.6654745215115008,1.1583090220677938,7.057222266583083,0.1628330886874989,0.575731636458231,0.7521574752657832,-0.26127251098307736,-0.6635549343880958,5.298222863498631,0.0,0.0,0.0,0.0,1.0,0.0,0.0
2024-10-12 17:35:32.766691,1.0,1.0,1.0,1.0,1.0,1.0,1.0,291102.0,0.038733615672373205,0.03722482060496381,0.047108209165378216,0.02964684940754005,0.0321582976678794,0.03360399710929144,0.00010173519452412925,0.0003846862042943638,-0.0005404682209094367,-0.0,0.0,0.0,0.0,1.0,0.0,0.0,1.666607259125271,1.1569929229133329,7.056971176818696,0.16071445134326995,0.5723003096903927,0.7516042780681877,-0.25795469760413464,-0.6589519593226552,5.294397150029318,0.0,0.0,0.0,0.0,1.0,0.0,0.0
2024-10-12 17:35:32.849593,1.0,1.0,1.0,1.0,1.0,1.0,1.0,291103.0,0.038055216156251626,0.03673175485356617,0.04710820916537822,0.029350866793321755,0.03227874115189541,0.033284918697807614,8.583907037973405e-05,0.0003942238787810009,-0.0004991382981340092,-0.0,0.0,0.0,0.0,1.0,0.0,0.0,1.6690882155112574,1.1577595664782863,7.058556095010767,0.16316613295862448,0.5749724692014461,0.7537366026208636,-0.26233973386382875,-0.6625231855166617,5.311687906747953,0.0,0.0,0.0,0.0,1.0,0.0,0.0
2024-10-12 17:35:32.853594,1.0,1.0,1.0,1.0,1.0,1.0,1.0,291104.0,0.03798670986099516,0.0373645014732293,0.046496026860123614,0.029350866793321755,0.03191604715477278,0.03313886745048406,6.994294623533886e-05,0.00039740310360987996,-0.0004737044995029769,-0.0,0.0,0.0,0.0,1.0,0.0,0.0,1.6709869561619872,1.1550633184534598,7.059145515483289,0.16394857851859665,0.5785361654241458,0.7573787289457494,-0.26421957670361895,-0.6650502361072642,5.337898962769788,0.0,0.0,0.0,0.0,1.0,0.0,0.0
2024-10-12 17:35:32.935609,1.0,1.0,1.0,1.0,1.0,1.0,1.0,291105.0,0.03825999906698716,0.037711440220720746,0.04671956673942694,0.029875030834123562,0.03197678183797181,0.03308026640118225,0.00011445209383964543,0.00041647845258315413,-0.00046416682501633976,-0.0,0.0,0.0,0.0,1.0,0.0,0.0,1.674234782789686,1.1535801289251952,7.0595631266561805,0.17025245827810478,0.5820580435002817,0.7589648270991903,-0.2756692206015809,-0.6683266754075311,5.348691829702522,0.0,0.0,0.0,0.0,1.0,0.0,0.0
2024-10-12 17:35:32.937609,1.0,1.0,1.0,1.0,1.0,1.0,1.0,291106.0,0.03832801689680105,0.037780445658522906,0.046552012463619064,0.03016587087444806,0.0321582976678794,0.03310957989067469,0.00011127286901076638,0.0004705252746740978,-0.00047688372433185594,-0.0,0.0,0.0,0.0,1.0,0.0,0.0,1.671661921615748,1.1509790247666598,7.060063637167407,0.16869059787808902,0.5805917053234564,0.7623842983530723,-0.2725806625548588,-0.6651917999239501,5.373147141991314,0.0,0.0,0.0,0.0,1.0,0.0,0.0
2024-10-12 17:35:33.020150,1.0,1.0,1.0,1.0,1.0,1.0,1.0,291107.0,0.03880080326089556,0.03798670986099516,0.04671956673942695,0.03064447088906264,0.03245856839932655,0.03325575976212062,0.00015260279178619387,0.00048642139881849305,-0.00047688372433185594,-0.0,0.0,0.0,0.0,1.0,0.0,0.0,1.6744582697911932,1.1497686426669733,7.058229488532234,0.16719826408210672,0.5804832439252475,0.7626981857132855,-0.2708274483241094,-0.6646431460401712,5.374319527405526,0.0,0.0,0.0,0.0,1.0,0.0,0.0
2024-10-12 17:35:33.023094,1.0,1.0,1.0,1.0,1.0,1.0,1.0,291108.0,0.038463691717159486,0.03798670986099516,0.046775284787538986,0.03054935072925873,0.03233879467572394,0.03319736505550277,0.00014624434212843582,0.00046416682501633976,-0.00048006294916073494,-0.0,0.0,0.0,0.0,1.0,0.0,0.0,1.6765774147217418,1.1488734138353565,7.056393386661206,0.16920986220126555,0.580330663399065,0.7618164343835294,-0.27457995972120547,-0.6638839484126319,5.36611646290585,0.0,0.0,0.0,0.0,1.0,0.0,0.0
2024-10-12 17:35:33.106251,1.0,1.0,1.0,1.0,1.0,1.0,1.0,291109.0,0.038463691717159486,0.03798670986099515,0.04638385292864447,0.031146872746571578,0.03173314566510837,0.03310957989067469,0.00012716899315516158,0.0004419122512141865,-0.0004609876001874607,-0.0,0.0,0.0,0.0,1.0,0.0,0.0,1.6805817725843957,1.149210570838662,7.055728883647788,0.17465713374102018,0.5767239086192292,0.761272804860233,-0.28473941657067164,-0.6599244509757508,5.361981771677473,0.0,0.0,0.0,0.0,1.0,0.0,0.0
2024-10-12 17:35:33.188847,1.0,1.0,1.0,1.0,1.0,1.0,1.0,291110.0,0.03839591423416136,0.03832801689680105,0.04615868726430256,0.03127121205432006,0.031641298451732976,0.03310957989067469,0.00012398976832628253,0.00041965767741203324,-0.00047688372433185594,-0.0,0.0,0.0,0.0,1.0,0.0,0.0,1.6823440356276225,1.148615945816626,7.055065794815089,0.1787257102988995,0.5718618276039351,0.7590364043140985,-0.2927958225038201,-0.6539562490630757,5.345340245470421,0.0,0.0,0.0,0.0,1.0,0.0,0.0
2024-10-12 17:35:33.191844,1.0,1.0,1.0,1.0,1.0,1.0,1.0,291111.0,0.03832801689680105,0.03846369171715948,0.04598908955455482,0.031115710284795706,0.03179422973639322,0.03319736505550277,0.00012398976832628253,0.00041012000292539613,-0.0004387330263853075,-0.0,0.0,0.0,0.0,1.0,0.0,0.0,1.6859401103758267,1.1501327136367778,7.0562304043910595,0.17673471233894553,0.5714069207140448,0.761328014559654,-0.28933276354716275,-0.6541560503070669,5.3619472459686826,0.0,0.0,0.0,0.0,1.0,0.0,0.0
2024-10-12 17:35:33.273577,1.0,1.0,1.0,1.0,1.0,1.0,1.0,291112.0,0.03900167157440239,0.039135011011481306,0.04576198155144105,0.0313331966781849,0.03148762440853117,0.03305092691301418,0.00011763131866852444,0.000403761553267638,-0.00041965767741203324,-0.0,0.0,0.0,0.0,1.0,0.0,0.0,1.6861713143234165,1.151763240278607,7.056062250397224,0.17810641686475778,0.5697695242213924,0.7534231716271866,-0.2916370034643413,-0.6531830897603622,5.30367581441485,0.0,0.0,0.0,0.0,1.0,0.0,0.0
2024-10-12 17:35:33.277533,1.0,1.0,1.0,1.0,1.0,1.0,1.0,291113.0,0.039598163357888454,0.0387336156723732,0.04518921828443541,0.03188563643118791,0.03157991857152382,0.03290383705573704,0.00014942356695731485,0.0003846862042943638,-0.00041329922775427513,-0.0,0.0,0.0,0.0,1.0,0.0,0.0,1.6902483137299749,1.1546458341398225,7.0568141135073725,0.1785388339609044,0.5700852409113019,0.7460261221699974,-0.29270506951252423,-0.6550781579751431,5.25072226298057,0.0,0.0,0.0,0.0,1.0,0.0,0.0
2024-10-12 17:35:33.360279,1.0,1.0,1.0,1.0,1.0,1.0,1.0,291114.0,0.039729500910396995,0.037780445658522906,0.044958069872003174,0.032067668184708895,0.03197678183797181,0.032874340109372714,0.000162140466272831,0.0003910446539521219,-0.00041965767741203324,-0.0,0.0,0.0,0.0,1.0,0.0,0.0,1.6920528478323484,1.1584709162725721,7.056477091095203,0.1772743109019178,0.5696636247176635,0.7399017449279908,-0.2911593901163219,-0.6568380082069242,5.206749933376074,0.0,0.0,0.0,0.0,1.0,0.0,0.0
2024-10-12 17:35:33.442421,1.0,1.0,1.0,1.0,1.0,1.0,1.0,291115.0,0.038867874708122786,0.03798670986099516,0.044667452282818626,0.03139505892336215,0.03203740138402003,0.03290383705573704,0.00011763131866852444,0.00038786542912324284,-0.00041965767741203324,-0.0,0.0,0.0,0.0,1.0,0.0,0.0,1.695803094695081,1.1638092221679985,7.057728847949326,0.1711981851863197,0.5683416298975777,0.7388413825945401,-0.27985494553751217,-0.658493587433901,5.201220163809128,0.0,0.0,0.0,0.0,1.0,0.0,0.0
2024-10-12 17:35:33.445422,1.0,1.0,1.0,1.0,1.0,1.0,1.0,291116.0,0.03859888964444313,0.038055216156251626,0.04466745228281863,0.031549183850304155,0.03185519667586617,0.03308026640118225,0.00012081054349740349,0.0003751485298077266,-0.0003910446539521219,-0.0,0.0,0.0,0.0,1.0,0.0,0.0,1.6990341442211954,1.167705076523493,7.05739334550181,0.16878270930961273,0.5703840987414839,0.7366291009460203,-0.27635553786417705,-0.6631346942733307,5.185847148308801,0.0,0.0,0.0,0.0,1.0,0.0,0.0
2024-10-12 17:35:33.528388,1.0,1.0,1.0,1.0,1.0,1.0,1.0,291117.0,0.03832801689680105,0.037711440220720746,0.044667452282818626,0.03145679951185349,0.031364143052817484,0.03254810944778678,9.219752003749214e-05,0.0003497147311766943,-0.0003687900801499686,-0.0,0.0,0.0,0.0,1.0,0.0,0.0,1.7030560531428667,1.1714582057971823,7.059141825693933,0.1718848616058669,0.5715739262864059,0.7340991391724819,-0.28221926060851743,-0.6665598296195293,5.169116170658183,0.0,0.0,0.0,0.0,1.0,0.0,0.0
2024-10-12 17:35:33.531387,1.0,1.0,1.0,1.0,1.0,1.0,1.0,291118.0,0.03859888964444313,0.03819186010094626,0.04507379225100919,0.03167194378429309,0.03151841915858901,0.03221857569203676,0.00011127286901076638,0.00036243163049221044,-0.00036243163049221044,-0.0,0.0,0.0,0.0,1.0,0.0,0.0,1.704249056544381,1.1738223062139246,7.059560174999467,0.1715177852178326,0.5726013999063264,0.7313384713740773,-0.2820811157201197,-0.6691420582643377,5.150734653861221,0.0,0.0,0.0,0.0,1.0,0.0,0.0
2024-10-12 17:35:33.612801,1.0,1.0,1.0,1.0,1.0,1.0,1.0,291119.0,0.03859888964444313,0.03729472643293347,0.044609101569099904,0.03182472780550264,0.03151841915858901,0.032667115729434024,0.00014942356695731485,0.0003433562815189362,-0.00038468620429436373,-0.0,0.0,0.0,0.0,1.0,0.0,0.0,1.7069799866216366,1.179139709293699,7.0607277322261774,0.16699512300106342,0.5739221953275204,0.727973967472165,-0.2753469729431156,-0.6736897417318284,5.127896389519651,0.0,0.0,0.0,0.0,1.0,0.0,0.0
2024-10-12 17:35:33.616798,1.0,1.0,1.0,1.0,1.0,1.0,1.0,291120.0,0.039135011011481306,0.036802597262395625,0.04501596824740669,0.03188563643118791,0.03182472780550264,0.03251828982682399,0.00016531969110171005,0.0003656108553210895,-0.0003815069794654847,-0.0,0.0,0.0,0.0,1.0,0.0,0.0,1.707010504285054,1.182214558406648,7.0618884573820395,0.16444145989568243,0.5766627076853889,0.7260003695786877,-0.27069729144836047,-0.6786134904897255,5.115418024583426,0.0,0.0,0.0,0.0,1.0,0.0,0.0
2024-10-12 17:35:33.698129,1.0,1.0,1.0,1.0,1.0,1.0,1.0,291121.0,0.0387336156723732,0.03658965855745672,0.044725726870264354,0.03179422973639322,0.03167194378429309,0.03272645658802371,0.0001716781407594681,0.0003656108553210895,-0.00039422387878100085,-0.0,0.0,0.0,0.0,1.0,0.0,0.0,1.7089919190239524,1.1859349477957277,7.065398243658236,0.16636138109945692,0.5750915291781156,0.7226110436675738,-0.2738278543723355,-0.6790921825033119,5.095409573122876,0.0,0.0,0.0,0.0,1.0,0.0,0.0
2024-10-12 17:35:33.781691,1.0,1.0,1.0,1.0,1.0,1.0,1.0,291122.0,0.037711440220720746,0.03694387454679471,0.04501596824740669,0.03188563643118791,0.0316106234096681,0.03272645658802371,0.00015260279178619387,0.0003815069794654847,-0.00039740310360987996,-0.0,0.0,0.0,0.0,1.0,0.0,0.0,1.710196011976809,1.1864336308745733,7.067564830187125,0.1657044472837449,0.5764130302971161,0.7291992829243643,-0.2729327154460948,-0.6807087930968538,5.143615006944435,0.0,0.0,0.0,0.0,1.0,0.0,0.0
2024-10-12 17:35:33.784687,1.0,1.0,1.0,1.0,1.0,1.0,1.0,291123.0,0.03715478325109878,0.03701431097784901,0.04478392562861249,0.03182472780550264,0.03157991857152382,0.03305092691301418,0.00011445209383964543,0.0003815069794654847,-0.00040694077809651707,-0.0,0.0,0.0,0.0,1.0,0.0,0.0,1.7115573628226086,1.1865196513117255,7.068729591354074,0.16431174388407452,0.5760958898855403,0.739329828028276,-0.2711179962514105,-0.6805996817643009,5.214540409347726,0.0,0.0,0.0,0.0,1.0,0.0,0.0
2024-10-12 17:35:33.867971,1.0,1.0,1.0,1.0,1.0,1.0,1.0,291124.0,0.0373645014732293,0.03715478325109878,0.04536180663361167,0.0316106234096681,0.031178004061435775,0.03290383705573704,9.53767448663712e-05,0.0003656108553210895,-0.0004164784525831542,-0.0,0.0,0.0,0.0,1.0,0.0,0.0,1.7126716175890349,1.1864204585080325,7.070147001872134,0.16149081735466156,0.5731125920054534,0.7439631054707306,-0.2661896763064909,-0.6767851229164934,5.24866787817448,0.0,0.0,0.0,0.0,1.0,0.0,0.0
2024-10-12 17:35:33.870974,1.0,1.0,1.0,1.0,1.0,1.0,1.0,291125.0,0.03839591423416136,0.03694387454679471,0.04576198155144107,0.03197678183797181,0.03105329154533826,0.032785690042080325,0.00011127286901076637,0.00037832775463660567,-0.00040694077809651707,-0.0,0.0,0.0,0.0,1.0,0.0,0.0,1.7136032703644573,1.185418476965499,7.071313547776828,0.16685564113151682,0.5726506922779885,0.7424320522090287,-0.2766370653718249,-0.6756396263429643,5.238400033308164,0.0,0.0,0.0,0.0,1.0,0.0,0.0
2024-10-12 17:35:33.952372,1.0,1.0,1.0,1.0,1.0,1.0,1.0,291126.0,0.03859888964444313,0.03651840306907817,0.04576198155144107,0.032368779656366614,0.031022035078891817,0.03233879467572394,0.00010173519452412927,0.0003751485298077266,-0.0004355538015564284,-0.0,0.0,0.0,0.0,1.0,0.0,0.0,1.7140036488393193,1.183951314978449,7.07322928274473,0.17745567815597366,0.5679715088155896,0.7418288739901173,-0.29230624921477766,-0.6692769965933016,5.235928307958101,0.0,0.0,0.0,0.0,1.0,0.0,0.0
2024-10-12 17:35:34.034889,1.0,1.0,1.0,1.0,1.0,1.0,1.0,291127.0,0.03839591423416136,0.0378493252884673,0.04598908955455482,0.03257790177388484,0.03130221970899244,0.03254810944778678,0.00013988589247067773,0.0003910446539521218,-0.0004514499257008236,-0.0,0.0,0.0,0.0,1.0,0.0,0.0,1.7137518820270419,1.1822964796894346,7.0740642903942845,0.1800918409604912,0.5684337974331571,0.7439031190651909,-0.296040278213563,-0.6687708101723988,5.251682906133726,0.0,0.0,0.0,0.0,1.0,0.0,0.0
2024-10-12 17:35:34.039023,1.0,1.0,1.0,1.0,1.0,1.0,1.0,291128.0,0.03839591423416136,0.03722482060496381,0.04547650165015325,0.032933307582966455,0.03142594437984583,0.032667115729434024,0.00013034821798404061,0.00036879008014996856,-0.0004482707008719446,-0.0,0.0,0.0,0.0,1.0,0.0,0.0,1.7136882173055707,1.1819643531321669,7.0755619021219776,0.17863810807199018,0.566157175894124,0.7439326885379823,-0.2924083755044196,-0.6659243631328998,5.253148385798828,0.0,0.0,0.0,0.0,1.0,0.0,0.0
2024-10-12 17:35:34.120746,1.0,1.0,1.0,1.0,1.0,1.0,1.0,291129.0,0.03798670986099516,0.037503662109375,0.04576198155144106,0.032667115729434024,0.031763702384431956,0.0321582976678794,0.00010173519452412927,0.0003974031036098799,-0.0004514499257008236,-0.0,0.0,0.0,0.0,1.0,0.0,0.0,1.7125168283392236,1.179592687492684,7.0754806322276345,0.1836667316341772,0.5673418628255563,0.741651849766346,-0.3004158777265429,-0.6658534319355602,5.236926075710184,0.0,0.0,0.0,0.0,1.0,0.0,0.0
2024-10-12 17:35:34.123746,1.0,1.0,1.0,1.0,1.0,1.0,1.0,291130.0,0.03819186010094626,0.037503662109375,0.04513154216867338,0.032756086704177324,0.03145679951185349,0.032368779656366614,9.855596969525021e-05,0.00036879008014996856,-0.00042919535189867025,-0.0,0.0,0.0,0.0,1.0,0.0,0.0,1.7130600500042876,1.1785804812781076,7.076232640625116,0.19094761058008508,0.5684452563731626,0.74263681115307,-0.3128396680725346,-0.6666077576954218,5.244649073055375,0.0,0.0,0.0,0.0,1.0,0.0,0.0
2024-10-12 17:35:34.206563,1.0,1.0,1.0,1.0,1.0,1.0,1.0,291131.0,0.038733615672373205,0.03798670986099516,0.045304350237362054,0.03272645658802371,0.03170255949350469,0.03218845078999174,9.219752003749214e-05,0.00039422387878100085,-0.00041012000292539613,-0.0,0.0,0.0,0.0,1.0,0.0,0.0,1.7112626184578488,1.1770561141439893,7.073397028631264,0.19083569714452014,0.5681612341209688,0.7438013919296902,-0.31294882145832614,-0.6655133894492333,5.251165651300455,0.0,0.0,0.0,0.0,1.0,0.0,0.0
2024-10-12 17:35:34.210564,1.0,1.0,1.0,1.0,1.0,1.0,1.0,291132.0,0.03953233095432663,0.037780445658522906,0.045304350237362054,0.032874340109372714,0.03188563643118791,0.032007105962223864,0.00012398976832628253,0.00037832775463660567,-0.00042283690224091225,-0.0,0.0,0.0,0.0,1.0,0.0,0.0,1.7126959506302368,1.1768605513738835,7.072145098611864,0.1967642559184496,0.5686547273498507,0.7436004741216655,-0.32412259400921545,-0.6661556180966101,5.2492447308573205,0.0,0.0,0.0,0.0,1.0,0.0,0.0
2024-10-12 17:35:34.291437,1.0,1.0,1.0,1.0,1.0,1.0,1.0,291133.0,0.040315225390783915,0.03778044565852291,0.04564800383634771,0.03242866644143693,0.03173314566510837,0.03203740138402003,0.00013352744281291964,0.00037832775463660567,-0.00043555380155642836,-0.0,0.0,0.0,0.0,1.0,0.0,0.0,1.711074383822818,1.1749129951126125,7.070396150159142,0.19992228578739074,0.5694499007593808,0.7399902323582985,-0.3295096475007402,-0.6658576730046606,5.224215009178845,0.0,0.0,0.0,0.0,1.0,0.0,0.0
2024-10-12 17:35:34.373826,1.0,1.0,1.0,1.0,1.0,1.0,1.0,291134.0,0.0401858021823441,0.038463691717159486,0.04615868726430256,0.03257790177388484,0.031763702384431956,0.03188563643118791,0.00014942356695731485,0.000410120002925396,-0.00043237457672754936,-0.0,0.0,0.0,0.0,1.0,0.0,0.0,1.7117609318484368,1.1752737094409136,7.069646468372403,0.20287330598024955,0.5718467210349849,0.7397454301237966,-0.33570291624308357,-0.6691732197140494,5.222138752483422,0.0,0.0,0.0,0.0,1.0,0.0,0.0
2024-10-12 17:35:34.377823,1.0,1.0,1.0,1.0,1.0,1.0,1.0,291135.0,0.03999088202492748,0.03859888964444313,0.04570502822314875,0.03242866644143693,0.03179422973639322,0.03194642892952922,0.00012716899315516158,0.000406940778096517,-0.0004387330263853075,-0.0,0.0,0.0,0.0,1.0,0.0,0.0,1.710022891814949,1.1750175927909547,7.06873106526817,0.19987375465732693,0.5736070603182953,0.738978113594295,-0.3293897411018701,-0.671048907693878,5.215760121476519,0.0,0.0,0.0,0.0,1.0,0.0,0.0
2024-10-12 17:35:34.459900,1.0,1.0,1.0,1.0,1.0,1.0,1.0,291136.0,0.03953233095432663,0.039201510653345636,0.04541919034616077,0.03197678183797181,0.03170255949350469,0.031763702384431956,0.00012716899315516158,0.0003878654291232428,-0.00041329922775427513,-0.0,0.0,0.0,0.0,1.0,0.0,0.0,1.7104332453111728,1.175512044188691,7.068393874066482,0.19169949662377378,0.5785602798530746,0.7385928429163052,-0.3162272351581395,-0.6771317025787417,5.212589105439791,0.0,0.0,0.0,0.0,1.0,0.0,0.0
2024-10-12 17:35:34.463900,1.0,1.0,1.0,1.0,1.0,1.0,1.0,291137.0,0.03946638873835309,0.03825999906698716,0.04570502822314875,0.03203740138402003,0.031549183850304155,0.03188563643118791,9.219752003749215e-05,0.00038786542912324284,-0.0004482707008719445,-0.0,0.0,0.0,0.0,1.0,0.0,0.0,1.7083713442601245,1.1736580910206948,7.068393137074317,0.1888970364579619,0.5786243139550411,0.7412793837927105,-0.3111030858976029,-0.6762324151005252,5.231317750693764,0.0,0.0,0.0,0.0,1.0,0.0,0.0
2024-10-12 17:35:34.544084,1.0,1.0,1.0,1.0,1.0,1.0,1.0,291138.0,0.04012093401707996,0.03839591423416136,0.04587567609077438,0.03170255949350469,0.03148762440853117,0.03157991857152382,8.265984555085502e-05,0.0003878654291232428,-0.0004578083753585817,-0.0,0.0,0.0,0.0,1.0,0.0,0.0,1.7082253140739228,1.1714145536592135,7.067893216413885,0.19510306626675758,0.5842265336952008,0.7434090925785248,-0.3232652819709851,-0.6815001320145613,5.2456948529898275,0.0,0.0,0.0,0.0,1.0,0.0,0.0
2024-10-12 17:35:34.627783,1.0,1.0,1.0,1.0,1.0,1.0,1.0,291139.0,0.04057283328598263,0.03933417265909616,0.04598908955455483,0.03142594437984583,0.030802351742838057,0.031549183850304155,7.630139589309694e-05,0.0003815069794654848,-0.00042919535189867025,-0.0,0.0,0.0,0.0,1.0,0.0,0.0,1.7051367738206875,1.169184533440283,7.066806739310843,0.19161285660099442,0.5872239355844414,0.7488131505214788,-0.3168986403423717,-0.683729500345955,5.283310360396895,0.0,0.0,0.0,0.0,1.0,0.0,0.0
2024-10-12 17:35:34.630783,1.0,1.0,1.0,1.0,1.0,1.0,1.0,291140.0,0.040315225390783915,0.03979500713939933,0.04598908955455483,0.031240173622796498,0.03070772063827226,0.031549183850304155,8.583907037973405e-05,0.000406940778096517,-0.0004419122512141865,-0.0,0.0,0.0,0.0,1.0,0.0,0.0,1.7046825350166195,1.1673651565959775,7.066054464993212,0.1856447671942185,0.5865130419042199,0.7519863636957165,-0.3072264838044082,-0.6818440328855184,5.3053904931605205,0.0,0.0,0.0,0.0,1.0,0.0,0.0
2024-10-12 17:35:34.712811,1.0,1.0,1.0,1.0,1.0,1.0,1.0,291141.0,0.04044423444177086,0.03959816335788845,0.04536180663361167,0.0316106234096681,0.030612797008878905,0.031641298451732976,7.312217106421791e-05,0.00041012000292539613,-0.0004578083753585817,-0.0,0.0,0.0,0.0,1.0,0.0,0.0,1.7030349851522386,1.1642126455223987,7.0678851089215815,0.1895624249260292,0.5872209461395284,0.7511506090203653,-0.3135142924321722,-0.6809137458625585,5.300673793522266,0.0,0.0,0.0,0.0,1.0,0.0,0.0
2024-10-12 17:35:34.716807,1.0,1.0,1.0,1.0,1.0,1.0,1.0,291142.0,0.03999088202492748,0.03959816335788845,0.044958069872003174,0.031549183850304155,0.03070772063827226,0.03173314566510837,6.676372140645981e-05,0.00041647845258315413,-0.00042919535189867036,-0.0,0.0,0.0,0.0,1.0,0.0,0.0,1.7020395684375327,1.1642350181559642,7.069389924785164,0.18401866752118745,0.5868576152562974,0.7506509517539753,-0.30340857962148,-0.680456486281962,5.29821064282753,0.0,0.0,0.0,0.0,1.0,0.0,0.0
2024-10-12 17:35:34.798329,1.0,1.0,1.0,1.0,1.0,1.0,1.0,291143.0,0.039400336158606504,0.04012093401707996,0.04513154216867338,0.03203740138402003,0.030833830904597324,0.032007105962223864,6.994294623533885e-05,0.0004482707008719446,-0.00041965767741203324,-0.0,0.0,0.0,0.0,1.0,0.0,0.0,1.6999857006018229,1.1644416487599831,7.07105264438387,0.18511930867108162,0.5827350523343215,0.7509714555776934,-0.3045578546784863,-0.6754914307305706,5.301653894708864,0.0,0.0,0.0,0.0,1.0,0.0,0.0
2024-10-12 17:35:34.881201,1.0,1.0,1.0,1.0,1.0,1.0,1.0,291144.0,0.039400336158606504,0.03966388649582423,0.044725726870264354,0.03179422973639322,0.03070772063827226,0.031641298451732976,7.312217106421788e-05,0.0004260161270697913,-0.00040694077809651707,-0.0,0.0,0.0,0.0,1.0,0.0,0.0,1.699747181398973,1.1631190525182462,7.07347316722643,0.18333510551769527,0.5798467886685912,0.7497403780067529,-0.3016478126291,-0.6711480187663212,5.294783829557116,0.0,0.0,0.0,0.0,1.0,0.0,0.0
2024-10-12 17:35:34.884620,1.0,1.0,1.0,1.0,1.0,1.0,1.0,291145.0,0.039201510653345636,0.03946638873835309,0.04466745228281862,0.03185519667586617,0.030485772407004817,0.03170255949350469,7.948062072197598e-05,0.00041012000292539613,-0.00039740310360987996,-0.0,0.0,0.0,0.0,1.0,0.0,0.0,1.6974058365661495,1.1597179615158402,7.07356108827197,0.1875156045376143,0.5752206034768826,0.7522994312625009,-0.3087174014734655,-0.6636555846090672,5.313492882207282,0.0,0.0,0.0,0.0,1.0,0.0,0.0
2024-10-12 17:35:34.966472,1.0,1.0,1.0,1.0,1.0,1.0,1.0,291146.0,0.03933417265909615,0.03906839817849147,0.04449217056439318,0.032067668184708895,0.03077084037730748,0.032067668184708895,9.53767448663712e-05,0.00041329922775427513,-0.0003846862042943638,-0.0,0.0,0.0,0.0,1.0,0.0,0.0,1.6984469093710557,1.1581166272824002,7.074565984026531,0.1908851278423761,0.572109453822977,0.753914261546866,-0.314677499727086,-0.659200153330824,5.325819762967865,0.0,0.0,0.0,0.0,1.0,0.0,0.0
2024-10-12 17:35:34.970468,1.0,1.0,1.0,1.0,1.0,1.0,1.0,291147.0,0.03966388649582423,0.03933417265909615,0.044667452282818626,0.03194642892952922,0.030802351742838057,0.03212811624624381,0.00010491441935300828,0.0004005823284387589,-0.0003687900801499686,-0.0,0.0,0.0,0.0,1.0,0.0,0.0,1.6973569042767356,1.1561753812676214,7.073569189258653,0.19411893266980612,0.5686795044985041,0.7526175246384535,-0.31962091257929515,-0.6540257168077165,5.316078180738501,0.0,0.0,0.0,0.0,1.0,0.0,0.0
2024-10-12 17:35:35.051676,1.0,1.0,1.0,1.0,1.0,1.0,1.0,291148.0,0.03926789767914727,0.03959816335788845,0.0440804694516948,0.03188563643118791,0.030833830904597324,0.03251828982682399,0.00011763131866852444,0.00041329922775427513,-0.0003560731808344524,-0.0,0.0,0.0,0.0,1.0,0.0,0.0,1.6990252907300885,1.1563879568798916,7.074650946130363,0.19299178328064756,0.5639348528250185,0.7535958777374341,-0.3180509600538437,-0.6487727774016814,5.3240788808493,0.0,0.0,0.0,0.0,1.0,0.0,0.0
2024-10-12 17:35:35.054676,1.0,1.0,1.0,1.0,1.0,1.0,1.0,291149.0,0.03886787470812279,0.03906839817849146,0.043664886724146465,0.032398736885968185,0.031084516582433108,0.03272645658802371,0.00013034821798404061,0.00041965767741203324,-0.00036879008014996856,-0.0,0.0,0.0,0.0,1.0,0.0,0.0,1.6996523428753771,1.1550741788240313,7.075066169489614,0.19138504883828156,0.5607541722525443,0.7545849515753703,-0.31500068096744555,-0.6445562421605796,5.331228877588296,0.0,0.0,0.0,0.0,1.0,0.0,0.0
2024-10-12 17:35:35.138094,1.0,1.0,1.0,1.0,1.0,1.0,1.0,291150.0,0.038733615672373205,0.03880080326089556,0.0440213406934204,0.03248844283583844,0.0313331966781849,0.03251828982682399,0.00011445209383964543,0.00042283690224091225,-0.00039422387878100085,-0.0,0.0,0.0,0.0,1.0,0.0,0.0,1.7023539262506178,1.1550471186832088,7.075897279321127,0.1907990865094367,0.5572875765884363,0.7526879971707967,-0.31422178980832743,-0.6404380547256429,5.318174332821045,0.0,0.0,0.0,0.0,1.0,0.0,0.0
2024-10-12 17:35:35.220049,1.0,1.0,1.0,1.0,1.0,1.0,1.0,291151.0,0.03886787470812279,0.03893483061427055,0.04449217056439318,0.032007105962223864,0.031549183850304155,0.03257790177388484,0.00010809364418188734,0.0004132992277542751,-0.0004005823284387589,-0.0,0.0,0.0,0.0,1.0,0.0,0.0,1.7018713963353747,1.1558582836770248,7.075816749497815,0.18826411601111614,0.5519134209127351,0.7551265541558695,-0.3098905985151796,-0.6344851076252255,5.335696500100373,0.0,0.0,0.0,0.0,1.0,0.0,0.0
2024-10-12 17:35:35.224048,1.0,1.0,1.0,1.0,1.0,1.0,1.0,291152.0,0.039201510653345636,0.03839591423416136,0.04507379225100917,0.03179422973639322,0.031641298451732976,0.03260766687993288,8.583907037973408e-05,0.0004132992277542751,-0.0004260161270697913,-0.0,0.0,0.0,0.0,1.0,0.0,0.0,1.702873029674416,1.1568453407731576,7.075065433192486,0.18883474504603678,0.5531854056264517,0.7565942888963801,-0.31170897634161143,-0.636529227235803,5.34551422812865,0.0,0.0,0.0,0.0,1.0,0.0,0.0
2024-10-12 17:35:35.305818,1.0,1.0,1.0,1.0,1.0,1.0,1.0,291153.0,0.039201510653345636,0.03832801689680105,0.045246820880521094,0.03173314566510837,0.032097906445255474,0.03224867245309928,8.265984555085504e-05,0.00036879008014996856,-0.00045462915052970265,-0.0,0.0,0.0,0.0,1.0,0.0,0.0,1.703727658540043,1.1553986691814804,7.073903924515247,0.18695110796534115,0.5570966358555616,0.7543208687610202,-0.30902057588561943,-0.6402078616062044,5.328462506222843,0.0,0.0,0.0,0.0,1.0,0.0,0.0
2024-10-12 17:35:35.309818,1.0,1.0,1.0,1.0,1.0,1.0,1.0,291154.0,0.03933417265909615,0.03839591423416136,0.044550674429986614,0.031763702384431956,0.03254810944778678,0.032756086704177324,7.312217106421791e-05,0.00037832775463660567,-0.00048006294916073494,-0.0,0.0,0.0,0.0,1.0,0.0,0.0,1.7036575037408523,1.1557816636472422,7.071648389803824,0.18675135412486304,0.5571720084685717,0.7534301820058082,-0.30856923319567675,-0.6406514076257332,5.3203538554488725,0.0,0.0,0.0,0.0,1.0,0.0,0.0
2024-10-12 17:35:35.390375,1.0,1.0,1.0,1.0,1.0,1.0,1.0,291155.0,0.039400336158606504,0.03819186010094626,0.04484204885310999,0.03157991857152382,0.032874340109372714,0.032933307582966455,6.040527174870175e-05,0.00037196930497884756,-0.00048642139881849305,-0.0,0.0,0.0,0.0,1.0,0.0,0.0,1.705060566552184,1.1573862284897296,7.069810615047343,0.18550626157991743,0.5626370030708046,0.752871896437652,-0.30688087977729267,-0.647711351559854,5.314961444374766,0.0,0.0,0.0,0.0,1.0,0.0,0.0
2024-10-12 17:35:35.474281,1.0,1.0,1.0,1.0,1.0,1.0,1.0,291156.0,0.03946638873835309,0.038055216156251626,0.04530435023736206,0.031364143052817484,0.032756086704177324,0.03363285413230715,6.358449657758079e-05,0.0003656108553210895,-0.0005372889960805577,-0.0,0.0,0.0,0.0,1.0,0.0,0.0,1.7055483029132223,1.1585005581403758,7.068393874066482,0.1837444360544347,0.5621520330728477,0.7529509449972882,-0.30345105759766583,-0.6476335110154327,5.314565736016666,0.0,0.0,0.0,0.0,1.0,0.0,0.0
2024-10-12 17:35:35.479279,1.0,1.0,1.0,1.0,1.0,1.0,1.0,291157.0,0.03880080326089555,0.037918079796158174,0.045246820880521094,0.031022035078891817,0.03310957989067469,0.03357511528435138,4.76883724331856e-05,0.00037832775463660567,-0.0005563643450538319,-0.0,0.0,0.0,0.0,1.0,0.0,0.0,1.7067305791365042,1.1605617714878602,7.067975310586637,0.17654289374091778,0.5679155468595796,0.7526123686011664,-0.29167626857310747,-0.6554628946433236,5.311709610424331,0.0,0.0,0.0,0.0,1.0,0.0,0.0
2024-10-12 17:35:35.559590,1.0,1.0,1.0,1.0,1.0,1.0,1.0,291158.0,0.038463691717159486,0.037503662109375,0.04536180663361167,0.03148762440853117,0.03313886745048406,0.033546208593426816,2.2254573802153277e-05,0.0003815069794654847,-0.0005627227947115899,-0.0,0.0,0.0,0.0,1.0,0.0,0.0,1.7066452858844,1.1622609999032156,7.067308948141638,0.1751782413532371,0.5676498963730228,0.7512289982771411,-0.28969893581321754,-0.6560208254715106,5.3014929948131275,0.0,0.0,0.0,0.0,1.0,0.0,0.0
2024-10-12 17:35:35.562590,1.0,1.0,1.0,1.0,1.0,1.0,1.0,291159.0,0.03900167157440239,0.03743414645719283,0.04576198155144106,0.031178004061435775,0.03325575976212062,0.033459338679991214,1.9075348973274234e-05,0.00037196930497884756,-0.0005786189188559852,-0.0,0.0,0.0,0.0,1.0,0.0,0.0,1.7085510725631625,1.165645732871685,7.066808213625986,0.18195500276014875,0.5682083913170833,0.7461832468515891,-0.3004588414176332,-0.6585415428443986,5.2658710001494535,0.0,0.0,0.0,0.0,1.0,0.0,0.0
2024-10-12 17:35:35.645351,1.0,1.0,1.0,1.0,1.0,1.0,1.0,291160.0,0.03893483061427055,0.0373645014732293,0.045875676090774385,0.03120910432259612,0.033546208593426816,0.03363285413230715,3.179224828879039e-05,0.0003656108553210895,-0.000565902019540469,-0.0,0.0,0.0,0.0,1.0,0.0,0.0,1.7064199087738088,1.1685029964034668,7.06597898370276,0.18595815650846861,0.5663312764792487,0.7449207839831724,-0.3070577283637229,-0.657861588236784,5.255629985249285,0.0,0.0,0.0,0.0,1.0,0.0,0.0
2024-10-12 17:35:35.648348,1.0,1.0,1.0,1.0,1.0,1.0,1.0,291161.0,0.03900167157440239,0.037084613626145846,0.04610222401715648,0.03142594437984583,0.033690494027434716,0.033748035476753,3.179224828879043e-06,0.0003528939560055733,-0.000572260469198227,-0.0,0.0,0.0,0.0,1.0,0.0,0.0,1.7087245132303706,1.1709397985203047,7.063811910768859,0.1852765693966138,0.5701068767046674,0.7457947400535053,-0.30618783399654015,-0.6637862377130301,5.260148462742652,0.0,0.0,0.0,0.0,1.0,0.0,0.0
2024-10-12 17:35:35.729778,1.0,1.0,1.0,1.0,1.0,1.0,1.0,291162.0,0.03893483061427055,0.037503662109375,0.04638385292864447,0.03170255949350469,0.033748035476753,0.03380547898296581,2.8613023459911363e-05,0.0003306393822034201,-0.0005945150430003804,-0.0,0.0,0.0,0.0,1.0,0.0,0.0,1.7089009846603964,1.1708748792191472,7.061730765750801,0.18848296465332445,0.5694303493270634,0.7440779727689105,-0.31187195997531575,-0.6629013492636683,5.2467572775960685,0.0,0.0,0.0,0.0,1.0,0.0,0.0
2024-10-12 17:35:35.813569,1.0,1.0,1.0,1.0,1.0,1.0,1.0,291163.0,0.03940033615860651,0.03694387454679471,0.046775284787538986,0.03167194378429309,0.03319736505550277,0.034005767111097776,3.1792248288790396e-05,0.00034653550634781527,-0.0005976942678292594,-0.0,0.0,0.0,0.0,1.0,0.0,0.0,1.712502131666094,1.175442130753918,7.060976475108115,0.18625769459041366,0.5646520007020344,0.7431462600688085,-0.3089864475799332,-0.6597824582160325,5.238653143339911,0.0,0.0,0.0,0.0,1.0,0.0,0.0
2024-10-12 17:35:35.816569,1.0,1.0,1.0,1.0,1.0,1.0,1.0,291164.0,0.039532330954326636,0.03715478325109878,0.04732885772244516,0.03203740138402003,0.032874340109372714,0.03377676944149575,2.8613023459911357e-05,0.0003179224828879039,-0.0006008734926581384,-0.0,0.0,0.0,0.0,1.0,0.0,0.0,1.7113754196510071,1.1762879469040348,7.059641628168536,0.18615887176718793,0.5627178728638084,0.7426194347062914,-0.30824448547218397,-0.657880642559138,5.233766304709424,0.0,0.0,0.0,0.0,1.0,0.0,0.0
2024-10-12 17:35:35.898216,1.0,1.0,1.0,1.0,1.0,1.0,1.0,291165.0,0.03926789767914727,0.03743414645719283,0.04727379213344164,0.03221857569203676,0.03319736505550277,0.03331405211143558,3.8150697946548475e-05,0.000324280932545662,-0.0005817981436848642,-0.0,0.0,0.0,0.0,1.0,0.0,0.0,1.7121346999978564,1.178075856483039,7.061055698665603,0.18712778693356577,0.5590814464231247,0.7384141253284656,-0.3099207969457301,-0.6549551080966967,5.20500988391163,0.0,0.0,0.0,0.0,1.0,0.0,0.0
2024-10-12 17:35:35.902214,1.0,1.0,1.0,1.0,1.0,1.0,1.0,291166.0,0.03946638873835309,0.03729472643293347,0.04738385931883414,0.03233879467572394,0.03348832035600082,0.03310957989067469,2.5433798631032317e-05,0.00031474325805902487,-0.0006072319423158965,-0.0,0.0,0.0,0.0,1.0,0.0,0.0,1.7081524657439886,1.1787510460875799,7.060386469661187,0.18724169727133863,0.5564100184891906,0.7375875542814821,-0.3098155713324123,-0.652328090650248,5.198756870133382,0.0,0.0,0.0,0.0,1.0,0.0,0.0
2024-10-12 17:35:35.983070,1.0,1.0,1.0,1.0,1.0,1.0,1.0,291167.0,0.03953233095432663,0.03715478325109878,0.04699749641733918,0.03248844283583844,0.03305092691301418,0.03284481667269478,6.040527174870175e-05,0.00030520558357238775,-0.0005849773685137433,-0.0,0.0,0.0,0.0,1.0,0.0,0.0,1.7085358275583153,1.1824955488503994,7.060553045048546,0.19731697638572263,0.5502770377121814,0.7341688723320736,-0.3274325097899722,-0.647506436642064,5.174821991902689,0.0,0.0,0.0,0.0,1.0,0.0,0.0
2024-10-12 17:35:36.067058,1.0,1.0,1.0,1.0,1.0,1.0,1.0,291168.0,0.039400336158606504,0.036873303566316074,0.047657915157139484,0.03191604715477278,0.033021561356871405,0.032696799620819436,6.0405271748701756e-05,0.0003083848084012668,-0.0005945150430003804,-0.0,0.0,0.0,0.0,1.0,0.0,0.0,1.7035171854750575,1.1813130493468609,7.058385782311545,0.19480491626056615,0.551501283120513,0.7339891090304528,-0.32133407110039497,-0.6483408170493528,5.1721246719548155,0.0,0.0,0.0,0.0,1.0,0.0,0.0
2024-10-12 17:35:36.071058,1.0,1.0,1.0,1.0,1.0,1.0,1.0,291169.0,0.03853134997827472,0.0373645014732293,0.047603230210664246,0.03173314566510837,0.03296275176192149,0.03308026640118225,5.722604691982271e-05,0.00031474325805902487,-0.0005754396940271061,-0.0,0.0,0.0,0.0,1.0,0.0,0.0,1.7037704646730245,1.1807478272340342,7.05905593895687,0.1906770182379217,0.5529729987195208,0.73406840791383,-0.31483206640510913,-0.649747092062665,5.172702332059835,0.0,0.0,0.0,0.0,1.0,0.0,0.0
2024-10-12 17:35:36.152343,1.0,1.0,1.0,1.0,1.0,1.0,1.0,291170.0,0.037780445658522906,0.03715478325109878,0.04716346808075752,0.03145679951185349,0.032667115729434024,0.03284481667269478,3.815069794654848e-05,0.0003083848084012668,-0.0005595435698827109,-0.0,0.0,0.0,0.0,1.0,0.0,0.0,1.7016943680088459,1.1780643951292225,7.057806631766088,0.18682953395258656,0.5603390559212039,0.7377182138604448,-0.30751889889549777,-0.6567050632014642,5.197560880236413,0.0,0.0,0.0,0.0,1.0,0.0,0.0
2024-10-12 17:35:36.155340,1.0,1.0,1.0,1.0,1.0,1.0,1.0,291171.0,0.037084613626145846,0.03701431097784901,0.04683093654403021,0.03157991857152382,0.032696799620819436,0.032756086704177324,8.265984555085504e-05,0.0002893094594279926,-0.0005372889960805577,-0.0,0.0,0.0,0.0,1.0,0.0,0.0,1.7027907744855286,1.1775798630281082,7.057133403812894,0.18617982603572555,0.5606500305933809,0.7328866068716916,-0.3063194648382977,-0.6569255672547577,5.162981595620782,0.0,0.0,0.0,0.0,1.0,0.0,0.0
2024-10-12 17:35:36.237495,1.0,1.0,1.0,1.0,1.0,1.0,1.0,291172.0,0.03729472643293347,0.0373645014732293,0.04638385292864447,0.03151841915858901,0.032667115729434024,0.03242866644143693,8.583907037973405e-05,0.0003179224828879039,-0.0004991382981340092,-0.0,0.0,0.0,0.0,1.0,0.0,0.0,1.7014652734158058,1.1743456871740015,7.056383789463232,0.18476824688269713,0.5576980061882302,0.7335729851207674,-0.3040698184353103,-0.6517936970196366,5.167057206254423,0.0,0.0,0.0,0.0,1.0,0.0,0.0
2024-10-12 17:35:36.320253,1.0,1.0,1.0,1.0,1.0,1.0,1.0,291173.0,0.036802597262395625,0.03743414645719283,0.04576198155144106,0.031240173622796498,0.03284481667269478,0.03194642892952922,7.9480620721976e-05,0.00030520558357238775,-0.00046098760018746065,-0.0,0.0,0.0,0.0,1.0,0.0,0.0,1.7004413662937685,1.1724428290550504,7.056637114788424,0.1848259379343282,0.5614794965270763,0.7348214776646653,-0.30411725028298875,-0.6553763385652278,5.176189853385314,0.0,0.0,0.0,0.0,1.0,0.0,0.0
2024-10-12 17:35:36.324253,1.0,1.0,1.0,1.0,1.0,1.0,1.0,291174.0,0.036802597262395625,0.03764230828317236,0.04536180663361167,0.031178004061435775,0.03296275176192149,0.03227874115189541,0.00011445209383964543,0.0003306393822034201,-0.00045144992570082354,-0.0,0.0,0.0,0.0,1.0,0.0,0.0,1.7015630724052486,1.1696130061545067,7.056811160700827,0.18356266911122066,0.5652787587594201,0.7392205139609876,-0.30189271386869604,-0.6583567335799245,5.207192585764285,0.0,0.0,0.0,0.0,1.0,0.0,0.0
2024-10-12 17:35:36.405757,1.0,1.0,1.0,1.0,1.0,1.0,1.0,291175.0,0.03666077555081008,0.037711440220720746,0.04541919034616077,0.03086527796111811,0.032637404840404415,0.032785690042080325,0.00012398976832628253,0.00032746015737454104,-0.00046416682501633976,-0.0,0.0,0.0,0.0,1.0,0.0,0.0,1.7031541046818548,1.1681910647861065,7.057399250626494,0.18084871324557195,0.567440461523219,0.7452133255075485,-0.29774739578695564,-0.6600673205454916,5.2497313835489505,0.0,0.0,0.0,0.0,1.0,0.0,0.0
2024-10-12 17:35:36.408757,1.0,1.0,1.0,1.0,1.0,1.0,1.0,291176.0,0.03637547335010834,0.03784932528846731,0.04547650165015325,0.030676112065162197,0.03245856839932655,0.03203740138402003,0.00011127286901076638,0.0003497147311766943,-0.0004482707008719445,-0.0,0.0,0.0,0.0,1.0,0.0,0.0,1.7045209078911703,1.165984330906554,7.058734521612463,0.17888379982779914,0.5686311677482077,0.7468850434782682,-0.2946580955005744,-0.6602322470388134,5.2622246942061315,0.0,0.0,0.0,0.0,1.0,0.0,0.0
2024-10-12 17:35:36.490943,1.0,1.0,1.0,1.0,1.0,1.0,1.0,291177.0,0.036943874546794715,0.037711440220720746,0.04547650165015325,0.030990747087997286,0.032667115729434024,0.03221857569203676,0.00010491441935300831,0.00035925240566333144,-0.0004419122512141864,-0.0,0.0,0.0,0.0,1.0,0.0,0.0,1.7059354752750666,1.164351348920793,7.061321397811434,0.16987289573895104,0.5698723235938021,0.7511565848492818,-0.28166716676983095,-0.6608658715935977,5.2940464933056,0.0,0.0,0.0,0.0,1.0,0.0,0.0
2024-10-12 17:35:36.493943,1.0,1.0,1.0,1.0,1.0,1.0,1.0,291178.0,0.03729472643293347,0.03839591423416136,0.045419190346160765,0.03127121205432006,0.03310957989067469,0.03227874115189541,0.00011763131866852444,0.00037196930497884756,-0.00043555380155642836,-0.0,0.0,0.0,0.0,1.0,0.0,0.0,1.707884585572936,1.1646053382013815,7.064489664074716,0.17160206784961002,0.5685933078609322,0.7543782304634365,-0.28474650464401696,-0.6594090002264116,5.3187414417685295,0.0,0.0,0.0,0.0,1.0,0.0,0.0
2024-10-12 17:35:36.576631,1.0,1.0,1.0,1.0,1.0,1.0,1.0,291179.0,0.037084613626145846,0.03819186010094626,0.04501596824740669,0.03167194378429309,0.03310957989067469,0.032398736885968185,0.00013034821798404061,0.0003528939560055733,-0.0004387330263853075,-0.0,0.0,0.0,0.0,1.0,0.0,0.0,1.7081372171816034,1.1649424138462992,7.065321280732031,0.17285497693727414,0.5614339135071378,0.7577902643722083,-0.2861422200891476,-0.6510538459844589,5.344481160888189,0.0,0.0,0.0,0.0,1.0,0.0,0.0
2024-10-12 17:35:36.659715,1.0,1.0,1.0,1.0,1.0,1.0,1.0,291180.0,0.03750366210937501,0.03832801689680105,0.045304350237362054,0.03191604715477278,0.0333431600699038,0.032696799620819436,0.00014306511729955676,0.00037196930497884756,-0.00041965767741203324,-0.0,0.0,0.0,0.0,1.0,0.0,0.0,1.7111141328966266,1.1656502019316255,7.065819171580249,0.1721496296608036,0.5552163171166167,0.7570472281724082,-0.2854626544739889,-0.6444362537578945,5.339495404630156,0.0,0.0,0.0,0.0,1.0,0.0,0.0
2024-10-12 17:35:36.662714,1.0,1.0,1.0,1.0,1.0,1.0,1.0,291181.0,0.037918079796158174,0.03913501101148131,0.04598908955455482,0.03173314566510837,0.03284481667269478,0.032785690042080325,0.0001367066676417987,0.0003910446539521218,-0.00042283690224091225,-0.0,0.0,0.0,0.0,1.0,0.0,0.0,1.710737267867452,1.1656885990812174,7.065827281443056,0.17405117442350532,0.5540232123731053,0.7636288801479182,-0.2886619660322266,-0.6430724462074585,5.38649945312425,0.0,0.0,0.0,0.0,1.0,0.0,0.0
2024-10-12 17:35:36.744642,1.0,1.0,1.0,1.0,1.0,1.0,1.0,291182.0,0.0378493252884673,0.038463691717159486,0.04655201246361906,0.03151841915858901,0.032815266674204355,0.03296275176192149,0.00012716899315516158,0.0003656108553210895,-0.0004387330263853075,-0.0,0.0,0.0,0.0,1.0,0.0,0.0,1.7107979974236016,1.1686713940681577,7.067656510077959,0.17391195050805247,0.5535590705335115,0.7632543679688122,-0.28805182400580803,-0.6440573540792146,5.385292096236921,0.0,0.0,0.0,0.0,1.0,0.0,0.0
2024-10-12 17:35:36.747645,1.0,1.0,1.0,1.0,1.0,1.0,1.0,291183.0,0.038123599349151736,0.03859888964444313,0.046607930817067524,0.031178004061435775,0.03272645658802371,0.03337224263981984,0.0001367066676417987,0.0003656108553210895,-0.0004355538015564284,-0.0,0.0,0.0,0.0,1.0,0.0,0.0,1.7098465361757629,1.1683220178523168,7.067907957285158,0.18018288136084967,0.5485887867302611,0.7631501354803267,-0.2970675336964657,-0.638051163373561,5.3855480616835605,0.0,0.0,0.0,0.0,1.0,0.0,0.0
2024-10-12 17:35:36.829753,1.0,1.0,1.0,1.0,1.0,1.0,1.0,291184.0,0.038123599349151736,0.038123599349151736,0.04688652224495428,0.030802351742838057,0.03257790177388484,0.032815266674204355,0.00011127286901076638,0.0003751485298077266,-0.00041012000292539613,-0.0,0.0,0.0,0.0,1.0,0.0,0.0,1.7091317878188392,1.1714945980018416,7.067651350592958,0.18369730320641003,0.5449191973628206,0.7640489502368998,-0.3034492072551729,-0.6353994186228878,5.3914471427908115,0.0,0.0,0.0,0.0,1.0,0.0,0.0
2024-10-12 17:35:36.913556,1.0,1.0,1.0,1.0,1.0,1.0,1.0,291185.0,0.038463691717159486,0.03832801689680105,0.04716346808075751,0.030990747087997286,0.03233879467572394,0.03248844283583844,0.0001208105434974035,0.00038468620429436373,-0.000403761553267638,-0.0,0.0,0.0,0.0,1.0,0.0,0.0,1.7076924135972358,1.1733253309948621,7.0656512457875325,0.18483383884519416,0.5442133116388462,0.7620439924618053,-0.30521032539209403,-0.6357264098866534,5.375540084804412,0.0,0.0,0.0,0.0,1.0,0.0,0.0
2024-10-12 17:35:36.916559,1.0,1.0,1.0,1.0,1.0,1.0,1.0,291186.0,0.03853134997827472,0.03886787470812279,0.04716346808075751,0.031146872746571578,0.032067668184708895,0.03305092691301418,0.0001367066676417987,0.0003974031036098799,-0.00037514852980772667,-0.0,0.0,0.0,0.0,1.0,0.0,0.0,1.7094693916956443,1.176281711064016,7.065484790595007,0.18837999590516694,0.549435116144135,0.7580437637316482,-0.31200779614092106,-0.6432569632019252,5.346636599626339,0.0,0.0,0.0,0.0,1.0,0.0,0.0
2024-10-12 17:35:36.998438,1.0,1.0,1.0,1.0,1.0,1.0,1.0,291187.0,0.03825999906698716,0.03906839817849147,0.046942042124967255,0.03073929670896773,0.03185519667586617,0.03299216966314644,0.00011127286901076638,0.0003974031036098799,-0.00037832775463660567,-0.0,0.0,0.0,0.0,1.0,0.0,0.0,1.707324118362064,1.1757964443396682,7.0630652178648,0.1892554380006722,0.5493076359324313,0.7552087413013988,-0.3135143933599446,-0.6427563320138252,5.324992819675801,0.0,0.0,0.0,0.0,1.0,0.0,0.0
2024-10-12 17:35:37.001438,1.0,1.0,1.0,1.0,1.0,1.0,1.0,291188.0,0.03859888964444313,0.03886787470812279,0.047108209165378216,0.030422061214259163,0.03120910432259612,0.032756086704177324,0.00011445209383964543,0.00039422387878100085,-0.00035925240566333144,-0.0,0.0,0.0,0.0,1.0,0.0,0.0,1.708970581484735,1.1763286181807036,7.062814335822889,0.19056012438636294,0.5476608519484323,0.7504708069788824,-0.3155979904481427,-0.6412188319725066,5.291354438423184,0.0,0.0,0.0,0.0,1.0,0.0,0.0
2024-10-12 17:35:37.084453,1.0,1.0,1.0,1.0,1.0,1.0,1.0,291189.0,0.039598163357888454,0.03900167157440239,0.04688652224495428,0.030294236862297798,0.031115710284795706,0.0321582976678794,9.855596969525021e-05,0.0004005823284387589,-0.0003497147311766943,-0.0,0.0,0.0,0.0,1.0,0.0,0.0,1.708325604025789,1.1764977025931684,7.062733656826866,0.1888787071962036,0.5536705534596423,0.7490800178855382,-0.3124121926980896,-0.6482860679381793,5.281223590391853,0.0,0.0,0.0,0.0,1.0,0.0,0.0
2024-10-12 17:35:37.087452,1.0,1.0,1.0,1.0,1.0,1.0,1.0,291190.0,0.03966388649582423,0.03893483061427055,0.04716346808075751,0.03010148260279399,0.03086527796111811,0.03233879467572394,8.265984555085502e-05,0.00039422387878100085,-0.0003656108553210895,-0.0,0.0,0.0,0.0,1.0,0.0,0.0,1.7082798625667306,1.1781518396020225,7.06440015531205,0.19383164927937493,0.5592237161229873,0.7463184161222719,-0.32140211744557495,-0.6556135104195918,5.263079855221214,0.0,0.0,0.0,0.0,1.0,0.0,0.0
2024-10-12 17:35:37.168405,1.0,1.0,1.0,1.0,1.0,1.0,1.0,291191.0,0.03979500713939933,0.038123599349151736,0.04666378216223113,0.0300692367632191,0.03130221970899244,0.0321582976678794,7.948062072197598e-05,0.0003878654291232428,-0.00036243163049221044,-0.0,0.0,0.0,0.0,1.0,0.0,0.0,1.7075188680948503,1.1785937412669174,7.066891794700631,0.19224691398832017,0.5619232028156215,0.7453721916341617,-0.3185074858054287,-0.6588751616985481,5.258851797392769,0.0,0.0,0.0,0.0,1.0,0.0,0.0
2024-10-12 17:35:37.251831,1.0,1.0,1.0,1.0,1.0,1.0,1.0,291192.0,0.03979500713939933,0.03798670986099516,0.04581886408620406,0.030230122003416366,0.03130221970899244,0.03233879467572394,8.265984555085502e-05,0.000410120002925396,-0.00035925240566333144,-0.0,0.0,0.0,0.0,1.0,0.0,0.0,1.7095240717988573,1.1800163911476178,7.068473014489646,0.1910351300000574,0.5668982416830775,0.7476174485497549,-0.3169615225498667,-0.6655576084294921,5.275863152394962,0.0,0.0,0.0,0.0,1.0,0.0,0.0
2024-10-12 17:35:37.255173,1.0,1.0,1.0,1.0,1.0,1.0,1.0,291193.0,0.03953233095432663,0.037918079796158174,0.04598908955455483,0.030294236862297798,0.031364143052817484,0.03227874115189541,9.219752003749214e-05,0.00041965767741203314,-0.0003815069794654847,-0.0,0.0,0.0,0.0,1.0,0.0,0.0,1.7093842351022468,1.1808924221625214,7.069469054057863,0.1845315444733533,0.5676564069058926,0.7509671289589819,-0.3065167996598522,-0.6668604892480223,5.299582070424778,0.0,0.0,0.0,0.0,1.0,0.0,0.0
2024-10-12 17:35:37.337283,1.0,1.0,1.0,1.0,1.0,1.0,1.0,291194.0,0.03913501101148131,0.037918079796158174,0.046045691532351565,0.03086527796111811,0.03170255949350469,0.03248844283583844,6.358449657758079e-05,0.0003974031036098799,-0.00041965767741203314,-0.0,0.0,0.0,0.0,1.0,0.0,0.0,1.713002612669159,1.1821352399305858,7.07213773259593,0.1848806819489416,0.5692013610060099,0.752319163164623,-0.30748123391245563,-0.669587755307015,5.3109661343999965,0.0,0.0,0.0,0.0,1.0,0.0,0.0
2024-10-12 17:35:37.341232,1.0,1.0,1.0,1.0,1.0,1.0,1.0,291195.0,0.03886787470812279,0.03701431097784901,0.04536180663361167,0.030612797008878905,0.03182472780550264,0.03257790177388484,5.404682209094367e-05,0.0003751485298077266,-0.0004355538015564284,-0.0,0.0,0.0,0.0,1.0,0.0,0.0,1.7134365750608005,1.1817475619205138,7.073384508615943,0.18414503811234914,0.5660705135677623,0.7541844385759696,-0.30619884984235923,-0.6654867529279819,5.3248096525902895,0.0,0.0,0.0,0.0,1.0,0.0,0.0
2024-10-12 17:35:37.423090,1.0,1.0,1.0,1.0,1.0,1.0,1.0,291196.0,0.039201510653345636,0.036231979799249525,0.04559090812440138,0.03070772063827226,0.032308781866774994,0.032097906445255474,5.722604691982271e-05,0.00036879008014996856,-0.0004260161270697913,-0.0,0.0,0.0,0.0,1.0,0.0,0.0,1.7156106426502535,1.1813112498450313,7.0739697479051395,0.18160012751552687,0.5608475866831205,0.757346258408855,-0.3018857687763616,-0.6592000545057136,5.34831496960591,0.0,0.0,0.0,0.0,1.0,0.0,0.0
2024-10-12 17:35:37.506126,1.0,1.0,1.0,1.0,1.0,1.0,1.0,291197.0,0.039532330954326636,0.03637547335010834,0.04564800383634771,0.030928076150071922,0.03254810944778678,0.03221857569203676,6.994294623533886e-05,0.0003560731808344524,-0.00041012000292539613,-0.0,0.0,0.0,0.0,1.0,0.0,0.0,1.7185715817361833,1.1800410772671968,7.073724407670953,0.1845869319544335,0.5622116911694877,0.7614206757339056,-0.3072324511589481,-0.6601721592690153,5.377570015652329,0.0,0.0,0.0,0.0,1.0,0.0,0.0
2024-10-12 17:35:37.509123,1.0,1.0,1.0,1.0,1.0,1.0,1.0,291198.0,0.03906839817849147,0.03701431097784901,0.04478392562861249,0.03127121205432006,0.03296275176192149,0.03227874115189541,5.722604691982271e-05,0.0003560731808344524,-0.0003942238787810009,-0.0,0.0,0.0,0.0,1.0,0.0,0.0,1.7226747163101612,1.1814840303481808,7.073556669548051,0.18413438974581955,0.5636726534705936,0.7649052990763388,-0.30793703214301493,-0.6627075132715552,5.402635587716606,0.0,0.0,0.0,0.0,1.0,0.0,0.0
2024-10-12 17:35:37.590516,1.0,1.0,1.0,1.0,1.0,1.0,1.0,291199.0,0.038666311337125336,0.036589658557456724,0.045246820880521094,0.031084516582433108,0.03310957989067469,0.032067668184708895,4.76883724331856e-05,0.0003528939560055733,-0.00038786542912324284,-0.0,0.0,0.0,0.0,1.0,0.0,0.0,1.7240683458539512,1.1805952009559197,7.07239049363206,0.18262991655256988,0.5624664405364174,0.7651868697507397,-0.3062500896107818,-0.6609222313438049,5.4039122988048325,0.0,0.0,0.0,0.0,1.0,0.0,0.0
2024-10-12 17:35:37.594511,1.0,1.0,1.0,1.0,1.0,1.0,1.0,291200.0,0.03832801689680105,0.03637547335010834,0.044316195568033935,0.0313331966781849,0.03319736505550277,0.03188563643118791,5.722604691982271e-05,0.0003306393822034201,-0.0003783277546366057,-0.0,0.0,0.0,0.0,1.0,0.0,0.0,1.7257622249724174,1.1793419259708904,7.071641023270504,0.175810929949345,0.5605219691568201,0.7676624007788335,-0.29384983646236573,-0.6580767494261289,5.421307885836343,0.0,0.0,0.0,0.0,1.0,0.0,0.0
2024-10-12 17:35:37.675956,1.0,1.0,1.0,1.0,1.0,1.0,1.0,291201.0,0.038463691717159486,0.03608791569074071,0.04513154216867338,0.03120910432259612,0.032785690042080325,0.032097906445255474,8.583907037973408e-05,0.0003306393822034201,-0.00038786542912324284,-0.0,0.0,0.0,0.0,1.0,0.0,0.0,1.7265272473662043,1.1773693081166285,7.069066766542203,0.17901379529510375,0.557607875123604,0.7677491828954868,-0.2986053302131155,-0.6536884939910294,5.4196989667801185,0.0,0.0,0.0,0.0,1.0,0.0,0.0
2024-10-12 17:35:37.759609,1.0,1.0,1.0,1.0,1.0,1.0,1.0,291202.0,0.03832801689680105,0.036231979799249525,0.04553374081900145,0.0313331966781849,0.03308026640118225,0.032007105962223864,8.583907037973405e-05,0.00031474325805902487,-0.0003815069794654848,-0.0,0.0,0.0,0.0,1.0,0.0,0.0,1.727333983560933,1.1776072187383615,7.068154973446374,0.18182447058231754,0.5545661916999179,0.7674196636434094,-0.30347729461315176,-0.6503719611331983,5.4165629937070126,0.0,0.0,0.0,0.0,1.0,0.0,0.0
2024-10-12 17:35:37.762543,1.0,1.0,1.0,1.0,1.0,1.0,1.0,291203.0,0.03886787470812279,0.03630379747090976,0.045131542168673384,0.031763702384431956,0.033748035476753,0.032007105962223864,6.676372140645982e-05,0.0003306393822034201,-0.0003592524056633315,-0.0,0.0,0.0,0.0,1.0,0.0,0.0,1.7276770762731528,1.177391430749088,7.066407249028598,0.18458444314236164,0.5561544884901956,0.7646608610529461,-0.30836184765012625,-0.6522857998109733,5.395855756198658,0.0,0.0,0.0,0.0,1.0,0.0,0.0
2024-10-12 17:35:37.844846,1.0,1.0,1.0,1.0,1.0,1.0,1.0,291204.0,0.03979500713939933,0.03637547335010834,0.044900096837092805,0.03157991857152382,0.033748035476753,0.032398736885968185,0.00010491441935300831,0.0003497147311766943,-0.0003338186070322991,-0.0,0.0,0.0,0.0,1.0,0.0,0.0,1.7266566446858391,1.1772357499877069,7.064569585625691,0.18094812424592538,0.5573712117345014,0.7612575731961643,-0.3008372511760848,-0.6536277859359635,5.370766146503267,0.0,0.0,0.0,0.0,1.0,0.0,0.0
2024-10-12 17:35:37.848843,1.0,1.0,1.0,1.0,1.0,1.0,1.0,291205.0,0.040055960801949016,0.03743414645719283,0.045246820880521094,0.03151841915858901,0.033661686417184034,0.03242866644143693,0.00010491441935300831,0.0003815069794654847,-0.00033699783186117815,-0.0,0.0,0.0,0.0,1.0,0.0,0.0,1.7279809101603207,1.1769402253313135,7.064319494427089,0.1826123074515358,0.5622042137110076,0.7597741712801008,-0.3040138014189967,-0.6590589028107647,5.360550493911224,0.0,0.0,0.0,0.0,1.0,0.0,0.0
2024-10-12 17:35:37.929919,1.0,1.0,1.0,1.0,1.0,1.0,1.0,291206.0,0.040185802182344105,0.03771144022072075,0.04425738174574523,0.03151841915858901,0.033226575237181734,0.03248844283583844,0.00010491441935300828,0.00037196930497884756,-0.000324280932545662,-0.0,0.0,0.0,0.0,1.0,0.0,0.0,1.7286547166232884,1.177918461494356,7.063063742768359,0.18512752978048136,0.565329016475199,0.7613382995659183,-0.3089064476017161,-0.6632849546997337,5.370383672299317,0.0,0.0,0.0,0.0,1.0,0.0,0.0
2024-10-12 17:35:37.932919,1.0,1.0,1.0,1.0,1.0,1.0,1.0,291207.0,0.03999088202492748,0.03764230828317237,0.044667452282818626,0.0316106234096681,0.033168129149298335,0.032667115729434024,0.00010173519452412927,0.00037196930497884767,-0.0003497147311766943,-0.0,0.0,0.0,0.0,1.0,0.0,0.0,1.7284923172667332,1.1795194114601724,7.063062267671611,0.18174998391927927,0.5638016380162008,0.7596149317781153,-0.3031368400050878,-0.6623475501661614,5.358149880587428,0.0,0.0,0.0,0.0,1.0,0.0,0.0
2024-10-12 17:35:38.015471,1.0,1.0,1.0,1.0,1.0,1.0,1.0,291208.0,0.039729500910396995,0.0373645014732293,0.04501596824740669,0.031641298451732976,0.03319736505550277,0.03257790177388484,0.00012398976832628253,0.00036561085532108955,-0.0003656108553210895,-0.0,0.0,0.0,0.0,1.0,0.0,0.0,1.7275536167757695,1.179825734426323,7.061479098584369,0.18020453052173446,0.5664952116963241,0.7588557846596432,-0.2997362111836118,-0.6656798698097169,5.351584264060959,0.0,0.0,0.0,0.0,1.0,0.0,0.0
2024-10-12 17:35:38.098196,1.0,1.0,1.0,1.0,1.0,1.0,1.0,291209.0,0.039400336158606504,0.03729472643293347,0.045246820880521094,0.03173314566510837,0.03337224263981984,0.03319736505550277,0.00013988589247067773,0.00035607318083445244,-0.00037832775463660567,-0.0,0.0,0.0,0.0,1.0,0.0,0.0,1.7292320318557963,1.181125212646511,7.06114672532062,0.181469792641013,0.5680134766643647,0.7641387121017738,-0.3025669071826393,-0.6681610255985073,5.38797932340756,0.0,0.0,0.0,0.0,1.0,0.0,0.0
2024-10-12 17:35:38.102195,1.0,1.0,1.0,1.0,1.0,1.0,1.0,291210.0,0.04012093401707996,0.03715478325109878,0.04570502822314875,0.03139505892336215,0.03351727697218139,0.03308026640118225,0.00014942356695731485,0.00037832775463660567,-0.0003910446539521218,-0.0,0.0,0.0,0.0,1.0,0.0,0.0,1.7300375067791693,1.182544817067313,7.060978688406731,0.18127723643104254,0.567591867950068,0.763495918346823,-0.3027178362555341,-0.6685268719519639,5.383540242428436,0.0,0.0,0.0,0.0,1.0,0.0,0.0
2024-10-12 17:35:38.184429,1.0,1.0,1.0,1.0,1.0,1.0,1.0,291211.0,0.03959816335788845,0.037084613626145846,0.0447839256286125,0.0316106234096681,0.033690494027434716,0.03305092691301418,0.00013034821798404061,0.00038786542912324284,-0.0003974031036098799,-0.0,0.0,0.0,0.0,1.0,0.0,0.0,1.732463881290129,1.1848490225526187,7.061807767808139,0.17889709915515403,0.56819326891843,0.7626456496067112,-0.300214108390991,-0.6704037100878649,5.378412901327099,0.0,0.0,0.0,0.0,1.0,0.0,0.0
