time,event_type,event_num,Event_Abnormal1,Detection_Abnormal1,Event_Abnormal2,Detection_Judgement2,Detection_Abnormal2,index,voltage11,voltage12,voltage13,current11,current12,current13,power11,power12,power13,powerout1,torque1,frequence1,motor_speed1,slip_rate1,heigh1,weight1,voltage21,voltage22,voltage23,current21,current22,current23,power21,power122,power23,powerout2,torque2,frequence2,motor_speed2,slip_rate2,heigh2,weight2
2024-10-13 07:45:08.198695,0.0,1.0,0.0,0.0,0.0,0.0,0.0,898726.0,0.07955728139060414,0.032519197084621136,0.05204673217903484,0.020281374142839443,0.026428997918226275,0.02359773907401946,-8.90182952086131e-05,0.0001208105434974035,-0.0003846862042943638,-0.0,0.0,0.0,0.0,1.0,0.0,0.0,28.84815700578208,29.15515239979768,29.491122688881667,244.25708058562196,255.10643562728177,236.37687265676405,5013.7507421842565,4958.694979585458,4813.193552637949,4249.667813445537,410.50081609378617,4.990672408614238,98.85811854569249,0.009571151423837325,0.010271830512729882,11245.1816982942
2024-10-13 07:45:08.198695,0.0,1.0,0.0,0.0,0.0,0.0,0.0,898727.0,0.07965543970232411,0.0316258647634613,0.051493295423040195,0.020424370325990055,0.02657542007977932,0.023308185297423505,-1.907534897327423e-05,0.00012716899315516158,-0.0003687900801499686,-0.0,0.0,0.0,0.0,1.0,0.0,0.0,31.64419812462588,30.436964819493934,31.528565345627737,247.90036944967642,240.37413931746633,231.23102416936553,5489.3087475131415,4879.932260936254,5001.509102344308,4467.15276290707,386.96817309503564,5.559905311287424,110.23688662715998,0.008644208352227532,0.01303053362913106,10876.078543322485
2024-10-13 07:45:08.198695,0.0,1.0,0.0,0.0,0.0,0.0,0.0,898728.0,0.0802743217738222,0.03179015607555206,0.05234614058676942,0.020566372293249237,0.026244821472867705,0.023014988905331966,-2.8613023459911346e-05,0.0001367066676417987,-0.0003592524056633315,-0.0,0.0,0.0,0.0,1.0,0.0,0.0,32.90668721859081,33.243680724292616,32.6774615320306,233.19495655927088,230.99762620373662,239.9364457968506,5094.238104276919,5367.460283075792,5400.761020224089,4651.527784328299,371.50230070510105,6.026316477282809,119.56539247267851,0.00797283943350864,0.016022684722291937,11576.591773682228
2024-10-13 07:45:08.198695,0.0,1.0,0.0,0.0,0.0,0.0,0.0,898729.0,0.07972081143240958,0.031211353204542467,0.052296358225924496,0.02061348890091903,0.026059343378600053,0.022546549742941794,-5.086759726206463e-05,0.00013034821798404061,-0.000324280932545662,-0.0,0.0,0.0,0.0,1.0,0.0,0.0,33.98665898130428,34.793477602366984,34.21228510353341,222.1009717064895,233.929549716488,231.33105389219338,5144.393793619178,5628.021959369683,5382.245374059491,4771.79048111714,358.6144404212714,6.400951170004342,127.06471745697145,0.007454407304240624,0.019202508125856915,12248.90092998953
2024-10-13 07:45:08.198695,0.0,1.0,0.0,0.0,0.0,0.0,0.0,898730.0,0.07975347720367693,0.032519197084621136,0.051946545883677045,0.02013736256391312,0.025984781442148438,0.022589536530764214,-3.4971473117669426e-05,0.0001367066676417987,-0.00031156403323014586,-0.0,0.0,0.0,0.0,1.0,0.0,0.0,35.63962968171066,34.73101910980668,36.049063542884646,229.54187147532954,222.79917157589884,217.75913079414772,5761.6476244670675,5094.936442938333,5416.860179788272,4835.110991551684,348.227274787211,6.676398210632906,132.59130523425634,0.007014702754773046,0.022520635643323673,13156.8060978875
2024-10-13 07:45:08.198695,0.0,1.0,0.0,0.0,0.0,0.0,0.0,898731.0,0.08069503265077752,0.03275860544857268,0.05179590309414578,0.02023348417248137,0.026355481787173698,0.02276067182949264,-7.630139589309694e-05,0.0001367066676417987,-0.0003179224828879039,-0.0,0.0,0.0,0.0,1.0,0.0,0.0,36.39039666212992,36.69165006257585,35.668222775788855,210.4944924400865,221.82175868636187,219.6091187068453,5178.926891726502,5748.559486306211,5243.222694213658,4826.488392318289,337.67221294887474,6.870357799265769,136.49203978701328,0.006659887483588492,0.02593637992860917,13793.007163712839
2024-10-13 07:45:08.198695,0.0,1.0,0.0,0.0,0.0,0.0,0.0,898732.0,0.08203950890397617,0.032439001655304125,0.051493295423040195,0.020329151297720685,0.02646567940419046,0.022803254975850316,-6.358449657758079e-05,0.00010173519452412927,-0.00031156403323014586,-0.0,0.0,0.0,0.0,1.0,0.0,0.0,36.38593224326547,36.66333151803151,36.95581755447584,213.41239398980503,210.19376614412684,210.84569624520225,5282.237547493798,5172.8407661737765,5413.029091439879,4750.813240407081,327.5545486353675,6.969518795001005,138.50189180408853,0.006374070592713416,0.029402421216945595,14640.092334604502
2024-10-13 07:45:08.198695,0.0,1.0,0.0,0.0,0.0,0.0,0.0,898733.0,0.08248279778295654,0.03259919523031266,0.05149329542304019,0.020566372293249237,0.026428997918226275,0.02318298375463526,-2.8613023459911346e-05,0.00012081054349740349,-0.00033699783186117815,-0.0,0.0,0.0,0.0,1.0,0.0,0.0,37.073688395126624,36.65891833362373,36.79805410847088,204.66696073178503,209.62604891442842,203.97070042039368,5245.0008681193085,5218.673259353047,5035.464338756005,4651.2072944263255,318.0526395429095,7.025712147757798,139.64907821238043,0.006157132007263009,0.03289717110561061,14760.596617617379
2024-10-13 07:45:08.198695,0.0,1.0,0.0,0.0,0.0,0.0,0.0,898734.0,0.08245121332926818,0.033232248415491,0.05088268139452947,0.020376816430674367,0.026096544458751023,0.023141099377598725,9.537674486637127e-06,0.00012081054349740349,-0.0003528939560055733,-0.0,0.0,0.0,0.0,1.0,0.0,0.0,36.56081959733816,36.94554456856058,36.54668560617587,201.44933848000395,204.15781536577148,203.02762388456748,4992.894218812274,5169.11175234749,5075.483805932196,4578.261604542013,313.0480764506079,7.025712147757798,139.6564336172803,0.006104785677487689,0.03639210506495325,15330.469996668364
2024-10-13 07:45:08.198695,0.0,1.0,0.0,0.0,0.0,0.0,0.0,898735.0,0.08273503934361162,0.03331053415039321,0.051745591374556074,0.020376816430674367,0.02564657030330141,0.02322479259609146,1.5896124144395205e-05,0.0001367066676417987,-0.0003560731808344524,-0.0,0.0,0.0,0.0,1.0,0.0,0.0,36.14870545041127,36.34540313660626,36.67532855145386,203.78220677978976,204.67722107666603,205.5874380559475,5072.915958701443,5109.914867973393,5236.081745620015,4631.2897933059585,317.40413081185636,7.010854103194182,139.3351740464782,0.006289590429528953,0.0398789994305967,15801.72772026787
2024-10-13 07:45:08.198695,0.0,1.0,0.0,0.0,0.0,0.0,0.0,898736.0,0.08286087217578268,0.033466556241354264,0.052246528430687264,0.02004077993250076,0.02557080478973271,0.02297279823941287,2.2254573802153284e-05,0.00012081054349740349,-0.0003528939560055733,-0.0,0.0,0.0,0.0,1.0,0.0,0.0,36.593647100935335,35.786961385974315,36.2558478132097,209.9153220429811,209.2943955602853,206.58836000402076,5449.030844893349,5218.670132654815,5219.688668507665,4769.823071371944,329.01332784795903,6.967699993664984,138.43954427890273,0.0065621051080583396,0.04334348045795976,16848.156361013705
2024-10-13 07:45:08.198695,0.0,1.0,0.0,0.0,0.0,0.0,0.0,898737.0,0.0827035512209322,0.033621854320173124,0.0523958756484271,0.019943729580380914,0.025494814117130813,0.02293052994557668,-3.179224828879029e-06,0.00010809364418188733,-0.00033699783186117815,-0.0,0.0,0.0,0.0,1.0,0.0,0.0,36.01310567229795,36.45597703163542,35.49140507172812,210.23936878403396,216.7171742959221,212.49046029590093,5373.2195056660385,5720.368839608313,5359.583740241489,4937.349183793843,342.840927852496,6.923909174678676,137.52212140370986,0.006904062905389187,0.04678500276957631,17608.2547800941
2024-10-13 07:45:08.198695,0.0,1.0,0.0,0.0,0.0,0.0,0.0,898738.0,0.08200775372225469,0.033232248415491,0.052046732179034834,0.01974819809806028,0.025418596266109744,0.02250348084068699,-1.907534897327423e-05,0.00011127286901076637,-0.0003306393822034201,-0.0,0.0,0.0,0.0,1.0,0.0,0.0,35.17957399837659,35.84713652916289,36.221847687763834,216.97974586395063,216.39361951878647,220.96698008174607,5488.355782818747,5593.151583368544,5908.01253380084,5092.858693754828,355.96079937807616,6.881122989591584,136.62520766260587,0.007246289092160145,0.0502040796111834,18297.478028821555
2024-10-13 07:45:08.198695,0.0,1.0,0.0,0.0,0.0,0.0,0.0,898739.0,0.08149798807578165,0.033232248415491,0.051946545883677045,0.019501026929403496,0.025947420126718565,0.02224331624925728,-5.4046822090943663e-05,0.00012716899315516158,-0.00032746015737454104,-0.0,0.0,0.0,0.0,1.0,0.0,0.0,36.17075725936805,34.917188965837596,35.84987973628369,226.83643098113944,224.19678276581035,220.1081606841049,6174.564558118798,5702.365877075243,5779.4473224288495,5287.63510550473,372.21617222861977,6.834709570396716,135.6555669145543,0.007598161141174378,0.05359889097291998,19220.8492658521
2024-10-13 07:45:08.198695,0.0,1.0,0.0,0.0,0.0,0.0,0.0,898740.0,0.08111356146029437,0.03259919523031266,0.05199666316101998,0.019600269437660415,0.026022089115979988,0.022199659060460605,-7.948062072197598e-05,0.00011127286901076638,-0.00034653550634781527,-0.0,0.0,0.0,0.0,1.0,0.0,0.0,35.64583651583915,36.06449008759129,34.7610018500831,225.39507894741556,235.09267251302748,229.044209409999,5990.216297511192,6493.25163412901,5920.2834493547,5505.670774595021,390.0725768016084,6.793641997412049,134.7833358599387,0.008018556826495646,0.0569718745544805,20104.625989437503
2024-10-13 07:45:08.198695,0.0,1.0,0.0,0.0,0.0,0.0,0.0,898741.0,0.08004686928167702,0.03291724369090571,0.05234614058676942,0.01935120888239217,0.026059343378600053,0.022286887919318283,-2.5433798631032307e-05,0.00013034821798404061,-0.0003528939560055733,-0.0,0.0,0.0,0.0,1.0,0.0,0.0,34.546503554668675,35.50891071336609,35.901649854749316,235.37339102325328,233.43423784190466,240.8755383454821,6131.156519579409,6281.469545177637,6741.849248600641,5721.094963638924,408.4998790322349,6.743993107915371,133.7391646996445,0.008457136895084295,0.060318727515682506,21209.204294769606
2024-10-13 07:45:08.198695,0.0,1.0,0.0,0.0,0.0,0.0,0.0,898742.0,0.07926207710212554,0.033621854320173124,0.05239587564842711,0.019451215795870915,0.02564657030330141,0.022460329351623145,-4.132992277542751e-05,0.00014306511729955676,-0.0003560731808344524,-0.0,0.0,0.0,0.0,1.0,0.0,0.0,35.89895365559788,34.40710189731461,35.511454464369194,247.98117157929232,244.45772720011163,238.70317204179543,7056.264156484649,6435.51696504789,6519.29788723688,5967.940442589026,429.2012711598144,6.69858034420933,132.78067219363933,0.008889455894761127,0.06364159398430234,22246.222732284747
2024-10-13 07:45:08.198695,0.0,1.0,0.0,0.0,0.0,0.0,0.0,898743.0,0.07906466190865326,0.034387826251204436,0.0518963802071913,0.019550711154970875,0.025456733716313067,0.02202416493185523,-8.583907037973405e-05,0.00014624434212843582,-0.0003338186070322991,-0.0,0.0,0.0,0.0,1.0,0.0,0.0,35.29273424533912,35.88751793385776,34.410623926359364,244.43006109002292,256.71407375596954,250.45654155218722,6724.389044914963,7400.769248899164,6717.123562277654,6206.848763894589,449.1198051665186,6.660728774420164,131.9715564221955,0.009330953926404206,0.06694421214703741,23193.242995615597
2024-10-13 07:45:08.198695,0.0,1.0,0.0,0.0,0.0,0.0,0.0,898744.0,0.07955728139060414,0.03377643837348989,0.052346140586769424,0.01935120888239217,0.025418596266109744,0.022286887919318283,-9.855596969525021e-05,0.00013352744281291964,-0.00033699783186117815,-0.0,0.0,0.0,0.0,1.0,0.0,0.0,34.32085799270178,35.1836411753248,35.82579899148949,257.233289684511,252.67794286953685,261.99607426387456,6961.73836955936,7006.967505374737,7635.799683322729,6422.283773745473,467.13562751056287,6.628929916978515,131.2858384162554,0.009750894484521442,0.07022967006098609,24055.719684815158
2024-10-13 07:45:08.198695,0.0,1.0,0.0,0.0,0.0,0.0,0.0,898745.0,0.08063045078156784,0.034006996943349535,0.051644820896497606,0.01894590304788124,0.02564657030330141,0.02148908505684164,-8.901829520861311e-05,0.00013352744281291964,-0.0002988471339146297,-0.0,0.0,0.0,0.0,1.0,0.0,0.0,35.87911969114248,34.32991168437117,35.19052394748911,268.3450226339796,266.4328006169423,257.80696132364983,7914.165794562919,7300.310322545937,7223.205626214619,6659.218594145484,486.66181172084646,6.600320383832469,130.667440616317,0.010143197469718274,0.07349965242958817,25035.565757724016
2024-10-13 07:45:08.198695,0.0,1.0,0.0,0.0,0.0,0.0,0.0,898746.0,0.08053348087182131,0.03369923498482647,0.051695230689754394,0.018791659751293096,0.02557080478973271,0.021579186437577745,-9.537674486637117e-05,0.00013034821798404061,-0.0002988471339146297,-0.0,0.0,0.0,0.0,1.0,0.0,0.0,35.00801546373517,35.92688817038761,34.46491165312976,263.5233392290022,276.4428576436859,272.5794660033573,7412.156483935484,8234.733504116835,7615.6810446816235,6893.554564849146,505.9100095642942,6.575312403359672,130.11918290539487,0.010547522891002506,0.07675591452449614,25995.952588042488
2024-10-13 07:45:08.198695,0.0,1.0,0.0,0.0,0.0,0.0,0.0,898747.0,0.08066274817953105,0.03415983814915113,0.05159436185084285,0.018636139893149068,0.025418596266109744,0.021891621110694724,-9.537674486637117e-05,0.00014624434212843582,-0.0003179224828879039,-0.0,0.0,0.0,0.0,1.0,0.0,0.0,34.48700314339347,34.90145366852886,35.932032472613656,279.58877466304,271.78581858031134,281.3187851202811,7885.703700209546,7678.634702347075,8451.088129751131,7102.938534434267,522.6739514701823,6.560302080566731,129.77127806579907,0.01093519420230431,0.08000347022180372,26732.243480058383
2024-10-13 07:45:08.198695,0.0,1.0,0.0,0.0,0.0,0.0,0.0,898748.0,0.08124190578337873,0.03354429515269826,0.051239757223726694,0.018739963202861063,0.025303839037745666,0.02233037457124348,-9.855596969525022e-05,0.00014306511729955676,-0.0002988471339146297,-0.0,0.0,0.0,0.0,1.0,0.0,0.0,36.01108250719345,34.61044502841455,34.88522447351405,287.02761268089625,289.10132575170667,277.10292422075617,8692.443493965227,8268.925106325343,7880.172209271885,7334.5572096726255,541.479027403253,6.541378665816271,129.34916880247218,0.011300404619434623,0.08324046253895943,27766.450570579324
2024-10-13 07:45:08.198695,0.0,1.0,0.0,0.0,0.0,0.0,0.0,898749.0,0.08241961677193654,0.034614312736061206,0.05134132274900665,0.01894590304788124,0.02468279125681748,0.022546549742941794,-7.312217106421792e-05,0.00015578201661507293,-0.00031474325805902487,-0.0,0.0,0.0,0.0,1.0,0.0,0.0,34.756860282132074,36.06935401921875,34.85161598891678,283.349291853117,294.6833172469147,295.4280920857763,8080.836471115368,8985.54803864277,8617.420342415926,7570.920485160968,561.0423878991484,6.519214728863052,128.86185909920846,0.011676525021581258,0.08646525982015052,28829.762302389634
2024-10-13 07:45:08.198695,0.0,1.0,0.0,0.0,0.0,0.0,0.0,898750.0,0.08326851563462807,0.03431199853764594,0.050626085299173146,0.019200221850765864,0.02452507212573485,0.02293052994557668,-9.855596969525022e-05,0.00019711193939050042,-0.00030520558357238775,-0.0,0.0,0.0,0.0,1.0,0.0,0.0,34.9481723770431,34.711184119348836,36.0538816106441,302.2858899021697,292.01279862217854,298.9100573868895,8900.352341394415,8371.656250333068,9165.680601797707,7778.275196526273,578.0002485482221,6.5036585788303976,128.506963382694,0.012040977973628625,0.08968117575545911,29616.563400208102
2024-10-13 07:45:08.198695,0.0,1.0,0.0,0.0,0.0,0.0,0.0,898751.0,0.08423262767893537,0.034387826251204436,0.05036818201544617,0.019401276776896823,0.024326485277441648,0.02297279823941287,-0.00011445209383964543,0.00019711193939050042,-0.00030520558357238775,-0.0,0.0,0.0,0.0,1.0,0.0,0.0,36.11748275556923,35.15192928297432,34.73858073453361,303.86450738784555,311.56164847519676,297.55154734015616,9355.572621622545,9301.25904234625,8584.446258227417,8000.986690391167,596.2325233690796,6.4874316515665855,128.14429251790014,0.01236498971857462,0.09288801577003421,30565.06220984066
2024-10-13 07:45:08.198695,0.0,1.0,0.0,0.0,0.0,0.0,0.0,898752.0,0.08472594157557575,0.034236002877260786,0.050264650185492185,0.019550711154970875,0.02420655117653563,0.022546549742941794,-0.00010173519452412927,0.00020982883870601657,-0.00029566790908575063,-0.0,0.0,0.0,0.0,1.0,0.0,0.0,34.69182183670545,36.13724252273981,35.476044269093336,304.1244467901067,310.98757243604916,317.3416725474432,8811.77565208338,9603.627590707203,9650.813755695593,8230.248608164216,614.5385557823504,6.476712646025208,127.8895916169444,0.012696728984642504,0.09608848183673474,31434.56123637096
2024-10-13 07:45:08.198695,0.0,1.0,0.0,0.0,0.0,0.0,0.0,898753.0,0.08463366424751474,0.033621854320173124,0.051239757223726694,0.019301011109426145,0.024326485277441648,0.02233037457124348,-0.00011127286901076638,0.00020664961387713757,-0.00029248868425687163,-0.0,0.0,0.0,0.0,1.0,0.0,0.0,35.63870974118691,34.71310403158241,36.092814292143835,323.5820573304357,313.4126700343379,314.8157905380467,9932.25749729289,9148.663612471473,9745.299208985585,8437.517756043022,630.6893789926045,6.472007704626657,127.75284027565306,0.013035474414483975,0.09928552567007096,32089.531905805587
2024-10-13 07:45:08.198695,0.0,1.0,0.0,0.0,0.0,0.0,0.0,898754.0,0.08395386477094237,0.03431199853764593,0.0514426877494643,0.019501026929403496,0.024445830974727203,0.022199659060460605,-0.00012398976832628253,0.00022890418767929085,-0.0002988471339146297,-0.0,0.0,0.0,0.0,1.0,0.0,0.0,36.10146148398485,35.84068214793062,34.82794353294928,319.4209430065022,332.3041836437745,319.4405896239977,9894.15303428316,10316.008347455137,9404.720290535155,8653.377007669102,648.6883294509174,6.455382226650254,127.38577181193129,0.013336721673623242,0.10247338353176208,33266.599929203774
2024-10-13 07:45:08.198695,0.0,1.0,0.0,0.0,0.0,0.0,0.0,898755.0,0.08314329975080294,0.03438782625120443,0.052296358225924496,0.019501026929403496,0.024445830974727203,0.022718008864468682,-0.00014306511729955676,0.00023208341250816988,-0.0003306393822034201,-0.0,0.0,0.0,0.0,1.0,0.0,0.0,34.882205484472664,36.091898097730684,36.18528073067632,326.36366975093847,326.66574924717406,337.29320691166663,9683.150773277255,10130.952127958111,10645.331105736168,8886.950374721146,666.7512093727343,6.452042640950838,127.28004640410464,0.013645340808322855,0.10565859559111808,33938.0935733601
2024-10-13 07:45:08.198695,0.0,1.0,0.0,0.0,0.0,0.0,0.0,898756.0,0.08248279778295653,0.03415983814915113,0.052296358225924496,0.019451215795870915,0.024406113920105138,0.02276067182949264,-0.00013034821798404061,0.00023208341250816988,-0.00033699783186117815,-0.0,0.0,0.0,0.0,1.0,0.0,0.0,36.31925882063672,35.03309807631119,36.040183857978874,342.7552919268904,336.02898255089616,330.5774732998478,10885.260510972485,10078.861049682428,10271.162217355393,9097.357775576722,683.0003950729891,6.449728517139693,127.19372956472114,0.013960593638066333,0.10884164755197084,34768.22615202713
2024-10-13 07:45:08.198695,0.0,1.0,0.0,0.0,0.0,0.0,0.0,898757.0,0.08238800809703603,0.03423600287726078,0.05259434558493783,0.0198462046459215,0.024722063821441115,0.02297279823941287,-0.0001780365904172262,0.00021936651319265374,-0.0003433562815189362,-0.0,0.0,0.0,0.0,1.0,0.0,0.0,36.002189079798235,36.51417494642261,35.22186320124164,335.14861769493166,350.7947413014725,342.2751651563318,10396.25176864528,11242.71076132673,10377.871314368342,9309.295925299268,699.6212982365225,6.445041601527387,127.06478207149061,0.014243895327394096,0.11202147257252883,35614.59399708864
2024-10-13 07:45:08.198695,0.0,1.0,0.0,0.0,0.0,0.0,0.0,898758.0,0.08229310922726428,0.03498853239802848,0.053038187593736096,0.01974819809806028,0.024995244090384144,0.022803254975850316,-0.00017485736558834716,0.00023844186216592797,-0.0003528939560055733,-0.0,0.0,0.0,0.0,1.0,0.0,0.0,35.40195407602726,35.976529028729026,36.843988798504114,349.03271121136635,342.5069101511206,354.8414786959533,10691.729929406214,10623.812525604744,11517.612512895592,9533.445088934686,716.4407839105164,6.446953405272731,127.06939174936356,0.014500464316694923,0.11520141295132219,36469.68220815878
2024-10-13 07:45:08.198695,0.0,1.0,0.0,0.0,0.0,0.0,0.0,898759.0,0.08188060984157082,0.033699234984826465,0.052742707926448876,0.01964970273038926,0.025150014882560457,0.02305710236947253,-0.00018439504007498428,0.00021618728836377468,-0.0003433562815189362,-0.0,0.0,0.0,0.0,1.0,0.0,0.0,36.92363818866173,35.63023628784346,35.94324601306305,358.90889805217415,358.3808466624765,346.53358913544116,11686.204533091039,11116.051223462186,10772.903162137956,9734.024520001622,731.8612754186272,6.445722116753852,127.00916175540073,0.014779419164875783,0.1183798460608418,37250.923382455796
2024-10-13 07:45:08.198695,0.0,1.0,0.0,0.0,0.0,0.0,0.0,898760.0,0.08098501373853388,0.033621854320173124,0.05328316897864072,0.019501026929403496,0.025342149186916324,0.02263244167204487,-0.00013988589247067773,0.0002002911642193795,-0.0003401770566900572,-0.0,0.0,0.0,0.0,1.0,0.0,0.0,35.940395867019916,37.06008596642235,35.89095954551876,351.0636164672833,365.70698639595736,363.98585523207277,10902.007839712824,11975.251648415242,11424.583761498237,9930.32969743967,746.7352958087621,6.446253826023267,126.9896628765642,0.015011925500730083,0.12155779120649143,38002.81177044259
2024-10-13 07:45:08.198695,0.0,1.0,0.0,0.0,0.0,0.0,0.0,898761.0,0.08072730421081616,0.03369923498482647,0.053136315684280906,0.01969901197411813,0.025342149186916324,0.022546549742941794,-0.00015260279178619387,0.00020982883870601657,-0.00034653550634781527,-0.0,0.0,0.0,0.0,1.0,0.0,0.0,36.1406864251281,35.94783956400395,37.32254066119142,369.66602414928934,358.37373898810716,368.4813592052557,11726.725397370965,11141.927499483187,12171.841808190808,10132.864023673212,760.5169011895732,6.459821652828933,127.23152328552622,0.015208699842293465,0.12474178896378815,38699.95855453817
2024-10-13 07:45:08.198695,0.0,1.0,0.0,0.0,0.0,0.0,0.0,898762.0,0.08066274817953105,0.03315377782566108,0.05338084673061675,0.019501026929403496,0.025380401509347835,0.022675265630247764,-0.00016531969110171005,0.00019711193939050042,-0.0003560731808344524,-0.0,0.0,0.0,0.0,1.0,0.0,0.0,37.35724832034571,36.444662420338354,35.98365946235483,371.16717459874593,377.59243037135394,361.93055259723496,12266.552741308213,12135.32531226926,11309.843861110416,10316.569099200065,774.0750996057208,6.463090261261218,127.26927674509511,0.015414673163951858,0.12792673150998227,39382.48896417545
2024-10-13 07:45:08.198695,0.0,1.0,0.0,0.0,0.0,0.0,0.0,898763.0,0.0805334808718213,0.03315377782566108,0.05342961864278282,0.019451215795870915,0.025150014882560457,0.02288818359375,-0.0001367066676417987,0.0001780365904172262,-0.0003751485298077266,-0.0,0.0,0.0,0.0,1.0,0.0,0.0,36.01862667814791,37.4422001313792,36.723164415535464,365.77423815023707,376.4575958231216,381.3188385351602,11429.956336565696,12473.18553397526,12389.112752398503,10473.748496784232,784.8841673555678,6.472196019674076,127.42890596818667,0.015566698066387762,0.131115668813727,39926.59808204764
2024-10-13 07:45:08.198695,0.0,1.0,0.0,0.0,0.0,0.0,0.0,898764.0,0.08114566657196526,0.03291724369090571,0.05289065410184976,0.019501026929403496,0.025532837723818223,0.022803254975850316,-0.00014624434212843582,0.0001780365904172262,-0.0003433562815189362,-0.0,0.0,0.0,0.0,1.0,0.0,0.0,37.01794777352942,36.09827149221563,37.65800901293493,385.4141810661541,372.3494946269628,377.7773545421525,12649.435787305738,11677.883578019877,12597.643831710202,10649.982767964091,796.6132636929885,6.484954105490134,127.66526584108465,0.01568103825897709,0.13431052107695496,40516.43381205026
2024-10-13 07:45:08.198695,0.0,1.0,0.0,0.0,0.0,0.0,0.0,898765.0,0.08082404157831061,0.033075121065200774,0.052296358225924496,0.01969901197411813,0.025722112647481858,0.02297279823941287,-0.0001780365904172262,0.00018121581524610522,-0.00036243163049221044,-0.0,0.0,0.0,0.0,1.0,0.0,0.0,37.72628303062844,37.32394983546698,36.244283395074746,380.8631351239564,392.6998418213819,375.2425906987007,12717.858805407606,13025.872009462013,11864.919561922912,10839.004576699728,808.9541985621562,6.500403682062252,127.94898596066005,0.015838152377113335,0.13751247350059206,40945.002175109454
2024-10-13 07:45:08.198695,0.0,1.0,0.0,0.0,0.0,0.0,0.0,898766.0,0.08168952297702502,0.033388636330645795,0.05219665106520728,0.019895026871345974,0.026022089115979988,0.02318298375463526,-0.0001780365904172262,0.00019075348973274234,-0.00036879008014996856,-0.0,0.0,0.0,0.0,1.0,0.0,0.0,36.610798044077775,38.15457777931137,37.81143215110779,383.8381873860759,391.2364405929997,402.63414802987126,12236.52865008207,13252.239401234145,13577.693606828154,11239.546620635247,837.483981933002,6.512762526819814,128.15739343387312,0.016105739261059283,0.14071964136856385,42559.56240041433
2024-10-13 07:45:08.198695,0.0,1.0,0.0,0.0,0.0,0.0,0.0,898767.0,0.08260901483885721,0.03315377782566108,0.0518963802071913,0.02013736256391312,0.026244821472867705,0.02276067182949264,-0.00014624434212843582,0.00018439504007498428,-0.0003560731808344524,-0.0,0.0,0.0,0.0,1.0,0.0,0.0,38.49248585196731,37.538597916723766,39.30786161700951,412.2051730951627,396.4722913975714,405.31587983168896,14133.2224467327,13002.050676861298,14202.019060358005,11884.955523780416,877.3052530839499,6.575118662275278,129.36542304205094,0.01625027861257732,0.14395704045175545,43738.22636731042
2024-10-13 07:45:08.198695,0.0,1.0,0.0,0.0,0.0,0.0,0.0,898768.0,0.08168952297702502,0.03291724369090571,0.05199666316101998,0.02013736256391312,0.02650231011985886,0.022546549742941794,-0.00017485736558834716,0.0001716781407594681,-0.0003592524056633315,-0.0,0.0,0.0,0.0,1.0,0.0,0.0,40.3052970551963,39.39541798099294,39.3483255783307,419.409142050809,420.91133628522573,410.7354108465559,15071.623502170934,14724.09836866875,14250.112643070113,12669.322553473618,915.8000630630746,6.714459606036497,132.10647550733466,0.016253851698154298,0.1472630349952286,44644.90438985567
2024-10-13 07:45:08.198695,0.0,1.0,0.0,0.0,0.0,0.0,0.0,898769.0,0.08149798807578167,0.033388636330645795,0.052246528430687264,0.02004077993250076,0.026318646714264433,0.02224331624925728,-0.00015578201661507293,0.0001716781407594681,-0.0003497147311766943,-0.0,0.0,0.0,0.0,1.0,0.0,0.0,41.648101891601314,41.125588820750316,41.413360788987404,430.24978050805873,429.80532994695375,428.8444424535172,15886.531114320296,15666.520435921419,15733.349942430084,13624.46014047566,953.0872082548289,6.9364677870577784,136.50798119213223,0.016012289087307584,0.1506791782177966,45420.59413289017
2024-10-13 07:45:08.198695,0.0,1.0,0.0,0.0,0.0,0.0,0.0,898770.0,0.08260901483885721,0.03331053415039321,0.051946545883677045,0.020089129290905252,0.026170787978491077,0.022460329351623145,-0.00019075348973274234,0.0001716781407594681,-0.00037196930497884756,-0.0,0.0,0.0,0.0,1.0,0.0,0.0,44.424476733631394,43.01201095392517,43.267472626568704,446.79753653081536,444.5151433652051,434.1458794091561,17695.715572214274,16904.8832115064,16529.420220901313,14779.142343202093,988.2501372343269,7.253508338933183,142.80839252876035,0.015590898529497013,0.15425299066453046,45950.10543861604
2024-10-13 07:45:08.198695,0.0,1.0,0.0,0.0,0.0,0.0,0.0,898771.0,0.08279797966412092,0.03267899754122895,0.05234614058676942,0.01974819809806028,0.026096544458751023,0.022803254975850316,-0.0001939327145616214,0.00013034821798404061,-0.00038468620429436373,-0.0,0.0,0.0,0.0,1.0,0.0,0.0,46.64633996175629,46.0121860273697,45.53220078170272,452.41103091903733,459.64512107767723,449.70457950741394,18655.76118459971,18770.721268350324,17963.64280490646,16069.383094651625,1016.1238335222816,7.666275218685325,151.01634274746473,0.015060518702834702,0.15803220892904826,46132.73205186236
2024-10-13 07:45:08.198695,0.0,1.0,0.0,0.0,0.0,0.0,0.0,898772.0,0.08216640690542588,0.03235860747555765,0.052544798380736606,0.01964970273038926,0.026059343378600053,0.023099139054088526,-0.00020029116421937945,0.00013034821798404061,-0.00039422387878100085,-0.0,0.0,0.0,0.0,1.0,0.0,0.0,49.00247045467303,48.30164683923578,49.53651824314127,468.6244719117808,460.9100317655787,466.57347407311744,20228.98167734381,19473.264384689144,20378.175170603172,17505.240833250573,1038.2374786351002,8.168011565408948,161.00626297686003,0.014409678000994968,0.16206142721545203,46131.251097798224
2024-10-13 07:45:08.198695,0.0,1.0,0.0,0.0,0.0,0.0,0.0,898773.0,0.08222978246973071,0.03219721690590663,0.051946545883677045,0.019501026929403496,0.026096544458751023,0.02318298375463526,-0.00021618728836377468,0.0001208105434974035,-0.00039422387878100085,-0.0,0.0,0.0,0.0,1.0,0.0,0.0,52.16024535324787,51.835708082059355,52.75792243783406,479.4777568840845,475.023261677451,474.9618892521832,21987.485640567298,21404.254280801615,22003.626217624616,19147.155060819732,1057.5842822297705,8.76441473679418,172.88632737533766,0.013702953549551493,0.16638794681071778,45937.56701964727
2024-10-13 07:45:08.198695,0.0,1.0,0.0,0.0,0.0,0.0,0.0,898774.0,0.08251437014690051,0.032439001655304125,0.05279206938594377,0.019401276776896823,0.026059343378600053,0.023266526309168863,-0.00021300806353489565,0.00011127286901076638,-0.00042919535189867036,-0.0,0.0,0.0,0.0,1.0,0.0,0.0,55.18427557515541,56.64807428200952,55.32011073908659,478.6634294253802,491.51372196476376,489.55473871972407,22850.97437091039,24407.117414932698,23668.6756437586,20867.789665650478,1067.456158112301,9.457074196898445,186.6799971942738,0.013013997206992192,0.171059656124964,45272.32561397639
2024-10-13 07:45:08.198695,0.0,1.0,0.0,0.0,0.0,0.0,0.0,898775.0,0.08282943188924928,0.03211621748977285,0.05284138473475037,0.019301011109426145,0.025910004937642474,0.023266526309168863,-0.00015260279178619387,9.537674486637117e-05,-0.00040694077809651707,-0.0,0.0,0.0,0.0,1.0,0.0,0.0,59.95695758843564,59.11817305306582,59.63646276457338,497.296271797033,493.90621171506916,495.3741883865964,25875.314072347974,25344.8196007318,25639.579742324433,22729.900831115683,1077.5399953936644,10.196980736874544,201.43527416477986,0.01227981417898897,0.17610061959548523,45261.45253212064
2024-10-13 07:45:08.198695,0.0,1.0,0.0,0.0,0.0,0.0,0.0,898776.0,0.08270355122093219,0.03170811682633252,0.05234614058676942,0.019048038036167402,0.025947420126718565,0.023141099377598725,-0.0001684989159305891,9.219752003749214e-05,-0.0004164784525831542,-0.0,0.0,0.0,0.0,1.0,0.0,0.0,63.2106907465426,63.39752620083981,63.809955076265084,501.3606477002923,500.2781703833924,496.62322518661585,27459.461237696058,27244.17142499627,27524.103206491563,24455.91864862239,1077.9745657020412,10.958394513475389,216.64409150024616,0.01151536735676991,0.18152218717288796,45113.18215621026
2024-10-13 07:45:08.198695,0.0,1.0,0.0,0.0,0.0,0.0,0.0,898777.0,0.08200775372225469,0.032278013060311,0.052544798380736606,0.01826811217861732,0.02564657030330141,0.02318298375463526,-0.0001780365904172262,0.00010809364418188733,-0.0004482707008719446,-0.0,0.0,0.0,0.0,1.0,0.0,0.0,67.92283778591494,67.37556297078831,66.6504777146697,496.8747909302969,508.6601272669522,496.1074657895825,29166.04983032803,29692.180970637484,28326.69348933147,26073.547320632315,1071.8051351937495,11.742052430626611,232.30345538150075,0.010805577840943346,0.18733563388677416,44635.59768263761
2024-10-13 07:45:08.198695,0.0,1.0,0.0,0.0,0.0,0.0,0.0,898778.0,0.08251437014690051,0.03275860544857268,0.05159436185084285,0.01837401516539352,0.025684369248357337,0.023432717895079433,-0.00014624434212843582,0.00013034821798404061,-0.0004578083753585817,-0.0,0.0,0.0,0.0,1.0,0.0,0.0,70.22293429556606,71.65206148048803,71.03798548818027,492.0284313075413,500.54456146661187,502.3392929867357,29550.6520678505,30852.110977921566,30768.254425030376,27405.260799003605,1055.2655285244675,12.526536374625953,247.99536827376838,0.010119953125615606,0.19354177428353445,43911.912703133996
2024-10-13 07:45:08.198695,0.0,1.0,0.0,0.0,0.0,0.0,0.0,898779.0,0.08235638729061436,0.03235860747555765,0.05159436185084285,0.018426738416276855,0.025835012001953723,0.023556592156798117,-0.00015578201661507293,0.0001367066676417987,-0.00047688372433185594,-0.0,0.0,0.0,0.0,1.0,0.0,0.0,73.83595610311686,73.64298524051972,74.07250320845361,483.83441433813357,486.21858470079013,488.5572689626408,30384.272110214755,30569.506888215623,30828.60386103325,27725.76193618729,1008.1533573558268,13.255080588465933,262.62028674130795,0.009359901705048228,0.20011390658543599,42362.95376447954
2024-10-13 07:45:08.198695,0.0,1.0,0.0,0.0,0.0,0.0,0.0,898780.0,0.08124190578337871,0.03267899754122895,0.051695230689754394,0.018688123647942947,0.025872535641194412,0.023432717895079433,-0.00014942356695731485,0.00013352744281291964,-0.00043237457672754936,-0.0,0.0,0.0,0.0,1.0,0.0,0.0,75.24296136943822,76.424360905266,76.0369330967014,467.2699511106055,470.21541825835925,474.8641258985772,29562.15828346802,30410.972647348226,30707.052185765082,27510.28403565283,955.772923898518,13.863830405219968,274.86012089213096,0.008715077801869888,0.20699234351593532,41420.49606703968
2024-10-13 07:45:08.198695,0.0,1.0,0.0,0.0,0.0,0.0,0.0,898781.0,0.08104931308470009,0.03331053415039321,0.05129056512636666,0.0181615916660127,0.026096544458751023,0.02288818359375,-0.00014306511729955676,0.0001716781407594681,-0.00041012000292539613,-0.0,0.0,0.0,0.0,1.0,0.0,0.0,77.20143087720142,77.14733191499072,77.19147360367747,450.6901826520308,454.6450079374516,455.1215224713243,29261.427855450576,29630.75407905079,29594.708852673954,26947.633511608157,912.0537140497929,14.223785901154873,282.1445060921336,0.008194765961622592,0.21405307383993624,42670.14890165444
2024-10-13 07:45:08.198695,0.0,1.0,0.0,0.0,0.0,0.0,0.0,898782.0,0.08137004767024422,0.033853465699005894,0.05083146579886898,0.018531734926591673,0.026538890275460948,0.022803254975850316,-0.00015896124144395196,0.00016849891593058908,-0.0004132992277542751,-0.0,0.0,0.0,0.0,1.0,0.0,0.0,77.24357020261418,78.01717999692751,77.90114565661698,430.99511642327855,437.6972934586212,436.9917575853402,27944.6921856683,28717.204189616456,28653.959353910595,26066.090995329214,870.8880553819861,14.402625561482326,285.8149588814947,0.0077678626671231115,0.22120565807834297,43089.54896320573
2024-10-13 07:45:08.198695,0.0,1.0,0.0,0.0,0.0,0.0,0.0,898783.0,0.08104931308470009,0.033699234984826465,0.051846165991071586,0.018894628520718087,0.02672103991000101,0.022546549742941794,-0.00014306511729955676,0.00018121581524610528,-0.00041965767741203324,-0.0,0.0,0.0,0.0,1.0,0.0,0.0,77.48545933711888,77.9355913667653,76.98402052326585,412.62547096963226,421.59049491267587,412.86528211751937,26862.87479371949,27633.549889861766,26632.08041202995,24855.31526354245,830.1406638012384,14.402625561482326,285.91633626423845,0.007415922035496732,0.22836077930876994,43539.532455004926
2024-10-13 07:45:08.198695,0.0,1.0,0.0,0.0,0.0,0.0,0.0,898784.0,0.08133803112457424,0.03299627680272549,0.05134132274900665,0.019098900711587104,0.02657542007977932,0.022803254975850316,-0.00013034821798404061,0.0001684989159305891,-0.0003815069794654848,-0.0,0.0,0.0,0.0,1.0,0.0,0.0,76.9386606245323,76.31526670576363,76.39234698660208,397.59953051673835,397.14672677948266,391.58783511771014,25735.489653368586,25346.137408145478,25108.531282321626,23396.766993691723,783.6470495395565,14.357497386245866,285.106244317765,0.0071171993007296715,0.23549562780431038,41696.540560198075
2024-10-13 07:45:08.198695,0.0,1.0,0.0,1.0,0.0,1.0,111.46743774414062,898785.0,0.08133803112457424,0.03291724369090571,0.05159436185084285,0.019301011109426145,0.02613369258354722,0.023014988905331966,-0.00018439504007498428,0.00014942356695731487,-0.00039740310360987996,-0.0,0.0,0.0,0.0,1.0,0.0,0.0,74.58192247680569,75.11460704335487,74.71574970543539,371.1804084661431,376.1873865521324,375.4233995210694,23118.93735689296,23730.517588195602,23519.04622037457,21648.406240478023,736.7849386314382,14.126053037151596,280.5799100318224,0.006870817722771796,0.24251720375667082,41826.46533381264
2024-10-13 07:45:08.198695,1.0,1.0,1.0,1.0,58.62374496459961,0.0,5.780052185058594,898786.0,0.08108144363624357,0.033232248415491,0.0523958756484271,0.019550711154970875,0.025872535641194412,0.022546549742941794,-0.0001716781407594681,0.00014306511729955676,-0.0003942238787810009,-0.0,0.0,0.0,0.0,1.0,0.0,0.0,72.98902921796034,72.23218797135735,71.63761318902145,352.0238432091743,358.7850385662776,345.95481566105605,21660.65345463162,21689.78865013758,20589.992309326586,19699.365236035555,692.0699293332078,13.682094713318033,271.8151348759022,0.006675729954859467,0.2493194392207701,42394.376692136815
2024-10-13 07:45:08.336660,1.0,1.0,1.0,1.0,1.0,1.0,1.0,898787.0,0.08092066330029249,0.032035013270089084,0.052146725992984415,0.0198462046459215,0.026096544458751023,0.02250348084068699,-0.00014306511729955676,0.00011445209383964543,-0.00036243163049221055,-0.0,0.0,0.0,0.0,1.0,0.0,0.0,68.43460647903434,69.38963695525206,69.06291455353698,326.1784496640363,331.15574673205003,331.4639345462869,18542.53603115929,19199.81564333534,19163.223347489366,17547.3382387952,647.208226757092,13.030146806262755,258.9039048038417,0.006519616957027366,0.25579856822090663,42852.59718526961
2024-10-13 07:45:08.414808,1.0,1.0,1.0,1.0,1.0,1.0,1.0,898788.0,0.08111356146029439,0.031127788521240873,0.05269330022668048,0.01964970273038926,0.025910004937642474,0.02250348084068699,-0.00015578201661507293,7.948062072197598e-05,-0.0003815069794654847,-0.0,0.0,0.0,0.0,1.0,0.0,0.0,65.13020242679981,64.66206451849399,64.75839338325977,307.89099866844157,312.3428761685412,309.04871516060115,16685.831821706655,16763.170889063353,16506.079417046145,15397.653336352765,606.8467015274585,12.193696640474917,242.29637906848592,0.00646872637365784,0.2618620901188869,43195.39716757971
2024-10-13 07:45:08.476294,1.0,1.0,1.0,1.0,1.0,1.0,1.0,898789.0,0.08207125179891674,0.031211353204542467,0.053136315684280906,0.01964970273038926,0.02564657030330141,0.022718008864468682,-0.00013988589247067773,7.948062072197598e-05,-0.00037832775463660567,-0.0,0.0,0.0,0.0,1.0,0.0,0.0,60.06090140109714,60.90773159819322,60.83652009780968,303.9693814211017,301.8696628179284,306.99859150942115,14931.15049836539,15144.945902252188,15535.68627225071,14013.648062976637,595.0430809723774,11.321346663354806,224.8920891235199,0.006778540527092156,0.2674900657094654,42994.35469553878
2024-10-13 07:45:08.538487,1.0,1.0,1.0,1.0,1.0,1.0,1.0,898790.0,0.08264053898228241,0.03146071551579092,0.053575667986689904,0.01935120888239217,0.025872535641194412,0.022546549742941794,-0.00015260279178619387,8.265984555085501e-05,-0.000400582328438759,-0.0,0.0,0.0,0.0,1.0,0.0,0.0,56.95262077756554,55.70438207537198,56.265713801320274,305.32117986818037,307.3309844015902,296.7779495825101,14444.584794531911,13991.041165669618,13652.804155371834,12871.644213601565,591.9895689309657,10.457566887212364,207.6305978851234,0.007271002306394275,0.2726860685626955,42597.48908806073
2024-10-13 07:45:08.600415,1.0,1.0,1.0,1.0,1.0,1.0,1.0,898791.0,0.08251437014690051,0.031043998898136287,0.05352702914962142,0.01969901197411813,0.02564657030330141,0.022286887919318283,-0.00015896124144395196,8.265984555085502e-05,-0.0003910446539521219,-0.0,0.0,0.0,0.0,1.0,0.0,0.0,51.1486773652785,52.53824187317526,52.379777467630646,298.53403205358444,302.2708936114326,309.81445921942964,12387.58220613902,13032.052168794833,13359.109035836973,11788.978384866055,593.5871988588997,9.558054329802292,189.65444546936195,0.00788152627457974,0.2774322141203546,43011.637322549344
2024-10-13 07:45:08.664018,1.0,1.0,1.0,1.0,1.0,1.0,1.0,898792.0,0.08226145194229703,0.031127788521240873,0.0537697833616843,0.019451215795870915,0.025150014882560457,0.02202416493185523,-0.00015260279178619387,8.265984555085502e-05,-0.0003560731808344524,-0.0,0.0,0.0,0.0,1.0,0.0,0.0,48.449851021751925,47.76014667116989,47.111055489458614,305.59353454537995,310.3110716744752,296.7112713331203,12146.628713438744,12105.323904498971,11373.043660444726,10754.04939441825,595.9566496011582,8.690855978985306,172.31724359698217,0.008629046358326039,0.2817444922648603,42550.97513302138
2024-10-13 07:45:08.727041,1.0,1.0,1.0,1.0,1.0,1.0,1.0,898793.0,0.08222978246973073,0.03137781493555469,0.053185311836400524,0.019200221850765864,0.025150014882560457,0.02233037457124348,-0.00013988589247067773,7.630139589309694e-05,-0.0003528939560055733,-0.0,0.0,0.0,0.0,1.0,0.0,0.0,43.94906447053792,42.90592945616263,44.10924299630443,307.433876985211,299.54087905151425,308.69738290293697,11039.49309783729,10502.924977362627,11099.059197509456,9770.931638829947,602.8491054361065,7.813129289819296,154.77425991777616,0.00952451843174472,0.2856177532597754,42883.45725855607
2024-10-13 07:45:08.788625,1.0,1.0,1.0,1.0,1.0,1.0,1.0,898794.0,0.08120983871846918,0.031625864763461305,0.053038187593736096,0.018997039181501363,0.024917498197257262,0.021980072465344138,-0.00014624434212843582,7.948062072197598e-05,-0.0003687900801499686,-0.0,0.0,0.0,0.0,1.0,0.0,0.0,39.17042702218845,39.40865662881435,40.18446662977408,298.5681486645633,311.1101030045456,308.53823107884114,9674.33154302005,9967.656676944442,10085.935188104366,8809.94379835635,612.4883919557354,6.9415225398058,137.35569087861518,0.010622740969606418,0.2890551106097145,43126.45967275484
2024-10-13 07:45:08.851855,1.0,1.0,1.0,1.0,1.0,1.0,1.0,898795.0,0.0805981404413478,0.031953602685443394,0.05289065410184977,0.018739963202861063,0.02557080478973271,0.02206816930126611,-0.00012716899315516156,0.00010491441935300828,-0.00036243163049221044,-0.0,0.0,0.0,0.0,1.0,0.0,0.0,35.150507033034394,35.49751083462537,35.978720452359845,308.99435938135133,313.79468544078765,297.66248217095745,8946.6889339239,8971.209658817308,8843.856184151808,7830.686883429003,622.4923075265724,6.0790214111108085,120.12606519633758,0.01196214758530378,0.29206129266508196,43340.0949229793
2024-10-13 07:45:08.914441,1.0,1.0,1.0,1.0,1.0,1.0,1.0,898796.0,0.08101716979052112,0.032439001655304125,0.0518963802071913,0.018688123647942947,0.025684369248357337,0.02250348084068699,-0.00015896124144395196,0.00011127286901076637,-0.0003528939560055733,-0.0,0.0,0.0,0.0,1.0,0.0,0.0,31.31470002951337,31.451624642415144,32.18655039510744,321.6991138218587,302.0906662994244,298.10695391000087,8179.331354831509,7678.636836000133,7945.776208074571,6854.54780565059,632.0872358722639,5.248856880153163,103.55550031857867,0.013542351381879269,0.29465279257214627,43219.27132868067
2024-10-13 07:45:08.976315,1.0,1.0,1.0,1.0,1.0,1.0,1.0,898797.0,0.08114566657196527,0.032599195230312655,0.052246528430687264,0.018791659751293096,0.025303839037745666,0.022460329351623145,-0.0001367066676417987,0.00012398976832628253,-0.00035925240566333144,-0.0,0.0,0.0,0.0,1.0,0.0,0.0,27.923292242109685,27.07533011627447,28.387630996524752,328.6042607037798,286.5969196121757,305.8104136450531,7346.731967980342,6366.428356158187,6989.803631011889,5835.857503256425,646.0644982250343,4.380509109874846,86.25815887190285,0.015432262457190694,0.2968114225822605,44220.28621135575
2024-10-13 07:45:09.039611,1.0,1.0,1.0,1.0,1.0,1.0,1.0,898798.0,0.08172140181647343,0.03291724369090571,0.05219665106520728,0.018791659751293096,0.024917498197257262,0.021891621110694724,-0.00014306511729955676,0.00013034821798404061,-0.00033699783186117815,-0.0,0.0,0.0,0.0,1.0,0.0,0.0,25.081567361307524,23.35135512392666,24.1918530580195,332.6879373618079,273.27224186637204,314.01181953731,6549.751954921485,5337.184783239364,5781.515954851109,4839.904460243259,663.3853436244351,3.54567307868224,69.6694365960834,0.0175428606918233,0.2985549160510626,44423.877380239195
2024-10-13 07:45:09.102610,1.0,1.0,1.0,1.0,1.0,1.0,1.0,898799.0,0.08046876934600648,0.03338863633064579,0.052096753076864476,0.018584010728398753,0.025342149186916324,0.021802810922600106,-0.00017485736558834716,0.00012081054349740349,-0.0003433562815189362,-0.0,0.0,0.0,0.0,1.0,0.0,0.0,21.299763025627218,21.00025535612026,19.814119633382536,331.9652940406185,259.63032119698954,319.610973657667,5289.892862834656,4665.431547586743,4626.471116938369,3843.700080293164,681.911240629709,2.7462311762847658,53.82611381884178,0.020000313818075027,0.2999019267702425,44647.1362485266
2024-10-13 07:45:09.165258,1.0,1.0,1.0,1.0,1.0,1.0,1.0,898800.0,0.08152994180689606,0.032519197084621136,0.0518963802071913,0.018584010728398753,0.024761274097977876,0.021624096343466504,-0.00010173519452412927,0.00010491441935300828,-0.00033699783186117815,-0.0,0.0,0.0,0.0,1.0,0.0,0.0,17.0878992462948,17.337423886821203,18.045926810115528,339.57393510573746,234.42757082938215,320.7351921072828,4124.904587904818,3399.6998910726966,4023.838827355914,2883.477984318804,717.9166908433943,1.9614603080277873,38.354292108338846,0.02230261934529315,0.3008617516383422,45962.31747233026
2024-10-13 07:45:09.228662,1.0,1.0,1.0,1.0,1.0,1.0,1.0,898801.0,0.08200775372225469,0.032519197084621136,0.05234614058676942,0.018843214470258284,0.02436633212687883,0.02193589137049136,-5.722604691982271e-05,6.676372140645982e-05,-0.00036243163049221044,-0.0,0.0,0.0,0.0,1.0,0.0,0.0,16.02608721257044,13.773037302240372,14.246682095278103,348.2464682029562,237.75030097754234,297.15990294041285,3443.248052174785,2626.9228562120093,2606.713205209562,1971.572667975535,810.0938995297296,1.1897792176889568,23.240678836515563,0.023319684400834827,0.30144335490286855,50203.855262184734
2024-10-13 07:45:09.291987,1.0,1.0,1.0,1.0,1.0,1.0,1.0,898802.0,0.08216640690542588,0.03267899754122895,0.052296358225924496,0.018843214470258284,0.024286573051581467,0.021891621110694724,-2.861302345991136e-05,7.948062072197598e-05,-0.00037196930497884756,-0.0,0.0,0.0,0.0,1.0,0.0,0.0,12.21337353357717,12.165689220987693,12.666147270987647,334.0376573732847,240.47874661534138,300.1166693432916,1976.241282137429,1524.5585706499983,2402.316517374964,1091.024601410833,1194.7889098731728,0.4448565482861121,8.71996502049041,0.019912705108466537,0.30166157400731675,0.0
2024-10-13 07:45:09.355996,1.0,1.0,1.0,1.0,1.0,1.0,1.0,898803.0,0.08276651548678712,0.03331053415039321,0.05289065410184977,0.019098900711587104,0.02412626388678268,0.02202416493185523,-6.676372140645982e-05,9.219752003749214e-05,-0.00037196930497884756,-0.0,0.0,0.0,0.0,1.0,0.0,0.0,11.58028382952239,10.981635246226029,9.222432301055674,327.7302407609149,241.68812389806308,294.96398480404076,1637.8682107842276,830.5945788130676,740.490702186506,234.95018151232756,375.35433612646244,0.3007679251909259,-5.9773093052149875,0.006325341802882856,0.0,0.0
2024-10-13 07:45:09.417754,1.0,1.0,1.0,1.0,1.0,1.0,1.0,898804.0,0.08389179166465847,0.033388636330645795,0.053575667986689904,0.018843214470258284,0.02436633212687883,0.02224331624925728,-3.815069794654848e-05,0.00010809364418188733,-0.00037832775463660567,-0.0,0.0,0.0,0.0,1.0,0.0,0.0,11.656484441634792,7.859366272746234,10.517230041769354,340.4414026070957,218.85446021550118,287.6629408890405,694.7381167871332,-307.61146709094385,236.2778593622583,-581.081678956694,-276.9208199785194,1.0205049683917788,-20.03793464570907,0.018234341510017647,0.0,0.0
2024-10-13 07:45:09.479201,1.0,1.0,1.0,1.0,1.0,1.0,1.0,898805.0,0.08382967259530032,0.033466556241354264,0.05323426289309145,0.018791659751293096,0.02404570852370771,0.022155915847396346,-3.497147311766943e-05,0.00010491441935300828,-0.00037832775463660567,-0.0,0.0,0.0,0.0,1.0,0.0,0.0,11.04637846957867,10.834977533335683,11.067926597390917,320.9592607841054,215.1789676710996,301.85096154980147,-222.5381333893352,-1370.8311216503648,-273.83188960939054,-1359.1521291535726,-382.4471163564809,1.7554013539819915,-33.93657902239789,0.03336695777819129,0.0,0.0
2024-10-13 07:45:09.540803,1.0,1.0,1.0,1.0,1.0,1.0,1.0,898806.0,0.08364303858434123,0.03315377782566108,0.0537697833616843,0.018739963202861063,0.024286573051581467,0.02206816930126611,-1.2716899315516157e-05,0.00011127286901076638,-0.0003910446539521218,-0.0,0.0,0.0,0.0,1.0,0.0,0.0,13.401473025609617,11.938750067758617,13.175705734489998,311.39304894086837,225.593602514265,294.04480198427405,-1537.3528073480522,-1584.6659039761107,-1076.7874991130384,-2098.0367035068425,-422.2230378437247,2.4563045397025767,-47.45069059091874,0.0341040814779354,0.0,0.0
2024-10-13 07:45:09.603250,1.0,1.0,1.0,1.0,1.0,1.0,1.0,898807.0,0.08423262767893537,0.033621854320173124,0.05396320047314553,0.018531734926591673,0.024564596844570415,0.02206816930126611,-5.404682209094367e-05,0.0001367066676417987,-0.00037196930497884756,-0.0,0.0,0.0,0.0,1.0,0.0,0.0,14.65748302281249,15.234143858874887,15.47874649240305,299.9741415556032,237.602877321002,287.8671820587328,-2031.2814763993456,-2179.6775271130487,-2231.297575118136,-2824.0861276524674,-435.5694458205349,3.192400001360075,-61.91443471243814,0.03028388225065137,0.0,0.0
2024-10-13 07:45:09.665020,1.0,1.0,1.0,1.0,1.0,1.0,1.0,898808.0,0.08420169959723225,0.03331053415039321,0.054443737120636514,0.018636139893149068,0.024995244090384144,0.022546549742941794,-1.1564823173178715e-20,0.00014306511729955676,-0.00038468620429436373,-0.0,0.0,0.0,0.0,1.0,0.0,0.0,17.8356529722394,18.179542089886848,17.100849514192756,292.2516328869285,258.87728872979727,270.488782256439,-2877.697219847022,-3090.5679400838235,-2828.2771131753866,-3596.710075356891,-453.44930512405256,3.889276993867043,-75.74397149487774,0.026246117024866667,0.0,0.0
2024-10-13 07:45:09.727946,1.0,1.0,1.0,1.0,1.0,1.0,1.0,898809.0,0.08497152453000206,0.03307512106520077,0.054491557715820364,0.018997039181501363,0.024956401418756297,0.022155915847396346,-6.358449657758084e-06,0.00015578201661507293,-0.00037832775463660567,-0.0,0.0,0.0,0.0,1.0,0.0,0.0,20.886384433106247,20.004264793570876,20.063054891041634,292.87293183324675,275.78165544728233,260.2832536534613,-4061.1363948923813,-3647.6727051867924,-3575.6677233916694,-4434.188810506515,-469.48314393673496,4.617874556800177,-90.19148954450853,0.0234523649879729,0.0,0.0
2024-10-13 07:45:09.790912,1.0,1.0,1.0,1.0,1.0,1.0,1.0,898810.0,0.08342477119640389,0.03415983814915113,0.05410780957691522,0.01894590304788124,0.025418596266109744,0.02250348084068699,-4.450914760430655e-05,0.0001907534897327424,-0.00039422387878100085,-0.0,0.0,0.0,0.0,1.0,0.0,0.0,23.20269916983363,22.401376572555115,23.195201594471513,284.21974036772826,285.2273947933485,265.85407216714725,-4806.780379817168,-4340.247673087796,-4438.848732282556,-5213.406462656369,-477.8133715039343,5.320677098149778,-104.19207059032608,0.020875833391975337,0.0,0.0
2024-10-13 07:45:09.851530,1.0,1.0,1.0,1.0,1.0,1.0,1.0,898811.0,0.0832997901955936,0.03385346569900589,0.053478346075293066,0.01914962829286367,0.026022089115979988,0.022675265630247764,-6.994294623533885e-05,0.0002002911642193795,-0.0003878654291232428,-0.0,0.0,0.0,0.0,1.0,0.0,0.0,25.322788983858143,25.450617696748726,25.91315160244095,277.7923083719268,284.4935866299765,285.08529733513376,-5287.744105725301,-5247.105616839315,-5487.233656501148,-6047.845620024832,-490.59271724304716,5.999885896594989,-117.72019742479313,0.018979698500592942,0.0,0.0
2024-10-13 07:45:09.914848,1.0,1.0,1.0,1.0,1.0,1.0,1.0,898812.0,0.08345598720168583,0.033621854320173124,0.05381820280721077,0.019048038036167402,0.02613369258354722,0.02284575874987356,-7.948062072197598e-05,0.00019711193939050045,-0.00037832775463660567,-0.0,0.0,0.0,0.0,1.0,0.0,0.0,27.40129733310116,28.027528332582847,28.204369390267928,290.6274067960624,281.83019874279523,300.42703610724016,-5952.331474310239,-6058.2225017069095,-6616.818458670648,-6959.2165964208125,-509.2319699753228,6.6453357745953525,-130.50167153737831,0.01809572936647562,0.0,0.0
2024-10-13 07:45:09.976186,1.0,1.0,1.0,1.0,1.0,1.0,1.0,898813.0,0.08401589201602809,0.03299627680272549,0.053429618642782825,0.018843214470258284,0.026170787978491077,0.022718008864468682,-8.265984555085502e-05,0.00018121581524610528,-0.00036243163049221055,-0.0,0.0,0.0,0.0,1.0,0.0,0.0,29.701340812151876,30.223980719968953,29.97850971112412,302.8030198336312,299.1093117559128,300.6599880699558,-6968.707950714186,-7030.107737772156,-7182.306878567643,-7862.3058750195105,-529.3544186458021,7.218108490290321,-141.8321789750185,0.01752530343781349,0.0,0.0
2024-10-13 07:45:10.036830,1.0,1.0,1.0,1.0,1.0,1.0,1.0,898814.0,0.08389179166465847,0.03299627680272549,0.052742707926448876,0.019250682441991743,0.026244821472867705,0.022675265630247764,-9.219752003749215e-05,0.0001907534897327424,-0.00035925240566333144,-0.0,0.0,0.0,0.0,1.0,0.0,0.0,31.574227670170913,32.28916738667386,31.3701171748712,303.6187941751191,313.4130525631324,315.6802860921802,-7464.42766071182,-8120.103914419645,-7839.203748873893,-8665.422847568716,-545.1068633911881,7.722288937830781,-151.8026984571961,0.017113321715219076,0.0,0.0
2024-10-13 07:45:10.099945,1.0,1.0,1.0,1.0,1.0,1.0,1.0,898815.0,0.08460288277195668,0.032278013060311,0.05391491124604849,0.019250682441991743,0.026392265450275895,0.022373776700767792,-0.00010173519452412925,0.00019075348973274234,-0.00036879008014996856,-0.0,0.0,0.0,0.0,1.0,0.0,0.0,33.450885962822476,33.231437960099214,32.93368221474505,321.2161069540729,321.91269270195426,318.5597774267148,-8551.048396680368,-8523.039509271552,-8352.124881277483,-9387.599377056773,-562.9169114337254,8.099320152665207,-159.2508039049263,0.01688783192177971,0.0,0.0
2024-10-13 07:45:10.163030,1.0,1.0,1.0,1.0,1.0,1.0,1.0,898816.0,0.08503280944567196,0.032439001655304125,0.05410780957691522,0.019501026929403496,0.026318646714264433,0.022112086099532226,-0.00012398976832628253,0.0001684989159305891,-0.0003497147311766943,-0.0,0.0,0.0,0.0,1.0,0.0,0.0,34.597507221957734,34.56144174950253,34.01424396819711,327.41579890375385,332.5527830978929,330.1238109369917,-9004.163964367803,-9247.873140721631,-8935.09674972174,-10029.483707725862,-577.9708893971178,8.426956666684816,-165.7081979069129,0.01679690271800788,0.0,0.0
2024-10-13 07:45:10.225704,1.0,1.0,1.0,1.0,1.0,1.0,1.0,898817.0,0.08435622661215106,0.032035013270089084,0.05367281342999681,0.019501026929403496,0.026096544458751023,0.022155915847396346,-0.00011445209383964543,0.00015578201661507293,-0.00038786542912324284,-0.0,0.0,0.0,0.0,1.0,0.0,0.0,35.97261160334876,34.97242168989108,35.08962456728122,340.5651117039869,341.43254369490944,333.0411601940513,-9904.83715770199,-9539.481475947045,-9247.22350123008,-10580.251594785528,-593.7270647858478,8.653541637749989,-170.16903291145,0.016766544641624245,0.0,0.0
2024-10-13 07:45:10.289474,1.0,1.0,1.0,1.0,1.0,1.0,1.0,898818.0,0.08379859579252887,0.03283802036619844,0.053429618642782825,0.01964970273038926,0.025797433782787597,0.022546549742941794,-0.00017803659041722622,0.00013352744281291964,-0.000406940778096517,-0.0,0.0,0.0,0.0,1.0,0.0,0.0,36.34751265686651,35.50930313002859,36.56997359024203,349.13540508878117,341.0015681236301,344.05290264641184,-10219.464494335432,-9544.45970747193,-10085.754789617438,-11006.200087355,-605.3381774655171,8.828352479371828,-173.6243852216755,0.01666598820468945,0.0,0.0
2024-10-13 07:45:10.351999,1.0,1.0,1.0,1.0,1.0,1.0,1.0,898819.0,0.08395386477094235,0.03283802036619844,0.05308727431187204,0.019301011109426145,0.026207830867489117,0.02293052994557668,-0.00016531969110171005,0.00013034821798404061,-0.00040376155326763796,-0.0,0.0,0.0,0.0,1.0,0.0,0.0,36.75629006004546,36.72009707842123,37.349027453843206,343.7177227881101,340.5393517266271,348.05040964302657,-9997.08150719134,-9897.972826272617,-10391.372361235455,-11154.44348929851,-605.9469930590004,8.932931798027495,-175.78615018441482,0.01607806843868067,0.0,0.0
2024-10-13 07:45:10.415121,1.0,1.0,1.0,1.0,1.0,1.0,1.0,898820.0,0.08500217251099144,0.032278013060311,0.05362426270687213,0.019501026929403496,0.026318646714264433,0.022803254975850316,-0.00018757426490386333,0.00011763131866852444,-0.000400582328438759,-0.0,0.0,0.0,0.0,1.0,0.0,0.0,37.833340086580634,37.87556381570412,38.07301889164169,341.79705688721754,342.6837044281761,346.12230848519414,-10161.781525514109,-10222.087899064769,-10388.066683020765,-11321.202127071401,-607.3091576984357,9.03975887860331,-178.01397434160918,0.015383171541444536,0.0,0.0
2024-10-13 07:45:10.477628,1.0,1.0,1.0,1.0,1.0,1.0,1.0,898821.0,0.08524695969167002,0.032519197084621136,0.05396320047314553,0.019451215795870915,0.026281760015388615,0.022589536530764214,-0.00019075348973274234,0.0001144520938396454,-0.0003974031036098799,-0.0,0.0,0.0,0.0,1.0,0.0,0.0,39.365223254391466,38.63820236980995,38.96475728181822,339.3023338368568,342.81778012679695,340.610956063488,-10441.926348951416,-10360.670634893931,-10224.848777529121,-11400.89046221279,-603.230161188084,9.157157823060171,-180.47917920450155,0.014545873884543566,0.0,0.0
2024-10-13 07:45:10.539816,1.0,1.0,1.0,1.0,1.0,1.0,1.0,898822.0,0.08533857386071107,0.032599195230312655,0.05381820280721077,0.019451215795870915,0.026538890275460948,0.02293052994557668,-0.00021936651319265374,0.00012398976832628253,-0.0004260161270697913,-0.0,0.0,0.0,0.0,1.0,0.0,0.0,41.18043433948997,39.98273939905718,40.2651681119832,333.9835603583684,337.0788958535231,331.04412712221495,-10661.807877667621,-10386.690453635065,-10072.842121828933,-11405.601099465342,-588.3727648669131,9.380811196685865,-185.11303401253124,0.013342076014014805,0.0,0.0
2024-10-13 07:45:10.600843,1.0,1.0,1.0,1.0,1.0,1.0,1.0,898823.0,0.08469519363713782,0.03299627680272549,0.053185311836400524,0.019250682441991743,0.026244821472867705,0.02250348084068699,-0.00016849891593058908,0.00014306511729955676,-0.00041329922775427513,-0.0,0.0,0.0,0.0,1.0,0.0,0.0,42.912074857263995,42.04892943467809,41.775371358391375,326.0537024898366,327.5697183783806,323.0117571758259,-10615.27688198661,-10457.311345361422,-10120.974318859118,-11395.783747659068,-568.9139960623542,9.680906317500533,-191.27973574910328,0.012077333073041853,0.0,0.0
2024-10-13 07:45:10.664170,1.0,1.0,1.0,1.0,1.0,1.0,1.0,898824.0,0.08478740400047105,0.03299627680272549,0.05333203021676551,0.019200221850765864,0.02613369258354722,0.022589536530764214,-0.00019711193939050045,0.00012716899315516156,-0.00041965767741203324,-0.0,0.0,0.0,0.0,1.0,0.0,0.0,44.21007827095733,44.53539226750209,44.43093128272547,317.8086118241118,314.0671374797109,317.4757440029061,-10450.566643427448,-10395.399253114128,-10660.509001845228,-11464.36517862741,-549.8123527101021,10.065057920364698,-199.11633981252598,0.010853482473992496,0.0,0.0
2024-10-13 07:45:10.726614,1.0,1.0,1.0,1.0,1.0,1.0,1.0,898825.0,0.08475667835930975,0.033075121065200774,0.05284138473475037,0.019301011109426145,0.026022089115979988,0.022718008864468682,-0.00019075348973274234,0.00012398976832628253,-0.0004132992277542751,-0.0,0.0,0.0,0.0,1.0,0.0,0.0,46.813619468014956,46.35487607523991,47.620068401248794,309.9004114326659,301.61517749735367,309.142303041874,-10768.417684099673,-10226.43839680205,-10999.600778713042,-11591.264143908926,-530.8853216552766,10.526833590335857,-208.4977952792057,0.009684187130037016,0.0,0.0
2024-10-13 07:45:10.788587,1.0,1.0,1.0,1.0,1.0,1.0,1.0,898826.0,0.08441795821690903,0.03291724369090571,0.05289065410184977,0.019048038036167402,0.025947420126718565,0.02293052994557668,-0.00015578201661507293,0.00013988589247067773,-0.0004514499257008236,-0.0,0.0,0.0,0.0,1.0,0.0,0.0,49.83918854817727,49.860335227356344,49.421119871241835,295.8488149355419,294.1023863828952,301.8382287990444,-10740.518800463711,-10972.575015865048,-11071.293910971686,-11819.450217184009,-512.4006233197404,11.110129417371187,-220.271854609308,0.008689069521984765,0.0,0.0
2024-10-13 07:45:10.851426,1.0,1.0,1.0,1.0,1.0,1.0,1.0,898827.0,0.08478740400047105,0.033232248415491,0.052989055403854235,0.018584010728398753,0.026281760015388615,0.023308185297423505,-0.00013988589247067773,0.00014624434212843582,-0.0004482707008719446,-0.0,0.0,0.0,0.0,1.0,0.0,0.0,52.31045080002602,52.79620381781389,53.27085879261673,285.10137349839414,283.8760607842057,294.2160728318453,-10974.229282924942,-11169.668421825634,-11725.815729796472,-12148.94321031154,-496.7937817217732,11.768315939349572,-233.52518929232704,0.007822400010982835,0.0,0.0
2024-10-13 07:45:10.912415,1.0,1.0,1.0,1.0,1.0,1.0,1.0,898828.0,0.08484882190349086,0.03283802036619844,0.052495204411799876,0.0181615916660127,0.026355481787173698,0.023014988905331966,-9.537674486637117e-05,0.000162140466272831,-0.00041965767741203314,-0.0,0.0,0.0,0.0,1.0,0.0,0.0,56.16511931950952,56.48303597897029,55.4288489842624,273.8109994082654,280.60755031719594,282.24655038958497,-11418.48365158483,-12085.383003975143,-11687.69916682946,-12562.785734688729,-483.9257063431777,12.483768110266851,-247.90120745461988,0.007105846307967138,0.0,0.0
2024-10-13 07:45:10.976029,1.0,1.0,1.0,1.0,1.0,1.0,1.0,898829.0,0.0845412861982489,0.03275860544857269,0.05269330022668048,0.01826811217861732,0.025872535641194412,0.02334976996081142,-0.00010809364418188733,0.00014942356695731485,-0.0004355538015564284,-0.0,0.0,0.0,0.0,1.0,0.0,0.0,59.6588154876144,59.14333044127541,59.43161047647843,273.8530728953115,276.70649644791456,276.83402284844846,-12389.546202273637,-12412.218574487923,-12380.942854743927,-13230.426677683998,-480.9624207132049,13.221539444349236,-262.6842822995396,0.006604777737102225,0.0,0.0
2024-10-13 07:45:11.037760,1.0,1.0,1.0,1.0,1.0,1.0,1.0,898830.0,0.08389179166465847,0.03259919523031266,0.052742707926448876,0.01794665401649714,0.025532837723818223,0.023266526309168863,-7.948062072197598e-05,0.00013352744281291964,-0.00042919535189867036,-0.0,0.0,0.0,0.0,1.0,0.0,0.0,62.38205139926238,63.063898872972175,62.847343467745354,271.16375432828795,274.29269135907873,277.00520740527617,-12791.099731528722,-13196.927207725168,-13275.34054061135,-13936.056835506446,-479.92448987737066,13.951064013741385,-277.29266324548485,0.006195287426250125,0.0,0.0
2024-10-13 07:45:11.099301,1.0,1.0,1.0,1.0,1.0,1.0,1.0,898831.0,0.08370529615796608,0.03291724369090571,0.05279206938594377,0.01783821402664203,0.02526547079878701,0.023638814368941753,-8.2659845550855e-05,0.000162140466272831,-0.00041965767741203324,-0.0,0.0,0.0,0.0,1.0,0.0,0.0,65.97285511028285,66.8508839558321,65.72083258587931,268.5268184771508,273.4679161466667,275.63062509558097,-13374.756328089952,-14101.969509221826,-13840.266948522705,-14634.605751093675,-478.7058029029199,14.68209825371614,-291.93335422674875,0.0058186875542178525,0.0,0.0
2024-10-13 07:45:11.160647,1.0,1.0,1.0,1.0,1.0,1.0,1.0,898832.0,0.08333105301906076,0.03267899754122895,0.05264384615644527,0.01826811217861732,0.024839508966216593,0.02318298375463526,-3.815069794654847e-05,0.00014942356695731485,-0.00039422387878100085,-0.0,0.0,0.0,0.0,1.0,0.0,0.0,69.62142810528019,69.91711084031269,69.07685571226722,267.56160669544624,269.7280656066114,273.17550858864143,-14039.724584323694,-14535.765988726194,-14410.469471602699,-15202.812959073437,-474.20665625294856,15.391096236580012,-306.1453650343632,0.0054465246382267634,0.0,0.0
2024-10-13 07:45:11.222752,1.0,1.0,1.0,1.0,1.0,1.0,1.0,898833.0,0.08314329975080294,0.03235860747555765,0.05323426289309145,0.018321140191983925,0.025034026493987453,0.023720751579510535,-5.0867597262064614e-05,0.00013988589247067773,-0.00041965767741203324,-0.0,0.0,0.0,0.0,1.0,0.0,0.0,73.09609192421404,72.7045323452738,72.70808325649334,267.16262008235924,265.77948850099585,268.72458559795285,-14790.21569693438,-14748.807280461364,-14915.305442737314,-15702.447045369567,-466.9104502670023,16.139755936239577,-321.147928620596,0.0051028965701302,0.0,0.0
2024-10-13 07:45:11.284313,1.0,1.0,1.0,1.0,1.0,1.0,1.0,898834.0,0.0828294318892493,0.03235860747555765,0.05338084673061675,0.017892516173642844,0.024956401418756297,0.023432717895079433,-2.5433798631032307e-05,0.00014942356695731485,-0.0004164784525831542,-0.0,0.0,0.0,0.0,1.0,0.0,0.0,76.84239172363723,75.74192961587194,75.88400027583702,264.29839215077124,263.97747435162466,262.9000802037668,-15416.594078869952,-15163.91154548902,-15079.4601796652,-16113.658605694744,-458.6288453976653,16.855817132982697,-335.50899959219595,0.004767917967954172,0.0,0.0
2024-10-13 07:45:11.347505,1.0,1.0,1.0,1.0,1.0,1.0,1.0,898835.0,0.08254593043497246,0.032519197084621136,0.053038187593736096,0.01805444269744756,0.025034026493987453,0.02322479259609146,3.1792248288790477e-06,0.00014624434212843582,-0.00041012000292539613,-0.0,0.0,0.0,0.0,1.0,0.0,0.0,79.89303805266889,79.60221546229751,78.74630983473513,257.64923471752746,261.6691714226478,261.14099591271616,-15454.253331006088,-15870.34182402119,-15417.19959790947,-16484.01216463198,-450.0445276845815,17.56681806773266,-349.76699281100855,0.004466854889694979,0.0,0.0
2024-10-13 07:45:11.409545,1.0,1.0,1.0,1.0,1.0,1.0,1.0,898836.0,0.08200775372225469,0.03283802036619844,0.05259434558493783,0.01826811217861732,0.024917498197257262,0.023391280695733478,3.179224828879043e-06,0.00014306511729955676,-0.00039422387878100085,-0.0,0.0,0.0,0.0,1.0,0.0,0.0,82.65168844380794,82.86528810504669,82.5373456697899,256.1467708404619,254.34005224797622,258.10279638647626,-15732.525757928488,-15817.764002740343,-16102.65804563187,-16797.18578116589,-440.70361791059975,18.27474788455319,-363.96639897534425,0.004182160884997746,0.0,0.0
2024-10-13 07:45:11.471209,1.0,1.0,1.0,1.0,1.0,1.0,1.0,898837.0,0.08232475433869244,0.032519197084621136,0.05293987761562285,0.018843214470258284,0.02452507212573485,0.023099139054088526,-3.179224828879038e-05,0.00013352744281291964,-0.00038468620429436373,-0.0,0.0,0.0,0.0,1.0,0.0,0.0,85.86112695982492,86.33506646228469,85.70089462981014,250.27791180410787,252.39411697831713,253.60119236242056,-15934.073780112472,-16336.424865870096,-16260.50853228062,-17099.861080213494,-431.98276906885997,18.974711600494444,-378.0049963057954,0.003924264398449933,0.0,0.0
2024-10-13 07:45:11.534533,1.0,1.0,1.0,1.0,1.0,1.0,1.0,898838.0,0.0821981007954784,0.03267899754122895,0.05289065410184976,0.018894628520718087,0.024286573051581467,0.023266526309168863,-2.225457380215327e-05,0.00014306511729955676,-0.0004005823284387589,-0.0,0.0,0.0,0.0,1.0,0.0,0.0,89.00795365204262,88.71949524943264,89.94467095738241,247.86592389423782,244.51973702982204,248.24408520521285,-16350.228190293255,-15988.558592866997,-16677.266436531056,-17268.073082695842,-421.6585818452114,19.625423695637625,-391.0698333362084,0.0036652471784952,0.0,0.0
2024-10-13 07:45:11.598089,1.0,1.0,1.0,1.0,1.0,1.0,1.0,898839.0,0.083174621394314,0.03291724369090571,0.052495204411799876,0.018791659751293096,0.024326485277441648,0.02293052994557668,-3.179224828879031e-06,0.00015896124144395196,-0.000400582328438759,-0.0,0.0,0.0,0.0,1.0,0.0,0.0,92.71640655185178,92.40627581616715,92.04639447888754,237.7347275516256,240.97312703012255,241.68244179730985,-16130.044080266947,-16485.906739857033,-16227.256467329365,-17211.613287861717,-405.6185376287353,20.329275990927623,-405.20534628868205,0.0033945466884467055,0.0,0.0
2024-10-13 07:45:11.660699,1.0,1.0,1.0,1.0,1.0,1.0,1.0,898840.0,0.08326851563462807,0.032519197084621136,0.052146725992984415,0.018997039181501363,0.02436633212687883,0.02322479259609146,-2.8613023459911346e-05,0.00015896124144395196,-0.00043237457672754936,-0.0,0.0,0.0,0.0,1.0,0.0,0.0,95.3947739557021,95.43853718646048,94.96281771727968,233.346691530331,235.6985282165294,235.52137126889357,-16246.956063993219,-16526.55496876178,-16323.503589338301,-17301.53217397601,-394.48071792887816,21.008358676066027,-418.82265622648845,0.0031999579680727294,0.0,0.0
2024-10-13 07:45:11.723814,1.0,1.0,1.0,1.0,1.0,1.0,1.0,898841.0,0.08304926394342724,0.03267899754122895,0.05234614058676942,0.019048038036167402,0.024956401418756297,0.02293052994557668,-9.537674486637109e-06,0.00015578201661507293,-0.0004387330263853075,-0.0,0.0,0.0,0.0,1.0,0.0,0.0,97.57830940615771,96.90423368530305,98.19218331202049,235.08006470456664,232.65990300189256,234.28800819186512,-16922.46030610472,-16447.71477907524,-16984.13108572051,-17738.673194225128,-393.5046264020806,21.59093707606289,-430.4697835803187,0.003123898551014326,0.0,0.0
2024-10-13 07:45:11.786572,1.0,1.0,1.0,1.0,1.0,1.0,1.0,898842.0,0.08273503934361162,0.033544295152698266,0.05269330022668048,0.018843214470258284,0.02522704420499114,0.023099139054088526,-2.54337986310323e-05,0.00018121581524610522,-0.0004578083753585817,-0.0,0.0,0.0,0.0,1.0,0.0,0.0,99.40255489074498,98.58841043573223,99.56075585591411,235.90504555515935,234.75057438017387,234.65152529460656,-17426.893173995875,-16999.034084361017,-17282.2969330711,-18209.853084309776,-396.9552380336967,21.971262827596178,-438.06271140814266,0.0031007438090210043,0.0,0.0
2024-10-13 07:45:11.848524,1.0,1.0,1.0,1.0,1.0,1.0,1.0,898843.0,0.08336230411823514,0.033466556241354264,0.0518963802071913,0.019200221850765864,0.025303839037745666,0.023266526309168863,-5.0867597262064614e-05,0.00019075348973274234,-0.00045462915052970265,-0.0,0.0,0.0,0.0,1.0,0.0,0.0,100.30633860125374,99.97531087250803,100.21998085305056,235.6755531539224,235.49749236484462,236.37641397170444,-17474.663330221545,-17401.568661955174,-17533.128587818996,-18456.375130573037,-398.6875065617648,22.171494766860743,-442.0640153368775,0.003080261422831306,0.0,0.0
2024-10-13 07:45:11.910863,1.0,1.0,1.0,1.0,1.0,1.0,1.0,898844.0,0.08329979019559357,0.033466556241354264,0.05154385340814266,0.019501026929403496,0.02564657030330141,0.02359773907401946,-6.676372140645981e-05,0.00017485736558834716,-0.0004673460498452188,-0.0,0.0,0.0,0.0,1.0,0.0,0.0,100.51700203006936,100.4574002389555,100.48262539319218,235.67299185708723,237.14469395250248,237.67300615914795,-17492.694558441453,-17633.47583905729,-17629.74398981912,-18579.209440453353,-401.3413387278918,22.171494766860743,-442.0635607426292,0.0030812866000986157,0.0,0.0
2024-10-13 07:45:11.973734,1.0,1.0,1.0,1.0,1.0,1.0,1.0,898845.0,0.08336230411823514,0.03283802036619844,0.05164482089649761,0.01935120888239217,0.025984781442148438,0.023924366915673293,-0.00010809364418188731,0.00016214046627283102,-0.0004737044995029769,-0.0,0.0,0.0,0.0,1.0,0.0,0.0,100.27876866740995,99.9895116462399,100.26337428028296,237.43369949221062,237.62312569555544,238.13835529409488,-17563.80571057523,-17503.328534148088,-17616.521586139974,-18556.001751172815,-401.0055572223852,22.162702406297004,-441.88106865809186,0.003097500121325752,0.0,0.0
2024-10-13 07:45:12.035299,1.0,1.0,1.0,1.0,1.0,1.0,1.0,898846.0,0.08370529615796608,0.032035013270089084,0.051846165991071586,0.019550711154970875,0.026355481787173698,0.023720751579510535,-0.00013670666764179865,0.00016531969110171005,-0.0004673460498452188,-0.0,0.0,0.0,0.0,1.0,0.0,0.0,99.56338698325682,98.61095349562056,99.54992277677201,238.96984125928776,239.22193807049672,238.36623936458886,-17602.43028558254,-17262.181896918177,-17380.274588788143,-18405.50926814176,-400.8180269821947,21.994024328908814,-438.5024000348041,0.0031328658247432814,0.0,0.0
2024-10-13 07:45:12.097900,1.0,1.0,1.0,1.0,1.0,1.0,1.0,898847.0,0.08267205110506057,0.03275860544857268,0.051846165991071586,0.019550711154970875,0.026170787978491077,0.02376161423095312,-0.00011763131866852444,0.00016849891593058908,-0.00048642139881849305,-0.0,0.0,0.0,0.0,1.0,0.0,0.0,98.0876063742402,96.91315736102412,97.8782041415515,240.7144410197035,239.6615904266083,238.72726568574518,-17407.157487397053,-16900.288581777586,-17067.22882391004,-18103.56268307661,-400.4912935655027,21.652045530014437,-431.6605431694912,0.003187614373163913,0.0,0.0
2024-10-13 07:45:12.161599,1.0,1.0,1.0,1.0,1.0,1.0,1.0,898848.0,0.08248279778295653,0.03267899754122895,0.052046732179034834,0.01969901197411813,0.026538890275460948,0.024005329471667898,-0.00015260279178619387,0.00015260279178619387,-0.00048006294916073494,-0.0,0.0,0.0,0.0,1.0,0.0,0.0,95.31882207586698,95.66093740346733,95.11125146856206,240.24122270173626,240.37483741279792,242.40453243212912,-16593.39712987788,-16842.804759860275,-16904.117368899573,-17742.755171866855,-403.3023374752099,21.074544549844596,-420.1087264730484,0.0032792275073238817,0.0,0.0
2024-10-13 07:45:12.224327,1.0,1.0,1.0,1.0,1.0,1.0,1.0,898849.0,0.08143404299879156,0.03283802036619844,0.052445563545461545,0.02023348417248137,0.026937993727346517,0.024286573051581467,-0.0001780365904172262,0.0001716781407594681,-0.00048006294916073494,-0.0,0.0,0.0,0.0,1.0,0.0,0.0,92.35686073531139,92.6184498396119,92.39734041610653,241.51114979978368,242.32799319110936,243.60801468352076,-16246.379941648973,-16437.697250303405,-16501.331195644427,-17336.640565014408,-408.18070014068593,20.348852155375546,-405.5868454699362,0.003415911686221256,0.0,0.0
2024-10-13 07:45:12.286840,1.0,1.0,1.0,1.0,1.0,1.0,1.0,898850.0,0.08124190578337871,0.033232248415491,0.05199666316101998,0.020424370325990055,0.02711746269239568,0.024286573051581467,-0.00013988589247067773,0.0001780365904172262,-0.00045462915052970265,-0.0,0.0,0.0,0.0,1.0,0.0,0.0,89.27358432032996,88.39477219057872,89.45493815399091,243.52026778889567,241.03572495776248,241.8860489108079,-15908.768247837032,-15407.135813783581,-15818.806031471644,-16621.134690460738,-407.67479216372396,19.535642096675048,-389.33028923514513,0.0035385391775556276,0.0,0.0
2024-10-13 07:45:12.350125,1.0,1.0,1.0,1.0,1.0,1.0,1.0,898851.0,0.0809528449135354,0.03299627680272549,0.051695230689754394,0.020281374142839443,0.026611899740163612,0.024166440873625895,-0.00014624434212843582,0.00017485736558834716,-0.0004355538015564284,-0.0,0.0,0.0,0.0,1.0,0.0,0.0,85.86510049779119,85.74270485139114,84.64274384736203,236.26694331048216,239.08020818992165,238.72703686432686,-14480.968967388459,-14869.105387787416,-14444.518742705852,-15460.447012454686,-396.74176199316724,18.67298939743066,-372.12214092322347,0.003581769894792052,0.0,0.0
2024-10-13 07:45:12.411887,1.0,1.0,1.0,1.0,1.0,1.0,1.0,898852.0,0.08130600197148179,0.0319536026854434,0.05123975722372669,0.020185480583683704,0.02708166404617134,0.024005329471667898,-0.00015260279178619387,0.00012398976832628253,-0.00043237457672754936,-0.0,0.0,0.0,0.0,1.0,0.0,0.0,81.20273089549076,82.12245513492641,81.91016784824156,233.13186167812688,231.00340922536873,236.56783727981144,-13142.290353276298,-13383.351205773732,-13870.029610514172,-14280.16408755425,-383.63983161749167,17.83712436541752,-355.45193935394275,0.0036175897189733284,0.0,0.0
2024-10-13 07:45:12.473794,1.0,1.0,1.0,1.0,1.0,1.0,1.0,898853.0,0.07991660577912112,0.03235860747555765,0.05164482089649761,0.020089129290905252,0.02715321414192533,0.02380240673176593,-0.000162140466272831,0.00012716899315516158,-0.0004387330263853075,-0.0,0.0,0.0,0.0,1.0,0.0,0.0,77.96852367410298,77.91555479802756,78.5129102466423,230.44083149176976,229.25522249899188,230.93529674579833,-12465.826115261449,-12319.54333192379,-12668.479763727548,-13258.508047914342,-373.7455126253387,17.000541879527148,-338.75838332238186,0.003683571609177302,0.0,0.0
2024-10-13 07:45:12.536022,1.0,1.0,1.0,1.0,1.0,1.0,1.0,898854.0,0.07955728139060414,0.03235860747555765,0.05159436185084285,0.02023348417248137,0.02672103991000101,0.024005329471667898,-0.0001716781407594681,0.00015578201661507293,-0.0004355538015564284,-0.0,0.0,0.0,0.0,1.0,0.0,0.0,74.38869053598228,74.4426046904624,74.58024626729005,226.3982938831314,226.45735173606326,228.34825432028236,-11474.022877670286,-11528.716563750853,-11692.290964720241,-12299.630769128371,-363.7090362154298,16.207635437197194,-322.9307232200525,0.003769783472198449,0.0,0.0
2024-10-13 07:45:12.598949,1.0,1.0,1.0,1.0,1.0,1.0,1.0,898855.0,0.07926207710212554,0.03259919523031266,0.05113798997883311,0.020566372293249237,0.026355481787173698,0.0238837827186562,-0.00016849891593058908,0.0001780365904172262,-0.00040694077809651707,-0.0,0.0,0.0,0.0,1.0,0.0,0.0,70.47181557400249,71.06445473330689,70.97791231867251,222.4812618884452,222.65051983332032,226.8376463822834,-10406.682135875944,-10683.336740607754,-10920.227360501895,-11367.479198337818,-354.6356549219523,15.363944542597023,-306.09282735114544,0.0038598925474723636,0.0,0.0
2024-10-13 07:45:12.662194,1.0,1.0,1.0,1.0,1.0,1.0,1.0,898856.0,0.07936060054239837,0.03259919523031266,0.05189638020719129,0.02013736256391312,0.02613369258354722,0.02436633212687883,-0.00015896124144395193,0.00016849891593058908,-0.0004355538015564284,-0.0,0.0,0.0,0.0,1.0,0.0,0.0,66.6523680010455,67.72166701524677,67.10805080613522,218.8651927342253,218.5917545115973,223.86171350168215,-9449.343429873597,-9869.355700136606,-10086.379243593074,-10460.969258354633,-344.56847049800484,14.553312376879683,-289.91305523570327,0.0039619581852802085,0.0,0.0
2024-10-13 07:45:12.723485,1.0,1.0,1.0,1.0,1.0,1.0,1.0,898857.0,0.07965543970232411,0.03235860747555765,0.05139203024062462,0.02023348417248137,0.026428997918226275,0.024406113920105138,-0.0001398858924706777,0.0001780365904172262,-0.0004228369022409122,-0.0,0.0,0.0,0.0,1.0,0.0,0.0,63.39544121385112,64.1261334487792,62.966081274912696,214.28770200260573,216.7439434104859,220.1296756282145,-8615.698232422757,-9184.129368708143,-9024.341623233315,-9565.066975555099,-334.5047472724283,13.708691712819805,-273.05938751144015,0.004064745084002958,0.0,0.0
2024-10-13 07:45:12.786846,1.0,1.0,1.0,1.0,1.0,1.0,1.0,898858.0,0.08011192160389803,0.032599195230312655,0.05179590309414578,0.020566372293249237,0.026538890275460948,0.024166440873625895,-0.00012716899315516153,0.00018439504007498428,-0.0004387330263853075,-0.0,0.0,0.0,0.0,1.0,0.0,0.0,60.363061837715634,59.69790788173135,59.336435422109226,211.53563944932452,214.59278285419316,214.64808541724327,-8082.996598575136,-8288.579127929688,-7984.829858883232,-8707.807626003067,-324.1998136182367,12.878319109901822,-256.4882339143452,0.004185904520964421,0.0,0.0
2024-10-13 07:45:12.848983,1.0,1.0,1.0,1.0,1.0,1.0,1.0,898859.0,0.07939341451962957,0.032599195230312655,0.051644820896497606,0.01999231364647781,0.026022089115979988,0.024086019882307075,-0.00012081054349740346,0.00015578201661507293,-0.00043237457672754936,-0.0,0.0,0.0,0.0,1.0,0.0,0.0,56.02520427860571,55.840931007937236,56.358585532854285,210.15911681547848,211.14078034461687,211.56335371749353,-7386.401486689252,-7326.989379638576,-7443.271416811923,-7944.140521399396,-315.5802056895055,12.07192653795766,-240.38565343505377,0.004360850444164309,0.0,0.0
2024-10-13 07:45:12.912394,1.0,1.0,1.0,1.0,1.0,1.0,1.0,898860.0,0.07916343104386311,0.03299627680272549,0.0514426877494643,0.019895026871345974,0.025835012001953723,0.024326485277441648,-0.0001303482179840406,0.00018121581524610522,-0.0004164784525831542,-0.0,0.0,0.0,0.0,1.0,0.0,0.0,52.68026193581708,52.366310078418785,52.00308270147912,208.17112731483238,208.8537541241857,207.69275593946628,-6696.315865193779,-6732.310618660328,-6618.288955211405,-7211.607288171054,-307.10320703967363,11.263556806960805,-224.24310549157235,0.004563525826089174,0.0,0.0
2024-10-13 07:45:12.974752,1.0,1.0,1.0,1.0,1.0,1.0,1.0,898861.0,0.0797208114324096,0.032439001655304125,0.05103601980762234,0.020089129290905252,0.025684369248357337,0.024564596844570415,-0.00012716899315516153,0.000162140466272831,-0.0004355538015564284,-0.0,0.0,0.0,0.0,1.0,0.0,0.0,48.24817381495683,48.574558159252014,49.18580551289834,206.577759769593,201.69492738231892,207.8894181356322,-5899.311258888012,-5812.301348538875,-6292.825730564084,-6502.750597322142,-299.2336756983414,10.425851749100138,-207.51906993935918,0.004786012052826695,0.0,0.0
2024-10-13 07:45:13.036214,1.0,1.0,1.0,1.0,1.0,1.0,1.0,898862.0,0.0804363940603082,0.032439001655304125,0.05078019854850884,0.019943729580380914,0.025380401509347835,0.025034026493987453,-0.00014624434212843576,0.0001748573655883472,-0.0004387330263853075,-0.0,0.0,0.0,0.0,1.0,0.0,0.0,45.7090173496272,44.837475333156,44.494142440462824,198.96912573859325,205.2596719230126,201.14013447186232,-5363.474908122751,-5471.557521802073,-5046.10046517629,-5766.163729710508,-288.7664836767817,9.581951252606874,-190.68282064642165,0.004989612139050024,0.0,0.0
2024-10-13 07:45:13.098200,1.0,1.0,1.0,1.0,1.0,1.0,1.0,898863.0,0.08046876934600648,0.032035013270089084,0.050984958244254856,0.019895026871345974,0.025494814117130813,0.025034026493987453,-0.00013352744281291962,0.00016531969110171005,-0.00042919535189867036,-0.0,0.0,0.0,0.0,1.0,0.0,0.0,40.7998725106036,41.82645491746713,41.253964090811266,199.41682216007035,194.7422169541719,201.6818271947392,-4397.614583426708,-4616.299709408112,-4890.374134336787,-5081.070642357822,-278.3846945222977,8.760776223313892,-174.29352795088815,0.005262070916365298,0.0,0.0
2024-10-13 07:45:13.161057,1.0,1.0,1.0,1.0,1.0,1.0,1.0,898864.0,0.08069503265077752,0.032278013060311,0.05083146579886899,0.019600269437660415,0.025722112647481858,0.024761274097977876,-0.00010809364418188731,0.00014624434212843582,-0.00041012000292539613,-0.0,0.0,0.0,0.0,1.0,0.0,0.0,37.435173510283946,37.40148993071193,38.1411820842037,195.31460238783765,197.5933830281515,194.18153018215105,-4098.1215436243965,-3920.410598099568,-4057.5928367364036,-4448.295794624031,-268.28086309697755,7.96119128027015,-158.33442368046735,0.005585859538005374,0.0,0.0
2024-10-13 07:45:13.223277,1.0,1.0,1.0,1.0,1.0,1.0,1.0,898865.0,0.08104931308470009,0.032278013060311,0.052046732179034834,0.019250682441991743,0.025947420126718565,0.024722063821441115,-7.948062072197598e-05,0.00013988589247067773,-0.00042919535189867036,-0.0,0.0,0.0,0.0,1.0,0.0,0.0,34.074973831875944,33.67852992851623,34.3185690254673,192.0625314284045,191.0588478891579,197.5710140126052,-3444.703966233639,-3449.6009252985814,-3542.6941834561726,-3882.540229356387,-260.8421505078353,7.150063224716811,-142.13779514978702,0.006038193771240425,0.0,0.0
2024-10-13 07:45:13.286277,1.0,1.0,1.0,1.0,1.0,1.0,1.0,898866.0,0.0809528449135354,0.03283802036619844,0.05164482089649761,0.019200221850765864,0.02557080478973271,0.02468279125681748,-8.265984555085502e-05,0.00015578201661507293,-0.000400582328438759,-0.0,0.0,0.0,0.0,1.0,0.0,0.0,30.66727658609824,29.988833718284983,30.866820850884544,197.29146737128258,187.14723881040783,190.14643250640043,-3043.9249749209976,-2758.8914955612613,-3046.1095452550085,-3336.1657278055904,-252.4596204798074,6.351054947537924,-126.19061984128243,0.0065381193859611044,0.0,0.0
2024-10-13 07:45:13.348069,1.0,1.0,1.0,1.0,1.0,1.0,1.0,898867.0,0.08104931308470009,0.03211621748977285,0.051543853408142666,0.018997039181501363,0.025684369248357337,0.024722063821441115,-7.630139589309694e-05,0.00013352744281291964,-0.00039422387878100085,-0.0,0.0,0.0,0.0,1.0,0.0,0.0,27.10849128651839,26.430751375128256,27.463928419973726,195.6099796986535,192.72799737348163,180.42631949710375,-2670.199719778169,-2193.3649833299073,-2442.2145965772434,-2806.6250144221385,-242.57967615946862,5.563945030231721,-110.48450179898795,0.007138808896656022,0.0,0.0
2024-10-13 07:45:13.411377,1.0,1.0,1.0,1.0,1.0,1.0,1.0,898868.0,0.08184879301121023,0.032035013270089084,0.052841384734750356,0.018739963202861063,0.025188558989287076,0.02420655117653563,-1.9075348973274228e-05,0.0001208105434974035,-0.0003401770566900572,-0.0,0.0,0.0,0.0,1.0,0.0,0.0,23.42506508027701,23.05447841927817,24.356943484200627,187.538858950306,198.56571078545147,178.45892105077266,-2201.4972671714145,-1672.3288568691896,-1947.0838157287894,-2300.3868472582803,-232.571468626574,4.75984936143667,-94.45301435987999,0.007815088381587645,0.0,0.0
2024-10-13 07:45:13.473540,1.0,1.0,1.0,1.0,1.0,1.0,1.0,898869.0,0.08149798807578167,0.03179015607555206,0.05234614058676942,0.01894590304788124,0.02526547079878701,0.024604058069758756,-4.132992277542751e-05,0.00013988589247067773,-0.0003560731808344524,-0.0,0.0,0.0,0.0,1.0,0.0,0.0,19.552727844903117,20.441296832716368,20.931192758229383,176.90851528837584,203.00294756494404,182.47976746649312,-1644.6705353052232,-1225.022598631059,-1539.090439404411,-1822.5023906057838,-220.09986528326638,3.987912385217157,-79.07145164902359,0.008610972220270461,0.0,0.0
2024-10-13 07:45:13.534843,1.0,1.0,1.0,1.0,1.0,1.0,1.0,898870.0,0.08050113161127861,0.031127788521240877,0.051695230689754394,0.018894628520718087,0.025910004937642474,0.02468279125681748,-7.948062072197598e-05,0.00012398976832628253,-0.0003656108553210895,-0.0,0.0,0.0,0.0,1.0,0.0,0.0,16.952374375580536,17.98142099480826,17.041902476282836,162.81712881349392,207.19165060171002,185.03692925738076,-1206.9833951144908,-934.0116223325408,-1004.1993841475236,-1389.8234283254326,-208.81765259483126,3.2077633320116967,-63.55706020853687,0.009324354227247611,0.0,0.0
2024-10-13 07:45:13.596792,1.0,1.0,1.0,1.0,1.0,1.0,1.0,898871.0,0.07893277747670618,0.030959982508907833,0.0518963802071913,0.018584010728398753,0.026355481787173698,0.024722063821441115,-0.0001208105434974035,0.00013352744281291964,-0.0003878654291232428,-0.0,0.0,0.0,0.0,1.0,0.0,0.0,14.926069817050939,13.89301720630702,14.533972754308124,152.86771525040177,207.81340698100794,179.3949654755388,-1135.9045412556231,-441.03983969875753,-494.4413423684641,-1012.3042866701747,-192.99070578668304,2.5302066820658045,-50.08942699492133,0.01017123719660948,0.0,0.0
2024-10-13 07:45:13.659338,1.0,1.0,1.0,1.0,1.0,1.0,1.0,898872.0,0.0779699441564157,0.031211353204542467,0.052495204411799876,0.018894628520718087,0.025910004937642474,0.02420655117653563,-7.948062072197598e-05,0.00012398976832628253,-0.0003878654291232428,-0.0,0.0,0.0,0.0,1.0,0.0,0.0,10.692702227534902,12.28495487943813,12.390859672941637,144.27397933688022,202.3343660024971,178.8177441683968,-722.956903886862,6.2800321230714715,-492.1901198605627,-706.764547562915,-187.93784524864006,1.816074840417949,-35.911363524870104,0.011291750603033774,0.0,0.0
2024-10-13 07:45:13.722028,1.0,1.0,1.0,1.0,1.0,1.0,1.0,898873.0,0.07906466190865326,0.03146071551579092,0.05269330022668048,0.018739963202861063,0.02522704420499114,0.023638814368941753,-2.2254573802153277e-05,0.00010809364418188734,-0.0003815069794654848,-0.0,0.0,0.0,0.0,1.0,0.0,0.0,9.881486490591708,9.541120076861656,9.192080108769748,126.9378538654401,207.3145856348327,171.59848929301057,-592.0502923292089,141.65949918425483,-20.531888922292282,-439.3328734510314,-173.638550274288,1.2220827264818899,-24.161224000792064,0.011473467498106158,0.0,0.0
2024-10-13 07:45:13.783769,1.0,1.0,1.0,1.0,1.0,1.0,1.0,898874.0,0.07889977192331804,0.03104399889813629,0.05328316897864072,0.018636139893149068,0.024995244090384144,0.023924366915673293,-1.9075348973274248e-05,0.00010491441935300828,-0.00042283690224091225,-0.0,0.0,0.0,0.0,1.0,0.0,0.0,6.2327474471220325,8.534109016359368,7.682942032226979,121.16126690381371,201.35167377038212,168.20044858694536,-248.0419926862333,516.7779930088858,-111.68272213883404,-214.75520069707423,-149.89222289448512,0.6910572398186561,-13.681571099132302,0.010098562694853314,0.0,0.0
2024-10-13 07:45:13.847170,1.0,1.0,1.0,1.0,1.0,1.0,1.0,898875.0,0.07723151220694312,0.031625864763461305,0.051946545883677045,0.018636139893149068,0.02452507212573485,0.024326485277441648,-5.404682209094367e-05,8.90182952086131e-05,-0.0004482707008719446,-0.0,0.0,0.0,0.0,1.0,0.0,0.0,5.419271121998905,5.417126395966,6.545697598095659,113.94642597438998,206.55370413442282,150.44025523391215,-296.3352337496334,795.4562161863415,174.1159895311249,-22.877467084239793,-38.32791080868159,0.2855769479388141,-5.69985980720999,0.00204483443964702,0.0,0.0
2024-10-13 07:45:13.910124,1.0,1.0,1.0,1.0,1.0,1.0,1.0,898876.0,0.07783620487415963,0.030959982508907836,0.051745591374556074,0.018843214470258284,0.024445830974727203,0.023843129442004847,1.5896124144395185e-05,7.312217106421791e-05,-0.00044509147604306553,-0.0,0.0,0.0,0.0,1.0,0.0,0.0,5.031771023439212,4.487402523345618,4.082583746215237,91.58402731848551,208.7689166839697,146.2579058721182,-59.41230214707249,738.112399472844,348.06439201532555,0.0,0.0,0.03464959248920771,0.0,1.0,0.0,0.0
2024-10-13 07:45:13.972034,1.0,1.0,1.0,1.0,1.0,1.0,1.0,898877.0,0.07766870692907221,0.03170811682633252,0.051745591374556074,0.019098900711587104,0.024485483605775776,0.02412626388678268,-1.2716899315516165e-05,8.583907037973405e-05,-0.0004578083753585817,-0.0,0.0,0.0,0.0,1.0,0.0,0.0,4.1580203996244025,4.55935148360089,2.6348460696549183,84.99944343658662,200.77900890541525,144.17272376409676,180.55070985777644,775.5559141641073,285.82647462164664,195.80269430911406,881.2447500909885,0.11285756397617061,2.1217465409097245,0.05998921731213224,0.0,0.0
2024-10-13 07:45:14.034716,1.0,1.0,1.0,1.0,1.0,1.0,1.0,898878.0,0.07552641224095583,0.031871984154482245,0.04979609324585039,0.019098900711587104,0.024800422381866246,0.024878534141836748,-6.676372140645985e-05,0.00011763131866852446,-0.0005118551974495253,-0.0,0.0,0.0,0.0,1.0,0.0,0.0,3.8528421866226763,4.621128392931738,2.1305559731372394,95.47635324849847,190.5977293254614,133.00522715635066,296.38684063441735,826.3540698407485,196.5267582496153,223.58379675195005,601.7929682243209,0.19389313862680194,3.5478446901754666,0.08510308428081574,8.878561888632854e-05,0.0
2024-10-13 07:45:14.097245,1.0,1.0,1.0,1.0,1.0,1.0,1.0,898879.0,0.07719777928888626,0.03179015607555206,0.05078019854850884,0.01914962829286367,0.02468279125681748,0.024286573051581467,3.179224828879029e-06,0.00011445209383964543,-0.0005023175229628882,-0.0,0.0,0.0,0.0,1.0,0.0,0.0,3.984103619207552,4.536033217306255,1.8221499929881348,109.20713432046601,180.13524043447845,114.49605788240214,365.9446277557685,779.2975339049058,113.25029928030142,217.6360774927128,479.70399700648903,0.2369552054078996,4.332403867082326,0.08581795879427165,0.0001972050093037268,0.0
2024-10-13 07:45:14.160952,1.0,1.0,1.0,1.0,1.0,1.0,1.0,898880.0,0.0782034375600193,0.0319536026854434,0.051644820896497606,0.019098900711587104,0.024086019882307075,0.024005329471667898,4.768837243318558e-05,9.855596969525021e-05,-0.0005118551974495253,-0.0,0.0,0.0,0.0,1.0,0.0,0.0,4.085062594043831,4.1476952808366985,1.6425180890503832,122.51419465010807,172.08791669582956,95.43701059101546,426.93422433708787,673.9573567662821,53.21287799101044,196.83625276969,434.1630713504873,0.2369552054078996,4.329358898793884,0.08646047860792176,0.0003055481986983669,0.0
2024-10-13 07:45:14.223266,1.0,1.0,1.0,1.0,1.0,1.0,1.0,898881.0,0.07883371936094599,0.032439001655304125,0.05154385340814266,0.018894628520718087,0.02380240673176593,0.023924366915673293,8.90182952086131e-05,8.90182952086131e-05,-0.00048006294916073494,-0.0,0.0,0.0,0.0,1.0,0.0,0.0,4.077486078818711,3.684205085625203,1.6660629162062768,135.12426024278383,168.27402521493713,80.01485889651396,489.47616716589704,588.2163350974647,27.94663720853808,185.78342440581335,510.46001626553556,0.19177693436610163,3.4754945809518842,0.09387054484947202,0.0003925232396747612,0.0
2024-10-13 07:45:14.285903,1.0,1.0,1.0,1.0,1.0,1.0,1.0,898882.0,0.07929493185052183,0.03227801306031101,0.05083146579886898,0.018894628520718087,0.02436633212687883,0.02412626388678268,5.0867597262064614e-05,0.00011763131866852444,-0.0004737044995029769,-0.0,0.0,0.0,0.0,1.0,0.0,0.0,3.9936861617519015,3.2203057216197375,1.8087249996150712,146.842849265664,162.6592575830411,67.97245574087944,538.2441556028559,500.91337168346803,28.18279130724567,177.05674327170777,777.3557720405324,0.12118817452536869,2.1750238626626412,0.10262537117128666,0.00044695370566268604,0.0
2024-10-13 07:45:14.348442,1.0,1.0,1.0,1.0,1.0,1.0,1.0,898883.0,0.07876761140855532,0.03211621748977285,0.05036818201544617,0.018739963202861063,0.02507274890923307,0.024643456106314375,-1.2716899315516164e-05,0.00013988589247067773,-0.0004705252746740978,-0.0,0.0,0.0,0.0,1.0,0.0,0.0,3.8593069537043783,2.7846902737043724,1.9807405588626281,156.9985040129226,154.99379339575418,61.05196917205041,569.0528542595919,415.5681999092322,46.222853722452264,167.5254166071754,1601.362093075292,0.05630919837179108,0.9989932293960249,0.11293957445460177,0.0,0.0
2024-10-13 07:45:14.412442,1.0,1.0,1.0,1.0,1.0,1.0,1.0,898884.0,0.07896576923466789,0.03283802036619844,0.049848372623236506,0.019048038036167402,0.025150014882560457,0.024604058069758756,-4.4509147604306555e-05,0.0001303482179840406,-0.0004578083753585817,-0.0,0.0,0.0,0.0,1.0,0.0,0.0,3.706828812682294,2.3994062312135647,2.1396635899435976,165.29146082103412,145.6786120971615,60.48810736199809,584.3695680347723,337.8556200168544,75.58550734490201,0.0,0.0,0.0,0.0,1.0,0.0,0.0
2024-10-13 07:45:14.474118,1.0,1.0,1.0,1.0,1.0,1.0,1.0,898885.0,0.08014442796417423,0.03283802036619844,0.0496389247530867,0.01914962829286367,0.025418596266109744,0.02412626388678268,-4.4509147604306555e-05,0.00012716899315516158,-0.00043237457672754936,-0.0,0.0,0.0,0.0,1.0,0.0,0.0,3.5490494254151344,2.0553054689457273,2.2714882249424218,171.6528407888619,135.0346431854951,65.99953840970292,586.5738449776187,269.1405724962475,112.00584179382783,0.0,0.0,0.0,0.0,1.0,0.0,0.0
2024-10-13 07:45:14.537825,1.0,1.0,1.0,1.0,1.0,1.0,1.0,898886.0,0.07913052169675656,0.033232248415491,0.0492702485907403,0.019250682441991743,0.025984781442148438,0.024246595126450658,-8.901829520861311e-05,0.00011763131866852446,-0.00041965767741203324,-0.0,0.0,0.0,0.0,1.0,0.0,0.0,3.389690124578507,1.7700442778513938,2.3579504256148023,176.36775113648918,123.48629656390861,76.06651651008909,579.3137766077532,212.24599773260184,149.22986329492826,0.0,0.0,0.0,0.0,1.0,0.0,0.0
2024-10-13 07:45:14.537825,1.0,1.0,1.0,1.0,1.0,1.0,1.0,898887.0,0.07893277747670618,0.03315377782566108,0.04911139729519536,0.019098900711587104,0.02613369258354722,0.02404570852370771,-0.00010809364418188734,0.00011127286901076638,-0.000403761553267638,-0.0,0.0,0.0,0.0,1.0,0.0,0.0,3.2385857733165424,1.5302872839664108,2.4086030999595414,179.68803148518606,111.36331412568725,88.55143526749747,566.0324463706742,164.9657287570395,186.18566657484558,0.0,0.0,0.0,0.0,1.0,0.0,0.0
2024-10-13 07:45:14.537825,1.0,1.0,1.0,1.0,1.0,1.0,1.0,898888.0,0.07965543970232411,0.03283802036619844,0.04932308533363413,0.019451215795870915,0.026096544458751023,0.023515373241306214,-8.901829520861311e-05,0.00010491441935300828,-0.0003751485298077266,-0.0,0.0,0.0,0.0,1.0,0.0,0.0,3.0978522761366576,1.3279696067321836,2.4412532861408285,181.88754961780228,99.26568349230604,101.01982073891921,549.9687042205616,126.63529626590106,221.42004178719858,0.0,0.0,0.0,0.0,1.0,0.0,0.0
2024-10-13 07:45:14.537825,1.0,1.0,1.0,1.0,1.0,1.0,1.0,898889.0,0.08011192160389803,0.03283802036619845,0.04942858938003562,0.019550711154970875,0.026207830867489117,0.023266526309168863,-9.53767448663712e-05,9.219752003749214e-05,-0.00035925240566333144,-0.0,0.0,0.0,0.0,1.0,0.0,0.0,2.9518628948138796,2.3012372042662976,3.150870741295869,181.69629546901623,94.77969506429686,107.3486172370426,520.7244359565781,140.65275462803513,236.02655763238187,0.0,0.0,0.0,0.0,1.0,0.0,0.0
2024-10-13 07:45:14.537825,1.0,1.0,1.0,1.0,1.0,1.0,1.0,898890.0,0.08066274817953105,0.033388636330645795,0.04948125704482232,0.01969901197411813,0.02613369258354722,0.02318298375463526,-0.00015260279178619387,0.00010809364418188733,-0.0003497147311766943,-0.0,0.0,0.0,0.0,1.0,0.0,0.0,2.8128904807429578,2.3842145589366432,3.0991884127613862,180.4977278081587,91.07509144813712,107.97708177794235,493.62050000333994,141.42153339418556,229.10970928733732,0.0,0.0,0.0,0.0,1.0,0.0,0.0
2024-10-13 07:45:14.537825,1.0,1.0,1.0,1.0,1.0,1.0,1.0,898891.0,0.08098501373853388,0.033075121065200774,0.04963892475308669,0.020185480583683704,0.026022089115979988,0.02297279823941287,-0.00017485736558834716,0.0001144520938396454,-0.0003497147311766943,-0.0,0.0,0.0,0.0,1.0,0.0,0.0,2.690185121857656,2.4675097168379807,3.022327044599071,178.89540410370165,89.19985805524657,107.8334969200832,468.3154302168003,148.43701249219936,217.66732660010888,0.0,0.0,0.0,0.0,1.0,0.0,0.0
2024-10-13 07:45:14.537825,1.0,1.0,1.0,1.0,1.0,1.0,1.0,898892.0,0.08104931308470009,0.033232248415491,0.05021280421998248,0.01999231364647781,0.025532837723818223,0.02276067182949264,-0.000162140466272831,0.00010491441935300828,-0.00034653550634781527,-0.0,0.0,0.0,0.0,1.0,0.0,0.0,2.5870749953433214,2.543168031346364,2.925446483224096,176.95311654919098,89.12007556433757,106.68654434771665,445.57649197429276,159.15455621470196,202.09508781447155,0.0,0.0,0.0,0.0,1.0,0.0,0.0
2024-10-13 07:45:14.537825,1.0,1.0,1.0,1.0,1.0,1.0,1.0,898893.0,0.08024186803415992,0.03315377782566108,0.05021280421998249,0.019943729580380914,0.025380401509347835,0.022803254975850316,-0.00015578201661507293,0.00011127286901076637,-0.0003433562815189362,-0.0,0.0,0.0,0.0,1.0,0.0,0.0,2.502527199569475,2.6350017782118207,2.8170211094229782,174.88003856097066,90.5842661690585,104.45642396176055,425.84140262818175,175.0032019185331,182.00677640457766,0.0,0.0,0.0,0.0,1.0,0.0,0.0
2024-10-13 07:45:14.537825,1.0,1.0,1.0,1.0,1.0,1.0,1.0,898894.0,0.08056581714329977,0.03259919523031266,0.05078019854850884,0.02004077993250076,0.02564657030330141,0.02233037457124348,-0.00012398976832628253,0.0001208105434974035,-0.0003179224828879039,-0.0,0.0,0.0,0.0,1.0,0.0,0.0,2.430355257960557,2.741089398732463,2.698277279323456,172.79683825672367,93.335128071604,101.00833223759658,408.4715306221286,195.4989233176345,157.58670234941658,0.0,0.0,0.0,0.0,1.0,0.0,0.0
2024-10-13 07:45:14.537825,1.0,1.0,1.0,1.0,1.0,1.0,1.0,898895.0,0.0804363940603082,0.032439001655304125,0.05154385340814266,0.020424370325990055,0.025684369248357337,0.02250348084068699,-0.00013988589247067773,0.0001367066676417987,-0.00030520558357238775,-0.0,0.0,0.0,0.0,1.0,0.0,0.0,2.370684826189593,2.8441559835692827,2.5720746950794444,170.77799639399763,96.9525469815585,96.08275274795609,393.51170691194005,217.44308348233346,129.94145730394422,0.0,0.0,0.0,0.0,1.0,0.0,0.0
2024-10-13 07:45:14.537825,1.0,1.0,1.0,1.0,1.0,1.0,1.0,898896.0,0.08014442796417422,0.03235860747555765,0.052046732179034834,0.020089129290905252,0.025872535641194412,0.02233037457124348,-0.00012716899315516158,0.000162140466272831,-0.00031156403323014586,-0.0,0.0,0.0,0.0,1.0,0.0,0.0,2.3242767200355514,2.928793670687645,2.4613220093541974,168.69477719052756,101.40612294365133,88.71035174686855,380.8899971202726,238.46894568065503,101.36668415348541,0.0,0.0,0.0,0.0,1.0,0.0,0.0
2024-10-13 07:45:14.537825,1.0,1.0,1.0,1.0,1.0,1.0,1.0,898897.0,0.08101716979052112,0.03211621748977285,0.05234614058676942,0.02013736256391312,0.025342149186916324,0.02206816930126611,-0.00010491441935300831,0.00016849891593058908,-0.00031474325805902487,-0.0,0.0,0.0,0.0,1.0,0.0,0.0,2.2856196189321505,3.009123052799339,2.3554191013361883,166.52367526749987,106.32844491822173,77.91779569731125,369.5479048338911,260.4077669911817,70.66908355044785,0.0,0.0,0.0,0.0,1.0,0.0,0.0
2024-10-13 07:45:14.537825,1.0,1.0,1.0,1.0,1.0,1.0,1.0,898898.0,0.0809528449135354,0.03219721690590663,0.052742707926448876,0.01974819809806028,0.02526547079878701,0.02193589137049136,-0.00012716899315516156,0.00015578201661507293,-0.00030520558357238775,-0.0,0.0,0.0,0.0,1.0,0.0,0.0,2.2479736214733643,3.092312254746189,2.2426423779343754,164.38752397948184,111.2937819166469,63.43361792717282,358.6005233775603,283.6868522057046,37.629966871432565,0.0,0.0,0.0,0.0,1.0,0.0,0.0
2024-10-13 07:45:14.537825,1.0,1.0,1.0,1.0,1.0,1.0,1.0,898899.0,0.08040400573845544,0.032035013270089084,0.05199666316101998,0.01969901197411813,0.025150014882560457,0.022286887919318283,-0.00011445209383964543,0.00015578201661507293,-0.0002988471339146297,-0.0,0.0,0.0,0.0,1.0,0.0,0.0,2.2352668030325313,2.4769292185714096,0.7798434673307981,163.92939354503937,110.19339269374113,54.62053284828767,359.9511234356007,262.9122837387333,20.60257675914275,0.0,0.0,0.0,0.0,1.0,0.0,0.0
2024-10-13 07:45:14.537825,1.0,1.0,1.0,1.0,1.0,1.0,1.0,898900.0,0.07975347720367693,0.031211353204542467,0.051695230689754394,0.019451215795870915,0.025418596266109744,0.022199659060460605,-8.265984555085501e-05,0.00013988589247067773,-0.00030520558357238775,-0.0,0.0,0.0,0.0,1.0,0.0,0.0,2.236805457368203,2.446097996027446,0.6322780431251708,164.00493256732074,109.94395566098079,54.940474462847796,360.3828036166385,262.6419681711556,20.620311034546308,0.0,0.0,0.0,0.0,1.0,0.0,0.0
2024-10-13 07:45:14.537825,1.0,1.0,1.0,1.0,1.0,1.0,1.0,898901.0,0.07998176404985496,0.031625864763461305,0.051493295423040195,0.019098900711587104,0.02557080478973271,0.022286887919318283,-8.90182952086131e-05,0.00013988589247067773,-0.000324280932545662,-0.0,0.0,0.0,0.0,1.0,0.0,0.0,2.240838171411991,2.429771272939991,0.5435156329800324,164.07688751923328,109.65209949216562,55.30437200579354,361.20760165946416,262.00973258857977,20.753071447316017,0.0,0.0,0.0,0.0,1.0,0.0,0.0
2024-10-13 07:45:14.537825,1.0,1.0,1.0,1.0,1.0,1.0,1.0,898902.0,0.07913052169675656,0.03154339822214999,0.05134132274900665,0.019250682441991743,0.02564657030330141,0.022155915847396346,-9.219752003749214e-05,0.00013988589247067773,-0.00031156403323014586,-0.0,0.0,0.0,0.0,1.0,0.0,0.0,2.241513791977764,2.4344726849590606,0.4955692009730297,164.1622012227005,109.35942895730167,55.67085507779258,361.55812612154244,262.56519945444467,20.349849285706387,0.0,0.0,0.0,0.0,1.0,0.0,0.0
2024-10-13 07:45:14.538825,1.0,1.0,1.0,1.0,1.0,1.0,1.0,898903.0,0.0802743217738222,0.03211621748977285,0.05149329542304019,0.019501026929403496,0.025418596266109744,0.021802810922600106,-8.583907037973405e-05,0.00013352744281291964,-0.00031156403323014586,-0.0,0.0,0.0,0.0,1.0,0.0,0.0,2.2429146811871177,2.4297812256364493,0.4655134107781263,164.2503219114511,109.05339861353744,56.05507282289076,362.0124914847231,261.8222346503037,20.446904358499086,0.0,0.0,0.0,0.0,1.0,0.0,0.0
2024-10-13 07:45:14.538825,1.0,1.0,1.0,1.0,1.0,1.0,1.0,898904.0,0.08004686928167701,0.032035013270089084,0.05083146579886899,0.019401276776896823,0.025111411613631566,0.021713637498104413,-8.90182952086131e-05,0.00012716899315516158,-0.00030520558357238775,-0.0,0.0,0.0,0.0,1.0,0.0,0.0,2.2469363018592303,2.413530227833614,0.46273108317088185,164.33731701247302,108.71614213685216,56.45738676019707,362.90142129235585,259.50153096385446,21.511766189613496,0.0,0.0,0.0,0.0,1.0,0.0,0.0
2024-10-13 07:45:14.538825,1.0,1.0,1.0,1.0,1.0,1.0,1.0,898905.0,0.07985139433963717,0.03179015607555206,0.05005694413093419,0.018894628520718087,0.025150014882560457,0.021624096343466504,-2.5433798631032314e-05,0.0001367066676417987,-0.00031156403323014586,-0.0,0.0,0.0,0.0,1.0,0.0,0.0,2.2521691379631608,2.403219209731358,0.46528865740291475,164.39561360890448,108.5537158733813,56.66760626356822,363.91804925745413,258.0534376277631,22.314996333352063,0.0,0.0,0.0,0.0,1.0,0.0,0.0
2024-10-13 07:45:14.538825,1.0,1.0,1.0,1.0,1.0,1.0,1.0,898906.0,0.08014442796417423,0.03235860747555765,0.05036818201544617,0.01914962829286367,0.024839508966216593,0.021847261143915334,-3.1792248288790396e-05,0.00014306511729955676,-0.0003306393822034201,-0.0,0.0,0.0,0.0,1.0,0.0,0.0,2.2543350908955424,2.404655247938967,0.4575974457646339,164.4450230093948,108.44565591717688,56.810023091071955,364.34341673434704,258.0265198418368,22.303429077059388,0.0,0.0,0.0,0.0,1.0,0.0,0.0
2024-10-13 07:45:14.538825,1.0,1.0,1.0,1.0,1.0,1.0,1.0,898907.0,0.07978612960103418,0.032278013060311,0.05036818201544617,0.019048038036167402,0.024917498197257262,0.021713637498104413,-2.5433798631032317e-05,0.00013352744281291964,-0.0003083848084012668,-0.0,0.0,0.0,0.0,1.0,0.0,0.0,2.2554572256589434,2.405307973235773,0.4529159420253437,164.47632625478624,108.38273624984241,56.89739450650712,364.549738358196,257.98532731329936,22.137082551007165,0.0,0.0,0.0,0.0,1.0,0.0,0.0
2024-10-13 07:45:14.538825,1.0,1.0,1.0,1.0,1.0,1.0,1.0,898908.0,0.07916343104386311,0.03154339822214999,0.0496389247530867,0.019098900711587104,0.024878534141836748,0.021891621110694724,-2.2254573802153277e-05,0.00014306511729955676,-0.00031474325805902487,-0.0,0.0,0.0,0.0,1.0,0.0,0.0,2.258015268822569,2.402309833911657,0.45256289985537906,164.4924233123814,108.34620367099353,56.94385758958976,364.996832834193,257.61839385419097,22.216371101973046,0.0,0.0,0.0,0.0,1.0,0.0,0.0
2024-10-13 07:45:14.538825,1.0,1.0,1.0,1.0,1.0,1.0,1.0,898909.0,0.07883371936094599,0.03170811682633252,0.04974375892424916,0.019200221850765864,0.024761274097977876,0.021802810922600106,-3.8150697946548475e-05,0.0001208105434974035,-0.00031474325805902487,-0.0,0.0,0.0,0.0,1.0,0.0,0.0,2.2598507411381488,2.3994657117212723,0.45575347616997336,164.49695210081924,108.35966352583559,56.931081133879715,365.29611269593164,257.3466738156839,22.391969067144213,0.0,0.0,0.0,0.0,1.0,0.0,0.0
2024-10-13 07:45:14.538825,1.0,1.0,1.0,1.0,1.0,1.0,1.0,898910.0,0.07936060054239835,0.031790156075552065,0.05021280421998248,0.01894590304788124,0.024485483605775776,0.021802810922600106,-3.815069794654847e-05,0.00012716899315516158,-0.00030520558357238775,-0.0,0.0,0.0,0.0,1.0,0.0,0.0,2.2623989556763284,2.399519987259504,0.4577264477662659,164.48814510525466,108.3486830601699,56.927129610793,365.74217198099973,257.31978665713115,22.5531414678673,0.0,0.0,0.0,0.0,1.0,0.0,0.0
2024-10-13 07:45:14.538825,1.0,1.0,1.0,1.0,1.0,1.0,1.0,898911.0,0.07843623589039121,0.03137781493555469,0.049586424553571054,0.019200221850765864,0.024326485277441648,0.021713637498104413,-4.132992277542751e-05,0.00013988589247067773,-0.0002670548856258393,-0.0,0.0,0.0,0.0,1.0,0.0,0.0,2.262212439149421,2.4016594326080787,0.4592882090463348,164.487951610845,108.34197946482061,56.92993633660674,365.74022029020193,257.53743447549385,22.659888769208685,0.0,0.0,0.0,0.0,1.0,0.0,0.0
2024-10-13 07:45:14.538825,1.0,1.0,1.0,1.0,1.0,1.0,1.0,898912.0,0.07932777299164846,0.03170811682633252,0.04948125704482232,0.019048038036167402,0.024166440873625895,0.022286887919318283,-2.5433798631032307e-05,0.00013670666764179867,-0.00027977178494135546,-0.0,0.0,0.0,0.0,1.0,0.0,0.0,2.263719099142909,2.402807575175447,0.4620087670355025,164.49120304136898,108.33997072172589,56.93566834602834,365.99400102904923,257.6517902926493,22.832309006646266,0.0,0.0,0.0,0.0,1.0,0.0,0.0
2024-10-13 07:45:14.538825,1.0,1.0,1.0,1.0,1.0,1.0,1.0,898913.0,0.07846943641500621,0.030875737502386418,0.049375865536358574,0.018894628520718087,0.024485483605775776,0.02241709479882712,-2.2254573802153274e-05,0.00014624434212843582,-0.00027023411045471834,-0.0,0.0,0.0,0.0,1.0,0.0,0.0,2.2659691006133738,2.4044855522928166,0.4640797008409463,164.4801617419758,108.3306543598274,56.93488141304058,366.3543549478039,257.81284006823165,22.921690612398056,0.0,0.0,0.0,0.0,1.0,0.0,0.0
2024-10-13 07:45:14.538825,1.0,1.0,1.0,1.0,1.0,1.0,1.0,898914.0,0.07850262289837398,0.03170811682633252,0.049586424553571054,0.018739963202861063,0.024800422381866246,0.022589536530764214,-4.1329922775427505e-05,0.00016531969110171005,-0.00029566790908575063,-0.0,0.0,0.0,0.0,1.0,0.0,0.0,2.2681067548068587,2.4051830813911654,0.4667177677230814,164.4780806044098,108.33407288997581,56.941887711713306,366.7074593508309,257.9000283620987,23.162321791391054,0.0,0.0,0.0,0.0,1.0,0.0,0.0
2024-10-13 07:45:14.619342,1.0,1.0,1.0,1.0,1.0,1.0,1.0,898915.0,0.07893277747670618,0.03227801306031101,0.0503164427290474,0.019048038036167402,0.024917498197257262,0.022286887919318283,-4.76883724331856e-05,0.000162140466272831,-0.00030202635874350875,-0.0,0.0,0.0,0.0,1.0,0.0,0.0,2.270212438414774,2.4038610309605004,0.470113445347568,164.46119940727687,108.32783289250088,56.9394939099136,367.0529605493677,257.7852528283913,23.360224752197308,0.0,0.0,0.0,0.0,1.0,0.0,0.0
2024-10-13 07:45:14.701406,1.0,1.0,1.0,1.0,1.0,1.0,1.0,898916.0,0.07870144792656587,0.031790156075552065,0.04974375892424916,0.018791659751293096,0.024722063821441115,0.021891621110694724,-6.676372140645982e-05,0.00014624434212843582,-0.0002734133352835974,-0.0,0.0,0.0,0.0,1.0,0.0,0.0,2.270730588504554,2.4031120618088457,0.4736804988775122,164.44633484585552,108.29722024043072,56.95926926809396,367.10049084367733,257.6704163763626,23.572092756642412,0.0,0.0,0.0,0.0,1.0,0.0,0.0
2024-10-13 07:45:14.705407,1.0,1.0,1.0,1.0,1.0,1.0,1.0,898917.0,0.07823673687494544,0.0319536026854434,0.049428589380035616,0.018739963202861063,0.024761274097977876,0.021891621110694724,-8.265984555085502e-05,0.00015260279178619387,-0.0002734133352835974,-0.0,0.0,0.0,0.0,1.0,0.0,0.0,2.2718213127007676,2.4052247299158624,0.47731046294633545,164.43677212787014,108.29363264729979,56.95692290037413,367.29771511567856,257.90387881128294,23.77191596924531,0.0,0.0,0.0,0.0,1.0,0.0,0.0
2024-10-13 07:45:14.787576,1.0,1.0,1.0,1.0,1.0,1.0,1.0,898918.0,0.0795245350293113,0.03283802036619845,0.050574609855969704,0.018531734926591673,0.024643456106314375,0.02193589137049136,-6.676372140645982e-05,0.00015260279178619387,-0.0002893094594279926,-0.0,0.0,0.0,0.0,1.0,0.0,0.0,2.2736341837071907,2.4059218026985194,0.47915223617753666,164.43983078333676,108.31219173301886,56.9364484206687,367.5917009498944,258.02017692664526,23.853420591308574,0.0,0.0,0.0,0.0,1.0,0.0,0.0
2024-10-13 07:45:14.791821,1.0,1.0,1.0,1.0,1.0,1.0,1.0,898919.0,0.07978612960103419,0.032278013060311,0.050626085299173146,0.0181615916660127,0.024445830974727203,0.021758269893602942,-6.676372140645982e-05,0.000162140466272831,-0.00030520558357238775,-0.0,0.0,0.0,0.0,1.0,0.0,0.0,2.345260287394446,2.4761564509642584,1.7661757341639077,166.58012084988317,105.25444269938636,81.83219140862782,382.7711093034235,242.48208611499385,107.67774391587568,0.0,0.0,0.0,0.0,1.0,0.0,0.0
2024-10-13 07:45:14.873280,1.0,1.0,1.0,1.0,1.0,1.0,1.0,898920.0,0.08017692114530416,0.03235860747555765,0.05072887948684035,0.018321140191983925,0.024286573051581467,0.02166891317152994,-4.132992277542751e-05,0.00014942356695731487,-0.0002988471339146297,-0.0,0.0,0.0,0.0,1.0,0.0,0.0,2.3917109486432464,2.3824440301296996,2.1834569200514933,169.12143979745917,100.76932964131014,109.92258167279415,396.5154935485169,219.98009303045762,199.2966202525384,0.0,0.0,0.0,0.0,1.0,0.0,0.0
2024-10-13 07:45:14.955713,1.0,1.0,1.0,1.0,1.0,1.0,1.0,898921.0,0.08011192160389803,0.033075121065200774,0.05047150147174474,0.018688123647942947,0.024839508966216593,0.022155915847396346,-6.676372140645982e-05,0.00017485736558834716,-0.0003179224828879039,-0.0,0.0,0.0,0.0,1.0,0.0,0.0,2.4311262426453393,2.291234276072154,2.559789999404659,171.2744778670157,96.43276617940668,132.76287800371182,408.4604266495429,200.0234000418973,298.0513487046139,0.0,0.0,0.0,0.0,1.0,0.0,0.0
2024-10-13 07:45:14.959710,1.0,1.0,1.0,1.0,1.0,1.0,1.0,898922.0,0.0805981404413478,0.03275860544857268,0.051745591374556074,0.018791659751293096,0.024878534141836748,0.021802810922600106,-5.722604691982271e-05,0.00018121581524610522,-0.00031474325805902487,-0.0,0.0,0.0,0.0,1.0,0.0,0.0,2.4586984384993245,2.1857848549346697,2.8579084155513055,172.97291300937027,92.2380809957221,152.48494402018733,417.3910180875603,180.01909682423155,393.1037570440581,0.0,0.0,0.0,0.0,1.0,0.0,0.0
2024-10-13 07:45:15.041049,1.0,1.0,1.0,1.0,1.0,1.0,1.0,898923.0,0.08040400573845545,0.03315377782566108,0.050984958244254856,0.018791659751293096,0.024722063821441115,0.02202416493185523,-6.676372140645982e-05,0.0001716781407594681,-0.0003179224828879039,-0.0,0.0,0.0,0.0,1.0,0.0,0.0,2.475651031049287,2.0762215285133405,3.126979261361128,174.20926124184678,88.25234434112197,170.0513568466309,423.4701435245834,160.9724201589702,488.57774678210325,0.0,0.0,0.0,0.0,1.0,0.0,0.0
2024-10-13 07:45:15.045049,1.0,1.0,1.0,1.0,1.0,1.0,1.0,898924.0,0.07932777299164846,0.03259919523031266,0.0505746098559697,0.019048038036167402,0.024839508966216593,0.022199659060460605,-9.219752003749215e-05,0.00019711193939050045,-0.00031156403323014586,-0.0,0.0,0.0,0.0,1.0,0.0,0.0,2.467329644318605,2.014240668468646,3.431115800686477,174.75691743181133,83.57777307789233,184.15644849289237,423.2432124874695,145.3002436898183,588.5054263653753,0.0,0.0,0.0,0.0,1.0,0.0,0.0
2024-10-13 07:45:15.127157,1.0,1.0,1.0,1.0,1.0,1.0,1.0,898925.0,0.08046876934600648,0.0319536026854434,0.051239757223726694,0.018997039181501363,0.024286573051581467,0.022373776700767792,-7.630139589309696e-05,0.00017803659041722622,-0.0003306393822034201,-0.0,0.0,0.0,0.0,1.0,0.0,0.0,2.4113932432730536,2.025101040766898,3.72026057439497,173.91323598998537,77.09541810863008,193.05996300341178,410.12117183511003,128.31234104069046,673.0226646683021,0.0,0.0,0.0,0.0,1.0,0.0,0.0
2024-10-13 07:45:15.209212,1.0,1.0,1.0,1.0,1.0,1.0,1.0,898926.0,0.08172140181647343,0.03211621748977285,0.05199666316101998,0.019048038036167402,0.024485483605775776,0.02250348084068699,-7.312217106421794e-05,0.0001716781407594681,-0.00033699783186117815,-0.0,0.0,0.0,0.0,1.0,0.0,0.0,2.321810129773238,2.104979020065743,3.9710189707343924,171.73906839128625,70.67388440536914,201.0868840572405,386.02440053314103,116.69815383431025,752.3807049899809,0.0,0.0,0.0,0.0,1.0,0.0,0.0
2024-10-13 07:45:15.213210,1.0,1.0,1.0,1.0,1.0,1.0,1.0,898927.0,0.08079180865915105,0.03235860747555765,0.05134132274900665,0.019200221850765864,0.025532837723818223,0.023141099377598725,-8.583907037973408e-05,0.00019711193939050045,-0.00036243163049221044,-0.0,0.0,0.0,0.0,1.0,0.0,0.0,2.215777675158323,2.315573894086256,4.207144680147819,168.057031162782,65.77728664271774,209.0845722338606,349.8051736910331,118.00737409233174,833.0560826584374,0.0,0.0,0.0,0.0,1.0,0.0,0.0
2024-10-13 07:45:15.294876,1.0,1.0,1.0,1.0,1.0,1.0,1.0,898928.0,0.08046876934600648,0.03219721690590663,0.050831465798868984,0.019451215795870915,0.025494814117130813,0.02284575874987356,-8.265984555085502e-05,0.0001780365904172262,-0.0003497147311766943,-0.0,0.0,0.0,0.0,1.0,0.0,0.0,2.308174010832156,3.2034025131984216,4.498214593580306,161.02481372141924,76.74355529784238,219.71065660037183,299.5964756319026,213.5049108494864,941.2284466506774,0.0,0.0,0.0,0.0,1.0,0.0,0.0
2024-10-13 07:45:15.297876,1.0,1.0,1.0,1.0,1.0,1.0,1.0,898929.0,0.07968813227078546,0.03299627680272549,0.050882681394529464,0.01969901197411813,0.025984781442148438,0.02322479259609146,-9.219752003749215e-05,0.00021300806353489565,-0.0003560731808344524,-0.0,0.0,0.0,0.0,1.0,0.0,0.0,3.5722960682272324,4.657113249196259,4.284152916492343,151.007633252678,104.71124989983161,219.92857720094673,290.25695410416387,464.396765230898,913.2214528309938,0.0,0.0,0.0,0.0,1.0,0.0,0.0
2024-10-13 07:45:15.380664,1.0,1.0,1.0,1.0,1.0,1.0,1.0,898930.0,0.07962273371051125,0.033466556241354264,0.05016090466686863,0.0198462046459215,0.026281760015388615,0.023099139054088526,-9.855596969525022e-05,0.00023208341250816986,-0.0003560731808344524,-0.0,0.0,0.0,0.0,1.0,0.0,0.0,6.262266881576791,5.647223300489787,4.6054697082367895,149.3244474382096,131.30338139427246,208.73958998498273,525.2404947116768,717.2706951616668,787.0346273753905,0.0,0.0,0.0,0.0,1.0,0.0,0.0
2024-10-13 07:45:15.384661,1.0,1.0,1.0,1.0,1.0,1.0,1.0,898931.0,0.08108144363624359,0.033466556241354264,0.05134132274900665,0.019401276776896823,0.025797433782787597,0.023014988905331966,-2.8613023459911357e-05,0.0001907534897327424,-0.00037832775463660567,-0.0,0.0,0.0,0.0,1.0,0.0,0.0,8.300544442200808,5.949815211482336,7.573995932167526,159.59794887697757,139.72861284842966,197.9953827174799,918.833379405808,706.8426096366916,910.0980493615311,0.0,0.0,0.0,0.0,1.0,0.0,0.0
2024-10-13 07:45:15.465614,1.0,1.0,1.0,1.0,1.0,1.0,1.0,898932.0,0.08063045078156783,0.033699234984826465,0.04979609324585039,0.019550711154970875,0.026170787978491077,0.023141099377598725,-4.768837243318558e-05,0.0001875742649038633,-0.0003656108553210895,-0.0,0.0,0.0,0.0,1.0,0.0,0.0,8.654145111377721,9.383630986279693,10.121544485274525,159.01810195596067,143.37141253678482,199.19907221277023,915.8334000675874,939.0898900593457,1347.8202103159822,768.5225014938769,1027.3063151041574,0.36484893860589196,7.143779018492517,0.020994956736164024,0.0,43419.410072543316
2024-10-13 07:45:15.548918,1.0,1.0,1.0,1.0,1.0,1.0,1.0,898933.0,0.08159381172801693,0.03369923498482647,0.05005694413093419,0.019600269437660415,0.02646567940419046,0.023266526309168863,-6.358449657758082e-06,0.00019075348973274234,-0.00038468620429436373,-0.0,0.0,0.0,0.0,1.0,0.0,0.0,12.212803761284446,11.840061673145069,10.813705539499114,156.10358939101002,162.75261745952346,190.00383670928855,1239.0129404206987,1481.72395004263,1274.3131607632422,1021.5163262194056,640.8480805767637,0.7740746429226786,15.221645600052666,0.016784379954612648,0.00038092513711534426,24339.06760832553
2024-10-13 07:45:15.552919,1.0,1.0,1.0,1.0,1.0,1.0,1.0,898934.0,0.08181696380798012,0.033388636330645795,0.05067750845646186,0.019451215795870915,0.026538890275460948,0.02305710236947253,9.53767448663712e-06,0.00015578201661507293,-0.0003751485298077266,-0.0,0.0,0.0,0.0,1.0,0.0,0.0,13.553373451061054,13.745097746169236,14.690570560544904,164.05936113971458,166.07214208988196,187.00173677013456,1561.960710338324,1551.356155802745,1778.2028961421533,1307.1201212950236,485.1975176795418,1.3045648285909988,25.72576580942626,0.014009681787470392,0.0010247182673613295,15842.605182674835
2024-10-13 07:45:15.633236,1.0,1.0,1.0,1.0,1.0,1.0,1.0,898935.0,0.0805334808718213,0.033388636330645795,0.04974375892424916,0.019250682441991743,0.02697398304697218,0.02318298375463526,-3.815069794654847e-05,0.00018121581524610522,-0.0003560731808344524,-0.0,0.0,0.0,0.0,1.0,0.0,0.0,17.451353429185758,16.494730350452436,15.978463377737256,164.39285411027453,182.74651496556177,185.1254620338651,1993.3788435047102,2178.621506578205,1807.2978480959644,1647.0424545226804,418.16154728921913,1.9034746397229723,37.6124896923899,0.01200444420252561,0.0019659793615805724,11750.255293674267
2024-10-13 07:45:15.637233,1.0,1.0,1.0,1.0,1.0,1.0,1.0,898936.0,0.07988400671360849,0.03354429515269826,0.048578141565218835,0.01979726201988583,0.027045818015839475,0.023720751579510535,-3.1792248288790384e-06,0.0001875742649038633,-0.00035925240566333144,-0.0,0.0,0.0,0.0,1.0,0.0,0.0,18.926048424876786,19.972740992173232,19.556366297666948,170.6268198848798,188.3231839014323,190.43345134975434,2244.1472054499072,2539.5244879594807,2484.691843275584,2049.6361086596567,377.76085176990495,2.6183061553983378,51.812100174665524,0.010579796639880491,0.0032625889320464707,8097.2228234570175
2024-10-13 07:45:15.719401,1.0,1.0,1.0,1.0,1.0,1.0,1.0,898937.0,0.08120983871846918,0.033466556241354264,0.049638924753086684,0.01969901197411813,0.02613369258354722,0.023391280695733478,3.4971473117669426e-05,0.00014624434212843582,-0.0003497147311766943,-0.0,0.0,0.0,0.0,1.0,0.0,0.0,22.21641167736919,21.539864041601312,22.42818852509685,176.17585428183193,196.4927044383402,184.68472406134214,2823.2354849245376,2776.194227915472,2593.7821615604175,2343.3048414812274,332.9569122844984,3.391610842502895,67.2066327382754,0.009222521993720935,0.0049444501751435745,4847.459690286263
2024-10-13 07:45:15.802221,1.0,1.0,1.0,1.0,1.0,1.0,1.0,898938.0,0.08037160436468821,0.03315377782566108,0.049058332560849585,0.01935120888239217,0.02613369258354722,0.023432717895079433,3.4971473117669426e-05,0.00014942356695731485,-0.0003528939560055733,-0.0,0.0,0.0,0.0,1.0,0.0,0.0,25.022747461188736,24.277397004819544,23.863617441488532,178.77587478305466,196.24568989270492,178.5621973240625,2996.675742661036,3104.183587090882,2650.340466490532,2530.294800430502,292.22036071759135,4.167596095493686,82.68600941686387,0.007989167829026126,0.007013686334112519,2551.0174953921332
2024-10-13 07:45:15.806220,1.0,1.0,1.0,1.0,1.0,1.0,1.0,898939.0,0.08050113161127861,0.03275860544857268,0.04884549714260755,0.019200221850765864,0.026392265450275895,0.023391280695733478,1.271689931551615e-05,0.0001208105434974035,-0.00032746015737454104,-0.0,0.0,0.0,0.0,1.0,0.0,0.0,26.20631909132275,26.77460324490299,26.48899939529623,184.69271395303375,185.10264597686998,174.9688456243636,3098.3149849122938,3015.738987853481,3031.060694916262,2668.7291133288927,255.66704392547362,5.019188245579509,99.6784154042213,0.00702652971812832,0.009508161310928551,0.0
2024-10-13 07:45:15.887470,1.0,1.0,1.0,1.0,1.0,1.0,1.0,898940.0,0.07988400671360849,0.032439001655304125,0.04942858938003563,0.019250682441991743,0.02657542007977932,0.023474081948271334,3.179224828879038e-06,0.00011127286901076638,-0.0003306393822034201,-0.0,0.0,0.0,0.0,1.0,0.0,0.0,27.92888883421254,27.83692551242406,28.856918901232174,183.76824092014414,173.512209408192,176.24302671069938,3235.6053790742585,2889.2678666012375,3261.9033783192076,2759.4923252257104,239.90838157263127,5.526907071415034,109.83864117749248,0.006328134721370859,0.012256898244532802,3648.3332215244614
2024-10-13 07:45:15.891472,1.0,1.0,1.0,1.0,1.0,1.0,1.0,898941.0,0.07936060054239835,0.03235860747555765,0.04969136948483319,0.019098900711587104,0.026611899740163612,0.023308185297423505,-1.2716899315516169e-05,0.00010491441935300828,-0.00030520558357238775,-0.0,0.0,0.0,0.0,1.0,0.0,0.0,29.893730678978546,29.736647903101147,29.388438106379315,169.0251214662248,174.46859680993808,178.37443118573964,3033.7576802436133,3326.831533334381,3143.4574535213956,2809.3705332464956,225.36161220874453,5.986610646433859,119.04206833470928,0.005764067806706431,0.015235953032323711,3568.7857578298863
2024-10-13 07:45:15.972123,1.0,1.0,1.0,1.0,1.0,1.0,1.0,898942.0,0.07936060054239835,0.032599195230312655,0.0505746098559697,0.018997039181501363,0.026829736114304472,0.02297279823941287,-2.543379863103232e-05,0.00012716899315516158,-0.0003179224828879039,-0.0,0.0,0.0,0.0,1.0,0.0,0.0,30.907590547840122,31.28253313504265,30.550347995328796,166.34479450104843,174.7830492490924,168.58095293432902,3101.579599569422,3355.28169582568,3058.553261238621,2824.6163619620597,214.75079236954602,6.313527863016566,125.60186196777713,0.0052957340734274,0.01837916814513993,4980.707008694349
2024-10-13 07:45:15.975122,1.0,1.0,1.0,1.0,1.0,1.0,1.0,898943.0,0.07991660577912112,0.03267899754122895,0.05139203024062463,0.01914962829286367,0.02668470945144587,0.02284575874987356,-6.358449657758079e-05,0.00012398976832628253,-0.0003179224828879039,-0.0,0.0,0.0,0.0,1.0,0.0,0.0,31.42270864465503,31.525968911825565,32.510740869832105,169.2080024094476,162.45749278079228,166.19110326678452,3178.675498848573,2920.541812905887,3324.4245491106735,2805.5615126246626,204.46361805469516,6.584048559099578,131.03132590458523,0.004933478782659422,0.02165825682569867,5268.211208738261
2024-10-13 07:45:16.058980,1.0,1.0,1.0,1.0,1.0,1.0,1.0,898944.0,0.08111356146029437,0.03283802036619844,0.05159436185084285,0.019501026929403496,0.026392265450275895,0.02297279823941287,-9.53767448663712e-06,0.00011763131866852444,-0.0003083848084012668,-0.0,0.0,0.0,0.0,1.0,0.0,0.0,33.154004298957844,32.38342221058632,32.02941026953195,157.81726555784994,168.3945368742453,160.0796336969501,3147.8025084943592,3299.400974455385,2824.590585392698,2766.3218982530966,197.6181705938729,6.714811116018601,133.67408562701857,0.0046325703180934725,0.025003481168332436,6989.183882993971
2024-10-13 07:45:16.140941,1.0,1.0,1.0,1.0,1.0,1.0,1.0,898945.0,0.08184879301121023,0.03267899754122895,0.05134132274900665,0.019550711154970875,0.025910004937642474,0.02276067182949264,1.2716899315516145e-05,0.00010173519452412925,-0.00029566790908575063,-0.0,0.0,0.0,0.0,1.0,0.0,0.0,32.34219112676863,33.36278763264056,33.0581316401271,156.9118199059112,155.57510081954655,161.6936815188175,2809.7211863023945,3005.74042271409,3193.8042892567937,2691.3779261567743,190.16030405502545,6.78739045072833,135.15316021549387,0.004380540676048234,0.028385719688356903,7451.004011589674
2024-10-13 07:45:16.145938,1.0,1.0,1.0,1.0,1.0,1.0,1.0,898946.0,0.08200775372225469,0.03299627680272549,0.0514426877494643,0.019501026929403496,0.025759800744833576,0.022199659060460605,-1.907534897327424e-05,9.537674486637117e-05,-0.00027977178494135546,-0.0,0.0,0.0,0.0,1.0,0.0,0.0,33.08545554595288,32.43042015103025,33.21854498914089,155.08288484912725,155.50255602031083,149.63803115719332,3014.1553184120235,2748.7432002681644,2764.060908326594,2546.2544766782407,177.88075727374402,6.862986133666117,136.69235252115456,0.004133551642954425,0.03180647684529397,6725.190674718415
2024-10-13 07:45:16.226202,1.0,1.0,1.0,1.0,1.0,1.0,1.0,898947.0,0.08226145194229702,0.03315377782566108,0.05139203024062462,0.01969901197411813,0.025835012001953723,0.021758269893602942,-2.5433798631032317e-05,0.00011763131866852444,-0.0002670548856258393,-0.0,0.0,0.0,0.0,1.0,0.0,0.0,33.24348033853431,32.97344124523028,32.39768401628622,149.92362564041736,155.16468469962638,152.1347893205203,2780.659010436592,2952.0770277093247,2681.8711089588937,2512.2198888341436,175.49471109269072,6.862986133666117,136.6988934147014,0.004085898235097759,0.03522739768957711,7748.184792335689
2024-10-13 07:45:16.230024,1.0,1.0,1.0,1.0,1.0,1.0,1.0,898948.0,0.08273503934361162,0.03315377782566108,0.05204673217903484,0.019895026871345974,0.026096544458751023,0.02193589137049136,-2.2254573802153277e-05,0.00010173519452412927,-0.0002893094594279926,-0.0,0.0,0.0,0.0,1.0,0.0,0.0,32.20601792694346,33.21394258235303,32.992070927022326,153.05715854984982,152.84111404483292,155.38689072018235,2746.141731357209,2866.518252658427,3016.0411860497757,2579.0823431590425,180.00291062422914,6.870088785748197,136.82235541569227,0.0042169782468724605,0.03865140819846628,7999.278776800536
2024-10-13 07:45:16.312127,1.0,1.0,1.0,1.0,1.0,1.0,1.0,898949.0,0.0830806210387275,0.033388636330645795,0.05234614058676942,0.020089129290905252,0.025759800744833576,0.02148908505684164,-4.450914760430655e-05,0.00011445209383964543,-0.00030202635874350875,-0.0,0.0,0.0,0.0,1.0,0.0,0.0,32.75093418392776,32.06150488084018,33.06747649429308,157.38841688867234,156.20520724129173,153.27650057196718,3105.832322513761,2834.572863281679,2941.6334135399343,2657.5649335034227,186.38899259152433,6.837866313411376,136.1554424026606,0.004401108752202368,0.04205872905778615,8851.200194564246
2024-10-13 07:45:16.395153,1.0,1.0,1.0,1.0,1.0,1.0,1.0,898950.0,0.08364303858434123,0.03291724369090571,0.052146725992984415,0.02004077993250076,0.025910004937642474,0.021579186437577745,-4.76883724331856e-05,0.00011127286901076638,-0.00029566790908575063,-0.0,0.0,0.0,0.0,1.0,0.0,0.0,33.09406965674386,32.614817213637465,31.98710538849991,155.0493198099722,161.2799400165551,156.72643346632725,3063.0467718685886,3228.9504232887402,2880.867438111488,2747.427188011044,193.63385037628387,6.805776328096725,135.49282325604565,0.004574814656471052,0.04544946772251867,9247.615709043232
2024-10-13 07:45:16.399111,1.0,1.0,1.0,1.0,1.0,1.0,1.0,898951.0,0.08389179166465847,0.03299627680272549,0.051695230689754394,0.020329151297720685,0.025947420126718565,0.021398604296836984,-0.00010491441935300831,0.00014624434212843582,-0.00030520558357238775,-0.0,0.0,0.0,0.0,1.0,0.0,0.0,31.83025443994757,33.07613469937698,32.66678313918404,158.60141167740255,158.2780211278268,162.16401663895084,2973.9769496384965,3168.5982480325333,3334.1380760434486,2841.6290159101522,201.28406086773253,6.772791441763107,134.8122555851991,0.004751166897703147,0.04882317502676987,9682.40316083383
2024-10-13 07:45:16.480843,1.0,1.0,1.0,1.0,1.0,1.0,1.0,898952.0,0.08326851563462807,0.03283802036619844,0.05083146579886899,0.020376816430674367,0.025494814117130813,0.021534182871517486,-8.265984555085502e-05,0.00012398976832628253,-0.00030520558357238775,-0.0,0.0,0.0,0.0,1.0,0.0,0.0,32.49498931702864,31.760294759742507,32.93420257275068,163.87683717643063,161.72728300239106,158.60252865337534,3405.833659431068,3065.207876356646,3227.668793796331,2909.76080567814,206.90601145663777,6.747828138765743,134.29367629633703,0.004911850638056429,0.05218390476657729,9870.954641587921
2024-10-13 07:45:16.484844,1.0,1.0,1.0,1.0,1.0,1.0,1.0,898953.0,0.08292371698737709,0.03275860544857268,0.05026465018549218,0.020281374142839443,0.025608715566353565,0.021032789233536103,-4.4509147604306555e-05,0.0001144520938396454,-0.0002861302345991135,-0.0,0.0,0.0,0.0,1.0,0.0,0.0,32.9796121429177,32.43642504106157,31.735765979682242,159.8618143084255,167.00350595166174,161.7562393736515,3311.207699017141,3499.0537063771835,3093.8140325538616,2972.8693057978794,212.05079160535047,6.727696493982507,133.8774097286507,0.005027873593915314,0.055534217341017794,10077.743199527566
2024-10-13 07:45:16.565790,1.0,1.0,1.0,1.0,1.0,1.0,1.0,898954.0,0.08254593043497246,0.033388636330645795,0.0498483726232365,0.019943729580380914,0.025303839037745666,0.020707400498272993,-6.040527174870175e-05,0.00013352744281291964,-0.0002861302345991135,-0.0,0.0,0.0,0.0,1.0,0.0,0.0,31.655135238092708,32.977879191339866,32.52896383451791,162.9422399180968,162.41100554385446,167.15552389218394,3156.8623709230137,3384.838192759609,3566.815850646991,3036.1490558559194,216.8851916091795,6.718495361535772,133.67942549272934,0.005138663501497487,0.05887957531500335,10034.28269220059
2024-10-13 07:45:16.648307,1.0,1.0,1.0,1.0,1.0,1.0,1.0,898955.0,0.08232475433869242,0.033544295152698266,0.04995276723522182,0.02013736256391312,0.025608715566353565,0.020566372293249237,-8.90182952086131e-05,0.00014942356695731485,-0.0002988471339146297,-0.0,0.0,0.0,0.0,1.0,0.0,0.0,32.41452525693209,31.620510376896576,32.853716971073204,168.21875059329972,165.58600021495923,162.23187398166445,3608.978223503256,3231.5141650418495,3411.2314909266097,3079.7656705569475,220.34106749230358,6.708861651981268,133.473056733099,0.005248105737270473,0.062219768863924496,10224.477008339643
2024-10-13 07:45:16.652307,1.0,1.0,1.0,1.0,1.0,1.0,1.0,898956.0,0.08248279778295654,0.033388636330645795,0.05041986820864095,0.019895026871345974,0.025418596266109744,0.020847474702880044,-0.00010491441935300828,0.00014306511729955676,-0.0003179224828879039,-0.0,0.0,0.0,0.0,1.0,0.0,0.0,32.894150519952746,32.411297447333055,31.618311552703258,163.3761716593484,171.01075518742812,165.75887561668594,3473.5043259875893,3698.536157406508,3266.5268697509177,3136.890912117016,225.06428467350597,6.690560263572786,133.09575848368394,0.005346688166513409,0.06555052043849095,10764.275327443625
2024-10-13 07:45:16.734822,1.0,1.0,1.0,1.0,1.0,1.0,1.0,898957.0,0.08133803112457424,0.03283802036619844,0.05041986820864096,0.01979726201988583,0.02526547079878701,0.02126216122037606,-0.00011127286901076637,0.00014306511729955676,-0.00031474325805902487,-0.0,0.0,0.0,0.0,1.0,0.0,0.0,31.559163011025824,32.88477190008556,32.53736693460276,166.93751015038384,166.02626358171875,171.2037917490477,3333.185638664324,3549.7205772933985,3765.98640019318,3201.791215051179,229.92371844865426,6.685387013577771,132.97825088995293,0.0054558500511706545,0.06887833135884497,10751.46764882263
2024-10-13 07:45:16.738819,1.0,1.0,1.0,1.0,1.0,1.0,1.0,898958.0,0.08104931308470009,0.033544295152698266,0.04948125704482232,0.019550711154970875,0.025034026493987453,0.021307739324598604,-8.583907037973408e-05,0.000162140466272831,-0.00029566790908575063,-0.0,0.0,0.0,0.0,1.0,0.0,0.0,32.46468523987644,31.53230108925902,32.77821955103868,171.98063658478677,169.54784623846817,165.74439980068394,3801.3220530747403,3408.5715490350276,3563.9175660186415,3239.672812793234,232.805696409578,6.681373802314854,132.8859087492469,0.005549512113760541,0.07220383139616214,10909.965885225072
2024-10-13 07:45:16.819424,1.0,1.0,1.0,1.0,1.0,1.0,1.0,898959.0,0.08088846888354172,0.033466556241354264,0.04942858938003563,0.01974819809806028,0.024878534141836748,0.02166891317152994,-4.450914760430655e-05,0.000162140466272831,-0.0002988471339146297,-0.0,0.0,0.0,0.0,1.0,0.0,0.0,32.82012488271405,32.47078884070766,31.57028007748885,166.15901010398835,174.38522091268064,169.21179629268744,3599.1276497972726,3870.543382007299,3418.059807427282,3274.4093874447885,235.45387480862678,6.6774125263774975,132.80013509446377,0.005601836266150574,0.07552718492829404,11055.532270457177
2024-10-13 07:45:16.822423,1.0,1.0,1.0,1.0,1.0,1.0,1.0,898960.0,0.07994919155245452,0.034083503219895,0.04979609324585039,0.019301011109426145,0.024485483605775776,0.021847261143915334,-3.497147311766943e-05,0.00016531969110171005,-0.0003083848084012668,-0.0,0.0,0.0,0.0,1.0,0.0,0.0,31.539067930241043,32.825205064001466,32.63670398531657,169.8447724042708,168.0600460184422,173.72370641027447,3459.8760362592066,3637.5440857839403,3906.0536286252072,3310.3798437260893,238.0585821365718,6.677217744687593,132.78999922931413,0.00564872745866258,0.07885028480809927,11198.89520410521
2024-10-13 07:45:16.904952,1.0,1.0,1.0,1.0,1.0,1.0,1.0,898961.0,0.08024186803415992,0.033699234984826465,0.05016090466686863,0.019501026929403496,0.02436633212687883,0.021802810922600106,-1.2716899315516157e-05,0.00013352744281291964,-0.00031156403323014586,-0.0,0.0,0.0,0.0,1.0,0.0,0.0,32.59409340512011,31.541691394663992,32.72068683258163,173.6648330867967,172.00071778539996,167.1760609357815,3909.152454968066,3518.5069041313245,3614.299849728197,3321.7941444009284,238.7951497684074,6.679836509070265,132.83685833515167,0.005687802727071674,0.08217455734766715,11239.59413309807
2024-10-13 07:45:16.988521,1.0,1.0,1.0,1.0,1.0,1.0,1.0,898962.0,0.08046876934600648,0.03369923498482647,0.05036818201544617,0.019200221850765864,0.02452507212573485,0.022112086099532226,-2.2254573802153277e-05,0.00013988589247067773,-0.0003083848084012668,-0.0,0.0,0.0,0.0,1.0,0.0,0.0,32.756513351744935,32.602222001569785,31.593303944227685,167.2872444486059,175.5248908711455,171.24726129060366,3631.416813222924,3953.58854704427,3514.640096041431,3339.379150133142,239.97701862776748,6.68225991064876,132.8823988998933,0.005707644743556744,0.08549996955020737,11304.78842436899
2024-10-13 07:45:16.991521,1.0,1.0,1.0,1.0,1.0,1.0,1.0,898963.0,0.08017692114530416,0.03385346569900589,0.050626085299173146,0.019301011109426145,0.02436633212687883,0.022373776700767792,-2.861302345991136e-05,0.00015260279178619387,-0.0002988471339146297,-0.0,0.0,0.0,0.0,1.0,0.0,0.0,31.560980566641383,32.76969411560842,32.77888160227099,171.62434347868106,169.17482817975963,174.7286162788688,3548.9848417025914,3667.0813667870234,3981.012771674854,3369.7377246927194,242.2942086635434,6.678751641617228,132.80806473244726,0.005741852228177551,0.08882352152333017,11432.013262373941
2024-10-13 07:45:17.072515,1.0,1.0,1.0,1.0,1.0,1.0,1.0,898964.0,0.08030676239821122,0.03315377782566108,0.05072887948684035,0.019098900711587104,0.024917498197257262,0.022589536530764214,-4.4509147604306555e-05,0.00014624434212843582,-0.00031156403323014586,-0.0,0.0,0.0,0.0,1.0,0.0,0.0,32.69832965265852,31.58293575796814,32.66447465779205,174.7760338044945,173.70802258850392,168.30881308584497,3980.7445907898377,3604.8822051974416,3652.1701773082123,3381.825823325843,243.18284665047597,6.678506013186151,132.79743301098657,0.005784881013888805,0.09214680743520956,11480.851826209799
2024-10-13 07:45:17.076455,1.0,1.0,1.0,1.0,1.0,1.0,1.0,898965.0,0.07968813227078546,0.03315377782566108,0.05088268139452947,0.01914962829286367,0.025150014882560457,0.02284575874987356,-4.132992277542751e-05,0.00014306511729955676,-0.0003083848084012668,-0.0,0.0,0.0,0.0,1.0,0.0,0.0,32.70637130836822,32.712598027043,31.616846692156386,168.3164249165434,176.67748283672677,172.9827980230891,3665.2474038483892,4028.425963866383,3596.9066342217843,3397.8242398911248,244.1640816532059,6.683251939715959,132.88945365130874,0.00580245328177314,0.09547239618450568,11535.131006284048
2024-10-13 07:45:17.158134,1.0,1.0,1.0,1.0,1.0,1.0,1.0,898966.0,0.07880067231721302,0.03291724369090571,0.04995276723522182,0.018997039181501363,0.025150014882560457,0.022546549742941794,-3.815069794654847e-05,0.00015260279178619387,-0.0002765925601124764,-0.0,0.0,0.0,0.0,1.0,0.0,0.0,31.608996181525963,32.7003318486178,32.8987918712847,173.30576369631032,170.0090517168361,175.5730034816055,3631.011438389679,3685.506640861739,4044.7001154102795,3419.96203457967,245.42041944445077,6.692475769755964,133.07055644891102,0.005819662057862603,0.09880251707242999,11604.839052830026
2024-10-13 07:45:17.240981,1.0,1.0,1.0,1.0,1.0,1.0,1.0,898967.0,0.07936060054239835,0.03267899754122895,0.04953386870991793,0.018739963202861063,0.025188558989287076,0.022373776700767792,-4.450914760430654e-05,0.00013352744281291964,-0.0002861302345991135,-0.0,0.0,0.0,0.0,1.0,0.0,0.0,32.81766106316837,31.644126789938877,32.593334909954024,175.29802202524115,175.1674838092244,168.94595150159867,4029.3439920873766,3680.2872292138104,3661.0732080167513,3422.583867210879,245.2267872883018,6.703061313483335,133.27772548097275,0.00584435045460427,0.102137822412418,11594.913665483858
2024-10-13 07:45:17.244981,1.0,1.0,1.0,1.0,1.0,1.0,1.0,898968.0,0.07991660577912112,0.03170811682633252,0.05010895135964307,0.019048038036167402,0.024995244090384144,0.02224331624925728,-9.219752003749214e-05,0.00013352744281291964,-0.0002765925601124764,-0.0,0.0,0.0,0.0,1.0,0.0,0.0,32.63262831133588,32.83894958670616,31.6715831677055,168.8193884847613,176.8338687289987,174.0943161289988,3664.105860872228,4062.2408176022923,3663.124960723261,3428.3329707505086,245.33137875174117,6.711451794244075,133.44468407655575,0.0058433840573692865,0.10547730592916733,11601.245067808064
2024-10-13 07:45:17.326476,1.0,1.0,1.0,1.0,1.0,1.0,1.0,898969.0,0.08011192160389803,0.03211621748977285,0.05103601980762234,0.018739963202861063,0.025034026493987453,0.021980072465344138,-6.994294623533886e-05,0.00014306511729955676,-0.00027977178494135546,-0.0,0.0,0.0,0.0,1.0,0.0,0.0,31.687801138835784,32.636834131974965,33.00159020940986,174.2032625131893,170.32384315256712,175.62735546570207,3687.187846658198,3683.041706066771,4068.1556715647403,3443.8765131996847,246.30158840190043,6.715348650771857,133.5216652146239,0.005847111160214752,0.10881871591637488,11654.856307369702
2024-10-13 07:45:17.330477,1.0,1.0,1.0,1.0,1.0,1.0,1.0,898970.0,0.08101716979052112,0.032035013270089084,0.05057460985596969,0.019098900711587104,0.025150014882560457,0.02166891317152994,-9.855596969525021e-05,0.00014624434212843582,-0.00025433798631032317,-0.0,0.0,0.0,0.0,1.0,0.0,0.0,32.92017905641382,31.708924477856208,32.55107769706872,175.3093097824827,175.97437999007323,169.25410603342021,4051.3917217247554,3731.4168156073665,3659.401395041205,3444.786684659076,246.10608202043682,6.722599782618686,133.66305072828877,0.005867855811711207,0.11216366410816253,11644.600356253812
2024-10-13 07:45:17.411119,1.0,1.0,1.0,1.0,1.0,1.0,1.0,898971.0,0.08037160436468821,0.032278013060311,0.04958642455357106,0.019098900711587104,0.02507274890923307,0.022373776700767792,-0.00010491441935300828,0.00014942356695731485,-0.00024797953665256506,-0.0,0.0,0.0,0.0,1.0,0.0,0.0,32.571849017517835,32.92657601245204,31.73736025341553,169.36988000830132,177.00311558715399,175.07911228935453,3668.266366602998,4088.1379504757097,3722.25311517048,3455.7197647123235,246.73831736049993,6.726741843625261,133.74368968174926,0.005880612108711411,0.11551063030806907,11679.640785369425
2024-10-13 07:45:17.415119,1.0,1.0,1.0,1.0,1.0,1.0,1.0,898972.0,0.08011192160389803,0.032035013270089084,0.04953386870991793,0.019501026929403496,0.025111411613631566,0.02206816930126611,-0.00012716899315516158,0.00014624434212843582,-0.00025433798631032317,-0.0,0.0,0.0,0.0,1.0,0.0,0.0,31.75155905219916,32.56305616284866,33.08046142162487,175.5486295958025,171.2016262321368,176.12828924000334,3760.2732256132135,3700.018494383497,4105.486021016494,3482.697208604772,248.57477315332807,6.7293558395897906,133.7919698793958,0.005908046262927852,0.11885880473088342,11780.75643054011
2024-10-13 07:45:17.496900,1.0,1.0,1.0,1.0,1.0,1.0,1.0,898973.0,0.08014442796417422,0.031871984154482245,0.04969136948483319,0.019501026929403496,0.02522704420499114,0.02202416493185523,-0.00015578201661507293,0.00014306511729955676,-0.0002829510097702345,-0.0,0.0,0.0,0.0,1.0,0.0,0.0,33.00427721249818,31.766144006071595,32.47652023458886,176.15097380157323,177.47673034017205,170.3555229191818,4100.761587671236,3811.1676511100263,3687.335640850103,3492.549656460908,249.0446549442017,6.73591434800436,133.91731903120598,0.005945502625924361,0.12221011604468152,11807.021067642672
2024-10-13 07:45:17.580615,1.0,1.0,1.0,1.0,1.0,1.0,1.0,898974.0,0.07985139433963717,0.031790156075552065,0.04974375892424916,0.01974819809806028,0.024643456106314375,0.021980072465344138,-0.00015578201661507293,0.0001208105434974035,-0.00027023411045471834,-0.0,0.0,0.0,0.0,1.0,0.0,0.0,32.51099353814571,32.989457726341804,31.801047668327694,170.4239938848247,177.8069540131692,176.54151358851408,3697.4116228551466,4134.202281962289,3797.3493120498683,3501.395746525312,249.42723399680335,6.742678996070346,134.05058425678945,0.005954574324874834,0.12556476235100683,11828.515066442134
2024-10-13 07:45:17.583550,1.0,1.0,1.0,1.0,1.0,1.0,1.0,898975.0,0.08011192160389803,0.032439001655304125,0.04974375892424916,0.01964970273038926,0.024086019882307075,0.021579186437577745,-0.00017485736558834716,0.00010809364418188734,-0.00024797953665256506,-0.0,0.0,0.0,0.0,1.0,0.0,0.0,31.814103161851904,32.51470140452297,33.156561569146206,176.89942995387605,172.07842430176572,176.70184846904974,3829.193984920529,3720.3663930037046,4145.473352911925,3522.0101510219038,250.91915485066707,6.742134032222376,134.03807106442085,0.005967024507234985,0.12891909551185207,11910.450696852165
2024-10-13 07:45:17.665658,1.0,1.0,1.0,1.0,1.0,1.0,1.0,898976.0,0.08063045078156783,0.03227801306031101,0.05067750845646186,0.019451215795870915,0.024643456106314375,0.021579186437577745,-0.00016849891593058908,0.00011763131866852446,-0.0002734133352835974,-0.0,0.0,0.0,0.0,1.0,0.0,0.0,33.07199928889903,31.850028915000323,32.41245536417886,176.64366077911842,178.73514339636642,171.1999178563438,4133.444930466521,3881.009657663543,3705.6568341604548,3529.3219529411126,251.64132609324218,6.7369680552489095,133.93087136216715,0.006000397628285482,0.13227074597580943,11949.746163995947
2024-10-13 07:45:17.668658,1.0,1.0,1.0,1.0,1.0,1.0,1.0,898977.0,0.0805981404413478,0.03267899754122895,0.05134132274900665,0.0198462046459215,0.024761274097977876,0.021713637498104413,-0.00018121581524610522,0.00012716899315516156,-0.0002829510097702345,-0.0,0.0,0.0,0.0,1.0,0.0,0.0,32.44175981411978,33.056710064242914,31.869499478086343,171.48218626870806,178.39899601374262,177.85972148332246,3721.5366831645792,4169.429269985023,3870.9585247308873,3541.7346590942134,252.80993197105875,6.729535451997714,133.78064074933476,0.006018753422117956,0.1356186368845718,12013.402266352416
2024-10-13 07:45:17.751657,1.0,1.0,1.0,1.0,1.0,1.0,1.0,898978.0,0.08020940116330458,0.03291724369090571,0.05118889889136944,0.019895026871345974,0.025532837723818223,0.022112086099532226,-0.0001939327145616214,0.00013352744281291964,-0.00030202635874350875,-0.0,0.0,0.0,0.0,1.0,0.0,0.0,31.891589430547352,32.44170187596416,33.224057988885875,178.44220162562533,173.4085265276062,177.56011096410938,3913.645015012713,3755.1536963121357,4189.808886425201,3571.538512057405,255.24940753003776,6.721498059359834,133.61708004829345,0.006046874757118109,0.13896243464965521,12146.770881601173
2024-10-13 07:45:17.834210,1.0,1.0,1.0,1.0,1.0,1.0,1.0,898979.0,0.08024186803415992,0.03267899754122895,0.05041986820864096,0.020089129290905252,0.025797433782787597,0.022112086099532226,-0.00024797953665256506,0.00013034821798404061,-0.0002765925601124764,-0.0,0.0,0.0,0.0,1.0,0.0,0.0,33.1213021429308,31.92877870502209,32.36282798675995,177.7052547785779,180.4629375786012,172.6936326162415,4185.974907388961,3969.8677424750085,3752.592059783704,3586.3457822501855,256.39811562820756,6.719439646817914,133.56993458787161,0.006093204132538316,0.1423050525888875,12209.658020318484
2024-10-13 07:45:17.838209,1.0,1.0,1.0,1.0,1.0,1.0,1.0,898980.0,0.07988400671360849,0.03267899754122895,0.050523081967037,0.020329151297720685,0.025759800744833576,0.022286887919318283,-0.00023844186216592797,0.0001208105434974035,-0.00030520558357238775,-0.0,0.0,0.0,0.0,1.0,0.0,0.0,32.39589697744977,33.116525965979584,31.929140944748347,172.97342779427893,179.51656540581513,179.6454635958121,3765.9603811535476,4226.1568825400755,3958.0524849289986,3598.592956807449,257.4962885797153,6.713758229306223,133.45447277954347,0.006112014899483368,0.14564478107015155,12269.5115377234
2024-10-13 07:45:17.918955,1.0,1.0,1.0,1.0,1.0,1.0,1.0,898981.0,0.08066274817953106,0.032439001655304125,0.05139203024062462,0.01974819809806028,0.026022089115979988,0.021579186437577745,-0.00021300806353489562,0.00013034821798404061,-0.0002988471339146297,-0.0,0.0,0.0,0.0,1.0,0.0,0.0,31.973987144091875,32.38533941868954,33.274765947502644,180.10436594597084,174.78908168948556,178.52675706560981,3997.45463693723,3794.302362844418,4236.578917688616,3622.7283199711837,259.4689711602158,6.707517014159563,133.32810864226002,0.006129180434395504,0.14898134726018994,12377.289026778613
2024-10-13 07:45:17.922955,1.0,1.0,1.0,1.0,1.0,1.0,1.0,898982.0,0.0809528449135354,0.03275860544857268,0.051695230689754394,0.019501026929403496,0.025835012001953723,0.021624096343466504,-0.00020664961387713757,0.00011763131866852446,-0.0002893094594279926,-0.0,0.0,0.0,0.0,1.0,0.0,0.0,33.17612806947677,32.022317771032355,32.31793334336048,178.34675163310067,181.8938480459656,173.9082120679637,4220.342115929134,4048.785855954557,3785.0716408072553,3630.45812310221,260.13132723995005,6.704915390614747,133.27238101857594,0.006159114213992188,0.15231651885379305,12413.419138560166
2024-10-13 07:45:18.004225,1.0,1.0,1.0,1.0,1.0,1.0,1.0,898983.0,0.08063045078156782,0.031871984154482245,0.05199666316101998,0.01974819809806028,0.02564657030330141,0.021713637498104413,-0.00021936651319265368,0.00010173519452412925,-0.00027977178494135546,-0.0,0.0,0.0,0.0,1.0,0.0,0.0,32.343042539534956,33.178987863650875,32.03141638409343,173.91203506090994,179.94609292199817,180.83719773581188,3786.7980760963524,4251.985628329844,4027.0646947058017,3633.63502626752,260.2921955836269,6.706643102867248,133.30656522965734,0.0061602862640352295,0.15565254591503977,12422.367921179311
2024-10-13 07:45:18.087106,1.0,1.0,1.0,1.0,1.0,1.0,1.0,898984.0,0.08088846888354172,0.032519197084621136,0.05154385340814266,0.019895026871345974,0.026059343378600053,0.021980072465344138,-0.00025433798631032317,0.00012398976832628253,-0.0002988471339146297,-0.0,0.0,0.0,0.0,1.0,0.0,0.0,32.06710042772148,32.36322905624318,33.32558210402897,180.9663355083937,175.57919285160432,178.84214855675572,4050.9662567516352,3815.682037697998,4254.311921107869,3650.860050662998,261.95899714242836,6.695580554932195,133.08626844768898,0.006163338968022074,0.15898305999930082,12512.970767075296
2024-10-13 07:45:18.091376,1.0,1.0,1.0,1.0,1.0,1.0,1.0,898985.0,0.0805334808718213,0.03235860747555765,0.05164482089649761,0.01974819809806028,0.026428997918226275,0.022373776700767792,-0.00023208341250816986,0.00013670666764179867,-0.00031474325805902487,-0.0,0.0,0.0,0.0,1.0,0.0,0.0,33.22502203859206,32.106713363220855,32.30600714700199,178.5169778830055,182.66041869552876,174.6539184436551,4233.739521519263,4098.65463313271,3803.8382628311856,3655.4327010547727,262.6445651548707,6.6866310007276475,132.90513356015737,0.006187618655086241,0.1623090411418759,12549.892632175686
2024-10-13 07:45:18.172673,1.0,1.0,1.0,1.0,1.0,1.0,1.0,898986.0,0.08069503265077752,0.03235860747555765,0.05123975722372669,0.02013736256391312,0.025947420126718565,0.02284575874987356,-0.00021936651319265374,0.0001144520938396454,-0.000324280932545662,-0.0,0.0,0.0,0.0,1.0,0.0,0.0,32.31155860909401,33.21905079523121,32.131975928527844,174.46251168514974,180.08906630422553,181.57771658767854,3799.9216779247263,4263.148062621147,4075.1848157826967,3655.736106157766,262.3504164540024,6.694667320070017,133.06519115891035,0.006185185931549076,0.16563902776219977,12534.355276651728
2024-10-13 07:45:18.176675,1.0,1.0,1.0,1.0,1.0,1.0,1.0,898987.0,0.08085626164798919,0.03275860544857268,0.05083146579886898,0.01979726201988583,0.026244821472867705,0.02284575874987356,-0.00020347038904825854,0.00011763131866852444,-0.0003083848084012668,-0.0,0.0,0.0,0.0,1.0,0.0,0.0,32.16737470262263,32.32535529729264,33.374127366551406,181.69280145464867,176.1504209970708,179.042555687773,4101.011694020987,3830.0486534912784,4267.251574606695,3674.51067247162,263.48353784959113,6.700146521897955,133.1733758565874,0.006190570449918463,0.16897172172914565,12596.878089595624
2024-10-13 07:45:18.258088,1.0,1.0,1.0,1.0,1.0,1.0,1.0,898988.0,0.08143404299879156,0.033232248415491,0.05067750845646186,0.01999231364647781,0.025835012001953723,0.022718008864468682,-0.00020029116421937945,0.00012716899315516156,-0.00029248868425687163,-0.0,0.0,0.0,0.0,1.0,0.0,0.0,33.27067978648703,32.21985546436969,32.267818764087494,178.580570343715,183.33009505011432,175.23615064407758,4239.4454646004115,4149.106904144153,3816.567665323048,3676.503973939431,263.4946972772249,6.703621201376499,133.23997487520592,0.006208951306445512,0.17230608235165332,12597.73596171242
2024-10-13 07:45:18.262091,1.0,1.0,1.0,1.0,1.0,1.0,1.0,898989.0,0.0815618830194072,0.03331053415039321,0.05010895135964307,0.02004077993250076,0.025532837723818223,0.022718008864468682,-0.00016531969110171005,0.00011127286901076637,-0.00029248868425687163,-0.0,0.0,0.0,0.0,1.0,0.0,0.0,32.29769696210348,33.25787802965328,32.222774807013934,174.9145068123805,179.85530709406822,182.01744585951346,3805.6185588904345,4258.401553204165,4112.770194773651,3667.5888739707284,262.5038917694671,6.7124829346702395,133.4185701979389,0.006190619056722979,0.17564491236266128,12544.071707085652
2024-10-13 07:45:18.344135,1.0,1.0,1.0,1.0,1.0,1.0,1.0,898990.0,0.0817532682250998,0.03331053415039321,0.0503164427290474,0.01979726201988583,0.025494814117130813,0.02263244167204487,-0.00016531969110171005,0.0001367066676417987,-0.00029248868425687163,-0.0,0.0,0.0,0.0,1.0,0.0,0.0,32.25854631170538,32.32280707194738,33.41593334513595,181.67727604753352,176.21289620953087,178.44203624307752,4118.705576195605,3821.4939355220254,4245.351883226901,3670.888029939322,262.50838683400065,6.718240813499926,133.53629936505496,0.006166174508650557,0.17898668857280595,12544.751436370676
2024-10-13 07:45:18.426156,1.0,1.0,1.0,1.0,1.0,1.0,1.0,898991.0,0.08114566657196526,0.033853465699005894,0.0498483726232365,0.02023348417248137,0.025150014882560457,0.02288818359375,-0.0001367066676417987,0.00012398976832628253,-0.00030202635874350875,-0.0,0.0,0.0,0.0,1.0,0.0,0.0,33.30091226498429,32.32197373484888,32.2691109559648,177.8630360611905,183.03156503332798,175.01139153227598,4209.7468382148145,4154.021283194506,3801.4581550996186,3664.7529907751928,262.0795344578756,6.718009197842156,133.53127055094672,0.006169338128940567,0.1823283389357358,12521.216546555486
2024-10-13 07:45:18.430155,1.0,1.0,1.0,1.0,1.0,1.0,1.0,898992.0,0.08066274817953106,0.03377643837348989,0.04979609324585038,0.020329151297720685,0.02522704420499114,0.02284575874987356,-0.00011445209383964543,0.00013988589247067773,-0.00030520558357238775,-0.0,0.0,0.0,0.0,1.0,0.0,0.0,32.28125986974181,33.285771234993604,32.30995823699514,174.7771515496469,179.39463102762954,181.79999720897086,3795.894708379637,4236.69819813173,4120.062514133762,3660.54551345035,261.58939362274214,6.7228353944057835,133.62787492493356,0.006164310997944334,0.18567240684505806,12494.691710717581
2024-10-13 07:45:18.511835,1.0,1.0,1.0,1.0,1.0,1.0,1.0,898993.0,0.08114566657196526,0.03438782625120443,0.04963892475308669,0.019895026871345974,0.025380401509347835,0.022803254975850316,-0.00012398976832628253,0.00015260279178619387,-0.00031474325805902487,-0.0,0.0,0.0,0.0,1.0,0.0,0.0,32.35092504524556,32.28747063660645,33.43407082714782,181.87044338578798,176.49307792780868,178.19410971250406,4145.794055552531,3823.0410569279807,4232.4045345573595,3675.7478527256226,262.6758622661392,6.7228353944057835,133.62783362134195,0.006164618186721039,0.18901647372074856,12554.271532847337
2024-10-13 07:45:18.515835,1.0,1.0,1.0,1.0,1.0,1.0,1.0,898994.0,0.08075956287512498,0.03377643837348989,0.0503164427290474,0.019600269437660415,0.025150014882560457,0.022675265630247764,-8.583907037973405e-05,0.00015260279178619387,-0.00029566790908575063,-0.0,0.0,0.0,0.0,1.0,0.0,0.0,33.31654837182842,32.38317278789646,32.24836512904905,177.81757313295176,183.4321601744459,175.4169906184176,4210.020742475399,4184.824949100491,3810.006437960365,3676.8767712025956,262.62037543601326,6.72644780587308,133.69711599226045,0.006183353749320799,0.1923622744035014,12551.483878229992
2024-10-13 07:45:18.597554,1.0,1.0,1.0,1.0,1.0,1.0,1.0,898995.0,0.08149798807578167,0.033699234984826465,0.050626085299173146,0.019301011109426145,0.02507274890923307,0.02250348084068699,-8.90182952086131e-05,0.00015578201661507293,-0.00030520558357238775,-0.0,0.0,0.0,0.0,1.0,0.0,0.0,32.26496575937068,33.302907210638395,32.363200799751176,175.13141270751845,179.1994286250108,181.9681286149049,3801.9974665844247,4229.488427344301,4142.5919908221385,3667.185642178914,261.54083408397975,6.7363109439077915,133.89512751977983,0.006168742545410735,0.19571303036968762,12493.008032332249
2024-10-13 07:45:18.680581,1.0,1.0,1.0,1.0,1.0,1.0,1.0,898996.0,0.08146602181133336,0.033388636330645795,0.050831465798868984,0.019250682441991743,0.025342149186916324,0.022155915847396346,-9.855596969525021e-05,0.0001780365904172262,-0.00030520558357238775,-0.0,0.0,0.0,0.0,1.0,0.0,0.0,32.41862006838349,32.27387951692788,33.440289338806224,181.78992304776347,176.5229606765146,177.80645104352345,4156.975042828504,3820.1930067012827,4215.253528525828,3673.3253290081543,261.99002196414745,6.735905886259644,133.88934723086095,0.006151885940259917,0.19906364168283128,12517.622350879496
2024-10-13 07:45:18.684580,1.0,1.0,1.0,1.0,1.0,1.0,1.0,898997.0,0.08216640690542588,0.033544295152698266,0.050626085299173146,0.01914962829286367,0.025303839037745666,0.02241709479882712,-0.00010173519452412927,0.00015896124144395196,-0.000324280932545662,-0.0,0.0,0.0,0.0,1.0,0.0,0.0,33.331722726292035,32.4608276668958,32.23528588861959,177.230667339887,183.2260687234586,175.22428839477496,4186.8252271006595,4191.979739822464,3798.897078434752,3669.0497177810494,261.8927105996387,6.730607629973414,133.78319641606316,0.006158108071205423,0.20241159654773377,12511.896127411826
2024-10-13 07:45:18.765451,1.0,1.0,1.0,1.0,1.0,1.0,1.0,898998.0,0.08194420644132666,0.033388636330645795,0.05108703033490621,0.01894590304788124,0.025188558989287076,0.02250348084068699,-8.583907037973405e-05,0.00014942356695731487,-0.0003497147311766943,-0.0,0.0,0.0,0.0,1.0,0.0,0.0,32.23962468226913,33.30942773148228,32.443796176458775,174.93917148606948,178.6878648024596,181.78593128330135,3790.224752004068,4205.686860957878,4149.849691094245,3658.8665432459698,261.01053521423336,6.734525283422036,133.86280273932718,0.006145221038452767,0.20576154357895005,12463.803486339331
2024-10-13 07:45:18.769396,1.0,1.0,1.0,1.0,1.0,1.0,1.0,898999.0,0.08232475433869244,0.033232248415491,0.05108703033490621,0.018531734926591673,0.02522704420499114,0.02288818359375,-0.00012081054349740349,0.00015260279178619387,-0.00035925240566333144,-0.0,0.0,0.0,0.0,1.0,0.0,0.0,32.46888982269278,32.25551430970434,33.451817116798736,181.7891684324539,176.71757711832456,177.54355594467256,4170.979086464088,3821.0406619996925,4203.189228463849,3674.300098972024,262.2935060312896,6.729868845082598,133.76992027046472,0.0061476430687935,0.20910916620529468,12533.827124087584
2024-10-13 07:45:18.849930,1.0,1.0,1.0,1.0,1.0,1.0,1.0,899000.0,0.08207125179891674,0.033466556241354264,0.05093384549131161,0.018739963202861063,0.02526547079878701,0.023141099377598725,-0.00015578201661507293,0.00015578201661507293,-0.00036243163049221044,-0.0,0.0,0.0,0.0,1.0,0.0,0.0,33.33393961621666,32.49777780334535,32.217561285005615,177.33192224523708,183.52789098942608,175.77463255058845,4187.908707098965,4216.649024522833,3815.2114936819057,3681.770699913962,262.88492796355075,6.728586308680192,133.74034276399289,0.006177994689154909,0.21245604864782447,12566.149355030699
2024-10-13 07:45:18.853927,1.0,1.0,1.0,1.0,1.0,1.0,1.0,899001.0,0.08178512221743464,0.03315377782566108,0.05129056512636666,0.018584010728398753,0.025456733716313067,0.02288818359375,-0.00021300806353489562,0.00017485736558834716,-0.0003528939560055733,-0.0,0.0,0.0,0.0,1.0,0.0,0.0,32.22233851373972,33.305305411906645,32.48080167685561,175.50830491941858,178.83562487883214,182.20467221142852,3806.5510094599977,4210.205676155572,4177.9776257635895,3673.6515728389795,261.9412449853655,6.7378789228510225,133.92617272945438,0.006169639860597908,0.2158075815274314,12515.082357013891
2024-10-13 07:45:18.935575,1.0,1.0,1.0,1.0,1.0,1.0,1.0,899002.0,0.08168952297702502,0.03307512106520077,0.05093384549131161,0.018688123647942947,0.025984781442148438,0.02322479259609146,-0.00023208341250816988,0.00018439504007498428,-0.0003656108553210895,-0.0,0.0,0.0,0.0,1.0,0.0,0.0,32.52256863803568,32.23745971903698,33.45544276115579,181.9753484945208,176.84055657901027,177.40317153758457,4186.779823354514,3820.532869056768,4197.195594459904,3677.142556204094,262.10891126687926,6.739816892862506,133.96768803733556,0.006147420865336126,0.21916015333704383,12524.429951829728
2024-10-13 07:45:19.019020,1.0,1.0,1.0,1.0,1.0,1.0,1.0,899003.0,0.08162572794739831,0.03291724369090571,0.05103601980762234,0.019098900711587104,0.026170787978491077,0.023266526309168863,-0.00017485736558834716,0.0001939327145616214,-0.00035925240566333144,-0.0,0.0,0.0,0.0,1.0,0.0,0.0,33.3368038502624,32.55957587646832,32.20228301743105,176.873452323371,183.23109812044785,175.57717580819255,4163.908367338012,4214.68254576267,3804.887882958037,3670.9120852996257,261.6351642817232,6.740609932894182,133.9828625028656,0.006151788660629137,0.22251310489110143,12498.503127677042
2024-10-13 07:45:19.022020,1.0,1.0,1.0,1.0,1.0,1.0,1.0,899004.0,0.08207125179891674,0.033232248415491,0.050984958244254856,0.019200221850765864,0.02613369258354722,0.023141099377598725,-0.00017167814075946816,0.0001843950400749843,-0.00037832775463660567,-0.0,0.0,0.0,0.0,1.0,0.0,0.0,32.21529966368648,33.30746880706627,32.52263705486461,175.35430062262984,178.2977797562523,181.92088202703275,3795.692284662052,4186.363349522672,4176.694989638997,3662.9271463519854,260.8310524106097,6.74663893751325,134.10357918803436,0.006145278930076406,0.22586907740761328,12454.8383050308
2024-10-13 07:45:19.104419,1.0,1.0,1.0,1.0,1.0,1.0,1.0,899005.0,0.08146602181133336,0.03299627680272549,0.05057460985596969,0.01935120888239217,0.026355481787173698,0.023474081948271334,-0.00015896124144395196,0.00018121581524610522,-0.00037196930497884756,-0.0,0.0,0.0,0.0,1.0,0.0,0.0,32.561511495608826,32.21444069513463,33.452026813650676,181.9629077485532,176.96958615677968,177.20125969068684,4196.653775225342,3820.737929077154,4185.4553999979025,3676.6887182577175,261.87440573002124,6.745002480843555,134.07110528950125,0.006144877853819588,0.22922423725744137,12511.947949726575
2024-10-13 07:45:19.107416,1.0,1.0,1.0,1.0,1.0,1.0,1.0,899006.0,0.0809528449135354,0.033232248415491,0.04942858938003563,0.01935120888239217,0.026611899740163612,0.023720751579510535,-0.00014306511729955676,0.0001780365904172262,-0.0003497147311766943,-0.0,0.0,0.0,0.0,1.0,0.0,0.0,33.358855183183636,32.60134839472568,32.23500251863528,177.49384411097517,183.444813115214,176.26939362623426,4183.50151639423,4233.898812749457,3840.137994862296,3693.4527963107325,262.98557365751384,6.747358709839382,134.11334958813424,0.006178896398656406,0.23258045428043403,12573.040603115494
2024-10-13 07:45:19.190635,1.0,1.0,1.0,1.0,1.0,1.0,1.0,899007.0,0.08050113161127861,0.03267899754122895,0.049848372623236506,0.019600269437660415,0.02657542007977932,0.02318298375463526,-0.00015896124144395196,0.00020029116421937945,-0.0003338186070322991,-0.0,0.0,0.0,0.0,1.0,0.0,0.0,32.55430149713948,33.611006694959485,32.74399709147263,179.0124811951457,185.77159254022206,187.43761319063455,4008.004340375315,4503.084374520247,4361.650332841047,3877.6965787207714,274.9506949362173,6.7772482818460045,134.67605421919916,0.006410503065443607,0.23595075311457747,12815.324859443148
2024-10-13 07:45:19.273580,1.0,1.0,1.0,1.0,1.0,1.0,1.0,899008.0,0.08072730421081617,0.03331053415039321,0.04995276723522182,0.019048038036167402,0.02657542007977932,0.023014988905331966,-0.00013988589247067773,0.00020347038904825854,-0.00029566790908575063,-0.0,0.0,0.0,0.0,1.0,0.0,0.0,33.234389315918605,33.48104728079988,34.25753259241255,192.05424581020523,189.68214409006194,193.81874281727127,4608.597414541196,4521.965918263353,4874.031420146593,4220.283997849142,297.2257283972927,6.825304378431547,135.58968729884043,0.0067132556951333714,0.23934391582397327,13779.108009121574
2024-10-13 07:45:19.275580,1.0,1.0,1.0,1.0,1.0,1.0,1.0,899009.0,0.08004686928167702,0.03369923498482647,0.04995276723522182,0.019451215795870915,0.02679355304171941,0.02250348084068699,-0.00014942356695731485,0.00020347038904825854,-0.00029566790908575063,-0.0,0.0,0.0,0.0,1.0,0.0,0.0,34.645047154316174,34.42082541337913,34.75680866747755,200.1578758008058,200.23863034363993,200.68294808242416,5128.839119281145,5090.494796244872,5159.245193275793,4637.934170064591,321.4380828464745,6.937715724548407,137.7839506191572,0.006993396027869664,0.242791990471153,14167.677922800549
2024-10-13 07:45:19.359232,1.0,1.0,1.0,1.0,1.0,1.0,1.0,899010.0,0.07972081143240958,0.034006996943349535,0.04974375892424917,0.01974819809806028,0.02697398304697218,0.022286887919318283,-0.00012716899315516158,0.00020347038904825854,-0.0002893094594279926,-0.0,0.0,0.0,0.0,1.0,0.0,0.0,35.86972327878524,35.722610363169565,36.54988687865805,210.40908017292904,207.0942538229909,209.52966138398523,5697.152884293667,5492.329618958203,5831.680176324458,5141.109570903755,346.9082313021048,7.126872137119805,141.51863703813265,0.0071476356293603905,0.24633352649390344,14439.713504420148
2024-10-13 07:45:19.363232,1.0,1.0,1.0,1.0,1.0,1.0,1.0,899011.0,0.08020940116330459,0.03415983814915113,0.04963892475308669,0.01974819809806028,0.027045818015839475,0.02250348084068699,-0.00010173519452412925,0.00019075348973274234,-0.0003179224828879039,-0.0,0.0,0.0,0.0,1.0,0.0,0.0,38.170432163345225,37.06135159012751,38.42166253190714,220.58011450769186,217.34024726164327,214.93048291263722,6579.529404181511,6063.371553932538,6308.211824047052,5736.825648885544,372.55230365324576,7.4057633515496315,147.04686843536308,0.0072132914928075085,0.25001340776251796,14541.870561312275
2024-10-13 07:45:19.443324,1.0,1.0,1.0,1.0,1.0,1.0,1.0,899012.0,0.08127396019606152,0.03415983814915113,0.0496389247530867,0.01979726201988583,0.02668470945144587,0.02202416493185523,-8.265984555085501e-05,0.00016531969110171005,-0.00027977178494135546,-0.0,0.0,0.0,0.0,1.0,0.0,0.0,40.349118396322574,39.69116694431571,40.196241106556805,225.33428400593144,226.88091274129326,224.54827394027768,7095.4058767429,6973.43709656256,6943.0779102281695,6376.305535684465,394.2786981293946,7.777169344062578,154.43196137398533,0.007145437228486805,0.25387810265865807,14389.70472761874
2024-10-13 07:45:19.446325,1.0,1.0,1.0,1.0,1.0,1.0,1.0,899013.0,0.08162572794739831,0.03431199853764593,0.04948125704482232,0.01999231364647781,0.02657542007977932,0.021891621110694724,-0.00015260279178619387,0.00016849891593058908,-0.0002861302345991135,-0.0,0.0,0.0,0.0,1.0,0.0,0.0,41.98481478167124,42.62031564900273,43.24551903905981,232.92103147268978,231.13280273911235,235.6459720535672,7590.705720205713,7620.103633087503,8058.630200818092,7079.9689194390485,412.33258298657654,8.256058030318455,163.96648195552268,0.006992917483174719,0.257981401097101,13826.002099200672
2024-10-13 07:45:19.528158,1.0,1.0,1.0,1.0,1.0,1.0,1.0,899014.0,0.08149798807578167,0.033930318160450196,0.04921735512558287,0.020471813758848174,0.02679355304171941,0.021847261143915334,-0.00018439504007498428,0.00016849891593058908,-0.00025433798631032317,-0.0,0.0,0.0,0.0,1.0,0.0,0.0,45.15447347912212,45.754631473475385,45.81575799323717,239.96944075899472,240.7067347046209,241.11198343270243,8476.640521955926,8570.543890844929,8719.40566100263,7861.552186506828,428.09703122628105,8.827818749129605,175.36279856088584,0.006760313366333993,0.2623698949460515,13352.435510817584
2024-10-13 07:45:19.611323,1.0,1.0,1.0,1.0,1.0,1.0,1.0,899015.0,0.08279797966412092,0.03331053415039321,0.049375865536358574,0.020754196943260868,0.026757321039963047,0.021802810922600106,-0.00020029116421937945,0.00014942356695731485,-0.00026069643596808123,-0.0,0.0,0.0,0.0,1.0,0.0,0.0,49.12554045611896,49.0409400787028,47.86397380922729,244.513533035488,252.22304216654794,247.13484381239158,9403.463092256019,9859.65229905412,9191.770026787923,8704.15974527752,441.55371451898986,9.47396582405395,188.24120418937147,0.006534287302177197,0.26708067381981176,13035.727480164203
2024-10-13 07:45:19.618323,1.0,1.0,1.0,1.0,1.0,1.0,1.0,899016.0,0.08311196630339256,0.033466556241354264,0.05041986820864096,0.020376816430674367,0.026611899740163612,0.021534182871517486,-0.00022572496285041177,0.00014942356695731485,-0.0002765925601124764,-0.0,0.0,0.0,0.0,1.0,0.0,0.0,52.0781480290979,51.797872616508315,52.54172044354021,254.96892555591285,254.58446259260012,254.98344722550613,10466.514170279743,10313.56580949377,10543.750298226012,9606.05103490103,453.89767913942023,10.168431603833751,202.09627535829418,0.0062564059431795774,0.27213817899527665,13035.593837668548
2024-10-13 07:45:19.697322,1.0,1.0,1.0,1.0,1.0,1.0,1.0,899017.0,0.08295512153953015,0.03369923498482647,0.05036818201544617,0.020566372293249237,0.026538890275460948,0.021758269893602942,-0.00023208341250816988,0.00014306511729955676,-0.0002734133352835974,-0.0,0.0,0.0,0.0,1.0,0.0,0.0,55.34155976067003,55.97222611281763,55.789218514106125,258.8948767751571,257.79303711443566,258.0457443506591,11174.132708207135,11233.982484408754,11383.115857829427,10391.458340909221,456.69979179866044,10.928374201579961,217.2786575236699,0.0058966982835516905,0.27757562673148956,12245.570805922209
2024-10-13 07:45:19.704322,1.0,1.0,1.0,1.0,1.0,1.0,1.0,899018.0,0.08301789500408593,0.03315377782566108,0.05041986820864095,0.021124836890965972,0.026829736114304472,0.02166891317152994,-0.00022890418767929085,0.00015896124144395196,-0.00029248868425687163,-0.0,0.0,0.0,0.0,1.0,0.0,0.0,59.83129955094118,58.57349655891251,59.06028102922776,260.2135997157916,262.7680337067122,254.93109878685956,12299.791860556896,11958.01225726519,11630.540876997424,11065.808010783594,454.8103557729241,11.681675431344843,232.34009804755848,0.00553606623869987,0.28338999043641333,12277.152824947772
2024-10-13 07:45:19.782825,1.0,1.0,1.0,1.0,1.0,1.0,1.0,899019.0,0.08389179166465847,0.03259919523031266,0.050984958244254856,0.020847474702880044,0.026937993727346517,0.021802810922600106,-0.00022254573802153274,0.0001716781407594681,-0.00030202635874350875,-0.0,0.0,0.0,0.0,1.0,0.0,0.0,62.60111122348019,63.36330991339955,62.09902568987511,255.93393539311344,263.6083937017897,259.15661938773223,12417.611802811141,13077.873355283882,12480.295246287165,11739.499420541388,452.62177340362507,12.448597841605755,247.6769088884453,0.005201581576286015,0.28958816131475185,11993.866921461944
2024-10-13 07:45:19.865829,1.0,1.0,1.0,1.0,1.0,1.0,1.0,899020.0,0.08475667835930975,0.0319536026854434,0.050984958244254856,0.020376816430674367,0.02708166404617134,0.02166891317152994,-0.0002034703890482585,0.00015578201661507293,-0.0002988471339146297,-0.0,0.0,0.0,0.0,1.0,0.0,0.0,65.85069374118406,66.2721767037647,66.46838473009718,257.5210056380263,260.74907554335476,259.8063605791308,13162.79209408554,13374.606740556508,13403.297665966587,12373.966703380644,449.4364601281417,13.210280562787197,262.9129776346208,0.0048925290230568425,0.2961676182727121,11936.701135143521
2024-10-13 07:45:19.871829,1.0,1.0,1.0,1.0,1.0,1.0,1.0,899021.0,0.08441795821690902,0.03170811682633252,0.05118889889136945,0.02023348417248137,0.027224576194402335,0.021758269893602942,-0.00021618728836377465,0.00016531969110171005,-0.0002893094594279926,-0.0,0.0,0.0,0.0,1.0,0.0,0.0,70.07517213992945,69.67481994556815,69.49136120130906,257.09464526575516,261.83384576958684,258.4015233107703,13957.627513347703,14156.464951924205,13783.737786749187,13004.566153186814,447.2139344209337,13.948550042776295,277.68468199344454,0.004610941130571237,0.30311674048606974,12206.42623500667
2024-10-13 07:45:19.950829,1.0,1.0,1.0,1.0,1.0,1.0,1.0,899022.0,0.08354956523953175,0.03129469474997817,0.05139203024062462,0.020185480583683704,0.02736674204979371,0.02202416493185523,-0.0002289041876792908,0.00017485736558834716,-0.000321101707716783,-0.0,0.0,0.0,0.0,1.0,0.0,0.0,73.53127344404574,73.84083561151675,72.5940177982123,255.76549098946202,262.8485319508623,258.7289217905284,14438.214144422253,15086.267032043557,14369.626351995403,13645.339706798335,445.3283357752266,14.694107760049219,292.60072939996564,0.004360338926132922,0.31043914017236557,12035.228301454674
2024-10-13 07:45:19.957829,1.0,1.0,1.0,1.0,1.0,1.0,1.0,899023.0,0.08245121332926818,0.031211353204542467,0.05118889889136944,0.01969901197411813,0.02736674204979371,0.022286887919318283,-0.00018439504007498428,0.00015578201661507293,-0.0003179224828879039,-0.0,0.0,0.0,0.0,1.0,0.0,0.0,76.95473797724115,77.52222716524565,76.32559589462511,256.75714625635385,262.7151898288137,257.94093300522115,15168.567590041563,15714.610985072704,15090.59313363286,14312.022264747697,445.3332431894218,15.408433489980276,306.8932028647573,0.004138859851254739,0.3181192122521294,12549.655063912316
2024-10-13 07:45:20.036331,1.0,1.0,1.0,1.0,1.0,1.0,1.0,899024.0,0.08235638729061436,0.03154339822214999,0.051846165991071586,0.019401276776896823,0.027472883658460283,0.022286887919318283,-0.0001939327145616214,0.00015896124144395196,-0.00035925240566333144,-0.0,0.0,0.0,0.0,1.0,0.0,0.0,80.38702935769764,80.65883982751527,80.22582864493172,258.43752143838674,261.06215575843186,257.27192859121067,15929.72595978293,16090.159056529994,15832.567104638549,14912.875793665213,441.8489421530753,16.17858930220772,322.2990038240296,0.00393353893948935,0.3261848179986843,11553.448131646965
2024-10-13 07:45:20.118834,1.0,1.0,1.0,1.0,1.0,1.0,1.0,899025.0,0.0815618830194072,0.03291724369090571,0.051644820896497606,0.019401276776896823,0.027578616763765378,0.02202416493185523,-0.0002034703890482585,0.00017485736558834716,-0.00035925240566333144,-0.0,0.0,0.0,0.0,1.0,0.0,0.0,83.58144898820878,84.36316288237295,84.14290923321117,258.4765329003416,258.709424963316,258.912127951194,16456.525360527943,16632.909613782263,16795.116163354713,15562.46712330452,441.6013276602279,16.889644594349775,336.52664712340663,0.0037485832117879698,0.3346064737490985,12475.916929499954
2024-10-13 07:45:20.127834,1.0,1.0,1.0,1.0,1.0,1.0,1.0,899026.0,0.08210298242132744,0.03283802036619844,0.0514426877494643,0.02004077993250076,0.027543417493819798,0.021980072465344138,-0.00022254573802153274,0.00015578201661507293,-0.0003560731808344524,-0.0,0.0,0.0,0.0,1.0,0.0,0.0,87.34514911643667,88.28092072155061,86.99908780372809,255.33456817070555,261.0992749702633,259.021549874425,16906.002240136302,17702.55978546477,17168.158199233945,16165.02071705135,439.1558583599482,17.638249875154127,351.50294411323586,0.003577603783764386,0.34340291473195245,11811.615048302116
2024-10-13 07:45:20.204833,1.0,1.0,1.0,1.0,1.0,1.0,1.0,899027.0,0.0817532682250998,0.03291724369090571,0.0514426877494643,0.019943729580380914,0.02764888086939877,0.02193589137049136,-0.00019075348973274234,0.00018757426490386333,-0.0003656108553210895,-0.0,0.0,0.0,0.0,1.0,0.0,0.0,91.68661811535064,90.80729941760102,90.70295297412193,258.4671377371329,260.46464524406895,255.50035568310264,18137.664645122117,17980.04127646565,17584.059501426767,16777.717964003376,437.89125744356386,18.356798287064866,365.87943271970545,0.003422527724993702,0.35255913060627,12238.49639570893
2024-10-13 07:45:20.211834,1.0,1.0,1.0,1.0,1.0,1.0,1.0,899028.0,0.08133803112457424,0.03299627680272549,0.05134132274900665,0.019895026871345974,0.027437548745241652,0.021891621110694724,-0.00022572496285041177,0.00017485736558834716,-0.0003656108553210895,-0.0,0.0,0.0,0.0,1.0,0.0,0.0,94.69037432716156,94.47135212990116,94.64837891580422,257.4960799992773,259.49615808908237,257.22032913814616,18589.94193644306,18612.957409221817,18505.965450404135,17414.8288089753,436.654897014489,19.10516835444188,380.84850626863744,0.003284087313233326,0.36208995094477875,11759.198224986358
2024-10-13 07:45:20.289834,1.0,1.0,1.0,1.0,1.0,1.0,1.0,899029.0,0.08146602181133335,0.033466556241354264,0.05093384549131161,0.01999231364647781,0.02711746269239568,0.02241709479882712,-0.00021300806353489565,0.00016849891593058908,-0.00037196930497884756,-0.0,0.0,0.0,0.0,1.0,0.0,0.0,97.86141805120235,97.86554585291927,98.73267643798175,258.8454136251076,258.51964703542154,256.2882788396393,19334.001251411653,19009.357900714753,19301.386003805084,18027.531938355867,435.57364632872515,19.823794568989875,395.2265033368441,0.0031512333287287467,0.37198058392434863,12190.65476269798
2024-10-13 07:45:20.297834,1.0,1.0,1.0,1.0,1.0,1.0,1.0,899030.0,0.08111356146029437,0.033466556241354264,0.05154385340814266,0.020089129290905252,0.02657542007977932,0.022286887919318283,-0.0002289041876792908,0.000162140466272831,-0.0003751485298077266,-0.0,0.0,0.0,0.0,1.0,0.0,0.0,101.93032550816213,102.1770473894095,100.92312594600364,254.93166651807815,261.6659572483038,256.6355017014087,19707.490182674235,20409.927152712557,19504.57571159142,18652.633165289062,433.85105010444147,20.590163662043768,410.55455819054924,0.0030323096766540427,0.382254804956766,11521.300823015827
2024-10-13 07:45:20.374843,1.0,1.0,1.0,1.0,1.0,1.0,1.0,899031.0,0.08168952297702502,0.033388636330645795,0.05154385340814266,0.020660498058664857,0.026207830867489117,0.022286887919318283,-0.0002289041876792908,0.00014624434212843582,-0.0003528939560055733,-0.0,0.0,0.0,0.0,1.0,0.0,0.0,104.97281393106476,105.00882004300834,105.61361308866528,256.5251740236807,258.5861000773993,257.6334107468673,20418.488107659494,20538.308050835916,20641.69632574956,19276.342519376696,432.8120676213993,21.327378861852225,425.301246365654,0.0029219035294107804,0.39289806520890347,11937.8837358686
2024-10-13 07:45:20.458345,1.0,1.0,1.0,1.0,1.0,1.0,1.0,899032.0,0.08184879301121023,0.033853465699005894,0.0518963802071913,0.020424370325990055,0.026096544458751023,0.022589536530764214,-0.00022254573802153274,0.00014306511729955676,-0.0003401770566900572,-0.0,0.0,0.0,0.0,1.0,0.0,0.0,108.47463074310343,108.88659097988457,108.59861154892069,255.82448159310513,258.4692575508859,257.55087578379494,20929.524353307406,21350.836005959296,21213.282809553464,19873.1492360816,431.5189354410724,22.051299103771257,439.78277789720306,0.002818891014927671,0.40390372907555394,12099.751292014165
2024-10-13 07:45:20.465345,1.0,1.0,1.0,1.0,1.0,1.0,1.0,899033.0,0.08200775372225469,0.03415983814915113,0.05134132274900665,0.02023348417248137,0.026170787978491077,0.02263244167204487,-0.000241621086994807,0.00015260279178619387,-0.0003401770566900572,-0.0,0.0,0.0,0.0,1.0,0.0,0.0,111.947955865161,111.51314275649825,112.77347807054524,256.4694447868254,257.8124586440249,256.61407289651675,21779.999026959067,21648.57215571195,21889.438801173943,20445.638959233987,429.82475941385644,22.773721987858313,454.2350481817436,0.002721100169931478,0.4152710642873675,12059.089346022885
2024-10-13 07:45:20.543345,1.0,1.0,1.0,1.0,1.0,1.0,1.0,899034.0,0.08162572794739831,0.0339303181604502,0.051493295423040195,0.020089129290905252,0.025984781442148438,0.022803254975850316,-0.00019711193939050042,0.00016849891593058908,-0.0003338186070322991,-0.0,0.0,0.0,0.0,1.0,0.0,0.0,116.16822502564162,114.99707380851905,115.44998041126368,255.61081327065128,260.08465202779036,255.372403907867,22582.600795547678,22646.085693021974,22083.968520115806,21071.132109739934,429.11872956544454,23.50702421618527,468.90167229990595,0.002634982659664766,0.4270054350976981,11888.160371081072
2024-10-13 07:45:20.552345,1.0,1.0,1.0,1.0,1.0,1.0,1.0,899035.0,0.08178512221743464,0.0339303181604502,0.05204673217903484,0.01999231364647781,0.025608715566353565,0.023014988905331966,-0.00020664961387713754,0.00019075348973274234,-0.00032746015737454104,-0.0,0.0,0.0,0.0,1.0,0.0,0.0,119.03774678104593,119.06464289753227,118.7618361258309,254.40941567704346,259.64289173236295,255.9047676004169,22911.75109595822,23401.884205027545,22816.019870133634,21639.107367448963,427.6710941550336,24.220287955979586,483.1709622690503,0.0025490961395373936,0.43909689812925456,12142.257763929749
2024-10-13 07:45:20.628352,1.0,1.0,1.0,1.0,1.0,1.0,1.0,899036.0,0.08117775898633917,0.034006996943349535,0.052096753076864476,0.019943729580380914,0.025456733716313067,0.023432717895079433,-0.00019075348973274234,0.00020664961387713754,-0.0003401770566900572,-0.0,0.0,0.0,0.0,1.0,0.0,0.0,121.96894349335719,122.3184554715564,122.77110258499401,255.63474933681113,257.8594645469944,256.2089360738223,23560.69160213445,23719.476419375525,23783.44976126855,22243.44581562848,426.9985528292533,24.93403769831914,497.44726245519144,0.0024735093571998687,0.4515456288143088,12130.714451319105
2024-10-13 07:45:20.711855,1.0,1.0,1.0,1.0,1.0,1.0,1.0,899037.0,0.08184879301121023,0.03369923498482647,0.052146725992984415,0.0198462046459215,0.025608715566353565,0.023141099377598725,-0.0002257249628504118,0.0001843950400749843,-0.0003338186070322991,-0.0,0.0,0.0,0.0,1.0,0.0,0.0,125.08777688463009,125.67380761996414,126.47864826483152,254.80834761323996,257.37315774154723,256.768890402252,24049.949066258996,24307.9195608568,24551.197078635247,22818.11903269735,425.6125921694335,25.659606283234623,511.9608540154261,0.00239924111787896,0.464357565423373,11901.35204738852
2024-10-13 07:45:20.715855,1.0,1.0,1.0,1.0,1.0,1.0,1.0,899038.0,0.08168952297702502,0.034083503219895,0.0523958756484271,0.01964970273038926,0.025947420126718565,0.02305710236947253,-0.00024162108699480697,0.0001843950400749843,-0.0003083848084012668,-0.0,0.0,0.0,0.0,1.0,0.0,0.0,128.61977409945547,129.2635105617882,129.48470534145534,253.8259531027474,257.9954645407485,256.8283640456478,24608.86852825581,25146.294831758845,25051.31598032384,23408.311684423596,425.30997878695433,26.340236206431246,525.5764547971704,0.0023315457800540053,0.47751023553333244,12606.81344488526
2024-10-13 07:45:20.797466,1.0,1.0,1.0,1.0,1.0,1.0,1.0,899039.0,0.08184879301121023,0.033544295152698266,0.053038187593736096,0.019550711154970875,0.025835012001953723,0.02284575874987356,-0.0002257249628504118,0.00018121581524610528,-0.0003179224828879039,-0.0,0.0,0.0,0.0,1.0,0.0,0.0,132.48688765097555,132.3177938770581,132.62625077425434,253.99351281974873,258.1177254420077,255.3854436558404,25436.826730452234,25731.906932911286,25424.154785357678,23962.18417128127,423.75494456835276,27.060617516269573,539.9866276990606,0.0022647720910174106,0.4910235234918962,11936.43969905473
2024-10-13 07:45:20.801466,1.0,1.0,1.0,1.0,1.0,1.0,1.0,899040.0,0.08194420644132665,0.034006996943349535,0.053087274311872046,0.019501026929403496,0.026022089115979988,0.02334976996081142,-0.0002002911642193795,0.00019711193939050045,-0.0003433562815189362,-0.0,0.0,0.0,0.0,1.0,0.0,0.0,135.3201671569551,135.68751640324447,136.43900965321046,255.45629040744777,256.51228891406873,255.56619542852053,26072.602245796726,26056.956375715272,26371.941780171033,24553.676953109036,423.28191478793883,27.757938078827802,553.9342346048472,0.002205723941438657,0.5048858534799893,12298.331667301109
2024-10-13 07:45:20.881900,1.0,1.0,1.0,1.0,1.0,1.0,1.0,899041.0,0.08069503265077752,0.034083503219895,0.05234614058676942,0.018791659751293096,0.02646567940419046,0.02334976996081142,-0.0002002911642193795,0.00020982883870601662,-0.00035925240566333144,-0.0,0.0,0.0,0.0,1.0,0.0,0.0,138.69334138328202,139.86900990048247,138.77436184007485,253.0179166565562,257.99305853027505,255.31892316929,26356.95102127988,27220.751012316883,26661.06247128708,25089.765540066976,421.62538047623156,28.473725292490062,568.2523479314306,0.002146115244521471,0.5191064975049131,11947.272138700939
2024-10-13 07:45:20.885899,1.0,1.0,1.0,1.0,1.0,1.0,1.0,899042.0,0.08178512221743464,0.033776438373489884,0.051644820896497606,0.018997039181501363,0.026318646714264433,0.02284575874987356,-0.0002034703890482585,0.00020982883870601662,-0.00036243163049221044,-0.0,0.0,0.0,0.0,1.0,0.0,0.0,142.65634305318693,142.30777659173492,142.30658821760736,254.98856684117285,257.871099417256,253.61471775512862,27505.601474765033,27537.90383577233,27136.4544311112,25689.999238392033,421.20197075957924,29.1827146019746,582.4318000379344,0.0020945481224609714,0.533681985538153,12061.787006844253
2024-10-13 07:45:20.967870,1.0,1.0,1.0,1.0,1.0,1.0,1.0,899043.0,0.08251437014690051,0.033388636330645795,0.05214672599298442,0.018894628520718087,0.026207830867489117,0.022718008864468682,-0.00021300806353489562,0.00020982883870601662,-0.00035925240566333144,-0.0,0.0,0.0,0.0,1.0,0.0,0.0,146.14731741612715,145.44267919326978,145.51278059726204,254.8454209654278,258.00299206735417,252.81412099679173,28201.437860406542,28138.66576969406,27601.682450899443,26231.61913819236,419.56637049700527,29.912549046860967,597.0295254410163,0.0020417108122237873,0.5486227849639221,11672.853551093882
2024-10-13 07:45:21.050281,1.0,1.0,1.0,1.0,1.0,1.0,1.0,899044.0,0.08345598720168583,0.03283802036619844,0.05179590309414578,0.019048038036167402,0.025872535641194412,0.022803254975850316,-0.00021300806353489562,0.0001907534897327424,-0.00036561085532108955,-0.0,0.0,0.0,0.0,1.0,0.0,0.0,148.2653361467978,149.4311139909793,149.30371071137512,255.04263006382078,255.65098429267258,254.52740250237446,28385.62216388582,28577.659184132626,28834.043852249717,26802.329593942814,418.76162516937995,30.620585642101954,611.1911385665483,0.0019930616118141744,0.5639179819734583,11997.518911815037
2024-10-13 07:45:21.054284,1.0,1.0,1.0,1.0,1.0,1.0,1.0,899045.0,0.083174621394314,0.032278013060311,0.05088268139452947,0.018997039181501363,0.026281760015388615,0.023141099377598725,-0.00015578201661507293,0.0001875742649038633,-0.0003910446539521218,-0.0,0.0,0.0,0.0,1.0,0.0,0.0,152.7467384383511,151.72859389117914,152.24573334890147,255.60340592600335,256.3047519401595,252.5902526106522,29501.831901269157,29082.31319501505,28944.477976488208,27331.989164577317,417.10096465520036,31.34852180759118,625.7508203567807,0.001945252478774923,0.5795775383254747,11620.738538319854
2024-10-13 07:45:21.136176,1.0,1.0,1.0,1.0,1.0,1.0,1.0,899046.0,0.08333105301906077,0.032278013060311,0.05067750845646186,0.018894628520718087,0.026392265450275895,0.02288818359375,-0.0001780365904172262,0.0001939327145616214,-0.00039422387878100085,-0.0,0.0,0.0,0.0,1.0,0.0,0.0,155.44179663932292,155.44629742095336,155.5848355354541,254.3099448719135,256.09938429160155,253.0503994408578,29800.006324633396,29804.07712146555,29676.17262489842,27867.68719858767,415.87073458695795,32.05603535745205,639.9027103360481,0.0018997932829361022,0.5955912489373152,11899.495328753997
2024-10-13 07:45:21.139707,1.0,1.0,1.0,1.0,1.0,1.0,1.0,899047.0,0.08323722932293393,0.03275860544857268,0.05010895135964307,0.018843214470258284,0.025910004937642474,0.023432717895079433,-0.00013034821798404061,0.00020029116421937945,-0.000410120002925396,-0.0,0.0,0.0,0.0,1.0,0.0,0.0,159.40687965079428,158.4266437578936,158.36266948784962,254.415224519529,256.97294794989244,252.06998037323476,30652.579789696127,30530.859499486236,29947.214407067408,28433.542610517237,415.3300827170374,32.7481624483953,653.7458822833615,0.0018586793785190234,0.6119513880701379,12140.970282663913
2024-10-13 07:45:21.220958,1.0,1.0,1.0,1.0,1.0,1.0,1.0,899048.0,0.08373640758671476,0.031871984154482245,0.04921735512558287,0.018688123647942947,0.025608715566353565,0.02359773907401946,-8.90182952086131e-05,0.00019393271456162142,-0.00042283690224091225,-0.0,0.0,0.0,0.0,1.0,0.0,0.0,162.15265509363772,162.4920236598948,161.27027941886743,252.789779732822,256.69178159996324,253.20021527582833,30802.614149945744,31437.586985349135,30684.94535126405,28981.052682926354,414.1759938191235,33.47040295195075,668.1909902062598,0.0018181269501034581,0.6286730193083975,11630.242255201518
2024-10-13 07:45:21.304883,1.0,1.0,1.0,1.0,1.0,1.0,1.0,899049.0,0.08203950890397618,0.03211621748977285,0.048201352506762565,0.018584010728398753,0.025984781442148438,0.023679818414275675,-0.00010173519452412923,0.0002034703890482585,-0.0004164784525831542,-0.0,0.0,0.0,0.0,1.0,0.0,0.0,165.04119429445896,165.46656098735502,165.07945430317866,253.6330128143361,256.0247368008953,253.09791595481178,31487.087221003712,31770.27152124385,31491.8751878602,29536.17307311073,413.1326512258869,34.19636101404577,682.7097200845145,0.0017801604619579947,0.645757985058242,11541.587366320517
2024-10-13 07:45:21.309773,1.0,1.0,1.0,1.0,1.0,1.0,1.0,899050.0,0.08152994180689606,0.03219721690590663,0.0483631929817295,0.018531734926591673,0.026022089115979988,0.023638814368941753,-0.00012716899315516156,0.00020664961387713757,-0.00041329922775427513,-0.0,0.0,0.0,0.0,1.0,0.0,0.0,168.68739853760783,167.97124597884164,168.56204422689285,253.8847306895793,255.5138025331048,252.21196930839852,32347.070009680978,32135.68185998485,31994.817801009547,30060.628938757312,411.9487626460946,34.90225702392414,696.8290411637471,0.0017421499616805886,0.6631962900237929,11818.39630442049
2024-10-13 07:45:21.389862,1.0,1.0,1.0,1.0,1.0,1.0,1.0,899051.0,0.08178512221743464,0.03219721690590663,0.04911139729519536,0.018688123647942947,0.025947420126718565,0.02380240673176593,-0.00012398976832628253,0.00019711193939050042,-0.0004132992277542751,-0.0,0.0,0.0,0.0,1.0,0.0,0.0,172.1370183488209,170.8052738882626,171.82725400119935,254.24856806413268,255.0499278747208,251.6699827395923,33088.87413383408,32576.375856662824,32532.549859846436,30580.978202014107,410.7762712607507,35.606475710155046,710.9145565538067,0.001706090851540937,0.6809870882100032,11806.45517074276
2024-10-13 07:45:21.393862,1.0,1.0,1.0,1.0,1.0,1.0,1.0,899052.0,0.08101716979052113,0.032278013060311,0.04948125704482232,0.018791659751293096,0.026207830867489117,0.024286573051581467,-0.00013988589247067773,0.00020347038904825854,-0.0004482707008719446,-0.0,0.0,0.0,0.0,1.0,0.0,0.0,174.94168396645884,174.21171616687698,175.19342380039242,253.9978276210412,254.2411517692008,251.9557988797403,33527.49692669196,33109.23894274813,33313.806701240945,31111.144286743438,410.04454759607904,36.287161643410506,724.5299215671481,0.0016718189658716624,0.699118613996951,12166.911023364235
2024-10-13 07:45:21.475701,1.0,1.0,1.0,1.0,1.0,1.0,1.0,899053.0,0.07942621494016529,0.03235860747555765,0.048578141565218835,0.019098900711587104,0.026207830867489117,0.024445830974727203,-0.0001367066676417987,0.00020982883870601657,-0.0004609876001874607,-0.0,0.0,0.0,0.0,1.0,0.0,0.0,178.05764242419977,177.86430827111852,177.9548170446953,252.70285413237812,254.75726441041496,252.46945990937252,33869.18000620426,34039.654421332685,33852.14114356351,31658.87852569828,409.21146571449515,37.0000237235387,738.7867788083227,0.0016401282219709286,0.7176069208732844,11637.03015491166
2024-10-13 07:45:21.558669,1.0,1.0,1.0,1.0,1.0,1.0,1.0,899054.0,0.07909759865738818,0.03275860544857269,0.04814728479203762,0.018739963202861063,0.026611899740163612,0.024406113920105138,-0.00014306511729955676,0.0002257249628504118,-0.0004355538015564284,-0.0,0.0,0.0,0.0,1.0,0.0,0.0,181.53793942463835,180.43969680750868,181.35119323150346,253.1745530286347,254.5428576537033,251.4127974105328,34751.339550709235,34423.32743389094,34335.709481663325,32186.62843024689,408.1713827054025,37.71148937271622,753.0161936658656,0.0016090504626648707,0.7364513220871224,11627.475082744793
2024-10-13 07:45:21.561671,1.0,1.0,1.0,1.0,1.0,1.0,1.0,899055.0,0.07975347720367693,0.03267899754122895,0.04884549714260755,0.018531734926591673,0.026392265450275895,0.02436633212687883,-0.00018121581524610522,0.0002034703890482585,-0.00044509147604306553,-0.0,0.0,0.0,0.0,1.0,0.0,0.0,183.64350533182932,184.2664296951792,184.8925257842702,252.68858860818008,253.3765806217478,253.08386301504558,34862.578080736,35007.396774789544,35448.19547503785,32731.309880285,406.91376617055397,38.46706563918636,768.1258577725046,0.0015798644776072804,0.7556738460757784,10878.54837907688
2024-10-13 07:45:21.643069,1.0,1.0,1.0,1.0,1.0,1.0,1.0,899056.0,0.07916343104386313,0.03219721690590663,0.049533868709917925,0.0182149297886861,0.02657542007977932,0.024406113920105138,-0.00015260279178619387,0.0001780365904172262,-0.00042283690224091225,-0.0,0.0,0.0,0.0,1.0,0.0,0.0,187.5268415982237,187.60336188061606,187.1832585834186,251.93592612514868,254.6744016679441,252.33128646972065,35561.02024047074,36007.049132722546,35613.67733384372,33293.65183145585,406.0869893357587,39.20653232166838,782.9134252083461,0.0015523194132992606,0.7752664322969358,11117.876409914961
2024-10-13 07:45:21.647070,1.0,1.0,1.0,1.0,1.0,1.0,1.0,899057.0,0.07909759865738818,0.031871984154482245,0.04984837262323651,0.018479311243270825,0.02646567940419046,0.02412626388678268,-0.00018439504007498428,0.00017485736558834716,-0.0004164784525831542,-0.0,0.0,0.0,0.0,1.0,0.0,0.0,190.64358457694144,190.70415407249925,190.33346280712692,251.52553072180555,253.9212190678569,252.46978873179268,36044.88350455538,36539.43952105237,36268.71977501157,33793.28237555462,404.53315797623554,39.9466019911964,797.7147722984479,0.0015236183615173833,0.795229425589571,11044.066888468817
2024-10-13 07:45:21.728238,1.0,1.0,1.0,1.0,1.0,1.0,1.0,899058.0,0.07896576923466789,0.032599195230312655,0.05000488281250001,0.018791659751293096,0.026611899740163612,0.024406113920105138,-0.00020347038904825854,0.00018439504007498428,-0.0004387330263853075,-0.0,0.0,0.0,0.0,1.0,0.0,0.0,193.51517773808757,193.0373902955056,194.42501247547096,252.3663899658174,252.4534392682574,251.65574862698597,36820.2415217711,36534.068123251905,37038.23940869543,34249.23274110154,402.8338805176829,40.65516563109681,811.8882176711775,0.0014943918342191025,0.8155471125706458,11478.349923228967
2024-10-13 07:45:21.732238,1.0,1.0,1.0,1.0,1.0,1.0,1.0,899059.0,0.07962273371051125,0.032439001655304125,0.04995276723522182,0.019048038036167402,0.026355481787173698,0.024485483605775776,-0.00020982883870601662,0.00017485736558834716,-0.00041012000292539613,-0.0,0.0,0.0,0.0,1.0,0.0,0.0,197.16336676998827,196.7928335950916,196.2091013173125,250.40542315709152,253.34844901426143,251.40863218253793,37122.349150773975,37692.57825020244,37156.19016312422,34717.66163559492,400.5201395694058,41.44815582461261,827.7467596766302,0.0014673232034364985,0.8362616631659843,10007.443296100548
2024-10-13 07:45:21.814117,1.0,1.0,1.0,1.0,1.0,1.0,1.0,899060.0,0.07959001427879867,0.03179015607555206,0.04879214322483564,0.019048038036167402,0.026428997918226275,0.024445830974727203,-0.00019711193939050042,0.00015896124144395196,-0.0003878654291232428,-0.0,0.0,0.0,0.0,1.0,0.0,0.0,199.80146734266629,199.57996651796978,199.84074402490614,249.7870197030713,252.25897793230226,251.16329242938036,37514.123067592685,37977.24516956407,37830.35888366912,35111.23433998921,397.6690982756936,42.21734574349651,843.1321207754114,0.0014387381218843786,0.8573612359159642,10248.65880642261
2024-10-13 07:45:21.897240,1.0,1.0,1.0,1.0,1.0,1.0,1.0,899061.0,0.08020940116330459,0.03146071551579092,0.04847078642501301,0.019250682441991743,0.026207830867489117,0.024246595126450658,-0.00015896124144395196,0.00016531969110171005,-0.0003910446539521219,-0.0,0.0,0.0,0.0,1.0,0.0,0.0,202.82424395981917,203.01794069687014,202.18473625752313,247.47050916627708,250.94560288886584,249.9334404941837,37494.73662502315,38466.43235849026,37933.7284422595,35251.74145930274,393.1457445182492,42.872396906921836,856.2456520118999,0.0014021680769878613,0.878788977762478,11849.692006842415
2024-10-13 07:45:21.901244,1.0,1.0,1.0,1.0,1.0,1.0,1.0,899062.0,0.07962273371051123,0.03154339822214999,0.0483631929817295,0.019200221850765864,0.025947420126718565,0.023924366915673293,-0.000162140466272831,0.0001716781407594681,-0.0003528939560055733,-0.0,0.0,0.0,0.0,1.0,0.0,0.0,204.7776835842757,205.68266030353712,205.58576209961348,244.50809053626352,246.71807006216355,246.98237136650286,37130.59565197957,37919.49817877473,38021.20430716819,34940.53905239627,383.44786129769494,43.56649445819232,870.151079053788,0.0013528861166344234,0.9005647060778503,10646.726244231986
2024-10-13 07:45:21.982249,1.0,1.0,1.0,1.0,1.0,1.0,1.0,899063.0,0.08001432328753572,0.03154339822214999,0.04905833256084958,0.019401276776896823,0.026207830867489117,0.023924366915673293,-0.00013352744281291964,0.00016849891593058908,-0.0003433562815189362,-0.0,0.0,0.0,0.0,1.0,0.0,0.0,207.8323813280774,207.5516135921801,207.91080041114571,240.60069769977642,243.12646408634285,241.99991395006435,36983.2172992534,37444.21585353479,37272.89708790877,34455.141592311586,371.44282403159804,44.34752576240407,885.7954567265067,0.0013022806816360166,0.922731938496435,8526.923695820748
2024-10-13 07:45:21.986251,1.0,1.0,1.0,1.0,1.0,1.0,1.0,899064.0,0.07936060054239837,0.032035013270089084,0.04879214322483564,0.019451215795870915,0.026059343378600053,0.023556592156798117,-0.00015260279178619387,0.00012716899315516158,-0.0003401770566900572,-0.0,0.0,0.0,0.0,1.0,0.0,0.0,210.01045925462714,210.20043290559278,209.2884569486072,235.0866284686461,238.85852630463003,237.2232420830905,36335.83040933667,37277.76011594135,36611.26622374236,33944.25723691144,360.22131730481027,45.04893000847301,899.8461894356893,0.0012568675144534957,0.9452507936911929,9173.562811987076
2024-10-13 07:45:22.067387,1.0,1.0,1.0,1.0,1.0,1.0,1.0,899065.0,0.0784694364150062,0.03170811682633252,0.048578141565218835,0.019451215795870915,0.026207830867489117,0.02297279823941287,-0.00011763131866852446,0.00012398976832628253,-0.0002988471339146297,-0.0,0.0,0.0,0.0,1.0,0.0,0.0,211.35405781655516,211.61932045103288,211.32769515968604,230.13976406732294,233.52652884611356,232.07703807778933,36069.00846533742,36867.78934322632,36438.19318556577,33651.41965750159,352.0003224773663,45.701941658659884,912.9178762435138,0.001226377795998319,0.9680967708161567,9499.395716281077
2024-10-13 07:45:22.150816,1.0,1.0,1.0,1.0,1.0,1.0,1.0,899066.0,0.07863522877481022,0.03299627680272549,0.047603230210664246,0.01935120888239217,0.02613369258354722,0.02288818359375,-8.583907037973405e-05,0.00014624434212843582,-0.0002988471339146297,-0.0,0.0,0.0,0.0,1.0,0.0,0.0,212.62361294810907,211.88347026488938,213.16190090778306,226.9371440958256,228.03816528879258,227.398813643151,36449.84610679186,36435.39755801501,36696.5853742952,33716.19969387719,347.68732427144107,46.35741255033935,926.0216526095727,0.0012151221727387438,0.991270672919807,9233.017611768904
2024-10-13 07:45:22.153816,1.0,1.0,1.0,1.0,1.0,1.0,1.0,899067.0,0.07896576923466789,0.03315377782566108,0.047603230210664246,0.01914962829286367,0.026428997918226275,0.02276067182949264,-6.676372140645982e-05,0.00014624434212843582,-0.00029248868425687163,-0.0,0.0,0.0,0.0,1.0,0.0,0.0,212.8724019304588,212.7207738831063,213.8387937414121,224.72615211822333,225.13982213310175,225.46119386740787,37037.98339173067,37079.70699643127,37536.03434650555,34402.90688152739,350.76262940057103,46.887696983295264,936.5979545111177,0.0012327169270005159,1.0147092493798229,11524.521822077817
2024-10-13 07:45:22.236197,1.0,1.0,1.0,1.0,1.0,1.0,1.0,899068.0,0.07866834531819232,0.03267899754122895,0.04782159479808185,0.01914962829286367,0.026611899740163612,0.02241709479882712,-5.4046822090943663e-05,0.00014306511729955676,-0.00027023411045471834,-0.0,0.0,0.0,0.0,1.0,0.0,0.0,213.53441978469425,212.92066175959965,213.2297971917524,225.10651069167437,226.4669124445927,225.91115013224157,38405.32670256856,38585.082096276434,38524.23279925019,35681.79276634318,358.89489441365316,47.53089699289631,949.4033688758062,0.0012776646970300432,1.0384682842416997,10207.80273322608
2024-10-13 07:45:22.240197,1.0,1.0,1.0,1.0,1.0,1.0,1.0,899069.0,0.07796994415641569,0.03275860544857268,0.04825535964135791,0.01935120888239217,0.026865870455412305,0.022286887919318283,-3.815069794654847e-05,0.00015260279178619387,-0.0002988471339146297,-0.0,0.0,0.0,0.0,1.0,0.0,0.0,212.7491301551922,212.06194510447108,213.59495423848236,230.04887125257983,229.04312522981394,229.54749496674978,40334.62569437207,39884.212958825025,40513.626695600135,37409.33152800853,370.3249816341629,48.29732408115435,964.6467819977271,0.0013455192912717826,1.0626087889778688,8919.875619317343
2024-10-13 07:45:22.321144,1.0,1.0,1.0,1.0,1.0,1.0,1.0,899070.0,0.0784694364150062,0.03299627680272549,0.048201352506762565,0.019301011109426145,0.02679355304171941,0.02241709479882712,-4.13299227754275e-05,0.00013352744281291964,-0.0003083848084012668,-0.0,0.0,0.0,0.0,1.0,0.0,0.0,211.82230343262282,212.0828820457392,212.0305820054176,234.81624410111255,235.33997770050297,236.41326821674718,42037.46223130006,42305.85677464836,42514.992135125074,39436.29504336211,384.5804893587315,49.03113638527866,979.2199241069987,0.0014305232368585624,1.087113989904058,10379.782990226675
2024-10-13 07:45:22.325144,1.0,1.0,1.0,1.0,1.0,1.0,1.0,899071.0,0.07926207710212554,0.03331053415039321,0.04884549714260755,0.019301011109426145,0.02697398304697218,0.02263244167204487,-6.358449657758079e-05,0.00012716899315516158,-0.00031156403323014586,-0.0,0.0,0.0,0.0,1.0,0.0,0.0,210.74915873110706,210.75692845626796,211.240282797314,242.94163356811535,242.90720961750074,243.17503291965025,44558.371215858075,44457.92912896212,44813.07102444616,41740.902447382694,401.61899759316054,49.69976344916198,992.4736120695923,0.0015308492516306028,1.1119508673806735,12558.096748876389
2024-10-13 07:45:22.406904,1.0,1.0,1.0,1.0,1.0,1.0,1.0,899072.0,0.07936060054239837,0.03315377782566108,0.0483631929817295,0.018894628520718087,0.026901956261409284,0.022675265630247764,-4.13299227754275e-05,0.00012716899315516156,-0.000321101707716783,-0.0,0.0,0.0,0.0,1.0,0.0,0.0,210.143259548595,209.101251344156,209.9475855271948,251.0503780697017,250.96125383857742,251.61864791209823,47183.40189136192,46922.53536281065,47271.013748351514,44234.28183411682,417.61899064890673,50.65636093256779,1011.4632857687769,0.0016423730918946446,1.1372629657530908,8802.170130647435
2024-10-13 07:45:22.489397,1.0,1.0,1.0,1.0,1.0,1.0,1.0,899073.0,0.07968813227078546,0.033388636330645795,0.04803896680377672,0.01914962829286367,0.026611899740163612,0.022589536530764214,-7.312217106421791e-05,0.00011763131866852444,-0.0003179224828879039,-0.0,0.0,0.0,0.0,1.0,0.0,0.0,208.278205757067,208.83084918892044,208.248375960299,257.23873484980425,258.6397628295785,259.18895407891677,49084.090734431265,49622.5941377267,49670.335115613154,46550.73037055143,431.29650235513583,51.62418398089968,1030.6754823034637,0.001751308374383969,1.1630558537057911,9498.131698027104
2024-10-13 07:45:22.493397,1.0,1.0,1.0,1.0,1.0,1.0,1.0,899074.0,0.08063045078156783,0.03291724369090571,0.04830930639899937,0.019401276776896823,0.026937993727346517,0.02322479259609146,-6.040527174870174e-05,0.00014942356695731485,-0.00034653550634781527,-0.0,0.0,0.0,0.0,1.0,0.0,0.0,206.71331036905156,206.67008000419392,207.88987074869968,261.8847179934281,262.25546368544724,263.7908907523395,50771.67724359108,50821.36153405219,51559.43730620407,48142.664188179035,438.10373439758064,52.56453031520008,1049.3601004836598,0.0018363198612884653,1.1893163284706698,10399.839068363242
2024-10-13 07:45:22.576028,1.0,1.0,1.0,1.0,1.0,1.0,1.0,899075.0,0.08046876934600648,0.033388636330645795,0.04803896680377672,0.019895026871345974,0.02664832946254422,0.023515373241306214,-7.630139589309694e-05,0.00017485736558834716,-0.0003497147311766943,-0.0,0.0,0.0,0.0,1.0,0.0,0.0,206.48528040427456,205.04653967610227,206.02798803611805,265.48571097711675,265.98518902090626,266.2980604023796,52184.8075581597,51936.908252806694,52272.3966754325,49227.055593141886,439.3078173314106,53.60469784264488,1070.0555176687335,0.001901362442288234,1.2160947107493627,8820.574527618583
2024-10-13 07:45:22.580024,1.0,1.0,1.0,1.0,1.0,1.0,1.0,899076.0,0.0805334808718213,0.032519197084621136,0.048201352506762565,0.020424370325990055,0.026392265450275895,0.023474081948271334,-0.00011445209383964539,0.0001780365904172262,-0.00034653550634781527,-0.0,0.0,0.0,0.0,1.0,0.0,0.0,205.24968104931156,204.7311794119863,204.2854984375894,267.23287325634226,269.4306963539331,268.81447200025644,52552.15662586634,52959.118575965535,52670.33357293074,49828.96349205864,437.128277264895,54.53312282236442,1088.539853590974,0.0019461592757383623,1.243335667731256,10585.443152027596
2024-10-13 07:45:22.660428,1.0,1.0,1.0,1.0,1.0,1.0,1.0,899077.0,0.0805981404413478,0.032035013270089084,0.04814728479203763,0.020519147495467436,0.026059343378600053,0.023638814368941753,-0.00010491441935300831,0.0001716781407594681,-0.0003401770566900572,-0.0,0.0,0.0,0.0,1.0,0.0,0.0,203.91057699822048,204.26096942651145,203.6618502383836,267.6565675352639,270.9405504061229,270.8306502814021,52241.73369696764,53154.807861708134,52899.866875152635,49876.09024116121,430.6225422783888,55.41034201384213,1106.0302967855048,0.00196402279090259,1.2710143270251817,11054.686171311007
2024-10-13 07:45:22.743926,1.0,1.0,1.0,1.0,1.0,1.0,1.0,899078.0,0.08088846888354173,0.032278013060311,0.04803896680377672,0.020660498058664857,0.025947420126718565,0.023679818414275675,-9.855596969525021e-05,0.000162140466272831,-0.0003433562815189362,-0.0,0.0,0.0,0.0,1.0,0.0,0.0,203.1382380229045,203.74802180751163,203.3450800545404,266.7952399600108,270.24395892549006,270.18537251257345,51633.539427140226,52635.145422722606,52455.895356435976,49368.374961694135,419.6787872740444,56.27593768229645,1123.3192354471505,0.001954226166071145,1.2991256459344545,10570.88458521495
2024-10-13 07:45:22.747926,1.0,1.0,1.0,1.0,1.0,1.0,1.0,899079.0,0.08124190578337873,0.03219721690590663,0.0478760303248665,0.020424370325990055,0.025759800744833576,0.023432717895079433,-6.35844965775808e-05,0.00015260279178619387,-0.00033699783186117815,-0.0,0.0,0.0,0.0,1.0,0.0,0.0,203.04333618030063,203.46650688122446,203.1980734782568,263.454105501019,267.720778638174,267.15348400508304,50629.5546333674,51730.342906966645,51456.59831134653,48421.38962766749,406.2330085906174,57.021393994700645,1138.2388945731636,0.0019194421317137742,1.3276103327007658,11772.764414519726
2024-10-13 07:45:22.829119,1.0,1.0,1.0,1.0,1.0,1.0,1.0,899080.0,0.0809206633002925,0.03267899754122895,0.0483631929817295,0.020566372293249237,0.025797433782787597,0.023014988905331966,-3.1792248288790396e-05,0.00015896124144395196,-0.000321101707716783,-0.0,0.0,0.0,0.0,1.0,0.0,0.0,203.28238747589234,203.25321172216061,203.2505315692698,258.62216139320634,262.72826905294136,261.2143795126246,49411.763598107915,50307.48368227286,49948.20996079819,47069.664432106736,391.003831957065,57.585333096713335,1149.5595416367935,0.0018642944149226746,1.3563783212301224,13915.702641607462
2024-10-13 07:45:22.833121,1.0,1.0,1.0,1.0,1.0,1.0,1.0,899081.0,0.07991660577912112,0.033075121065200774,0.04776709723644845,0.020519147495467436,0.025984781442148438,0.022546549742941794,-6.040527174870175e-05,0.0001748573655883472,-0.00031156403323014586,-0.0,0.0,0.0,0.0,1.0,0.0,0.0,203.14685868399317,203.2334978911018,203.76906167314618,251.98236733914794,255.4600979435188,255.1176742395397,47722.07039424903,48539.78281528709,48553.5206667147,45488.77727005526,373.82169024970983,58.20533608718702,1162.013432591262,0.0017981935104221074,1.3854579712081883,11878.172362899006
2024-10-13 07:45:22.913752,1.0,1.0,1.0,1.0,1.0,1.0,1.0,899082.0,0.08046876934600647,0.033232248415491,0.04814728479203762,0.020800888109007293,0.026281760015388615,0.022546549742941794,-6.676372140645982e-05,0.00014942356695731485,-0.00030202635874350875,-0.0,0.0,0.0,0.0,1.0,0.0,0.0,203.50439198697487,203.9110877142224,203.28694828868677,244.1361616080776,249.5108082108482,247.48753861206518,46018.21175058014,47308.20718047452,46606.59413481118,43897.720401030834,356.6306353310964,58.87311597547046,1175.4244027527839,0.001730770252991932,1.4148732337594183,9988.993240117103
2024-10-13 07:45:22.997290,1.0,1.0,1.0,1.0,1.0,1.0,1.0,899083.0,0.08030676239821123,0.03299627680272549,0.04852449368406469,0.020471813758848174,0.026096544458751023,0.02288818359375,-6.358449657758079e-05,0.00014624434212843582,-0.000324280932545662,-0.0,0.0,0.0,0.0,1.0,0.0,0.0,203.94975870805516,203.52793106700705,203.8541448461999,239.26495429547612,242.56813451178266,241.5675807153516,44932.88331528109,45584.69230168885,45377.655077914496,42579.83732914448,342.5436948340656,59.45072103991568,1187.0237325953324,0.001674233859707524,1.4445787721735093,10671.025975119295
2024-10-13 07:45:23.001286,1.0,1.0,1.0,1.0,1.0,1.0,1.0,899084.0,0.07932777299164846,0.033075121065200774,0.0483631929817295,0.020471813758848174,0.025835012001953723,0.02276067182949264,-8.265984555085502e-05,0.00014624434212843582,-0.0003083848084012668,-0.0,0.0,0.0,0.0,1.0,0.0,0.0,204.6375083385238,203.67831682257187,203.80795928129297,237.3102220495557,240.11463093659782,238.6668779122515,44544.43015116504,44968.68010414969,44635.99207448834,42005.679672017584,334.7314548523062,60.016228949653,1198.3477729667482,0.0016468928995608775,1.4745676972689434,10431.616840235596
2024-10-13 07:45:23.082419,1.0,1.0,1.0,1.0,1.0,1.0,1.0,899085.0,0.07959001427879867,0.032439001655304125,0.048898792845469,0.019943729580380914,0.026281760015388615,0.02263244167204487,-4.7688372433185584e-05,0.00012398976832628253,-0.00031156403323014586,-0.0,0.0,0.0,0.0,1.0,0.0,0.0,204.11821241383467,204.07964911938222,204.4949772303447,236.6211155107866,239.26472407780497,239.2470133981645,44176.53532271128,44817.052751214775,44878.04440969332,41911.193775862106,330.618727101937,60.625706456820076,1210.5255595374865,0.0016400382899713212,1.5048613742381964,9454.942060154368
2024-10-13 07:45:23.085950,1.0,1.0,1.0,1.0,1.0,1.0,1.0,899086.0,0.0792292087295316,0.03259919523031266,0.04948125704482232,0.019501026929403496,0.026392265450275895,0.02305710236947253,-4.132992277542751e-05,0.0001208105434974035,-0.0003497147311766943,-0.0,0.0,0.0,0.0,1.0,0.0,0.0,203.89344961743217,204.2600504013466,204.66511071207253,238.02629087218563,240.8457639492379,240.55773310277976,44438.49409833407,45173.1704256077,45219.204537054284,42222.51332019193,329.74232618946115,61.23908964459197,1222.7587126581107,0.0016517882985114746,1.5354611886417495,9373.324662146439
2024-10-13 07:45:23.167750,1.0,1.0,1.0,1.0,1.0,1.0,1.0,899087.0,0.07803672784673764,0.03299627680272549,0.049586424553571054,0.019550711154970875,0.026865870455412305,0.02322479259609146,-4.768837243318558e-05,0.00012398976832628253,-0.0003751485298077266,-0.0,0.0,0.0,0.0,1.0,0.0,0.0,204.47318499929779,203.71018020347714,204.1280430269973,242.503483021081,244.4580182616154,242.7285355494889,45559.018875707356,45781.375363195766,45583.88527068892,42905.546997847145,331.73297221077513,61.85819797858552,1235.0831173508295,0.0016819453919442039,1.5663694240709125,9444.826168779295
2024-10-13 07:45:23.171750,1.0,1.0,1.0,1.0,1.0,1.0,1.0,899088.0,0.07790310321472031,0.03259919523031266,0.04995276723522182,0.019401276776896823,0.02697398304697218,0.02322479259609146,-0.00010809364418188734,0.00014624434212843582,-0.0003815069794654848,-0.0,0.0,0.0,0.0,1.0,0.0,0.0,203.8816865556722,203.23317248209884,203.98024083871928,247.82335537441358,250.12649720286174,248.9014613253091,46509.105987387,46828.3970162719,46798.569576487076,43953.55415404119,337.03050381726933,62.376156464241205,1245.3636090813432,0.0017310462249455906,1.5975349311397493,11583.710942188613
2024-10-13 07:45:23.253097,1.0,1.0,1.0,1.0,1.0,1.0,1.0,899089.0,0.07843623589039121,0.033075121065200774,0.05026465018549218,0.019301011109426145,0.026937993727346517,0.02334976996081142,-0.0001367066676417987,0.00014942356695731485,-0.00037514852980772667,-0.0,0.0,0.0,0.0,1.0,0.0,0.0,203.6304015848107,202.7055216307282,202.8005789437704,255.42135934890564,257.74154819896074,255.0421164783008,47953.76527872463,48186.10520252957,47718.32793453765,45168.26968388197,343.26342691190035,62.93992229329034,1256.542846251308,0.0017918671745322389,1.6289802011569365,11227.894207439203
2024-10-13 07:45:23.335738,1.0,1.0,1.0,1.0,1.0,1.0,1.0,899090.0,0.07850262289837398,0.03275860544857268,0.050626085299173146,0.019600269437660415,0.02718891858094095,0.023720751579510535,-0.0001526027917861939,0.0001748573655883472,-0.0003910446539521219,-0.0,0.0,0.0,0.0,1.0,0.0,0.0,202.53969650464364,202.00326362949733,202.40926367006867,261.96875715298813,264.5844830395625,262.98569119755456,48984.43875020226,49401.03154846052,49213.654679479085,46389.472419423655,349.6089454265918,63.47237239284201,1267.0923795672734,0.001855191637545017,1.6606894756405575,12213.77727821694
2024-10-13 07:45:23.340742,1.0,1.0,1.0,1.0,1.0,1.0,1.0,899091.0,0.07823673687494544,0.032035013270089084,0.05067750845646186,0.01969901197411813,0.026937993727346517,0.024286573051581467,-0.00013352744281291964,0.00016531969110171005,-0.000403761553267638,-0.0,0.0,0.0,0.0,1.0,0.0,0.0,201.95294889572807,200.7564959638919,201.62805002957296,267.87062805455975,269.62484725924,268.1104221536223,50141.846773585545,50181.5090117888,50153.347711621274,47334.570693724316,353.6172979054227,64.0349320035711,1278.2515362787287,0.0019107569229220621,1.6926780105544954,11966.209271751892
2024-10-13 07:45:23.421433,1.0,1.0,1.0,1.0,1.0,1.0,1.0,899092.0,0.07817012406007956,0.03179015607555206,0.05129056512636666,0.01964970273038926,0.026865870455412305,0.02436633212687883,-0.00013034821798404061,0.00017803659041722622,-0.00044509147604306553,-0.0,0.0,0.0,0.0,1.0,0.0,0.0,200.64521328447324,199.66044077482812,200.13242789466696,266.5635066241234,268.25072479038795,266.73850932031735,49687.65076877123,49779.067582700314,49685.63927618545,46926.714365861866,347.02876888916416,64.68897881845258,1291.2967264867434,0.0019190671484211651,1.724993004315213,9912.070892100764
2024-10-13 07:45:23.425434,1.0,1.0,1.0,1.0,1.0,1.0,1.0,899093.0,0.07906466190865326,0.03146071551579092,0.051644820896497606,0.019401276776896823,0.027045818015839475,0.024246595126450658,-0.00013988589247067773,0.00018121581524610528,-0.0004387330263853075,-0.0,0.0,0.0,0.0,1.0,0.0,0.0,198.59522836666258,198.48521726706142,198.99309848589755,262.5072500771489,264.1811718457535,263.4511754038045,48337.390433688226,48629.2792069913,48767.09621152804,45838.66274933117,336.3254731174005,65.19889883662069,1301.4981637263809,0.0019017292088374619,1.7575632913590216,11733.62990108709
2024-10-13 07:45:23.506679,1.0,1.0,1.0,1.0,1.0,1.0,1.0,899094.0,0.07893277747670618,0.032035013270089084,0.051846165991071586,0.019550711154970875,0.02708166404617134,0.02404570852370771,-7.9480620721976e-05,0.00018121581524610528,-0.00042283690224091225,-0.0,0.0,0.0,0.0,1.0,0.0,0.0,197.0731958455426,197.02357132055053,197.54553394660851,257.96698246044514,260.0440122903117,258.9608067428884,46930.225153746374,47299.816248411735,47343.22088412252,44507.06949658345,324.7385897403536,65.5618195872227,1308.779492806094,0.0018737269296585375,1.7903157953162276,13569.948831782045
2024-10-13 07:45:23.590138,1.0,1.0,1.0,1.0,1.0,1.0,1.0,899095.0,0.07870144792656586,0.03235860747555765,0.051644820896497606,0.01974819809806028,0.026865870455412305,0.02412626388678268,-0.00013352744281291964,0.00017803659041722622,-0.0004355538015564284,-0.0,0.0,0.0,0.0,1.0,0.0,0.0,196.27711829035056,195.68680063918148,195.3812678344422,252.60214916927674,255.17217805695145,252.81680748101175,45417.06088247778,45792.318165985904,45318.61309435453,42885.39638716935,311.15901457589945,65.92717134890961,1316.1288926389286,0.0018312133600312283,1.823252219672883,12637.146136291803
2024-10-13 07:45:23.594135,1.0,1.0,1.0,1.0,1.0,1.0,1.0,899096.0,0.0795245350293113,0.03235860747555765,0.05139203024062462,0.019895026871345974,0.026865870455412305,0.024086019882307075,-0.00013988589247067773,0.00018121581524610528,-0.0004355538015564284,-0.0,0.0,0.0,0.0,1.0,0.0,0.0,194.9125855023279,194.18468835609104,194.23186599856527,245.64184388963926,247.52621937093875,245.87087890289885,43397.01619774324,43598.76312214146,43378.11315131592,40900.977295951634,295.2263801206167,66.26574309887405,1322.9697247137365,0.0017694944280980268,1.8563598374053762,12057.735108749694
2024-10-13 07:45:23.675476,1.0,1.0,1.0,1.0,1.0,1.0,1.0,899097.0,0.08069503265077752,0.03211621748977285,0.05144268774946429,0.01974819809806028,0.02657542007977932,0.02412626388678268,-0.000162140466272831,0.0001684989159305891,-0.00041965767741203314,-0.0,0.0,0.0,0.0,1.0,0.0,0.0,193.2796288130884,192.916580127371,193.7387392565411,235.64069710001561,237.30475885091712,237.01250452169486,40738.73215361671,40983.39455465096,41202.85003191708,38492.606309039795,277.15675694223415,66.42397704409964,1326.2433795581221,0.0016832485974049513,1.8895493790936118,14039.753826255677
2024-10-13 07:45:23.678473,1.0,1.0,1.0,1.0,1.0,1.0,1.0,899098.0,0.08079180865915103,0.03267899754122895,0.051137989978833114,0.019401276776896823,0.02657542007977932,0.02412626388678268,-0.00012716899315516158,0.00013988589247067773,-0.00043237457672754936,-0.0,0.0,0.0,0.0,1.0,0.0,0.0,193.13789120641832,192.0142356977741,192.09198372517264,223.3585353875384,224.99170598519837,223.30129686311597,38154.54243275375,38252.88657918199,37983.06313158034,35730.059477741226,256.83468181448353,66.52823224217414,1328.4690858746612,0.0015749396145032066,1.9227946195877506,13637.14742259985
2024-10-13 07:45:23.760625,1.0,1.0,1.0,1.0,1.0,1.0,1.0,899099.0,0.08050113161127861,0.03211621748977285,0.05164482089649761,0.01935120888239217,0.026829736114304472,0.023924366915673293,-0.00013988589247067773,0.00012716899315516158,-0.0004482707008719446,-0.0,0.0,0.0,0.0,1.0,0.0,0.0,191.71326968288196,191.5291260742458,191.84679887422033,207.03404397058665,208.68188624510302,209.0876439535212,34792.93559217689,35163.19315112841,35320.130622054596,32778.99876236128,235.58054663077786,66.53179615359744,1328.7021591326954,0.0014532629893151433,1.9560456927930894,14214.193356356613
2024-10-13 07:45:23.764622,1.0,1.0,1.0,1.0,1.0,1.0,1.0,899100.0,0.08004686928167702,0.0319536026854434,0.05134132274900665,0.01914962829286367,0.02650231011985886,0.023720751579510535,-0.00011445209383964544,0.00010173519452412927,-0.00044509147604306553,-0.0,0.0,0.0,0.0,1.0,0.0,0.0,191.54100926223515,190.38172915087898,191.20462508390955,191.84684951437805,192.28079571189744,191.82760075132074,32216.99926949454,32117.58339642698,32256.35969904406,29966.179514117786,215.33955891951615,66.53179615359744,1328.859115115063,0.0013353073715190135,1.9893006938575228,12880.814634010743
2024-10-13 07:45:23.846300,1.0,1.0,1.0,1.0,1.0,1.0,1.0,899101.0,0.0804363940603082,0.03275860544857268,0.051846165991071586,0.018894628520718087,0.02664832946254422,0.023266526309168863,-9.219752003749215e-05,9.855596969525022e-05,-0.0004387330263853075,-0.0,0.0,0.0,0.0,1.0,0.0,0.0,190.97993200416107,190.3768777614076,190.27059630119018,177.26056218894757,178.89386553601759,178.1892719577489,29680.133516990205,29976.098239629995,29820.051566296832,27658.7252231362,199.12920953329345,66.40123684476616,1326.3818550376807,0.0012370867891235723,2.0224937009260744,14005.624415948158
2024-10-13 07:45:23.928866,1.0,1.0,1.0,1.0,1.0,1.0,1.0,899102.0,0.07978612960103419,0.033075121065200774,0.05129056512636666,0.018791659751293096,0.026611899740163612,0.023141099377598725,-9.53767448663712e-05,0.00011763131866852444,-0.00042601612706979125,-0.0,0.0,0.0,0.0,1.0,0.0,0.0,190.50743803602055,190.34059520358738,190.90911897144497,174.50625371104923,174.9829442929913,175.70007402723164,28829.841460132197,29015.443435026275,29310.43566939246,26896.452374390465,193.9680084487483,66.28703917172179,1324.1472285831305,0.001202010884191766,2.0556307859602434,13444.26604305354
2024-10-13 07:45:23.931866,1.0,1.0,1.0,1.0,1.0,1.0,1.0,899103.0,0.07978612960103419,0.033388636330645795,0.05083146579886899,0.018791659751293096,0.02646567940419046,0.023141099377598725,-6.994294623533886e-05,0.00012716899315516156,-0.00041647845258315413,-0.0,0.0,0.0,0.0,1.0,0.0,0.0,191.63853771229557,190.1338348081143,191.04939921222035,176.28876415437284,176.47795543869108,176.2031523689994,29111.43249545842,28961.54326422034,29119.82425427186,26897.906487294473,194.25956906345522,66.19084446325458,1322.2313207782624,0.001197724926828428,2.0887199249666017,13175.878202949763
2024-10-13 07:45:24.013747,1.0,1.0,1.0,1.0,1.0,1.0,1.0,899104.0,0.07968813227078546,0.03315377782566108,0.05057460985596969,0.018636139893149068,0.026611899740163612,0.023308185297423505,-0.00012398976832628253,0.0001367066676417987,-0.0004355538015564284,-0.0,0.0,0.0,0.0,1.0,0.0,0.0,191.9450937277755,191.45476977980778,191.00601624321646,177.43966947455243,179.0675299870465,178.3667667006163,29094.171658941905,29461.454780115266,29241.069070755333,27082.14582161563,195.75083682918915,66.13663122018403,1321.1460385653675,0.0011994758494965284,2.121781904539176,12535.494095105267
2024-10-13 07:45:24.017744,1.0,1.0,1.0,1.0,1.0,1.0,1.0,899105.0,0.07939341451962957,0.03299627680272549,0.050523081967037,0.018584010728398753,0.02679355304171941,0.023308185297423505,-8.90182952086131e-05,0.0001208105434974035,-0.0004164784525831542,-0.0,0.0,0.0,0.0,1.0,0.0,0.0,192.1295202763436,191.942492449221,192.61600062772345,179.8772048420381,180.44644305396696,181.00932962550098,29311.42396581034,29499.781246439325,29802.982234122202,27332.258695084525,197.69086481523036,66.09251604908674,1320.262546654813,0.0012011755807137744,2.1548217745260976,12482.162365155293
2024-10-13 07:45:24.099651,1.0,1.0,1.0,1.0,1.0,1.0,1.0,899106.0,0.0787345366175071,0.03259919523031266,0.05057460985596969,0.018479311243270825,0.026937993727346517,0.02276067182949264,-6.358449657758079e-05,9.53767448663712e-05,-0.00039422387878100085,-0.0,0.0,0.0,0.0,1.0,0.0,0.0,193.7973545604043,192.5663589062548,193.28834679560006,182.1211315125953,182.7961954218221,182.47206310605716,29792.184897709503,29789.813181772257,29889.391928519824,27591.552127832147,199.65326307427418,66.06367342688968,1319.6874945405355,0.0012003374282639715,2.1878472537032976,12336.729091216246
2024-10-13 07:45:24.182826,1.0,1.0,1.0,1.0,1.0,1.0,1.0,899107.0,0.07773574941624559,0.03283802036619844,0.05021280421998249,0.0182149297886861,0.02672103991000101,0.022373776700767792,-4.13299227754275e-05,0.00010173519452412925,-0.0003815069794654847,-0.0,0.0,0.0,0.0,1.0,0.0,0.0,194.51063694208548,194.2383962787554,194.25568500819296,183.40884099254973,184.6195155708802,184.68341914290156,29862.82295063286,30202.310182064473,30239.957852845575,27841.2199564011,201.54917453828324,66.03420557000514,1319.1027315058436,0.001197394502295301,2.220858099052788,12468.346298105738
2024-10-13 07:45:24.185827,1.0,1.0,1.0,1.0,1.0,1.0,1.0,899108.0,0.07699507142227968,0.032439001655304125,0.05016090466686863,0.01826811217861732,0.026611899740163612,0.022199659060460605,-2.861302345991135e-05,0.00010809364418188734,-0.00036561085532108955,-0.0,0.0,0.0,0.0,1.0,0.0,0.0,195.81330059443133,195.1598391953638,195.84773460724946,185.09463593372897,185.8026297146694,186.0432753827323,30197.001581209464,30331.046402274704,30549.970619532516,28068.78751723726,203.1964034265751,66.03387977844051,1319.1039421852709,0.00119154999586513,2.253868974699806,12059.343619802956
2024-10-13 07:45:24.268159,1.0,1.0,1.0,1.0,1.0,1.0,1.0,899109.0,0.07726523039768154,0.03267899754122895,0.04969136948483318,0.018531734926591673,0.026355481787173698,0.022286887919318283,3.1792248288790456e-06,0.00011763131866852444,-0.0003592524056633315,-0.0,0.0,0.0,0.0,1.0,0.0,0.0,197.35398816550597,196.789600838088,196.85909472956914,186.0435198734229,187.18158585148936,187.00598271603727,30388.932922608772,30652.430617251277,30655.635674347548,28243.692041738443,204.45259336635274,66.03647494307077,1319.168358472191,0.0011820288640256665,2.2868814623790295,12141.893783081232
2024-10-13 07:45:24.272155,1.0,1.0,1.0,1.0,1.0,1.0,1.0,899110.0,0.0773662967985003,0.032278013060311,0.05016090466686863,0.018636139893149068,0.026355481787173698,0.022199659060460605,-1.9075348973274234e-05,0.00013034821798404061,-0.0003497147311766943,-0.0,0.0,0.0,0.0,1.0,0.0,0.0,198.57290425164916,198.29520519282596,198.5381800684999,186.87234056032437,188.0063729260838,187.99638883163962,30526.87661903668,30823.2255647085,30914.685852807143,28400.666165484006,205.62454915774225,66.02430078099485,1318.9397158620343,0.0011710080527712015,2.3198882282250217,12218.235888459269
2024-10-13 07:45:24.352702,1.0,1.0,1.0,1.0,1.0,1.0,1.0,899111.0,0.07685963583559004,0.032278013060311,0.0499005972290978,0.018636139893149068,0.026096544458751023,0.022373776700767792,-4.13299227754275e-05,0.00010809364418188734,-0.0003528939560055733,-0.0,0.0,0.0,0.0,1.0,0.0,0.0,200.2241510463565,199.80889198708627,200.03984051243765,186.94609543189264,188.33639581801415,188.17215374123955,30596.361497436592,30924.707785428145,30949.660642625884,28437.781116352297,205.88980244107577,66.02430078099485,1318.961905321602,0.001154204043258661,2.3528955493672776,12235.69123196031
2024-10-13 07:45:24.436830,1.0,1.0,1.0,1.0,1.0,1.0,1.0,899112.0,0.0773662967985003,0.03219721690590663,0.0499005972290978,0.018531734926591673,0.026207830867489117,0.02224331624925728,-4.768837243318558e-05,7.9480620721976e-05,-0.00032746015737454104,-0.0,0.0,0.0,0.0,1.0,0.0,0.0,201.62482805493488,201.3368562055557,201.72131075206877,185.88861926096283,187.47733782984585,187.15546164818218,30431.317641532987,30781.46354120913,30806.57493002613,28260.55335730717,204.627515558264,66.01592852215701,1318.8275532907082,0.001129285905545934,2.385899508319457,12152.563251125539
2024-10-13 07:45:24.439827,1.0,1.0,1.0,1.0,1.0,1.0,1.0,899113.0,0.07662204752112971,0.032278013060311,0.05036818201544617,0.018688123647942947,0.026428997918226275,0.021802810922600106,-6.040527174870175e-05,7.948062072197598e-05,-0.000324280932545662,-0.0,0.0,0.0,0.0,1.0,0.0,0.0,203.11528341367563,202.89209766792388,202.95509647182766,183.54416858322466,186.06476307839407,185.1962536278839,30038.13586699369,30576.850508008047,30356.3527301823,27890.059730311124,201.75746047189202,66.07521065335251,1320.052559788924,0.0010984855468279097,2.4189341233373836,10885.478551804119
2024-10-13 07:45:24.522285,1.0,1.0,1.0,1.0,1.0,1.0,1.0,899114.0,0.07719777928888626,0.03235860747555765,0.05067750845646186,0.018531734926591673,0.026170787978491077,0.02166891317152994,-4.132992277542751e-05,5.0867597262064634e-05,-0.000324280932545662,-0.0,0.0,0.0,0.0,1.0,0.0,0.0,204.146821426621,204.20070991955998,204.70110765302937,181.2912083429749,183.23411139985038,182.69572052401247,29578.982904021093,29986.133991571358,29999.667091836476,27403.432044937275,198.5910558765736,65.95522895911012,1317.7003309792349,0.0010645465303728552,2.4519098732952895,13835.689543918437
2024-10-13 07:45:24.525284,1.0,1.0,1.0,1.0,1.0,1.0,1.0,899115.0,0.07773574941624559,0.03235860747555765,0.05078019854850884,0.018636139893149068,0.025872535641194412,0.021579186437577745,-4.4509147604306555e-05,6.676372140645982e-05,-0.0003083848084012668,-0.0,0.0,0.0,0.0,1.0,0.0,0.0,205.9905342491335,205.25111406193642,205.53711886965843,178.2957244693993,181.03239718780864,179.26996349635724,29246.113970743936,29637.402172158992,29269.362595072344,26918.244892993625,195.39971984123696,65.84349814520367,1315.5100951707636,0.0010326514930228093,2.48483081210481,13476.478132874312
2024-10-13 07:45:24.607174,1.0,1.0,1.0,1.0,1.0,1.0,1.0,899116.0,0.07807009826855225,0.03291724369090571,0.05088268139452947,0.018531734926591673,0.025608715566353565,0.021802810922600106,-8.583907037973408e-05,7.630139589309694e-05,-0.000321101707716783,-0.0,0.0,0.0,0.0,1.0,0.0,0.0,206.2547413540398,206.75670251697605,206.75537990465705,175.53131573230124,177.71810914822535,177.0047682681235,28667.297967855087,29197.690955881546,29103.350171381375,26513.096549791735,192.73821315464204,65.74633377218719,1313.602623010641,0.0010069401266468885,2.5177040159904447,13046.463974131631
2024-10-13 07:45:24.610174,1.0,1.0,1.0,1.0,1.0,1.0,1.0,899117.0,0.07883371936094598,0.032519197084621136,0.05149329542304019,0.018791659751293096,0.026096544458751023,0.02166891317152994,-5.722604691982271e-05,5.722604691982271e-05,-0.00031474325805902487,-0.0,0.0,0.0,0.0,1.0,0.0,0.0,207.8200980293892,206.85259675394093,207.45522151210662,173.67421979674532,175.8675095564732,173.9407632762476,28812.86307919625,28990.19755017907,28723.143650400605,26357.23921428183,191.6221304264093,65.73961705645009,1313.486567926298,0.0009931402563406772,2.550574315571244,11288.387271634148
2024-10-13 07:45:24.691949,1.0,1.0,1.0,1.0,1.0,1.0,1.0,899118.0,0.07866834531819232,0.03211621748977285,0.051846165991071586,0.018894628520718087,0.025835012001953723,0.021802810922600106,-4.132992277542752e-05,5.722604691982271e-05,-0.00031474325805902487,-0.0,0.0,0.0,0.0,1.0,0.0,0.0,207.48165314989487,208.20989722179837,207.7869356285684,171.87879250293395,174.86262757168524,173.46476920877365,28627.29488546588,29337.74236933956,28996.72942790707,26496.39515122041,192.8836709600737,65.65451308578852,1311.7851526081033,0.0009939218542083384,2.5834020368474104,12869.21012169376
2024-10-13 07:45:24.775093,1.0,1.0,1.0,1.0,1.0,1.0,1.0,899119.0,0.07830329302213708,0.0319536026854434,0.0518963802071913,0.018479311243270825,0.026170787978491077,0.02193589137049136,-6.358449657758079e-05,5.722604691982271e-05,-0.0003179224828879039,-0.0,0.0,0.0,0.0,1.0,0.0,0.0,208.22703840902656,207.37191980376633,208.41683689170887,173.54047396867972,175.35221016184136,173.1589840064998,29554.755326692764,29592.83997766188,29442.50744854833,27032.371109719326,196.84809926920886,65.63480217870202,1311.3671409310937,0.0010123460411509484,2.616219297286453,11994.406660073168
2024-10-13 07:45:24.779048,1.0,1.0,1.0,1.0,1.0,1.0,1.0,899120.0,0.07823673687494542,0.031871984154482245,0.05144268774946429,0.0181615916660127,0.026318646714264433,0.021802810922600106,-5.722604691982271e-05,6.358449657758079e-05,-0.0002988471339146297,-0.0,0.0,0.0,0.0,1.0,0.0,0.0,207.88095450136797,208.1325942964933,207.62844711337678,174.90326266294696,178.6676121025706,175.78381251835697,30144.206989279835,30832.28670024849,30173.598836763773,27878.51269889888,202.9320493812698,65.66208545714733,1311.8686128508964,0.0010455777352261497,2.6490491071741444,11582.620716925798
2024-10-13 07:45:24.860230,1.0,1.0,1.0,1.0,1.0,1.0,1.0,899121.0,0.07919632671577691,0.031127788521240877,0.05118889889136944,0.0181615916660127,0.02657542007977932,0.021624096343466504,-6.040527174870175e-05,8.265984555085502e-05,-0.00029248868425687163,-0.0,0.0,0.0,0.0,1.0,0.0,0.0,207.3581768123001,207.19335705085558,208.01940833751786,179.80765615062217,181.93209977082734,179.98929677305594,31413.922025489886,31643.073671780934,31518.820974464426,29011.504614176956,210.7189028825107,65.80862228412113,1314.7347398028303,0.0010923385338362428,2.6819506425395434,10014.631707111374
2024-10-13 07:45:24.863739,1.0,1.0,1.0,1.0,1.0,1.0,1.0,899122.0,0.0792292087295316,0.031625864763461305,0.051695230689754394,0.0182149297886861,0.026538890275460948,0.021802810922600106,-7.312217106421791e-05,9.855596969525021e-05,-0.00030202635874350875,-0.0,0.0,0.0,0.0,1.0,0.0,0.0,207.40892476981628,206.8823276035743,206.67671375049702,185.1332834026431,188.50475986524341,185.22783038713968,32877.265162808595,33309.463083783936,32628.00390651319,30412.555588730676,220.8585316567229,65.82344651399983,1314.9526579829176,0.0011517721855816806,2.714857631356876,13208.386740062926
2024-10-13 07:45:24.945370,1.0,1.0,1.0,1.0,1.0,1.0,1.0,899123.0,0.07913052169675656,0.031211353204542467,0.0518963802071913,0.01794665401649714,0.02664832946254422,0.021847261143915334,-8.90182952086131e-05,9.219752003749214e-05,-0.00029566790908575063,-0.0,0.0,0.0,0.0,1.0,0.0,0.0,206.0156451475531,206.28261550080148,206.5701637421224,189.80225365724664,192.35848033782136,190.98055292762342,33958.68593400804,34443.78086676369,34289.980778809826,31699.45072401037,230.21734873075383,65.82344651399983,1314.8768250106045,0.0012093754989367191,2.7477627224368586,13823.211301302415
2024-10-13 07:45:25.029649,1.0,1.0,1.0,1.0,1.0,1.0,1.0,899124.0,0.07896576923466789,0.03137781493555469,0.05219665106520728,0.01800062903766519,0.026829736114304472,0.021802810922600106,-7.9480620721976e-05,0.0001208105434974035,-0.00030520558357238775,-0.0,0.0,0.0,0.0,1.0,0.0,0.0,205.90908904017056,204.78216159903388,205.20797286400023,191.80537498437747,194.26775017707143,192.0041821260373,34898.82915422647,35103.12592969269,34724.7973417876,32390.048496049996,234.7048648438801,65.97406493550426,1317.8345481406793,0.001248028729937685,2.780741831209703,11508.968776826781
2024-10-13 07:45:25.032649,1.0,1.0,1.0,1.0,1.0,1.0,1.0,899125.0,0.07880067231721302,0.031871984154482245,0.052046732179034834,0.01805444269744756,0.02711746269239568,0.021980072465344138,-9.537674486637117e-05,0.0001208105434974035,-0.0003338186070322991,-0.0,0.0,0.0,0.0,1.0,0.0,0.0,204.06012218905215,204.46741706649004,203.88249652972345,192.31419385983594,195.1665543122358,193.66135702437387,35039.469905679456,35698.48450809458,35331.87910059246,32856.37526426147,237.43455084101217,66.15668103357527,1321.4389860785775,0.0012807735866222417,2.8138111418603073,11124.82270699726
2024-10-13 07:45:25.114238,1.0,1.0,1.0,1.0,1.0,1.0,1.0,899126.0,0.07823673687494542,0.03227801306031101,0.051493295423040195,0.018321140191983925,0.027224576194402335,0.02206816930126611,-6.358449657758079e-05,0.00013988589247067773,-0.000324280932545662,-0.0,0.0,0.0,0.0,1.0,0.0,0.0,203.24542905701446,202.47277995388052,203.1802521358786,193.42123302180465,195.68554349210808,194.36108426800047,35515.446966399264,35804.14711450909,35662.38456833291,33180.27564862352,239.36748717324602,66.27121362708745,1323.6897654712843,0.0013086429050665602,2.8469367787762385,12453.470767836166
2024-10-13 07:45:25.118239,1.0,1.0,1.0,1.0,1.0,1.0,1.0,899127.0,0.07783620487415961,0.032439001655304125,0.05159436185084285,0.01800062903766519,0.02708166404617134,0.022199659060460605,-6.676372140645982e-05,0.00015896124144395196,-0.00032746015737454104,-0.0,0.0,0.0,0.0,1.0,0.0,0.0,201.90854393484105,201.93551659126717,201.47173402616335,193.47100778688133,196.13186408126367,194.6340538082038,35431.419127163026,35996.27654228231,35627.216261209905,33227.3794239828,239.63503543511564,66.29236867019729,1324.0889434338178,0.0013262687737680974,2.8800724052113127,14114.073220003498
2024-10-13 07:45:25.199022,1.0,1.0,1.0,1.0,1.0,1.0,1.0,899128.0,0.07776924898660738,0.03275860544857269,0.05134132274900665,0.01778374607040109,0.027045818015839475,0.02206816930126611,-6.994294623533888e-05,0.00015260279178619387,-0.00031474325805902487,-0.0,0.0,0.0,0.0,1.0,0.0,0.0,200.76638754300402,200.43320454770102,200.72688723414404,192.91259808143127,195.10274670792785,194.1225869561749,35169.28675694508,35561.54641540895,35441.17930167451,32958.81327191109,237.6566840913758,66.30421180700762,1324.3199291589629,0.00133046373156858,2.9132138121166027,14338.936333284813
2024-10-13 07:45:25.202026,1.0,1.0,1.0,1.0,1.0,1.0,1.0,899129.0,0.07729893388037393,0.033075121065200774,0.051290565126366656,0.01805444269744756,0.026865870455412305,0.02193589137049136,-5.0867597262064634e-05,0.00015260279178619387,-0.00030520558357238775,-0.0,0.0,0.0,0.0,1.0,0.0,0.0,199.6821284954755,199.4508461265449,199.60771294829865,190.80342486529878,192.97266069659517,192.53160483252086,34460.4246848311,34924.127873159356,34855.31094305144,32344.49388389616,233.18970665816576,66.31408514051829,1324.5317275450295,0.0013194597057532512,2.946360519324591,14045.053577318093
2024-10-13 07:45:25.284566,1.0,1.0,1.0,1.0,1.0,1.0,1.0,899130.0,0.07766870692907221,0.03299627680272549,0.05154385340814266,0.0181615916660127,0.02672103991000101,0.022155915847396346,-7.630139589309696e-05,0.00013988589247067773,-0.00032746015737454104,-0.0,0.0,0.0,0.0,1.0,0.0,0.0,199.0437107569288,198.42150520656793,198.54248021724266,187.68035499024668,189.38312673715518,188.998414239562,33621.44241483131,33938.38232157667,33871.77355416237,31441.0257381554,226.6200681838994,66.3287906596599,1324.8591889169127,0.0012940265148913617,2.979515421327759,13322.590245734951
2024-10-13 07:45:25.368465,1.0,1.0,1.0,1.0,1.0,1.0,1.0,899131.0,0.07729893388037393,0.03315377782566108,0.051695230689754394,0.01800062903766519,0.026611899740163612,0.02193589137049136,-2.2254573802153284e-05,0.0001367066676417987,-0.00030520558357238775,-0.0,0.0,0.0,0.0,1.0,0.0,0.0,197.82527970044168,197.77663038865614,197.73844639119247,182.84217728319786,184.70573219421934,184.75500272747723,32362.37789960596,32842.461186283836,32829.74374718096,30345.12119761169,218.7407546003353,66.32052590079066,1324.739702799348,0.0012596516642256683,3.0126673331637064,13094.200295281193
2024-10-13 07:45:25.371461,1.0,1.0,1.0,1.0,1.0,1.0,1.0,899132.0,0.0773662967985003,0.032599195230312655,0.05154385340814266,0.018108096434446105,0.026355481787173698,0.02148908505684164,3.497147311766941e-05,0.00013352744281291964,-0.00027977178494135546,-0.0,0.0,0.0,0.0,1.0,0.0,0.0,197.24114343451126,196.67864895807006,196.97470165141561,177.92321636088803,179.04649686280504,179.25752032913704,31269.289030104876,31514.036246719876,31604.19094881608,29166.69375027186,210.23782572097346,66.32052590079066,1324.792092407993,0.0012201543834566416,3.045820556061505,12535.241183602457
2024-10-13 07:45:25.454431,1.0,1.0,1.0,1.0,1.0,1.0,1.0,899133.0,0.07783620487415963,0.03291724369090571,0.05134132274900665,0.018739963202861063,0.026428997918226275,0.021307739324598604,5.722604691982269e-05,0.00012398976832628253,-0.00027977178494135546,-0.0,0.0,0.0,0.0,1.0,0.0,0.0,196.36447978024984,196.32630563071908,196.22791334824618,174.1461150697237,175.59813424675357,175.37304560458725,30311.255963914165,30690.98015129287,30658.806037856793,28285.220407573932,204.25395093449092,66.19847136679347,1322.3928223801042,0.0011908167388258613,3.078913736682117,14263.150922289666
2024-10-13 07:45:25.456430,1.0,1.0,1.0,1.0,1.0,1.0,1.0,899134.0,0.0779365308511931,0.03259919523031266,0.051137989978833114,0.01837401516539352,0.025947420126718565,0.02126216122037606,3.8150697946548455e-05,0.00010809364418188733,-0.00025751721113920217,-0.0,0.0,0.0,0.0,1.0,0.0,0.0,195.96461813981196,195.68998407400682,196.06680152322875,174.63394173940995,175.772438388206,175.78217631740753,30187.3741061617,30450.21615786762,30554.102822416102,28135.71035857967,203.35209568562033,66.14050289248847,1321.2366558226072,0.001189439116995963,3.1119779839721278,13097.95714105211
2024-10-13 07:45:25.538507,1.0,1.0,1.0,1.0,1.0,1.0,1.0,899135.0,0.07780273413304022,0.032599195230312655,0.051644820896497606,0.018321140191983925,0.025494814117130813,0.020986614009376788,3.4971473117669426e-05,9.855596969525021e-05,-0.0002543379863103231,-0.0,0.0,0.0,0.0,1.0,0.0,0.0,195.7822615676185,195.47213989321068,195.7482730444553,176.01459343447195,177.3663897366415,177.21070068877557,30273.954808182214,30573.234934064665,30611.329664722467,28224.208626321677,204.21827141677517,66.06758472517737,1319.7709352563888,0.0011963198395504575,3.145005551272187,13425.450810737228
2024-10-13 07:45:25.621424,1.0,1.0,1.0,1.0,1.0,1.0,1.0,899136.0,0.0782034375600193,0.03211621748977285,0.05239587564842711,0.01826811217861732,0.025608715566353565,0.02089395742436089,6.040527174870173e-05,6.994294623533885e-05,-0.000241621086994807,-0.0,0.0,0.0,0.0,1.0,0.0,0.0,195.74220043938348,195.3475319847361,195.67620687468124,177.76093913024113,179.05854444049322,178.795509259198,30457.54014287776,30720.69695486699,30755.886725811124,28378.277426315934,205.56585481780252,65.99327237209685,1318.2762670875788,0.0012040472439356655,3.177995714161967,13535.811113271333
2024-10-13 07:45:25.625426,1.0,1.0,1.0,1.0,1.0,1.0,1.0,899137.0,0.0782034375600193,0.03219721690590663,0.052445563545461545,0.018584010728398753,0.02564657030330141,0.020707400498272993,2.5433798631032307e-05,6.358449657758078e-05,-0.000241621086994807,-0.0,0.0,0.0,0.0,1.0,0.0,0.0,195.69008972761094,195.48546034080206,195.68226040043217,179.14433842329345,180.73696064483963,180.53603607743122,30562.822211675695,30934.523935467518,30940.376623660366,28539.72787143303,206.83925900428503,65.96056540030133,1317.6141087825122,0.001210722811289851,3.210969306389824,12880.484211121056
2024-10-13 07:45:25.706263,1.0,1.0,1.0,1.0,1.0,1.0,1.0,899138.0,0.07939341451962956,0.03211621748977285,0.052296358225924496,0.018894628520718087,0.026096544458751023,0.020986614009376788,6.358449657758082e-06,6.358449657758078e-05,-0.00025433798631032317,-0.0,0.0,0.0,0.0,1.0,0.0,0.0,196.03881073850206,195.40652710597914,195.9985366955244,180.80299536598932,181.95263190601614,181.81875733712573,30800.36981326876,30993.12960024178,31096.290786736165,28681.540040029126,207.88755022080153,65.95430205781639,1317.4840536656607,0.0012144677759330837,3.243939643958854,12363.224736693444
2024-10-13 07:45:25.710207,1.0,1.0,1.0,1.0,1.0,1.0,1.0,899139.0,0.08030676239821122,0.03104399889813629,0.05239587564842711,0.018843214470258284,0.026059343378600053,0.021170710640734267,1.9075348973274228e-05,5.72260469198227e-05,-0.0002638756607969603,-0.0,0.0,0.0,0.0,1.0,0.0,0.0,196.3641508809688,196.04966472623985,195.88485600763025,181.74742942134918,183.50979830051412,182.90797278910486,30881.99052821286,31276.10682654757,31130.623966106952,28804.55682454311,208.83064648279895,65.9381692549643,1317.1594340416984,0.0012162538600256326,3.2769018578480913,12711.427868918196
2024-10-13 07:45:25.792521,1.0,1.0,1.0,1.0,1.0,1.0,1.0,899140.0,0.08075956287512498,0.03129469474997817,0.052495204411799876,0.018531734926591673,0.02613369258354722,0.021170710640734267,3.815069794654846e-05,5.086759726206463e-05,-0.0002765925601124764,-0.0,0.0,0.0,0.0,1.0,0.0,0.0,196.37105980485964,196.31736140747572,196.77200308598327,182.9492098859216,184.0805810361012,184.25553268253168,30956.68726715807,31258.789927891623,31432.837067373803,28913.014939728593,209.62402625122905,65.93593670774906,1317.115026261159,0.0012161106476202659,3.3098629604225382,12476.265947058053
2024-10-13 07:45:25.795521,1.0,1.0,1.0,1.0,1.0,1.0,1.0,899141.0,0.07965543970232411,0.03179015607555206,0.052742707926448876,0.018584010728398753,0.026170787978491077,0.021216485203668426,-2.3129646346357427e-21,5.4046822090943663e-05,-0.00029248868425687163,-0.0,0.0,0.0,0.0,1.0,0.0,0.0,197.40026579956555,196.64894895109995,196.95349519110917,183.88393381001114,185.4189652176068,184.65107203646667,31211.65812568233,31441.725710301012,31357.166344575202,29020.3721870774,210.57863863824008,65.88062950390648,1316.0125966645462,0.0012143124812494114,3.3427964744460303,13511.889421555543
2024-10-13 07:45:25.878010,1.0,1.0,1.0,1.0,1.0,1.0,1.0,899142.0,0.07955728139060414,0.031294694749978175,0.05284138473475037,0.018584010728398753,0.026538890275460948,0.021307739324598604,-4.450914760430655e-05,4.132992277542751e-05,-0.00031474325805902487,-0.0,0.0,0.0,0.0,1.0,0.0,0.0,197.45952085011876,197.64142038834063,197.61156442746392,184.2127316931563,186.0624225462463,186.02244323646414,31106.245201315116,31629.775327613097,31620.68741160744,29121.630980625625,211.14146656098345,65.93409329116788,1317.0842081252592,0.0012115565850301505,3.3757568057896292,11628.822535276391
2024-10-13 07:45:25.960709,1.0,1.0,1.0,1.0,1.0,1.0,1.0,899143.0,0.07952453502931128,0.03146071551579092,0.052989055403854235,0.0181615916660127,0.026281760015388615,0.021713637498104413,-4.76883724331856e-05,6.040527174870175e-05,-0.00032746015737454104,-0.0,0.0,0.0,0.0,1.0,0.0,0.0,198.50901178446566,197.7146565889682,198.39612402763765,185.31974895138052,186.4906669415042,186.1720669795594,31408.048246626113,31565.411116490806,31652.227395782193,29196.663955437354,211.72270028334492,65.92219429144593,1316.8526711822867,0.0012068884112058779,3.4087113428686613,12613.346762790841
2024-10-13 07:45:25.963709,1.0,1.0,1.0,1.0,1.0,1.0,1.0,899144.0,0.07985139433963717,0.03137781493555469,0.05425203322566392,0.0182149297886861,0.02650231011985886,0.021398604296836984,-2.8613023459911357e-05,5.722604691982271e-05,-0.0003338186070322991,-0.0,0.0,0.0,0.0,1.0,0.0,0.0,199.02070387561002,199.0134685259107,198.70560302752733,185.01311709088526,187.26603518734504,186.74053242188057,31289.83375868489,31865.16108746084,31675.214161681877,29249.58228388037,212.14826923717516,65.90877280324702,1316.5930470962187,0.0012004539770795138,3.4416593827959936,12870.320945356469
2024-10-13 07:45:26.046181,1.0,1.0,1.0,1.0,1.0,1.0,1.0,899145.0,0.0798840067136085,0.03079126200207882,0.05410780957691522,0.0182149297886861,0.026538890275460948,0.021216485203668426,-2.5433798631032317e-05,5.72260469198227e-05,-0.00031156403323014586,-0.0,0.0,0.0,0.0,1.0,0.0,0.0,199.6628070643989,199.32167628872233,200.06068005168626,185.74880446164204,186.86588510846295,186.93952739510894,31437.44880390476,31671.31424365671,31872.0062275379,29283.87261319769,212.26636744633504,65.94880585613073,1317.403167162249,0.001192553784671326,3.4746276961619107,11934.208289536375
2024-10-13 07:45:26.049184,1.0,1.0,1.0,1.0,1.0,1.0,1.0,899146.0,0.08004686928167701,0.030706554105680028,0.054634768364141585,0.01826811217861732,0.026244821472867705,0.021032789233536103,-5.722604691982272e-05,8.265984555085502e-05,-0.00031474325805902487,-0.0,0.0,0.0,0.0,1.0,0.0,0.0,200.84871047218084,200.35480450476138,200.14370269249284,185.53496477560455,187.66845116016393,186.68053009904443,31497.131406057608,31930.465780187904,31671.399566558946,29307.611268701363,212.09883104785578,66.05385692581001,1319.5125632475883,0.0011843178744045414,3.507648797643788,10781.1041262436
2024-10-13 07:45:26.131415,1.0,1.0,1.0,1.0,1.0,1.0,1.0,899147.0,0.07991660577912112,0.031127788521240873,0.05425203322566393,0.0182149297886861,0.025872535641194412,0.021216485203668426,-6.676372140645982e-05,8.265984555085502e-05,-0.0003083848084012668,-0.0,0.0,0.0,0.0,1.0,0.0,0.0,201.08032378503003,201.1836307369303,201.6002277557861,185.61856507177998,187.18732938336984,187.41072920585643,31433.585374921237,31876.06844018258,32021.76861702551,29367.833699072668,212.64474892518516,66.01916251006561,1318.8294349330836,0.001176791108181514,3.5406528036844946,13283.587991345805
2024-10-13 07:45:26.214138,1.0,1.0,1.0,1.0,1.0,1.0,1.0,899148.0,0.07985139433963717,0.03170811682633252,0.054682421899903216,0.01794665401649714,0.02557080478973271,0.020800888109007293,-6.358449657758079e-05,8.265984555085502e-05,-0.00030202635874350875,-0.0,0.0,0.0,0.0,1.0,0.0,0.0,202.6413825919527,201.68690415301216,202.1026650089905,185.94266785564807,187.57597578586413,186.8496653197731,31702.23510764351,31938.09167576649,31851.63817876785,29403.958463621704,213.00847701543498,65.98693163601268,1318.1969285518323,0.0011681890112162187,3.573640981109404,13261.021163215242
2024-10-13 07:45:26.218079,1.0,1.0,1.0,1.0,1.0,1.0,1.0,899149.0,0.0795245350293113,0.032599195230312655,0.054347969698874295,0.017619331945484182,0.025303839037745666,0.020754196943260868,-0.00011763131866852444,8.583907037973405e-05,-0.0002988471339146297,-0.0,0.0,0.0,0.0,1.0,0.0,0.0,202.78859864471468,203.20326449602953,203.02516093820154,185.04642259807002,187.24829325224167,187.0507193353133,31406.86899707205,32049.423194444047,31975.845760968114,29367.970078477527,212.60994474307168,66.02895010700307,1319.0514523334095,0.0011567273174696397,3.6066505431859617,11921.32490444939
2024-10-13 07:45:26.299796,1.0,1.0,1.0,1.0,1.0,1.0,1.0,899150.0,0.07850262289837398,0.032519197084621136,0.05425203322566392,0.017729110776706317,0.025303839037745666,0.020424370325990055,-0.00011763131866852446,9.219752003749214e-05,-0.00027977178494135546,-0.0,0.0,0.0,0.0,1.0,0.0,0.0,204.12537858945797,203.2778460202783,204.1445774942196,184.92261735881354,186.46776444006483,185.7696097852657,31599.233068238158,31773.85051735821,31809.088464736255,29270.39501119477,211.8794712007105,66.03555746576343,1319.201343825625,0.0011431761520499747,3.639663856331144,12629.39900661383
2024-10-13 07:45:26.303279,1.0,1.0,1.0,1.0,1.0,1.0,1.0,899151.0,0.07899874721448709,0.031625864763461305,0.05401144652701409,0.018108096434446105,0.02557080478973271,0.020424370325990055,-0.00013034821798404061,8.90182952086131e-05,-0.0002765925601124764,-0.0,0.0,0.0,0.0,1.0,0.0,0.0,204.7858328903339,204.89433203220452,204.31288702864725,183.09569069851406,185.828485394325,184.89275128972332,31210.760473229817,31897.960271174987,31555.92947025672,29085.666842822873,210.61899198477218,66.01041756529732,1318.7208639268363,0.0011267065366151248,3.6726651453577692,12970.708604918196
2024-10-13 07:45:26.384846,1.0,1.0,1.0,1.0,1.0,1.0,1.0,899152.0,0.07913052169675656,0.031625864763461305,0.05391491124604849,0.01794665401649714,0.025418596266109744,0.020519147495467436,-0.0001208105434974035,9.537674486637117e-05,-0.0002765925601124764,-0.0,0.0,0.0,0.0,1.0,0.0,0.0,205.30080039741313,204.98394852209444,205.90911500072795,182.2561273484364,183.8527487153979,183.32548161674956,31121.824014359212,31381.421144317206,31495.898519320755,28854.47084787483,208.83700017842318,66.04336374017026,1319.4017329735846,0.0011095299715401998,3.705683473286876,11828.200950831457
2024-10-13 07:45:26.468217,1.0,1.0,1.0,1.0,1.0,1.0,1.0,899153.0,0.07883371936094598,0.03137781493555469,0.05333203021676551,0.01800062903766519,0.025342149186916324,0.02023348417248137,-0.00012716899315516158,7.630139589309694e-05,-0.00027023411045471834,-0.0,0.0,0.0,0.0,1.0,0.0,0.0,206.5036462486373,206.00007067144006,205.7094495799914,180.11226210387616,183.09481489365731,181.52582881851774,30853.242896638632,31431.821805973228,30973.46964467249,28599.78306413547,207.0916815332504,66.01097018036424,1318.7773103138002,0.0010923133606008612,3.7386861748971505,12866.571840825114
2024-10-13 07:45:26.471240,1.0,1.0,1.0,1.0,1.0,1.0,1.0,899154.0,0.07800334314880478,0.031127788521240877,0.052544798380736606,0.01837401516539352,0.025532837723818223,0.020566372293249237,-0.00013988589247067773,8.265984555085502e-05,-0.00027023411045471834,-0.0,0.0,0.0,0.0,1.0,0.0,0.0,206.3405071082202,206.53335171574454,207.1301667707309,178.59532387257784,180.68933158084616,180.6288330376205,30483.305578107844,31015.66367916718,31093.202118728634,28371.37574321826,205.5324936408946,65.97954562688096,1318.169583367206,0.0010770983316943166,3.7716736680026064,12747.885157940878
2024-10-13 07:45:26.552863,1.0,1.0,1.0,1.0,1.0,1.0,1.0,899155.0,0.07843623589039121,0.031127788521240873,0.05264384615644527,0.01826811217861732,0.025947420126718565,0.020660498058664857,-0.00014942356695731485,0.00010491441935300828,-0.00027977178494135546,-0.0,0.0,0.0,0.0,1.0,0.0,0.0,207.68006171041117,206.69090085651672,206.98322128187928,177.3015108558418,179.87907455749135,178.40522239786276,30564.48949458388,30953.189958916057,30618.3530859993,28215.267705984403,204.24089887790785,66.03074423052163,1319.2066870268584,0.0010663196363939354,3.8046871148626127,11212.033508233959
2024-10-13 07:45:26.556863,1.0,1.0,1.0,1.0,1.0,1.0,1.0,899156.0,0.0778696612285411,0.03070655410568003,0.052096753076864476,0.0181615916660127,0.026022089115979988,0.020754196943260868,-0.00015896124144395196,8.583907037973405e-05,-0.0002765925601124764,-0.0,0.0,0.0,0.0,1.0,0.0,0.0,207.0858390535392,207.52512090620615,207.76802884337732,175.92531068325468,178.52225876634122,178.11981843645526,30255.04202427835,30931.14164218184,30851.524846142904,28178.89244790229,204.55757858303573,65.84319455903902,1315.4663019589907,0.0010613011953242463,3.8376069577370657,15454.76041586145
2024-10-13 07:45:26.638808,1.0,1.0,1.0,1.0,1.0,1.0,1.0,899157.0,0.07790310321472031,0.0299333978913952,0.051846165991071586,0.01826811217861732,0.02613369258354722,0.02061348890091903,-0.00013034821798404061,8.583907037973405e-05,-0.0002861302345991135,-0.0,0.0,0.0,0.0,1.0,0.0,0.0,208.19608981639018,207.03720002479972,207.7741389335719,175.88426133294038,178.31839280130728,176.71263975571435,30660.76367280118,30937.226995621466,30676.045687417685,28255.01357407018,204.5305947092011,66.0298131909483,1319.1938596283476,0.0010619477194060386,3.870620083588512,8861.857029036637
2024-10-13 07:45:26.642808,1.0,1.0,1.0,1.0,1.0,1.0,1.0,899158.0,0.07753444804402541,0.029495110715956677,0.05139203024062462,0.018636139893149068,0.026392265450275895,0.021216485203668426,-0.0001208105434974035,0.00011127286901076637,-0.0002734133352835974,-0.0,0.0,0.0,0.0,1.0,0.0,0.0,207.4534612595967,207.9770439117275,207.6640449910458,175.18493986736547,178.81935941012597,177.72722244604847,30554.340769111095,31454.639630052272,31072.32741653226,28522.024966901474,206.21614511667616,66.10963653316928,1320.7757107197708,0.0010717196598893906,3.9036727956226698,10864.075444531916
2024-10-13 07:45:26.723665,1.0,1.0,1.0,1.0,1.0,1.0,1.0,899159.0,0.07733262267425067,0.02922898397549457,0.052246528430687264,0.019048038036167402,0.026757321039963047,0.020800888109007293,-0.00010173519452412927,0.00010491441935300828,-0.00027023411045471834,-0.0,0.0,0.0,0.0,1.0,0.0,0.0,207.91983392792073,206.86815428652213,208.0982595557667,177.3548255867382,179.46284467268782,178.59994898184297,31326.102594151223,31573.23794278557,31553.614059481282,28975.57701657102,209.94295201773087,65.96987563556424,1317.9598362714407,0.0010896461650058066,3.936655039759432,14995.643147191657
2024-10-13 07:45:26.806879,1.0,1.0,1.0,1.0,1.0,1.0,1.0,899160.0,0.0778696612285411,0.030193316499374605,0.052445563545461545,0.019301011109426145,0.02711746269239568,0.021216485203668426,-0.00013034821798404061,0.00012081054349740349,-0.0002829510097702345,-0.0,0.0,0.0,0.0,1.0,0.0,0.0,207.64006685342986,207.53888464518326,207.10672828789575,178.59137130272032,182.15754203455512,180.65364450912472,31725.51134698081,32529.894297875337,32007.23955356074,29574.867833240645,213.84545109293288,66.1071621530208,1320.6695909292498,0.0011145933989385969,3.9697050961217384,10368.481316547866
2024-10-13 07:45:26.809880,1.0,1.0,1.0,1.0,1.0,1.0,1.0,899161.0,0.07776924898660738,0.03053643338331834,0.053038187593736096,0.018997039181501363,0.026829736114304472,0.021078863306785177,-0.00013988589247067773,0.00012398976832628253,-0.0002861302345991135,-0.0,0.0,0.0,0.0,1.0,0.0,0.0,206.9970338485893,206.63957392356693,207.75282228280898,181.93950844852043,183.93967172031185,183.46383050956862,32539.243447019835,32908.1174817895,32990.4233935861,30295.35962787899,218.75626077333567,66.19950381211989,1322.4735750588306,0.0011454022282940915,4.00280029759647,11493.159573433655
2024-10-13 07:45:26.892018,1.0,1.0,1.0,1.0,1.0,1.0,1.0,899162.0,0.07729893388037393,0.03087573750238642,0.05284138473475037,0.01935120888239217,0.02664832946254422,0.02148908505684164,-0.00014942356695731485,0.0001303482179840406,-0.000321101707716783,-0.0,0.0,0.0,0.0,1.0,0.0,0.0,207.27586488187472,206.5448779900074,206.40675376769963,183.65860215082273,186.49764805494817,184.83911508928253,33163.124818792916,33688.72486037664,33222.43199708791,30841.003056676298,223.28123190010746,66.02773242711665,1319.00868996771,0.0011706888286140392,4.035808789535117,16457.214212847903
2024-10-13 07:45:26.895964,1.0,1.0,1.0,1.0,1.0,1.0,1.0,899163.0,0.0773662967985003,0.031211353204542464,0.05323426289309145,0.01935120888239217,0.026611899740163612,0.021579186437577745,-0.00015260279178619387,0.00014306511729955676,-0.0003179224828879039,-0.0,0.0,0.0,0.0,1.0,0.0,0.0,205.79687467467647,206.1742827780599,206.6204171344458,184.2880172927824,186.467715522778,186.115994145139,33261.88904643656,33835.658708797215,33854.151819150284,31141.74771602793,225.25894966687045,66.08741832122469,1320.177447206361,0.0011885161033958805,4.0688465298890195,12476.064866535964
2024-10-13 07:45:26.976743,1.0,1.0,1.0,1.0,1.0,1.0,1.0,899164.0,0.07709649197744844,0.032439001655304125,0.052989055403854235,0.01914962829286367,0.02664832946254422,0.02148908505684164,-0.0001716781407594681,0.00014942356695731482,-0.00030202635874350875,-0.0,0.0,0.0,0.0,1.0,0.0,0.0,206.15644880981574,204.94064744920786,205.65714330824835,185.08430990583417,186.99179310276213,185.49639504782428,33739.04737154418,33906.27653270198,33717.67031188558,31290.177549382606,226.12009357223963,66.1503792991545,1321.4181053616921,0.0012014145937166306,4.101915317994942,12471.992556639678
2024-10-13 07:45:27.060869,1.0,1.0,1.0,1.0,1.0,1.0,1.0,899165.0,0.07651999813397432,0.03275860544857269,0.05264384615644527,0.019501026929403496,0.026170787978491077,0.021758269893602942,-0.000162140466272831,0.00015260279178619387,-0.0003147432580590249,-0.0,0.0,0.0,0.0,1.0,0.0,0.0,204.82878348735548,205.07202080829416,204.93526127064467,184.5324017637786,186.97602964619588,186.16011007656323,33486.19076862212,34104.737270156635,33907.10096409484,31347.94984757994,226.3816310221634,66.19660225451705,1322.3284463969746,0.0012112394282721266,4.135006887591961,12783.851451471231
2024-10-13 07:45:27.063865,1.0,1.0,1.0,1.0,1.0,1.0,1.0,899166.0,0.07733262267425067,0.03291724369090571,0.052742707926448876,0.019451215795870915,0.026170787978491077,0.021713637498104413,-0.00013988589247067773,0.00015896124144395196,-0.0003338186070322991,-0.0,0.0,0.0,0.0,1.0,0.0,0.0,204.61645189513368,203.7008744087384,204.51888068598947,184.68059686331029,186.29281014929785,185.58812366486808,33594.99083717916,33803.56763503613,33803.2919619844,31264.24362590312,225.2516241142838,66.35135210086996,1325.4134618538085,0.0012159361584202532,4.168175660401218,10793.845616747618
2024-10-13 07:45:27.145845,1.0,1.0,1.0,1.0,1.0,1.0,1.0,899167.0,0.07692738343431897,0.03291724369090571,0.05338084673061675,0.019250682441991743,0.026428997918226275,0.021980072465344138,-0.00014942356695731485,0.00015896124144395196,-0.00034653550634781527,-0.0,0.0,0.0,0.0,1.0,0.0,0.0,203.70781284886695,203.6747516865557,203.4789322904923,183.63837046267926,185.93281594395563,185.08467088804403,33236.079524542525,33790.10868790206,33567.11285176,31077.3802215676,224.26509557555678,66.24494430722196,1323.287157437051,0.0012164918577888498,4.201291221959683,15343.297949807073
2024-10-13 07:45:27.149803,1.0,1.0,1.0,1.0,1.0,1.0,1.0,899168.0,0.07604195687595712,0.03331053415039321,0.05381820280721077,0.019250682441991743,0.026022089115979988,0.02144389239891845,-0.00013988589247067773,0.00015260279178619387,-0.00035607318083445244,-0.0,0.0,0.0,0.0,1.0,0.0,0.0,203.049946381058,202.63959315953105,203.40018141602465,182.94361275628583,184.3090291341353,183.96499534264015,32991.56514698955,33243.585693162495,33349.93877895757,30757.98401418249,222.16577757412546,66.18328332226439,1322.0628079224305,0.0012109239995336505,4.234376143893564,14399.165955480654
2024-10-13 07:45:27.232052,1.0,1.0,1.0,1.0,1.0,1.0,1.0,899169.0,0.0754919174173977,0.03331053415039321,0.053136315684280906,0.019200221850765864,0.026207830867489117,0.021847261143915334,-0.00012716899315516158,0.00016849891593058908,-0.00035607318083445244,-0.0,0.0,0.0,0.0,1.0,0.0,0.0,202.6771890359583,202.24747200632066,202.33503407007154,180.998855683563,183.07463269289664,182.0383929381988,32519.268505030537,32921.25983448406,32719.738075651007,30302.2893950968,218.6566235390747,66.24844234790523,1323.3788392517451,0.0012000340309961791,4.267493999810258,11920.01801991067
2024-10-13 07:45:27.236052,1.0,1.0,1.0,1.0,1.0,1.0,1.0,899170.0,0.07514609829524826,0.033232248415491,0.053087274311872046,0.019098900711587104,0.025759800744833576,0.02166891317152994,-9.219752003749215e-05,0.000162140466272831,-0.00034653550634781527,-0.0,0.0,0.0,0.0,1.0,0.0,0.0,201.8488396257778,201.73719189248862,202.0491033009906,178.8152988540893,180.4454577045934,180.3407467058563,31860.667579707424,32270.279276795074,32310.142446680133,29748.831234117464,215.02761493668626,66.13504667869861,1321.1345557203329,0.0011842267695443235,4.300555692022028,14832.190065366329
2024-10-13 07:45:27.315439,1.0,1.0,1.0,1.0,1.0,1.0,1.0,899171.0,0.07556089131704583,0.03331053415039321,0.05269330022668048,0.01914962829286367,0.025797433782787597,0.022199659060460605,-9.219752003749215e-05,0.0001716781407594681,-0.0003528939560055733,-0.0,0.0,0.0,0.0,1.0,0.0,0.0,201.60056325043675,201.00473997229682,201.46847364533144,176.51063504288544,178.1257415701377,177.68141602038807,31340.396197080318,31637.560145374075,31622.59651635216,29155.322451031432,210.8597488554452,66.09557555233276,1320.369689532599,0.0011663575823129583,4.3335982432837925,13242.627852459555
2024-10-13 07:45:27.399989,1.0,1.0,1.0,1.0,1.0,1.0,1.0,899172.0,0.0747290029464586,0.033075121065200774,0.052989055403854235,0.018997039181501363,0.025910004937642474,0.021758269893602942,-6.358449657758079e-05,0.00018121581524610522,-0.00030202635874350875,-0.0,0.0,0.0,0.0,1.0,0.0,0.0,200.95855033209347,200.77073017546866,201.07753290554183,174.91846583404464,176.9181614144625,176.7969345815163,30849.070590596726,31326.857644283515,31316.606238080298,28799.345852134666,208.1244179480076,66.14601418966055,1321.389857674079,0.001156854375793353,4.36666632448492,11486.243465343749
2024-10-13 07:45:27.402986,1.0,1.0,1.0,1.0,1.0,1.0,1.0,899173.0,0.07500732421875002,0.03259919523031266,0.05264384615644527,0.018688123647942947,0.025984781442148438,0.022112086099532226,-3.1792248288790384e-06,0.00018439504007498428,-0.0003083848084012668,-0.0,0.0,0.0,0.0,1.0,0.0,0.0,200.94271853670386,200.180735909714,200.84309850705284,175.6139517515989,177.06360967961297,176.90102547035355,30898.55200520997,31148.403332071866,31210.394500824685,28725.659492790823,207.48478685279622,66.18018624083692,1322.072072232222,0.0011571836462823549,4.399751478260257,11744.468474472504
2024-10-13 07:45:27.485364,1.0,1.0,1.0,1.0,1.0,1.0,1.0,899174.0,0.07573305123791362,0.03211621748977285,0.05269330022668048,0.018688123647942947,0.025947420126718565,0.022112086099532226,0.0,0.00016531969110171005,-0.000321101707716783,-0.0,0.0,0.0,0.0,1.0,0.0,0.0,200.61185144421074,200.4528655938777,200.22604198364286,176.16581307219496,178.3890884664635,177.80451196173044,30866.586533323913,31399.121679490763,31201.823424641898,28796.94410906042,207.96299068355552,66.19223236031566,1322.305277251549,0.0011628025675164408,4.432842468044151,12379.774239465769
2024-10-13 07:45:27.489363,1.0,1.0,1.0,1.0,1.0,1.0,1.0,899175.0,0.0754919174173977,0.03129469474997817,0.052296358225924496,0.01837401516539352,0.026244821472867705,0.021802810922600106,1.2716899315516153e-05,0.00014306511729955676,-0.00030520558357238775,-0.0,0.0,0.0,0.0,1.0,0.0,0.0,200.19762803712746,199.98667586282238,200.73210115352865,177.27066202066337,178.90472353825487,179.0854717970913,30939.16704210336,31318.766542748595,31473.678406839674,28884.000607989718,208.821862486263,66.11960914985342,1320.847755584006,0.0011679042215464572,4.465896983017394,13723.901422948558
2024-10-13 07:45:27.570028,1.0,1.0,1.0,1.0,1.0,1.0,1.0,899176.0,0.07500732421875002,0.03129469474997817,0.05174559137455608,0.018426738416276855,0.02672103991000101,0.02193589137049136,0.0,0.00014942356695731485,-0.00027023411045471834,-0.0,0.0,0.0,0.0,1.0,0.0,0.0,200.6856911285525,199.93796504455727,200.1796373473237,178.30140381591073,180.2885015308977,179.55859908954082,31173.83426679626,31524.82616350018,31376.544772007754,28995.76641529684,209.63095974940123,66.11960914985342,1320.8410320448309,0.0011729885976200895,4.498951329732542,12485.76124101525
2024-10-13 07:45:27.652526,1.0,1.0,1.0,1.0,1.0,1.0,1.0,899177.0,0.07559535466721497,0.03179015607555206,0.05118889889136944,0.018688123647942947,0.026937993727346517,0.021891621110694724,9.537674486637115e-06,0.00014942356695731485,-0.00025433798631032317,-0.0,0.0,0.0,0.0,1.0,0.0,0.0,200.09759936534502,200.24996154915527,200.44546490965786,178.94447734778817,180.75896310502392,180.94727830396567,31073.079538056107,31590.175231424775,31652.545645031354,29073.017408429972,210.23710142229936,66.10484284061145,1320.5417311725457,0.001176256967612003,4.531998186375406,12789.765250679795
2024-10-13 07:45:27.656526,1.0,1.0,1.0,1.0,1.0,1.0,1.0,899178.0,0.0752500109030287,0.031871984154482245,0.05108703033490621,0.018636139893149068,0.027260187166059602,0.021891621110694724,-1.5896124144395198e-05,0.00012716899315516158,-0.0002670548856258393,-0.0,0.0,0.0,0.0,1.0,0.0,0.0,200.73612156281234,199.75847019717153,200.44978570331375,180.15789750550366,181.37385796238303,181.02880338194575,31370.486141444893,31517.510905976156,31574.422656350165,29118.608046040965,210.4823248984737,66.13145570287796,1321.071612654862,0.0011775798567739543,4.565058303422672,12073.46148135297
2024-10-13 07:45:27.738695,1.0,1.0,1.0,1.0,1.0,1.0,1.0,899179.0,0.07518075178950209,0.0319536026854434,0.05072887948684035,0.01837401516539352,0.02715321414192533,0.021980072465344138,-1.9075348973274245e-05,0.00012716899315516158,-0.00027023411045471834,-0.0,0.0,0.0,0.0,1.0,0.0,0.0,200.4786481647146,200.58827206831523,200.30207862173503,180.16703246173364,182.3021742938491,181.9590869638901,31225.31192030034,31802.236835798234,31661.09620339705,29188.90386670614,211.13618192107356,66.08589321820276,1320.1598015702527,0.0011788164749913046,4.598095602190526,13390.488136028483
2024-10-13 07:45:27.742566,1.0,1.0,1.0,1.0,1.0,1.0,1.0,899180.0,0.0754574068247749,0.031953602685443394,0.05005694413093419,0.0181615916660127,0.02740216826792598,0.022112086099532226,-3.497147311766943e-05,0.00010809364418188733,-0.0002670548856258393,-0.0,0.0,0.0,0.0,1.0,0.0,0.0,200.70121899881946,200.10609216167802,201.06357126517435,181.32138702479912,182.31832047252556,182.4408737016347,31437.12488222462,31602.092080532086,31833.35411977493,29244.85876811255,211.35048163462045,66.14546526200286,1321.349389971877,0.0011791551106347946,4.631162670678218,11547.952727178012
2024-10-13 07:45:27.823727,1.0,1.0,1.0,1.0,1.0,1.0,1.0,899181.0,0.07590482068342229,0.03154339822214999,0.04969136948483319,0.01800062903766519,0.02733126991297999,0.021758269893602942,-2.8613023459911357e-05,9.537674486637117e-05,-0.00026069643596808123,-0.0,0.0,0.0,0.0,1.0,0.0,0.0,201.1398596498943,200.76855187118835,200.56052244151476,181.2479493611461,183.36581960948183,182.6702450579837,31413.827953375247,31889.560988482892,31676.267443316916,29275.129623328405,211.56901455969148,66.14546526200286,1321.350841163218,0.0011780581409971957,4.664229775482302,12614.285106005456
2024-10-13 07:45:27.907120,1.0,1.0,1.0,1.0,1.0,1.0,1.0,899182.0,0.07624719869830349,0.031871984154482245,0.04911139729519536,0.01783821402664203,0.027437548745241652,0.022199659060460605,-7.630139589309694e-05,7.630139589309694e-05,-0.00027977178494135546,-0.0,0.0,0.0,0.0,1.0,0.0,0.0,200.91046873135517,200.87167921959474,201.50411031745122,181.7802814798404,183.11080373953385,183.45589800120578,31395.450659291142,31757.617927897907,31967.0287162051,29315.192352116337,211.88342152156113,66.13759520219531,1321.1957038519693,0.0011764868280887762,4.697292997939949,12634.556229402326
2024-10-13 07:45:27.911110,1.0,1.0,1.0,1.0,1.0,1.0,1.0,899183.0,0.07590482068342229,0.03219721690590663,0.049375865536358574,0.01805444269744756,0.027508173183166423,0.021891621110694724,-0.00013034821798404061,5.722604691982271e-05,-0.0002734133352835974,-0.0,0.0,0.0,0.0,1.0,0.0,0.0,201.8437021215425,201.0122805380278,201.26353645891228,182.24142119948092,183.9867283761473,183.26201395675187,31612.514394412894,31904.643512165447,31778.14974955225,29366.6095164903,212.28313679053784,66.12876798523963,1321.0209167986786,0.0011753151869251443,4.730351846311904,12660.38219426593
2024-10-13 07:45:27.992275,1.0,1.0,1.0,1.0,1.0,1.0,1.0,899184.0,0.07573305123791363,0.03179015607555206,0.049375865536358574,0.0181615916660127,0.02768394604629166,0.02206816930126611,-0.00012398976832628253,6.994294623533886e-05,-0.0002861302345991135,-0.0,0.0,0.0,0.0,1.0,0.0,0.0,201.42515212951304,201.73411785132146,201.92324059364051,182.02004106818558,183.77549084934606,184.12039299515774,31382.309708256256,31930.153702890693,32034.539197430302,29376.904995788107,212.29148343495885,66.14912903455905,1321.4320896447443,0.0011719663350568666,4.763420984377685,12298.04860532973
2024-10-13 07:45:27.996275,1.0,1.0,1.0,1.0,1.0,1.0,1.0,899185.0,0.07590482068342229,0.03315377782566108,0.0503164427290474,0.018531734926591673,0.02768394604629166,0.022286887919318283,-0.0001208105434974035,8.265984555085502e-05,-0.00030202635874350875,-0.0,0.0,0.0,0.0,1.0,0.0,0.0,202.454401408187,201.44217656897231,202.2255147915501,182.74459758081775,184.0108414728784,183.60270562534035,31697.205441849765,31839.187447696273,31900.56754368148,29399.384037456843,212.65271857791964,66.08708368194628,1320.1967954255142,0.0011688200835479133,4.796459208925166,13777.177998775955
2024-10-13 07:45:28.078471,1.0,1.0,1.0,1.0,1.0,1.0,1.0,899186.0,0.07504204179719719,0.03283802036619844,0.05041986820864096,0.01837401516539352,0.02718891858094095,0.02233037457124348,-0.00010173519452412925,7.948062072197598e-05,-0.00030202635874350875,-0.0,0.0,0.0,0.0,1.0,0.0,0.0,202.3288758036953,202.64761711978457,202.23517882370277,182.11453541996323,184.52522680831268,184.02723469628182,31458.614321878136,32126.752279870445,31930.85488442515,29418.11284269111,212.8476120249068,66.06840310756722,1319.8282181718573,0.0011653406977159926,4.8294882097431895,13020.849261023874
2024-10-13 07:45:28.081434,1.0,1.0,1.0,1.0,1.0,1.0,1.0,899187.0,0.07406379830453785,0.03235860747555765,0.05016090466686863,0.018108096434446105,0.02711746269239568,0.02224331624925728,-0.00010809364418188734,8.265984555085502e-05,-0.000324280932545662,-0.0,0.0,0.0,0.0,1.0,0.0,0.0,202.81886721393957,202.259612983721,203.2988056391142,182.73750352827236,184.1217908232625,183.8724602916715,31647.445581894834,31856.0287194457,32024.180266338626,29414.043592279577,212.6916345795487,66.10740001485966,1320.6134157422823,0.0011606753211941742,4.862536860308688,11991.5917667939
2024-10-13 07:45:28.163575,1.0,1.0,1.0,1.0,1.0,1.0,1.0,899188.0,0.07514609829524826,0.03170811682633252,0.04974375892424917,0.018108096434446105,0.02679355304171941,0.021847261143915334,-0.00011127286901076637,0.00010491441935300828,-0.00030202635874350875,-0.0,0.0,0.0,0.0,1.0,0.0,0.0,203.5240888607308,203.22270813865913,202.82582248801663,182.2452761653589,184.81964595668248,183.76611788529593,31606.701598026808,32181.40947420196,31838.286900433013,29438.75502179843,212.93702620033807,66.08645190991987,1320.1997220856667,0.0011570572095589936,4.895575158096503,13067.628459602742
2024-10-13 07:45:28.246466,1.0,1.0,1.0,1.0,1.0,1.0,1.0,899189.0,0.07545740682477489,0.031871984154482245,0.050056944130934186,0.018479311243270825,0.026829736114304472,0.021624096343466504,-0.0001303482179840406,0.00010491441935300828,-0.0002861302345991135,-0.0,0.0,0.0,0.0,1.0,0.0,0.0,203.327033915274,203.4081177602946,204.05258869754064,182.5185842372514,183.97944150110752,184.3597643897565,31546.6316974949,31960.5813451558,32177.233599158084,29449.86695933191,213.2313230429704,66.01987322175074,1318.875247713531,0.001152847352774283,4.928580310612442,13890.801036141276
2024-10-13 07:45:28.249458,1.0,1.0,1.0,1.0,1.0,1.0,1.0,899190.0,0.07552641224095583,0.031543398222149986,0.050471501471744736,0.01894590304788124,0.02664832946254422,0.021624096343466504,-0.00016531969110171005,0.00012716899315516158,-0.00031156403323014586,-0.0,0.0,0.0,0.0,1.0,0.0,0.0,204.50616590917616,203.6704155068479,203.86645141419328,182.39517640257114,184.59547769520438,183.57617910853983,31720.40490970746,32095.2592874331,31866.078128106496,29440.852909652196,213.1649610256042,66.01987322175074,1318.882028322584,0.0011477120740151245,4.9615856328146615,12713.02245966171
2024-10-13 07:45:28.331139,1.0,1.0,1.0,1.0,1.0,1.0,1.0,899191.0,0.074833494728488,0.03219721690590663,0.04974375892424916,0.019098900711587104,0.02664832946254422,0.02166891317152994,-0.00019075348973274234,0.00014306511729955676,-0.0002988471339146297,-0.0,0.0,0.0,0.0,1.0,0.0,0.0,204.20760471098995,204.52178748873442,204.61089758375883,181.95511989506778,184.13874717264204,184.26320779732268,31491.503698754037,32134.253795147,32139.64828269609,29460.166139044624,213.20875098878406,66.04933905084964,1319.4761594707945,0.0011435553844342037,4.994605823283759,12191.769939861551
2024-10-13 07:45:28.334644,1.0,1.0,1.0,1.0,1.0,1.0,1.0,899192.0,0.07535378021581109,0.031871984154482245,0.05021280421998248,0.019301011109426145,0.026538890275460948,0.021624096343466504,-0.00018439504007498428,0.0001367066676417987,-0.00030520558357238775,-0.0,0.0,0.0,0.0,1.0,0.0,0.0,205.30172502820417,204.2936095981884,204.93144456788863,182.57597517509865,183.98747390193935,183.3114771267285,31812.563451035563,31978.779046847874,31960.933897672763,29448.332404485147,213.44447259547468,65.94956869740982,1317.4895402992279,0.0011386227981711398,5.027576298157039,14488.542170198061
2024-10-13 07:45:28.415883,1.0,1.0,1.0,1.0,1.0,1.0,1.0,899193.0,0.07535378021581109,0.03154339822214999,0.05041986820864095,0.019301011109426145,0.02646567940419046,0.02126216122037606,-0.00017485736558834716,0.00013988589247067773,-0.0002988471339146297,-0.0,0.0,0.0,0.0,1.0,0.0,0.0,205.246204604483,205.49335804361306,205.140076813094,181.42767786327713,183.71866203695708,183.15358266114396,31483.058389404297,32106.775029885885,31921.33287597256,29360.786601796288,212.53129297671157,66.03547118862788,1319.216833048923,0.0011301431615223173,5.060589998923551,11145.843941108235
2024-10-13 07:45:28.500043,1.0,1.0,1.0,1.0,1.0,1.0,1.0,899194.0,0.07535378021581109,0.032035013270089084,0.04995276723522182,0.01935120888239217,0.02657542007977932,0.021170710640734267,-0.00018439504007498428,0.00014624434212843582,-0.0002765925601124764,-0.0,0.0,0.0,0.0,1.0,0.0,0.0,205.87245818610097,205.11634587163482,206.04377636475272,181.6044734218395,182.94199498540755,182.33687191728256,31648.101358039235,31796.036783818065,31882.728150888615,29293.283410316064,212.04245935130405,66.03507829534207,1319.218104262648,0.0011232375901476755,5.093603731502475,12640.14216311697
2024-10-13 07:45:28.504041,1.0,1.0,1.0,1.0,1.0,1.0,1.0,899195.0,0.07507674332127026,0.03179015607555206,0.049375865536358574,0.019301011109426145,0.026611899740163612,0.020940336965168154,-0.00020029116421937945,0.00015260279178619387,-0.0002638756607969603,-0.0,0.0,0.0,0.0,1.0,0.0,0.0,206.31282039976713,206.22363823404393,205.64857844507952,180.4785412054102,183.14866061419133,181.7177569841259,31433.530077957294,32030.38130918811,31612.50116502628,29203.898412354432,211.41589754426573,66.02817842218104,1319.0904309095076,0.0011155370095886352,5.126614269026749,12598.689821467646
2024-10-13 07:45:28.585129,1.0,1.0,1.0,1.0,1.0,1.0,1.0,899196.0,0.07611043231250325,0.03211621748977285,0.04900521036599379,0.019550711154970875,0.026538890275460948,0.020754196943260868,-0.00023208341250816988,0.00014306511729955676,-0.0002765925601124764,-0.0,0.0,0.0,0.0,1.0,0.0,0.0,206.21527127893125,206.09942792535628,206.94858198012565,180.2088109501528,181.5969391068508,181.5248529057878,31341.056151874214,31644.259491507994,31832.273304143648,29112.754097366782,211.03916017497838,65.93911658553135,1317.3210273694344,0.0011080709121246836,5.159580526825702,14136.938725569837
2024-10-13 07:45:28.588129,1.0,1.0,1.0,1.0,1.0,1.0,1.0,899197.0,0.07726523039768154,0.03299627680272549,0.04921735512558287,0.01974819809806028,0.026392265450275895,0.02089395742436089,-0.00025433798631032317,0.00014624434212843582,-0.0002765925601124764,-0.0,0.0,0.0,0.0,1.0,0.0,0.0,207.33894813504529,206.51594856366432,206.35941608149315,179.34309800181492,181.56264863361875,180.07985658365948,31382.905628075077,31746.332568481186,31379.432510222177,29006.16745222597,209.86806098184218,66.06380661469177,1319.8220563649545,0.0011005087379852886,5.192609373443109,10290.62711189059
2024-10-13 07:45:28.670197,1.0,1.0,1.0,1.0,1.0,1.0,1.0,899198.0,0.07773574941624559,0.033388636330645795,0.049586424553571054,0.01974819809806028,0.02650231011985886,0.021353220143313936,-0.00027023411045471834,0.00013988589247067773,-0.00030202635874350875,-0.0,0.0,0.0,0.0,1.0,0.0,0.0,206.62935145337755,207.06382833341348,207.24897417434872,178.35939068209314,180.3329779033092,180.02808566060273,31030.399590220768,31571.325893784284,31575.094093351872,28893.366856710236,209.14095763583796,66.03521991237022,1319.2601420005105,0.0010935499637999726,5.225624158025968,12947.064889281684
2024-10-13 07:45:28.673197,1.0,1.0,1.0,1.0,1.0,1.0,1.0,899199.0,0.0771302691935169,0.03331053415039321,0.049586424553571054,0.01969901197411813,0.025947420126718565,0.021307739324598604,-0.0002638756607969603,0.00013352744281291964,-0.00031156403323014586,-0.0,0.0,0.0,0.0,1.0,0.0,0.0,207.81186205043494,206.592424034636,207.2090793243729,178.19154338600183,180.03928194157058,178.3319710604022,31308.79558363303,31434.824662034724,31211.47125926885,28817.441891767467,208.25763181730497,66.14069468520067,1321.374381620279,0.0010882196585519106,5.258691851935335,10529.384360544253
2024-10-13 07:45:28.755375,1.0,1.0,1.0,1.0,1.0,1.0,1.0,899200.0,0.07675790232199348,0.03299627680272549,0.0492702485907403,0.019451215795870915,0.025835012001953723,0.020986614009376788,-0.00020982883870601662,0.00012716899315516158,-0.0002638756607969603,-0.0,0.0,0.0,0.0,1.0,0.0,0.0,207.17501182739426,207.58496150748815,207.25695517715155,177.16569552384541,179.68960005756958,178.64741594472642,30992.98381477918,31627.29069042173,31373.004600208526,28828.561465581373,208.33955996796595,66.14012741900497,1321.3644283921751,0.0010871766082438809,5.291759296762909,12402.233466214948
2024-10-13 07:45:28.838067,1.0,1.0,1.0,1.0,1.0,1.0,1.0,899201.0,0.0773662967985003,0.03267899754122895,0.0499005972290978,0.01935120888239217,0.025759800744833576,0.021216485203668426,-0.00015578201661507293,0.00011127286901076638,-0.0002893094594279926,-0.0,0.0,0.0,0.0,1.0,0.0,0.0,207.7489558528156,206.78183361317525,207.7664284356786,177.9255170400589,179.36132496772575,177.99418718797526,31381.529985704616,31437.69047166574,31403.20673552739,28903.101516713294,209.0201843707827,66.09533511890757,1320.4671570602975,0.0010889916173841537,5.324804287171683,13239.251733741228
2024-10-13 07:45:28.842064,1.0,1.0,1.0,1.0,1.0,1.0,1.0,899202.0,0.07753444804402541,0.03283802036619844,0.049848372623236506,0.019501026929403496,0.025872535641194412,0.020940336965168154,-0.000162140466272831,0.0001208105434974035,-0.00027341333528359735,-0.0,0.0,0.0,0.0,1.0,0.0,0.0,207.5374570111291,207.6647656860342,207.158818689129,177.04611914158008,180.24466870287273,178.4725209364452,31251.383296574688,31944.775370229632,31454.54298165704,29044.57017752346,209.80508436793372,66.17070492105292,1321.966127081756,0.0010941181154332988,5.357886789645576,11174.808999502951
2024-10-13 07:45:28.923703,1.0,1.0,1.0,1.0,1.0,1.0,1.0,899203.0,0.07783620487415961,0.033388636330645795,0.04932308533363413,0.019600269437660415,0.025759800744833576,0.02089395742436089,-0.00016531969110171005,0.00012398976832628253,-0.00025433798631032317,-0.0,0.0,0.0,0.0,1.0,0.0,0.0,207.3336166638411,206.88846663135104,207.9243122032574,178.31596299978423,180.19121187247478,179.3443408620057,31588.939591069302,31862.61405033482,31899.727011268093,29276.714462252447,211.41611798252757,66.19195859557493,1322.3780292501287,0.0011037161404283489,5.390979600064752,12242.194392076746
2024-10-13 07:45:28.926706,1.0,1.0,1.0,1.0,1.0,1.0,1.0,899204.0,0.0776687069290722,0.03267899754122895,0.049375865536358574,0.019600269437660415,0.024956401418756297,0.021078863306785177,-0.00013352744281291964,9.855596969525022e-05,-0.0002829510097702345,-0.0,0.0,0.0,0.0,1.0,0.0,0.0,207.6677243996661,207.30402740776145,206.91774735792575,179.14442048885655,181.963268564391,179.92024405578576,31932.971110445753,32458.45221229577,31946.002875321457,29602.88031366771,214.28076931345294,66.03551488450105,1319.2349682446786,0.0011170727205829158,5.423993754668656,15576.60137308771
2024-10-13 07:45:29.009311,1.0,1.0,1.0,1.0,1.0,1.0,1.0,899205.0,0.07750084698153994,0.03227801306031101,0.049164404755088105,0.019098900711587104,0.024406113920105138,0.021398604296836984,-0.00014942356695731485,8.90182952086131e-05,-0.00029248868425687163,-0.0,0.0,0.0,0.0,1.0,0.0,0.0,206.81691302154744,206.9706025811384,207.62354390647798,180.29518665287657,182.26518848871868,181.74706224751844,32141.063062326357,32591.96920168499,32635.561354796297,29945.386693262873,216.33717803594982,66.16556172720745,1321.8133910129131,0.0011318905878947752,5.457072434887748,10649.636462773702
2024-10-13 07:45:29.091525,1.0,1.0,1.0,1.0,1.0,1.0,1.0,899206.0,0.0778696612285411,0.03227801306031101,0.04942858938003563,0.018739963202861063,0.024445830974727203,0.021216485203668426,-0.00013988589247067773,9.855596969525021e-05,-0.0002988471339146297,-0.0,0.0,0.0,0.0,1.0,0.0,0.0,207.55995244150873,206.4921095979979,206.68085865294555,181.46552449732573,183.52644638573386,181.66379254945247,32655.111838362245,32884.89964691075,32531.676252968886,30181.178742762997,217.54416570486947,66.31732625334949,1324.8299543277287,0.00114341969507924,5.490226605288684,10348.400060082577
2024-10-13 07:45:29.095524,1.0,1.0,1.0,1.0,1.0,1.0,1.0,899207.0,0.07672396117404968,0.03146071551579092,0.04995276723522182,0.018739963202861063,0.024564596844570415,0.021216485203668426,-0.00012716899315516156,0.00010173519452412927,-0.00031156403323014586,-0.0,0.0,0.0,0.0,1.0,0.0,0.0,206.2754874979182,206.82939819115336,206.77533776729825,181.11819238287413,183.62894932604146,182.8075286530021,32435.858011557288,33096.88150307454,32935.3095915854,30317.792208973337,218.9276884142803,66.19707320276598,1322.416509845993,0.0011518290277393961,5.523320378693508,15243.773633854302
2024-10-13 07:45:29.177644,1.0,1.0,1.0,1.0,1.0,1.0,1.0,899208.0,0.07611043231250325,0.03146071551579091,0.04974375892424917,0.018688123647942947,0.024839508966216593,0.021353220143313936,-0.00010491441935300828,0.00011763131866852446,-0.0003083848084012668,-0.0,0.0,0.0,0.0,1.0,0.0,0.0,206.72518209846166,205.65672852682496,206.66820873579408,181.716633660921,183.45017819764317,182.2233258729704,32789.08812325339,32931.485309840005,32871.063944434296,30364.74359759196,219.32059561828024,66.1811398367644,1322.0917148207686,0.0011567358300988324,5.556406024029083,13413.501104963245
2024-10-13 07:45:29.181645,1.0,1.0,1.0,1.0,1.0,1.0,1.0,899209.0,0.07706269995654944,0.03129469474997817,0.0499005972290978,0.019048038036167402,0.025111411613631566,0.021353220143313936,-0.0001208105434974035,0.00012716899315516158,-0.00030202635874350875,-0.0,0.0,0.0,0.0,1.0,0.0,0.0,206.0068232512614,206.20908325228163,205.76922309991534,180.8154071340718,183.64670068994076,182.3270490087101,32510.468275057276,33188.77489454133,32811.534652896524,30345.792803773656,219.1689782005444,66.1858077853284,1322.1806205649539,0.0011600184337061004,5.589493894251092,13115.842319318965
2024-10-13 07:45:29.263114,1.0,1.0,1.0,1.0,1.0,1.0,1.0,899210.0,0.07685963583559002,0.031211353204542464,0.04995276723522182,0.019098900711587104,0.02507274890923307,0.021579186437577745,-0.0001367066676417987,0.0001208105434974035,-0.0003179224828879039,-0.0,0.0,0.0,0.0,1.0,0.0,0.0,205.68330110649535,205.2294602487623,206.10302785226068,181.01499357936115,182.80864333641108,181.98379569099117,32572.55661933427,32854.55295591018,32868.75029214867,30282.031363401697,218.75232405003112,66.17261830459464,1321.9155497283505,0.0011612177384821498,5.622575131015232,13322.706323380653
2024-10-13 07:45:29.345741,1.0,1.0,1.0,1.0,1.0,1.0,1.0,899211.0,0.0765880461671053,0.031127788521240877,0.05088268139452947,0.019200221850765864,0.024917498197257262,0.021624096343466504,-0.00015578201661507293,0.00012398976832628253,-0.0003179224828879039,-0.0,0.0,0.0,0.0,1.0,0.0,0.0,205.57674655623765,205.34637773526708,205.07299178766067,180.2460414275127,182.89082249736853,181.3496962386317,32412.737230573843,32955.08030747252,32566.43806273997,30170.203493881232,217.6339296474723,66.26701687362346,1323.8019534686116,0.0011607463836734247,5.655703575461268,11349.721696098874
2024-10-13 07:45:29.349742,1.0,1.0,1.0,1.0,1.0,1.0,1.0,899212.0,0.07679182846832272,0.030959982508907836,0.05083146579886899,0.019048038036167402,0.024445830974727203,0.021624096343466504,-0.00012398976832628253,0.00012398976832628253,-0.0003083848084012668,-0.0,0.0,0.0,0.0,1.0,0.0,0.0,204.7961671465013,204.79904579113685,205.43189612038032,179.94511057835152,181.70019437833778,181.22366162748224,32199.682751416192,32586.544804209097,32642.903286472912,30010.625341514373,216.54933700462243,66.2464898228517,1323.3952413197064,0.0011582161873263193,5.688821841843436,13307.189385725978
2024-10-13 07:45:29.431162,1.0,1.0,1.0,1.0,1.0,1.0,1.0,899213.0,0.07709649197744844,0.030706554105680028,0.05199666316101998,0.018843214470258284,0.02436633212687883,0.022112086099532226,-0.0001367066676417987,0.0001208105434974035,-0.0003497147311766943,-0.0,0.0,0.0,0.0,1.0,0.0,0.0,205.13881135516812,204.4174546334939,204.59625634784996,179.11018708607173,181.32237726620136,179.94047840866295,32122.94460015117,32476.15248607062,32203.283700652817,29810.938126950514,215.36714425156313,66.16661584484889,1321.8055644278393,0.0011537181172439057,5.721900326200459,14274.859894044472
2024-10-13 07:45:29.435161,1.0,1.0,1.0,1.0,1.0,1.0,1.0,899214.0,0.07675790232199348,0.03079126200207882,0.052445563545461545,0.01914962829286367,0.024643456106314375,0.021802810922600106,-0.00018439504007498428,0.0001367066676417987,-0.0003306393822034201,-0.0,0.0,0.0,0.0,1.0,0.0,0.0,204.25643936306022,204.48748975010005,204.59331081614962,177.4982159247333,179.9313930485283,179.67002056145301,31571.333648637872,32208.239134785294,32129.6980240087,29523.11852964597,212.99372104954963,66.25743066866706,1323.6306384040295,0.0011455130043472699,5.755024483448108,11099.398649986362
2024-10-13 07:45:29.515789,1.0,1.0,1.0,1.0,1.0,1.0,1.0,899215.0,0.07780273413304022,0.031211353204542467,0.052445563545461545,0.019600269437660415,0.02468279125681748,0.021802810922600106,-0.00018121581524610522,0.00012716899315516158,-0.00032746015737454104,-0.0,0.0,0.0,0.0,1.0,0.0,0.0,204.52254660954378,203.6616219302825,204.39723101585335,176.9891554593754,178.80651976645345,178.06956973803224,31506.171296419263,31764.523246979643,31718.20480703505,29225.753642492597,210.98357466504183,66.21439098995745,1322.7825431927422,0.001136668769358196,5.78812741692054,13330.780439494722
2024-10-13 07:45:29.519785,1.0,1.0,1.0,1.0,1.0,1.0,1.0,899216.0,0.07699507142227968,0.03129469474997817,0.05269330022668048,0.01969901197411813,0.02468279125681748,0.022155915847396346,-0.00020029116421937945,0.0001367066676417987,-0.0003433562815189362,-0.0,0.0,0.0,0.0,1.0,0.0,0.0,204.05035250615148,204.0634521283863,203.91870542469152,175.8422178525473,178.61483956356383,177.82822462812942,31137.59931453672,31794.62409160251,31541.529260664924,29059.891798036002,209.91082726264122,66.17478299546538,1321.9971982444356,0.0011321999083659818,5.821210696957333,13202.561169482917
2024-10-13 07:45:29.601351,1.0,1.0,1.0,1.0,1.0,1.0,1.0,899217.0,0.07807009826855225,0.03219721690590663,0.052246528430687264,0.01964970273038926,0.024485483605775776,0.02206816930126611,-0.00017803659041722622,0.00013034821798404061,-0.00031156403323014586,-0.0,0.0,0.0,0.0,1.0,0.0,0.0,203.94999408113634,203.38837782642895,204.29639172401951,176.59406658093215,178.18486428260317,178.00824280128526,31236.35711361114,31520.03560465319,31632.756442128873,29033.87740129119,209.78582405638275,66.15497152866021,1321.600768686155,0.0011326902970549674,5.854284056254424,12848.762512083238
2024-10-13 07:45:29.686164,1.0,1.0,1.0,1.0,1.0,1.0,1.0,899218.0,0.07753444804402541,0.032035013270089084,0.052742707926448876,0.01964970273038926,0.024286573051581467,0.021802810922600106,-0.0001748573655883472,9.855596969525021e-05,-0.00029566790908575063,-0.0,0.0,0.0,0.0,1.0,0.0,0.0,204.1148988532821,203.6865138433753,203.5303388342712,176.79948419991055,179.30690804370028,178.28512008666675,31257.43920943149,31779.8623436604,31481.211256177663,29077.152496654046,209.97650019663217,66.19360325942989,1322.368706939777,0.0011355766832401293,5.887376633380667,11832.809344860845
2024-10-13 07:45:29.689167,1.0,1.0,1.0,1.0,1.0,1.0,1.0,899219.0,0.0782034375600193,0.032035013270089084,0.05318531183640052,0.01914962829286367,0.02436633212687883,0.021980072465344138,-0.000162140466272831,9.855596969525022e-05,-0.00027977178494135546,-0.0,0.0,0.0,0.0,1.0,0.0,0.0,203.53814789592522,203.52216923569026,204.1433012607109,177.4724497853341,179.21980556122395,179.5058893903126,31221.171890720332,31682.27962257864,31829.039453545745,29147.156730230214,210.74010749657626,66.11275718969445,1320.7492752462533,0.0011388638226922526,5.920428683861098,13993.569606160005
2024-10-13 07:45:29.770403,1.0,1.0,1.0,1.0,1.0,1.0,1.0,899220.0,0.07880067231721302,0.031871984154482245,0.053624262706872136,0.01914962829286367,0.024445830974727203,0.021758269893602942,-0.000162140466272831,0.00011763131866852444,-0.0002829510097702345,-0.0,0.0,0.0,0.0,1.0,0.0,0.0,204.2413142303496,203.2548303181407,203.7217067660571,178.22304932554118,180.06603350953955,179.3548198777384,31489.67028439269,31771.139240552362,31659.253949945396,29207.818766549954,211.21176097452872,66.10256779747161,1320.5425812029232,0.0011412376226680456,5.953475561776166,12588.840769138613
2024-10-13 07:45:29.774406,1.0,1.0,1.0,1.0,1.0,1.0,1.0,899221.0,0.0787345366175071,0.03219721690590663,0.05289065410184976,0.01914962829286367,0.024326485277441648,0.021534182871517486,-0.00019711193939050042,0.00011763131866852446,-0.00025751721113920217,-0.0,0.0,0.0,0.0,1.0,0.0,0.0,203.58658133297217,203.78713166600699,203.91827868408714,177.99275637897088,180.33707440246337,180.4378556568391,31243.308198065344,31897.099321209917,31874.67436242472,29237.654722941923,211.3888294342646,66.11472654696117,1320.7842493921405,0.0011421672794863812,5.986528487492539,12601.061413117757
2024-10-13 07:45:29.855933,1.0,1.0,1.0,1.0,1.0,1.0,1.0,899222.0,0.07827002202296263,0.032599195230312655,0.053087274311872046,0.019098900711587104,0.02436633212687883,0.021216485203668426,-0.00020982883870601657,0.00010809364418188733,-0.00027023411045471834,-0.0,0.0,0.0,0.0,1.0,0.0,0.0,204.22521426636538,203.20194940219557,204.06705398767892,178.939472985772,180.49797150862324,180.31237452446246,31526.597646297847,31758.71132028187,31821.02981434205,29265.534198937657,211.66312252505162,66.09203470013038,1320.3304499397336,0.0011425310702918557,6.019570056774582,13019.756896425719
2024-10-13 07:45:29.938606,1.0,1.0,1.0,1.0,1.0,1.0,1.0,899223.0,0.07763516397482845,0.03275860544857268,0.05199666316101998,0.01935120888239217,0.024643456106314375,0.021216485203668426,-0.0001716781407594681,0.00011127286901076638,-0.0002511587614814441,-0.0,0.0,0.0,0.0,1.0,0.0,0.0,203.97989543085137,204.03982055871884,203.71228260253875,178.68706050792798,181.22082207309938,180.8132492126159,31361.571175720288,32035.32892276144,31821.068244996823,29299.959165259992,212.02297383161886,66.05750539967984,1319.640013325684,0.001143015209835569,6.0525943477236,13251.278035190107
2024-10-13 07:45:29.942603,1.0,1.0,1.0,1.0,1.0,1.0,1.0,899224.0,0.07860209827880636,0.03291724369090571,0.05139203024062462,0.019048038036167402,0.024604058069758756,0.021124836890965972,-0.00015578201661507293,0.00010491441935300828,-0.000241621086994807,-0.0,0.0,0.0,0.0,1.0,0.0,0.0,204.06164161045896,203.41091051956164,204.5322985691646,179.62542136552676,180.960282998274,181.04595701436693,31555.04679926331,31778.704202901812,31993.11287570091,29333.304691392674,212.2742167460846,66.05443086052858,1319.5781881810494,0.0011433215076151494,6.085617091484337,12656.245864028917
2024-10-13 07:45:30.023323,1.0,1.0,1.0,1.0,1.0,1.0,1.0,899225.0,0.0782034375600193,0.032439001655304125,0.05118889889136944,0.01894590304788124,0.024839508966216593,0.02089395742436089,-0.0001462443421284358,0.00011445209383964543,-0.00023208341250816988,-0.0,0.0,0.0,0.0,1.0,0.0,0.0,204.573229069908,204.01788255023192,203.82015004542782,179.46111444589286,181.9963745826835,181.0547773695099,31570.481134112983,32103.5593782769,31788.903740629394,29374.82169091879,212.51968205330024,66.0715266727775,1319.9195564522497,0.0011434403587973422,6.118648378063566,12371.152019806748
2024-10-13 07:45:30.027326,1.0,1.0,1.0,1.0,1.0,1.0,1.0,899226.0,0.07876761140855532,0.03275860544857268,0.05159436185084285,0.019200221850765864,0.025034026493987453,0.020707400498272993,-0.00011763131866852444,9.855596969525021e-05,-0.00022572496285041177,-0.0,0.0,0.0,0.0,1.0,0.0,0.0,203.95754954250265,204.08796115902592,204.74045538658504,179.64341063198222,181.54064073964864,181.90215581845615,31441.139966414314,31960.77083898704,32123.357394255152,29392.368610349655,213.05058933639955,65.94620348918882,1317.4168918528276,0.001142732902884995,6.151617034892981,14920.651916334808
2024-10-13 07:45:30.108904,1.0,1.0,1.0,1.0,1.0,1.0,1.0,899227.0,0.07803672784673764,0.031871984154482245,0.051493295423040195,0.019501026929403496,0.025111411613631566,0.020660498058664857,-0.00014942356695731485,0.00011127286901076638,-0.00023844186216592797,-0.0,0.0,0.0,0.0,1.0,0.0,0.0,204.9848141823093,203.91197169175032,204.39723368302586,180.06893079456705,182.15675793797524,181.22980911013076,31706.938649702355,32009.64935429799,31841.501256049494,29399.433520273695,213.02432303660615,65.97008072009696,1317.8960323837957,0.0011411097286145495,6.184597682322969,12277.58041747668
2024-10-13 07:45:30.112901,1.0,1.0,1.0,1.0,1.0,1.0,1.0,899228.0,0.07876761140855532,0.031625864763461305,0.05118889889136944,0.01964970273038926,0.025034026493987453,0.02089395742436089,-0.00012716899315516156,0.00012716899315516156,-0.00025751721113920217,-0.0,0.0,0.0,0.0,1.0,0.0,0.0,204.39309144350517,204.67292278522766,204.7134195574405,179.66080539081906,182.0287907411657,181.90070994077317,31444.865933311055,32097.611091175735,32036.457888214936,29402.93233944356,213.13057608607193,65.94492847572299,1317.3957793824407,0.0011394281309837551,6.2175658108080185,13149.862782498865
2024-10-13 07:45:30.194680,1.0,1.0,1.0,1.0,1.0,1.0,1.0,899229.0,0.0791963267157769,0.031871984154482245,0.050984958244254856,0.019550711154970875,0.024761274097977876,0.020519147495467436,-0.0001398858924706777,0.00011127286901076638,-0.00026069643596808123,-0.0,0.0,0.0,0.0,1.0,0.0,0.0,205.101979862126,204.1532958292548,205.0352740772896,180.38219542663546,181.98350604698535,181.45365171057364,31728.316031394945,31935.47147243546,31966.756842544008,29416.378462262237,213.18124229877694,65.9593138718832,1317.6849866282616,0.001138043076310801,6.250541176770057,12455.31169179756
2024-10-13 07:45:30.277606,1.0,1.0,1.0,1.0,1.0,1.0,1.0,899230.0,0.07856895381253035,0.032278013060311,0.05041986820864095,0.01964970273038926,0.024485483605775776,0.020519147495467436,-0.00016849891593058908,0.00010809364418188733,-0.0002638756607969603,-0.0,0.0,0.0,0.0,1.0,0.0,0.0,204.9574643377187,205.11101474366717,204.76752695910406,179.89482170788122,182.42829068627842,181.82556071497237,31524.713880963267,32189.51545657179,31960.446681677997,29426.987804359833,213.5368697897721,65.87310699784223,1315.9649405687167,0.0011364268791640736,6.283473498188932,14253.812525251007
2024-10-13 07:45:30.281603,1.0,1.0,1.0,1.0,1.0,1.0,1.0,899231.0,0.07817012406007956,0.03219721690590663,0.050523081967037,0.01999231364647781,0.02452507212573485,0.020471813758848174,-0.00013034821798404061,0.00010809364418188734,-0.00027023411045471834,-0.0,0.0,0.0,0.0,1.0,0.0,0.0,205.22663427148083,204.62858542078425,205.57697835735377,180.58137312061143,181.92529509317717,181.61883589491373,31715.12527382907,31916.86820210149,32057.67023286886,29427.958381050168,213.39437722216948,65.91912312413449,1316.8870995800894,0.0011342405903856743,6.3164288968464355,11907.97776091425
2024-10-13 07:45:30.363595,1.0,1.0,1.0,1.0,1.0,1.0,1.0,899232.0,0.07863522877481022,0.03211621748977285,0.050523081967037,0.0198462046459215,0.024643456106314375,0.020940336965168154,-0.00012081054349740349,0.00011445209383964543,-0.0002734133352835974,-0.0,0.0,0.0,0.0,1.0,0.0,0.0,205.65693677429402,205.35692226403253,204.98709167445762,180.18150419196377,182.7416639056403,181.41600705153766,31686.219527217076,32224.208227400373,31855.385205632047,29449.1822984669,213.49651173405613,65.93502219100964,1317.2064203054713,0.0011329514005420501,6.349392286577592,12448.210988662137
2024-10-13 07:45:30.367591,1.0,1.0,1.0,1.0,1.0,1.0,1.0,899233.0,0.07893277747670618,0.032035013270089084,0.05093384549131161,0.0198462046459215,0.024485483605775776,0.021124836890965972,-0.0001367066676417987,0.00010173519452412927,-0.0002829510097702345,-0.0,0.0,0.0,0.0,1.0,0.0,0.0,205.25753339085668,205.31647762880905,206.04635478448728,180.37370076445026,182.03472453672163,181.91353954208415,31605.27987941583,31996.599531222095,32144.216065172484,29438.43797432418,213.63130938889137,65.86919878387086,1315.8950157410263,0.0011302399026259398,6.382322858111777,13897.475726307215
2024-10-13 07:45:30.447884,1.0,1.0,1.0,1.0,1.0,1.0,1.0,899234.0,0.07860209827880636,0.031871984154482245,0.05149329542304019,0.019895026871345974,0.024643456106314375,0.02126216122037606,-8.90182952086131e-05,0.00010809364418188734,-0.00030202635874350875,-0.0,0.0,0.0,0.0,1.0,0.0,0.0,206.35194515057813,205.3685274363305,205.57600136530286,180.37591005181804,182.50592463454637,181.14409828043532,31799.15864306198,32099.597777032137,31827.701966684122,29427.64753490822,213.4750284043392,65.8930659329919,1316.3756727205493,0.0011273158398788679,6.4152654581960045,12302.171091876757
2024-10-13 07:45:30.531742,1.0,1.0,1.0,1.0,1.0,1.0,1.0,899235.0,0.0786683453181923,0.03211621748977285,0.052096753076864476,0.0198462046459215,0.02452507212573485,0.021353220143313936,-5.404682209094369e-05,0.00010173519452412925,-0.00031474325805902487,-0.0,0.0,0.0,0.0,1.0,0.0,0.0,205.65275838730182,206.09828728041884,206.0860653901837,180.06280819354706,181.97896216486308,181.83798060881333,31519.16880453897,32090.574710144232,32090.73613113177,29415.49428161608,213.5623094180273,65.83877181943436,1315.2942570723278,0.0011248533921785668,6.448180995608107,13687.507861793147
2024-10-13 07:45:30.534741,1.0,1.0,1.0,1.0,1.0,1.0,1.0,899236.0,0.07823673687494542,0.031953602685443394,0.051137989978833114,0.019895026871345974,0.024286573051581467,0.02126216122037606,-8.265984555085502e-05,0.00010809364418188733,-0.00029566790908575063,-0.0,0.0,0.0,0.0,1.0,0.0,0.0,206.62635243690963,205.51923146497444,206.36285015863373,180.6433500552316,181.83695533485223,180.85673843759494,31843.171269135117,31889.566497528616,31894.638862636963,29387.224559250073,213.2511244733389,65.8712448337797,1315.9476829696916,0.0011212887426294814,6.4811128851516475,12133.79599008444
2024-10-13 07:45:30.616559,1.0,1.0,1.0,1.0,1.0,1.0,1.0,899237.0,0.07840302130669127,0.03235860747555765,0.051695230689754394,0.019600269437660415,0.023964882384012343,0.021078863306785177,-9.53767448663712e-05,9.855596969525021e-05,-0.0002638756607969603,-0.0,0.0,0.0,0.0,1.0,0.0,0.0,206.41133390184945,206.5628186582784,206.1043221327348,179.73799682481533,181.98053858551359,181.08907228932057,31566.170611624893,32137.04131092912,31887.95175985977,29371.893807624485,213.3315224039186,65.81189209194297,1314.7654977878135,0.0011186003047814923,6.514015190242604,13760.207327716806
2024-10-13 07:45:30.619559,1.0,1.0,1.0,1.0,1.0,1.0,1.0,899238.0,0.07893277747670618,0.03299627680272549,0.051239757223726694,0.019501026929403496,0.02376161423095312,0.021307739324598604,-0.00012716899315516158,8.583907037973405e-05,-0.0002734133352835974,-0.0,0.0,0.0,0.0,1.0,0.0,0.0,206.66712203680495,206.04737166197123,206.96175324949863,180.20465429855764,181.28323104661393,180.7322859099735,31704.634741770256,31814.659185698853,31953.99232026146,29329.27392161176,212.7050405907003,65.90969903967134,1316.72448634717,0.0011147786044147588,6.546966519467033,10947.476828816374
2024-10-13 07:45:30.701037,1.0,1.0,1.0,1.0,1.0,1.0,1.0,899239.0,0.07830329302213708,0.03267899754122895,0.0509338454913116,0.019600269437660415,0.023638814368941753,0.021534182871517486,-9.855596969525022e-05,8.265984555085502e-05,-0.0002765925601124764,-0.0,0.0,0.0,0.0,1.0,0.0,0.0,207.03372228941086,206.7965854636254,206.38743919152458,179.48016848145411,181.8705898522506,180.24694676412514,31614.084698688446,32089.882116238143,31705.768820610687,29305.141655385472,212.64861079296898,65.8727525290866,1315.9902061162259,0.001111874340501432,6.57989947316197,13321.807764057048
2024-10-13 07:45:30.785269,1.0,1.0,1.0,1.0,1.0,1.0,1.0,899240.0,0.07836979264603089,0.03267899754122895,0.05108703033490621,0.019301011109426145,0.023843129442004847,0.021802810922600106,-8.583907037973405e-05,6.994294623533886e-05,-0.0002861302345991135,-0.0,0.0,0.0,0.0,1.0,0.0,0.0,206.74800313987595,206.673845675865,207.33092561264993,179.43736705659128,181.01409009957158,180.32637692455418,31546.731098255277,31842.20260750925,31907.260450276583,29264.645613502817,212.25184315040187,65.90446111683235,1316.628285933273,0.0011083744397699443,6.6128483949492,12083.44386947972
2024-10-13 07:45:30.789269,1.0,1.0,1.0,1.0,1.0,1.0,1.0,899241.0,0.07896576923466789,0.03267899754122895,0.05129056512636666,0.018791659751293096,0.024086019882307075,0.021847261143915334,-6.676372140645982e-05,6.994294623533886e-05,-0.00029248868425687163,-0.0,0.0,0.0,0.0,1.0,0.0,0.0,207.5711722806073,206.84092337517546,206.74481149341415,179.19125306555858,181.47856086694375,179.49756346132096,31670.39041344895,31992.853860484425,31593.958082706507,29249.599461913967,212.09916567802293,65.91785808277059,1316.898627943262,0.0011063266879199945,6.64580408210661,12399.096796880762
2024-10-13 07:45:30.869646,1.0,1.0,1.0,1.0,1.0,1.0,1.0,899242.0,0.07906466190865327,0.03259919523031266,0.05164482089649761,0.019098900711587104,0.024326485277441648,0.02166891317152994,-6.994294623533886e-05,7.630139589309694e-05,-0.00029248868425687163,-0.0,0.0,0.0,0.0,1.0,0.0,0.0,206.87941330471196,207.23016588685766,207.50113171145748,178.611331230311,180.89856012869257,179.8431493782591,31410.113908924865,31916.75189096434,31817.90286515378,29210.013161566818,212.0933434891992,65.8302441305275,1315.1524435313809,0.001103170053789772,6.678716070602652,14179.74925120658
2024-10-13 07:45:30.873643,1.0,1.0,1.0,1.0,1.0,1.0,1.0,899243.0,0.07903171143341158,0.032519197084621136,0.05199666316101998,0.01935120888239217,0.02452507212573485,0.02144389239891845,-5.722604691982271e-05,0.00010173519452412925,-0.0002988471339146297,-0.0,0.0,0.0,0.0,1.0,0.0,0.0,207.8654114355096,206.6834529464985,207.28782924564055,179.06647814673843,180.94894327707792,178.94705002390407,31761.662516157,31866.403640572717,31611.73973155,29240.512824844456,211.99938832654968,65.92820804620519,1317.1091269700073,0.0011034987884676283,6.711677025545999,10904.164353037144
2024-10-13 07:45:30.955519,1.0,1.0,1.0,1.0,1.0,1.0,1.0,899244.0,0.07886675255718342,0.03283802036619844,0.051695230689754394,0.01935120888239217,0.024286573051581467,0.021170710640734267,-9.537674486637117e-05,9.855596969525021e-05,-0.0002893094594279926,-0.0,0.0,0.0,0.0,1.0,0.0,0.0,207.10243805051567,207.69460103263992,207.23519012827438,178.14098975895016,181.10105185850114,179.45158764300484,31412.455307159256,32115.307090768758,31728.733783214084,29245.02541269239,211.9790200662877,65.94468265657115,1317.438967447606,0.0011029590447743094,6.744646234822185,12339.909906832008
2024-10-13 07:45:30.959519,1.0,1.0,1.0,1.0,1.0,1.0,1.0,899245.0,0.07906466190865326,0.03275860544857268,0.051695230689754394,0.019301011109426145,0.024166440873625895,0.021307739324598604,-0.000162140466272831,0.00011763131866852446,-0.0002861302345991135,-0.0,0.0,0.0,0.0,1.0,0.0,0.0,207.60095938206166,206.7579098184359,207.8291754866613,179.03260929896837,180.71190891068127,178.94977628953762,31792.43848999285,31862.097114828615,31789.567683399182,29306.35316430992,212.36503772007893,65.96296720337973,1317.8019376931738,0.0011047155974104412,6.777624527511176,12336.813521853448
2024-10-13 07:45:31.040328,1.0,1.0,1.0,1.0,1.0,1.0,1.0,899246.0,0.0795245350293113,0.03267899754122895,0.052096753076864476,0.018997039181501363,0.024326485277441648,0.021124836890965972,-0.00012398976832628253,0.00011445209383964543,-0.0002861302345991135,-0.0,0.0,0.0,0.0,1.0,0.0,0.0,207.61845557075162,207.65347672445145,206.96451524689078,178.30290817998196,181.61791998297878,179.1315460754314,31653.14318039392,32300.7370677018,31670.26679310861,29365.49959189193,212.76929526828434,65.97064991504288,1317.952689701642,0.001106786579407948,6.810606592803407,12684.749694908724
2024-10-13 07:45:31.124766,1.0,1.0,1.0,1.0,1.0,1.0,1.0,899247.0,0.08001432328753572,0.033232248415491,0.05234614058676942,0.018997039181501363,0.02412626388678268,0.02126216122037606,-7.312217106421792e-05,0.00012081054349740349,-0.0002988471339146297,-0.0,0.0,0.0,0.0,1.0,0.0,0.0,207.16022700321557,207.09638014223083,207.90566310751475,178.98990819389815,180.9692829106712,179.72442107538873,31764.32042503353,32080.8724715938,32055.754468573294,29457.35914163156,212.9611674054113,66.11764065236224,1320.884283724517,0.001110542744900086,6.843662021901659,10115.624171318786
2024-10-13 07:45:31.128766,1.0,1.0,1.0,1.0,1.0,1.0,1.0,899248.0,0.07913052169675656,0.033544295152698266,0.052989055403854235,0.01894590304788124,0.024286573051581467,0.021124836890965972,-7.312217106421791e-05,0.00013352744281291964,-0.00027977178494135546,-0.0,0.0,0.0,0.0,1.0,0.0,0.0,207.78253032262765,207.18064034306747,207.0368294615076,179.2219948883755,181.9475969164475,179.41432944199212,32001.615271276063,32386.357418502746,31864.010858078793,29574.207289269376,214.00834882600762,66.05543248253866,1319.6348564714242,0.001115573030074889,6.876686183799229,13877.427265124577
2024-10-13 07:45:31.208773,1.0,1.0,1.0,1.0,1.0,1.0,1.0,899249.0,0.0791963267157769,0.033853465699005894,0.053087274311872046,0.019098900711587104,0.024564596844570415,0.020986614009376788,-7.948062072197598e-05,0.00014624434212843582,-0.0002988471339146297,-0.0,0.0,0.0,0.0,1.0,0.0,0.0,206.9838590150795,207.28743733995412,207.5758332215281,179.2809289373688,181.58219239383044,180.4400247211709,31885.694340240763,32381.70544410142,32259.06865944609,29665.73256393028,214.62539753150475,66.06962843404054,1319.913122760409,0.0011196112006887546,6.909717309373859,12565.20407455147
2024-10-13 07:45:31.212774,1.0,1.0,1.0,1.0,1.0,1.0,1.0,899250.0,0.07945900182079399,0.03431199853764593,0.05318531183640052,0.019098900711587104,0.024485483605775776,0.020847474702880044,-6.040527174870175e-05,0.00015578201661507293,-0.00030520558357238775,-0.0,0.0,0.0,0.0,1.0,0.0,0.0,207.67451898149213,206.71037757825562,207.11426750579545,179.86193019550925,181.91182056733308,180.02368147334656,32220.216397660013,32422.69946566308,32131.36544533932,29749.976384012938,215.0819157855092,66.11691371408754,1320.8518571420905,0.0011240823687628538,6.942771926989524,12013.212659038369
2024-10-13 07:45:31.294495,1.0,1.0,1.0,1.0,1.0,1.0,1.0,899251.0,0.07929493185052183,0.03431199853764594,0.05279206938594376,0.018997039181501363,0.024485483605775776,0.020847474702880044,-8.583907037973405e-05,0.00016531969110171005,-0.00029566790908575063,-0.0,0.0,0.0,0.0,1.0,0.0,0.0,206.84230647446591,207.22082745236608,207.09085856130775,179.43912606936203,181.90593720513897,180.59889158005092,32000.0798133358,32569.450636668156,32326.773367569283,29792.756747143914,215.57639033188312,66.06030798664051,1319.7172002024454,0.0011269698671903209,6.975798149557658,13879.051687391926
2024-10-13 07:45:31.378116,1.0,1.0,1.0,1.0,1.0,1.0,1.0,899252.0,0.07952453502931128,0.033621854320173124,0.05219665106520728,0.018739963202861063,0.024564596844570415,0.021032789233536103,-7.31221710642179e-05,0.00015260279178619387,-0.0002893094594279926,-0.0,0.0,0.0,0.0,1.0,0.0,0.0,207.24606527653376,206.25389248200466,207.16179454764955,180.06355494980545,181.35561660376655,180.25554113857012,32267.770506306588,32330.4395753574,32327.444009743765,29806.191456184228,215.415061337285,66.13974611789712,1321.3011222741445,0.0011292756409552302,7.008864010135255,11465.925126009808
2024-10-13 07:45:31.381120,1.0,1.0,1.0,1.0,1.0,1.0,1.0,899253.0,0.07926207710212554,0.033621854320173124,0.051846165991071586,0.0182149297886861,0.024166440873625895,0.021032789233536103,-7.630139589309694e-05,0.0001367066676417987,-0.00027977178494135546,-0.0,0.0,0.0,0.0,1.0,0.0,0.0,206.85756502930968,206.98771115613297,206.4274569531907,179.15395504423466,181.66359225490663,180.18591826677792,31995.68903900003,32572.58702682108,32190.01967893574,29753.951132184244,215.28584189312122,66.06341597174266,1319.777006484083,0.0011286980311524082,7.041891729369166,14205.669451510268
2024-10-13 07:45:31.462828,1.0,1.0,1.0,1.0,1.0,1.0,1.0,899254.0,0.0802743217738222,0.03385346569900589,0.051846165991071586,0.01805444269744756,0.024286573051581467,0.021307739324598604,-4.4509147604306555e-05,0.00013352744281291964,-0.0002829510097702345,-0.0,0.0,0.0,0.0,1.0,0.0,0.0,206.58012204239483,206.1620285202696,207.09089496045044,179.5885000294887,180.69268165480275,180.15091303695624,32085.46602742441,32226.09305550229,32378.56599271836,29734.929365286866,214.9975011557867,66.10978262324554,1320.7021380805618,0.0011295713925278123,7.074942600231323,12019.351301236386
2024-10-13 07:45:31.466828,1.0,1.0,1.0,1.0,1.0,1.0,1.0,899255.0,0.0804363940603082,0.03431199853764594,0.05174559137455608,0.01794665401649714,0.024166440873625895,0.021078863306785177,1.2716899315516153e-05,0.00012398976832628253,-0.0002765925601124764,-0.0,0.0,0.0,0.0,1.0,0.0,0.0,206.90649494154525,206.3436514347546,206.12974377963783,178.86410760108186,181.1992821607654,179.5375403861816,32009.75398969501,32412.831835870067,32031.752238039855,29660.54392130541,214.26849377386722,66.16868525252161,1321.880439833221,0.0011283775788442129,7.108022958362366,11750.45895946873
2024-10-13 07:45:31.548952,1.0,1.0,1.0,1.0,1.0,1.0,1.0,899256.0,0.08004686928167702,0.03468947962748154,0.05134132274900665,0.01826811217861732,0.02412626388678268,0.021891621110694724,3.179224828879035e-06,0.00014624434212843582,-0.0002765925601124764,-0.0,0.0,0.0,0.0,1.0,0.0,0.0,206.0386367448921,206.1775480516027,206.6650473091356,178.68443821704608,180.2793382381272,180.0048766657063,31816.577060418178,32208.687405311644,32299.62935917762,29621.608605938927,214.26375132507093,66.08331017240239,1320.1744306668377,0.0011287061569088114,7.141060623226683,14300.91946557428
2024-10-13 07:45:31.551952,1.0,1.0,1.0,1.0,1.0,1.0,1.0,899257.0,0.08004686928167702,0.034006996943349535,0.05118889889136944,0.018584010728398753,0.024406113920105138,0.022112086099532226,-5.404682209094367e-05,0.00014306511729955676,-0.00030520558357238775,-0.0,0.0,0.0,0.0,1.0,0.0,0.0,206.69955561710947,205.72503591183016,206.13561876109569,178.69765998058733,180.37800195857182,179.03904319835948,31952.323669278623,32131.056104921932,31955.07630357395,29529.49516563616,214.4177020085034,65.83035706944374,1315.1241931786503,0.0011263407007348343,7.173971904751235,17271.391630462378
2024-10-13 07:45:31.633305,1.0,1.0,1.0,1.0,1.0,1.0,1.0,899258.0,0.0808562616479892,0.03299627680272549,0.05083146579886899,0.018739963202861063,0.024445830974727203,0.02202416493185523,-3.8150697946548475e-05,0.00013988589247067773,-0.00031156403323014586,-0.0,0.0,0.0,0.0,1.0,0.0,0.0,205.92187169022375,206.15086887778236,206.12304158020808,177.7535057257485,179.79998673436688,179.32077612519547,31575.346764975708,32114.312378089835,32027.58507386425,29426.543092117434,213.3372621474575,65.93290428775289,1317.1763087444233,0.0011237006974300302,7.206934540933739,10907.693057878842
2024-10-13 07:45:31.716527,1.0,1.0,1.0,1.0,1.0,1.0,1.0,899259.0,0.08130600197148179,0.03283802036619844,0.05129056512636666,0.018479311243270825,0.02436633212687883,0.02202416493185523,-2.543379863103232e-05,0.00014624434212843582,-0.00030520558357238775,-0.0,0.0,0.0,0.0,1.0,0.0,0.0,206.29937313290512,205.3269327006705,206.19200906325673,178.05963624553794,179.41679216867908,178.61035380144216,31739.14318092669,31859.30339736921,31877.95559449053,29349.897196467486,212.66398945626713,65.96926120512586,1317.904708737919,0.0011221251667457453,7.239915405491459,12033.65069975926
2024-10-13 07:45:31.720523,1.0,1.0,1.0,1.0,1.0,1.0,1.0,899260.0,0.08092066330029249,0.032439001655304125,0.051239757223726694,0.01894590304788124,0.024800422381866246,0.02206816930126611,-4.132992277542752e-05,0.00014306511729955676,-0.0002988471339146297,-0.0,0.0,0.0,0.0,1.0,0.0,0.0,205.95981642115407,205.979912492145,205.64117535762995,177.28257855650685,179.72907188656484,178.7729663242062,31474.00710478917,32063.611834106854,31787.50405546369,29301.538987334705,212.50024938119802,65.91125007076052,1316.747095670985,0.0011211331469505174,7.2728673005193505,13689.061488660365
2024-10-13 07:45:31.802778,1.0,1.0,1.0,1.0,1.0,1.0,1.0,899261.0,0.08024186803415993,0.03179015607555206,0.051493295423040195,0.019550711154970875,0.024956401418756297,0.022112086099532226,-9.537674486637129e-06,0.00013352744281291964,-0.0003083848084012668,-0.0,0.0,0.0,0.0,1.0,0.0,0.0,205.84533096782235,205.2887989300484,206.26389197416196,177.69271348121111,179.0328394561441,179.00983219860166,31521.593147954343,31762.90755227832,31939.64057369219,29269.253891072432,212.36609113441014,65.88018238683424,1316.1271874880028,0.0011205647853343114,7.305803682204217,13202.332292463223
2024-10-13 07:45:31.805781,1.0,1.0,1.0,1.0,1.0,1.0,1.0,899262.0,0.08004686928167702,0.03275860544857268,0.05129056512636666,0.019301011109426145,0.024995244090384144,0.021847261143915334,-1.9075348973274238e-05,0.00014624434212843582,-0.00030520558357238775,-0.0,0.0,0.0,0.0,1.0,0.0,0.0,206.16847574925742,205.6291724808361,205.40420221935034,177.58181059398717,179.81252752409432,178.76702747263909,31544.514739816528,32002.23165143061,31704.73356530238,29279.20405500794,212.15356818964676,65.96866960937183,1317.8934754428105,0.001121681514414023,7.338784265646176,11083.843392439225
2024-10-13 07:45:31.887249,1.0,1.0,1.0,1.0,1.0,1.0,1.0,899263.0,0.08046876934600648,0.03259919523031266,0.05088268139452947,0.019600269437660415,0.025342149186916324,0.021758269893602942,-7.630139589309694e-05,0.00016531969110171005,-0.0003083848084012668,-0.0,0.0,0.0,0.0,1.0,0.0,0.0,205.4192137010084,205.51949740766383,206.16202303354086,177.87909058297018,179.40572859524738,179.78675605206448,31445.019288254443,31883.748677845353,32083.032176439163,29332.190921463927,212.75221288039876,65.90225524499122,1316.5634651679727,0.0011241191415556585,7.371731565279037,13857.948406265903
2024-10-13 07:45:31.970745,1.0,1.0,1.0,1.0,1.0,1.0,1.0,899264.0,0.07955728139060413,0.03235860747555765,0.05093384549131161,0.01964970273038926,0.025797433782787597,0.02206816930126611,-0.00012398976832628253,0.00018439504007498428,-0.0002988471339146297,-0.0,0.0,0.0,0.0,1.0,0.0,0.0,206.2498174074569,205.14608487815224,205.61515741441875,178.29388415060458,180.0187675124391,179.25449462516065,31690.903443037943,31931.38125301983,31811.80921709344,29339.65867330033,213.0226625568433,65.83538570011376,1315.2267417290543,0.0011247540038473935,7.404645413104346,13878.082655750555
2024-10-13 07:45:31.973748,1.0,1.0,1.0,1.0,1.0,1.0,1.0,899265.0,0.07843623589039121,0.03179015607555206,0.05108703033490621,0.01964970273038926,0.026207830867489117,0.022373776700767792,-0.00014306511729955676,0.0001716781407594681,-0.00030202635874350875,-0.0,0.0,0.0,0.0,1.0,0.0,0.0,205.49390362235573,205.7778799523217,205.68468554515047,178.03155229726883,179.93704550462826,180.1057489548779,31445.94415478318,32043.037264979863,32039.50715322534,29370.85363515337,213.54638611778515,65.74384420529037,1313.3961076592266,0.0011261711757810844,7.437513448896423,14345.372133814139
2024-10-13 07:45:32.055338,1.0,1.0,1.0,1.0,1.0,1.0,1.0,899266.0,0.07903171143341159,0.03179015607555206,0.051239757223726694,0.01969901197411813,0.026096544458751023,0.021891621110694724,-0.00013034821798404061,0.00016531969110171005,-0.000324280932545662,-0.0,0.0,0.0,0.0,1.0,0.0,0.0,206.02305521218398,204.9785875942828,205.96397174898408,178.89289326654773,180.0149208635901,179.7185381755691,31746.613136950924,31852.969280331312,31975.411293023222,29385.636876941408,213.49329063076675,65.79333020727344,1314.3839839793231,0.0011267252785921499,7.470406206517702,11850.644107099168
2024-10-13 07:45:32.059334,1.0,1.0,1.0,1.0,1.0,1.0,1.0,899267.0,0.07903171143341158,0.032035013270089084,0.051137989978833114,0.019098900711587104,0.026059343378600053,0.02193589137049136,-0.00010173519452412925,0.00016531969110171005,-0.00030202635874350875,-0.0,0.0,0.0,0.0,1.0,0.0,0.0,205.75058512830262,205.7277362708481,205.4406535170444,178.18399690309448,180.69460337630653,179.9698904099312,31540.857543615177,32162.25213119313,31911.338509010067,29398.82560273743,213.283815246815,65.88755207084996,1316.2653932341739,0.0011274118829212457,7.503346046832745,11052.763028811083
2024-10-13 07:45:32.141243,1.0,1.0,1.0,1.0,1.0,1.0,1.0,899268.0,0.07813679635698292,0.032519197084621136,0.05108703033490621,0.018997039181501363,0.026170787978491077,0.021891621110694724,-0.00013034821798404061,0.00016531969110171005,-0.00030202635874350875,-0.0,0.0,0.0,0.0,1.0,0.0,0.0,205.670800184059,205.1493448792795,206.09874820678615,178.7993081412773,180.27616443010004,180.17351240764023,31670.96587460274,31941.203442865164,32089.713512539867,29427.453855684886,213.49174682132326,65.88755207084996,1316.263924992098,0.0011285260858546736,7.536285850404697,12728.004873107766
2024-10-13 07:45:32.145240,1.0,1.0,1.0,1.0,1.0,1.0,1.0,899269.0,0.07699507142227968,0.03315377782566108,0.050677508456461864,0.019098900711587104,0.026538890275460948,0.022155915847396346,-0.0001367066676417987,0.000162140466272831,-0.0002988471339146297,-0.0,0.0,0.0,0.0,1.0,0.0,0.0,205.99390282145433,205.5630039794617,205.37475757676933,178.50763240502562,181.02908284218321,179.98313568706712,31646.387704282384,32178.905609565565,31865.35902147126,29423.326457453324,213.24999218804737,65.95298209607618,1317.571306763982,0.0011283304486318683,7.569258371502323,11559.898231108504
2024-10-13 07:45:32.226232,1.0,1.0,1.0,1.0,1.0,1.0,1.0,899270.0,0.0773999562722696,0.03283802036619844,0.050626085299173146,0.018894628520718087,0.026281760015388615,0.02193589137049136,-0.00012398976832628253,0.00015578201661507293,-0.0002829510097702345,-0.0,0.0,0.0,0.0,1.0,0.0,0.0,205.41079554909976,205.38363528884813,206.151714994065,178.6597644752558,180.5135455027317,180.49688776357777,31566.839167899867,32003.166883479164,32134.360612348835,29427.619472902003,213.39988227516284,65.91628117059506,1316.8379624035374,0.0011284473137323913,7.602212540490827,13372.546820671669
2024-10-13 07:45:32.309105,1.0,1.0,1.0,1.0,1.0,1.0,1.0,899271.0,0.07803672784673765,0.033544295152698266,0.050677508456461864,0.01894590304788124,0.026170787978491077,0.021847261143915334,-0.00014306511729955676,0.00016531969110171005,-0.0002829510097702345,-0.0,0.0,0.0,0.0,1.0,0.0,0.0,206.17866341351979,205.20452925115757,205.5336459616156,178.9517741571536,181.08283401298135,179.86105552602382,31798.629252231796,32104.308359139537,31871.389592924606,29450.83173911885,213.49837067962153,65.93791026300373,1317.268727024298,0.0011294551418413374,7.635177489461768,12349.946189921448
2024-10-13 07:45:32.313106,1.0,1.0,1.0,1.0,1.0,1.0,1.0,899272.0,0.07753444804402541,0.033075121065200774,0.0505746098559697,0.01935120888239217,0.026059343378600053,0.02233037457124348,-0.00013988589247067773,0.00014624434212843582,-0.00030520558357238775,-0.0,0.0,0.0,0.0,1.0,0.0,0.0,205.30839059351865,205.815609159405,205.8849727184262,178.4074654771983,180.9195377157796,180.69868851506527,31476.538847894593,32175.571769009865,32113.06999220227,29447.016512352355,213.71425443913233,65.86273784882962,1315.7676120993613,0.0011289728652371885,7.668104872690894,14070.777897162125
2024-10-13 07:45:32.395400,1.0,1.0,1.0,1.0,1.0,1.0,1.0,899273.0,0.0776687069290722,0.03369923498482647,0.05118889889136944,0.019600269437660415,0.025910004937642474,0.022373776700767792,-9.537674486637117e-05,0.00012716899315516158,-0.0003179224828879039,-0.0,0.0,0.0,0.0,1.0,0.0,0.0,206.03671969765048,204.97067485345005,205.94621027151123,179.0845408007357,180.74356848890957,179.9930345964135,31783.539505701578,31955.599127766094,31959.231401001725,29425.404014910742,213.38266496257714,65.91662982022422,1316.845068629305,0.0011283402832003699,7.7010592195143115,11769.955948587838
2024-10-13 07:45:32.399397,1.0,1.0,1.0,1.0,1.0,1.0,1.0,899274.0,0.07753444804402541,0.03299627680272549,0.05134132274900665,0.019600269437660415,0.02557080478973271,0.021891621110694724,-8.583907037973405e-05,0.00012081054349740349,-0.00031156403323014586,-0.0,0.0,0.0,0.0,1.0,0.0,0.0,205.70005069639163,205.87762462781845,205.39134696411355,178.4913469654725,181.21824277606746,180.32464910919452,31570.32520514554,32260.95739980954,31947.076767921528,29451.661493607902,213.8794660280059,65.82226473996269,1314.958634232747,0.0011292991606866797,7.733966357888653,14421.157597363768
2024-10-13 07:45:32.479265,1.0,1.0,1.0,1.0,1.0,1.0,1.0,899275.0,0.07773574941624559,0.03267899754122895,0.05113798997883311,0.01964970273038926,0.02526547079878701,0.021758269893602942,-7.630139589309694e-05,0.00013352744281291964,-0.00030202635874350875,-0.0,0.0,0.0,0.0,1.0,0.0,0.0,205.6270141201672,205.1700883509963,206.16241222817996,179.05835379520346,180.70055537105821,180.2398211138867,31690.38072151496,31956.889573812077,32065.192076558928,29429.850164513784,213.12985528207844,66.00480061595044,1318.6062896548276,0.0011284956929488927,7.766964779668108,9491.936857489454
2024-10-13 07:45:32.563137,1.0,1.0,1.0,1.0,1.0,1.0,1.0,899276.0,0.07709649197744844,0.032035013270089084,0.05103601980762234,0.019301011109426145,0.02526547079878701,0.02202416493185523,-0.00011127286901076638,0.00011763131866852444,-0.0002988471339146297,-0.0,0.0,0.0,0.0,1.0,0.0,0.0,205.96155661455325,205.57948373791558,205.3432933543603,178.6285707152807,181.26611503644153,180.01765124059136,31652.392343042706,32198.787226856635,31847.473623949412,29425.866182229907,213.10102938788745,66.00480061595044,1318.6061290594748,0.001128617347246217,7.799963197428627,12708.142815578749
2024-10-13 07:45:32.566137,1.0,1.0,1.0,1.0,1.0,1.0,1.0,899277.0,0.07702889311133554,0.03154339822214999,0.050984958244254856,0.019451215795870915,0.025188558989287076,0.021891621110694724,-0.00010491441935300831,0.00011445209383964543,-0.0003083848084012668,-0.0,0.0,0.0,0.0,1.0,0.0,0.0,205.39840322780174,205.44915521470978,206.0422653954209,178.96054663205305,180.48444429548553,180.6958925633051,31581.1039392338,31996.328887450014,32166.081329395245,29440.490638092946,213.24406830171478,65.99334445910404,1318.376538982627,0.0011291670483355185,7.832955869645347,12716.967777711125
2024-10-13 07:45:32.647863,1.0,1.0,1.0,1.0,1.0,1.0,1.0,899278.0,0.07726523039768154,0.031211353204542467,0.05118889889136944,0.019501026929403496,0.025034026493987453,0.022286887919318283,-9.219752003749215e-05,0.0001208105434974035,-0.0003179224828879039,-0.0,0.0,0.0,0.0,1.0,0.0,0.0,206.0991569505018,205.3339719765828,205.43420735282785,179.11323993461772,181.074537871414,179.98343324031197,31754.785736898746,32083.40480855613,31860.63535712704,29425.74679974656,213.4318929854697,65.90221662027821,1316.5566753425235,0.0011286851484925398,7.865902999361285,14337.102552087408
2024-10-13 07:45:32.651864,1.0,1.0,1.0,1.0,1.0,1.0,1.0,899279.0,0.07675790232199348,0.030875737502386418,0.05134132274900665,0.019501026929403496,0.024761274097977876,0.022675265630247764,-0.00010173519452412927,0.00013034821798404061,-0.0003433562815189362,-0.0,0.0,0.0,0.0,1.0,0.0,0.0,205.32867726282754,205.67911844848956,205.8069621362327,178.7370691206495,180.83212283213007,180.55272450101288,31531.35695761214,32101.290363390734,32080.610589243497,29430.959704782188,213.39826079481318,65.9243056406924,1316.9974392973102,0.0011290778887014783,7.898861159295263,12333.888146860194
2024-10-13 07:45:32.733462,1.0,1.0,1.0,1.0,1.0,1.0,1.0,899280.0,0.07753444804402541,0.03104399889813629,0.05179590309414578,0.01935120888239217,0.024643456106314375,0.022803254975850316,-0.00013988589247067773,0.00014306511729955676,-0.0003433562815189362,-0.0,0.0,0.0,0.0,1.0,0.0,0.0,206.06975038360454,204.99905546330328,205.69988526346472,179.34772381054967,180.76802626762287,180.06913832889765,31799.823272199483,31955.47799921391,31935.093620760937,29423.597891419067,213.44148577946558,65.89446089137215,1316.4013633618003,0.001128967780839224,7.931804402293621,13252.586814944327
2024-10-13 07:45:32.816571,1.0,1.0,1.0,1.0,1.0,1.0,1.0,899281.0,0.07783620487415963,0.030621611884573404,0.0518963802071913,0.018894628520718087,0.024604058069758756,0.02297279823941287,-0.00015896124144395196,0.0001367066676417987,-0.0003560731808344524,-0.0,0.0,0.0,0.0,1.0,0.0,0.0,205.4950979729426,205.86485475531677,205.39812559147603,178.73407321408624,180.95384969921247,180.49001799899025,31517.916440408666,32162.524652465687,31980.493284139277,29413.87987196142,213.43369239334885,65.8750805314007,1316.0146342330013,0.0011286334551831652,7.964737967307727,13065.757085380292
2024-10-13 07:45:32.820569,1.0,1.0,1.0,1.0,1.0,1.0,1.0,899282.0,0.07813679635698292,0.03070655410568003,0.052989055403854235,0.018688123647942947,0.024564596844570415,0.022675265630247764,-0.00015260279178619387,0.00015578201661507293,-0.0003401770566900572,-0.0,0.0,0.0,0.0,1.0,0.0,0.0,205.68898567379307,204.97590794599955,205.95700892926135,179.42294428586212,180.50767287530456,180.17808943132653,31752.754046825095,31877.90336911444,32038.357413013255,29417.570935221698,213.28838690217864,65.92827332201821,1317.0764417410985,0.0011292762757433746,7.997698104295798,11778.127836400557
2024-10-13 07:45:32.901914,1.0,1.0,1.0,1.0,1.0,1.0,1.0,899283.0,0.07803672784673762,0.030451016619125068,0.052246528430687264,0.01826811217861732,0.024604058069758756,0.022286887919318283,-0.0001843950400749843,0.0001716781407594681,-0.00031156403323014586,-0.0,0.0,0.0,0.0,1.0,0.0,0.0,205.90249597943546,205.64898082720714,205.0676168683911,178.78642708993263,181.42661022290486,179.97084367195654,31648.424089276305,32219.276435617878,31784.372944409395,29411.870733607826,213.65536322132073,65.80226789256147,1314.5594500198572,0.0011290703793056737,8.03059525299458,14964.910570303588
2024-10-13 07:45:32.905914,1.0,1.0,1.0,1.0,1.0,1.0,1.0,899284.0,0.07823673687494542,0.030451016619125065,0.051946545883677045,0.01805444269744756,0.02507274890923307,0.022373776700767792,-0.00015578201661507293,0.00016849891593058908,-0.0003179224828879039,-0.0,0.0,0.0,0.0,1.0,0.0,0.0,205.30051656666947,205.29355585855657,205.97400066034908,179.1990399830204,180.62503668064988,180.56031457953304,31607.25366141053,31947.336742951404,32111.786304334597,29416.74781835682,213.50522756302624,65.85948398899919,1315.7019746311796,0.0011294539971285075,8.063520993631162,11717.922810068378
2024-10-13 07:45:32.987187,1.0,1.0,1.0,1.0,1.0,1.0,1.0,899285.0,0.07856895381253035,0.030791262002078823,0.05234614058676942,0.018321140191983925,0.02564657030330141,0.02224331624925728,-0.00018121581524610528,0.00014306511729955676,-0.00031474325805902487,-0.0,0.0,0.0,0.0,1.0,0.0,0.0,206.04795525102705,205.20454780177536,205.32008794274415,179.39707337568103,181.57136419810024,180.06265273255084,31819.765757659126,32136.92590926685,31837.831787413717,29458.604783921557,213.98978159365248,65.8039585882224,1314.5905939157453,0.0011310701366900131,8.09641892171301,13740.28299775181
2024-10-13 07:45:32.991186,1.0,1.0,1.0,1.0,1.0,1.0,1.0,899286.0,0.07850262289837398,0.030791262002078823,0.05328316897864073,0.018479311243270825,0.025835012001953723,0.02193589137049136,-0.00018121581524610522,0.00015578201661507293,-0.00029248868425687163,-0.0,0.0,0.0,0.0,1.0,0.0,0.0,205.27193268810748,205.61702475600194,205.71786615694447,179.13143976681383,181.24193812764574,180.83553307219475,31573.351254568915,32133.50328313226,32089.837127824107,29458.892035890854,213.37124095526877,65.99535359898539,1318.4143086571078,0.0011309609246662787,8.12941253912441,9352.501754884073
2024-10-13 07:45:33.072380,1.0,1.0,1.0,1.0,1.0,1.0,1.0,899287.0,0.07836979264603089,0.03087573750238642,0.05284138473475037,0.01837401516539352,0.025797433782787597,0.02193589137049136,-0.0002034703890482585,0.00016849891593058908,-0.0002829510097702345,-0.0,0.0,0.0,0.0,1.0,0.0,0.0,205.96052248158176,204.9811629920326,205.57052847910217,179.64313129002792,181.41417294687255,180.2118379510315,31851.8091377743,32046.745424540004,31914.216237035613,29464.814206961317,213.6393533571323,65.92581979400666,1317.0244399166472,0.0011315414568584408,8.162371374755018,13970.631510740977
2024-10-13 07:45:33.156138,1.0,1.0,1.0,1.0,1.0,1.0,1.0,899288.0,0.07830329302213708,0.03137781493555469,0.05279206938594377,0.01805444269744756,0.025984781442148438,0.02126216122037606,-0.00019393271456162142,0.00014624434212843582,-0.00022890418767929085,-0.0,0.0,0.0,0.0,1.0,0.0,0.0,205.4253452146064,205.69084804440737,205.4497769377935,179.06858042906185,181.49489648642108,180.84910224862193,31590.028008580386,32226.07148205428,32036.068663835413,29477.38931866266,213.7305931483039,65.92581979400666,1317.0240582977474,0.001131830887388825,8.195330200835528,12745.56426543299
2024-10-13 07:45:33.159139,1.0,1.0,1.0,1.0,1.0,1.0,1.0,899289.0,0.07939341451962957,0.03079126200207882,0.05259434558493783,0.018584010728398753,0.025759800744833576,0.020707400498272993,-0.00019711193939050045,0.00013034821798404061,-0.00020982883870601662,-0.0,0.0,0.0,0.0,1.0,0.0,0.0,205.76860723434868,204.93181088846916,205.87819891346058,179.85039041240708,181.03151064816387,180.54550816288867,31821.94700306094,31939.87558871414,32051.69238050332,29464.4313657964,213.86092590923923,65.85664424050714,1315.642830214397,0.0011312864578280938,8.228254461369652,13973.793466940479
2024-10-13 07:45:33.240686,1.0,1.0,1.0,1.0,1.0,1.0,1.0,899290.0,0.07836979264603089,0.030875737502386418,0.05269330022668048,0.018791659751293096,0.025722112647481858,0.020800888109007293,-0.0001367066676417987,0.0001208105434974035,-0.0002034703890482585,-0.0,0.0,0.0,0.0,1.0,0.0,0.0,205.6837025883421,205.69378317170418,205.16251616020008,179.2052492173146,181.8042386785849,180.4581813380928,31681.033170589984,32275.54383320428,31899.29811562541,29478.736205947658,213.81291717685636,65.90345752813391,1316.5771213152225,0.0011319810093566034,8.261202102750698,11923.975051023423
2024-10-13 07:45:33.243683,1.0,1.0,1.0,1.0,1.0,1.0,1.0,899291.0,0.07803672784673764,0.031871984154482245,0.052246528430687264,0.01894590304788124,0.025608715566353565,0.020566372293249237,-0.00011445209383964543,0.00012398976832628253,-0.00019075348973274234,-0.0,0.0,0.0,0.0,1.0,0.0,0.0,205.3524730692116,205.1877573276087,206.0619130233073,179.5479296534254,181.13641575544912,180.8971127101903,31682.33185752735,32005.507818522357,32153.131076482794,29473.228251797547,213.86147620677957,65.87615378313235,1316.0322415282883,0.0011315430916524042,8.294136108391365,13233.900213370503
2024-10-13 07:45:33.326357,1.0,1.0,1.0,1.0,1.0,1.0,1.0,899292.0,0.07763516397482845,0.031625864763461305,0.05134132274900665,0.01894590304788124,0.025872535641194412,0.021032789233536103,-0.00010809364418188734,0.00013670666764179867,-0.00020664961387713754,-0.0,0.0,0.0,0.0,1.0,0.0,0.0,206.10159560543718,205.3565251032186,205.25177785619024,179.50760042901985,181.8473552475838,180.40878707090346,31802.998726997583,32203.720372086864,31855.123039511083,29479.230911533898,213.64586443381094,65.95605561205342,1317.628683490355,0.0011313811422347633,8.327110065354596,11330.81301595447
2024-10-13 07:45:33.409390,1.0,1.0,1.0,1.0,1.0,1.0,1.0,899293.0,0.07823673687494544,0.03146071551579092,0.051644820896497606,0.01914962829286367,0.025872535641194412,0.021398604296836984,-3.497147311766944e-05,0.00011763131866852444,-0.00020029116421937945,-0.0,0.0,0.0,0.0,1.0,0.0,0.0,205.20532901889254,205.5975037743836,205.87968775481812,179.43966941200983,181.33862611494135,181.2858201536736,31597.8468277451,32138.03749201251,32203.933129453824,29505.009385454807,213.83292583326062,65.95605561205342,1317.6272282771558,0.001132484310992734,8.360083985900784,12753.776904554816
2024-10-13 07:45:33.413903,1.0,1.0,1.0,1.0,1.0,1.0,1.0,899294.0,0.07820343756001931,0.03170811682633252,0.05179590309414578,0.019301011109426145,0.025532837723818223,0.021579186437577745,-4.4509147604306575e-05,0.00011445209383964543,-0.0001939327145616214,-0.0,0.0,0.0,0.0,1.0,0.0,0.0,206.09503128686993,205.0130513040374,205.6910056776259,179.86306120075898,181.59977699287657,180.43429382135312,31890.596611404686,32064.452464373928,31946.950791045165,29491.829214367273,213.85122034165215,65.92089018162669,1316.9259617381683,0.001131539554650321,8.393040357092618,13374.026280051557
2024-10-13 07:45:33.495540,1.0,1.0,1.0,1.0,1.0,1.0,1.0,899295.0,0.07883371936094599,0.03170811682633252,0.0518963802071913,0.019098900711587104,0.025150014882560457,0.021534182871517486,-3.1792248288790396e-05,0.0001208105434974035,-0.00021618728836377468,-0.0,0.0,0.0,0.0,1.0,0.0,0.0,205.51287191786122,205.8191709394507,205.52366631346794,179.02678149116593,181.34010097674485,180.99817110772,31557.020069932678,32213.88732758805,32066.527736455457,29470.57427968885,213.50422921555634,65.98037019846214,1318.1155960055157,0.001130493781135279,8.42602649915209,11681.756446844844
2024-10-13 07:45:33.498539,1.0,1.0,1.0,1.0,1.0,1.0,1.0,899296.0,0.07896576923466789,0.03154339822214999,0.05154385340814266,0.01914962829286367,0.025111411613631566,0.02148908505684164,-1.2716899315516164e-05,0.00010809364418188733,-0.00022254573802153277,-0.0,0.0,0.0,0.0,1.0,0.0,0.0,205.864277246594,205.05463729711838,205.8960388722246,179.79813522526766,180.85237400541718,180.557529520015,31805.261534617584,31934.842736853516,32061.642025394252,29459.15968665443,213.91364913297167,65.82856105415368,1315.0832317062846,0.001130200442605051,8.458936755606496,15441.349820186799
2024-10-13 07:45:33.580658,1.0,1.0,1.0,1.0,1.0,1.0,1.0,899297.0,0.07817012406007956,0.031871984154482245,0.05159436185084285,0.019451215795870915,0.025872535641194412,0.021353220143313936,-6.938893903907229e-21,9.537674486637117e-05,-0.00023208341250816988,-0.0,0.0,0.0,0.0,1.0,0.0,0.0,205.8485811787133,205.79256851609134,205.34827893051494,179.16980205821386,181.49940233995994,180.53555644818633,31653.962491889495,32218.314470319317,31925.39924869981,29456.62367459715,213.47407887880033,65.95838279955467,1317.6777122261074,0.001129457471322451,8.49191193952497,10439.678507419549
2024-10-13 07:45:33.583871,1.0,1.0,1.0,1.0,1.0,1.0,1.0,899298.0,0.07810345443254745,0.031625864763461305,0.05164482089649761,0.01974819809806028,0.025759800744833576,0.02144389239891845,1.589612414439519e-05,0.00010809364418188733,-0.00024797953665256506,-0.0,0.0,0.0,0.0,1.0,0.0,0.0,205.63210973022206,205.2607845917156,206.11265459370222,179.59989458507022,180.91636930332862,180.79230482430611,31728.440811553886,31980.5223060741,32148.143831981677,29476.162034468456,213.7944761376017,65.90326601221606,1316.5757065146797,0.0011301516751576896,8.524859545500313,13724.432734298178
2024-10-13 07:45:33.665446,1.0,1.0,1.0,1.0,1.0,1.0,1.0,899299.0,0.07793653085119309,0.03146071551579092,0.05159436185084285,0.01914962829286367,0.02613369258354722,0.02126216122037606,1.9075348973274234e-05,0.00011763131866852446,-0.00023208341250816988,-0.0,0.0,0.0,0.0,1.0,0.0,0.0,206.14446770131127,205.62520533657366,205.3504530227432,179.3441348874348,181.68171185291396,180.43492289980017,31766.385983389293,32231.261426022375,31892.941272430806,29486.34594229692,213.55630851339217,65.99955722855637,1318.4993905642214,0.0011301242535160184,8.557855292105755,11038.12500529584
2024-10-13 07:45:33.747864,1.0,1.0,1.0,1.0,1.0,1.0,1.0,899300.0,0.07856895381253035,0.032035013270089084,0.051239757223726694,0.019098900711587104,0.026022089115979988,0.021078863306785177,-2.861302345991136e-05,0.00012716899315516156,-0.00023844186216592797,-0.0,0.0,0.0,0.0,1.0,0.0,0.0,205.45603488553385,205.67683416718853,206.11391738273574,179.33910330414497,181.10262097181499,181.07686243973154,31618.70027203784,32096.257802328248,32195.817444363165,29492.13276568455,213.9248556637927,65.89876825794602,1316.486211221201,0.0011298799485069666,8.590800658441058,14540.922833101587
2024-10-13 07:45:33.751861,1.0,1.0,1.0,1.0,1.0,1.0,1.0,899301.0,0.07916343104386313,0.031625864763461305,0.05129056512636666,0.018843214470258284,0.026096544458751023,0.021124836890965972,-2.543379863103232e-05,0.00013988589247067773,-0.00022890418767929085,-0.0,0.0,0.0,0.0,1.0,0.0,0.0,206.40082832162395,205.24174302542116,205.65820284973807,179.74667641285382,181.49262367665668,180.32942700142905,31922.275938749644,32118.117860507275,31937.7655719329,29514.119255898164,213.93019427561345,65.94629290931053,1317.434779083547,0.0011305253387891177,8.623769762902482,11921.039489141123
2024-10-13 07:45:33.833669,1.0,1.0,1.0,1.0,1.0,1.0,1.0,899302.0,0.0797208114324096,0.03219721690590663,0.05154385340814266,0.018894628520718087,0.025872535641194412,0.02061348890091903,-4.132992277542752e-05,0.00013988589247067773,-0.00020347038904825854,-0.0,0.0,0.0,0.0,1.0,0.0,0.0,205.61893134151845,206.00448560355878,205.77903439667793,179.15351203872095,181.38215425122792,180.97260888651834,31607.939051062793,32234.481264458085,32111.25733851126,29505.353896728477,214.11389564999246,65.87009795769018,1315.9135438877952,0.0011298110312241518,8.656700798107746,14115.315429237824
2024-10-13 07:45:33.837670,1.0,1.0,1.0,1.0,1.0,1.0,1.0,899303.0,0.07836979264603089,0.03146071551579091,0.05234614058676942,0.018791659751293096,0.025947420126718565,0.020376816430674367,-9.537674486637117e-05,0.00013988589247067773,-0.00022890418767929085,-0.0,0.0,0.0,0.0,1.0,0.0,0.0,206.20515778411996,205.16926974791804,206.17012094062318,179.82426706580807,181.06130825326122,180.47058734322246,31898.839296304122,31991.38723342825,32076.4338497978,29508.877060093728,213.63955762932403,66.0242042188649,1318.992709398959,0.0011294153378925997,8.689708890129031,10026.24706039972
2024-10-13 07:45:33.918750,1.0,1.0,1.0,1.0,1.0,1.0,1.0,899304.0,0.07866834531819232,0.03179015607555206,0.05239587564842711,0.018843214470258284,0.025494814117130813,0.020089129290905252,-9.537674486637117e-05,0.00014624434212843582,-0.00024480031182368605,-0.0,0.0,0.0,0.0,1.0,0.0,0.0,206.02997960670763,206.00370565382826,205.5336417429998,179.0751599061439,181.6686598748246,180.79137693839738,31684.111511461786,32326.249786369164,32013.239633300047,29527.45659821157,213.91723006560528,65.98006082791225,1318.1100016381633,0.0011300496705899225,8.72269489218819,13542.218408285333
2024-10-13 07:45:34.001845,1.0,1.0,1.0,1.0,1.0,1.0,1.0,899305.0,0.07770223540329915,0.03179015607555206,0.05234614058676942,0.018843214470258284,0.025684369248357337,0.020424370325990055,-6.994294623533888e-05,0.00016849891593058908,-0.00024797953665256506,-0.0,0.0,0.0,0.0,1.0,0.0,0.0,205.87330985392308,205.42275611142134,206.34550999434154,179.635865547383,180.95917447383917,180.83300647759094,31785.806135368006,32026.612648155224,32196.673976498852,29522.247491537863,213.83844487194932,65.9926942970485,1318.3630162314862,0.0011295717846985616,8.755687225994993,12532.101131287716
2024-10-13 07:45:34.005845,1.0,1.0,1.0,1.0,1.0,1.0,1.0,899306.0,0.0778696612285411,0.032519197084621136,0.051493295423040195,0.01894590304788124,0.025910004937642474,0.020519147495467436,-5.4046822090943684e-05,0.00020029116421937945,-0.00024797953665256506,-0.0,0.0,0.0,0.0,1.0,0.0,0.0,206.34435327194905,205.79378300796034,205.67218280903938,179.2539358464029,181.78031974462738,180.41321289531314,31829.208047541146,32305.34394921872,31959.255271719332,29549.251193088883,213.90186748895889,66.03349939366456,1319.1776529824645,0.0011299831937801022,8.788699946271446,12041.594065129397
2024-10-13 07:45:34.088141,1.0,1.0,1.0,1.0,1.0,1.0,1.0,899307.0,0.0784694364150062,0.03267899754122895,0.05144268774946429,0.018636139893149068,0.025380401509347835,0.020707400498272993,-4.4509147604306555e-05,0.00020029116421937945,-0.00021936651319265374,-0.0,0.0,0.0,0.0,1.0,0.0,0.0,205.70000987110532,205.71968014259042,206.37294244433653,179.1607860273618,181.278089902535,181.11316343972288,31680.999278905252,32180.653982112344,32246.736807525922,29554.103119639778,214.50355759925293,65.85910204157541,1315.693311416106,0.0011302381669751648,8.821625470109105,15884.068091556213
2024-10-13 07:45:34.091142,1.0,1.0,1.0,1.0,1.0,1.0,1.0,899308.0,0.07803672784673764,0.03219721690590663,0.05108703033490621,0.01826811217861732,0.025418596266109744,0.020660498058664857,-6.040527174870175e-05,0.00019711193939050045,-0.00024480031182368605,-0.0,0.0,0.0,0.0,1.0,0.0,0.0,206.5226038012258,205.52899638734718,205.87503657605293,179.41634088059976,181.5889185131889,180.4442459188271,31896.66048627683,32219.482604220513,31995.386118697475,29554.350871145693,214.29318661465325,65.9242760671374,1316.9959638913117,0.0011297488120454978,8.854583593120713,11631.113455977693
2024-10-13 07:45:34.171639,1.0,1.0,1.0,1.0,1.0,1.0,1.0,899309.0,0.07743360111466374,0.03283802036619844,0.05108703033490621,0.018426738416276855,0.025342149186916324,0.020847474702880044,-3.815069794654848e-05,0.00020664961387713754,-0.00027023411045471834,-0.0,0.0,0.0,0.0,1.0,0.0,0.0,205.7263377774897,206.06172793173462,206.13270326776188,179.02739053561382,181.2886127809899,181.1155043066564,31653.075745502818,32283.84993414763,32243.773863524428,29577.415867544252,214.50242254352685,65.91142886641785,1316.7381188664483,0.0011306525192537112,8.887535263502032,13023.704291305294
2024-10-13 07:45:34.255895,1.0,1.0,1.0,1.0,1.0,1.0,1.0,899310.0,0.0773662967985003,0.032278013060311,0.051493295423040195,0.018636139893149068,0.025759800744833576,0.020940336965168154,-2.543379863103232e-05,0.00020664961387713754,-0.00026069643596808123,-0.0,0.0,0.0,0.0,1.0,0.0,0.0,206.4428987457948,205.26587351257092,206.21974666478985,179.71726809338472,181.1324558914251,180.54725340881467,31954.176704402635,32083.944017648413,32120.223336526225,29569.96721602044,214.2572103988794,65.97022423170796,1317.9131122075573,0.001130337545438344,8.920516338358487,11743.569881060821
2024-10-13 07:45:34.259891,1.0,1.0,1.0,1.0,1.0,1.0,1.0,899311.0,0.07641781246879953,0.03219721690590663,0.052146725992984415,0.019048038036167402,0.025947420126718565,0.02089395742436089,-5.0867597262064634e-05,0.00019075348973274234,-0.00025751721113920217,-0.0,0.0,0.0,0.0,1.0,0.0,0.0,206.03267318088623,206.2008962674825,205.74859534720068,178.8823929809085,181.54037345739727,180.83281265445362,31682.404461573078,32377.74067090495,32099.34509321168,29570.143178871258,214.67175541646486,65.8432103178515,1315.3759643104388,0.0011301408599360475,8.953433920512774,15052.179840774794
2024-10-13 07:45:34.340858,1.0,1.0,1.0,1.0,1.0,1.0,1.0,899312.0,0.07624719869830349,0.03179015607555206,0.051695230689754394,0.019098900711587104,0.025947420126718565,0.020847474702880044,-6.040527174870175e-05,0.00018439504007498428,-0.0002734133352835974,-0.0,0.0,0.0,0.0,1.0,0.0,0.0,205.94701578445296,205.42907039613337,206.5440927816019,179.48664640390325,180.91867506351056,180.74214670207303,31852.1929896087,32084.90407249779,32272.296333489398,29587.28441830786,214.40496515763135,65.96341462428889,1317.7761711938329,0.001131021870565426,8.98641156838927,10671.94053678194
2024-10-13 07:45:34.344858,1.0,1.0,1.0,1.0,1.0,1.0,1.0,899313.0,0.07600769602408243,0.03227801306031101,0.0514426877494643,0.01894590304788124,0.026281760015388615,0.021353220143313936,-3.815069794654847e-05,0.000162140466272831,-0.00027977178494135546,-0.0,0.0,0.0,0.0,1.0,0.0,0.0,206.3462374734845,205.88945648593506,205.64259030969325,178.96092594394713,181.64947664605376,180.40113493544564,31806.076406325687,32359.47773488364,31990.888368181404,29570.113116895394,214.6352290886814,65.85437311022801,1315.5984756992268,0.0011305145239487579,9.019334718941582,14731.221520531879
2024-10-13 07:45:34.425967,1.0,1.0,1.0,1.0,1.0,1.0,1.0,899314.0,0.07590482068342229,0.03219721690590663,0.05103601980762234,0.018739963202861063,0.026865870455412305,0.02144389239891845,-4.132992277542751e-05,0.0001716781407594681,-0.00025751721113920217,-0.0,0.0,0.0,0.0,1.0,0.0,0.0,205.6613352406067,205.76758839505055,206.38562501870624,178.96939365669405,180.850703076192,180.88517254489838,31683.584322421422,32168.123247050284,32284.46684767653,29564.15272440913,214.26017218558152,65.95635185409792,1317.635749962328,0.0011305106162702676,9.052308852744877,10982.147484968873
2024-10-13 07:45:34.428968,1.0,1.0,1.0,1.0,1.0,1.0,1.0,899315.0,0.0763496127118232,0.032035013270089084,0.050626085299173146,0.018843214470258284,0.026937993727346517,0.021353220143313936,-6.676372140645982e-05,0.000162140466272831,-0.00025751721113920217,-0.0,0.0,0.0,0.0,1.0,0.0,0.0,206.40070193588744,205.4921935852407,205.85594032348837,179.0670939769513,181.36334583611963,180.3608004630661,31879.282718665916,32258.129531201124,32046.31060902891,29580.31648371719,214.69960901334014,65.85739944420294,1315.6577997253119,0.0011313756474774124,9.085233487894412,14558.331527254833
2024-10-13 07:45:34.510778,1.0,1.0,1.0,1.0,1.0,1.0,1.0,899316.0,0.0765880461671053,0.031625864763461305,0.05149329542304019,0.018584010728398753,0.026937993727346517,0.021353220143313936,-7.630139589309694e-05,0.00012398976832628253,-0.00024480031182368605,-0.0,0.0,0.0,0.0,1.0,0.0,0.0,205.6275229138186,205.89993135387633,206.09290001316728,178.58619792739992,180.96869876012403,181.19626901417024,31589.260822595366,32273.141341627255,32285.518080784783,29569.329112653788,214.27616032351247,65.96303861260579,1317.7681227117466,0.0011314287302132365,9.118210934355815,10919.05884910157
2024-10-13 07:45:34.594443,1.0,1.0,1.0,1.0,1.0,1.0,1.0,899317.0,0.07696123486981184,0.031294694749978175,0.05139203024062462,0.018688123647942947,0.026829736114304472,0.021398604296836984,-7.948062072197598e-05,0.00011763131866852446,-0.00025751721113920217,-0.0,0.0,0.0,0.0,1.0,0.0,0.0,206.2571257634391,205.2590702369162,205.99677414407302,179.32331648580657,180.7743215008616,180.4849257628077,31902.271958427256,32115.93838269559,32157.446131717046,29579.47499303153,214.3498505238424,65.96303861260579,1317.7670936645964,0.0011322087482140532,9.15118835506508,12788.06490434767
2024-10-13 07:45:34.598384,1.0,1.0,1.0,1.0,1.0,1.0,1.0,899318.0,0.07726523039768154,0.03154339822214999,0.051493295423040195,0.018843214470258284,0.02664832946254422,0.021307739324598604,-8.90182952086131e-05,0.00012398976832628253,-0.00024480031182368605,-0.0,0.0,0.0,0.0,1.0,0.0,0.0,205.70242369708228,205.96181162868595,205.6192652480733,178.4992437312265,181.05173302618593,180.82425908499212,31616.181332818855,32343.169004687636,32166.24905922052,29564.62254660682,214.59012926750367,65.85611285796742,1315.630640141786,0.001132481825019995,9.18411231053987,14691.73094983154
2024-10-13 07:45:34.680279,1.0,1.0,1.0,1.0,1.0,1.0,1.0,899319.0,0.07840302130669127,0.03129469474997817,0.05149329542304019,0.018584010728398753,0.02657542007977932,0.021398604296836984,-0.00010491441935300828,0.00010173519452412925,-0.000241621086994807,-0.0,0.0,0.0,0.0,1.0,0.0,0.0,205.89254606528664,205.07249986404386,206.19000103938725,179.14870766329116,180.45151111037163,180.65588898619805,31812.27111698527,32027.53430656225,32243.43244385762,29551.54226074721,214.3215771597802,65.90945753618647,1316.6963650927025,0.001132451765520316,9.217062936023522,11841.500630010622
2024-10-13 07:45:34.683213,1.0,1.0,1.0,1.0,1.0,1.0,1.0,899320.0,0.07880067231721302,0.03129469474997817,0.05078019854850884,0.018426738416276855,0.02664832946254422,0.021802810922600106,-0.00011763131866852444,0.00010173519452412925,-0.00026069643596808123,-0.0,0.0,0.0,0.0,1.0,0.0,0.0,205.9737922147636,205.68228103265952,205.28877607633117,178.54759981247702,181.25174854722263,180.39658549398177,31723.72128682533,32358.064138332124,32022.056050342773,29559.891717740225,214.25824646105792,65.94763909258977,1317.4576834767317,0.0011335495823925604,9.250032613672587,12108.050647369339
2024-10-13 07:45:34.765088,1.0,1.0,1.0,1.0,1.0,1.0,1.0,899321.0,0.07955728139060414,0.03154339822214999,0.0503164427290474,0.0182149297886861,0.026757321039963047,0.021802810922600106,-0.00011763131866852446,0.00012398976832628253,-0.00025433798631032317,-0.0,0.0,0.0,0.0,1.0,0.0,0.0,205.28375986061442,205.2729843980432,206.08797678612632,178.8665390110357,180.5996239795301,180.8068071216316,31675.343992002916,32110.34275147233,32295.390248084383,29554.27343279848,213.89446282855025,66.04730434928051,1319.4475380383285,0.0011344512558429587,9.283052087883839,11003.925798644828
2024-10-13 07:45:34.848466,1.0,1.0,1.0,1.0,1.0,1.0,1.0,899322.0,0.07978612960103419,0.031953602685443394,0.04995276723522182,0.018479311243270825,0.02664832946254422,0.02193589137049136,-9.537674486637117e-05,0.00012398976832628253,-0.000241621086994807,-0.0,0.0,0.0,0.0,1.0,0.0,0.0,206.09500871148873,205.09122016192197,205.2804400634062,178.85874761278725,181.1754603236701,180.20245088571326,31840.38329967215,32234.911616061676,31979.32445067196,29546.724830683102,214.00290111592366,65.9970008008157,1318.4421195576083,0.001134821613505193,9.316046401269336,13657.496422152384
2024-10-13 07:45:34.851464,1.0,1.0,1.0,1.0,1.0,1.0,1.0,899323.0,0.08033918992321469,0.032519197084621136,0.048898792845469004,0.018531734926591673,0.02613369258354722,0.021398604296836984,-0.00011763131866852444,0.00015578201661507293,-0.00021300806353489565,-0.0,0.0,0.0,0.0,1.0,0.0,0.0,205.15095360030435,205.4615680785287,205.57714494501465,178.58135459484217,180.75383724986239,180.9542942779322,31591.03124264791,32234.47189030342,32255.18794086651,29557.216982679096,213.8235815711544,66.07589853435094,1320.0163851715329,0.0011362581128617985,9.349080111009249,11367.308764922382
2024-10-13 07:45:34.932909,1.0,1.0,1.0,1.0,1.0,1.0,1.0,899324.0,0.0809528449135354,0.03235860747555765,0.04942858938003563,0.018997039181501363,0.026170787978491077,0.021534182871517486,-0.00010809364418188734,0.0001367066676417987,-0.00023844186216592797,-0.0,0.0,0.0,0.0,1.0,0.0,0.0,205.75357143170896,204.71012909126412,205.4662144209462,179.21708151263095,180.80395781577445,180.2533417147195,31871.071843147263,32078.644587895218,32072.799361693404,29539.649413151237,214.12591921659845,65.94340379679353,1317.369117714971,0.0011365490212776423,9.382047572280017,15119.899184480795
2024-10-13 07:45:34.936906,1.0,1.0,1.0,1.0,1.0,1.0,1.0,899325.0,0.08114566657196526,0.03275860544857268,0.0492702485907403,0.018791659751293096,0.026207830867489117,0.021534182871517486,-0.0001144520938396454,0.00015260279178619387,-0.00021936651319265368,-0.0,0.0,0.0,0.0,1.0,0.0,0.0,205.15132747320948,205.3704049943338,205.09779546947644,178.55782920254595,181.1102517810098,180.52122409488217,31617.40576463307,32286.893314280405,32078.24466780607,29528.557542890776,213.85457770532966,66.00232912708897,1318.545325263079,0.0011372759859806202,9.415044468411727,11717.553440472151
2024-10-13 07:45:35.018425,1.0,1.0,1.0,1.0,1.0,1.0,1.0,899326.0,0.08075956287512498,0.033075121065200774,0.04884549714260755,0.018636139893149068,0.025835012001953723,0.02193589137049136,-0.00012081054349740349,0.00015896124144395196,-0.0002257249628504118,-0.0,0.0,0.0,0.0,1.0,0.0,0.0,205.2927968836454,204.56692612778392,205.47963150580568,179.21924595319106,180.73123806744024,180.31324654990232,31827.13434657242,32048.51795229665,32130.33205422164,29538.16895851973,214.05428518237127,65.96230774371185,1317.7439346173392,0.001138695952493637,9.448021309560577,13478.209921956874
2024-10-13 07:45:35.022424,1.0,1.0,1.0,1.0,1.0,1.0,1.0,899327.0,0.08069503265077752,0.03331053415039321,0.048898792845469,0.018739963202861063,0.02613369258354722,0.021802810922600106,-9.219752003749215e-05,0.0001716781407594681,-0.0002352626373370489,-0.0,0.0,0.0,0.0,1.0,0.0,0.0,205.21288250304673,205.10030437681235,204.71100975014517,178.71341314971514,181.37659286871767,180.25842856093303,31687.915363449934,32298.32614273258,31955.978868387203,29519.00285659199,213.68516457670975,66.03340633837061,1319.1637039689342,0.0011391376591790578,9.481033680759799,11492.753780517387
2024-10-13 07:45:35.104051,1.0,1.0,1.0,1.0,1.0,1.0,1.0,899328.0,0.08181696380798012,0.033466556241354264,0.04895203052356152,0.018894628520718087,0.026428997918226275,0.022155915847396346,-8.583907037973408e-05,0.00017485736558834716,-0.00024797953665256506,-0.0,0.0,0.0,0.0,1.0,0.0,0.0,204.76299165281566,204.53756481338095,205.43860054524185,179.19886597647888,180.81066617340548,180.523294407529,31738.82210350472,32054.06609986474,32189.81752628492,29534.189490771096,213.94050217746496,65.98863699106734,1318.2671443212253,0.0011407990593329561,9.514023615350279,13556.439079801354
2024-10-13 07:45:35.187249,1.0,1.0,1.0,1.0,1.0,1.0,1.0,899329.0,0.08172140181647343,0.03415983814915112,0.04852449368406469,0.019401276776896823,0.026355481787173698,0.021980072465344138,-5.722604691982271e-05,0.0001716781407594681,-0.0002352626373370489,-0.0,0.0,0.0,0.0,1.0,0.0,0.0,205.30827976927364,204.58745583684532,204.53371671501299,179.04250771406927,181.6011204424598,180.001158186432,31831.10390240801,32261.878573281745,31879.669994751253,29532.816135284196,214.10189943825796,65.93589979372912,1317.2121360025637,0.0011419119756682574,9.546987148118053,13704.693190017424
2024-10-13 07:45:35.191248,1.0,1.0,1.0,1.0,1.0,1.0,1.0,899330.0,0.08172140181647343,0.03446348712650292,0.04847078642501301,0.019200221850765864,0.026096544458751023,0.021624096343466504,-1.907534897327424e-05,0.00016849891593058908,-0.00021618728836377468,-0.0,0.0,0.0,0.0,1.0,0.0,0.0,204.31559947506008,204.74073125811537,205.05093320266607,178.8539261040917,181.06576256874723,180.9104065871939,31576.97654760235,32176.56905602614,32200.47986578559,29528.591692623817,214.03997520902078,65.94561102924456,1317.4047490429598,0.0011429657852913499,9.579955501070893,12766.819236343268
2024-10-13 07:45:35.272886,1.0,1.0,1.0,1.0,1.0,1.0,1.0,899331.0,0.08172140181647343,0.033699234984826465,0.04863173026498286,0.019250682441991743,0.025910004937642474,0.02193589137049136,2.5433798631032307e-05,0.00012716899315516158,-0.00024480031182368605,-0.0,0.0,0.0,0.0,1.0,0.0,0.0,205.12398959292196,203.99773921260683,204.72996125145082,179.3412250281099,181.21957443710414,180.42494187725444,31859.565553171207,32098.09599355691,32013.94997156169,29535.992548800023,214.0491247771448,65.95940248309161,1317.678608074975,0.001144220179408335,9.612930707408188,12525.824647460735
2024-10-13 07:45:35.276886,1.0,1.0,1.0,1.0,1.0,1.0,1.0,899332.0,0.08159381172801693,0.033466556241354264,0.048685259978782675,0.01894590304788124,0.02613369258354722,0.02202416493185523,3.497147311766944e-05,0.0001208105434974035,-0.0002352626373370489,-0.0,0.0,0.0,0.0,1.0,0.0,0.0,204.3640775048875,204.74630647786694,204.4030694143868,178.8525497889505,181.48791126978634,181.03671860641896,31578.027504660527,32305.18993837938,32105.711007462243,29543.594607577987,213.93254282132068,66.0124376763542,1318.7360061698369,0.001145804798683382,9.645932375372881,11828.053506350752
2024-10-13 07:45:35.357193,1.0,1.0,1.0,1.0,1.0,1.0,1.0,899333.0,0.08159381172801693,0.03275860544857268,0.04895203052356151,0.019098900711587104,0.02664832946254422,0.02202416493185523,3.497147311766943e-05,0.00013352744281291964,-0.00022254573802153277,-0.0,0.0,0.0,0.0,1.0,0.0,0.0,204.5647816722024,203.82391864427746,204.87907675722943,179.6111828089677,181.24007285241402,180.83046864510567,31810.03770562609,32043.17816372248,32140.419815068344,29546.474697065198,213.96193488647248,66.00987337065405,1318.6833914563313,0.00114685567433835,9.678932726642424,12764.866960869835
2024-10-13 07:45:35.440648,1.0,1.0,1.0,1.0,1.0,1.0,1.0,899334.0,0.08079180865915103,0.03291724369090571,0.04863173026498286,0.018843214470258284,0.02664832946254422,0.021891621110694724,2.2254573802153277e-05,0.00013352744281291964,-0.00022254573802153277,-0.0,0.0,0.0,0.0,1.0,0.0,0.0,204.5019700751071,204.3977529638643,204.05768996197267,179.10687293380371,182.02041595190937,180.97191811617137,31693.0106854468,32364.141730468124,32010.47007462292,29572.702562667757,214.15224385720768,66.00990260214122,1318.6810584828315,0.0011490651403746606,9.711933019528775,12777.359050792806
2024-10-13 07:45:35.444648,1.0,1.0,1.0,1.0,1.0,1.0,1.0,899335.0,0.08137004767024422,0.03315377782566108,0.04857814156521883,0.019048038036167402,0.02650231011985886,0.021398604296836984,2.8613023459911346e-05,0.0001208105434974035,-0.0002289041876792908,-0.0,0.0,0.0,0.0,1.0,0.0,0.0,204.11899823126438,203.90927686409265,204.71085271939782,179.53884184637857,181.36228482639683,181.4662452574216,31697.865574945183,32117.69615648144,32255.63584576308,29575.060393179567,214.44605318794734,65.92478049662306,1316.979347628417,0.001149994199921373,9.744890726714633,14300.215229880607
2024-10-13 07:45:35.525856,1.0,1.0,1.0,1.0,1.0,1.0,1.0,899336.0,0.08168952297702502,0.032439001655304125,0.04841701959046651,0.019250682441991743,0.02664832946254422,0.020660498058664857,9.537674486637124e-06,0.00011127286901076638,-0.00022254573802153277,-0.0,0.0,0.0,0.0,1.0,0.0,0.0,204.55182145435072,203.99933154841045,203.89363538584382,179.4219703625732,182.12896159195734,180.99253400617906,31767.564566277564,32307.536353973042,31971.843176035403,29568.780130904306,214.17199115964652,65.99518119350394,1318.3845824703326,0.0011508729669913779,9.77788360022146,11535.735274704106
2024-10-13 07:45:35.529856,1.0,1.0,1.0,1.0,1.0,1.0,1.0,899337.0,0.0819124143134797,0.03211621748977285,0.04803896680377672,0.019250682441991743,0.02664832946254422,0.020707400498272993,-1.58961241443952e-05,0.00011763131866852446,-0.0002002911642193795,-0.0,0.0,0.0,0.0,1.0,0.0,0.0,203.7961508970697,203.96737902476414,204.46013142768805,179.3879649602977,181.65897948692387,181.83413901338577,31604.505341120144,32209.802366740652,32280.314512069956,29585.743730026683,214.43359094714944,65.95258510960916,1317.531643867588,0.001152387220355916,9.810855128746097,13548.268466685988
2024-10-13 07:45:35.611390,1.0,1.0,1.0,1.0,1.0,1.0,1.0,899338.0,0.08133803112457424,0.03219721690590663,0.048578141565218835,0.019451215795870915,0.02646567940419046,0.021078863306785177,-9.537674486637117e-06,0.00011445209383964543,-0.00021936651319265374,-0.0,0.0,0.0,0.0,1.0,0.0,0.0,204.55442366276262,203.5007198315517,203.9749245657658,179.84216216702723,182.13520120896328,181.35543767020073,31850.85022377882,32222.363869444867,32044.499049579998,29594.21429325805,214.13702922970506,66.06290432976388,1319.734053088132,0.0011534714698118354,9.84388177306152,10832.920284989978
2024-10-13 07:45:35.694559,1.0,1.0,1.0,1.0,1.0,1.0,1.0,899339.0,0.08130600197148179,0.03170811682633252,0.049164404755088105,0.018997039181501363,0.02664832946254422,0.02089395742436089,-5.0867597262064634e-05,0.00012398976832628253,-0.00021618728836377468,-0.0,0.0,0.0,0.0,1.0,0.0,0.0,203.67263656784243,204.1455387019186,203.97398913145793,179.37683648695057,182.16100833666724,182.10997601923646,31562.17037538658,32362.08266519967,32236.588239222914,29609.801606915233,214.40125051674616,66.01634397721078,1318.8019039122605,0.0011549985504208577,9.87688509013218,13619.701473680916
2024-10-13 07:45:35.698366,1.0,1.0,1.0,1.0,1.0,1.0,1.0,899340.0,0.08120983871846918,0.031211353204542464,0.04969136948483319,0.01914962829286367,0.026757321039963047,0.020660498058664857,-5.722604691982269e-05,0.00013352744281291964,-0.00023208341250816988,-0.0,0.0,0.0,0.0,1.0,0.0,0.0,204.2373143357965,203.1860429065097,204.26982317135585,180.2609953815884,181.90713605388166,181.7583925774318,31874.7612670624,32103.44594325114,32206.937321294383,29618.233400961468,214.4823201211509,66.01023062369224,1318.6788306140602,0.0011557162013889572,9.90988532726561,12799.030814171343
2024-10-13 07:45:35.780230,1.0,1.0,1.0,1.0,1.0,1.0,1.0,899341.0,0.08040400573845544,0.03227801306031101,0.0492702485907403,0.019098900711587104,0.026937993727346517,0.020800888109007293,-8.265984555085502e-05,0.00015260279178619387,-0.00021618728836377465,-0.0,0.0,0.0,0.0,1.0,0.0,0.0,204.01603193617504,204.0007775583261,203.49118435444154,179.73956275841456,182.65432161528935,181.85030679417636,31700.600005732165,32425.330997259745,32077.696870479474,29625.265384057602,214.7563172829568,65.94172921298153,1317.3090745646266,0.0011567104117613735,9.942851285942908,14027.070626009925
2024-10-13 07:45:35.784230,1.0,1.0,1.0,1.0,1.0,1.0,1.0,899342.0,0.08050113161127861,0.031953602685443394,0.04963892475308669,0.019200221850765864,0.02708166404617134,0.020800888109007293,-0.00010809364418188734,0.00014306511729955676,-0.00023208341250816988,-0.0,0.0,0.0,0.0,1.0,0.0,0.0,203.70717843635757,203.3418252463402,204.33659730306826,180.32240784937488,181.92034739486348,182.16750770737838,31778.251668394565,32123.83228316769,32330.796671606924,29635.628370520226,214.76239081054752,65.96298836381555,1317.7326055091744,0.0011575898886764724,9.975827843578253,12440.392866555609
2024-10-13 07:45:35.865465,1.0,1.0,1.0,1.0,1.0,1.0,1.0,899343.0,0.08104931308470009,0.03227801306031101,0.05016090466686863,0.019451215795870915,0.02664832946254422,0.021398604296836984,-0.00010491441935300828,0.0001208105434974035,-0.00027023411045471834,-0.0,0.0,0.0,0.0,1.0,0.0,0.0,204.22959804401128,203.55174254551545,203.47994187043193,180.095762482506,182.72030645235495,181.8036390739839,31826.4402239428,32354.104026074787,32048.951583427955,29635.100614353138,214.44172292141118,66.0604810640582,1319.6795905790686,0.0011580529519695313,10.008853124957023,11078.077065645324
2024-10-13 07:45:35.869464,1.0,1.0,1.0,1.0,1.0,1.0,1.0,899344.0,0.08085626164798919,0.031871984154482245,0.04963892475308669,0.019600269437660415,0.026318646714264433,0.021534182871517486,-0.0001367066676417987,0.00011763131866852446,-0.0002511587614814441,-0.0,0.0,0.0,0.0,1.0,0.0,0.0,203.51868784517944,203.58971803104302,204.10282221906058,180.15852443783697,182.1502153832795,182.5382423392606,31677.72375261865,32226.17362129842,32348.912028768624,29642.93141645522,214.4754237521754,66.06758753302474,1319.8208858039472,0.0011585596763177793,10.041881942280876,12801.419259681006
2024-10-13 07:45:35.950629,1.0,1.0,1.0,1.0,1.0,1.0,1.0,899345.0,0.08066274817953105,0.03129469474997817,0.04969136948483319,0.01964970273038926,0.026355481787173698,0.022112086099532226,-0.00011127286901076638,0.00011127286901076638,-0.00025433798631032317,-0.0,0.0,0.0,0.0,1.0,0.0,0.0,204.23336499472586,203.22462561994254,203.64917039807793,180.5741326144586,182.5988178309038,181.78278738605712,31928.327722499896,32238.482785094824,32085.74281143899,29643.422326799755,214.30932569169218,66.11991539782538,1320.8656725255312,0.0011589816939079512,10.074936905629647,11868.814777174724
2024-10-13 07:45:36.034163,1.0,1.0,1.0,1.0,1.0,1.0,1.0,899346.0,0.08046876934600647,0.03154339822214999,0.05005694413093419,0.01979726201988583,0.02650231011985886,0.02250348084068699,-0.00013352744281291964,0.00012398976832628253,-0.00024797953665256506,-0.0,0.0,0.0,0.0,1.0,0.0,0.0,203.54044221878647,203.7528104085782,203.84797347657172,180.16718629135812,182.52947693843313,182.55369938216091,31673.863895229275,32327.40567492662,32292.142170371266,29656.444816395746,214.76406366570166,66.00892523103796,1318.647926426396,0.0011593721523309954,10.107936369378764,14784.049050216474
2024-10-13 07:45:36.038161,1.0,1.0,1.0,1.0,1.0,1.0,1.0,899347.0,0.0804363940603082,0.03137781493555469,0.05088268139452947,0.0198462046459215,0.026170787978491077,0.02288818359375,-0.00015260279178619387,0.00011127286901076637,-0.00029566790908575063,-0.0,0.0,0.0,0.0,1.0,0.0,0.0,204.14332395300107,203.0325788454464,203.94649471268426,181.04811187508167,182.5447943083061,182.15248970953922,31994.99602512507,32170.647137842552,32221.346100961902,29687.126225600212,214.77751495403265,66.07316263306038,1319.9294775363824,0.0011606642271257102,10.140967904235376,11688.146268531496
2024-10-13 07:45:36.118906,1.0,1.0,1.0,1.0,1.0,1.0,1.0,899348.0,0.08046876934600648,0.03146071551579092,0.05129056512636666,0.019501026929403496,0.026538890275460948,0.02276067182949264,-0.00014306511729955676,0.00011127286901076638,-0.00029248868425687163,-0.0,0.0,0.0,0.0,1.0,0.0,0.0,203.75098536340926,203.89855482703032,203.49739214010074,180.4921835526705,182.95327488855554,182.4167485178919,31767.74306676988,32423.186194498405,32199.215106231946,29687.87694574422,214.97233876261905,66.01494759643296,1318.7666077457384,0.0011606039531293325,10.173970338011456,13861.755314081875
2024-10-13 07:45:36.122909,1.0,1.0,1.0,1.0,1.0,1.0,1.0,899349.0,0.08017692114530416,0.03137781493555469,0.05129056512636666,0.0198462046459215,0.02664832946254422,0.023014988905331966,-0.00013988589247067773,0.00012398976832628253,-0.0003083848084012668,-0.0,0.0,0.0,0.0,1.0,0.0,0.0,203.77737077534704,203.17488055569578,204.28256980198108,181.139735523812,182.42416748436753,182.40190196143962,31929.857836604773,32131.493371423636,32344.89200845812,29692.521068276696,214.60514187443866,66.13823594195607,1321.2297132120173,0.001160452501674854,10.207034411561061,10636.777633444734
2024-10-13 07:45:36.204975,1.0,1.0,1.0,1.0,1.0,1.0,1.0,899350.0,0.07975347720367693,0.031625864763461305,0.05103601980762234,0.019301011109426145,0.02650231011985886,0.02322479259609146,-0.00015578201661507293,0.00010809364418188734,-0.00030202635874350875,-0.0,0.0,0.0,0.0,1.0,0.0,0.0,204.15993491309706,203.67843353101972,203.3407489686407,180.66544970639245,183.21366260923372,182.04728893987834,31904.17782361336,32432.487051553268,32072.44880977057,29693.895478923234,214.43940796693514,66.19243364373519,1322.3120572651694,0.0011607184726013656,10.240125571016335,11847.485729603053
2024-10-13 07:45:36.287126,1.0,1.0,1.0,1.0,1.0,1.0,1.0,899351.0,0.08004686928167702,0.031211353204542464,0.0514426877494643,0.019451215795870915,0.02646567940419046,0.02276067182949264,-0.00014942356695731485,0.00011763131866852444,-0.0002988471339146297,-0.0,0.0,0.0,0.0,1.0,0.0,0.0,203.47092063047882,203.61406060273237,204.24069738148725,180.77094783984506,182.47239948431263,182.73636088044535,31771.443042532206,32235.649012693237,32409.38788839203,29695.298145240904,214.36505695730992,66.21848637963916,1322.8331763074275,0.0011602132345236748,10.27322977159396,12340.265673884203
2024-10-13 07:45:36.291125,1.0,1.0,1.0,1.0,1.0,1.0,1.0,899352.0,0.08024186803415992,0.03137781493555469,0.05154385340814266,0.01935120888239217,0.026207830867489117,0.02276067182949264,-0.00012398976832628253,0.00011763131866852446,-0.0002988471339146297,-0.0,0.0,0.0,0.0,1.0,0.0,0.0,204.35689868981117,203.33292392751312,203.7145004172003,181.01990261087164,183.02593095954302,181.9037744652373,32015.859814085525,32292.410647581914,32093.908916264136,29690.04750233832,214.6369784119734,66.12286746783757,1320.9236886182493,0.001159705255710438,10.306286186808624,14508.32395681323
2024-10-13 07:45:36.372663,1.0,1.0,1.0,1.0,1.0,1.0,1.0,899353.0,0.07978612960103419,0.03146071551579092,0.051946545883677045,0.019048038036167402,0.026392265450275895,0.022112086099532226,-9.855596969525021e-05,0.00011763131866852446,-0.0002734133352835974,-0.0,0.0,0.0,0.0,1.0,0.0,0.0,203.60333819312615,203.94674897169932,203.9147244173118,180.52519236233985,182.8026631855061,182.67270984627035,31737.904534268404,32381.983579563315,32324.300480830734,29703.55272001576,215.0292191862403,66.03229330113912,1319.113912240927,0.0011600034659322788,10.339297311958548,14440.51398861751
2024-10-13 07:45:36.376663,1.0,1.0,1.0,1.0,1.0,1.0,1.0,899354.0,0.08014442796417422,0.032278013060311,0.052495204411799876,0.018894628520718087,0.026392265450275895,0.02202416493185523,-4.7688372433185584e-05,0.00012716899315516158,-0.0002893094594279926,-0.0,0.0,0.0,0.0,1.0,0.0,0.0,204.24411496655927,203.25695304588814,204.04661546938812,181.2193431929566,182.68538356875015,182.12046470429775,32022.413080017406,32198.06905339539,32218.533662346923,29701.246462664316,215.01243622336577,66.03229330113912,1319.1144494394582,0.0011595966963771568,10.372308450551987,12834.93393383929
2024-10-13 07:45:36.458325,1.0,1.0,1.0,1.0,1.0,1.0,1.0,899355.0,0.07975347720367693,0.03267899754122895,0.05279206938594377,0.018894628520718087,0.026244821472867705,0.021758269893602942,-6.040527174870175e-05,0.00013352744281291964,-0.00030520558357238775,-0.0,0.0,0.0,0.0,1.0,0.0,0.0,203.9382218310862,204.0403510622064,203.7249949429704,180.6065048679787,183.0067751778087,182.55087939015954,31805.390884205717,32444.10204747076,32249.798905161948,29720.083462802988,215.26829714017643,65.99564794043435,1318.3822016658646,0.0011597409758017977,10.405301264478641,13498.43783252516
2024-10-13 07:45:36.462328,1.0,1.0,1.0,1.0,1.0,1.0,1.0,899356.0,0.0795245350293113,0.033075121065200774,0.05323426289309145,0.018688123647942947,0.025947420126718565,0.02148908505684164,-9.537674486637119e-06,0.00012716899315516158,-0.0003306393822034201,-0.0,0.0,0.0,0.0,1.0,0.0,0.0,204.0555897242867,203.36191928812707,204.3108124874126,181.1613949817032,182.47530546021235,182.30521913846346,31968.796357944448,32168.533414699534,32317.715023506444,29705.45605178207,214.89823879356683,66.0767117263364,1320.00248880077,0.0011590662473503661,10.43833462645872,11397.050244433494
2024-10-13 07:45:36.542368,1.0,1.0,1.0,1.0,1.0,1.0,1.0,899357.0,0.07932777299164846,0.03299627680272549,0.05328316897864072,0.018688123647942947,0.026207830867489117,0.020847474702880044,-9.537674486637122e-06,0.00012398976832628253,-0.00027977178494135546,-0.0,0.0,0.0,0.0,1.0,0.0,0.0,204.23646262632806,203.97939354360534,203.5948610847861,180.3783218080045,183.0699941336388,181.9357379886368,31842.903039260982,32439.229560142914,32077.516271938486,29673.813493097958,214.803355519585,66.03537859209867,1319.1788609790833,0.0011574938279166453,10.471347376965564,13550.94700431974
2024-10-13 07:45:36.626478,1.0,1.0,1.0,1.0,1.0,1.0,1.0,899358.0,0.07949177517826955,0.03283802036619844,0.05259434558493783,0.018791659751293096,0.025722112647481858,0.020281374142839443,-1.1564823173178715e-20,0.0001208105434974035,-0.00025751721113920217,-0.0,0.0,0.0,0.0,1.0,0.0,0.0,203.7360609956995,203.67467692586166,204.4807579050254,180.43329007317197,182.43036172678404,182.3942885641339,31781.802686699622,32238.881240139166,32359.19729336894,29680.141874635792,214.8241344515891,66.04306856935202,1319.3325702652485,0.0011574273840611086,10.504363974082192,12823.109149028642
2024-10-13 07:45:36.629469,1.0,1.0,1.0,1.0,1.0,1.0,1.0,899359.0,0.0791963267157769,0.03235860747555765,0.052046732179034834,0.018584010728398753,0.025456733716313067,0.02004077993250076,1.589612414439518e-05,9.855596969525022e-05,-0.00025433798631032317,-0.0,0.0,0.0,0.0,1.0,0.0,0.0,204.55483087892725,203.6061057263611,203.74587860461966,180.42716699490737,182.89255035889474,181.82022658295722,31930.437207586925,32352.741585077987,32062.96697933106,29668.954233621844,214.91838920750186,65.9891882803066,1318.2568713808253,0.0011569275703322381,10.537353651590006,13779.535305601978
2024-10-13 07:45:36.711143,1.0,1.0,1.0,1.0,1.0,1.0,1.0,899360.0,0.07929493185052183,0.03267899754122895,0.052246528430687264,0.018791659751293096,0.025494814117130813,0.019943729580380914,9.537674486637102e-06,0.00011127286901076637,-0.00027023411045471834,-0.0,0.0,0.0,0.0,1.0,0.0,0.0,203.69880080009727,204.0989259635426,204.21676973481505,180.1790034966876,182.4948443299387,182.465193308309,31688.651762086658,32343.92646818261,32330.25795584959,29673.7804048933,214.82593839776706,66.02831104458883,1319.0387157767764,0.0011567046701898502,10.570362894931343,12130.866511251123
2024-10-13 07:45:36.715143,1.0,1.0,1.0,1.0,1.0,1.0,1.0,899361.0,0.07962273371051123,0.03275860544857268,0.05214672599298442,0.018636139893149068,0.025342149186916324,0.01999231364647781,-3.179224828879057e-06,0.00010491441935300828,-0.00026069643596808123,-0.0,0.0,0.0,0.0,1.0,0.0,0.0,204.4755219451179,203.32374875486073,204.18779673787412,180.7126087408697,182.62233416336335,181.78869661883064,32003.780059332246,32226.234574393508,32162.746838984545,29683.93479917274,215.10370113048376,65.96564771702324,1317.7862386031306,0.001157205144019398,10.60334079474704,13947.217688247581
2024-10-13 07:45:36.796675,1.0,1.0,1.0,1.0,1.0,1.0,1.0,899362.0,0.07955728139060414,0.03315377782566108,0.051946545883677045,0.018636139893149068,0.025150014882560457,0.01999231364647781,-9.537674486637136e-06,0.00010491441935300828,-0.00027023411045471834,-0.0,0.0,0.0,0.0,1.0,0.0,0.0,204.00412850982352,204.17751987696215,203.8690079972921,179.90254407334004,182.84136972615508,182.38427976361527,31701.42807396097,32471.13507693925,32222.676862879893,29684.325428447257,214.92108948551635,66.02255042425422,1318.9232761462079,0.0011569776758544167,10.636347149185411,11822.929182542663
2024-10-13 07:45:36.879974,1.0,1.0,1.0,1.0,1.0,1.0,1.0,899363.0,0.07985139433963717,0.03291724369090571,0.05164482089649761,0.018584010728398753,0.025111411613631566,0.020089129290905252,3.1792248288790223e-06,0.00012398976832628253,-0.00027023411045471834,-0.0,0.0,0.0,0.0,1.0,0.0,0.0,204.15827700456612,203.4478996124901,204.4615413426847,180.6632790442947,182.27746431856195,182.10423058600094,31916.223736313143,32176.521828529876,32301.547893869043,29683.990639926476,214.8559963750289,66.04180249081797,1319.3079795059223,0.0011568962784210951,10.669363130912703,12484.69576751632
2024-10-13 07:45:36.883977,1.0,1.0,1.0,1.0,1.0,1.0,1.0,899364.0,0.07975347720367693,0.03259919523031266,0.05179590309414578,0.018894628520718087,0.025532837723818223,0.020281374142839443,-1.2716899315516175e-05,0.00013352744281291964,-0.0002765925601124764,-0.0,0.0,0.0,0.0,1.0,0.0,0.0,204.28532575172247,204.00881394172703,203.76104802939227,180.11554860847951,183.01392372704683,181.9389737482912,31839.11653056245,32472.500094836552,32122.827004736253,29697.400703942472,214.96372157495603,66.03856479669668,1319.2425450352348,0.0011574682940225902,10.702377475127511,12832.053614244704
2024-10-13 07:45:36.965977,1.0,1.0,1.0,1.0,1.0,1.0,1.0,899365.0,0.08040400573845544,0.03259919523031266,0.05134132274900665,0.018688123647942947,0.025759800744833576,0.0198462046459215,-4.132992277542752e-05,0.0001367066676417987,-0.000241621086994807,-0.0,0.0,0.0,0.0,1.0,0.0,0.0,203.85845525984774,203.63887653773088,204.51911289305292,180.39016781027894,182.31155635575098,182.3480030054782,31809.043129294278,32231.29632724135,32370.0377804974,29689.67954514563,214.72641715790456,66.09434834364146,1320.3571281914758,0.0011573142936512721,10.735419712038862,11833.307257987455
2024-10-13 07:45:36.968978,1.0,1.0,1.0,1.0,1.0,1.0,1.0,899366.0,0.08111356146029437,0.03243900165530412,0.05047150147174474,0.018636139893149068,0.026318646714264433,0.01979726201988583,-3.497147311766944e-05,0.00015260279178619387,-0.00021936651319265374,-0.0,0.0,0.0,0.0,1.0,0.0,0.0,204.474810801503,203.72210849577212,203.81565716563875,180.35605736904523,182.88345363760322,181.81087542664395,31932.715747954244,32394.63503796517,32109.268233712635,29698.431866393064,214.78979371991628,66.09434834364146,1320.3566571075978,0.0011576706659357056,10.768461937161232,12823.405962074241
2024-10-13 07:45:37.050120,1.0,1.0,1.0,1.0,1.0,1.0,1.0,899367.0,0.08098501373853388,0.03291724369090571,0.05041986820864096,0.018479311243270825,0.026392265450275895,0.019895026871345974,-5.086759726206463e-05,0.00016531969110171005,-0.00023844186216592797,-0.0,0.0,0.0,0.0,1.0,0.0,0.0,203.65824152409854,203.9448558789432,204.3503712636332,180.26869969925997,182.43740952095808,182.64390924559237,31732.71872552772,32339.128916231097,32419.780782566428,29716.78208055734,214.9465662483071,66.08701406098253,1320.2088807806506,0.001158624323370552,10.801500464147468,12833.337149245066
2024-10-13 07:45:37.134303,1.0,1.0,1.0,1.0,1.0,1.0,1.0,899368.0,0.08098501373853388,0.03299627680272549,0.050677508456461864,0.018426738416276855,0.02664832946254422,0.02023348417248137,-7.630139589309694e-05,0.000162140466272831,-0.00025433798631032317,-0.0,0.0,0.0,0.0,1.0,0.0,0.0,204.48525344653416,203.3223200807968,204.05633259005856,180.8300204625178,182.49712553674004,181.96355961957713,32019.421172995964,32231.378804310913,32203.20803169558,29704.942018624843,215.09826485989632,66.01408547631362,1318.752159977205,0.001158502415076447,10.834502536364859,14130.679659834746
2024-10-13 07:45:37.138303,1.0,1.0,1.0,1.0,1.0,1.0,1.0,899369.0,0.08088846888354172,0.033853465699005894,0.050984958244254856,0.01837401516539352,0.027224576194402335,0.020471813758848174,-8.90182952086131e-05,0.00018439504007498428,-0.00023208341250816988,-0.0,0.0,0.0,0.0,1.0,0.0,0.0,203.80180522509457,204.16996920777427,203.86283326368513,180.14419455654328,182.72528913383144,182.4769009134881,31732.6697253718,32463.101368179723,32303.159253939142,29720.01519632964,215.0369613042855,66.06645858407214,1319.7974799975493,0.0011592052281295799,10.867530767953092,11913.591599083491
2024-10-13 07:45:37.218326,1.0,1.0,1.0,1.0,1.0,1.0,1.0,899370.0,0.08075956287512498,0.033621854320173124,0.051137989978833114,0.018426738416276855,0.02718891858094095,0.020424370325990055,-8.265984555085501e-05,0.00016531969110171005,-0.00022890418767929085,-0.0,0.0,0.0,0.0,1.0,0.0,0.0,204.06509846088184,203.2549807373619,204.37214585208469,180.82048800313595,182.3567418529268,182.28084860187775,31959.33673386893,32192.819104033486,32351.33151790299,29722.361986425993,215.1610777166591,66.0336041218949,1319.140305683665,0.0011598463953332034,10.900542553604913,13426.840602800154
2024-10-13 07:45:37.222323,1.0,1.0,1.0,1.0,1.0,1.0,1.0,899371.0,0.08072730421081617,0.03331053415039321,0.05088268139452947,0.018688123647942947,0.026901956261409284,0.020566372293249237,-6.676372140645981e-05,0.00015896124144395196,-0.00023208341250816986,-0.0,0.0,0.0,0.0,1.0,0.0,0.0,204.11188490329312,203.92798845642847,203.54205298276136,180.25254367155262,182.94720074702542,182.16907854572463,31823.01425585417,32469.927796412187,32158.275573530787,29705.823700761957,214.79613050572624,66.10897760135816,1320.6463271366817,0.0011596192726856481,10.933592027785528,11492.702658388065
2024-10-13 07:45:37.303994,1.0,1.0,1.0,1.0,1.0,1.0,1.0,899372.0,0.08046876934600648,0.033232248415491,0.050984958244254856,0.018894628520718087,0.026865870455412305,0.02013736256391312,-6.676372140645982e-05,0.00015578201661507293,-0.00020664961387713757,-0.0,0.0,0.0,0.0,1.0,0.0,0.0,203.63754613898115,203.50774390726232,204.31943179662858,180.71418420168004,182.29311008435425,182.49859422493859,31849.654247351507,32230.670482848982,32421.606745527075,29723.32153072829,215.1997546676075,66.02392783861097,1318.9458010392152,0.0011607577609976665,10.96659894591446,14354.283178700673
2024-10-13 07:45:37.308003,1.0,1.0,1.0,1.0,1.0,1.0,1.0,899373.0,0.08011192160389803,0.03369923498482647,0.05088268139452947,0.018894628520718087,0.026757321039963047,0.020519147495467436,-9.855596969525021e-05,0.00014942356695731485,-0.0002257249628504118,-0.0,0.0,0.0,0.0,1.0,0.0,0.0,204.20099601519235,203.5390090605499,203.56059264490565,180.6683756853573,183.0242304893504,181.9992065098404,31960.3421857107,32405.374933000738,32140.12815470252,29725.515222563587,215.04587666766975,66.07609595579842,1319.9869972681881,0.001161480430689252,10.999631920215421,11918.260375556692
2024-10-13 07:45:37.389577,1.0,1.0,1.0,1.0,1.0,1.0,1.0,899374.0,0.08069503265077752,0.033621854320173124,0.050831465798868984,0.01837401516539352,0.026207830867489117,0.020376816430674367,-7.948062072197598e-05,0.00013988589247067773,-0.00020664961387713754,-0.0,0.0,0.0,0.0,1.0,0.0,0.0,203.45222456195137,203.67741809348502,204.04967701650068,180.48965373668997,182.58561384146753,182.8282231481423,31748.385078792424,32339.02866094891,32419.612615072067,29726.482055223314,215.16506331855098,66.04167612944775,1319.29872448212,0.0011619920910445696,11.032647670333642,13455.077765474733
2024-10-13 07:45:37.473035,1.0,1.0,1.0,1.0,1.0,1.0,1.0,899375.0,0.08114566657196526,0.03369923498482647,0.05123975722372669,0.018321140191983925,0.02613369258354722,0.020847474702880044,-7.948062072197597e-05,0.00014942356695731482,-0.00021300806353489565,-0.0,0.0,0.0,0.0,1.0,0.0,0.0,204.1708975178717,203.16761208136495,203.67575966348232,181.11386057680315,182.83381810527248,182.16218251470286,32045.717666824596,32296.345283831775,32213.322344885557,29743.438441135262,215.36096128050568,66.01932602003481,1318.8505170973183,0.0011632982309692855,11.065652203960296,13254.07623634856
2024-10-13 07:45:37.478549,1.0,1.0,1.0,1.0,1.0,1.0,1.0,899376.0,0.08072730421081617,0.03415983814915113,0.051644820896497606,0.018321140191983925,0.025456733716313067,0.021032789233536103,-7.630139589309694e-05,0.00013988589247067773,-0.00022890418767929085,-0.0,0.0,0.0,0.0,1.0,0.0,0.0,203.43120193527955,203.82365092155783,203.6468955729353,180.58347962355163,182.96646273674008,182.874159350038,31757.699249622936,32451.04141912242,32359.83741525,29748.222991922452,215.39574078551738,66.01932602003481,1318.8496820126825,0.0011639306856504655,11.098656716688767,12859.450048317987
2024-10-13 07:45:37.557550,1.0,1.0,1.0,1.0,1.0,1.0,1.0,899377.0,0.08162572794739831,0.0339303181604502,0.05134132274900665,0.018584010728398753,0.025188558989287076,0.02089395742436089,-5.722604691982271e-05,0.00012716899315516156,-0.00023208341250816988,-0.0,0.0,0.0,0.0,1.0,0.0,0.0,203.8815675631942,202.94724542478278,203.90475685414182,181.28644456669247,182.80601367132138,182.46249359744303,32029.861278486653,32229.86721974812,32312.001394245566,29750.252017677507,215.02942822706427,66.13635209910025,1321.1865108555571,0.0011646629104516593,11.131719709089593,10775.829769961274
2024-10-13 07:45:37.560550,1.0,1.0,1.0,1.0,1.0,1.0,1.0,899378.0,0.08149798807578165,0.03377643837348989,0.05108703033490621,0.0182149297886861,0.024722063821441115,0.020847474702880044,-2.2254573802153277e-05,0.00013034821798404061,-0.00021936651319265374,-0.0,0.0,0.0,0.0,1.0,0.0,0.0,203.69402382553835,203.71778162372914,203.1499719877826,180.71312192144242,183.47748327224465,182.65308882430273,31857.136634233128,32554.52271987282,32212.460977800725,29768.498766201905,215.1170485849048,66.1500527118328,1321.4583664751385,0.001166051800622099,11.164789504739021,12606.947809813695
2024-10-13 07:45:37.642575,1.0,1.0,1.0,1.0,1.0,1.0,1.0,899379.0,0.08165763169219573,0.033310534150393215,0.05144268774946429,0.018531734926591673,0.024246595126450658,0.020800888109007293,-2.8613023459911357e-05,0.00010173519452412925,-0.0002257249628504118,-0.0,0.0,0.0,0.0,1.0,0.0,0.0,203.38638762117424,203.02407875874,203.99715260189765,181.34505339352916,182.8092102301173,182.94270055297272,31931.920051387446,32233.337507997105,32440.876400504683,29763.262895444615,215.2117898996881,66.10932856588701,1320.6443051920753,0.0011664512097772646,11.197838928320014,13573.19939817084
2024-10-13 07:45:37.726498,1.0,1.0,1.0,1.0,1.0,1.0,1.0,899380.0,0.08104931308470009,0.03315377782566108,0.05123975722372669,0.018791659751293096,0.02452507212573485,0.021032789233536103,-6.358449657758082e-06,0.00010491441935300831,-0.00021936651319265374,-0.0,0.0,0.0,0.0,1.0,0.0,0.0,203.98220251431408,203.22840010768553,203.1176131439365,181.24100378313688,183.6625576152519,182.4970193079612,32029.612845468902,32475.285409095897,32148.437711993127,29779.1455569103,215.43061533529553,66.07748205566563,1320.0068734127094,0.0011673929246450885,11.230872400026003,13429.33132033793
2024-10-13 07:45:37.729498,1.0,1.0,1.0,1.0,1.0,1.0,1.0,899381.0,0.08056581714329977,0.03291724369090571,0.05118889889136944,0.01837401516539352,0.02507274890923307,0.021124836890965972,3.1792248288790384e-06,8.583907037973405e-05,-0.0002352626373370489,-0.0,0.0,0.0,0.0,1.0,0.0,0.0,203.12428870109235,203.32063433920132,203.73744975264256,181.17840880809902,183.1679195775298,183.39256765838252,31833.57207841428,32385.75727042845,32482.361148383698,29795.81750581081,215.80798532752058,65.99894685166893,1318.4363773148339,0.0011686244948813551,11.263866569710572,14277.505898076522
2024-10-13 07:45:37.811960,1.0,1.0,1.0,1.0,1.0,1.0,1.0,899382.0,0.08046876934600647,0.033388636330645795,0.05164482089649761,0.01805444269744756,0.025303839037745666,0.021579186437577745,-1.5896124144395198e-05,9.219752003749214e-05,-0.00025433798631032317,-0.0,0.0,0.0,0.0,1.0,0.0,0.0,203.895181163047,202.80805626047595,203.34276538244134,181.6695476885927,183.52365150111714,182.74759043820384,32098.87331289725,32352.06569597772,32240.806238921792,29793.19406648145,215.47459639090107,66.09527106932377,1320.3600384263802,0.001169057131541523,11.296908879451212,11167.772955038137
2024-10-13 07:45:37.815960,1.0,1.0,1.0,1.0,1.0,1.0,1.0,899383.0,0.0808240415783106,0.03299627680272549,0.05149329542304019,0.01805444269744756,0.025150014882560457,0.021980072465344138,-6.358449657758075e-06,8.583907037973405e-05,-0.0002829510097702345,-0.0,0.0,0.0,0.0,1.0,0.0,0.0,203.23688908967273,203.4145391323841,203.3937489798146,181.18048204962258,183.5121614127714,183.44015185621856,31841.187186451978,32480.459784929877,32411.444967771993,29806.72920719009,215.78102589118797,66.03143002303821,1319.083993914667,0.0011695994964505579,11.32991925588823,14016.232566017787
2024-10-13 07:45:37.896763,1.0,1.0,1.0,1.0,1.0,1.0,1.0,899384.0,0.08063045078156783,0.033388636330645795,0.05113798997883311,0.018321140191983925,0.02557080478973271,0.02202416493185523,-1.5896124144395198e-05,0.00010173519452412927,-0.0002893094594279926,-0.0,0.0,0.0,0.0,1.0,0.0,0.0,203.68219405309156,202.67272820503183,203.57247612067633,182.00112818362246,183.42839983732463,182.97369789620703,32123.92263833205,32283.28453164487,32345.659482373256,29813.785328487054,215.60128318829766,66.10217301913086,1320.4962151821433,0.0011703436738957098,11.3629649734831,11627.994078009515
2024-10-13 07:45:37.899762,1.0,1.0,1.0,1.0,1.0,1.0,1.0,899385.0,0.07942621494016529,0.03331053415039321,0.05083146579886899,0.018426738416276855,0.025835012001953723,0.02206816930126611,1.9075348973274234e-05,9.219752003749214e-05,-0.0002893094594279926,-0.0,0.0,0.0,0.0,1.0,0.0,0.0,203.37262010078874,203.42876159386864,203.09299635686008,181.24828204420905,184.06121961096656,183.31235441924042,31884.05156588847,32579.246675114195,32294.52806950242,29815.40508439144,215.83317418104568,66.03475354293928,1319.1491393684523,0.0011705438480423388,11.395976980199888,14082.866304445704
2024-10-13 07:45:37.982010,1.0,1.0,1.0,1.0,1.0,1.0,1.0,899386.0,0.07985139433963717,0.03291724369090571,0.050984958244254856,0.018479311243270825,0.025759800744833576,0.02206816930126611,9.537674486637115e-06,0.00010491441935300828,-0.0002829510097702345,-0.0,0.0,0.0,0.0,1.0,0.0,0.0,203.3085992319385,202.71041191079672,203.81570378832427,181.96593313502837,183.44926203334893,183.57000710479184,32036.075899748223,32299.28601149217,32508.907005090252,29844.134447975342,216.02637674017785,66.03935895897321,1319.2393238369723,0.0011719188124262201,11.428991243803477,12901.851737754758
2024-10-13 07:45:38.066028,1.0,1.0,1.0,1.0,1.0,1.0,1.0,899387.0,0.07817012406007956,0.03291724369090571,0.0509338454913116,0.0182149297886861,0.025872535641194412,0.02250348084068699,9.537674486637115e-06,9.855596969525021e-05,-0.00029566790908575063,-0.0,0.0,0.0,0.0,1.0,0.0,0.0,203.74583278819784,203.17204273083274,202.9520394964069,181.77052239527154,184.1287311148628,183.26141088563472,32044.301346007513,32539.11790998159,32252.82584716952,29841.028099308984,216.15516506393337,65.99312546192586,1318.3160700909737,0.001171666849175004,11.461982402772454,13725.898807926853
2024-10-13 07:45:38.069029,1.0,1.0,1.0,1.0,1.0,1.0,1.0,899388.0,0.07836979264603089,0.03299627680272549,0.05134132274900665,0.01894590304788124,0.026281760015388615,0.022546549742941794,-9.53767448663712e-06,8.583907037973405e-05,-0.00029566790908575063,-0.0,0.0,0.0,0.0,1.0,0.0,0.0,202.9785765337165,203.10187171539678,203.78338531397708,181.9298831423217,183.6185226842835,183.90882690265653,31919.532648964367,32373.158985876024,32565.519284944032,29848.032417861265,215.8955246094653,66.08801931796793,1320.211313169987,0.001171977315524304,11.495020990629786,11220.10063182761
2024-10-13 07:45:38.150370,1.0,1.0,1.0,1.0,1.0,1.0,1.0,899389.0,0.07836979264603089,0.03283802036619844,0.0505746098559697,0.01914962829286367,0.026281760015388615,0.02224331624925728,-1.271689931551616e-05,8.265984555085502e-05,-0.0002861302345991135,-0.0,0.0,0.0,0.0,1.0,0.0,0.0,203.9032521873865,202.74733944348992,203.28768822581375,182.29700749792968,184.19988254793304,183.3203574371909,32203.0218533682,32448.362603497313,32315.977640675705,29883.41671820727,216.21655743952618,66.06819712648365,1319.8138598172552,0.0011730929402011705,11.528049632126727,13267.84016339233
2024-10-13 07:45:38.154371,1.0,1.0,1.0,1.0,1.0,1.0,1.0,899390.0,0.07880067231721301,0.03291724369090571,0.05016090466686863,0.019200221850765864,0.026096544458751023,0.02193589137049136,-2.2254573802153277e-05,8.90182952086131e-05,-0.00027023411045471834,-0.0,0.0,0.0,0.0,1.0,0.0,0.0,203.10246426529187,203.4412070822532,203.44949935358312,181.7689276849578,183.9522123165258,184.225950265695,31871.7268232491,32533.837061342478,32547.133324507526,29878.021938237143,216.00198547419726,66.12186112884098,1320.8864365313646,0.0011726727129120695,11.56110511509946,11955.321946674996
2024-10-13 07:45:38.235573,1.0,1.0,1.0,1.0,1.0,1.0,1.0,899391.0,0.07899874721448709,0.03267899754122895,0.05016090466686863,0.019250682441991743,0.026059343378600053,0.021534182871517486,-5.722604691982271e-05,0.00011763131866852444,-0.0002734133352835974,-0.0,0.0,0.0,0.0,1.0,0.0,0.0,203.6792401301884,202.69321380732714,203.66838776530176,182.60745851276354,183.79994584335466,183.56981875582036,32187.23767547029,32314.481104038354,32449.607104287712,29877.211232829126,215.99607783746248,66.12186112884098,1320.8867219571505,0.001172456879766121,11.594160605215038,12903.993053167907
2024-10-13 07:45:38.319114,1.0,1.0,1.0,1.0,1.0,1.0,1.0,899392.0,0.0787345366175071,0.03259919523031266,0.05005694413093419,0.019451215795870915,0.025872535641194412,0.021216485203668426,-6.358449657758079e-05,0.00012081054349740349,-0.00025751721113920217,-0.0,0.0,0.0,0.0,1.0,0.0,0.0,203.4617374349923,203.49636498944068,203.21637903296755,181.95712277863495,184.30045891931917,183.8789633612025,31985.379117114127,32600.854274495825,32420.978980321495,29894.715703054255,216.40048220491613,66.03697273701175,1319.1907138069867,0.0011726316857498349,11.62717365234159,14430.058675030745
2024-10-13 07:45:38.322117,1.0,1.0,1.0,1.0,1.0,1.0,1.0,899393.0,0.07936060054239837,0.03315377782566108,0.05078019854850884,0.01964970273038926,0.025872535641194412,0.020185480583683704,-6.994294623533886e-05,0.00013352744281291964,-0.00022254573802153277,-0.0,0.0,0.0,0.0,1.0,0.0,0.0,203.45428387332888,202.90411251391322,203.86791091451602,182.5421264906449,183.7116563793502,183.88470579289407,32106.452518743754,32323.092359632494,32552.72338227421,29886.07031108363,216.02487040492105,66.13262754338257,1321.1022816081866,0.0011720910820065033,11.660234536886376,11216.111597035346
2024-10-13 07:45:38.404152,1.0,1.0,1.0,1.0,1.0,1.0,1.0,899394.0,0.07860209827880636,0.03267899754122895,0.050626085299173146,0.02013736256391312,0.025872535641194412,0.020376816430674367,-9.53767448663712e-05,0.00012716899315516156,-0.00021936651319265368,-0.0,0.0,0.0,0.0,1.0,0.0,0.0,203.76743009135794,203.42560215110618,203.20286360420965,182.11724425345443,184.3708836674125,183.68805274686648,32068.103418180854,32587.698883003333,32359.466153919708,29895.862359147097,216.27286049034,66.07842155057212,1320.0197921270983,0.001171818914559674,11.693268331886125,13879.435552312652
2024-10-13 07:45:38.407155,1.0,1.0,1.0,1.0,1.0,1.0,1.0,899395.0,0.07800334314880478,0.03283802036619844,0.05093384549131161,0.020424370325990055,0.025872535641194412,0.020847474702880044,-0.00011127286901076638,0.00012081054349740349,-0.000241621086994807,-0.0,0.0,0.0,0.0,1.0,0.0,0.0,203.26500369599177,203.2604330107307,204.00052805493223,182.35362201529313,183.78994829014434,184.3541044671004,32012.6228376662,32420.637553739423,32674.305948324825,29925.31190884391,216.5409258877116,66.0616754401741,1319.6843860349127,0.0011724821980728026,11.726293733272266,13233.856605330144
2024-10-13 07:45:38.489443,1.0,1.0,1.0,1.0,1.0,1.0,1.0,899396.0,0.07766870692907221,0.032439001655304125,0.05041986820864096,0.020566372293249237,0.026318646714264433,0.021307739324598604,-0.0001367066676417987,0.00010809364418188733,-0.00025433798631032317,-0.0,0.0,0.0,0.0,1.0,0.0,0.0,204.13598392323686,203.2253472396318,203.36997829611738,182.4206504688359,184.36827279094638,183.5111898691769,32200.670798326697,32526.36681789277,32332.028844375214,29908.031345780906,216.6990268396119,65.97525989224744,1317.9600562816008,0.0011710007401802198,11.759275982914833,14471.407128495443
2024-10-13 07:45:38.492446,1.0,1.0,1.0,1.0,1.0,1.0,1.0,899397.0,0.07776924898660738,0.032439001655304125,0.050626085299173146,0.020424370325990055,0.026392265450275895,0.020800888109007293,-0.00010491441935300831,0.00010491441935300831,-0.000241621086994807,-0.0,0.0,0.0,0.0,1.0,0.0,0.0,203.2882855498847,203.7408525149951,203.80873777941775,181.80289490037723,184.14596665558238,184.2696925272082,31903.116801394313,32589.529794158287,32590.78956456999,29915.513392939614,216.6902810471458,65.99442019576401,1318.3429755898185,0.0011708780233823767,11.792267815200027,12604.333092593693
2024-10-13 07:45:38.574841,1.0,1.0,1.0,1.0,1.0,1.0,1.0,899398.0,0.07709649197744844,0.03267899754122895,0.05057460985596969,0.020185480583683704,0.026392265450275895,0.020847474702880044,-0.00011763131866852446,0.00012716899315516158,-0.00022890418767929085,-0.0,0.0,0.0,0.0,1.0,0.0,0.0,204.1550593918617,203.00655950926893,203.92195835534963,182.49879139623462,184.12675766184952,183.7633476483618,32231.572467408354,32434.283619331756,32473.385344899227,29932.22349918614,217.1291116284498,65.89781092158778,1316.4134349092972,0.0011705878396281576,11.825211360291602,14677.531631252526
2024-10-13 07:45:38.657733,1.0,1.0,1.0,1.0,1.0,1.0,1.0,899399.0,0.07746723134474641,0.03291724369090571,0.05129056512636666,0.019943729580380914,0.02613369258354722,0.021216485203668426,-0.00014624434212843582,0.00014624434212843582,-0.00025433798631032317,-0.0,0.0,0.0,0.0,1.0,0.0,0.0,203.74206430020212,203.971768091876,203.5236986912041,181.79794691379993,184.42966533423203,184.12807129681235,31954.937752364258,32693.506471077846,32476.3813442811,29926.432439822947,216.75466683552003,65.99882387510227,1318.432416179828,0.0011697642712085086,11.858205430847867,11163.277580633398
2024-10-13 07:45:38.660736,1.0,1.0,1.0,1.0,1.0,1.0,1.0,899400.0,0.07706269995654944,0.03299627680272549,0.05118889889136944,0.0198462046459215,0.026059343378600053,0.021216485203668426,-0.0001684989159305891,0.00013352744281291964,-0.00024797953665256506,-0.0,0.0,0.0,0.0,1.0,0.0,0.0,203.85469005130756,203.28045027667264,204.2788206527417,182.5533642750799,183.88130389934875,183.8765748848742,32177.77063558792,32405.288548590266,32598.117760948226,29944.036722359884,216.95526817632543,65.97658835589648,1317.9882195666892,0.0011697691481972047,11.891188385283037,13353.093686882217
2024-10-13 07:45:38.742980,1.0,1.0,1.0,1.0,1.0,1.0,1.0,899401.0,0.07746723134474642,0.033232248415491,0.05159436185084285,0.0198462046459215,0.025872535641194412,0.021847261143915334,-0.00014306511729955676,0.00012398976832628253,-0.00023844186216592797,-0.0,0.0,0.0,0.0,1.0,0.0,0.0,204.24624669900606,203.87839692020978,203.55591085665543,182.10356330022884,184.71121354541265,183.69189234695241,32145.006967911093,32714.77347394276,32382.548812166388,29962.353854463607,217.02816687536725,65.99475201339015,1318.3514724182917,0.0011694625727194906,11.924180430203293,12643.935630842743
2024-10-13 07:45:38.746977,1.0,1.0,1.0,1.0,1.0,1.0,1.0,899402.0,0.07706269995654944,0.03299627680272549,0.05179590309414578,0.01964970273038926,0.025835012001953723,0.02233037457124348,-0.00011445209383964543,0.00012398976832628253,-0.00024797953665256506,-0.0,0.0,0.0,0.0,1.0,0.0,0.0,203.77360496119928,203.70564335748367,204.34498362541308,182.24653874043995,184.05576125682956,184.1193809524036,32078.62299210523,32518.96227554852,32642.63594741252,29960.783638451707,217.02341893821045,65.99269627308682,1318.3112232668313,0.0011688431311559246,11.957171467879396,12965.017279616002
2024-10-13 07:45:38.828267,1.0,1.0,1.0,1.0,1.0,1.0,1.0,899403.0,0.07645188953290964,0.032519197084621136,0.05067750845646186,0.019451215795870915,0.025797433782787597,0.02284575874987356,-0.00011763131866852446,0.00010809364418188733,-0.00023844186216592797,-0.0,0.0,0.0,0.0,1.0,0.0,0.0,204.50073169921734,203.7242418314862,203.8340311156414,182.31012002914065,184.6355794031244,183.41982633432255,32262.329268398986,32655.123993809964,32380.888704364934,29978.595769544034,217.154279429476,65.992124007193,1318.3000720627047,0.0011686304270092632,11.990162226494084,12973.585576263162
2024-10-13 07:45:38.911861,1.0,1.0,1.0,1.0,1.0,1.0,1.0,899404.0,0.0766560337936021,0.03267899754122895,0.05103601980762233,0.01894590304788124,0.025684369248357337,0.02276067182949264,-7.9480620721976e-05,9.219752003749214e-05,-0.00024480031182368605,-0.0,0.0,0.0,0.0,1.0,0.0,0.0,203.83166207448014,204.08193644784131,204.31393453399514,181.98724226781871,184.23991563424653,184.16998600263267,32032.205160048892,32637.840295906135,32640.64536509859,29981.530759823825,216.90937922382412,66.0730647862457,1319.9177017506045,0.0011680962426239075,12.023193466658983,11530.98729837452
2024-10-13 07:45:38.915860,1.0,1.0,1.0,1.0,1.0,1.0,1.0,899405.0,0.07689351709614488,0.03275860544857268,0.05108703033490621,0.018636139893149068,0.025188558989287076,0.02206816930126611,-0.00010809364418188734,8.90182952086131e-05,-0.0002352626373370489,-0.0,0.0,0.0,0.0,1.0,0.0,0.0,204.6642680606712,203.55143272100756,204.18473830128005,182.57446560765072,184.33192413596896,183.4769766688562,32333.454712119797,32542.591163534784,32452.397618463634,29986.28532002425,216.87717313145203,66.0933243462781,1320.3230560608083,0.0011676147931879224,12.056234850907527,12601.603032358062
2024-10-13 07:45:38.996956,1.0,1.0,1.0,1.0,1.0,1.0,1.0,899406.0,0.07628135198050819,0.033232248415491,0.05129056512636666,0.018531734926591673,0.024839508966216593,0.02166891317152994,-7.948062072197598e-05,8.583907037973405e-05,-0.00024480031182368605,-0.0,0.0,0.0,0.0,1.0,0.0,0.0,204.08067760329106,204.38211582550065,204.05095597520904,181.89125657097878,184.604247362093,184.03181334231925,32069.98290410219,32791.51313332102,32566.779964328478,30018.555439888776,217.01725704380564,66.12179730795646,1320.8907571176321,0.0011684415006903584,12.089290442003913,12468.51340591694
2024-10-13 07:45:39.000953,1.0,1.0,1.0,1.0,1.0,1.0,1.0,899407.0,0.07713026919351688,0.033232248415491,0.05129056512636666,0.018636139893149068,0.024917498197257262,0.02202416493185523,-9.537674486637117e-05,8.90182952086131e-05,-0.00024797953665256506,-0.0,0.0,0.0,0.0,1.0,0.0,0.0,204.45761312695586,203.56918942914032,204.7231922196072,182.7153933835986,184.064379493861,183.7459155620757,32329.520270027628,32475.98294562003,32633.884262873522,30020.659823212645,217.2275980088767,66.06234778674975,1319.7042501614317,0.0011676133419777606,12.12231634049433,14033.718672070489
2024-10-13 07:45:39.082672,1.0,1.0,1.0,1.0,1.0,1.0,1.0,899408.0,0.07706269995654945,0.03275860544857268,0.05088268139452947,0.018739963202861063,0.024604058069758756,0.021891621110694724,-9.53767448663712e-05,6.676372140645982e-05,-0.00025433798631032317,-0.0,0.0,0.0,0.0,1.0,0.0,0.0,204.58738071982089,204.33998904513416,203.9103235501563,182.11239773989462,184.80476587249768,183.50769689700246,32222.25485798125,32805.30117330843,32421.01709176274,30023.239413287465,217.24621133379696,66.06234778674975,1319.7045686327463,0.0011673723035304008,12.155342246954563,12983.168446692354
2024-10-13 07:45:39.165509,1.0,1.0,1.0,1.0,1.0,1.0,1.0,899409.0,0.07631548997818062,0.03267899754122895,0.0499005972290978,0.018531734926591673,0.024722063821441115,0.021847261143915334,-6.676372140645982e-05,5.404682209094367e-05,-0.000241621086994807,-0.0,0.0,0.0,0.0,1.0,0.0,0.0,204.07914919802124,204.03236513876416,204.8317142507041,182.35641134839594,184.07773011595248,183.97720380305356,32193.159239231292,32579.69786853617,32732.507876498104,30041.429620315215,217.77852961992664,65.94081822347582,1317.276417459005,0.0011676735685112025,12.188307388380379,15165.762602564651
2024-10-13 07:45:39.168447,1.0,1.0,1.0,1.0,1.0,1.0,1.0,899410.0,0.0773999562722696,0.032278013060311,0.05000488281250001,0.018894628520718087,0.024604058069758756,0.02233037457124348,-6.040527174870174e-05,7.312217106421791e-05,-0.00025751721113920217,-0.0,0.0,0.0,0.0,1.0,0.0,0.0,204.86604557261498,204.02567218513823,204.16986415266092,182.258808026531,184.8087853148758,183.33652694640355,32338.573197330563,32742.990233195378,32415.32743314216,30037.82144369224,217.4666341870757,66.02742130230187,1319.0072436664789,0.0011670775180683127,12.221315844125009,11465.5035425738
2024-10-13 07:45:39.250595,1.0,1.0,1.0,1.0,1.0,1.0,1.0,899411.0,0.07669000500457329,0.03275860544857268,0.0496389247530867,0.019098900711587104,0.024761274097977876,0.022546549742941794,-3.8150697946548475e-05,9.855596969525021e-05,-0.0002765925601124764,-0.0,0.0,0.0,0.0,1.0,0.0,0.0,204.09421924319523,204.35917074206768,204.63370936445367,182.02445937522347,184.30876276624267,184.18718940801648,32113.378314407313,32717.278877588913,32722.48993390558,30056.22351683131,217.60094135878387,66.02713454465717,1319.0006937032422,0.0011676996136024628,12.254324135955322,13004.699099431196
2024-10-13 07:45:39.253668,1.0,1.0,1.0,1.0,1.0,1.0,1.0,899412.0,0.07726523039768154,0.032439001655304125,0.048898792845469,0.019098900711587104,0.024956401418756297,0.022373776700767792,-6.676372140645981e-05,0.00011763131866852444,-0.0002861302345991135,-0.0,0.0,0.0,0.0,1.0,0.0,0.0,204.81063148015906,203.84791637754262,204.50846324281457,182.63364058129198,184.49908624777953,183.46593406828345,32418.19972530853,32644.71666641112,32543.896851103807,30073.441033072577,217.8110906505738,66.0012408575111,1318.4829427831144,0.0011680646811144497,12.287319470951306,13475.82223809088
2024-10-13 07:45:39.335302,1.0,1.0,1.0,1.0,1.0,1.0,1.0,899413.0,0.07699507142227967,0.03211621748977285,0.048898792845469,0.01894590304788124,0.02526547079878701,0.022199659060460605,-5.0867597262064634e-05,0.00012398976832628253,-0.0002861302345991135,-0.0,0.0,0.0,0.0,1.0,0.0,0.0,204.24233121310692,204.53910397002022,204.37929188008025,181.99074245677147,184.5936817292952,183.94611706088344,32142.58960192279,32811.19834582104,32627.201689045076,30064.974224222835,217.99321687468222,65.92751234856885,1317.0105006889917,0.0011677570012384487,12.320277957749578,14330.414061988793
2024-10-13 07:45:39.339301,1.0,1.0,1.0,1.0,1.0,1.0,1.0,899414.0,0.07669000500457329,0.03235860747555765,0.0492702485907403,0.019048038036167402,0.02522704420499114,0.02233037457124348,-6.676372140645982e-05,0.00013670666764179867,-0.00030202635874350875,-0.0,0.0,0.0,0.0,1.0,0.0,0.0,204.62960169867227,203.79625505478302,204.75060558742058,182.70166153354896,184.18981318630722,183.6133045070369,32397.798678792045,32573.37506365121,32646.767528959517,30077.186193557573,218.0351115300621,65.94164558519203,1317.2922902392224,0.0011681703200962371,12.353243496395322,12779.507453104807
2024-10-13 07:45:39.420904,1.0,1.0,1.0,1.0,1.0,1.0,1.0,899415.0,0.07699507142227968,0.03170811682633252,0.048845497142607545,0.019048038036167402,0.024995244090384144,0.02233037457124348,-1.2716899315516158e-05,0.0001303482179840406,-0.0002988471339146297,-0.0,0.0,0.0,0.0,1.0,0.0,0.0,204.54496944064744,204.53937923604045,204.0816939536349,182.1369160791873,184.87405591107554,183.5491939275792,32257.858984917773,32877.93021820523,32503.148036605508,30084.174938494893,218.21514260947808,65.90257294317833,1316.5113363937958,0.0011684843254135134,12.386189491493774,13730.436395246756
2024-10-13 07:45:39.504899,1.0,1.0,1.0,1.0,1.0,1.0,1.0,899416.0,0.0776687069290722,0.03146071551579091,0.04932308533363413,0.018791659751293096,0.025150014882560457,0.02241709479882712,-3.179224828879038e-05,0.00013352744281291964,-0.00030520558357238775,-0.0,0.0,0.0,0.0,1.0,0.0,0.0,204.22431027388168,203.97321639411024,204.92799223770695,182.6244753872097,184.1229612337342,183.8805079773645,32303.533728983428,32582.772090930368,32755.794991677587,30085.42225496488,218.1928409232484,65.91205523324001,1316.7004875019409,0.0011686914915697004,12.419140220141653,13037.76187553558
2024-10-13 07:45:39.507900,1.0,1.0,1.0,1.0,1.0,1.0,1.0,899417.0,0.07692738343431897,0.03203501327008908,0.048898792845469,0.018997039181501363,0.024878534141836748,0.02250348084068699,-7.312217106421791e-05,0.00014942356695731485,-0.00030520558357238775,-0.0,0.0,0.0,0.0,1.0,0.0,0.0,204.8263028719681,204.1454366545653,204.03362506627954,182.50931571858717,184.89537389664616,183.4488763492489,32413.128808277826,32826.88196685405,32482.367913076054,30112.669264703713,218.42593266075463,65.9014485667084,1316.4865832884007,0.001170223173627221,12.452085595788022,13052.529048011696
2024-10-13 07:45:39.589374,1.0,1.0,1.0,1.0,1.0,1.0,1.0,899418.0,0.07692738343431897,0.03291724369090571,0.04830930639899937,0.019048038036167402,0.024839508966216593,0.022460329351623145,-7.630139589309694e-05,0.00015578201661507293,-0.0002829510097702345,-0.0,0.0,0.0,0.0,1.0,0.0,0.0,203.938250774302,204.3550315929275,204.63344495907953,182.36601862331034,184.3208005822848,184.31605970261012,32188.63940329216,32747.41495930576,32819.12591791708,30123.935612836467,218.66935205513806,65.85276627372728,1315.5130921930004,0.001170970764640925,12.485006609598704,13928.280158953468
2024-10-13 07:45:39.593371,1.0,1.0,1.0,1.0,1.0,1.0,1.0,899419.0,0.07699507142227968,0.03291724369090571,0.04847078642501301,0.019098900711587104,0.024839508966216593,0.02233037457124348,-5.0867597262064634e-05,0.00015578201661507293,-0.0002734133352835974,-0.0,0.0,0.0,0.0,1.0,0.0,0.0,204.77013291324747,203.77034141412017,204.31112781571593,183.00524076168196,184.70353339188017,183.52667600464227,32512.27345339825,32693.721946381756,32563.27079244827,30128.858058909846,218.5130892651706,65.9106596564681,1316.6689572460048,0.001171461408067991,12.51795654919477,12036.543000839049
2024-10-13 07:45:39.674510,1.0,1.0,1.0,1.0,1.0,1.0,1.0,899420.0,0.07628135198050817,0.03315377782566108,0.04916440475508811,0.018843214470258284,0.024839508966216593,0.021758269893602942,-3.815069794654847e-05,0.00014942356695731485,-0.00025433798631032317,-0.0,0.0,0.0,0.0,1.0,0.0,0.0,204.09024210183682,204.4493083588764,204.16723139803952,182.39950527869786,184.87347208165335,184.3053168226546,32233.50188649979,32900.870441479274,32720.685132008384,30157.968504626944,218.72458989627827,65.9106596564681,1316.6667076794215,0.0011731679352024681,12.550906432494921,13072.602363947019
2024-10-13 07:45:39.757768,1.0,1.0,1.0,1.0,1.0,1.0,1.0,899421.0,0.07729893388037393,0.03291724369090571,0.049375865536358574,0.01894590304788124,0.024839508966216593,0.02126216122037606,-6.358449657758079e-05,0.00013352744281291964,-0.00025433798631032317,-0.0,0.0,0.0,0.0,1.0,0.0,0.0,204.4335734402164,203.6638550795034,204.52315825191602,183.10822931799422,184.61241158994363,184.0222215551236,32471.981698542633,32667.365078129536,32722.662145701936,30160.671054036073,218.38537693339057,66.01898222171528,1318.8300295443116,0.0011736131320455219,12.583910453415909,11143.549192958635
2024-10-13 07:45:39.761763,1.0,1.0,1.0,1.0,1.0,1.0,1.0,899422.0,0.07723151220694312,0.03267899754122895,0.04979609324585039,0.019600269437660415,0.024643456106314375,0.021307739324598604,-7.630139589309694e-05,0.00011763131866852446,-0.00025115876148144406,-0.0,0.0,0.0,0.0,1.0,0.0,0.0,204.28525248207353,204.30188507381803,203.86908136117387,182.52764695714876,185.1070904287732,184.26217635363807,32291.086096764146,32932.33761421434,32640.48688852073,30162.23307393306,218.41711011012356,66.01285562718833,1318.7067128539393,0.0011743164835825554,12.616911388308722,13057.581585418944
2024-10-13 07:45:39.843435,1.0,1.0,1.0,1.0,1.0,1.0,1.0,899423.0,0.07743360111466374,0.033930318160450196,0.04979609324585039,0.01974819809806028,0.024246595126450658,0.02148908505684164,-7.948062072197598e-05,0.00010809364418188734,-0.00025751721113920217,-0.0,0.0,0.0,0.0,1.0,0.0,0.0,204.10872334595973,203.69828302753842,204.54767933215564,183.13110772445782,184.53982331493455,184.61161188055428,32400.936819911454,32692.317586161727,32872.831435651206,30196.44948339284,218.47846675629611,66.06929686779972,1319.8319094213023,0.0011760590836934544,12.649940481501101,12068.790700254542
2024-10-13 07:45:39.847433,1.0,1.0,1.0,1.0,1.0,1.0,1.0,899424.0,0.07827002202296263,0.034006996943349535,0.048952030523561514,0.019501026929403496,0.024086019882307075,0.021078863306785177,-0.00010491441935300828,0.00010173519452412925,-0.00023208341250816988,-0.0,0.0,0.0,0.0,1.0,0.0,0.0,204.52205747783177,203.95247259921516,203.7211945657612,182.9228795808076,185.35024295919465,184.07510813720359,32446.854273507044,32915.9761747773,32571.378006313553,30186.843387690093,218.52712187325477,66.03358942552964,1319.1182770287817,0.001176303980539397,12.682951715880833,13698.230944661664
2024-10-13 07:45:39.929147,1.0,1.0,1.0,1.0,1.0,1.0,1.0,899425.0,0.07876761140855532,0.03446348712650292,0.0492702485907403,0.019501026929403496,0.024086019882307075,0.021078863306785177,-0.0001462443421284358,0.00010809364418188733,-0.00023208341250816988,-0.0,0.0,0.0,0.0,1.0,0.0,0.0,203.71496370429892,203.8883446012064,204.41958249568177,182.85578688355903,184.77448427998002,184.92060108966308,32268.031454166252,32781.20443679289,32905.49726490433,30194.5981196937,218.29662606745035,66.1203595570335,1320.8503398319049,0.0011772858762377708,12.716006295525466,11522.926596833824
2024-10-13 07:45:39.932150,1.0,1.0,1.0,1.0,1.0,1.0,1.0,899426.0,0.07863522877481022,0.03446348712650292,0.04847078642501301,0.0198462046459215,0.024086019882307075,0.021307739324598604,-0.00013670666764179867,0.00010173519452412925,-0.0001907534897327424,-0.0,0.0,0.0,0.0,1.0,0.0,0.0,204.55494673288615,203.44757490468893,203.9057788535309,183.38667146709483,185.16352356634604,184.29837685991646,32560.77846580672,32792.050808815795,32663.593758381186,30215.5396330807,218.43006492826453,66.12588092172166,1320.9589510601097,0.0011785607636503595,12.749063593190744,13064.15128089615
2024-10-13 07:45:40.013320,1.0,1.0,1.0,1.0,1.0,1.0,1.0,899427.0,0.07913052169675656,0.03453898225996593,0.04884549714260755,0.01969901197411813,0.02404570852370771,0.021216485203668426,-7.948062072197598e-05,0.00010491441935300828,-0.0002034703890482585,-0.0,0.0,0.0,0.0,1.0,0.0,0.0,203.7289475829765,204.11958950081237,203.9115131582254,182.84475354898717,185.17007638681972,185.11061644750626,32241.994073343012,32929.733191785795,32845.73273123858,30216.561415238353,218.02372959925046,66.2514030487019,1323.4656029363387,0.0011791886403908162,12.782183620388343,10826.839306522877
2024-10-13 07:45:40.097327,1.0,1.0,1.0,1.0,1.0,1.0,1.0,899428.0,0.0792292087295316,0.033930318160450196,0.04911139729519536,0.019451215795870915,0.02404570852370771,0.020940336965168154,-6.676372140645982e-05,0.00011127286901076637,-0.00020664961387713754,-0.0,0.0,0.0,0.0,1.0,0.0,0.0,204.21184661912375,203.19106223471715,204.20795224825855,183.67014603376842,184.9940275173958,184.64580619630794,32551.249037611105,32687.617801957145,32800.3084860434,30224.57266256275,218.08173059118354,66.2514030487019,1323.4644082418617,0.0011800902775047804,12.815303617688443,13047.609278061662
2024-10-13 07:45:40.101324,1.0,1.0,1.0,1.0,1.0,1.0,1.0,899429.0,0.07985139433963717,0.033853465699005894,0.049375865536358574,0.019550711154970875,0.02412626388678268,0.02089395742436089,-7.630139589309694e-05,0.00010491441935300828,-0.00021300806353489565,-0.0,0.0,0.0,0.0,1.0,0.0,0.0,204.01549787926743,203.9184919116773,203.5398755232512,182.97703477291716,185.59180738930976,184.95826114462648,32347.325303819154,32999.620156581856,32727.85934650933,30237.09082727269,218.34173090679525,66.1999863939667,1322.4359218623242,0.0011811226120978075,12.848397876883382,13974.29049925335
2024-10-13 07:45:40.182402,1.0,1.0,1.0,1.0,1.0,1.0,1.0,899430.0,0.07962273371051123,0.033388636330645795,0.04852449368406469,0.019600269437660415,0.024326485277441648,0.021216485203668426,-6.676372140645982e-05,8.583907037973408e-05,-0.0002257249628504118,-0.0,0.0,0.0,0.0,1.0,0.0,0.0,203.78729230657163,203.33916788749806,204.2619269953132,183.6366308948141,184.91102959647213,185.10812898248295,32437.614776221002,32695.933224063883,32919.074766377285,30230.139849789488,218.21956165612292,66.22182585409055,1322.8721066817213,0.0011811894189816552,12.881503051702461,12668.75427995196
2024-10-13 07:45:40.186401,1.0,1.0,1.0,1.0,1.0,1.0,1.0,899431.0,0.07896576923466789,0.033232248415491,0.04787603032486651,0.019200221850765864,0.024326485277441648,0.020847474702880044,-5.0867597262064634e-05,8.583907037973405e-05,-0.00020664961387713757,-0.0,0.0,0.0,0.0,1.0,0.0,0.0,204.14774695243645,203.600533360524,203.46288156449762,183.493839232086,185.77795574194744,184.72153775238218,32494.51352847977,32945.67658591495,32667.785540110483,30249.347022379552,218.35445679616623,66.22306094714904,1322.894849380058,0.001182646604158572,12.91460879566273,13064.098253691902
2024-10-13 07:45:40.268187,1.0,1.0,1.0,1.0,1.0,1.0,1.0,899432.0,0.07893277747670618,0.03299627680272549,0.047218662327942335,0.01894590304788124,0.02452507212573485,0.020519147495467436,-2.543379863103232e-05,7.948062072197598e-05,-0.0001875742649038633,-0.0,0.0,0.0,0.0,1.0,0.0,0.0,203.53151597756582,203.5207696595857,204.13382818447198,183.6964786103542,185.37375261888388,185.46336064243357,32405.522981015594,32825.323657465764,32970.22181473471,30279.845346268787,218.64400299231696,66.2021297126345,1322.4749813292096,0.0011839595873160509,12.947704032329696,13454.29068161379
2024-10-13 07:45:40.350837,1.0,1.0,1.0,1.0,1.0,1.0,1.0,899433.0,0.07866834531819232,0.03211621748977285,0.047218662327942335,0.018791659751293096,0.024839508966216593,0.020847474702880044,-1.2716899315516152e-05,9.219752003749214e-05,-0.00019711193939050042,-0.0,0.0,0.0,0.0,1.0,0.0,0.0,204.24713864028547,203.26603178277787,203.60533136329735,183.96623926316258,185.94666673708977,184.92320416469977,32603.65532458379,32888.84743484627,32705.11856850072,30278.801787293727,218.91728847827864,66.1172231290603,1320.7785485134946,0.0011841952774205992,12.980756815380285,14600.794027944254
2024-10-13 07:45:40.354355,1.0,1.0,1.0,1.0,1.0,1.0,1.0,899434.0,0.07813679635698294,0.03179015607555206,0.04771253742739651,0.018739963202861063,0.025034026493987453,0.020940336965168154,1.907534897327423e-05,8.583907037973405e-05,-0.00020664961387713754,-0.0,0.0,0.0,0.0,1.0,0.0,0.0,203.38481258959297,203.7820836149829,203.86589799621376,183.54838508989764,185.8417419414263,185.82654857226555,32330.03780632322,32984.35441194989,32973.0189472493,30308.794075033755,218.96403360185957,66.16868687161417,1321.8045859441106,0.001185720589572607,13.013835275250532,12192.997285031857
2024-10-13 07:45:40.435532,1.0,1.0,1.0,1.0,1.0,1.0,1.0,899435.0,0.07716403162419644,0.03170811682633252,0.0479304040281651,0.018688123647942947,0.025380401509347835,0.021353220143313936,1.9075348973274234e-05,0.00010173519452412927,-0.00022572496285041177,-0.0,0.0,0.0,0.0,1.0,0.0,0.0,204.08109687063927,202.9737626001541,203.96862018824334,184.35842870307377,185.7377937365633,185.33591608173646,32650.543765634397,32785.331334763476,32873.13488434719,30315.78840989244,219.33221006920118,66.07287963707041,1319.8902918016663,0.0011860395281325137,13.046865829475236,14819.186927895105
2024-10-13 07:45:40.438532,1.0,1.0,1.0,1.0,1.0,1.0,1.0,899436.0,0.07675790232199348,0.032035013270089084,0.04830930639899937,0.018636139893149068,0.025722112647481858,0.020940336965168154,1.2716899315516153e-05,0.00010491441935300831,-0.000241621086994807,-0.0,0.0,0.0,0.0,1.0,0.0,0.0,203.68567265305037,203.8676993836062,203.4095856023756,183.67492600528806,186.2849667097751,185.58593622218893,32394.63902836213,33077.43603048138,32812.19562692635,30307.835815879767,219.1292497270507,66.11672394751025,1320.7662301194082,0.0011859698554044138,13.079918304255216,12334.146925258443
2024-10-13 07:45:40.520659,1.0,1.0,1.0,1.0,1.0,1.0,1.0,899437.0,0.07651999813397432,0.03137781493555469,0.0482553596413579,0.018739963202861063,0.025759800744833576,0.02089395742436089,-6.358449657758076e-06,9.537674486637117e-05,-0.00021618728836377468,-0.0,0.0,0.0,0.0,1.0,0.0,0.0,203.62884597038365,203.12361227280275,204.19761310166695,184.36727068641866,185.7287795583768,185.63221612749567,32564.172216160812,32787.65439946592,32994.27445255065,30328.271143461036,219.52123143093897,66.04322148312978,1319.2967905061098,0.0011868282022601511,13.112934005975248,14434.792411622751
2024-10-13 07:45:40.604256,1.0,1.0,1.0,1.0,1.0,1.0,1.0,899438.0,0.0771302691935169,0.031127788521240877,0.04814728479203763,0.018791659751293096,0.025947420126718565,0.021624096343466504,-6.358449657758079e-06,0.00010491441935300828,-0.00025433798631032317,-0.0,0.0,0.0,0.0,1.0,0.0,0.0,204.04943686681622,203.5779314951826,203.34538363252565,184.0051788796181,186.6792585520801,185.4267000760592,32552.927242834503,33090.15923219169,32733.090040635332,30337.673971063075,219.23367114233238,66.15036987866891,1321.4368256243713,0.0011871225753442235,13.146003262559995,11225.346079719298
2024-10-13 07:45:40.608257,1.0,1.0,1.0,1.0,1.0,1.0,1.0,899439.0,0.07706269995654944,0.031211353204542467,0.04852449368406469,0.018739963202861063,0.025872535641194412,0.02193589137049136,-5.782411586589357e-22,0.00010491441935300828,-0.00027023411045471834,-0.0,0.0,0.0,0.0,1.0,0.0,0.0,203.2632980553459,203.29948098941247,203.98970874530204,181.55423862308584,183.1678671013466,183.03744957173953,31789.419437954995,32151.732211666833,32306.049561993317,29642.16411809788,214.4081803743108,66.08676978120815,1320.200638361951,0.0011611683149993798,13.179041583277833,13893.529361324492
2024-10-13 07:45:40.689374,1.0,1.0,1.0,1.0,1.0,1.0,1.0,899440.0,0.0782034375600193,0.03146071551579092,0.04863173026498286,0.018321140191983925,0.026022089115979988,0.021980072465344138,-9.537674486637117e-06,0.00011445209383964543,-0.00027023411045471834,-0.0,0.0,0.0,0.0,1.0,0.0,0.0,203.4981657705452,202.65365875221818,202.6548989164005,174.39356621219775,176.61450814521146,175.4911645447699,29910.875186672394,30286.107432325734,30024.384789171185,27673.694883405147,200.6997088815751,65.90755661585084,1316.7150143430508,0.001089494170096815,13.21199267546321,14977.689298567951
2024-10-13 07:45:40.692374,1.0,1.0,1.0,1.0,1.0,1.0,1.0,899441.0,0.07870144792656586,0.03087573750238642,0.04825535964135791,0.018426738416276855,0.025872535641194412,0.02233037457124348,-1.9075348973274234e-05,0.00011445209383964543,-0.000241621086994807,-0.0,0.0,0.0,0.0,1.0,0.0,0.0,201.83274636625924,201.90933749909914,202.51048402969303,166.2143591441685,167.89829587144428,167.63467258762407,27353.73405375451,27660.79020133442,27765.034699637283,25241.984274552597,183.47049882628374,65.75574734024865,1313.7981080697025,0.0010013107511778552,13.24487077140683,13331.686684618839
2024-10-13 07:45:40.775400,1.0,1.0,1.0,1.0,1.0,1.0,1.0,899442.0,0.07889977192331804,0.03146071551579092,0.048578141565218835,0.01805444269744756,0.02557080478973271,0.022589536530764214,0.0,0.00011445209383964543,-0.0002638756607969603,-0.0,0.0,0.0,0.0,1.0,0.0,0.0,201.28894148373087,200.85039127853636,200.74837666144617,157.4285193465862,159.19308856798702,158.2556690167189,24745.83202215723,25000.960895709435,24867.87029329759,22575.38717010346,164.61321322372999,65.53978344655481,1309.6097415164375,0.0009047385818917421,13.277644052526515,13207.852567277303
2024-10-13 07:45:40.778399,1.0,1.0,1.0,1.0,1.0,1.0,1.0,899443.0,0.07936060054239835,0.0319536026854434,0.048845497142607545,0.018321140191983925,0.025456733716313067,0.022199659060460605,3.1792248288790384e-06,9.855596969525022e-05,-0.0002638756607969603,-0.0,0.0,0.0,0.0,1.0,0.0,0.0,199.73746630027836,199.56350553147868,199.48297524940688,147.75602475819474,149.84669142530532,149.2354499736559,21951.698646649784,22339.374584203357,22203.468098711408,19927.514716029204,146.10570525565126,65.17465969752892,1302.438860293525,0.0008088524450657864,13.310237880715496,14612.275803370814
2024-10-13 07:45:40.860947,1.0,1.0,1.0,1.0,1.0,1.0,1.0,899444.0,0.07932777299164846,0.03227801306031101,0.04830930639899937,0.018688123647942947,0.02526547079878701,0.021980072465344138,-3.1792248288790333e-06,0.00010173519452412925,-0.0002638756607969603,-0.0,0.0,0.0,0.0,1.0,0.0,0.0,198.48769882256252,197.37565138866537,198.20313987068386,138.5143520027449,139.72195265436306,138.73193415856463,19448.71209291076,19406.579619949494,19390.87717707034,17240.2241805686,127.3696306388061,64.67358921772487,1292.5531233411295,0.0007102288774135186,13.34258431609275,15755.769780016904
2024-10-13 07:45:40.943078,1.0,1.0,1.0,1.0,1.0,1.0,1.0,899445.0,0.0809528449135354,0.032035013270089084,0.04754848237172128,0.018688123647942947,0.02507274890923307,0.021891621110694724,4.450914760430655e-05,7.630139589309694e-05,-0.0002670548856258393,-0.0,0.0,0.0,0.0,1.0,0.0,0.0,196.39011032808048,196.1060802120095,196.07201958388498,127.42403557251323,129.5775896602301,127.98471660125043,16664.065831882697,16847.504180161653,16625.395118239187,14603.392077988015,108.5986271269564,64.24462120975701,1284.1057552617458,0.0006122449775414498,13.3747193541659,13233.096614230628
2024-10-13 07:45:40.946080,1.0,1.0,1.0,1.0,1.0,1.0,1.0,899446.0,0.0813060019714818,0.03219721690590663,0.04705288535396546,0.018739963202861063,0.024839508966216593,0.022675265630247764,4.76883724331856e-05,7.948062072197598e-05,-0.0002861302345991135,-0.0,0.0,0.0,0.0,1.0,0.0,0.0,194.28053265288446,193.60833899305854,194.51697393696773,116.42861541484112,117.48720811416395,116.57227956116876,14019.751338303658,13923.811032930642,13999.820163805547,11941.551366927326,89.72107945908739,63.58131442693394,1270.976858297105,0.0005107084112897317,13.406525838611682,16086.253379731474
2024-10-13 07:45:41.028604,1.0,1.0,1.0,1.0,1.0,1.0,1.0,899447.0,0.08226145194229703,0.032439001655304125,0.04716346808075752,0.018739963202861063,0.025034026493987453,0.022675265630247764,6.676372140645982e-05,6.040527174870174e-05,-0.00029248868425687163,-0.0,0.0,0.0,0.0,1.0,0.0,0.0,192.41671546192165,191.65258744077974,191.5395492590526,103.6562956304596,105.64086996116997,103.26078502200558,11385.312578197716,11377.667207370287,11097.249806939493,9319.240222475337,70.88525924960068,62.79758947852977,1255.4399853812652,0.0004075030535252358,13.4379435092852,16926.720179767
2024-10-13 07:45:41.032605,1.0,1.0,1.0,1.0,1.0,1.0,1.0,899448.0,0.08149798807578167,0.032035013270089084,0.04688652224495428,0.018791659751293096,0.025303839037745666,0.02263244167204487,5.722604691982271e-05,4.7688372433185584e-05,-0.0002765925601124764,-0.0,0.0,0.0,0.0,1.0,0.0,0.0,189.40761942199643,189.43713034984796,189.28606750370272,89.4319041101053,90.34281644082283,89.56069167719261,8565.415027404651,8574.915817852796,8581.559437446447,6681.587092009028,51.455831491129075,62.01781954543915,1239.9849532027129,0.0002994604686141884,13.468974414269486,15540.436388298263
2024-10-13 07:45:41.114116,1.0,1.0,1.0,1.0,1.0,1.0,1.0,899449.0,0.0817532682250998,0.03211621748977285,0.046942042124967255,0.018636139893149068,0.025342149186916324,0.022373776700767792,5.404682209094367e-05,3.179224828879039e-05,-0.0002861302345991135,-0.0,0.0,0.0,0.0,1.0,0.0,0.0,186.95895398628133,186.83787212401683,186.63963253352665,79.67344563783823,80.68332518360855,78.81386947640136,6701.749141557047,6600.779294140355,6534.21056991015,4784.874877553264,37.32570777005565,61.220876449694074,1224.1479682532927,0.00022015426454261743,13.49960899510973,14911.554993952515
2024-10-13 07:45:41.197443,1.0,1.0,1.0,1.0,1.0,1.0,1.0,899450.0,0.08127396019606152,0.03267899754122895,0.04699749641733917,0.019048038036167402,0.025456733716313067,0.022373776700767792,8.90182952086131e-05,4.450914760430655e-05,-0.0002829510097702345,-0.0,0.0,0.0,0.0,1.0,0.0,0.0,184.41812980125397,184.30616440804098,184.8261131534947,78.72942796212867,79.6171502322052,77.6757981013649,6068.163283843279,5864.2945780082,5892.728695472855,4159.295917022199,32.83230134786806,60.49856570907244,1209.7339713635495,0.00019615573949369403,13.529882862405206,13344.474900847039
2024-10-13 07:45:41.200443,1.0,1.0,1.0,1.0,1.0,1.0,1.0,899451.0,0.08069503265077752,0.033232248415491,0.0478760303248665,0.01935120888239217,0.025456733716313067,0.022286887919318283,0.00011763131866852446,3.497147311766943e-05,-0.00031474325805902487,-0.0,0.0,0.0,0.0,1.0,0.0,0.0,182.6704678026679,182.53186746371293,181.872349926734,79.19788117885749,80.74380450554621,78.86268235172683,5815.599933414244,5829.5447353272,5650.4389013539,4021.6714938256164,32.18549663605016,59.67220987954247,1193.212405522782,0.0001942211194584935,13.559743273764404,15086.444584066565
2024-10-13 07:45:41.282391,1.0,1.0,1.0,1.0,1.0,1.0,1.0,899452.0,0.08033918992321469,0.033853465699005894,0.048363192981729496,0.019550711154970875,0.025722112647481858,0.021980072465344138,9.219752003749215e-05,4.132992277542751e-05,-0.00031474325805902487,-0.0,0.0,0.0,0.0,1.0,0.0,0.0,180.43728785287874,179.72765390694494,180.61811476764902,81.28234384463794,82.45747530104049,79.98657427486228,5996.9768837850825,5715.95094070243,5686.981067705943,4092.6333056686376,33.18079526862019,58.90407097309571,1177.8430545497426,0.0002023331394874294,13.589219063625992,14110.551818987473
2024-10-13 07:45:41.285390,1.0,1.0,1.0,1.0,1.0,1.0,1.0,899453.0,0.08004686928167702,0.033075121065200774,0.048898792845469,0.019451215795870915,0.025910004937642474,0.022155915847396346,0.00011445209383964543,6.040527174870175e-05,-0.00032746015737454104,-0.0,0.0,0.0,0.0,1.0,0.0,0.0,177.89963014847112,178.44271468378957,178.49074361895768,82.8053382551312,83.79405133049882,81.96853207042247,5921.027849946015,5784.920732481479,5827.140722621069,4170.681262934156,34.32080235342553,58.03400499389446,1160.4353515187586,0.00021086633531194692,13.618259221766925,15893.12438348744
2024-10-13 07:45:41.368020,1.0,1.0,1.0,1.0,1.0,1.0,1.0,899454.0,0.08063045078156783,0.032439001655304125,0.04979609324585038,0.01914962829286367,0.025759800744833576,0.022112086099532226,0.00013352744281291964,6.040527174870175e-05,-0.000321101707716783,-0.0,0.0,0.0,0.0,1.0,0.0,0.0,176.4953411904384,176.60054809363368,176.00272486298698,84.50084812476473,85.82348054634937,83.66758925940555,6009.4798152644125,5942.8051829930355,5831.880745174622,4285.971998009167,35.741399664564945,57.26844113288432,1145.1151367967714,0.0002214883589432199,13.646915988056087,14144.191067165157
2024-10-13 07:45:41.371020,1.0,1.0,1.0,1.0,1.0,1.0,1.0,899455.0,0.08072730421081617,0.03267899754122895,0.05000488281250001,0.019301011109426145,0.025910004937642474,0.021713637498104413,0.00010173519452412927,6.994294623533886e-05,-0.0002861302345991135,-0.0,0.0,0.0,0.0,1.0,0.0,0.0,174.79959643680007,174.50859244431922,174.32413062822965,86.32313489205043,87.6241605374215,85.3111688161326,6092.5226887005665,5960.962713150326,5853.414852979029,4356.554730471981,36.899608323274975,56.38488179334688,1127.438341562521,0.00022993247140866145,13.675130388531112,16188.595582168058
2024-10-13 07:45:41.453684,1.0,1.0,1.0,1.0,1.0,1.0,1.0,899456.0,0.08159381172801693,0.032599195230312655,0.05083146579886899,0.019301011109426145,0.026096544458751023,0.02089395742436089,9.53767448663712e-05,6.994294623533886e-05,-0.00026069643596808123,-0.0,0.0,0.0,0.0,1.0,0.0,0.0,172.77057891475243,172.77073038577987,172.83404488338326,88.20720764901526,89.58262970705603,87.39780536620617,6168.3340121200645,6031.193217699882,5967.827711147175,4471.041665545052,38.40340600890406,55.601304342249996,1111.758235729919,0.00024086765432002936,13.702952390797613,14531.003081943372
2024-10-13 07:45:41.536560,1.0,1.0,1.0,1.0,1.0,1.0,1.0,899457.0,0.08114566657196526,0.03219721690590663,0.05067750845646186,0.019401276776896823,0.02613369258354722,0.020940336965168154,9.219752003749215e-05,9.219752003749214e-05,-0.00027023411045471834,-0.0,0.0,0.0,0.0,1.0,0.0,0.0,170.93610680563648,171.04762472454348,171.40374434459966,90.04413781194773,91.37446680181287,89.23307769065164,6193.112537542393,6025.279551322598,6016.274750857689,4519.477332200212,39.45753602070946,54.70253977947437,1093.7791309126494,0.00024831084437156785,13.730324461884024,16505.19832234259
2024-10-13 07:45:41.539558,1.0,1.0,1.0,1.0,1.0,1.0,1.0,899458.0,0.08200775372225469,0.03259919523031266,0.05108703033490621,0.019250682441991743,0.026059343378600053,0.020847474702880044,9.855596969525022e-05,0.00010173519452412925,-0.0002734133352835974,-0.0,0.0,0.0,0.0,1.0,0.0,0.0,169.4437091212771,169.06342377390328,170.00516740378131,91.74373139512139,93.68398430835543,90.98031521960979,6294.487806901559,6064.29391594701,5973.629173445358,4576.888949819473,40.610625180375905,53.82492731973729,1076.222536015192,0.00025639642568798355,13.757257175197017,16164.767937668481
2024-10-13 07:45:41.621134,1.0,1.0,1.0,1.0,1.0,1.0,1.0,899459.0,0.08165763169219574,0.03299627680272549,0.05041986820864096,0.019501026929403496,0.026281760015388615,0.021032789233536103,7.630139589309695e-05,0.00013034821798404061,-0.000241621086994807,-0.0,0.0,0.0,0.0,1.0,0.0,0.0,168.49468127742983,167.32974073402218,168.09205742116825,93.30159930099693,95.91604227143438,92.84385187035814,6310.47293203205,6140.926181781295,5854.547797783695,4591.045112904619,41.42523965623651,52.929977846656826,1058.322215741226,0.0002619887662846744,13.783741928931006,16452.502498646936
2024-10-13 07:45:41.625134,1.0,1.0,1.0,1.0,1.0,1.0,1.0,899460.0,0.08133803112457424,0.03275860544857268,0.05108703033490621,0.019501026929403496,0.026022089115979988,0.020940336965168154,4.132992277542751e-05,0.00013988589247067773,-0.00025433798631032317,-0.0,0.0,0.0,0.0,1.0,0.0,0.0,166.68783528478005,166.5761453389054,166.2634670833108,94.9725913030707,97.69504319071484,95.55546071093372,6164.3151079151185,6261.0645499272505,5953.306682584416,4636.477247838185,42.54219819588216,52.05070117559306,1040.7336298827831,0.0002693466396659118,13.809786524310514,16205.562028152606
2024-10-13 07:45:41.706893,1.0,1.0,1.0,1.0,1.0,1.0,1.0,899461.0,0.0817532682250998,0.03267899754122895,0.050677508456461864,0.019451215795870915,0.026538890275460948,0.021032789233536103,-1.58961241443952e-05,0.00013352744281291964,-0.00024480031182368605,-0.0,0.0,0.0,0.0,1.0,0.0,0.0,164.94846249720007,164.73645796226756,165.59765910347957,97.45793391692547,99.37116634710438,97.36485250635039,6197.529073843447,6074.4819114235515,5999.259421387106,4620.892293401066,43.11392617421807,51.18801696108743,1023.4806920875784,0.00027315683510732144,13.835399361004532,15907.229999569088
2024-10-13 07:45:41.789616,1.0,1.0,1.0,1.0,1.0,1.0,1.0,899462.0,0.08194420644132665,0.03219721690590663,0.0503164427290474,0.01914962829286367,0.02657542007977932,0.02144389239891845,-1.2716899315516158e-05,0.0001367066676417987,-0.00022254573802153277,-0.0,0.0,0.0,0.0,1.0,0.0,0.0,163.87557675385187,163.317844420144,164.03058379045865,99.47811060574259,101.79846625210571,99.2436085371681,6242.354632562483,6115.264001268009,5930.792880294485,4645.268742576264,44.14011217849814,50.26203800928104,1004.9600409462856,0.0002792557270392743,13.860548714198748,16977.793520960076
2024-10-13 07:45:41.793498,1.0,1.0,1.0,1.0,1.0,1.0,1.0,899463.0,0.08235638729061436,0.03219721690590663,0.0492702485907403,0.018791659751293096,0.02650231011985886,0.021353220143313936,-5.404682209094367e-05,0.0001208105434974035,-0.0002034703890482585,-0.0,0.0,0.0,0.0,1.0,0.0,0.0,162.70786385100078,162.087384894011,162.48402965503823,101.308325937894,103.89479530472228,101.54016191395868,6162.5957340263,6137.281378654604,5873.649626419641,4624.820958015209,44.67070818382526,49.44657820724194,988.6520446742799,0.0002826479411654604,13.885289956083634,15112.891482880992
2024-10-13 07:45:41.875200,1.0,1.0,1.0,1.0,1.0,1.0,1.0,899464.0,0.08248279778295653,0.03275860544857268,0.04879214322483564,0.018791659751293096,0.02664832946254422,0.021891621110694724,-6.994294623533886e-05,0.00011763131866852446,-0.00021618728836377465,-0.0,0.0,0.0,0.0,1.0,0.0,0.0,160.9128288029919,160.51145679248248,162.0448790781831,103.62991910298098,105.96297632606905,103.25966615135292,6196.712524917622,5956.463790862818,5876.480110949754,4593.791131939641,45.15967522636113,48.58315801725037,971.3859488782946,0.0002852958494529567,13.909599110001073,15891.726979222292
2024-10-13 07:45:41.879200,1.0,1.0,1.0,1.0,1.0,1.0,1.0,899465.0,0.08133803112457424,0.032439001655304125,0.048685259978782675,0.018426738416276855,0.02657542007977932,0.021980072465344138,-3.815069794654847e-05,0.00010809364418188734,-0.00023526263733704888,-0.0,0.0,0.0,0.0,1.0,0.0,0.0,159.30377864956242,160.09623582421005,160.2768722537146,105.26722549281256,107.6155496893729,105.67570398486902,5950.410465975835,5978.279588357394,5887.400312624277,4539.458000028699,45.42550419225008,47.727652435649205,954.2795737895757,0.0002864952595113004,13.933480172998028,15725.677898464259
2024-10-13 07:45:41.959964,1.0,1.0,1.0,1.0,1.0,1.0,1.0,899466.0,0.08082404157831061,0.032278013060311,0.04948125704482232,0.01826811217861732,0.025684369248357337,0.021980072465344138,-4.6259292692714854e-21,8.265984555085504e-05,-0.0002765925601124764,-0.0,0.0,0.0,0.0,1.0,0.0,0.0,158.84744170728817,158.62876594641972,158.50712940715616,106.8747867599591,109.73177696425643,107.26290382695062,5985.10847029841,6046.2510007704705,5743.525113451043,4542.040862417997,46.23970971621097,46.91414638562067,938.0096796660022,0.000291221377199581,13.956954078200567,15037.423296083492
2024-10-13 07:45:42.042971,1.0,1.0,1.0,1.0,1.0,1.0,1.0,899467.0,0.08104931308470009,0.03267899754122895,0.04969136948483319,0.01800062903766519,0.025418596266109744,0.021891621110694724,-3.1792248288790396e-05,6.994294623533888e-05,-0.0002765925601124764,-0.0,0.0,0.0,0.0,1.0,0.0,0.0,157.6592054433601,156.97044261064622,157.53649773029946,108.73035284745787,111.32348937530774,108.49430391140024,6021.106060130926,5911.763664664102,5674.279087878571,4503.333530753304,46.616884244471805,46.13810456909442,922.4912433685804,0.000293518790853871,13.980039631011406,14398.693103110189
2024-10-13 07:45:42.046971,1.0,1.0,1.0,1.0,1.0,1.0,1.0,899468.0,0.08050113161127861,0.03275860544857268,0.05088268139452947,0.0182149297886861,0.02526547079878701,0.021579186437577745,-1.589612414439519e-05,5.0867597262064634e-05,-0.0002829510097702345,-0.0,0.0,0.0,0.0,1.0,0.0,0.0,156.0344730356941,155.8829341155554,156.46623902032437,110.50985555891394,112.4506621420177,109.79423000478984,5997.002260357667,5806.746576852178,5752.095824224833,4503.338125911146,47.49279295918432,45.28744623650545,905.4786781256429,0.0002983681206651347,14.00269944051445,15634.636304382939
2024-10-13 07:45:42.128865,1.0,1.0,1.0,1.0,1.0,1.0,1.0,899469.0,0.07988400671360849,0.03219721690590663,0.05072887948684035,0.0182149297886861,0.025111411613631566,0.02144389239891845,1.907534897327423e-05,6.358449657758079e-05,-0.0002861302345991135,-0.0,0.0,0.0,0.0,1.0,0.0,0.0,154.46269521694705,154.7238274565555,155.26736912033695,111.9481756341071,113.63204941371713,111.13854146957482,5954.151850788319,5749.857943357448,5780.855892585964,4497.519359079623,48.25572837887103,44.51406165414042,890.0113562008926,0.00030313666276151203,14.024972176774574,14371.280416792402
2024-10-13 07:45:42.131866,1.0,1.0,1.0,1.0,1.0,1.0,1.0,899470.0,0.0804363940603082,0.03235860747555765,0.05047150147174474,0.018321140191983925,0.025111411613631566,0.02166891317152994,3.497147311766944e-05,6.040527174870175e-05,-0.00029566790908575063,-0.0,0.0,0.0,0.0,1.0,0.0,0.0,153.16818756352902,153.03374636438136,154.14605012628255,113.25919209731809,114.74288050971273,111.60977314908709,6027.836929042289,5628.94189478824,5721.722863066611,4481.362693995446,49.01825661213817,43.664370488680476,873.0188388956783,0.000307540077785692,14.046819671431095,15618.517446096916
2024-10-13 07:45:42.214478,1.0,1.0,1.0,1.0,1.0,1.0,1.0,899471.0,0.07972081143240958,0.03235860747555765,0.05057460985596969,0.01778374607040109,0.024722063821441115,0.02193589137049136,4.4509147604306555e-05,5.404682209094367e-05,-0.0003179224828879039,-0.0,0.0,0.0,0.0,1.0,0.0,0.0,152.29228036247974,151.53797890513604,152.23353689202688,113.57651414437264,115.97293095644231,112.37648572745437,5975.056978149486,5688.495654273197,5527.119811233311,4439.177984793453,49.41626094552907,42.90510011926123,857.835586132324,0.0003104715431965235,14.068287201739956,14126.225043374681
2024-10-13 07:45:42.217480,1.0,1.0,1.0,1.0,1.0,1.0,1.0,899472.0,0.08024186803415992,0.03259919523031266,0.05072887948684034,0.01800062903766519,0.024485483605775776,0.021758269893602942,6.358449657758079e-05,4.450914760430655e-05,-0.00031156403323014586,-0.0,0.0,0.0,0.0,1.0,0.0,0.0,150.65208360274556,150.70057639876626,150.2024856490006,113.809547776554,116.40309064913339,113.41356656636393,5772.589090180798,5742.273812637257,5510.359140430215,4405.80106595614,50.05955285047661,42.03546586774622,840.4450035990906,0.0003143937510594446,14.089319528772506,15912.374061168812
2024-10-13 07:45:42.298133,1.0,1.0,1.0,1.0,1.0,1.0,1.0,899473.0,0.07981876864089442,0.03291724369090571,0.05144268774946429,0.01826811217861732,0.024878534141836748,0.021847261143915334,7.312217106421791e-05,5.4046822090943663e-05,-0.00030520558357238775,-0.0,0.0,0.0,0.0,1.0,0.0,0.0,148.86800558823975,149.0250053262653,148.8468022046018,114.58889454899608,116.51705072080102,113.61608155594148,5724.246439194721,5579.930056451056,5500.536030600897,4355.814053114761,50.3857873549757,41.28959630195761,825.5296274621752,0.0003176327700791982,14.109978595130793,13885.084689625786
2024-10-13 07:45:42.382464,1.0,1.0,1.0,1.0,1.0,1.0,1.0,899474.0,0.07994919155245452,0.03267899754122895,0.05199666316101998,0.0182149297886861,0.025034026493987453,0.021802810922600106,8.901829520861311e-05,5.086759726206463e-05,-0.00029248868425687163,-0.0,0.0,0.0,0.0,1.0,0.0,0.0,146.99871545245196,147.49999392940342,147.1862840020139,114.88418471014062,116.56801207955588,113.92837145441902,5641.011208526532,5514.385552959527,5497.490290017743,4329.940950054494,51.162830727768196,40.42119335219488,808.1626786805249,0.0003230834392948843,14.130203049652767,15866.842740677605
2024-10-13 07:45:42.386464,1.0,1.0,1.0,1.0,1.0,1.0,1.0,899475.0,0.08040400573845544,0.03219721690590663,0.05219665106520728,0.01837401516539352,0.025188558989287076,0.021758269893602942,7.312217106421791e-05,5.086759726206463e-05,-0.0002893094594279926,-0.0,0.0,0.0,0.0,1.0,0.0,0.0,146.0959564544127,145.08171761809257,145.2156939251999,114.7290780209681,117.3850457197461,113.9398190368329,5704.186868978147,5556.1861292593885,5261.391871627218,4311.8211303435755,51.94797663698013,39.643927931302855,792.6171809360662,0.00032965665062742607,14.150038474564184,14403.297624296696
2024-10-13 07:45:42.468067,1.0,1.0,1.0,1.0,1.0,1.0,1.0,899476.0,0.08030676239821123,0.032278013060311,0.05118889889136944,0.0182149297886861,0.02564657030330141,0.02206816930126611,6.358449657758078e-05,8.265984555085502e-05,-0.0002638756607969603,-0.0,0.0,0.0,0.0,1.0,0.0,0.0,143.08491214174097,143.6979292638282,144.07108947622095,115.42019005305994,116.67039725877679,113.85652087928207,5522.099563120648,5228.584683674573,5365.3603892029305,4203.669595452673,51.7143533076226,38.824163143843926,776.2272009029876,0.00032977140156527585,14.169463736504037,15024.742776715777
2024-10-13 07:45:42.471065,1.0,1.0,1.0,1.0,1.0,1.0,1.0,899477.0,0.08053348087182131,0.032599195230312655,0.05134132274900665,0.018636139893149068,0.026059343378600053,0.02224331624925728,0.00011127286901076638,0.00010809364418188733,-0.0002765925601124764,-0.0,0.0,0.0,0.0,1.0,0.0,0.0,141.6705110481338,142.07873358986367,141.2972571920768,114.8669015098757,117.1886280930377,114.51323070386601,5338.656701411784,5350.022751231669,5173.31249229931,4146.445253573125,52.04122721054122,38.055287648916874,760.8513024063566,0.000334316973673069,14.188504213093015,14190.935549657614
2024-10-13 07:45:42.552938,1.0,1.0,1.0,1.0,1.0,1.0,1.0,899478.0,0.08069503265077752,0.033232248415491,0.05010895135964307,0.018321140191983925,0.026207830867489117,0.02263244167204487,0.00011763131866852446,0.00013670666764179867,-0.0002861302345991135,-0.0,0.0,0.0,0.0,1.0,0.0,0.0,139.81010838030173,139.70124254273838,139.51796958291104,115.1994706710783,117.40814132458208,114.08991221635048,5307.301996412798,5147.497443882606,5005.508212720702,4041.0019279125827,51.779245506012046,37.27523402613761,745.2546968416037,0.00033532141068932193,14.20715438108663,14311.911899096871
2024-10-13 07:45:42.636099,1.0,1.0,1.0,1.0,1.0,1.0,1.0,899479.0,0.0805981404413478,0.033075121065200774,0.0509338454913116,0.01826811217861732,0.026096544458751023,0.02263244167204487,0.00013034821798404061,0.0001144520938396454,-0.0002861302345991135,-0.0,0.0,0.0,0.0,1.0,0.0,0.0,137.44215763992798,137.91052279369285,137.39648266849426,115.41867304552561,117.32816177083872,114.26968659435994,5150.307707017183,5020.897109044497,4959.903175691027,3960.3731384875423,51.92760795114477,36.42724604779246,728.2980899929094,0.00033879992275017784,14.22538020614397,15359.673338734643
2024-10-13 07:45:42.640097,1.0,1.0,1.0,1.0,1.0,1.0,1.0,899480.0,0.08017692114530414,0.03291724369090571,0.05139203024062462,0.018108096434446105,0.026428997918226275,0.022589536530764214,0.00012716899315516156,0.00011763131866852446,-0.0002765925601124764,-0.0,0.0,0.0,0.0,1.0,0.0,0.0,135.3185196364302,136.0433840778704,134.9155731103212,114.91673867437744,117.35053382201419,114.90790069266332,4909.666691582468,5001.598688076871,4818.0223536528865,3856.0955893210403,51.66977709523023,35.64515613464041,712.6603309445504,0.0003405676599376526,14.243214692730676,14254.7175046003
2024-10-13 07:45:42.721842,1.0,1.0,1.0,1.0,1.0,1.0,1.0,899481.0,0.08046876934600648,0.033388636330645795,0.052096753076864476,0.01837401516539352,0.026428997918226275,0.022199659060460605,0.00014306511729955676,0.00012398976832628253,-0.0002638756607969603,-0.0,0.0,0.0,0.0,1.0,0.0,0.0,133.0786445705166,133.8106413333537,132.7451913552484,115.41855246734217,117.33117045160557,115.02219514781744,4824.408111272025,4865.531273752747,4759.735344654351,3792.5005625972244,51.94055023257664,34.874734693112956,697.2531579046379,0.00034629074564520494,14.26066361131396,14048.735237963989
2024-10-13 07:45:42.725839,1.0,1.0,1.0,1.0,1.0,1.0,1.0,899482.0,0.0805334808718213,0.03291724369090571,0.052246528430687264,0.018531734926591673,0.02668470945144587,0.02193589137049136,0.00018439504007498428,0.00014624434212843582,-0.00027977178494135546,-0.0,0.0,0.0,0.0,1.0,0.0,0.0,130.5823382973319,131.43356302971114,130.72958974725557,115.33823282898693,117.53696622945021,114.88239692430851,4705.499367526982,4681.265993894752,4605.02826697859,3670.550878420195,51.55324833606498,34.006926243927,679.902432951673,0.0003471232965508119,14.27767832406593,15516.644697947548
2024-10-13 07:45:42.806138,1.0,1.0,1.0,1.0,1.0,1.0,1.0,899483.0,0.08050113161127861,0.033075121065200774,0.05199666316101998,0.018531734926591673,0.026538890275460948,0.02166891317152994,0.00016531969110171005,0.00014306511729955676,-0.0002893094594279926,-0.0,0.0,0.0,0.0,1.0,0.0,0.0,128.4637321323105,128.59142167556632,128.6593502412024,115.87760762370195,117.68140668489862,114.9054355561198,4707.861743611473,4546.172351631291,4507.332887468233,3623.916819973218,52.15470329964321,33.187957613678186,663.5232170018448,0.000355453135238481,14.294283143219962,14742.014839728954
2024-10-13 07:45:42.810135,1.0,1.0,1.0,1.0,1.0,1.0,1.0,899484.0,0.08063045078156783,0.033466556241354264,0.0518963802071913,0.018636139893149068,0.02679355304171941,0.021758269893602942,0.00013988589247067773,0.00013352744281291964,-0.00031474325805902487,-0.0,0.0,0.0,0.0,1.0,0.0,0.0,126.15225224035781,126.40822939953196,125.86831826835639,115.49149171407903,117.98266275588979,115.20237690139989,4534.072421825145,4515.35237211133,4347.03057900646,3533.366256685492,52.16073857062564,32.35510119258173,646.8689526826894,0.00036017685056524945,14.310471185628167,14914.557774698294
2024-10-13 07:45:42.891617,1.0,1.0,1.0,1.0,1.0,1.0,1.0,899485.0,0.08040400573845545,0.033930318160450196,0.05264384615644527,0.018843214470258284,0.026865870455412305,0.021624096343466504,0.00014942356695731485,0.00014624434212843582,-0.0002893094594279926,-0.0,0.0,0.0,0.0,1.0,0.0,0.0,123.29370701020444,123.58415179059747,124.11419759274042,116.3835644834507,118.40696939437412,114.35599314804729,4591.0558196203,4227.577067057314,4270.709769450292,3461.9052957427984,52.51707076642966,31.4858653653225,629.4859926030115,0.00036733102418277426,14.32622421551369,15459.329855643733
2024-10-13 07:45:42.974175,1.0,1.0,1.0,1.0,1.0,1.0,1.0,899486.0,0.08004686928167702,0.03354429515269826,0.052495204411799876,0.019250682441991743,0.02668470945144587,0.021170710640734267,0.00014306511729955676,0.00012398976832628253,-0.00027977178494135546,-0.0,0.0,0.0,0.0,1.0,0.0,0.0,121.7757920067304,120.91088578002508,120.69158427060252,115.80445375265333,118.79177985681554,115.00323293233933,4413.070264504445,4316.984212035204,3994.9534751473816,3371.4900060053715,52.54596041632307,30.646859023431606,612.7085269230219,0.00037304564463743676,14.34155738551136,14942.597045845405
2024-10-13 07:45:42.978172,1.0,1.0,1.0,1.0,1.0,1.0,1.0,899487.0,0.07939341451962957,0.03267899754122895,0.05204673217903484,0.018894628520718087,0.026392265450275895,0.021124836890965972,0.0001144520938396454,9.219752003749215e-05,-0.00027023411045471834,-0.0,0.0,0.0,0.0,1.0,0.0,0.0,118.06856784161988,118.77312443867824,118.82704588251974,116.85651374463741,117.48270636332207,115.4828003662229,4197.80198265155,4010.1410280802625,4171.122406519434,3287.094901530124,52.56357906991252,29.869894072821097,597.1709817874358,0.0003798133137549116,14.356501724914315,13936.847808775401
2024-10-13 07:45:43.059303,1.0,1.0,1.0,1.0,1.0,1.0,1.0,899488.0,0.07985139433963717,0.03211621748977285,0.052445563545461545,0.019098900711587104,0.026392265450275895,0.020519147495467436,7.31221710642179e-05,6.676372140645982e-05,-0.0002543379863103231,-0.0,0.0,0.0,0.0,1.0,0.0,0.0,116.07812164793219,115.99071787922422,115.64840903872377,115.96185469154314,117.99443006243361,116.215377671764,4011.610764709396,4057.8032450118562,3895.7115979310593,3180.225962014693,52.30283021153901,29.042985462192657,580.6362829200976,0.00038464765278053406,14.371032279724021,14655.110417012118
2024-10-13 07:45:43.063240,1.0,1.0,1.0,1.0,1.0,1.0,1.0,899489.0,0.07991660577912112,0.03211621748977285,0.05179590309414578,0.01914962829286367,0.02657542007977932,0.020847474702880044,2.8613023459911343e-05,8.90182952086131e-05,-0.0002511587614814441,-0.0,0.0,0.0,0.0,1.0,0.0,0.0,113.2672857289658,113.31980649904817,113.0957663412462,116.08470328485883,117.37753548465405,117.05133134760166,3825.930542249309,3953.844589603932,3881.658960546254,3109.6828703229635,52.67538923789984,28.198176131188358,563.7411406964959,0.00039431970038882253,14.385140029763651,14911.520100569096
2024-10-13 07:45:43.145264,1.0,1.0,1.0,1.0,1.0,1.0,1.0,899490.0,0.07981876864089443,0.0319536026854434,0.05134132274900665,0.018791659751293096,0.026170787978491077,0.020707400498272993,1.907534897327423e-05,8.583907037973405e-05,-0.00025433798631032317,-0.0,0.0,0.0,0.0,1.0,0.0,0.0,110.9089794030648,110.18654584925743,110.37911270552368,116.0270084906058,117.82582147759207,117.37674887469981,3776.0011511901125,3889.93755649578,3707.8701905614957,3044.125667267438,52.963834353129705,27.45369009664679,548.8511018008248,0.0004055923471978517,14.398875153199231,13338.948394132694
2024-10-13 07:45:43.229512,1.0,1.0,1.0,1.0,1.0,1.0,1.0,899491.0,0.08017692114530416,0.031211353204542467,0.05088268139452947,0.018479311243270825,0.025759800744833576,0.020707400498272993,6.358449657758066e-06,8.583907037973405e-05,-0.00024480031182368605,-0.0,0.0,0.0,0.0,1.0,0.0,0.0,107.80808538743683,107.11408948733933,108.1530466598931,116.76054568414827,117.68568338810812,116.93042115359472,3748.3325627410027,3648.3478635618662,3653.0273904961005,2966.7684718040987,53.17098027774341,26.652087400393178,532.8198180628125,0.00041634627283958735,14.412209090119472,14192.31923255361
2024-10-13 07:45:43.233509,1.0,1.0,1.0,1.0,1.0,1.0,1.0,899492.0,0.08046876934600648,0.03146071551579092,0.050471501471744736,0.018321140191983925,0.025910004937642474,0.020940336965168154,-3.815069794654848e-05,8.90182952086131e-05,-0.00025433798631032317,-0.0,0.0,0.0,0.0,1.0,0.0,0.0,104.63825622783766,104.5134018443808,105.4616707735156,117.82602486962354,117.2549107077438,116.8840977144549,3598.6333925806807,3418.0105374981244,3658.6330585132173,2871.7408429632665,53.00991958242724,25.8770169232104,517.3202533074614,0.00042525217918243895,14.425155146912635,13734.756023111284
2024-10-13 07:45:43.314521,1.0,1.0,1.0,1.0,1.0,1.0,1.0,899493.0,0.08072730421081617,0.03129469474997817,0.050264650185492185,0.018791659751293096,0.025835012001953723,0.021124836890965972,-1.58961241443952e-05,8.583907037973405e-05,-0.00025433798631032317,-0.0,0.0,0.0,0.0,1.0,0.0,0.0,101.83178128734173,101.82686581298346,102.34762519006973,116.97733290709328,117.75611969125016,117.29988047624623,3424.127342021652,3402.7198705757883,3466.7912711295276,2774.3863030149223,52.83515192234992,25.082690721984505,501.43581850986175,0.00043455451459458144,14.437703692118532,13980.78100868627
2024-10-13 07:45:43.318518,1.0,1.0,1.0,1.0,1.0,1.0,1.0,899494.0,0.0792292087295316,0.030959982508907833,0.05016090466686863,0.01894590304788124,0.025494814117130813,0.02061348890091903,-1.2716899315516158e-05,0.00010173519452412925,-0.00023208341250816988,-0.0,0.0,0.0,0.0,1.0,0.0,0.0,99.13642617914343,99.10684925414532,99.1024634131623,117.44597234998649,117.33515602532475,117.87082413933838,3262.21971343242,3333.1212727503807,3419.241308793488,2710.1230286540886,53.21265639359838,24.328251091944026,486.346112707164,0.0004499072516332599,14.4498746140107,13355.658202725435
2024-10-13 07:45:43.398551,1.0,1.0,1.0,1.0,1.0,1.0,1.0,899495.0,0.07919632671577691,0.031043998898136287,0.049428589380035616,0.018894628520718087,0.025608715566353565,0.02126216122037606,-2.5433798631032327e-05,9.537674486637117e-05,-0.0002638756607969603,-0.0,0.0,0.0,0.0,1.0,0.0,0.0,95.85705391365204,96.62818216372685,96.00894325613864,117.2246112690685,117.17647499296292,118.61089222412562,3035.1650375895347,3278.5044931138896,3379.5704910432205,2631.7348713888014,53.59540852110183,23.456202471635784,468.9061528738174,0.0004644753539319823,14.46160909694841,15128.478774919777
2024-10-13 07:45:43.482236,1.0,1.0,1.0,1.0,1.0,1.0,1.0,899496.0,0.0795245350293113,0.031043998898136287,0.04969136948483319,0.01894590304788124,0.02613369258354722,0.021534182871517486,9.537674486637107e-06,9.219752003749214e-05,-0.0002638756607969603,-0.0,0.0,0.0,0.0,1.0,0.0,0.0,92.58798845750691,93.25717943814504,93.72615010010736,117.85302862196052,117.67420288823352,118.0286927998355,3055.73338189314,3046.9133938482832,3265.899881546207,2551.4267955870364,53.8153025862781,22.64786066167863,452.7398345150242,0.00047991004933251247,14.472939014098735,14127.985989127652
2024-10-13 07:45:43.486231,1.0,1.0,1.0,1.0,1.0,1.0,1.0,899497.0,0.0791963267157769,0.03146071551579092,0.049586424553571054,0.018894628520718087,0.026428997918226275,0.02126216122037606,1.5896124144395185e-05,0.00010809364418188733,-0.00024480031182368605,-0.0,0.0,0.0,0.0,1.0,0.0,0.0,90.54951321731154,89.67441577758557,90.28110305284353,116.75004829636453,119.3863381349088,117.76013802115283,3068.494793888732,3093.6868888035547,2893.177231442761,2474.633284977528,54.349107151338785,21.750838209228608,434.80028315520184,0.0004976383606182928,14.483819989903225,15457.263870909886
2024-10-13 07:45:43.567661,1.0,1.0,1.0,1.0,1.0,1.0,1.0,899498.0,0.07766870692907221,0.03179015607555206,0.049533868709917925,0.01914962829286367,0.026428997918226275,0.021713637498104413,3.4971473117669426e-05,0.00013988589247067773,-0.00023844186216592797,-0.0,0.0,0.0,0.0,1.0,0.0,0.0,86.87702009949486,87.65235368706074,86.83901406841218,117.02045827655937,118.77378391089599,118.69013281743476,2797.6875535351373,3028.354392113184,2960.6984686205665,2411.7669038936338,54.93618987234022,20.972204315255755,419.22596950980346,0.0005200139957463342,14.494311214972694,13656.129604630592
2024-10-13 07:45:43.570664,1.0,1.0,1.0,1.0,1.0,1.0,1.0,899499.0,0.07863522877481023,0.032519197084621136,0.05057460985596969,0.018843214470258284,0.02613369258354722,0.021353220143313936,6.994294623533886e-05,0.00013034821798404061,-0.00025433798631032317,-0.0,0.0,0.0,0.0,1.0,0.0,0.0,84.11361365530664,83.92735529931912,84.08775102857163,118.1368872246437,119.22319010415713,117.41492976184178,2860.4956466717963,2775.8329477951665,2787.0046818212368,2316.9050394940555,54.99449692317084,20.12629543576801,402.30958769400553,0.0005374089385825203,14.50437910374647,14630.850158769532
2024-10-13 07:45:43.653034,1.0,1.0,1.0,1.0,1.0,1.0,1.0,899500.0,0.07833654989049664,0.03291724369090571,0.050004882812500005,0.018894628520718087,0.026281760015388615,0.021307739324598604,5.722604691982271e-05,0.00010173519452412925,-0.00025433798631032317,-0.0,0.0,0.0,0.0,1.0,0.0,0.0,80.88856493570901,80.73322337269396,81.14243339118708,117.97155948967088,120.18880271799546,116.867880078328,2813.250111379315,2631.1544253134484,2604.343143878918,2217.720559915187,54.70328881237441,19.367612346453146,387.13707768208417,0.0005554872824016979,14.514067297012378,13151.253051049722
2024-10-13 07:45:43.655956,1.0,1.0,1.0,1.0,1.0,1.0,1.0,899501.0,0.07796994415641569,0.03315377782566108,0.04995276723522182,0.019451215795870915,0.026244821472867705,0.021624096343466504,6.358449657758078e-05,9.53767448663712e-05,-0.00025433798631032317,-0.0,0.0,0.0,0.0,1.0,0.0,0.0,77.35592247549258,78.33248851912498,77.65066184222522,118.3374363532849,119.37354120409924,117.7101406939968,2545.724979544092,2539.6771797106876,2604.2132567957206,2122.740381998342,54.93465127082524,18.46044756885848,368.9961984434081,0.0005762399122986941,14.523301510656573,15364.325079150807
2024-10-13 07:45:43.737454,1.0,1.0,1.0,1.0,1.0,1.0,1.0,899502.0,0.07713026919351688,0.03369923498482647,0.04995276723522182,0.019550711154970875,0.026207830867489117,0.021534182871517486,6.040527174870174e-05,9.219752003749215e-05,-0.000241621086994807,-0.0,0.0,0.0,0.0,1.0,0.0,0.0,75.06303501202474,74.83498823855611,73.97500040077182,116.57705815158846,120.51878776517046,118.77170984411491,2442.665889743991,2676.764489004566,2330.0254680756643,2066.425355592796,55.97680766801189,17.63673073701117,352.5193631872239,0.0006102365461297143,14.532123387757524,14110.38313281228
2024-10-13 07:45:43.820864,1.0,1.0,1.0,1.0,1.0,1.0,1.0,899503.0,0.07692738343431897,0.03369923498482647,0.050264650185492185,0.01935120888239217,0.026281760015388615,0.021216485203668426,5.404682209094367e-05,0.00011127286901076638,-0.00023208341250816988,-0.0,0.0,0.0,0.0,1.0,0.0,0.0,71.9728548030032,71.01499470794913,71.38520775382845,117.92025826411111,120.9644473932491,117.38077214499675,2506.5170507807256,2402.1964974096127,2208.6736650373578,1978.6124487041961,56.27896302271993,16.797060619929006,335.72681665861955,0.000638194219845227,14.540525027568961,14314.614215728228
2024-10-13 07:45:43.824862,1.0,1.0,1.0,1.0,1.0,1.0,1.0,899504.0,0.07726523039768154,0.033388636330645795,0.05041986820864096,0.019200221850765864,0.02672103991000101,0.021624096343466504,7.630139589309694e-05,0.00011127286901076637,-0.00025433798631032317,-0.0,0.0,0.0,0.0,1.0,0.0,0.0,68.39594720627571,67.9566884173564,68.25761826738736,118.56779449422588,120.36649231089581,117.56030377559613,2353.6658945067393,2234.838932869041,2167.995080755172,1880.9087161142065,56.06483717026533,16.029070526762908,320.36756168407123,0.0006670656630709817,14.548542298537443,13170.952196140597
2024-10-13 07:45:43.906264,1.0,1.0,1.0,1.0,1.0,1.0,1.0,899505.0,0.07756803455114282,0.033232248415491,0.05021280421998249,0.019200221850765864,0.026170787978491077,0.021353220143313936,7.312217106421791e-05,0.00010491441935300831,-0.0002257249628504118,-0.0,0.0,0.0,0.0,1.0,0.0,0.0,65.180489312475,65.0184479357797,64.83660525517085,118.51909518565114,119.59372309037613,118.52477433777523,2134.3683763214513,2151.640659890476,2106.5177967707004,1780.7622774050992,55.86390463051617,15.230654267993124,304.40097676142386,0.0006963213618615834,14.556160002093128,13570.546019978423
2024-10-13 07:45:43.909265,1.0,1.0,1.0,1.0,1.0,1.0,1.0,899506.0,0.07685963583559004,0.03267899754122895,0.04958642455357106,0.018739963202861063,0.025947420126718565,0.021579186437577745,6.676372140645982e-05,0.00012398976832628253,-0.00024480031182368605,-0.0,0.0,0.0,0.0,1.0,0.0,0.0,61.747493915517126,62.152200188910875,61.26407091287828,118.06336431188602,119.48754654893773,119.38032256596627,1945.9556997574216,2124.3826177358683,2038.2692883845011,1706.7160261285337,56.582260161087596,14.41267880145742,288.03970492431955,0.0007419547322708254,14.56336826110637,13857.966038353392
2024-10-13 07:45:43.991231,1.0,1.0,1.0,1.0,1.0,1.0,1.0,899507.0,0.07662204752112971,0.03267899754122895,0.0499005972290978,0.018997039181501363,0.025947420126718565,0.022112086099532226,6.994294623533886e-05,0.00012398976832628253,-0.00025751721113920217,-0.0,0.0,0.0,0.0,1.0,0.0,0.0,58.02901344397178,59.11365047324837,58.317713489421855,119.13238651338153,118.86334764472711,119.28788272230221,1826.6634163601937,1911.8450762438551,2026.8412377395239,1611.4457417742997,56.71586256591126,13.576638394378916,271.3204494030726,0.0007819258285380301,14.570158116954197,14082.312939701136
2024-10-13 07:45:44.074608,1.0,1.0,1.0,1.0,1.0,1.0,1.0,899508.0,0.07773574941624559,0.032599195230312655,0.04969136948483319,0.01894590304788124,0.025872535641194412,0.022460329351623145,5.0867597262064634e-05,9.855596969525021e-05,-0.0002829510097702345,-0.0,0.0,0.0,0.0,1.0,0.0,0.0,54.71825037073988,55.11650003809511,55.74756172333085,120.10663746883036,119.28886231166213,118.13627905354306,1888.084735600527,1703.8120493252604,1916.2447581553313,1544.1443493926968,58.0164229686998,12.718761301960011,254.1606601832599,0.0008435013868342455,14.57651854518078,14430.321414781953
2024-10-13 07:45:44.078608,1.0,1.0,1.0,1.0,1.0,1.0,1.0,899509.0,0.07723151220694312,0.03235860747555765,0.04916440475508811,0.019048038036167402,0.025947420126718565,0.02288818359375,2.5433798631032317e-05,0.00010491441935300831,-0.0002829510097702345,-0.0,0.0,0.0,0.0,1.0,0.0,0.0,52.289129045313665,51.554329484825296,51.836964150176456,119.1549243051574,121.07555509489781,117.62396344540868,1824.3445541493118,1720.4020550753437,1626.1741890105366,1449.093404377081,58.00035131959681,11.939808177952916,238.58170482896836,0.0008980828121090372,14.582489106512524,13194.787507416848
2024-10-13 07:45:44.160863,1.0,1.0,1.0,1.0,1.0,1.0,1.0,899510.0,0.07699507142227968,0.0319536026854434,0.04953386870991793,0.019501026929403496,0.025947420126718565,0.02297279823941287,2.5433798631032327e-05,0.00013352744281291964,-0.0002670548856258393,-0.0,0.0,0.0,0.0,1.0,0.0,0.0,48.35596759139089,48.830581874809056,48.66273630849855,118.28091173291064,121.05900267484444,118.83455802194985,1623.0941538613156,1638.3982408500535,1602.2602746808823,1362.8216833041386,58.542380675530566,11.125756468460123,222.30029419489995,0.0009654856948897769,14.588052221846564,13699.098818121063
2024-10-13 07:45:44.163863,1.0,1.0,1.0,1.0,1.0,1.0,1.0,899511.0,0.0771302691935169,0.032278013060311,0.0499005972290978,0.01935120888239217,0.02646567940419046,0.022803254975850316,4.76883724331856e-05,0.00013988589247067773,-0.00029566790908575063,-0.0,0.0,0.0,0.0,1.0,0.0,0.0,45.658912594152135,45.32958496456497,44.935646712556974,118.00045030815205,119.71942344309427,120.48277991291972,1450.1185816050393,1609.0718134389924,1471.4890665147523,1267.2041412554145,58.672310848205385,10.322992298924397,206.24563792188368,0.0010375288986051855,14.593213565762268,13484.67357302654
2024-10-13 07:45:44.245785,1.0,1.0,1.0,1.0,1.0,1.0,1.0,899512.0,0.07743360111466374,0.03179015607555206,0.05021280421998249,0.019048038036167402,0.026170787978491077,0.02284575874987356,4.4509147604306555e-05,0.00011127286901076638,-0.0002988471339146297,-0.0,0.0,0.0,0.0,1.0,0.0,0.0,41.71090355210167,41.67425317167947,42.59337097370384,120.63102121300408,120.94381687464927,116.84296488337242,1539.0250152581773,1274.1789013421524,1413.329542716082,1179.97654664642,59.290225044149146,9.513110406402634,190.04728012900105,0.0011296410420451024,14.597969542096475,13572.264654200215
2024-10-13 07:45:44.248785,1.0,1.0,1.0,1.0,1.0,1.0,1.0,899513.0,0.07723151220694313,0.031953602685443394,0.05062608529917315,0.018479311243270825,0.025722112647481858,0.02297279823941287,4.132992277542752e-05,9.219752003749214e-05,-0.0002893094594279926,-0.0,0.0,0.0,0.0,1.0,0.0,0.0,38.41711562756434,39.37782820850692,38.23291604039505,117.8527982290773,118.95474637661668,122.05406512389455,1156.694242473225,1408.6684391752583,1385.5131379201205,1100.9277192368047,60.41698597938295,8.711318905316896,174.00876822609087,0.0012490065087288325,14.602324151028874,13461.043721854374
2024-10-13 07:45:44.331049,1.0,1.0,1.0,1.0,1.0,1.0,1.0,899514.0,0.07729893388037393,0.03235860747555765,0.05005694413093419,0.018843214470258284,0.025380401509347835,0.023266526309168863,5.722604691982271e-05,8.265984555085502e-05,-0.00026069643596808123,-0.0,0.0,0.0,0.0,1.0,0.0,0.0,35.902500867756046,35.31645718344139,34.96190369653756,118.51332818441328,123.07989896794864,117.49004027715719,1270.0189105962493,1290.537674774195,1079.4205889604132,1009.0932261888388,60.88424902877451,7.924382819476579,158.26967816842037,0.0013753640256717434,14.606284885659123,13209.774076016276
2024-10-13 07:45:44.413812,1.0,1.0,1.0,1.0,1.0,1.0,1.0,899515.0,0.07689351709614488,0.033075121065200774,0.050626085299173146,0.018739963202861063,0.026059343378600053,0.023141099377598725,5.0867597262064634e-05,8.583907037973405e-05,-0.0002765925601124764,-0.0,0.0,0.0,0.0,1.0,0.0,0.0,32.40838191785484,31.75961908015038,32.00455976403228,121.33405950603148,118.49577040808164,119.17011265450924,1126.1158643488295,1077.4871114816385,1079.7802995319046,901.3788893083206,60.55098809049377,7.11841412832827,142.15349115462976,0.00150870269742312,14.60984230905028,13411.989399202916
2024-10-13 07:45:44.416809,1.0,1.0,1.0,1.0,1.0,1.0,1.0,899516.0,0.07702889311133554,0.033232248415491,0.05134132274900665,0.01935120888239217,0.025872535641194412,0.022718008864468682,3.8150697946548475e-05,7.630139589309694e-05,-0.00024797953665256506,-0.0,0.0,0.0,0.0,1.0,0.0,0.0,29.208420525396615,28.49855719946213,28.804655698160442,116.57516358080773,119.55371950691331,122.95504432361038,962.9675891039517,1051.618001385042,947.7647524399956,803.9102591269598,60.8088795386531,6.322825187462505,126.24435034460373,0.0016776788726268444,14.613001602580598,13212.389925247197
2024-10-13 07:45:44.498550,1.0,1.0,1.0,1.0,1.0,1.0,1.0,899517.0,0.07696123486981182,0.033621854320173124,0.051946545883677045,0.019501026929403496,0.02564657030330141,0.021891621110694724,5.404682209094367e-05,9.219752003749214e-05,-0.000241621086994807,-0.0,0.0,0.0,0.0,1.0,0.0,0.0,26.103156516046084,25.172122137350932,25.38647372185708,112.99610638878346,125.2349056349421,120.80235158167827,897.3165823460232,1013.3120338300758,752.4665631062722,712.8781197475386,61.736710341327814,5.52390501919645,110.26639672174987,0.0019162500209852769,14.615761044193816,13247.789434258453
2024-10-13 07:45:44.502550,1.0,1.0,1.0,1.0,1.0,1.0,1.0,899518.0,0.0760762022984884,0.033232248415491,0.05164482089649761,0.01914962829286367,0.02557080478973271,0.02166891317152994,7.312217106421791e-05,9.219752003749214e-05,-0.00022890418767929085,-0.0,0.0,0.0,0.0,1.0,0.0,0.0,23.14031002450534,22.305121353905502,21.959161034293242,114.02891428829044,129.29862045714245,115.70449455082014,808.06453772278,932.6723466610088,608.1860555649358,615.3587569977834,62.51020731123492,4.710445723551401,94.00453989549908,0.0021693761856452364,14.61811352914781,13422.47965798236
2024-10-13 07:45:44.584560,1.0,1.0,1.0,1.0,1.0,1.0,1.0,899519.0,0.07597341972199032,0.03291724369090572,0.05139203024062462,0.019401276776896823,0.025722112647481858,0.021534182871517486,0.00010173519452412925,8.583907037973405e-05,-0.00022254573802153274,-0.0,0.0,0.0,0.0,1.0,0.0,0.0,19.651827208044914,19.905490268283415,18.601046204489087,116.65704550911909,131.40491259208403,110.74260074361337,627.8755184858938,845.8499396867211,554.0454895638587,514.7409725833284,61.98248446759488,3.9750311283056865,79.30327824280457,0.0024822990932560074,14.62009811169112,12183.545924959744
2024-10-13 07:45:44.667443,1.0,1.0,1.0,1.0,1.0,1.0,1.0,899520.0,0.07682573963291149,0.03315377782566108,0.05129056512636666,0.019200221850765864,0.025608715566353565,0.02206816930126611,8.583907037973408e-05,8.265984555085502e-05,-0.00024480031182368605,-0.0,0.0,0.0,0.0,1.0,0.0,0.0,16.089009817790426,16.888246029648812,16.595354175100923,128.32275705921515,130.25406210139712,105.95107562310018,588.7661841078562,615.6660865845814,515.5127901842774,412.56762104974257,61.745969948102655,3.1992627052476816,63.80546905806419,0.0028097887459280547,14.62169485804091,12654.486075586774
2024-10-13 07:45:44.671443,1.0,1.0,1.0,1.0,1.0,1.0,1.0,899521.0,0.07675790232199348,0.033232248415491,0.05108703033490621,0.019501026929403496,0.025494814117130813,0.02206816930126611,6.994294623533886e-05,0.00010173519452412925,-0.0002511587614814441,-0.0,0.0,0.0,0.0,1.0,0.0,0.0,14.381842244429324,13.221872100509536,13.92282133898049,138.88401334273206,133.55198699927544,100.18126877236622,642.6477936299126,560.9394406968269,281.1349497551009,331.43987987757595,62.563825509338415,2.5378923603222656,50.58862189853778,0.003333973310949272,14.622960849789733,10969.990344949994
2024-10-13 07:45:44.751718,1.0,1.0,1.0,1.0,1.0,1.0,1.0,899522.0,0.07648595141454297,0.03315377782566108,0.050626085299173146,0.02004077993250076,0.02564657030330141,0.02233037457124348,6.358449657758079e-05,0.0001144520938396454,-0.0002638756607969603,-0.0,0.0,0.0,0.0,1.0,0.0,0.0,11.348637007053032,12.023011261645824,10.186297885186388,148.29256997114217,134.95503033676462,98.60007961832547,410.270621277425,584.629916004081,260.8925460655619,250.55767456925534,66.09137008128775,1.81751351624469,36.202147773539224,0.00407486794542876,14.623866816757223,11835.661140900653
2024-10-13 07:45:44.755721,1.0,1.0,1.0,1.0,1.0,1.0,1.0,899523.0,0.07651999813397432,0.03283802036619844,0.05010895135964307,0.020707400498272993,0.026170787978491077,0.02224331624925728,8.583907037973408e-05,0.00011445209383964543,-0.0002734133352835974,-0.0,0.0,0.0,0.0,1.0,0.0,0.0,9.335731819559669,8.022200892509185,8.901880391898526,159.10951175611297,141.73370542395907,86.49916523485868,523.2212098849906,412.0577344714098,118.49575570784992,180.77300093054285,68.05636780250333,1.2748759178289752,25.36507686611515,0.005194289444650108,14.62450158356477,9361.684085201181
2024-10-13 07:45:44.838085,1.0,1.0,1.0,1.0,1.0,1.0,1.0,899524.0,0.0765540297114335,0.03291724369090571,0.050831465798868984,0.02061348890091903,0.025910004937642474,0.021579186437577745,6.358449657758079e-05,0.0001208105434974035,-0.0002829510097702345,-0.0,0.0,0.0,0.0,1.0,0.0,0.0,6.5459291532046375,7.509605599874231,5.847916533413233,165.57577378467624,146.19946382965122,84.28386956060366,316.55136342104214,428.837674978829,137.34615824987767,117.72268646064005,73.89389434782774,0.7657791743798277,15.213284639790267,0.0066793960471134275,14.624882299466957,9052.821750243054
2024-10-13 07:45:44.842088,1.0,1.0,1.0,1.0,1.0,1.0,1.0,899525.0,0.07590482068342229,0.032599195230312655,0.05088268139452947,0.020847474702880044,0.025722112647481858,0.021847261143915334,6.994294623533885e-05,0.00013352744281291964,-0.0002861302345991135,-0.0,0.0,0.0,0.0,1.0,0.0,0.0,6.253718711372017,4.962476645896015,2.779823667608237,169.59023967413017,158.2666806179436,71.8775320796181,371.748263823695,468.7842780331406,-64.23145293333249,79.7270854868903,84.12388401860152,0.4578008591897394,9.050195364785754,0.011557625644950364,14.625108782660748,7362.828596718266
2024-10-13 07:45:44.923502,1.0,1.0,1.0,1.0,1.0,1.0,1.0,899526.0,0.07580180572437352,0.033232248415491,0.05000488281250001,0.020754196943260868,0.025984781442148438,0.02193589137049136,5.086759726206463e-05,0.00014624434212843582,-0.0002988471339146297,-0.0,0.0,0.0,0.0,1.0,0.0,0.0,4.577331516081567,2.426551349073732,2.5609694865455963,177.51388313895885,166.2573950487696,53.69952631118264,431.76857763269123,344.42927632350825,-73.38121922690814,56.98667641310036,136.57518587866122,0.20472003740570313,3.9844915530619733,0.026843780522147143,14.625208495466516,0.0
2024-10-13 07:45:45.006466,1.0,1.0,1.0,1.0,1.0,1.0,1.0,899527.0,0.07604195687595712,0.033232248415491,0.04911139729519536,0.020519147495467436,0.025872535641194412,0.022155915847396346,1.58961241443952e-05,0.00012398976832628253,-0.00029566790908575063,-0.0,0.0,0.0,0.0,1.0,0.0,0.0,2.783072949192829,1.8435375360501784,1.770267067032417,182.9589401765138,171.55927543917235,47.851398809085055,371.6172227996336,305.3980628314983,-15.24899600797291,0.0,0.0,0.04114786547061215,0.0,1.0,0.0,0.0
2024-10-13 07:45:45.010466,1.0,1.0,1.0,1.0,1.0,1.0,1.0,899528.0,0.0766560337936021,0.033930318160450196,0.04979609324585039,0.02089395742436089,0.02557080478973271,0.021847261143915334,3.815069794654847e-05,0.00012716899315516158,-0.00029248868425687163,-0.0,0.0,0.0,0.0,1.0,0.0,0.0,1.808383536872913,1.9110110722590627,0.9154553697836996,184.4028486558505,178.22613146020356,51.689133771192054,306.9005492422371,330.4138851177488,6.483196742630494,0.0,0.0,0.06384717489965515,0.0,1.0,0.0,0.0
2024-10-13 07:45:45.091725,1.0,1.0,1.0,1.0,1.0,1.0,1.0,899529.0,0.07611043231250325,0.03415983814915112,0.04942858938003563,0.02061348890091903,0.025532837723818223,0.021398604296836984,2.3129646346357427e-21,0.00012716899315516158,-0.0002765925601124764,-0.0,0.0,0.0,0.0,1.0,0.0,0.0,1.6095072318195933,1.9644860533508333,0.9296315217844666,184.10054416921963,185.5781604611454,57.83899690178185,286.21937160010106,354.7418283724378,17.83990901819749,0.0,0.0,0.11736066884129125,0.0,1.0,0.0,0.0
2024-10-13 07:45:45.095725,1.0,1.0,1.0,1.0,1.0,1.0,1.0,899530.0,0.07583615959231635,0.03423600287726078,0.048898792845469004,0.020800888109007293,0.025456733716313067,0.020847474702880044,3.8150697946548475e-05,0.00013988589247067773,-0.00024480031182368605,-0.0,0.0,0.0,0.0,1.0,0.0,0.0,1.554533335240308,2.04536977652621,1.0288659872930819,177.99413040046588,195.05787457526174,60.51707503814868,266.947485420636,389.2369773492959,32.294878512024965,0.0,0.0,0.11736066884129125,0.0,1.0,0.0,0.0
2024-10-13 07:45:45.177558,1.0,1.0,1.0,1.0,1.0,1.0,1.0,899531.0,0.07624719869830347,0.03423600287726078,0.04879214322483564,0.02023348417248137,0.024956401418756297,0.020754196943260868,1.58961241443952e-05,0.00013034821798404061,-0.00021300806353489565,-0.0,0.0,0.0,0.0,1.0,0.0,0.0,1.5321258536402145,2.121031774420863,1.1234448299265736,169.37172744224276,203.55112238637514,64.57730995618256,249.56706192062308,422.0330728460264,52.320258575214716,0.0,0.0,0.08318357215300279,0.0,1.0,0.0,0.0
2024-10-13 07:45:45.259587,1.0,1.0,1.0,1.0,1.0,1.0,1.0,899532.0,0.0763496127118232,0.03498853239802848,0.04958642455357106,0.02023348417248137,0.024564596844570415,0.020847474702880044,3.497147311766943e-05,0.00014624434212843582,-0.00020982883870601662,-0.0,0.0,0.0,0.0,1.0,0.0,0.0,1.5191487971239457,2.2019647481129687,1.2213180221652389,159.72357712168193,210.60852392720244,71.82493066295085,233.2392539744062,453.64992779439604,75.07716374425699,0.0,0.0,0.0411570698376458,0.0,1.0,0.0,0.0
2024-10-13 07:45:45.263587,1.0,1.0,1.0,1.0,1.0,1.0,1.0,899533.0,0.0766560337936021,0.035505814366342106,0.04979609324585039,0.01999231364647781,0.024166440873625895,0.020986614009376788,-6.358449657758079e-06,0.00014624434212843582,-0.00019711193939050045,-0.0,0.0,0.0,0.0,1.0,0.0,0.0,1.5048130444860732,2.279611362756951,1.3212081286661923,149.46807260469095,216.00110054102845,81.1463686884017,216.35515763128413,481.86085593445466,99.1384005349143,0.0,0.0,0.0,0.0,1.0,0.0,0.0
2024-10-13 07:45:45.345381,1.0,1.0,1.0,1.0,1.0,1.0,1.0,899534.0,0.07736629679850028,0.035505814366342106,0.04974375892424916,0.01999231364647781,0.02420655117653563,0.020986614009376788,9.53767448663712e-06,0.00015578201661507293,-0.00019711193939050042,-0.0,0.0,0.0,0.0,1.0,0.0,0.0,1.4966403492280542,2.362039487769236,1.4160672490527106,139.09591661334585,219.62481631942046,91.30104672944555,200.50889247507405,507.6483579369949,123.4955578610769,0.0,0.0,0.0,0.0,1.0,0.0,0.0
2024-10-13 07:45:45.349385,1.0,1.0,1.0,1.0,1.0,1.0,1.0,899535.0,0.0779031032147203,0.035725213865335635,0.04979609324585039,0.019895026871345974,0.0238837827186562,0.020847474702880044,2.2254573802153277e-05,0.00017485736558834716,-0.00020982883870601657,-0.0,0.0,0.0,0.0,1.0,0.0,0.0,1.4963799511490092,2.446940144635542,1.506576246685559,128.85936442779473,221.653068208086,101.10910818124276,184.83241002344283,530.7243874010928,147.52786658643825,0.0,0.0,0.0,0.0,1.0,0.0,0.0
2024-10-13 07:45:45.430634,1.0,1.0,1.0,1.0,1.0,1.0,1.0,899536.0,0.07780273413304022,0.03579804821997391,0.05118889889136945,0.019451215795870915,0.02380240673176593,0.02126216122037606,3.1792248288790384e-06,0.00014624434212843582,-0.00021936651319265368,-0.0,0.0,0.0,0.0,1.0,0.0,0.0,1.5202139289635497,2.548176579925348,1.5820457527318894,118.84896464493498,221.92096824017312,109.95339954616433,170.32090602717565,552.0427095234616,169.5067300171105,0.0,0.0,0.0,0.0,1.0,0.0,0.0
2024-10-13 07:45:45.513535,1.0,1.0,1.0,1.0,1.0,1.0,1.0,899537.0,0.07770223540329915,0.035358791729157395,0.05108703033490621,0.019501026929403496,0.02380240673176593,0.02193589137049136,1.589612414439519e-05,0.00014942356695731485,-0.0002543379863103231,-0.0,0.0,0.0,0.0,1.0,0.0,0.0,1.5591333203217714,2.6449119308046454,1.6429375880407981,109.28538241936526,221.18618093808567,117.45800530445517,158.2569639433885,570.1885444964056,188.78345411887912,0.0,0.0,0.0,0.0,1.0,0.0,0.0
2024-10-13 07:45:45.517532,1.0,1.0,1.0,1.0,1.0,1.0,1.0,899538.0,0.07840302130669127,0.035062897056625214,0.05134132274900665,0.019301011109426145,0.02436633212687883,0.021891621110694724,-6.358449657758079e-06,0.00012716899315516158,-0.00024162108699480697,-0.0,0.0,0.0,0.0,1.0,0.0,0.0,1.7710759952961592,2.711321751801896,1.7451404651527496,100.32223256399044,217.5877495913666,124.49442680448439,146.93838926618432,558.9608891247473,211.9198146496839,0.0,0.0,0.0,0.0,1.0,0.0,0.0
2024-10-13 07:45:45.598969,1.0,1.0,1.0,1.0,1.0,1.0,1.0,899539.0,0.07896576923466789,0.0348393268892594,0.052046732179034834,0.019451215795870915,0.024643456106314375,0.021980072465344138,2.225457380215327e-05,0.00013352744281291964,-0.0002606964359680812,-0.0,0.0,0.0,0.0,1.0,0.0,0.0,1.7234184064244775,2.6474200405288983,1.836788226849041,91.75203521175062,208.84260748977553,132.3114988779311,128.859084278542,522.6563307948479,237.42211425504675,0.0,0.0,0.0,0.0,1.0,0.0,0.0
2024-10-13 07:45:45.601968,1.0,1.0,1.0,1.0,1.0,1.0,1.0,899540.0,0.0795245350293113,0.03446348712650292,0.05328316897864072,0.019451215795870915,0.024722063821441115,0.021847261143915334,-1.271689931551616e-05,0.00011445209383964543,-0.00027977178494135546,-0.0,0.0,0.0,0.0,1.0,0.0,0.0,1.6758331969674853,2.5645041324985405,1.9212704323257075,84.22201763713392,199.57342028464555,138.85876675756285,113.3784183204953,481.9463604040371,260.8821964691999,0.0,0.0,0.0,0.0,1.0,0.0,0.0
2024-10-13 07:45:45.683912,1.0,1.0,1.0,1.0,1.0,1.0,1.0,899541.0,0.07856895381253035,0.03415983814915113,0.05318531183640052,0.0198462046459215,0.024878534141836748,0.021758269893602942,-7.517135062566164e-21,0.00010491441935300828,-0.00027977178494135546,-0.0,0.0,0.0,0.0,1.0,0.0,0.0,1.6295726814903435,2.4715249169333915,1.9956311365342598,77.3565136303696,189.6240284486089,144.382024117766,99.9986528359529,439.41694645890647,281.95994308055003,0.0,0.0,0.0,0.0,1.0,0.0,0.0
2024-10-13 07:45:45.687854,1.0,1.0,1.0,1.0,1.0,1.0,1.0,899542.0,0.07773574941624557,0.033466556241354264,0.052495204411799876,0.01969901197411813,0.025418596266109744,0.021170710640734267,3.179224828879041e-06,9.53767448663712e-05,-0.00026069643596808123,-0.0,0.0,0.0,0.0,1.0,0.0,0.0,1.578084791181552,2.3707117923039474,2.0556160133246593,70.83546305648858,178.7468163073848,149.02621169205582,86.89338851145635,395.4228951329868,299.9314179043708,0.0,0.0,0.0,0.0,1.0,0.0,0.0
2024-10-13 07:45:45.770650,1.0,1.0,1.0,1.0,1.0,1.0,1.0,899543.0,0.0776016065217911,0.03299627680272549,0.053087274311872046,0.01979726201988583,0.02564657030330141,0.020847474702880044,3.1792248288790362e-06,0.00010173519452412925,-0.0002638756607969603,-0.0,0.0,0.0,0.0,1.0,0.0,0.0,1.52399005581315,2.2611255122459766,2.1060530528036905,65.25413549257557,167.080206048725,152.87036673628464,75.2660037162182,350.58222450700873,315.3226175656487,0.0,0.0,0.0,0.0,1.0,0.0,0.0
2024-10-13 07:45:45.852486,1.0,1.0,1.0,1.0,1.0,1.0,1.0,899544.0,0.0765540297114335,0.03291724369090571,0.05234614058676942,0.01974819809806028,0.025947420126718565,0.021078863306785177,-6.358449657758079e-05,9.855596969525022e-05,-0.00025433798631032317,-0.0,0.0,0.0,0.0,1.0,0.0,0.0,1.4699685398447209,2.124010508264442,2.1518518287551993,61.03568644330132,155.09322800021008,155.95594864202207,65.76716098813542,302.7843057425713,328.7907578299233,0.0,0.0,0.0,0.0,1.0,0.0,0.0
2024-10-13 07:45:45.856486,1.0,1.0,1.0,1.0,1.0,1.0,1.0,899545.0,0.07685963583559004,0.03315377782566108,0.052445563545461545,0.01964970273038926,0.026318646714264433,0.020847474702880044,-6.676372140645982e-05,7.948062072197598e-05,-0.00024797953665256506,-0.0,0.0,0.0,0.0,1.0,0.0,0.0,1.398551818744167,1.9644028297370089,2.1909621409756177,58.15838578839528,142.9886977719523,158.527815119464,56.585794768346496,254.41349152606128,340.36194517522284,0.0,0.0,0.0,0.0,1.0,0.0,0.0
2024-10-13 07:45:45.937267,1.0,1.0,1.0,1.0,1.0,1.0,1.0,899546.0,0.07689351709614488,0.033544295152698266,0.05199666316101998,0.019895026871345974,0.026355481787173698,0.020707400498272993,-6.040527174870175e-05,0.00010491441935300828,-0.00026069643596808123,-0.0,0.0,0.0,0.0,1.0,0.0,0.0,1.2924683692349799,1.7526895408158698,2.232595503423516,56.72365569937676,131.26674900575748,160.8044287092109,47.545864578067714,203.79994234999953,351.91977942299394,0.0,0.0,0.0,0.0,1.0,0.0,0.0
2024-10-13 07:45:45.941266,1.0,1.0,1.0,1.0,1.0,1.0,1.0,899547.0,0.07739995627226959,0.03385346569900589,0.05269330022668048,0.01979726201988583,0.026428997918226275,0.019895026871345974,-2.225457380215327e-05,9.855596969525021e-05,-0.0002257249628504118,-0.0,0.0,0.0,0.0,1.0,0.0,0.0,1.1635690724143672,1.5006254848973686,2.2734399497763618,55.641805290712156,118.9595019615321,163.071366321318,38.484511622838546,153.14587393877514,363.53336446905234,0.0,0.0,0.0,0.0,1.0,0.0,0.0
2024-10-13 07:45:46.023252,1.0,1.0,1.0,1.0,1.0,1.0,1.0,899548.0,0.07645188953290964,0.03415983814915113,0.052146725992984415,0.019600269437660415,0.026318646714264433,0.020185480583683704,-9.537674486637105e-06,0.0001208105434974035,-0.00022254573802153277,-0.0,0.0,0.0,0.0,1.0,0.0,0.0,0.6714872861369048,1.2426022808051294,2.278452798124283,54.81938426461206,109.92384667173387,164.71756513424177,30.274120494411438,128.91567446066264,369.15751623859495,0.0,0.0,0.0,0.0,1.0,0.0,0.0
2024-10-13 07:45:46.107021,1.0,1.0,1.0,1.0,1.0,1.0,1.0,899549.0,0.07651999813397432,0.03431199853764593,0.05229635822592449,0.019600269437660415,0.025984781442148438,0.020424370325990055,-9.53767448663711e-06,0.00012716899315516158,-0.00023208341250816986,-0.0,0.0,0.0,0.0,1.0,0.0,0.0,0.6617881392918323,1.2173813642625566,2.278635626560256,55.03025054283203,109.75287914326748,164.75927730304593,31.432616157102235,126.70141345030589,369.3171225388693,0.0,0.0,0.0,0.0,1.0,0.0,0.0
2024-10-13 07:45:46.110021,1.0,1.0,1.0,1.0,1.0,1.0,1.0,899550.0,0.07628135198050817,0.03446348712650292,0.051745591374556074,0.019550711154970875,0.025984781442148438,0.020566372293249237,4.76883724331856e-05,0.00013670666764179867,-0.00022254573802153277,-0.0,0.0,0.0,0.0,1.0,0.0,0.0,0.6365222303763558,1.216583568823907,2.274999164539812,55.206974820606014,109.60087993838717,164.7911355553505,31.03356012151674,127.13647441103669,368.8796971873716,0.0,0.0,0.0,0.0,1.0,0.0,0.0
2024-10-13 07:45:46.192228,1.0,1.0,1.0,1.0,1.0,1.0,1.0,899551.0,0.0773999562722696,0.0346143127360612,0.05239587564842711,0.019301011109426145,0.026207830867489117,0.020800888109007293,4.76883724331856e-05,0.00015260279178619387,-0.0002511587614814441,-0.0,0.0,0.0,0.0,1.0,0.0,0.0,0.6199109418699557,1.217866820172459,2.2720085406933173,55.36062094303092,109.47121853088011,164.8131494792883,30.664247677065024,127.56915208437789,368.4760306702177,0.0,0.0,0.0,0.0,1.0,0.0,0.0
2024-10-13 07:45:46.196236,1.0,1.0,1.0,1.0,1.0,1.0,1.0,899552.0,0.07756803455114282,0.035062897056625214,0.05284138473475037,0.019048038036167402,0.025984781442148438,0.021170710640734267,3.179224828879041e-05,0.00016849891593058908,-0.00025751721113920217,-0.0,0.0,0.0,0.0,1.0,0.0,0.0,0.6198009878246918,1.2093249655389935,2.2715018394786433,55.50624001081625,109.34239076192843,164.83098444057825,31.169556938903696,126.76197505917396,368.44714506187125,0.0,0.0,0.0,0.0,1.0,0.0,0.0
2024-10-13 07:45:46.276601,1.0,1.0,1.0,1.0,1.0,1.0,1.0,899553.0,0.0776687069290722,0.03513710432917182,0.05189638020719129,0.01914962829286367,0.025722112647481858,0.02144389239891845,4.7688372433185604e-05,0.00016531969110171005,-0.0002670548856258393,-0.0,0.0,0.0,0.0,1.0,0.0,0.0,0.6243173295574169,1.2006558894335708,2.2715481792537493,55.48544471295058,109.361998991958,164.82584622489884,31.528783999080197,125.91661881551718,368.4228741572384,0.0,0.0,0.0,0.0,1.0,0.0,0.0
2024-10-13 07:45:46.279518,1.0,1.0,1.0,1.0,1.0,1.0,1.0,899554.0,0.07903171143341159,0.03498853239802849,0.052246528430687264,0.019301011109426145,0.025342149186916324,0.021579186437577745,8.583907037973408e-05,0.00016531969110171005,-0.0002829510097702345,-0.0,0.0,0.0,0.0,1.0,0.0,0.0,0.6185015391887059,1.2026061823519698,2.268516811139027,55.47282159967912,109.36981085762314,164.81734650802503,31.238323483640553,126.18482684089263,367.8698735455974,0.0,0.0,0.0,0.0,1.0,0.0,0.0
2024-10-13 07:45:46.362517,1.0,1.0,1.0,1.0,1.0,1.0,1.0,899555.0,0.07853579535829454,0.034236002877260786,0.052046732179034834,0.019250682441991743,0.025303839037745666,0.02166891317152994,5.722604691982272e-05,0.00015578201661507293,-0.00027977178494135546,-0.0,0.0,0.0,0.0,1.0,0.0,0.0,0.6124018555418034,1.2005633171692252,2.2670919590657177,55.482392316638574,109.36621934378432,164.8137283857499,30.93624687548239,125.95276864560891,367.6156183200604,0.0,0.0,0.0,0.0,1.0,0.0,0.0
2024-10-13 07:45:46.445655,1.0,1.0,1.0,1.0,1.0,1.0,1.0,899556.0,0.07896576923466789,0.03331053415039321,0.05199666316101998,0.01935120888239217,0.025034026493987453,0.021216485203668426,8.583907037973408e-05,0.00014624434212843582,-0.00024797953665256506,-0.0,0.0,0.0,0.0,1.0,0.0,0.0,0.6137660898435261,1.1968970867606925,2.2632128884812586,55.496715041954324,109.34833152236757,164.8056883160962,31.019893075536398,125.57791406793815,366.9791003300506,0.0,0.0,0.0,0.0,1.0,0.0,0.0
2024-10-13 07:45:46.448655,1.0,1.0,1.0,1.0,1.0,1.0,1.0,899557.0,0.07823673687494544,0.033232248415491,0.051594361850842846,0.019600269437660415,0.025111411613631566,0.02166891317152994,5.722604691982271e-05,0.00016531969110171005,-0.0002829510097702345,-0.0,0.0,0.0,0.0,1.0,0.0,0.0,0.6133929971907204,1.1958545198425978,2.2634922598653957,55.48740951944597,109.37595564055337,164.8189144565905,31.006008429278875,125.48169618891437,367.05072519976426,0.0,0.0,0.0,0.0,1.0,0.0,0.0
2024-10-13 07:45:46.530846,1.0,1.0,1.0,1.0,1.0,1.0,1.0,899558.0,0.07870144792656586,0.03299627680272549,0.05134132274900665,0.0198462046459215,0.02507274890923307,0.021398604296836984,4.76883724331856e-05,0.00015896124144395196,-0.0002765925601124764,-0.0,0.0,0.0,0.0,1.0,0.0,0.0,0.6149903720726264,1.1989032601184115,2.262533916478937,55.474225686892346,109.41933447157162,164.8431161838795,31.109911413577297,125.7958890373669,366.9256146579633,0.0,0.0,0.0,0.0,1.0,0.0,0.0
2024-10-13 07:45:46.534842,1.0,1.0,1.0,1.0,1.0,1.0,1.0,899559.0,0.07870144792656586,0.03267899754122895,0.05098495824425486,0.01969901197411813,0.024995244090384144,0.021353220143313936,4.4509147604306555e-05,0.00014624434212843582,-0.00027023411045471834,-0.0,0.0,0.0,0.0,1.0,0.0,0.0,0.6151691703118725,1.1987077148184835,2.260986841649297,55.48183524011829,109.41350534113678,164.84367764675702,31.097067521892225,125.78803235277658,366.706700343244,0.0,0.0,0.0,0.0,1.0,0.0,0.0
2024-10-13 07:45:46.615853,1.0,1.0,1.0,1.0,1.0,1.0,1.0,899560.0,0.07846943641500621,0.03283802036619844,0.05057460985596969,0.019501026929403496,0.024761274097977876,0.021398604296836984,4.4509147604306555e-05,0.00013988589247067773,-0.0002829510097702345,-0.0,0.0,0.0,0.0,1.0,0.0,0.0,0.6153505033348253,1.1980286311832533,2.2595314051693536,55.4732564397719,109.421396428129,164.84443899265167,31.106420094844392,125.73239110317543,366.47406644122816,0.0,0.0,0.0,0.0,1.0,0.0,0.0
2024-10-13 07:45:46.699407,1.0,1.0,1.0,1.0,1.0,1.0,1.0,899561.0,0.0779365308511931,0.03315377782566108,0.04995276723522182,0.01974819809806028,0.024643456106314375,0.021216485203668426,6.676372140645984e-05,0.00013352744281291964,-0.00025751721113920217,-0.0,0.0,0.0,0.0,1.0,0.0,0.0,0.6157393307205261,1.197492728097436,2.259528221380797,55.472762082932704,109.42063934484568,164.84820020133213,31.116449489437894,125.66621390669663,366.44270034784216,0.0,0.0,0.0,0.0,1.0,0.0,0.0
2024-10-13 07:45:46.702410,1.0,1.0,1.0,1.0,1.0,1.0,1.0,899562.0,0.07840302130669127,0.03275860544857268,0.04969136948483319,0.01974819809806028,0.024326485277441648,0.021170710640734267,0.00011127286901076638,0.00010173519452412925,-0.0002638756607969603,-0.0,0.0,0.0,0.0,1.0,0.0,0.0,0.6164139065846176,1.197586023912076,2.2591432426600124,55.47594316148597,109.40705216279397,164.83869963885812,31.156217882951527,125.61219611816155,366.3535144326303,0.0,0.0,0.0,0.0,1.0,0.0,0.0
2024-10-13 07:45:46.784912,1.0,1.0,1.0,1.0,1.0,1.0,1.0,899563.0,0.07830329302213708,0.03315377782566108,0.04974375892424917,0.019250682441991743,0.024485483605775776,0.02148908505684164,0.00013352744281291964,0.00013034821798404061,-0.0002893094594279926,-0.0,0.0,0.0,0.0,1.0,0.0,0.0,0.616433860152283,1.1981779210745336,2.2588208699605117,55.47378517369966,109.40768773848181,164.84230807923072,31.17724730714115,125.68632830498356,366.34812655910065,0.0,0.0,0.0,0.0,1.0,0.0,0.0
2024-10-13 07:45:46.788908,1.0,1.0,1.0,1.0,1.0,1.0,1.0,899564.0,0.07793653085119309,0.03315377782566108,0.0498483726232365,0.019098900711587104,0.024604058069758756,0.021307739324598604,0.00014624434212843582,0.0001367066676417987,-0.0002988471339146297,-0.0,0.0,0.0,0.0,1.0,0.0,0.0,0.6161286173056775,1.1974734080390401,2.2573345126894035,55.48351051524151,109.40631731594232,164.8458678763827,31.19983075408949,125.6045393021004,366.10768953149903,0.0,0.0,0.0,0.0,1.0,0.0,0.0
2024-10-13 07:45:46.870242,1.0,1.0,1.0,1.0,1.0,1.0,1.0,899565.0,0.07803672784673765,0.033853465699005894,0.04921735512558287,0.019098900711587104,0.02452507212573485,0.021802810922600106,0.00014624434212843582,0.00016531969110171005,-0.0003083848084012668,-0.0,0.0,0.0,0.0,1.0,0.0,0.0,0.6164324516863404,1.1983894831565949,2.256401661601773,55.480208952012184,109.41023511320786,164.84449193582589,31.20757596395525,125.71748241430241,365.98073994270493,0.0,0.0,0.0,0.0,1.0,0.0,0.0
2024-10-13 07:45:46.952846,1.0,1.0,1.0,1.0,1.0,1.0,1.0,899566.0,0.07860209827880636,0.03385346569900589,0.048952030523561514,0.01894590304788124,0.02468279125681748,0.021891621110694724,0.00013034821798404061,0.00015260279178619387,-0.00030520558357238775,-0.0,0.0,0.0,0.0,1.0,0.0,0.0,0.6154532585107667,1.2000314572496393,2.2577903743475636,55.47606322178436,109.40775006444535,164.83941132340524,31.16755491037951,125.88039918125489,366.1886346352244,0.0,0.0,0.0,0.0,1.0,0.0,0.0
2024-10-13 07:45:46.956782,1.0,1.0,1.0,1.0,1.0,1.0,1.0,899567.0,0.07880067231721302,0.034006996943349535,0.048845497142607545,0.018479311243270825,0.024917498197257262,0.021802810922600106,0.00013034821798404061,0.00016849891593058908,-0.0002861302345991135,-0.0,0.0,0.0,0.0,1.0,0.0,0.0,0.6148962468535399,1.1983725810695922,2.2563356611824967,55.468480027551834,109.39745079799116,164.82958921213577,31.12589302354487,125.69595460877296,365.9187477163065,0.0,0.0,0.0,0.0,1.0,0.0,0.0
2024-10-13 07:45:47.038128,1.0,1.0,1.0,1.0,1.0,1.0,1.0,899568.0,0.07893277747670618,0.033232248415491,0.049058332560849585,0.018636139893149068,0.02468279125681748,0.02166891317152994,0.0001367066676417987,0.00017485736558834716,-0.00029566790908575063,-0.0,0.0,0.0,0.0,1.0,0.0,0.0,0.6143137619250785,1.1951408940722719,2.2546679326954076,55.47665503617661,109.36852709883522,164.81712288108784,31.08435194725372,125.3693207470706,365.6297510110184,0.0,0.0,0.0,0.0,1.0,0.0,0.0
2024-10-13 07:45:47.041128,1.0,1.0,1.0,1.0,1.0,1.0,1.0,899569.0,0.07876761140855532,0.033388636330645795,0.04873873090097101,0.018636139893149068,0.025111411613631566,0.02202416493185523,0.00014624434212843582,0.0001843950400749843,-0.00029566790908575063,-0.0,0.0,0.0,0.0,1.0,0.0,0.0,0.6106403825287443,1.1962634693241256,2.254909565942054,55.457987935128884,109.3825647345477,164.82001609680256,30.88808382711989,125.41307329593751,365.663726949411,0.0,0.0,0.0,0.0,1.0,0.0,0.0
2024-10-13 07:45:47.123810,1.0,1.0,1.0,1.0,1.0,1.0,1.0,899570.0,0.07919632671577691,0.033466556241354264,0.0492702485907403,0.018688123647942947,0.025380401509347835,0.021847261143915334,0.0001684989159305891,0.00018439504007498428,-0.0002829510097702345,-0.0,0.0,0.0,0.0,1.0,0.0,0.0,0.6099091254981766,1.1946657450004436,2.252409909429794,55.469279445385375,109.36449186237684,164.8193641192939,30.838340085834826,125.2037363518593,365.2239962604067,0.0,0.0,0.0,0.0,1.0,0.0,0.0
2024-10-13 07:45:47.126813,1.0,1.0,1.0,1.0,1.0,1.0,1.0,899571.0,0.07886675255718342,0.033544295152698266,0.04948125704482232,0.018636139893149068,0.025608715566353565,0.022286887919318283,0.00014306511729955679,0.0002002911642193795,-0.0002765925601124764,-0.0,0.0,0.0,0.0,1.0,0.0,0.0,0.6078781600349786,1.19139439987664,2.2501801207292105,55.46158119306259,109.37580519482691,164.82012209299972,30.73121266106552,124.82660869151573,364.86659031151703,0.0,0.0,0.0,0.0,1.0,0.0,0.0
2024-10-13 07:45:47.208722,1.0,1.0,1.0,1.0,1.0,1.0,1.0,899572.0,0.08007940204842626,0.03377643837348989,0.050264650185492185,0.01894590304788124,0.026022089115979988,0.02202416493185523,0.00013034821798404061,0.00021300806353489565,-0.00027977178494135546,-0.0,0.0,0.0,0.0,1.0,0.0,0.0,0.6067704656142066,1.1907869847797923,2.2473697307226534,55.4399461342406,109.4132686940077,164.83887966170406,30.65891638196241,124.78077560913906,364.45546823458795,0.0,0.0,0.0,0.0,1.0,0.0,0.0
2024-10-13 07:45:47.291389,1.0,1.0,1.0,1.0,1.0,1.0,1.0,899573.0,0.08033918992321468,0.03331053415039321,0.050677508456461864,0.018997039181501363,0.026281760015388615,0.02193589137049136,0.00012398976832628253,0.00018757426490386333,-0.0002829510097702345,-0.0,0.0,0.0,0.0,1.0,0.0,0.0,0.6060634298036686,1.1864638973367387,2.2452927100674978,55.44045786228477,109.42167631389847,164.85030609765045,30.62648148869918,124.25277721005045,364.122340032393,0.0,0.0,0.0,0.0,1.0,0.0,0.0
2024-10-13 07:45:47.294926,1.0,1.0,1.0,1.0,1.0,1.0,1.0,899574.0,0.08104931308470009,0.03331053415039321,0.0505746098559697,0.01894590304788124,0.026244821472867705,0.02193589137049136,0.00014942356695731485,0.00016531969110171005,-0.0002670548856258393,-0.0,0.0,0.0,0.0,1.0,0.0,0.0,0.6059915585438663,1.1853677169884282,2.245137735371221,55.430812628813115,109.41739311764118,164.84446061454497,30.597626225969666,124.12945496749717,364.0962280033371,0.0,0.0,0.0,0.0,1.0,0.0,0.0
2024-10-13 07:45:47.377631,1.0,1.0,1.0,1.0,1.0,1.0,1.0,899575.0,0.08140205162336774,0.03291724369090571,0.05036818201544617,0.018997039181501363,0.026207830867489117,0.021758269893602942,0.00014624434212843582,0.00015260279178619387,-0.0002670548856258393,-0.0,0.0,0.0,0.0,1.0,0.0,0.0,0.6064197948944057,1.182542065754218,2.244366532998021,55.44162091850041,109.40378102292506,164.84563797861335,30.631454061266947,123.8049529568715,363.9189526648482,0.0,0.0,0.0,0.0,1.0,0.0,0.0
2024-10-13 07:45:47.381629,1.0,1.0,1.0,1.0,1.0,1.0,1.0,899576.0,0.08137004767024422,0.03354429515269826,0.05041986820864096,0.018997039181501363,0.026281760015388615,0.021980072465344138,0.0001780365904172262,0.00017485736558834716,-0.0002988471339146297,-0.0,0.0,0.0,0.0,1.0,0.0,0.0,0.6057816265539797,1.1798283733189,2.2408828011643322,55.44014027822794,109.42803014605191,164.86546935966345,30.590145068388306,123.52984079270779,363.4152522968338,0.0,0.0,0.0,0.0,1.0,0.0,0.0
2024-10-13 07:45:47.461781,1.0,1.0,1.0,1.0,1.0,1.0,1.0,899577.0,0.08146602181133336,0.032439001655304125,0.04995276723522182,0.019301011109426145,0.025835012001953723,0.02206816930126611,0.00017485736558834716,0.00013352744281291964,-0.0002861302345991135,-0.0,0.0,0.0,0.0,1.0,0.0,0.0,0.606423851429048,1.1759749913178918,2.24022216063657,55.45937857972621,109.41162066658683,164.86186462739866,30.64757917791082,123.04555221639578,363.28448789056455,0.0,0.0,0.0,0.0,1.0,0.0,0.0
2024-10-13 07:45:47.545381,1.0,1.0,1.0,1.0,1.0,1.0,1.0,899578.0,0.08149798807578167,0.03267899754122895,0.05047150147174474,0.019048038036167402,0.025684369248357337,0.02250348084068699,0.00016214046627283104,0.00012398976832628253,-0.00029566790908575063,-0.0,0.0,0.0,0.0,1.0,0.0,0.0,0.60557926828958,1.173704344668801,2.2395882778077847,55.46774901888993,109.4084322943926,164.8618722419261,30.611091832732388,122.72255280582887,363.1888284007492,0.0,0.0,0.0,0.0,1.0,0.0,0.0
2024-10-13 07:45:47.549381,1.0,1.0,1.0,1.0,1.0,1.0,1.0,899579.0,0.08137004767024424,0.03275860544857269,0.05108703033490621,0.019048038036167402,0.025835012001953723,0.02233037457124348,0.00014306511729955676,0.00011763131866852446,-0.00031474325805902487,-0.0,0.0,0.0,0.0,1.0,0.0,0.0,0.6080561938729492,1.1716145385956018,2.238805376322819,55.481062686451686,109.39083020527211,164.8515548864105,30.780605009695186,122.4916383703199,363.0022194847559,0.0,0.0,0.0,0.0,1.0,0.0,0.0
2024-10-13 07:45:47.630914,1.0,1.0,1.0,1.0,1.0,1.0,1.0,899580.0,0.0805981404413478,0.032035013270089084,0.05108703033490621,0.018843214470258284,0.025759800744833576,0.02241709479882712,0.0001144520938396454,0.00010491441935300828,-0.000321101707716783,-0.0,0.0,0.0,0.0,1.0,0.0,0.0,0.6082517805862007,1.17170989492787,2.238286503873197,55.479829379876136,109.38980880075842,164.8427052397822,30.807688296141603,122.45429968676576,362.9133286571184,0.0,0.0,0.0,0.0,1.0,0.0,0.0
2024-10-13 07:45:47.634914,1.0,1.0,1.0,1.0,1.0,1.0,1.0,899581.0,0.08101716979052112,0.03146071551579092,0.05093384549131161,0.018791659751293096,0.025456733716313067,0.022112086099532226,0.00013670666764179867,8.265984555085502e-05,-0.00032746015737454104,-0.0,0.0,0.0,0.0,1.0,0.0,0.0,0.6091898177160846,1.1736772179618389,2.238406564077564,55.498778221197085,109.36970069175716,164.84413212583013,30.88347589397763,122.68578547229129,362.9450616019304,0.0,0.0,0.0,0.0,1.0,0.0,0.0
2024-10-13 07:45:47.715571,1.0,1.0,1.0,1.0,1.0,1.0,1.0,899582.0,0.08001432328753572,0.030959982508907836,0.05026465018549218,0.018479311243270825,0.025111411613631566,0.022286887919318283,0.00011763131866852444,7.630139589309694e-05,-0.000321101707716783,-0.0,0.0,0.0,0.0,1.0,0.0,0.0,0.6082819933625371,1.173419757498957,2.2387081269092017,55.51427562367058,109.35041328065054,164.83767953044529,30.822959702607122,122.66215067545707,362.95927537785883,0.0,0.0,0.0,0.0,1.0,0.0,0.0
2024-10-13 07:45:47.719571,1.0,1.0,1.0,1.0,1.0,1.0,1.0,899583.0,0.0802743217738222,0.031211353204542467,0.050264650185492185,0.018791659751293096,0.024800422381866246,0.022373776700767792,9.855596969525021e-05,6.676372140645982e-05,-0.00031156403323014586,-0.0,0.0,0.0,0.0,1.0,0.0,0.0,0.6089215811258099,1.1766603961372097,2.2392752756095717,55.51138593759002,109.34775922165048,164.82596653153936,30.86799192100758,123.06827381454052,363.01826536468786,0.0,0.0,0.0,0.0,1.0,0.0,0.0
2024-10-13 07:45:47.801444,1.0,1.0,1.0,1.0,1.0,1.0,1.0,899584.0,0.07896576923466789,0.0316258647634613,0.05010895135964307,0.01894590304788124,0.025034026493987453,0.022460329351623145,7.948062072197598e-05,7.630139589309694e-05,-0.00030520558357238775,-0.0,0.0,0.0,0.0,1.0,0.0,0.0,0.6099269193875597,1.1759656365210778,2.239051048012356,55.52754053109319,109.32011331025592,164.81615957042206,30.941949874954588,122.94538484440059,362.9560722205319,0.0,0.0,0.0,0.0,1.0,0.0,0.0
2024-10-13 07:45:47.883981,1.0,1.0,1.0,1.0,1.0,1.0,1.0,899585.0,0.07853579535829454,0.03137781493555469,0.05047150147174474,0.019401276776896823,0.025188558989287076,0.022460329351623145,9.855596969525021e-05,6.040527174870174e-05,-0.0002861302345991135,-0.0,0.0,0.0,0.0,1.0,0.0,0.0,0.6098239448903322,1.177013037466885,2.2366770383921537,55.5185777852598,109.31659287147546,164.804562503455,30.94578808244105,123.06007740286319,362.5894916806114,0.0,0.0,0.0,0.0,1.0,0.0,0.0
2024-10-13 07:45:47.886984,1.0,1.0,1.0,1.0,1.0,1.0,1.0,899586.0,0.07793653085119309,0.03053643338331834,0.05108703033490621,0.0198462046459215,0.025418596266109744,0.022373776700767792,6.676372140645982e-05,6.994294623533886e-05,-0.0002829510097702345,-0.0,0.0,0.0,0.0,1.0,0.0,0.0,0.6097681795526685,1.177888026152887,2.237010068898323,55.525913212294945,109.29358446725912,164.79083361825246,30.953315427094232,123.13449362566851,362.56008294259436,0.0,0.0,0.0,0.0,1.0,0.0,0.0
2024-10-13 07:45:47.969199,1.0,1.0,1.0,1.0,1.0,1.0,1.0,899587.0,0.0779365308511931,0.03179015607555206,0.051543853408142666,0.01979726201988583,0.025608715566353565,0.02224331624925728,8.265984555085501e-05,7.948062072197598e-05,-0.00030202635874350875,-0.0,0.0,0.0,0.0,1.0,0.0,0.0,0.6092662993336001,1.1813070286365737,2.2375175225514465,55.521002251609005,109.29998251742585,164.79260578179293,30.90435774914811,123.53369620627677,362.70085869841245,0.0,0.0,0.0,0.0,1.0,0.0,0.0
2024-10-13 07:45:47.973199,1.0,1.0,1.0,1.0,1.0,1.0,1.0,899588.0,0.07776924898660738,0.03211621748977285,0.050626085299173146,0.01974819809806028,0.025910004937642474,0.022112086099532226,9.855596969525021e-05,8.90182952086131e-05,-0.00029566790908575063,-0.0,0.0,0.0,0.0,1.0,0.0,0.0,0.6086432409557122,1.1828914769475054,2.2389086414896315,55.512745304659134,109.30703685598651,164.79193914321263,30.87187031036341,123.74266026008408,362.9202671050413,0.0,0.0,0.0,0.0,1.0,0.0,0.0
2024-10-13 07:45:48.054806,1.0,1.0,1.0,1.0,1.0,1.0,1.0,899589.0,0.07783620487415961,0.03259919523031266,0.05016090466686863,0.01979726201988583,0.025494814117130813,0.021847261143915334,0.00012398976832628253,8.90182952086131e-05,-0.0002638756607969603,-0.0,0.0,0.0,0.0,1.0,0.0,0.0,0.6067594953164914,1.183314642884621,2.2379918673089345,55.51483543571657,109.30437490963634,164.7899987890238,30.74779823543878,123.81182893050327,362.77825183001903,0.0,0.0,0.0,0.0,1.0,0.0,0.0
2024-10-13 07:45:48.139157,1.0,1.0,1.0,1.0,1.0,1.0,1.0,899590.0,0.0776016065217911,0.033232248415491,0.04974375892424917,0.020329151297720685,0.026355481787173698,0.022112086099532226,8.583907037973405e-05,0.00012398976832628253,-0.0002765925601124764,-0.0,0.0,0.0,0.0,1.0,0.0,0.0,0.6057276391077688,1.1846829264104166,2.2394636286412135,55.51367334739296,109.3061386633689,164.7920308050083,30.677156566235492,123.97719564343352,363.0181253063771,0.0,0.0,0.0,0.0,1.0,0.0,0.0
2024-10-13 07:45:48.142157,1.0,1.0,1.0,1.0,1.0,1.0,1.0,899591.0,0.0779365308511931,0.033388636330645795,0.05005694413093419,0.02023348417248137,0.026392265450275895,0.02193589137049136,6.676372140645982e-05,0.00013352744281291964,-0.0002829510097702345,-0.0,0.0,0.0,0.0,1.0,0.0,0.0,0.6052472733999678,1.1836110123713368,2.239734812935256,55.50585819405571,109.32294556833577,164.7986401291591,30.644649257295608,123.88729045593877,363.0602096558402,0.0,0.0,0.0,0.0,1.0,0.0,0.0
2024-10-13 07:45:48.223186,1.0,1.0,1.0,1.0,1.0,1.0,1.0,899592.0,0.07746723134474641,0.03315377782566108,0.04932308533363413,0.02013736256391312,0.02657542007977932,0.022199659060460605,6.358449657758078e-05,0.0001398858924706777,-0.00027977178494135546,-0.0,0.0,0.0,0.0,1.0,0.0,0.0,0.6056461710647262,1.1839361671883415,2.239878052924191,55.50316557254277,109.33590325568753,164.80758480755676,30.665825897257168,123.91300705839323,363.10607253924434,0.0,0.0,0.0,0.0,1.0,0.0,0.0
2024-10-13 07:45:48.226190,1.0,1.0,1.0,1.0,1.0,1.0,1.0,899593.0,0.07803672784673764,0.033388636330645795,0.04905833256084958,0.020376816430674367,0.02664832946254422,0.02206816930126611,7.948062072197598e-05,0.00014942356695731485,-0.0002511587614814441,-0.0,0.0,0.0,0.0,1.0,0.0,0.0,0.6041230184674323,1.1848338978709294,2.238215240478571,55.50428141642265,109.33493182379537,164.80899663423094,30.560296032964363,123.98503448693741,362.8869960588268,0.0,0.0,0.0,0.0,1.0,0.0,0.0
2024-10-13 07:45:48.309397,1.0,1.0,1.0,1.0,1.0,1.0,1.0,899594.0,0.0778696612285411,0.03283802036619844,0.04841701959046651,0.02061348890091903,0.02668470945144587,0.022286887919318283,7.312217106421791e-05,0.00015578201661507293,-0.00025433798631032317,-0.0,0.0,0.0,0.0,1.0,0.0,0.0,0.602008840720858,1.1859603377051626,2.237626870577865,55.500451635081966,109.35682024511024,164.83080533976553,30.43359544560066,124.14771752409311,362.8513079985255,0.0,0.0,0.0,0.0,1.0,0.0,0.0
2024-10-13 07:45:48.392070,1.0,1.0,1.0,1.0,1.0,1.0,1.0,899595.0,0.07783620487415963,0.033075121065200774,0.04847078642501301,0.020089129290905252,0.02646567940419046,0.02206816930126611,0.00011445209383964543,0.000162140466272831,-0.0002511587614814441,-0.0,0.0,0.0,0.0,1.0,0.0,0.0,0.6014959154106967,1.1874089312436078,2.241127765482512,55.51275331535497,109.35244032956548,164.83685307279995,30.398404694281602,124.30835998672619,363.3993677919992,0.0,0.0,0.0,0.0,1.0,0.0,0.0
2024-10-13 07:45:48.395070,1.0,1.0,1.0,1.0,1.0,1.0,1.0,899596.0,0.07776924898660738,0.03408350321989499,0.047821594798081846,0.019600269437660415,0.026392265450275895,0.02233037457124348,0.00012716899315516158,0.00015896124144395193,-0.0002352626373370489,-0.0,0.0,0.0,0.0,1.0,0.0,0.0,0.6008652813484087,1.188929758556783,2.244998993006963,55.50781833004518,109.35361279832452,164.8348110155493,30.359319745794366,124.4829505749803,364.06662286408044,0.0,0.0,0.0,0.0,1.0,0.0,0.0
2024-10-13 07:45:48.477298,1.0,1.0,1.0,1.0,1.0,1.0,1.0,899597.0,0.07790310321472031,0.03362185432017313,0.047603230210664246,0.019501026929403496,0.026538890275460948,0.022675265630247764,9.219752003749214e-05,0.000162140466272831,-0.0002352626373370489,-0.0,0.0,0.0,0.0,1.0,0.0,0.0,0.5991326869814044,1.1900956055444354,2.245721817782648,55.50147988552628,109.35122362376856,164.83155984722865,30.281572862345737,124.62624473734589,364.155934097943,0.0,0.0,0.0,0.0,1.0,0.0,0.0
2024-10-13 07:45:48.481291,1.0,1.0,1.0,1.0,1.0,1.0,1.0,899598.0,0.07706269995654945,0.03369923498482647,0.0480931562928653,0.01964970273038926,0.026538890275460948,0.023099139054088526,9.855596969525021e-05,0.00015260279178619387,-0.0002638756607969603,-0.0,0.0,0.0,0.0,1.0,0.0,0.0,0.598939196000957,1.1900921807436289,2.24568422396247,55.511164674955914,109.33134253603357,164.82438392445442,30.24533120059713,124.66633124258199,364.1522180845515,0.0,0.0,0.0,0.0,1.0,0.0,0.0
2024-10-13 07:45:48.561607,1.0,1.0,1.0,1.0,1.0,1.0,1.0,899599.0,0.07621303011101818,0.033930318160450196,0.047548482371721275,0.01964970273038926,0.026937993727346517,0.02334976996081142,6.676372140645982e-05,0.00014306511729955676,-0.0002765925601124764,-0.0,0.0,0.0,0.0,1.0,0.0,0.0,0.5987052807562537,1.192533092612749,2.246958528191909,55.49653095509495,109.34265228108518,164.8267723156562,30.219100123028454,124.90768552490793,364.3906706240347,0.0,0.0,0.0,0.0,1.0,0.0,0.0
2024-10-13 07:45:48.565607,1.0,1.0,1.0,1.0,1.0,1.0,1.0,899600.0,0.07696123486981182,0.033930318160450196,0.04732885772244516,0.019250682441991743,0.026096544458751023,0.02297279823941287,0.00010809364418188734,0.00012081054349740349,-0.00027023411045471834,-0.0,0.0,0.0,0.0,1.0,0.0,0.0,0.5990916267040358,1.192941690444014,2.24734375451636,55.50340866592704,109.33624513984878,164.82697256314015,30.237092416076692,124.93685143491008,364.44449306686647,0.0,0.0,0.0,0.0,1.0,0.0,0.0
2024-10-13 07:45:48.647445,1.0,1.0,1.0,1.0,1.0,1.0,1.0,899601.0,0.0766560337936021,0.033930318160450196,0.04627140705916457,0.01935120888239217,0.026170787978491077,0.02334976996081142,0.00010491441935300831,0.00011127286901076637,-0.0002638756607969603,-0.0,0.0,0.0,0.0,1.0,0.0,0.0,0.5994424805988718,1.1953399714734105,2.2467373860254627,55.490214991156236,109.35169539398802,164.8289595798889,30.252828607549834,125.21973042850944,364.3520015232015,0.0,0.0,0.0,0.0,1.0,0.0,0.0
2024-10-13 07:45:48.730822,1.0,1.0,1.0,1.0,1.0,1.0,1.0,899602.0,0.0776016065217911,0.03468947962748154,0.046942042124967255,0.019401276776896823,0.026244821472867705,0.023141099377598725,8.583907037973408e-05,0.00010491441935300831,-0.00026069643596808123,-0.0,0.0,0.0,0.0,1.0,0.0,0.0,0.5996628364231867,1.195557341128139,2.247368295784248,55.47963064670295,109.36127231819208,164.83160850984595,30.270645778297077,125.31948987357809,364.48151147295636,0.0,0.0,0.0,0.0,1.0,0.0,0.0
2024-10-13 07:45:48.734818,1.0,1.0,1.0,1.0,1.0,1.0,1.0,899603.0,0.0761446469387819,0.034236002877260786,0.04638385292864447,0.019098900711587104,0.02613369258354722,0.023099139054088526,0.00012398976832628253,0.00010173519452412927,-0.00027023411045471834,-0.0,0.0,0.0,0.0,1.0,0.0,0.0,0.5999576438496185,1.1957853318835534,2.248628775250129,55.48313548364564,109.35604405116804,164.83267320930074,30.2816346806063,125.36935520969953,364.6211328169144,0.0,0.0,0.0,0.0,1.0,0.0,0.0
2024-10-13 07:45:48.815350,1.0,1.0,1.0,1.0,1.0,1.0,1.0,899604.0,0.07706269995654944,0.03453898225996592,0.046775284787538986,0.018843214470258284,0.026170787978491077,0.023014988905331966,0.0001367066676417987,0.00010491441935300828,-0.0002670548856258393,-0.0,0.0,0.0,0.0,1.0,0.0,0.0,0.5992471578374778,1.1973284070221972,2.25157410302535,55.491123865176284,109.35325520458917,164.82941573648526,30.24871407243866,125.49268378547055,365.06740619501954,0.0,0.0,0.0,0.0,1.0,0.0,0.0
2024-10-13 07:45:48.819351,1.0,1.0,1.0,1.0,1.0,1.0,1.0,899605.0,0.07723151220694312,0.03446348712650292,0.04705288535396546,0.018997039181501363,0.02646567940419046,0.023141099377598725,9.53767448663712e-05,9.219752003749214e-05,-0.0002829510097702345,-0.0,0.0,0.0,0.0,1.0,0.0,0.0,0.7657034847216415,1.38643599894279,2.4926910630628645,54.41618508168092,107.24962965717309,161.65341355743553,27.95670430095619,117.82514238228511,343.696405383286,0.0,0.0,0.0,0.0,1.0,0.0,0.0
2024-10-13 07:45:48.901733,1.0,1.0,1.0,1.0,1.0,1.0,1.0,899606.0,0.07756803455114282,0.033232248415490995,0.04705288535396545,0.019098900711587104,0.02650231011985886,0.022803254975850316,9.855596969525022e-05,7.312217106421791e-05,-0.00027023411045471834,-0.0,0.0,0.0,0.0,1.0,0.0,0.0,0.7638272403700868,1.367464284195349,2.410999708537489,51.51109705678595,101.52650237007279,153.02448343928717,24.918254576070108,105.22540039918127,307.08370329414834,0.0,0.0,0.0,0.0,1.0,0.0,0.0
2024-10-13 07:45:48.985132,1.0,1.0,1.0,1.0,1.0,1.0,1.0,899607.0,0.0778696612285411,0.033466556241354264,0.047493671422814646,0.019098900711587104,0.026281760015388615,0.02293052994557668,0.00012716899315516158,6.676372140645982e-05,-0.00024797953665256506,-0.0,0.0,0.0,0.0,1.0,0.0,0.0,0.7621146210134792,1.347584080317174,2.3245663773411063,48.43818454598112,95.457932778975,143.87728061831118,21.913693268376658,92.59891096469083,270.4361062309392,0.0,0.0,0.0,0.0,1.0,0.0,0.0
2024-10-13 07:45:48.988135,1.0,1.0,1.0,1.0,1.0,1.0,1.0,899608.0,0.07866834531819232,0.03299627680272549,0.04765791515713948,0.018997039181501363,0.026428997918226275,0.022460329351623145,0.00011763131866852444,7.948062072197598e-05,-0.00024480031182368605,-0.0,0.0,0.0,0.0,1.0,0.0,0.0,0.7599879360616364,1.3308933629338437,2.2331799781118535,45.13722971767665,88.99710246010781,134.1133010612084,18.937076375499245,80.39955692523891,233.73070287443093,0.0,0.0,0.0,0.0,1.0,0.0,0.0
2024-10-13 07:45:49.069863,1.0,1.0,1.0,1.0,1.0,1.0,1.0,899609.0,0.07949177517826955,0.03219721690590663,0.04847078642501301,0.019250682441991743,0.025872535641194412,0.022460329351623145,0.00013988589247067773,8.583907037973405e-05,-0.00024797953665256506,-0.0,0.0,0.0,0.0,1.0,0.0,0.0,0.7562179304077105,1.3065334161429758,2.138772628512611,41.59820569834395,81.99663262171518,123.57431506194854,15.899174890272542,67.63847718387296,197.37604369976134,0.0,0.0,0.0,0.0,1.0,0.0,0.0
2024-10-13 07:45:49.073873,1.0,1.0,1.0,1.0,1.0,1.0,1.0,899610.0,0.07968813227078547,0.03211621748977285,0.0490052103659938,0.01914962829286367,0.026059343378600053,0.022675265630247764,0.00011445209383964543,8.265984555085502e-05,-0.00026069643596808123,-0.0,0.0,0.0,0.0,1.0,0.0,0.0,0.752327678189989,1.285387475724873,2.0406940393563255,37.70842324300554,74.36225424301243,112.04914278997076,12.944241812028695,55.32166151267241,161.1701603964807,0.0,0.0,0.0,0.0,1.0,0.0,0.0
2024-10-13 07:45:49.155494,1.0,1.0,1.0,1.0,1.0,1.0,1.0,899611.0,0.07939341451962957,0.03203501327008908,0.050004882812500005,0.01914962829286367,0.02613369258354722,0.02206816930126611,0.00011763131866852446,8.583907037973405e-05,-0.00024797953665256506,-0.0,0.0,0.0,0.0,1.0,0.0,0.0,0.7481259676472802,1.2606697275953438,1.9360766380694872,33.39038189255713,65.8000180446604,99.17097054047693,9.876313254787636,42.69570650124985,124.90639690815576,0.0,0.0,0.0,0.0,1.0,0.0,0.0
2024-10-13 07:45:49.158491,1.0,1.0,1.0,1.0,1.0,1.0,1.0,899612.0,0.07853579535829455,0.03179015607555206,0.05010895135964307,0.01935120888239217,0.025984781442148438,0.022199659060460605,0.00012398976832628253,8.90182952086131e-05,-0.000241621086994807,-0.0,0.0,0.0,0.0,1.0,0.0,0.0,0.7423111480105491,1.235117825423076,1.8238704221015196,28.42666518906199,55.944979474659235,84.35029502092162,6.821968288875163,30.06225577972277,88.37382531366622,0.0,0.0,0.0,0.0,1.0,0.0,0.0
2024-10-13 07:45:49.239711,1.0,1.0,1.0,1.0,1.0,1.0,1.0,899613.0,0.07932777299164846,0.032035013270089084,0.050264650185492185,0.019301011109426145,0.026281760015388615,0.022460329351623145,6.040527174870175e-05,9.537674486637117e-05,-0.0002670548856258393,-0.0,0.0,0.0,0.0,1.0,0.0,0.0,0.7376729379371668,1.210422126983919,1.7015055951314266,22.354565471120047,43.97705623214636,66.30828929803032,3.8482422827970075,17.65133574746583,51.83517597068041,0.0,0.0,0.0,0.0,1.0,0.0,0.0
2024-10-13 07:45:49.323842,1.0,1.0,1.0,1.0,1.0,1.0,1.0,899614.0,0.07833654989049665,0.03211621748977285,0.0503164427290474,0.018997039181501363,0.026207830867489117,0.02224331624925728,5.72260469198227e-05,9.219752003749214e-05,-0.0002765925601124764,-0.0,0.0,0.0,0.0,1.0,0.0,0.0,0.730458087142889,1.1808630467177832,1.569506808546096,13.815839290069784,27.16900269301846,40.975916339305414,0.8000196207869499,4.820407753244299,15.27104238620404,-0.0,0.0,0.0,0.0,1.0,0.0,0.0
2024-10-13 07:45:49.327846,1.0,1.0,1.0,1.0,1.0,1.0,1.0,899615.0,0.0784694364150062,0.031953602685443394,0.05000488281250001,0.018636139893149068,0.026207830867489117,0.022286887919318283,6.358449657758079e-05,0.00010491441935300831,-0.0002829510097702345,-0.0,0.0,0.0,0.0,1.0,0.0,0.0,0.5456231937218998,0.9185147319887419,0.943332405637752,0.24498058058958025,0.17224555990999907,0.2910955199764778,0.13097842571319857,0.15168775446068303,0.26964674946859707,0.0,0.0,0.0,0.0,1.0,0.0,0.0
2024-10-13 07:45:49.408089,1.0,1.0,1.0,1.0,1.0,1.0,1.0,899616.0,0.07803672784673764,0.032519197084621136,0.0499005972290978,0.018843214470258284,0.02657542007977932,0.022589536530764214,6.040527174870175e-05,0.00011127286901076638,-0.00029566790908575063,-0.0,0.0,0.0,0.0,1.0,0.0,0.0,0.5394634216083904,0.9093475507169889,0.9238764365193456,0.24555718474779234,0.1752858091210006,0.28945658018512677,0.1299615153269613,0.15376822909592425,0.26302483206645527,0.0,0.0,0.0,0.0,1.0,0.0,0.0
2024-10-13 07:45:49.412086,1.0,1.0,1.0,1.0,1.0,1.0,1.0,899617.0,0.0776687069290722,0.03219721690590663,0.04953386870991793,0.018739963202861063,0.02657542007977932,0.02206816930126611,5.722604691982271e-05,0.00011445209383964543,-0.0002988471339146297,-0.0,0.0,0.0,0.0,1.0,0.0,0.0,0.5323049571445451,0.8993104528465414,0.9088083704346094,0.25398644902539097,0.17768290596842218,0.2908204528842747,0.13256618357982125,0.1541332806431736,0.2607097634403688,0.0,0.0,0.0,0.0,1.0,0.0,0.0
2024-10-13 07:45:49.494447,1.0,1.0,1.0,1.0,1.0,1.0,1.0,899618.0,0.0776687069290722,0.03227801306031101,0.04942858938003562,0.018739963202861063,0.02646567940419046,0.022155915847396346,6.676372140645982e-05,0.00010809364418188734,-0.00027977178494135546,-0.0,0.0,0.0,0.0,1.0,0.0,0.0,0.5251533464804317,0.8875930187215554,0.8959092989132709,0.2588487353781773,0.1784148209776639,0.2963584084844742,0.13376457471670705,0.15215889581530082,0.26241785664889405,0.0,0.0,0.0,0.0,1.0,0.0,0.0
2024-10-13 07:45:49.577069,1.0,1.0,1.0,1.0,1.0,1.0,1.0,899619.0,0.07823673687494544,0.03235860747555765,0.049586424553571054,0.018843214470258284,0.026355481787173698,0.02233037457124348,9.219752003749215e-05,0.00011127286901076638,-0.0002861302345991135,-0.0,0.0,0.0,0.0,1.0,0.0,0.0,0.5178870639063347,0.8791821697721811,0.8852446156690833,0.2547331450203727,0.18010769352634776,0.29226303685647725,0.12957956678849178,0.15247945924156509,0.25581144848110265,0.0,0.0,0.0,0.0,1.0,0.0,0.0
2024-10-13 07:45:49.581013,1.0,1.0,1.0,1.0,1.0,1.0,1.0,899620.0,0.07840302130669127,0.03235860747555765,0.04948125704482232,0.018997039181501363,0.026207830867489117,0.022286887919318283,7.630139589309696e-05,0.00010809364418188734,-0.0002765925601124764,-0.0,0.0,0.0,0.0,1.0,0.0,0.0,0.5136917346199062,0.8698806197814755,0.8746178941625138,0.25513841805618576,0.1807351038324734,0.29349942292674297,0.12881010606810225,0.15162634832185856,0.2537652135926296,0.0,0.0,0.0,0.0,1.0,0.0,0.0
2024-10-13 07:45:49.662084,1.0,1.0,1.0,1.0,1.0,1.0,1.0,899621.0,0.07860209827880636,0.032599195230312655,0.04932308533363413,0.018894628520718087,0.02613369258354722,0.022155915847396346,9.855596969525021e-05,0.00011763131866852446,-0.0002829510097702345,-0.0,0.0,0.0,0.0,1.0,0.0,0.0,0.5085017732625706,0.8615387173449197,0.8640039299373632,0.25424308164777965,0.18302610724486726,0.2905292426519207,0.12704157394523746,0.1524806850934667,0.24814812468131056,0.0,0.0,0.0,0.0,1.0,0.0,0.0
2024-10-13 07:45:49.666026,1.0,1.0,1.0,1.0,1.0,1.0,1.0,899622.0,0.07965543970232411,0.03211621748977285,0.04948125704482232,0.018688123647942947,0.026022089115979988,0.02193589137049136,0.00011445209383964543,0.00011445209383964543,-0.00029248868425687163,-0.0,0.0,0.0,0.0,1.0,0.0,0.0,0.5047979850262794,0.8536565252805264,0.8514443098917069,0.25357444641977955,0.19053279488941222,0.284530427766798,0.12570965536553877,0.15808338759190269,0.2394895310918016,0.0,0.0,0.0,0.0,1.0,0.0,0.0
2024-10-13 07:45:49.747454,1.0,1.0,1.0,1.0,1.0,1.0,1.0,899623.0,0.07916343104386311,0.031790156075552065,0.04921735512558287,0.018426738416276855,0.026022089115979988,0.021758269893602942,0.00012716899315516158,0.00011127286901076638,-0.00027023411045471834,-0.0,0.0,0.0,0.0,1.0,0.0,0.0,0.500967754343091,0.8456762323836645,0.8430327000652522,0.25482749142941025,0.19110028244534152,0.2828221359342149,0.12562408123056146,0.15703447469118423,0.23553747707813102,0.0,0.0,0.0,0.0,1.0,0.0,0.0
2024-10-13 07:45:49.830917,1.0,1.0,1.0,1.0,1.0,1.0,1.0,899624.0,0.08011192160389803,0.031625864763461305,0.04974375892424917,0.018531734926591673,0.026022089115979988,0.021713637498104413,0.00015260279178619387,0.00010173519452412927,-0.00025751721113920217,-0.0,0.0,0.0,0.0,1.0,0.0,0.0,0.49964075624013793,0.8364145254459143,0.8320632083042242,0.25076712787237465,0.19580481717778522,0.2856601996038923,0.12330633801850782,0.159854886570742,0.2343041312894229,0.0,0.0,0.0,0.0,1.0,0.0,0.0
2024-10-13 07:45:49.834911,1.0,1.0,1.0,1.0,1.0,1.0,1.0,899625.0,0.08069503265077752,0.031211353204542467,0.049638924753086684,0.01914962829286367,0.02564657030330141,0.02193589137049136,0.00017485736558834716,9.219752003749215e-05,-0.00024480031182368605,-0.0,0.0,0.0,0.0,1.0,0.0,0.0,0.4977171859806228,0.8278472895192815,0.8227227912324745,0.2466021217358609,0.19571385750141534,0.2839685469735689,0.12080684912040328,0.1581126356192636,0.23040009366344563,0.0,0.0,0.0,0.0,1.0,0.0,0.0
2024-10-13 07:45:49.915968,1.0,1.0,1.0,1.0,1.0,1.0,1.0,899626.0,0.08069503265077752,0.0316258647634613,0.0492702485907403,0.018843214470258284,0.025494814117130813,0.022155915847396346,0.0001716781407594681,9.219752003749214e-05,-0.00026069643596808123,-0.0,0.0,0.0,0.0,1.0,0.0,0.0,0.49445578391869516,0.8189077666009739,0.8128712634117906,0.24614491918075482,0.19810230210805774,0.2828547297347141,0.11976662441875423,0.15875259549442441,0.2268840770635739,0.0,0.0,0.0,0.0,1.0,0.0,0.0
2024-10-13 07:45:49.919966,1.0,1.0,1.0,1.0,1.0,1.0,1.0,899627.0,0.08137004767024422,0.031294694749978175,0.0492702485907403,0.01914962829286367,0.02557080478973271,0.022199659060460605,0.0001716781407594681,9.219752003749215e-05,-0.0002829510097702345,-0.0,0.0,0.0,0.0,1.0,0.0,0.0,0.49191693570842543,0.8110944233026935,0.8029183312465978,0.24085469788088307,0.19685662636192838,0.281470368191819,0.11677479723117747,0.15613335158910824,0.22315747466670366,0.0,0.0,0.0,0.0,1.0,0.0,0.0
2024-10-13 07:45:50.001015,1.0,1.0,1.0,1.0,1.0,1.0,1.0,899628.0,0.08200775372225469,0.03146071551579092,0.04873873090097101,0.019301011109426145,0.025608715566353565,0.021980072465344138,0.00019075348973274234,8.901829520861311e-05,-0.0002893094594279926,-0.0,0.0,0.0,0.0,1.0,0.0,0.0,0.4900480927125315,0.8043544383787519,0.7917694814459753,0.23812037527422647,0.19536480831313005,0.27845246476832775,0.11492598968138348,0.15344267605291464,0.21749688588550375,0.0,0.0,0.0,0.0,1.0,0.0,0.0
2024-10-13 07:45:50.005015,1.0,1.0,1.0,1.0,1.0,1.0,1.0,899629.0,0.08146602181133336,0.0319536026854434,0.048201352506762565,0.018843214470258284,0.026059343378600053,0.02166891317152994,0.00018439504007498428,8.583907037973408e-05,-0.00029566790908575063,-0.0,0.0,0.0,0.0,1.0,0.0,0.0,0.4893060685884884,0.7979660040791405,0.7831706415965515,0.23956636665075695,0.19655184603756273,0.2804032782706458,0.11561985550028633,0.15301306016863117,0.21646709879764475,0.0,0.0,0.0,0.0,1.0,0.0,0.0
2024-10-13 07:45:50.086240,1.0,1.0,1.0,1.0,1.0,1.0,1.0,899630.0,0.0809528449135354,0.031871984154482245,0.04847078642501301,0.018791659751293096,0.026207830867489117,0.021847261143915334,0.00019711193939050042,5.404682209094367e-05,-0.0003179224828879039,-0.0,0.0,0.0,0.0,1.0,0.0,0.0,0.4865200165897313,0.7937664791675423,0.7741464647297492,0.23893651394684476,0.199784845843728,0.2755256127300547,0.1146415373709996,0.1546761206667331,0.21014665685682238,0.0,0.0,0.0,0.0,1.0,0.0,0.0
2024-10-13 07:45:50.170471,1.0,1.0,1.0,1.0,1.0,1.0,1.0,899631.0,0.0821347007854318,0.03146071551579092,0.04776709723644845,0.018791659751293096,0.026355481787173698,0.022460329351623145,0.00018757426490386333,4.132992277542751e-05,-0.0003306393822034201,-0.0,0.0,0.0,0.0,1.0,0.0,0.0,0.4843015067734326,0.7898905834333925,0.7665974658072167,0.2421065687275728,0.19797344562269856,0.2787789027928526,0.11579533104848029,0.15203095724788152,0.21091848096921437,0.0,0.0,0.0,0.0,1.0,0.0,0.0
2024-10-13 07:45:50.173581,1.0,1.0,1.0,1.0,1.0,1.0,1.0,899632.0,0.08120983871846918,0.031211353204542464,0.04732885772244516,0.018688123647942947,0.02668470945144587,0.022373776700767792,0.00018121581524610522,3.1792248288790396e-05,-0.0003338186070322992,-0.0,0.0,0.0,0.0,1.0,0.0,0.0,0.4811606058026322,0.7863033527198837,0.7615496481597842,0.24013644505691664,0.1940781535364123,0.28202432217953416,0.11409515225943644,0.14811795807678474,0.2120182909044618,0.0,0.0,0.0,0.0,1.0,0.0,0.0
2024-10-13 07:45:50.255874,1.0,1.0,1.0,1.0,1.0,1.0,1.0,899633.0,0.08111356146029437,0.03146071551579092,0.0479304040281651,0.018791659751293096,0.02650231011985886,0.02233037457124348,0.00020982883870601662,1.2716899315516164e-05,-0.0003528939560055733,-0.0,0.0,0.0,0.0,1.0,0.0,0.0,0.4782451219755442,0.7816169630692188,0.7577073426651073,0.2383895667991311,0.1939107854680211,0.2792973795189896,0.11242358649385246,0.1475240443950946,0.20878195357240684,0.0,0.0,0.0,0.0,1.0,0.0,0.0
2024-10-13 07:45:50.258882,1.0,1.0,1.0,1.0,1.0,1.0,1.0,899634.0,0.08075956287512498,0.0316258647634613,0.04776709723644845,0.018894628520718087,0.02646567940419046,0.02263244167204487,0.00020029116421937945,6.358449657758078e-06,-0.0003751485298077266,-0.0,0.0,0.0,0.0,1.0,0.0,0.0,0.47402283302370535,0.7769559453577384,0.7553608113094581,0.24118185075909235,0.19096477278146243,0.2728079646115174,0.11260427243829375,0.1438376406888847,0.20337775918087883,0.0,0.0,0.0,0.0,1.0,0.0,0.0
2024-10-13 07:45:50.341003,1.0,1.0,1.0,1.0,1.0,1.0,1.0,899635.0,0.07991660577912112,0.03179015607555206,0.047603230210664246,0.018739963202861063,0.026611899740163612,0.022718008864468682,0.00015896124144395196,1.2716899315516157e-05,-0.0003815069794654847,-0.0,0.0,0.0,0.0,1.0,0.0,0.0,0.47020195820975946,0.7723409938685818,0.7517308761875098,0.24384162763680647,0.19025144821493722,0.2720521060186609,0.11273197130225372,0.14254867318430473,0.20181309274750397,0.0,0.0,0.0,0.0,1.0,0.0,0.0
2024-10-13 07:45:50.423402,1.0,1.0,1.0,1.0,1.0,1.0,1.0,899636.0,0.08020940116330459,0.031625864763461305,0.04814728479203762,0.018636139893149068,0.026428997918226275,0.022286887919318283,0.00014624434212843582,6.358449657758078e-06,-0.00036243163049221055,-0.0,0.0,0.0,0.0,1.0,0.0,0.0,0.4667811948028222,0.7675535123324854,0.7468337000227355,0.24147887785181474,0.1894982453828918,0.2787614842471363,0.1106876414254837,0.14105315699361992,0.20504830725809162,0.0,0.0,0.0,0.0,1.0,0.0,0.0
2024-10-13 07:45:50.426392,1.0,1.0,1.0,1.0,1.0,1.0,1.0,899637.0,0.08001432328753572,0.03170811682633252,0.04847078642501301,0.018636139893149068,0.026611899740163612,0.022675265630247764,0.0001208105434974035,3.179224828879035e-06,-0.00037196930497884756,-0.0,0.0,0.0,0.0,1.0,0.0,0.0,0.4654350751018943,0.7627428114897132,0.7412393017248385,0.23683218938598508,0.18801374802392745,0.2854338207159571,0.10802777829712239,0.1390432792324724,0.20812558662625413,0.0,0.0,0.0,0.0,1.0,0.0,0.0
2024-10-13 07:45:50.508503,1.0,1.0,1.0,1.0,1.0,1.0,1.0,899638.0,0.08024186803415993,0.032035013270089084,0.0490052103659938,0.0181615916660127,0.026428997918226275,0.023141099377598725,5.722604691982273e-05,-6.358449657758082e-06,-0.00038786542912324284,-0.0,0.0,0.0,0.0,1.0,0.0,0.0,0.4640738257512381,0.757845818442122,0.7355271529103977,0.24144606650299247,0.18336114060147277,0.2889710141453369,0.10973325579421442,0.13484460610441396,0.2090000795150644,0.0,0.0,0.0,0.0,1.0,0.0,0.0
2024-10-13 07:45:50.512510,1.0,1.0,1.0,1.0,1.0,1.0,1.0,899639.0,0.08075956287512498,0.03170811682633252,0.0499005972290978,0.01826811217861732,0.026096544458751023,0.023266526309168863,4.7688372433185584e-05,-1.58961241443952e-05,-0.0003656108553210895,-0.0,0.0,0.0,0.0,1.0,0.0,0.0,0.4611008334538005,0.7532597902212934,0.7297661022516947,0.24043364281593554,0.17702539862686628,0.28776827493467527,0.10850413215064941,0.12935067220463745,0.2065923339620218,0.0,0.0,0.0,0.0,1.0,0.0,0.0
2024-10-13 07:45:50.594139,1.0,1.0,1.0,1.0,1.0,1.0,1.0,899640.0,0.08114566657196526,0.03179015607555206,0.04921735512558287,0.018108096434446105,0.026059343378600053,0.02322479259609146,4.132992277542752e-05,1.2716899315516157e-05,-0.0003497147311766943,-0.0,0.0,0.0,0.0,1.0,0.0,0.0,0.45861051098108707,0.7480910867353775,0.7248801215306875,0.24187672338097238,0.17217539596824996,0.28736596337653103,0.10855385169450107,0.12488020268831486,0.20519643137997998,0.0,0.0,0.0,0.0,1.0,0.0,0.0
2024-10-13 07:45:50.598139,1.0,1.0,1.0,1.0,1.0,1.0,1.0,899641.0,0.08092066330029249,0.031871984154482245,0.05010895135964307,0.018108096434446105,0.025722112647481858,0.023141099377598725,3.815069794654848e-05,-1.1564823173178714e-21,-0.00036243163049221044,-0.0,0.0,0.0,0.0,1.0,0.0,0.0,0.4555043526439223,0.7433600151659563,0.7206310554830719,0.2399031396070036,0.17365102879698663,0.2867783345912025,0.10682294039877803,0.12538989214398277,0.20341181389339766,0.0,0.0,0.0,0.0,1.0,0.0,0.0
2024-10-13 07:45:50.680030,1.0,1.0,1.0,1.0,1.0,1.0,1.0,899642.0,0.08124190578337873,0.032439001655304125,0.05047150147174474,0.018584010728398753,0.025759800744833576,0.023638814368941753,3.4971473117669426e-05,2.5433798631032314e-05,-0.00038468620429436373,-0.0,0.0,0.0,0.0,1.0,0.0,0.0,0.4543952555827295,0.7385774801185924,0.7164979419151033,0.246282825581145,0.17780464274229912,0.28095153506577747,0.10955248153797227,0.12732466071854806,0.19783570165765085,0.0,0.0,0.0,0.0,1.0,0.0,0.0
2024-10-13 07:45:50.762557,1.0,1.0,1.0,1.0,1.0,1.0,1.0,899643.0,0.08130600197148179,0.03219721690590663,0.050264650185492185,0.018791659751293096,0.025722112647481858,0.023924366915673293,-1.589612414439519e-05,5.086759726206463e-05,-0.0004005823284387589,-0.0,0.0,0.0,0.0,1.0,0.0,0.0,0.45391158433387785,0.733662787159763,0.7108363789306023,0.25051855202802686,0.17746922098582515,0.28193440705398437,0.1115476217416955,0.12588969067796088,0.19730588131672389,0.0,0.0,0.0,0.0,1.0,0.0,0.0
2024-10-13 07:45:50.765553,1.0,1.0,1.0,1.0,1.0,1.0,1.0,899644.0,0.08137004767024422,0.031211353204542464,0.05083146579886899,0.018584010728398753,0.025984781442148438,0.023638814368941753,-6.676372140645981e-05,5.0867597262064634e-05,-0.0003878654291232428,-0.0,0.0,0.0,0.0,1.0,0.0,0.0,0.45349090040953244,0.7301203705705116,0.7054204728988358,0.24781560991974597,0.17671629705048594,0.28556720527918406,0.11016121478090182,0.12511103501697832,0.19862736228263256,0.0,0.0,0.0,0.0,1.0,0.0,0.0
2024-10-13 07:45:50.847348,1.0,1.0,1.0,1.0,1.0,1.0,1.0,899645.0,0.08143404299879156,0.03211621748977285,0.05134132274900665,0.018426738416276855,0.026318646714264433,0.023432717895079433,-8.583907037973404e-05,5.722604691982271e-05,-0.0003942238787810009,-0.0,0.0,0.0,0.0,1.0,0.0,0.0,0.45204151336181936,0.7273999177687416,0.7002187266727176,0.24208052164760044,0.17616061041185352,0.28788371131172574,0.10728295656915664,0.12424069278280575,0.1986757739707675,0.0,0.0,0.0,0.0,1.0,0.0,0.0
2024-10-13 07:45:50.851347,1.0,1.0,1.0,1.0,1.0,1.0,1.0,899646.0,0.08188060984157082,0.0319536026854434,0.051695230689754394,0.01894590304788124,0.026170787978491077,0.02380240673176593,-9.537674486637117e-05,7.630139589309694e-05,-0.000406940778096517,-0.0,0.0,0.0,0.0,1.0,0.0,0.0,0.4506568262639174,0.7253215562778914,0.6964718948911145,0.2424478160240241,0.1723761246650078,0.28356339681069503,0.10720700842046677,0.12105442824180561,0.19477457493838746,0.0,0.0,0.0,0.0,1.0,0.0,0.0
2024-10-13 07:45:50.933325,1.0,1.0,1.0,1.0,1.0,1.0,1.0,899647.0,0.08197598623947362,0.03259919523031266,0.05174559137455608,0.018584010728398753,0.026244821472867705,0.023308185297423505,-8.583907037973405e-05,8.583907037973405e-05,-0.0003687900801499686,-0.0,0.0,0.0,0.0,1.0,0.0,0.0,0.44736059981156884,0.7212993529146194,0.693240321963959,0.24365279606594292,0.17245689242536166,0.2833400618495501,0.10714819276113251,0.12057206287783825,0.1935018883450839,0.0,0.0,0.0,0.0,1.0,0.0,0.0
2024-10-13 07:45:51.016223,1.0,1.0,1.0,1.0,1.0,1.0,1.0,899648.0,0.08104931308470009,0.03283802036619844,0.051493295423040195,0.018739963202861063,0.026392265450275895,0.023014988905331966,-3.4971473117669426e-05,9.855596969525022e-05,-0.00035925240566333144,-0.0,0.0,0.0,0.0,1.0,0.0,0.0,0.4433266305637869,0.7198244351392655,0.6927890668652323,0.23775387635520762,0.17481509192314923,0.2855277034065988,0.10362879087556338,0.12194658138811441,0.19464305764037373,0.0,0.0,0.0,0.0,1.0,0.0,0.0
2024-10-13 07:45:51.019226,1.0,1.0,1.0,1.0,1.0,1.0,1.0,899649.0,0.08127396019606152,0.033466556241354264,0.05083146579886899,0.018894628520718087,0.02668470945144587,0.02305710236947253,-5.404682209094366e-05,0.00010491441935300831,-0.0003687900801499686,-0.0,0.0,0.0,0.0,1.0,0.0,0.0,0.44191463725799246,0.7163663032340702,0.6894782340948589,0.2360060335022199,0.17947686019001632,0.2870070152619836,0.10254423364991164,0.1247253311243128,0.19469476630240531,0.0,0.0,0.0,0.0,1.0,0.0,0.0
2024-10-13 07:45:51.100781,1.0,1.0,1.0,1.0,1.0,1.0,1.0,899650.0,0.0805981404413478,0.033544295152698266,0.05113798997883311,0.019048038036167402,0.02672103991000101,0.02305710236947253,-5.72260469198227e-05,0.00010809364418188734,-0.00036243163049221044,-0.0,0.0,0.0,0.0,1.0,0.0,0.0,0.44160672861306915,0.7133784162867092,0.685398910476547,0.23157336624290992,0.17439211729553078,0.2961217737081989,0.10040532183448247,0.12001317113315194,0.19978681632601222,0.0,0.0,0.0,0.0,1.0,0.0,0.0
2024-10-13 07:45:51.103778,1.0,1.0,1.0,1.0,1.0,1.0,1.0,899651.0,0.08053348087182131,0.033621854320173124,0.050984958244254856,0.019250682441991743,0.027260187166059602,0.023014988905331966,-7.948062072197598e-05,0.00011763131866852446,-0.00035289395600557344,-0.0,0.0,0.0,0.0,1.0,0.0,0.0,0.4409075686744172,0.7092362553510297,0.6810702280646014,0.2316622551983187,0.17197585817757285,0.30233631255212406,0.10028645415060272,0.11759316916375513,0.20266213081106396,0.0,0.0,0.0,0.0,1.0,0.0,0.0
2024-10-13 07:45:51.187255,1.0,1.0,1.0,1.0,1.0,1.0,1.0,899652.0,0.08063045078156783,0.033232248415491,0.05129056512636666,0.01914962829286367,0.02700992441274364,0.022675265630247764,-0.00011445209383964543,9.855596969525022e-05,-0.00034653550634781527,-0.0,0.0,0.0,0.0,1.0,0.0,0.0,0.4387852672187818,0.7034110639020107,0.6750557761003914,0.22661652026672968,0.1673094284629261,0.3094803911854436,0.09774916780175484,0.1136749911363399,0.20633083010387493,0.0,0.0,0.0,0.0,1.0,0.0,0.0
2024-10-13 07:45:51.190258,1.0,1.0,1.0,1.0,1.0,1.0,1.0,899653.0,0.08050113161127861,0.03315377782566108,0.05118889889136945,0.018791659751293096,0.026829736114304472,0.02276067182949264,-8.265984555085502e-05,8.901829520861311e-05,-0.000321101707716783,-0.0,0.0,0.0,0.0,1.0,0.0,0.0,0.4360354898033891,0.6998561179833687,0.6682777736963218,0.22353301798379632,0.16507689683790033,0.31344022160205187,0.0958249419740758,0.11168554494110651,0.20734768582090218,0.0,0.0,0.0,0.0,1.0,0.0,0.0
2024-10-13 07:45:51.271761,1.0,1.0,1.0,1.0,1.0,1.0,1.0,899654.0,0.08063045078156782,0.034614312736061206,0.050368182015446177,0.018997039181501363,0.026538890275460948,0.02288818359375,-7.630139589309694e-05,9.855596969525021e-05,-0.0003401770566900572,-0.0,0.0,0.0,0.0,1.0,0.0,0.0,0.43448558843011,0.6953454668108957,0.6627293133350427,0.21940421977850566,0.1678933885757655,0.31153900380827415,0.0935807624920904,0.11263798981542011,0.20431432264968147,0.0,0.0,0.0,0.0,1.0,0.0,0.0
2024-10-13 07:45:51.355847,1.0,1.0,1.0,1.0,1.0,1.0,1.0,899655.0,0.08050113161127861,0.03415983814915113,0.050264650185492185,0.01894590304788124,0.026281760015388615,0.02305710236947253,-6.040527174870175e-05,8.265984555085502e-05,-0.000324280932545662,-0.0,0.0,0.0,0.0,1.0,0.0,0.0,0.4337022214459403,0.6900424154945493,0.657891829813963,0.2206221958572558,0.16958223612045373,0.30832854313126523,0.09387484078876171,0.11280689875042586,0.20067996823673484,0.0,0.0,0.0,0.0,1.0,0.0,0.0
2024-10-13 07:45:51.359847,1.0,1.0,1.0,1.0,1.0,1.0,1.0,899656.0,0.07962273371051125,0.034083503219895,0.049375865536358574,0.018426738416276855,0.026244821472867705,0.022546549742941794,-5.722604691982271e-05,7.312217106421791e-05,-0.00031474325805902487,-0.0,0.0,0.0,0.0,1.0,0.0,0.0,0.43375026419845364,0.6863566726609606,0.6523828008871241,0.221626631953876,0.16928769008648722,0.30937613246341966,0.09419709054988891,0.11207247048034981,0.19974779512602922,0.0,0.0,0.0,0.0,1.0,0.0,0.0
2024-10-13 07:45:51.440548,1.0,1.0,1.0,1.0,1.0,1.0,1.0,899657.0,0.07968813227078546,0.033930318160450196,0.04984837262323651,0.018584010728398753,0.025910004937642474,0.02276067182949264,-4.132992277542751e-05,6.040527174870175e-05,-0.00032746015737454104,-0.0,0.0,0.0,0.0,1.0,0.0,0.0,0.4329174369563184,0.684782828630198,0.6474100362800373,0.2233880640459262,0.1712420954945055,0.30459140093975123,0.09477553284514331,0.11303246391097004,0.19513130835506595,0.0,0.0,0.0,0.0,1.0,0.0,0.0
2024-10-13 07:45:51.443549,1.0,1.0,1.0,1.0,1.0,1.0,1.0,899658.0,0.07929493185052183,0.03346655624135427,0.04958642455357106,0.018791659751293096,0.026318646714264433,0.02284575874987356,-6.358449657758079e-05,6.040527174870175e-05,-0.000324280932545662,-0.0,0.0,0.0,0.0,1.0,0.0,0.0,0.43280277280810336,0.6825195836464967,0.6416794878460788,0.22474180816052616,0.1694428542709578,0.30294420475145034,0.09530125299531879,0.11144798619694861,0.1921307929684198,0.0,0.0,0.0,0.0,1.0,0.0,0.0
2024-10-13 07:45:51.525797,1.0,1.0,1.0,1.0,1.0,1.0,1.0,899659.0,0.0784694364150062,0.03267899754122895,0.05005694413093419,0.018894628520718087,0.026096544458751023,0.02284575874987356,-6.994294623533886e-05,4.132992277542751e-05,-0.0003306393822034201,-0.0,0.0,0.0,0.0,1.0,0.0,0.0,0.43175601927666296,0.680349211343612,0.637841971064833,0.22852066570361604,0.16855067569099963,0.30335263330487905,0.09658239228955623,0.11047533263888476,0.1910734357774151,0.0,0.0,0.0,0.0,1.0,0.0,0.0
2024-10-13 07:45:51.608059,1.0,1.0,1.0,1.0,1.0,1.0,1.0,899660.0,0.0791963267157769,0.03283802036619844,0.05000488281250001,0.018997039181501363,0.025984781442148438,0.02297279823941287,-2.861302345991136e-05,5.404682209094367e-05,-0.000324280932545662,-0.0,0.0,0.0,0.0,1.0,0.0,0.0,0.4294480218906323,0.6773255000446239,0.6343494442341888,0.23062207294456205,0.1751707391434035,0.29940319914325203,0.09707720330945092,0.11501685530693848,0.18763187864159125,0.0,0.0,0.0,0.0,1.0,0.0,0.0
2024-10-13 07:45:51.612055,1.0,1.0,1.0,1.0,1.0,1.0,1.0,899661.0,0.07783620487415961,0.03259919523031266,0.0499005972290978,0.018843214470258284,0.025797433782787597,0.02293052994557668,-1.5896124144395205e-05,5.404682209094367e-05,-0.0003179224828879039,-0.0,0.0,0.0,0.0,1.0,0.0,0.0,0.42686423664613415,0.6747173243931057,0.6298484882257354,0.22885037822161358,0.18197479716966516,0.29287525753249155,0.09581708222380439,0.11900533583577803,0.182308190969804,0.0,0.0,0.0,0.0,1.0,0.0,0.0
2024-10-13 07:45:51.693100,1.0,1.0,1.0,1.0,1.0,1.0,1.0,899662.0,0.07733262267425067,0.03291724369090572,0.0499005972290978,0.018426738416276855,0.025910004937642474,0.02288818359375,3.815069794654847e-05,6.676372140645982e-05,-0.00029566790908575063,-0.0,0.0,0.0,0.0,1.0,0.0,0.0,0.4263737703311806,0.6736243098673556,0.6273109364714794,0.23219116045862886,0.18592063976660042,0.29307932127877834,0.09697352525530915,0.12155500265803365,0.1815959941442489,0.0,0.0,0.0,0.0,1.0,0.0,0.0
2024-10-13 07:45:51.697173,1.0,1.0,1.0,1.0,1.0,1.0,1.0,899663.0,0.0773662967985003,0.033075121065200774,0.050264650185492185,0.018997039181501363,0.025910004937642474,0.02250348084068699,4.132992277542751e-05,6.358449657758079e-05,-0.00029248868425687163,-0.0,0.0,0.0,0.0,1.0,0.0,0.0,0.4266740189332801,0.6726784062423913,0.6248981941278775,0.22994709935805477,0.1858570884286092,0.29036265137994643,0.09606320721264013,0.12140649795433704,0.1790241316227251,0.0,0.0,0.0,0.0,1.0,0.0,0.0
2024-10-13 07:45:51.778852,1.0,1.0,1.0,1.0,1.0,1.0,1.0,899664.0,0.07696123486981184,0.03235860747555765,0.05093384549131161,0.01837401516539352,0.025722112647481858,0.02233037457124348,3.497147311766944e-05,6.040527174870175e-05,-0.00025433798631032317,-0.0,0.0,0.0,0.0,1.0,0.0,0.0,0.4270845255533219,0.6715036334198207,0.6220656299114503,0.23059659842482402,0.1844885696560381,0.288895476606073,0.09647632981679281,0.12035126655453739,0.1772517474232158,0.0,0.0,0.0,0.0,1.0,0.0,0.0
2024-10-13 07:45:51.862864,1.0,1.0,1.0,1.0,1.0,1.0,1.0,899665.0,0.07696123486981184,0.031871984154482245,0.05093384549131161,0.01826811217861732,0.025608715566353565,0.022155915847396346,3.497147311766944e-05,5.72260469198227e-05,-0.00026069643596808123,-0.0,0.0,0.0,0.0,1.0,0.0,0.0,0.42790435734631627,0.6716130999600648,0.6198982330482244,0.22881104508759686,0.18594243523298787,0.2918835222686115,0.09585037577270683,0.12133614498902656,0.178589259083632,0.0,0.0,0.0,0.0,1.0,0.0,0.0
2024-10-13 07:45:51.865864,1.0,1.0,1.0,1.0,1.0,1.0,1.0,899666.0,0.07746723134474641,0.03219721690590663,0.05123975722372669,0.018426738416276855,0.025910004937642474,0.02263244167204487,1.2716899315516158e-05,5.0867597262064634e-05,-0.00029248868425687163,-0.0,0.0,0.0,0.0,1.0,0.0,0.0,0.4273297598178776,0.6714639764466257,0.618480545760338,0.22957224776454388,0.19205025544795193,0.29629659534041225,0.09614842810041424,0.12553004927984163,0.18071132016640332,0.0,0.0,0.0,0.0,1.0,0.0,0.0
2024-10-13 07:45:51.947166,1.0,1.0,1.0,1.0,1.0,1.0,1.0,899667.0,0.07753444804402541,0.031871984154482245,0.050523081967037,0.018584010728398753,0.025759800744833576,0.02288818359375,6.358449657758075e-06,4.7688372433185584e-05,-0.00029566790908575063,-0.0,0.0,0.0,0.0,1.0,0.0,0.0,0.4271031601702117,0.6696814219803684,0.6181365851251669,0.2321814112555293,0.1906957861701288,0.2985765600965869,0.0971481176854951,0.12397223331901476,0.1819019482754662,0.0,0.0,0.0,0.0,1.0,0.0,0.0
2024-10-13 07:45:51.951163,1.0,1.0,1.0,1.0,1.0,1.0,1.0,899668.0,0.07873453661750711,0.03235860747555765,0.05072887948684035,0.018531734926591673,0.02522704420499114,0.023014988905331966,-2.2254573802153277e-05,4.7688372433185584e-05,-0.0002988471339146297,-0.0,0.0,0.0,0.0,1.0,0.0,0.0,0.4279594754180039,0.666174132540176,0.6157386556692606,0.2331929142196558,0.1912407018615894,0.29606894387893246,0.09774448727631233,0.1234348623191192,0.17975986144053202,0.0,0.0,0.0,0.0,1.0,0.0,0.0
2024-10-13 07:45:52.033556,1.0,1.0,1.0,1.0,1.0,1.0,1.0,899669.0,0.07932777299164846,0.032035013270089084,0.050368182015446177,0.01837401516539352,0.02526547079878701,0.02305710236947253,-5.0867597262064634e-05,7.31221710642179e-05,-0.0002861302345991135,-0.0,0.0,0.0,0.0,1.0,0.0,0.0,0.4280389276300517,0.6636241803970632,0.6125591668327139,0.23054470583586653,0.19029597994863118,0.293934588759106,0.09668244955986514,0.12231701785255075,0.1776110502927653,0.0,0.0,0.0,0.0,1.0,0.0,0.0
2024-10-13 07:45:52.037625,1.0,1.0,1.0,1.0,1.0,1.0,1.0,899670.0,0.07893277747670618,0.03170811682633252,0.05072887948684035,0.018108096434446105,0.025303839037745666,0.022589536530764214,-8.90182952086131e-05,6.676372140645982e-05,-0.0002765925601124764,-0.0,0.0,0.0,0.0,1.0,0.0,0.0,0.4279594754180039,0.6608892420621058,0.6110459727518903,0.23006238751650207,0.1898840802298082,0.2930830254371184,0.09643588301202538,0.12162599272990705,0.17658638108402896,0.0,0.0,0.0,0.0,1.0,0.0,0.0
2024-10-13 07:45:52.118296,1.0,1.0,1.0,1.0,1.0,1.0,1.0,899671.0,0.07939341451962957,0.03211621748977284,0.050523081967037,0.01826811217861732,0.024995244090384144,0.02250348084068699,-9.855596969525022e-05,8.265984555085502e-05,-0.0002861302345991135,-0.0,0.0,0.0,0.0,1.0,0.0,0.0,0.42860683502993363,0.6572936449097742,0.6098265853240531,0.2335838758099881,0.1858202151026541,0.29837625601345136,0.09794663298834856,0.1183683428165918,0.17934119621954805,0.0,0.0,0.0,0.0,1.0,0.0,0.0
2024-10-13 07:45:52.201895,1.0,1.0,1.0,1.0,1.0,1.0,1.0,899672.0,0.08056581714329977,0.032035013270089084,0.0496389247530867,0.018531734926591673,0.025188558989287076,0.022286887919318283,-0.00011127286901076638,8.90182952086131e-05,-0.00027977178494135546,-0.0,0.0,0.0,0.0,1.0,0.0,0.0,0.42790435734631627,0.6533478829501234,0.6082448777539132,0.2283269529657908,0.18361492352239403,0.2942862820128721,0.09562738847568128,0.11617135547882557,0.17620309525257588,0.0,0.0,0.0,0.0,1.0,0.0,0.0
2024-10-13 07:45:52.204890,1.0,1.0,1.0,1.0,1.0,1.0,1.0,899673.0,0.08063045078156784,0.032519197084621136,0.04953386870991793,0.018531734926591673,0.02522704420499114,0.022112086099532226,-0.00010491441935300831,0.00010173519452412925,-0.0002829510097702345,-0.0,0.0,0.0,0.0,1.0,0.0,0.0,0.4265210372987694,0.6492569072630815,0.6066075224163676,0.22378314992030937,0.18856719697799998,0.29583085432080497,0.09304002933577857,0.11882797209717645,0.17686023177299273,0.0,0.0,0.0,0.0,1.0,0.0,0.0
2024-10-13 07:45:52.287183,1.0,1.0,1.0,1.0,1.0,1.0,1.0,899674.0,0.08024186803415993,0.032599195230312655,0.048685259978782675,0.01894590304788124,0.025111411613631566,0.022373776700767792,-7.9480620721976e-05,0.00010173519452412925,-0.00030202635874350875,-0.0,0.0,0.0,0.0,1.0,0.0,0.0,0.4245787261000233,0.6465175945041798,0.6042500537691506,0.2288548528205247,0.18910149215163055,0.2971781252789236,0.09488583428434524,0.11836551473630422,0.17726500680930765,0.0,0.0,0.0,0.0,1.0,0.0,0.0
2024-10-13 07:45:52.290182,1.0,1.0,1.0,1.0,1.0,1.0,1.0,899675.0,0.0804363940603082,0.03299627680272549,0.04852449368406469,0.019048038036167402,0.02522704420499114,0.022460329351623145,-6.358449657758079e-05,0.00012398976832628253,-0.00031156403323014586,-0.0,0.0,0.0,0.0,1.0,0.0,0.0,0.4222314980918235,0.6447477699228332,0.6023699001629039,0.23155777225444416,0.18530813484898398,0.29576403688557756,0.09558181958646735,0.11543344099527973,0.17575180092385745,0.0,0.0,0.0,0.0,1.0,0.0,0.0
2024-10-13 07:45:52.372566,1.0,1.0,1.0,1.0,1.0,1.0,1.0,899676.0,0.07975347720367693,0.03259919523031266,0.04841701959046651,0.018791659751293096,0.024878534141836748,0.022373776700767792,-1.9075348973274238e-05,0.0001367066676417987,-0.0002765925601124764,-0.0,0.0,0.0,0.0,1.0,0.0,0.0,0.4206052780778711,0.6415382326911226,0.6006088805235784,0.23271538975153472,0.1839892016318207,0.2901926037576093,0.09559577285099408,0.11400992835951566,0.17185890320075278,0.0,0.0,0.0,0.0,1.0,0.0,0.0
2024-10-13 07:45:52.455716,1.0,1.0,1.0,1.0,1.0,1.0,1.0,899677.0,0.08020940116330459,0.033075121065200774,0.048952030523561514,0.018894628520718087,0.024878534141836748,0.02206816930126611,-6.358449657758079e-05,0.00014624434212843582,-0.0002861302345991135,-0.0,0.0,0.0,0.0,1.0,0.0,0.0,0.41990182025066497,0.6398532486131873,0.5980692117790911,0.23378107102200463,0.18636027891472265,0.2869428030524237,0.0958049835070945,0.11577648187751008,0.16930341200496812,0.0,0.0,0.0,0.0,1.0,0.0,0.0
2024-10-13 07:45:52.458715,1.0,1.0,1.0,1.0,1.0,1.0,1.0,899678.0,0.0791963267157769,0.03299627680272549,0.04895203052356151,0.018843214470258284,0.024839508966216593,0.02233037457124348,-5.404682209094367e-05,0.00015260279178619387,-0.0002988471339146297,-0.0,0.0,0.0,0.0,1.0,0.0,0.0,0.41819180815541124,0.6392604176705073,0.5974360678448355,0.23062487730690015,0.18893049653076124,0.28875482147810805,0.09413359436511215,0.11756375502610222,0.17020383071529957,0.0,0.0,0.0,0.0,1.0,0.0,0.0
2024-10-13 07:45:52.539977,1.0,1.0,1.0,1.0,1.0,1.0,1.0,899679.0,0.07916343104386311,0.033466556241354264,0.048578141565218835,0.018479311243270825,0.024839508966216593,0.022373776700767792,-6.358449657758082e-06,0.00011763131866852446,-0.00030520558357238775,-0.0,0.0,0.0,0.0,1.0,0.0,0.0,0.41876062992443924,0.6379987088102336,0.5967411476820046,0.23037047635336994,0.19163482077411798,0.2932724793061517,0.09421952174729267,0.11899098516814771,0.17268028705469013,0.0,0.0,0.0,0.0,1.0,0.0,0.0
2024-10-13 07:45:52.543974,1.0,1.0,1.0,1.0,1.0,1.0,1.0,899680.0,0.07906466190865327,0.03369923498482647,0.048201352506762565,0.018636139893149068,0.024761274097977876,0.02284575874987356,-9.537674486637122e-06,0.00012716899315516158,-0.000324280932545662,-0.0,0.0,0.0,0.0,1.0,0.0,0.0,0.418735749336226,0.6379905436150711,0.5936986549987273,0.2292379309319504,0.19057919336466106,0.29664592952336377,0.09369592108033648,0.11824558731081485,0.17383792439816764,0.0,0.0,0.0,0.0,1.0,0.0,0.0
2024-10-13 07:45:52.625158,1.0,1.0,1.0,1.0,1.0,1.0,1.0,899681.0,0.07909759865738816,0.033388636330645795,0.04830930639899937,0.0182149297886861,0.025111411613631566,0.02322479259609146,1.2716899315516152e-05,0.00011763131866852446,-0.000324280932545662,-0.0,0.0,0.0,0.0,1.0,0.0,0.0,0.4184232338278023,0.6401580506441237,0.5917937823184816,0.22888546615045072,0.18676969205244967,0.28889589414204714,0.09356151051951551,0.11569490910817387,0.16860858316690414,0.0,0.0,0.0,0.0,1.0,0.0,0.0
2024-10-13 07:45:52.629159,1.0,1.0,1.0,1.0,1.0,1.0,1.0,899682.0,0.07776924898660738,0.03299627680272549,0.048738730900971,0.01826811217861732,0.024839508966216593,0.02318298375463526,-1.907534897327424e-05,9.855596969525022e-05,-0.00033699783186117815,-0.0,0.0,0.0,0.0,1.0,0.0,0.0,0.4180855654517605,0.6417276896831997,0.5893593849394182,0.22995717766067506,0.1872835453028324,0.29015958707350303,0.09394743308902112,0.11634723263544697,0.16865165829907633,0.0,0.0,0.0,0.0,1.0,0.0,0.0
2024-10-13 07:45:52.710691,1.0,1.0,1.0,1.0,1.0,1.0,1.0,899683.0,0.07753444804402541,0.03283802036619844,0.04825535964135791,0.01783821402664203,0.024839508966216593,0.02318298375463526,-2.8613023459911357e-05,8.583907037973408e-05,-0.000321101707716783,-0.0,0.0,0.0,0.0,1.0,0.0,0.0,0.41652480474978637,0.6428758427738653,0.5867584859613862,0.23452545359062513,0.18439402512070277,0.29036722103554163,0.09593515510147693,0.11488294517965539,0.16786411048081779,0.0,0.0,0.0,0.0,1.0,0.0,0.0
2024-10-13 07:45:52.794833,1.0,1.0,1.0,1.0,1.0,1.0,1.0,899684.0,0.07823673687494544,0.032035013270089084,0.04803896680377672,0.017619331945484182,0.024995244090384144,0.02297279823941287,-3.497147311766944e-05,7.312217106421791e-05,-0.00031156403323014586,-0.0,0.0,0.0,0.0,1.0,0.0,0.0,0.4150969410093234,0.6425236859221186,0.586177170086972,0.2304539826226925,0.18737374866451445,0.29319636931433646,0.09390839927306655,0.11695202128460738,0.16937168964295973,0.0,0.0,0.0,0.0,1.0,0.0,0.0
2024-10-13 07:45:52.797832,1.0,1.0,1.0,1.0,1.0,1.0,1.0,899685.0,0.07906466190865327,0.032035013270089084,0.04814728479203762,0.017619331945484182,0.025034026493987453,0.02293052994557668,-6.358449657758079e-05,6.994294623533886e-05,-0.0003179224828879039,-0.0,0.0,0.0,0.0,1.0,0.0,0.0,0.41441590859872024,0.6422695802068532,0.5854047626270826,0.22891866521086787,0.19191068246937903,0.29536152014989203,0.09319245550396316,0.11983339984664752,0.17037545418684902,0.0,0.0,0.0,0.0,1.0,0.0,0.0
2024-10-13 07:45:52.879585,1.0,1.0,1.0,1.0,1.0,1.0,1.0,899686.0,0.08024186803415992,0.03275860544857268,0.04863173026498286,0.017892516173642844,0.025188558989287076,0.023099139054088526,-8.901829520861311e-05,3.815069794654847e-05,-0.0003528939560055733,-0.0,0.0,0.0,0.0,1.0,0.0,0.0,0.413252916584493,0.6432449093464809,0.5841014154861046,0.22618087444008889,0.1929946615242534,0.2980602856264712,0.09185179405598501,0.12080497894446826,0.17163261892983062,0.0,0.0,0.0,0.0,1.0,0.0,0.0
2024-10-13 07:45:52.882585,1.0,1.0,1.0,1.0,1.0,1.0,1.0,899687.0,0.07883371936094599,0.03219721690590663,0.0482553596413579,0.018321140191983925,0.025494814117130813,0.023474081948271334,-6.676372140645982e-05,3.815069794654847e-05,-0.0003560731808344524,-0.0,0.0,0.0,0.0,1.0,0.0,0.0,0.4129933673370846,0.6431387142440476,0.5808078300829741,0.22277246964615485,0.1927899207207753,0.29981038230135526,0.09055917422764329,0.12054129883123024,0.1718562075881664,0.0,0.0,0.0,0.0,1.0,0.0,0.0
2024-10-13 07:45:52.965050,1.0,1.0,1.0,1.0,1.0,1.0,1.0,899688.0,0.07919632671577691,0.03137781493555469,0.04830930639899937,0.018426738416276855,0.02557080478973271,0.023391280695733478,-6.676372140645981e-05,2.861302345991135e-05,-0.0003497147311766943,-0.0,0.0,0.0,0.0,1.0,0.0,0.0,0.4120992835867932,0.642663313050353,0.5789163889782145,0.22677272009344324,0.19270582195386646,0.29645944525540674,0.091931716235711,0.12019107525586799,0.16933110406250534,0.0,0.0,0.0,0.0,1.0,0.0,0.0
2024-10-13 07:45:53.048239,1.0,1.0,1.0,1.0,1.0,1.0,1.0,899689.0,0.07843623589039121,0.031043998898136287,0.04863173026498286,0.019200221850765864,0.02557080478973271,0.023432717895079433,-0.00010491441935300828,4.450914760430655e-05,-0.0003528939560055733,-0.0,0.0,0.0,0.0,1.0,0.0,0.0,0.4099355018768888,0.6424092625647596,0.5771830921666695,0.22649162562081065,0.19006959822701336,0.29070365772067763,0.09131459337170526,0.11861648636087445,0.1654183740321348,0.0,0.0,0.0,0.0,1.0,0.0,0.0
2024-10-13 07:45:53.051240,1.0,1.0,1.0,1.0,1.0,1.0,1.0,899690.0,0.07780273413304022,0.030621611884573404,0.048898792845469,0.018997039181501363,0.02613369258354722,0.023141099377598725,-0.00010809364418188733,2.8613023459911346e-05,-0.0003497147311766944,-0.0,0.0,0.0,0.0,1.0,0.0,0.0,0.4081064498793944,0.6410959647659649,0.5775623239866764,0.228212205098282,0.19410080480165098,0.28612468198285923,0.09170033931760928,0.12097497705835059,0.16298131737187355,0.0,0.0,0.0,0.0,1.0,0.0,0.0
2024-10-13 07:45:53.133214,1.0,1.0,1.0,1.0,1.0,1.0,1.0,899691.0,0.07770223540329917,0.031294694749978175,0.04863173026498286,0.019600269437660415,0.026022089115979988,0.02288818359375,-0.00010491441935300831,2.8613023459911346e-05,-0.00031156403323014586,-0.0,0.0,0.0,0.0,1.0,0.0,0.0,0.40691262391056204,0.6386761046611302,0.5782712834065705,0.22781178847394065,0.198185224602844,0.2885132402323064,0.09120261400828808,0.12346606161674548,0.16475831060631996,0.0,0.0,0.0,0.0,1.0,0.0,0.0
2024-10-13 07:45:53.136746,1.0,1.0,1.0,1.0,1.0,1.0,1.0,899692.0,0.07850262289837398,0.03179015607555206,0.04879214322483564,0.01979726201988583,0.026244821472867705,0.023432717895079433,-7.312217106421791e-05,2.5433798631032314e-05,-0.0003306393822034201,-0.0,0.0,0.0,0.0,1.0,0.0,0.0,0.406591020968889,0.637693787741452,0.5772011428311803,0.2301340619964317,0.19585272510563093,0.28922232921662455,0.09210886970812021,0.12160317674537123,0.1650620989957557,0.0,0.0,0.0,0.0,1.0,0.0,0.0
2024-10-13 07:45:53.219177,1.0,1.0,1.0,1.0,1.0,1.0,1.0,899693.0,0.0792292087295316,0.03137781493555469,0.04932308533363413,0.01999231364647781,0.026355481787173698,0.023679818414275675,-6.676372140645985e-05,1.9075348973274234e-05,-0.0003433562815189362,-0.0,0.0,0.0,0.0,1.0,0.0,0.0,0.40626916344619185,0.6367017735813948,0.5765721884320036,0.23251172764030065,0.19905007320040333,0.28893371862107803,0.09304718259164355,0.12353052923133107,0.16480616298638323,0.0,0.0,0.0,0.0,1.0,0.0,0.0
2024-10-13 07:45:53.301797,1.0,1.0,1.0,1.0,1.0,1.0,1.0,899694.0,0.07903171143341158,0.032035013270089084,0.05036818201544617,0.02023348417248137,0.02646567940419046,0.023924366915673293,-6.358449657758079e-05,2.8613023459911357e-05,-0.0003592524056633315,-0.0,0.0,0.0,0.0,1.0,0.0,0.0,0.40861884309735785,0.6368008616679931,0.5755079402123653,0.2343969553421003,0.19434056365594438,0.2883013422919284,0.0943815739017647,0.12035088176740531,0.1640581325963217,0.0,0.0,0.0,0.0,1.0,0.0,0.0
2024-10-13 07:45:53.305797,1.0,1.0,1.0,1.0,1.0,1.0,1.0,899695.0,0.07793653085119309,0.03154339822214999,0.05016090466686863,0.020185480583683704,0.025984781442148438,0.024166440873625895,-5.086759726206463e-05,1.5896124144395198e-05,-0.0003465355063478153,-0.0,0.0,0.0,0.0,1.0,0.0,0.0,0.40796530477779847,0.6338241876067298,0.5731225315666453,0.23772372492165836,0.18985523487102235,0.28386819967122645,0.09553660394445662,0.1168922720433789,0.16092836658121576,0.0,0.0,0.0,0.0,1.0,0.0,0.0
2024-10-13 07:45:53.387200,1.0,1.0,1.0,1.0,1.0,1.0,1.0,899696.0,0.07753444804402541,0.031211353204542464,0.04969136948483319,0.020329151297720685,0.025759800744833576,0.024005329471667898,-4.768837243318558e-05,3.815069794654847e-05,-0.0003497147311766943,-0.0,0.0,0.0,0.0,1.0,0.0,0.0,0.40754832237329136,0.6308664985356637,0.5708294305096427,0.24060640931298888,0.18557341738564115,0.2776989016488539,0.09663069884459503,0.11322877053084371,0.15690284555992542,0.0,0.0,0.0,0.0,1.0,0.0,0.0
2024-10-13 07:45:53.390200,1.0,1.0,1.0,1.0,1.0,1.0,1.0,899697.0,0.07776924898660738,0.03170811682633252,0.04969136948483319,0.01974819809806028,0.025797433782787597,0.02359773907401946,-3.179224828879038e-05,5.4046822090943663e-05,-0.0003338186070322991,-0.0,0.0,0.0,0.0,1.0,0.0,0.0,0.4064877979787543,0.6284569848511412,0.5694268042538267,0.2417015201220235,0.18191985587607723,0.27990161298527916,0.09676926006005368,0.11033689968580349,0.15762074900994183,0.0,0.0,0.0,0.0,1.0,0.0,0.0
2024-10-13 07:45:53.473912,1.0,1.0,1.0,1.0,1.0,1.0,1.0,899698.0,0.07763516397482845,0.0316258647634613,0.04979609324585039,0.019600269437660415,0.025835012001953723,0.02318298375463526,2.2254573802153277e-05,6.358449657758079e-05,-0.00031474325805902487,-0.0,0.0,0.0,0.0,1.0,0.0,0.0,0.4065006132921422,0.6264421321427025,0.5651665856344696,0.24115771520604184,0.17961064174833216,0.2820596105145717,0.09653611690593587,0.10875778165702597,0.1574555849158225,0.0,0.0,0.0,0.0,1.0,0.0,0.0
2024-10-13 07:45:53.475915,1.0,1.0,1.0,1.0,1.0,1.0,1.0,899699.0,0.07783620487415963,0.03146071551579092,0.04974375892424916,0.01935120888239217,0.026096544458751023,0.02276067182949264,4.132992277542751e-05,8.265984555085501e-05,-0.0003083848084012668,-0.0,0.0,0.0,0.0,1.0,0.0,0.0,0.4063332704488086,0.6256090218787965,0.5618937205015571,0.24167877451051045,0.17738685795752218,0.28705692630624297,0.09659510918887175,0.10711031870507524,0.1593254359061505,0.0,0.0,0.0,0.0,1.0,0.0,0.0
2024-10-13 07:45:53.557272,1.0,1.0,1.0,1.0,1.0,1.0,1.0,899700.0,0.07906466190865327,0.03154339822214999,0.04979609324585038,0.0198462046459215,0.025456733716313067,0.02293052994557668,6.676372140645982e-05,7.630139589309694e-05,-0.0003083848084012668,-0.0,0.0,0.0,0.0,1.0,0.0,0.0,0.40682228770329526,0.624631174869525,0.5584672552273457,0.24026030343996257,0.17106588028950634,0.29208208423009296,0.09609279166590887,0.10330197112059099,0.16110441825877683,0.0,0.0,0.0,0.0,1.0,0.0,0.0
2024-10-13 07:45:53.641172,1.0,1.0,1.0,1.0,1.0,1.0,1.0,899701.0,0.07909759865738818,0.031127788521240873,0.05041986820864095,0.019550711154970875,0.02526547079878701,0.02297279823941287,5.086759726206463e-05,7.948062072197597e-05,-0.00033699783186117815,-0.0,0.0,0.0,0.0,1.0,0.0,0.0,0.4069314710627782,0.6241416768653192,0.5554065579181872,0.23711329949556215,0.1759484242520929,0.2930896805448887,0.09484529916777704,0.10617798999738723,0.1608045660524626,0.0,0.0,0.0,0.0,1.0,0.0,0.0
2024-10-13 07:45:53.644172,1.0,1.0,1.0,1.0,1.0,1.0,1.0,899702.0,0.08017692114530416,0.03079126200207882,0.05057460985596969,0.019250682441991743,0.024956401418756297,0.02250348084068699,4.768837243318558e-05,8.90182952086131e-05,-0.0003179224828879039,-0.0,0.0,0.0,0.0,1.0,0.0,0.0,0.4064621661398194,0.6215785276748412,0.5546570443641072,0.23408817966116985,0.17928339461403142,0.29261014344280806,0.09349668965772671,0.10765686361894461,0.1603276697121592,0.0,0.0,0.0,0.0,1.0,0.0,0.0
2024-10-13 07:45:53.725412,1.0,1.0,1.0,1.0,1.0,1.0,1.0,899703.0,0.07965543970232411,0.031211353204542464,0.05078019854850884,0.019250682441991743,0.024995244090384144,0.02241709479882712,4.13299227754275e-05,0.0001144520938396454,-0.000321101707716783,-0.0,0.0,0.0,0.0,1.0,0.0,0.0,0.4077985629807674,0.6201445868836052,0.5551380650529371,0.23199261381635639,0.17439817310978442,0.292439340310833,0.09273182115097889,0.10434257430138633,0.16041923643361955,0.0,0.0,0.0,0.0,1.0,0.0,0.0
2024-10-13 07:45:53.729412,1.0,1.0,1.0,1.0,1.0,1.0,1.0,899704.0,0.07959001427879867,0.030706554105680028,0.050984958244254856,0.01914962829286367,0.025342149186916324,0.02202416493185523,1.9075348973274228e-05,0.0001144520938396454,-0.0003083848084012668,-0.0,0.0,0.0,0.0,1.0,0.0,0.0,0.40531491012887105,0.6178553518802193,0.554504813100526,0.2309639538228881,0.17634385079230408,0.29226221140476744,0.09171835492497289,0.1052693120310188,0.16009941734967634,0.0,0.0,0.0,0.0,1.0,0.0,0.0
2024-10-13 07:45:53.811175,1.0,1.0,1.0,1.0,1.0,1.0,1.0,899705.0,0.07945900182079399,0.030959982508907836,0.05083146579886899,0.01914962829286367,0.025456733716313067,0.02202416493185523,2.8613023459911346e-05,0.00010491441935300828,-0.00030520558357238775,-0.0,0.0,0.0,0.0,1.0,0.0,0.0,0.4054955203295212,0.6180857823585675,0.5544371082025555,0.23083464041837948,0.17815059809304154,0.2931364284180331,0.09180949270340077,0.10639649021386724,0.16056128386254795,0.0,0.0,0.0,0.0,1.0,0.0,0.0
2024-10-13 07:45:53.894076,1.0,1.0,1.0,1.0,1.0,1.0,1.0,899706.0,0.0792292087295316,0.031127788521240877,0.05108703033490621,0.018997039181501363,0.025532837723818223,0.021802810922600106,6.040527174870174e-05,0.0001144520938396454,-0.0002829510097702345,-0.0,0.0,0.0,0.0,1.0,0.0,0.0,0.4065970711586478,0.6191506366197606,0.5542057455938972,0.22490769745565337,0.1823698155111131,0.2973841728784517,0.08954447163642605,0.10946646283184433,0.1630418992672239,0.0,0.0,0.0,0.0,1.0,0.0,0.0
2024-10-13 07:45:53.897076,1.0,1.0,1.0,1.0,1.0,1.0,1.0,899707.0,0.08004686928167701,0.0306216118845734,0.05108703033490621,0.019301011109426145,0.025418596266109744,0.021713637498104413,4.450914760430654e-05,0.00011127286901076637,-0.0002765925601124764,-0.0,0.0,0.0,0.0,1.0,0.0,0.0,0.40658425888555905,0.6208414635497755,0.5556092934584875,0.22431285316366745,0.1874688850544694,0.29548103422724986,0.08929234144513577,0.1129117101393446,0.16246014738210138,0.0,0.0,0.0,0.0,1.0,0.0,0.0
2024-10-13 07:45:53.979952,1.0,1.0,1.0,1.0,1.0,1.0,1.0,899708.0,0.08040400573845544,0.031294694749978175,0.05179590309414578,0.01964970273038926,0.025342149186916324,0.02206816930126611,3.4971473117669426e-05,0.00012081054349740349,-0.00030202635874350875,-0.0,0.0,0.0,0.0,1.0,0.0,0.0,0.40592744492302824,0.6203657698862334,0.5572021080391132,0.22503371069289155,0.19057468196232444,0.2941433185574217,0.08939063247942863,0.11457513439795938,0.16220892133543835,0.0,0.0,0.0,0.0,1.0,0.0,0.0
2024-10-13 07:45:53.982947,1.0,1.0,1.0,1.0,1.0,1.0,1.0,899709.0,0.08120983871846918,0.03203501327008908,0.05184616599107159,0.01974819809806028,0.025418596266109744,0.022286887919318283,4.450914760430655e-05,0.00011127286901076637,-0.00029566790908575063,-0.0,0.0,0.0,0.0,1.0,0.0,0.0,0.40537916803793816,0.6188775761726836,0.5574509172191743,0.2248283639457065,0.19127755670126312,0.2943263174736732,0.08927247128995529,0.11479252651160551,0.16240965405866178,0.0,0.0,0.0,0.0,1.0,0.0,0.0
2024-10-13 07:45:54.065360,1.0,1.0,1.0,1.0,1.0,1.0,1.0,899710.0,0.08020940116330459,0.03211621748977285,0.051493295423040195,0.019401276776896823,0.025418596266109744,0.022199659060460605,1.58961241443952e-05,0.00012716899315516156,-0.0003083848084012668,-0.0,0.0,0.0,0.0,1.0,0.0,0.0,0.40455231913077283,0.6165573459682435,0.5574322270069756,0.2309231135501309,0.1931134839678431,0.29084675886425987,0.09128165307000603,0.11567143499045589,0.16048705569131178,0.0,0.0,0.0,0.0,1.0,0.0,0.0
2024-10-13 07:45:54.068359,1.0,1.0,1.0,1.0,1.0,1.0,1.0,899711.0,0.0802743217738222,0.03170811682633252,0.05139203024062462,0.01935120888239217,0.025532837723818223,0.022373776700767792,1.9075348973274234e-05,0.00013034821798404061,-0.00031474325805902487,-0.0,0.0,0.0,0.0,1.0,0.0,0.0,0.40323100184698635,0.6142453132486851,0.5562732479472656,0.23553398362537678,0.1885717564075374,0.2915996491525024,0.09261807555154566,0.11253471757502964,0.1606243090510538,0.0,0.0,0.0,0.0,1.0,0.0,0.0
2024-10-13 07:45:54.149017,1.0,1.0,1.0,1.0,1.0,1.0,1.0,899712.0,0.07916343104386311,0.03211621748977285,0.051239757223726694,0.019250682441991743,0.02557080478973271,0.02263244167204487,1.2716899315516158e-05,0.00012398976832628253,-0.000324280932545662,-0.0,0.0,0.0,0.0,1.0,0.0,0.0,0.4018923787355151,0.613008600268112,0.5554967709736799,0.23640624982317,0.1906161761042763,0.29381619263814274,0.09264518727439194,0.11350376506789407,0.16157084754802326,0.0,0.0,0.0,0.0,1.0,0.0,0.0
2024-10-13 07:45:54.233425,1.0,1.0,1.0,1.0,1.0,1.0,1.0,899713.0,0.07939341451962956,0.031871984154482245,0.05103601980762233,0.018997039181501363,0.025494814117130813,0.022589536530764214,-3.1792248288790375e-06,0.00011445209383964543,-0.00031156403323014586,-0.0,0.0,0.0,0.0,1.0,0.0,0.0,0.3996733419331332,0.6107352656552741,0.5550555403290888,0.23677938718047067,0.19270837235308153,0.29291088585482905,0.09249752994345067,0.11462851257355855,0.16095756414469048,0.0,0.0,0.0,0.0,1.0,0.0,0.0
2024-10-13 07:45:54.237425,1.0,1.0,1.0,1.0,1.0,1.0,1.0,899714.0,0.07932777299164846,0.03243900165530412,0.050523081967037,0.018997039181501363,0.025034026493987453,0.02284575874987356,2.2254573802153277e-05,0.00012081054349740349,-0.0003401770566900572,-0.0,0.0,0.0,0.0,1.0,0.0,0.0,0.3997193204172361,0.6092662997936216,0.5541117409300902,0.2375622476568915,0.1926049842153832,0.295227692485664,0.09288150965333862,0.11417239473838671,0.16197885227305323,0.0,0.0,0.0,0.0,1.0,0.0,0.0
2024-10-13 07:45:54.319036,1.0,1.0,1.0,1.0,1.0,1.0,1.0,899715.0,0.07994919155245452,0.032519197084621136,0.051137989978833114,0.018997039181501363,0.025150014882560457,0.02250348084068699,4.4509147604306555e-05,0.0001208105434974035,-0.00034653550634781527,-0.0,0.0,0.0,0.0,1.0,0.0,0.0,0.3984411758532794,0.6072907142339435,0.5530513680637098,0.23446822424944808,0.19620616470524221,0.30122443257549647,0.09124933095091244,0.11609207250832443,0.16495763034073055,0.0,0.0,0.0,0.0,1.0,0.0,0.0
2024-10-13 07:45:54.323036,1.0,1.0,1.0,1.0,1.0,1.0,1.0,899716.0,0.08014442796417423,0.03299627680272549,0.05083146579886899,0.019250682441991743,0.02526547079878701,0.02250348084068699,-9.537674486637114e-06,0.00013034821798404061,-0.0003401770566900572,-0.0,0.0,0.0,0.0,1.0,0.0,0.0,0.39709952474383736,0.6046475222471955,0.5528496388792964,0.23801668933275802,0.1969981799068317,0.30273480327457536,0.09266214314014597,0.11610487351411693,0.1657588622827896,0.0,0.0,0.0,0.0,1.0,0.0,0.0
2024-10-13 07:45:54.403145,1.0,1.0,1.0,1.0,1.0,1.0,1.0,899717.0,0.08014442796417422,0.033466556241354264,0.050626085299173146,0.019098900711587104,0.025303839037745666,0.022675265630247764,9.251858538542971e-21,0.00011127286901076637,-0.0003528939560055733,-0.0,0.0,0.0,0.0,1.0,0.0,0.0,0.39878241496067757,0.601292298661537,0.5499566213375626,0.23842279877872752,0.19750233389448554,0.30042703342160443,0.09328977510844716,0.11600845384893631,0.16349601536824418,0.0,0.0,0.0,0.0,1.0,0.0,0.0
2024-10-13 07:45:54.486899,1.0,1.0,1.0,1.0,1.0,1.0,1.0,899718.0,0.08020940116330459,0.033388636330645795,0.04984837262323651,0.019200221850765864,0.025532837723818223,0.022589536530764214,3.1792248288790477e-06,9.219752003749215e-05,-0.0003401770566900572,-0.0,0.0,0.0,0.0,1.0,0.0,0.0,0.3989398672906255,0.5992817344613182,0.5490933636755264,0.2353998541867681,0.19739871979645926,0.2970936430715408,0.09217086459228335,0.11559618702818665,0.16112729942583232,0.0,0.0,0.0,0.0,1.0,0.0,0.0
2024-10-13 07:45:54.489899,1.0,1.0,1.0,1.0,1.0,1.0,1.0,899719.0,0.08079180865915103,0.03283802036619844,0.05036818201544617,0.01894590304788124,0.02522704420499114,0.02288818359375,8.673617379884036e-21,0.00010173519452412925,-0.0003656108553210895,-0.0,0.0,0.0,0.0,1.0,0.0,0.0,0.39930061237201175,0.5971587537237081,0.5492775046714858,0.23384699628194242,0.198649032291948,0.29432751208791047,0.09159427684484582,0.11603869223006336,0.15962678941307837,0.0,0.0,0.0,0.0,1.0,0.0,0.0
2024-10-13 07:45:54.571960,1.0,1.0,1.0,1.0,1.0,1.0,1.0,899720.0,0.08188060984157083,0.03227801306031101,0.05088268139452947,0.01935120888239217,0.025418596266109744,0.023266526309168863,-1.271689931551615e-05,8.265984555085502e-05,-0.0003878654291232428,-0.0,0.0,0.0,0.0,1.0,0.0,0.0,0.40004029839230587,0.5952839897258315,0.5494900257034497,0.23066483576561617,0.19783966652904744,0.2968661964995404,0.09061878469318477,0.1148829262556981,0.16114520569477592,0.0,0.0,0.0,0.0,1.0,0.0,0.0
2024-10-13 07:45:54.575880,1.0,1.0,1.0,1.0,1.0,1.0,1.0,899721.0,0.08286087217578268,0.03259919523031266,0.05103601980762234,0.01935120888239217,0.025303839037745666,0.023014988905331966,2.3129646346357427e-21,8.265984555085502e-05,-0.00038468620429436373,-0.0,0.0,0.0,0.0,1.0,0.0,0.0,0.39995528421459015,0.5938206642408572,0.5497423253241877,0.23037024239973772,0.1996912715051541,0.29357583026277817,0.09058602101508716,0.1157650013434058,0.15922135834624315,0.0,0.0,0.0,0.0,1.0,0.0,0.0
2024-10-13 07:45:54.656668,1.0,1.0,1.0,1.0,1.0,1.0,1.0,899722.0,0.08229310922726428,0.03283802036619844,0.051239757223726694,0.01969901197411813,0.025418596266109744,0.023141099377598725,-2.8613023459911357e-05,9.219752003749214e-05,-0.0003942238787810009,-0.0,0.0,0.0,0.0,1.0,0.0,0.0,0.4007916170982346,0.5932257383367913,0.5481583056212914,0.23471129517194952,0.19310432695091942,0.2894498770111004,0.09253629882400283,0.11142354695740755,0.1564419546821864,0.0,0.0,0.0,0.0,1.0,0.0,0.0
2024-10-13 07:45:54.740138,1.0,1.0,1.0,1.0,1.0,1.0,1.0,899723.0,0.0821347007854318,0.03315377782566108,0.05103601980762234,0.02023348417248137,0.025608715566353565,0.02318298375463526,-2.5433798631032317e-05,9.855596969525021e-05,-0.0003910446539521219,-0.0,0.0,0.0,0.0,1.0,0.0,0.0,0.40325755674234304,0.5916232922336745,0.5457678988166494,0.23724100801043654,0.19189890693480613,0.29115384481780915,0.09407884104861479,0.11005676624301121,0.1566632682603206,0.0,0.0,0.0,0.0,1.0,0.0,0.0
2024-10-13 07:45:54.744137,1.0,1.0,1.0,1.0,1.0,1.0,1.0,899724.0,0.08216640690542588,0.033388636330645795,0.05047150147174474,0.020566372293249237,0.025684369248357337,0.02297279823941287,-5.722604691982271e-05,0.00010809364418188733,-0.0003592524056633315,-0.0,0.0,0.0,0.0,1.0,0.0,0.0,0.40405446646869475,0.5887829643324136,0.5437697922298446,0.23581069890840678,0.18940153343667213,0.28450353776205806,0.093636752173799,0.10798218747180452,0.15235996036694505,0.0,0.0,0.0,0.0,1.0,0.0,0.0
2024-10-13 07:45:54.826038,1.0,1.0,1.0,1.0,1.0,1.0,1.0,899725.0,0.08184879301121026,0.03385346569900589,0.05021280421998248,0.020940336965168154,0.025722112647481858,0.02284575874987356,-5.404682209094367e-05,0.00011127286901076637,-0.0003433562815189362,-0.0,0.0,0.0,0.0,1.0,0.0,0.0,0.4063589104180774,0.5856037417880822,0.5448673508879617,0.235758125136337,0.1859540565969494,0.27831913768651395,0.0941273242272552,0.10541745297420255,0.1495109754145039,0.0,0.0,0.0,0.0,1.0,0.0,0.0
2024-10-13 07:45:54.829037,1.0,1.0,1.0,1.0,1.0,1.0,1.0,899726.0,0.08152994180689606,0.03299627680272549,0.05036818201544617,0.020566372293249237,0.026059343378600053,0.02284575874987356,-2.543379863103232e-05,9.219752003749214e-05,-0.0003369978318611782,-0.0,0.0,0.0,0.0,1.0,0.0,0.0,0.40850338040956885,0.5815199289261394,0.5444940495190617,0.23589639188935627,0.18060541654097487,0.27391213278750437,0.0946549872370483,0.10147956669657492,0.14672411150594133,0.0,0.0,0.0,0.0,1.0,0.0,0.0
2024-10-13 07:45:54.910939,1.0,1.0,1.0,1.0,1.0,1.0,1.0,899727.0,0.08101716979052112,0.03331053415039321,0.050626085299173146,0.020424370325990055,0.025872535641194412,0.02276067182949264,-3.497147311766944e-05,8.90182952086131e-05,-0.00031156403323014586,-0.0,0.0,0.0,0.0,1.0,0.0,0.0,0.40770842307161514,0.5790480163751454,0.544876911572638,0.23971772571601258,0.1758562716544023,0.2756677297597087,0.09581778871821083,0.09816344596048092,0.14784011614332634,0.0,0.0,0.0,0.0,1.0,0.0,0.0
2024-10-13 07:45:54.914937,1.0,1.0,1.0,1.0,1.0,1.0,1.0,899728.0,0.08101716979052112,0.033621854320173124,0.050984958244254856,0.020281374142839443,0.025947420126718565,0.02263244167204487,-6.676372140645982e-05,8.901829520861311e-05,-0.0002893094594279926,-0.0,0.0,0.0,0.0,1.0,0.0,0.0,0.40894486675069674,0.5768766564331933,0.5439154505541235,0.23841624317673205,0.17339625762976055,0.2769729784517594,0.09551505586506089,0.09644520740817301,0.14850699639909837,0.0,0.0,0.0,0.0,1.0,0.0,0.0
2024-10-13 07:45:54.996150,1.0,1.0,1.0,1.0,1.0,1.0,1.0,899729.0,0.07994919155245452,0.033544295152698266,0.050264650185492185,0.020329151297720685,0.025872535641194412,0.02206816930126611,-6.358449657758079e-05,7.948062072197597e-05,-0.0002511587614814441,-0.0,0.0,0.0,0.0,1.0,0.0,0.0,0.40889992562841976,0.5763455911124504,0.5409630402380038,0.24404003063601426,0.17369910724395587,0.2770500251045684,0.09770130280572005,0.0963368383152791,0.14762710807979143,0.0,0.0,0.0,0.0,1.0,0.0,0.0
2024-10-13 07:45:55.078987,1.0,1.0,1.0,1.0,1.0,1.0,1.0,899730.0,0.07965543970232411,0.033388636330645795,0.04984837262323651,0.02013736256391312,0.025759800744833576,0.021353220143313936,-5.0867597262064634e-05,7.630139589309694e-05,-0.00021618728836377468,-0.0,0.0,0.0,0.0,1.0,0.0,0.0,0.4094943768192907,0.579537637460447,0.5389277883575401,0.2435682830342529,0.17720774478160506,0.27240625485137626,0.09757333900635765,0.09915016842947735,0.1446174419084526,0.0,0.0,0.0,0.0,1.0,0.0,0.0
2024-10-13 07:45:55.082987,1.0,1.0,1.0,1.0,1.0,1.0,1.0,899731.0,0.07870144792656586,0.033232248415491,0.049164404755088105,0.020281374142839443,0.025872535641194412,0.021847261143915334,-6.994294623533886e-05,6.358449657758078e-05,-0.00021300806353489565,-0.0,0.0,0.0,0.0,1.0,0.0,0.0,0.4118576290116775,0.5820064700493954,0.5357689037370866,0.24050334695955575,0.1759623829987884,0.2751666739847853,0.09693493299835858,0.09902510209824604,0.14526892226829427,0.0,0.0,0.0,0.0,1.0,0.0,0.0
2024-10-13 07:45:55.165172,1.0,1.0,1.0,1.0,1.0,1.0,1.0,899732.0,0.0792292087295316,0.033232248415491,0.04921735512558286,0.020424370325990055,0.026022089115979988,0.021534182871517486,-4.7688372433185584e-05,6.040527174870174e-05,-0.00020664961387713754,-0.0,0.0,0.0,0.0,1.0,0.0,0.0,0.4126000548652466,0.5818343809082656,0.5341024220920332,0.2371285281430811,0.1795584003269459,0.2770342765692643,0.095672162558688,0.10135111718230815,0.14580834756888947,0.0,0.0,0.0,0.0,1.0,0.0,0.0
2024-10-13 07:45:55.169171,1.0,1.0,1.0,1.0,1.0,1.0,1.0,899733.0,0.07899874721448709,0.03315377782566108,0.049058332560849585,0.020185480583683704,0.025797433782787597,0.021758269893602942,-5.086759726206463e-05,4.450914760430655e-05,-0.00021618728836377465,-0.0,0.0,0.0,0.0,1.0,0.0,0.0,0.411654501418415,0.5834815686217231,0.532080090071097,0.2313260661633482,0.18273481836270283,0.27725130518504354,0.0929293746493734,0.10373584910059405,0.1452090384567027,0.0,0.0,0.0,0.0,1.0,0.0,0.0
2024-10-13 07:45:55.250383,1.0,1.0,1.0,1.0,1.0,1.0,1.0,899734.0,0.07909759865738818,0.03267899754122895,0.0499005972290978,0.01999231364647781,0.025532837723818223,0.021802810922600106,-3.179224828879038e-05,3.179224828879039e-05,-0.000241621086994807,-0.0,0.0,0.0,0.0,1.0,0.0,0.0,0.41095508842351347,0.5856373350060494,0.530109007113805,0.23110065784585895,0.18441786585024716,0.2810663743280071,0.09255820015060179,0.10490987879642999,0.14688262277773353,0.0,0.0,0.0,0.0,1.0,0.0,0.0
2024-10-13 07:45:55.332694,1.0,1.0,1.0,1.0,1.0,1.0,1.0,899735.0,0.07965543970232411,0.03275860544857268,0.05021280421998249,0.01974819809806028,0.02557080478973271,0.021713637498104413,-7.948062072197598e-05,5.404682209094367e-05,-0.0002511587614814441,-0.0,0.0,0.0,0.0,1.0,0.0,0.0,0.40907966049438194,0.5885921879711101,0.5237234346823265,0.2312668798760157,0.1838652853271727,0.2838327112104845,0.09223171142303606,0.10514030110601831,0.14648434076143949,0.0,0.0,0.0,0.0,1.0,0.0,0.0
2024-10-13 07:45:55.336694,1.0,1.0,1.0,1.0,1.0,1.0,1.0,899736.0,0.08001432328753572,0.033075121065200774,0.05041986820864095,0.020089129290905252,0.02522704420499114,0.02193589137049136,-9.219752003749214e-05,6.040527174870175e-05,-0.00024797953665256506,-0.0,0.0,0.0,0.0,1.0,0.0,0.0,0.4078436254644625,0.5914696474842991,0.5196803385523399,0.2292273507667709,0.18775165384348944,0.2855128809299957,0.09109443205230539,0.10808848544270341,0.14654868221630968,0.0,0.0,0.0,0.0,1.0,0.0,0.0
2024-10-13 07:45:55.418181,1.0,1.0,1.0,1.0,1.0,1.0,1.0,899737.0,0.08020940116330459,0.03235860747555765,0.0503164427290474,0.02023348417248137,0.025456733716313067,0.02206816930126611,-9.219752003749214e-05,8.90182952086131e-05,-0.0002765925601124764,-0.0,0.0,0.0,0.0,1.0,0.0,0.0,0.40626916344619185,0.5940935326554317,0.5166377758599744,0.2227758566805482,0.19576530119034696,0.28829712268542823,0.0882389582851672,0.11328994537685652,0.1470835447405301,0.0,0.0,0.0,0.0,1.0,0.0,0.0
2024-10-13 07:45:55.422178,1.0,1.0,1.0,1.0,1.0,1.0,1.0,899738.0,0.08007940204842626,0.03235860747555765,0.050264650185492185,0.02023348417248137,0.025111411613631566,0.021980072465344138,-6.358449657758078e-05,0.00010173519452412925,-0.0002988471339146297,-0.0,0.0,0.0,0.0,1.0,0.0,0.0,0.40497917539825257,0.5965292986242132,0.5160784168532201,0.22305970072215334,0.19238974397961586,0.2898012209497394,0.08797561249517505,0.11163005148761196,0.14777926090192595,0.0,0.0,0.0,0.0,1.0,0.0,0.0
2024-10-13 07:45:55.504350,1.0,1.0,1.0,1.0,1.0,1.0,1.0,899739.0,0.08046876934600648,0.032599195230312655,0.050523081967037,0.020185480583683704,0.02526547079878701,0.02206816930126611,-8.265984555085501e-05,9.537674486637117e-05,-0.0002861302345991135,-0.0,0.0,0.0,0.0,1.0,0.0,0.0,0.4066550772323882,0.5985500812897403,0.5158500472439096,0.21869216197866917,0.19272761579164593,0.2900935778202588,0.08686968381372916,0.11241992695262026,0.1478244639279651,0.0,0.0,0.0,0.0,1.0,0.0,0.0
2024-10-13 07:45:55.507350,1.0,1.0,1.0,1.0,1.0,1.0,1.0,899740.0,0.08069503265077752,0.033075121065200774,0.05041986820864096,0.02013736256391312,0.02507274890923307,0.022589536530764214,-6.040527174870174e-05,0.00010491441935300831,-0.0003083848084012668,-0.0,0.0,0.0,0.0,1.0,0.0,0.0,0.4074069839099025,0.596831016771973,0.5155912664480924,0.2198206874264422,0.18875778239695584,0.28869813664146493,0.08753855739300498,0.10952719191352929,0.1469517540964663,0.0,0.0,0.0,0.0,1.0,0.0,0.0
2024-10-13 07:45:55.589644,1.0,1.0,1.0,1.0,1.0,1.0,1.0,899741.0,0.08066274817953105,0.033621854320173124,0.050523081967037,0.02023348417248137,0.025494814117130813,0.022286887919318283,-7.312217106421791e-05,0.00014306511729955676,-0.00030520558357238775,-0.0,0.0,0.0,0.0,1.0,0.0,0.0,0.4055793732106463,0.5957000335776398,0.5165751923458727,0.21950073780906534,0.18606391299313696,0.2878765881606309,0.08707492043879345,0.107480107549639,0.1468552923780472,0.0,0.0,0.0,0.0,1.0,0.0,0.0
2024-10-13 07:45:55.672645,1.0,1.0,1.0,1.0,1.0,1.0,1.0,899742.0,0.08020940116330459,0.033388636330645795,0.05047150147174474,0.02004077993250076,0.024956401418756297,0.022546549742941794,-4.4509147604306555e-05,0.00014942356695731485,-0.0002861302345991135,-0.0,0.0,0.0,0.0,1.0,0.0,0.0,0.40360081872884895,0.5963546177331667,0.5158298496975541,0.21792040755604852,0.18311880725282997,0.2865029476746973,0.08610198932935569,0.10543048317014471,0.14591738320561326,0.0,0.0,0.0,0.0,1.0,0.0,0.0
2024-10-13 07:45:55.675585,1.0,1.0,1.0,1.0,1.0,1.0,1.0,899743.0,0.08143404299879158,0.033075121065200774,0.05036818201544617,0.019943729580380914,0.024995244090384144,0.02293052994557668,-3.1792248288790396e-05,0.00015260279178619387,-0.000321101707716783,-0.0,0.0,0.0,0.0,1.0,0.0,0.0,0.4019510637500289,0.5970084841766836,0.5144818795855954,0.2223738915844789,0.18289334356758305,0.28460288552835067,0.08762616269940077,0.10534999747702314,0.14451265364881508,0.0,0.0,0.0,0.0,1.0,0.0,0.0
2024-10-13 07:45:55.757136,1.0,1.0,1.0,1.0,1.0,1.0,1.0,899744.0,0.0815618830194072,0.033075121065200774,0.05016090466686863,0.01999231364647781,0.025188558989287076,0.023515373241306214,-3.815069794654847e-05,0.00015578201661507293,-0.00032746015737454104,-0.0,0.0,0.0,0.0,1.0,0.0,0.0,0.39959440590132717,0.5977759094400572,0.5138167070217367,0.223938919327095,0.18326507616417223,0.28324119537585163,0.08783961232193968,0.10586615051544504,0.14359614536944215,0.0,0.0,0.0,0.0,1.0,0.0,0.0
2024-10-13 07:45:55.760134,1.0,1.0,1.0,1.0,1.0,1.0,1.0,899745.0,0.08120983871846918,0.03275860544857268,0.04974375892424916,0.019943729580380914,0.025532837723818223,0.023515373241306214,-2.8613023459911346e-05,0.00014942356695731485,-0.0003179224828879039,-0.0,0.0,0.0,0.0,1.0,0.0,0.0,0.3968873856413557,0.5980934452485259,0.5143055382929873,0.22448818282623,0.18518523276862203,0.2844430372354843,0.08748345082930442,0.10711005376967281,0.14417809490478556,0.0,0.0,0.0,0.0,1.0,0.0,0.0
2024-10-13 07:45:55.842767,1.0,1.0,1.0,1.0,1.0,1.0,1.0,899746.0,0.08137004767024422,0.03235860747555765,0.04932308533363414,0.01999231364647781,0.025608715566353565,0.023432717895079433,-1.9075348973274234e-05,0.0001367066676417987,-0.000324280932545662,-0.0,0.0,0.0,0.0,1.0,0.0,0.0,0.3938367404503737,0.5994053621090347,0.5154051975224822,0.2276205506105602,0.18566550907023174,0.281895288346104,0.08801888527756813,0.10766074303019413,0.14313743284945632,0.0,0.0,0.0,0.0,1.0,0.0,0.0
2024-10-13 07:45:55.925340,1.0,1.0,1.0,1.0,1.0,1.0,1.0,899747.0,0.08117775898633915,0.032519197084621136,0.049005210365993805,0.019895026871345974,0.02564657030330141,0.02322479259609146,-2.8613023459911357e-05,0.00012716899315516158,-0.00030202635874350875,-0.0,0.0,0.0,0.0,1.0,0.0,0.0,0.39347797341246127,0.6019754175396451,0.5141169131858453,0.22891748802156234,0.17727134933914937,0.27911713343315314,0.08864104191421959,0.10318263244044025,0.14138520897247303,0.0,0.0,0.0,0.0,1.0,0.0,0.0
2024-10-13 07:45:55.929337,1.0,1.0,1.0,1.0,1.0,1.0,1.0,899748.0,0.08108144363624357,0.03227801306031101,0.04921735512558287,0.01979726201988583,0.02564657030330141,0.023266526309168863,-6.994294623533886e-05,0.00010809364418188734,-0.0002861302345991135,-0.0,0.0,0.0,0.0,1.0,0.0,0.0,0.3922927471040962,0.603182934075317,0.5119932012204373,0.22964078948946387,0.17682022312035098,0.27968182336378267,0.08866356142342416,0.10290441241999872,0.14108580253048664,0.0,0.0,0.0,0.0,1.0,0.0,0.0
2024-10-13 07:45:56.011378,1.0,1.0,1.0,1.0,1.0,1.0,1.0,899749.0,0.08011192160389803,0.032278013060311,0.04895203052356151,0.01979726201988583,0.025759800744833576,0.023638814368941753,-7.312217106421791e-05,0.0001208105434974035,-0.000321101707716783,-0.0,0.0,0.0,0.0,1.0,0.0,0.0,0.3885876786120931,0.6032875275514262,0.5116285605676297,0.22718849070472147,0.17613774295861911,0.27923701017780644,0.0868272058375433,0.10253273328236537,0.14066186383339765,0.0,0.0,0.0,0.0,1.0,0.0,0.0
2024-10-13 07:45:56.014381,1.0,1.0,1.0,1.0,1.0,1.0,1.0,899750.0,0.07975347720367693,0.03219721690590663,0.04963892475308669,0.02013736256391312,0.025947420126718565,0.023474081948271334,-3.815069794654847e-05,0.00012398976832628253,-0.00031156403323014586,-0.0,0.0,0.0,0.0,1.0,0.0,0.0,0.38531553400231944,0.6043784554167737,0.5086013991865703,0.2250602938243187,0.17798425834018208,0.28534417047313654,0.08522249210516661,0.10376428970577622,0.1429318303612173,0.0,0.0,0.0,0.0,1.0,0.0,0.0
2024-10-13 07:45:56.096386,1.0,1.0,1.0,1.0,1.0,1.0,1.0,899751.0,0.07985139433963717,0.031953602685443394,0.05005694413093419,0.020329151297720685,0.02522704420499114,0.023432717895079433,-3.8150697946548475e-05,0.00010173519452412927,-0.000324280932545662,-0.0,0.0,0.0,0.0,1.0,0.0,0.0,0.38308206577367776,0.6049624137301315,0.5061682688883901,0.22605550068307328,0.1791781542576459,0.29002162460320735,0.0850493126637935,0.10445909541455903,0.14452291043367962,0.0,0.0,0.0,0.0,1.0,0.0,0.0
2024-10-13 07:45:56.178776,1.0,1.0,1.0,1.0,1.0,1.0,1.0,899752.0,0.0797208114324096,0.03203501327008908,0.05021280421998249,0.019943729580380914,0.025418596266109744,0.02322479259609146,-4.76883724331856e-05,0.00010173519452412925,-0.0003401770566900572,-0.0,0.0,0.0,0.0,1.0,0.0,0.0,0.3815901221575714,0.6048667223348076,0.5052280704970853,0.22990748500463506,0.1827157304723697,0.2941539806253276,0.08617016603957499,0.10675469339123053,0.1462682586061719,0.0,0.0,0.0,0.0,1.0,0.0,0.0
2024-10-13 07:45:56.182776,1.0,1.0,1.0,1.0,1.0,1.0,1.0,899753.0,0.07853579535829454,0.03211621748977285,0.05088268139452947,0.019943729580380914,0.025380401509347835,0.02288818359375,-4.4509147604306555e-05,0.00010491441935300828,-0.00030520558357238775,-0.0,0.0,0.0,0.0,1.0,0.0,0.0,0.38096580497704696,0.6033921028970445,0.5061579770468884,0.23212337181215856,0.18219762243927026,0.29238371213169917,0.08689193838753131,0.10630687896799608,0.14550609832798206,0.0,0.0,0.0,0.0,1.0,0.0,0.0
2024-10-13 07:45:56.264527,1.0,1.0,1.0,1.0,1.0,1.0,1.0,899754.0,0.07873453661750711,0.03227801306031101,0.05067750845646186,0.019943729580380914,0.025684369248357337,0.022546549742941794,-5.722604691982271e-05,9.53767448663712e-05,-0.0002893094594279926,-0.0,0.0,0.0,0.0,1.0,0.0,0.0,0.38187821578141945,0.6031215105819553,0.5068229227592148,0.23231902282776887,0.1851641451552702,0.2942413566307686,0.0871445101378256,0.10822719594715866,0.14656549510105285,0.0,0.0,0.0,0.0,1.0,0.0,0.0
2024-10-13 07:45:56.267527,1.0,1.0,1.0,1.0,1.0,1.0,1.0,899755.0,0.07810345443254743,0.03275860544857268,0.05108703033490621,0.01969901197411813,0.024995244090384144,0.022546549742941794,-3.497147311766944e-05,9.219752003749215e-05,-0.000321101707716783,-0.0,0.0,0.0,0.0,1.0,0.0,0.0,0.383710104952754,0.602553059302648,0.506940213959845,0.23360948599423909,0.18286608314446784,0.29227046581695687,0.08803610607872456,0.106805357030286,0.14576388467984747,0.0,0.0,0.0,0.0,1.0,0.0,0.0
2024-10-13 07:45:56.349254,1.0,1.0,1.0,1.0,1.0,1.0,1.0,899756.0,0.07733262267425067,0.033388636330645795,0.05159436185084285,0.019451215795870915,0.024878534141836748,0.022589536530764214,-4.132992277542752e-05,0.0001208105434974035,-0.00032746015737454104,-0.0,0.0,0.0,0.0,1.0,0.0,0.0,0.3835943120976633,0.6013182888732793,0.5051662013739443,0.23163898913418154,0.17818313155307233,0.2955125705143337,0.08712508154164912,0.10368722714626667,0.14689030169907952,0.0,0.0,0.0,0.0,1.0,0.0,0.0
2024-10-13 07:45:56.353250,1.0,1.0,1.0,1.0,1.0,1.0,1.0,899757.0,0.07763516397482845,0.03299627680272549,0.05219665106520728,0.019600269437660415,0.024445830974727203,0.02263244167204487,-4.450914760430655e-05,0.00011445209383964543,-0.0003433562815189362,-0.0,0.0,0.0,0.0,1.0,0.0,0.0,0.38406443275755137,0.5982521499505317,0.5069628860409154,0.22968537757251464,0.17867123416778613,0.2962621884921331,0.08626757395585981,0.10386411988859734,0.1476800278750912,0.0,0.0,0.0,0.0,1.0,0.0,0.0
2024-10-13 07:45:56.434895,1.0,1.0,1.0,1.0,1.0,1.0,1.0,899758.0,0.07746723134474641,0.033232248415491,0.051846165991071586,0.019451215795870915,0.024604058069758756,0.02263244167204487,-3.497147311766944e-05,0.00014306511729955676,-0.0003528939560055733,-0.0,0.0,0.0,0.0,1.0,0.0,0.0,0.383710104952754,0.5967699151868906,0.5083841467208661,0.2313652046801154,0.1799319734887455,0.2943999820958885,0.08678799539798714,0.10465257605680703,0.14701074637940215,0.0,0.0,0.0,0.0,1.0,0.0,0.0
2024-10-13 07:45:56.518410,1.0,1.0,1.0,1.0,1.0,1.0,1.0,899759.0,0.07850262289837398,0.03369923498482647,0.051695230689754394,0.019451215795870915,0.024445830974727203,0.02233037457124348,-6.358449657758079e-05,0.00015896124144395196,-0.0003433562815189362,-0.0,0.0,0.0,0.0,1.0,0.0,0.0,0.3835328182953714,0.5945931832198792,0.5087408731793411,0.23300470506628598,0.17890298006211566,0.29444201559275546,0.08743452609166,0.1035333038827923,0.14735669314041128,0.0,0.0,0.0,0.0,1.0,0.0,0.0
2024-10-13 07:45:56.521410,1.0,1.0,1.0,1.0,1.0,1.0,1.0,899760.0,0.07906466190865327,0.035062897056625214,0.05159436185084285,0.019048038036167402,0.024485483605775776,0.022199659060460605,-0.00012398976832628253,0.00015578201661507293,-0.000324280932545662,-0.0,0.0,0.0,0.0,1.0,0.0,0.0,0.38387373949626374,0.5914285620100665,0.5102613896434824,0.2344705228857905,0.17821166276479186,0.2921716961399804,0.08818526471027947,0.10258192505807409,0.14667982103517707,0.0,0.0,0.0,0.0,1.0,0.0,0.0
2024-10-13 07:45:56.602968,1.0,1.0,1.0,1.0,1.0,1.0,1.0,899761.0,0.07916343104386311,0.034614312736061206,0.05088268139452947,0.018791659751293096,0.024643456106314375,0.02233037457124348,-0.00013352744281291964,0.00014306511729955676,-0.0002988471339146297,-0.0,0.0,0.0,0.0,1.0,0.0,0.0,0.38486762135579533,0.5884525414751637,0.5101878134190004,0.2370094003828224,0.17942950745043615,0.2879982637464706,0.08935848698393664,0.10290472571662536,0.1446207893462354,0.0,0.0,0.0,0.0,1.0,0.0,0.0
2024-10-13 07:45:56.606967,1.0,1.0,1.0,1.0,1.0,1.0,1.0,899762.0,0.07942621494016529,0.034006996943349535,0.05103601980762234,0.018843214470258284,0.024722063821441115,0.02224331624925728,-0.00013988589247067773,0.0001367066676417987,-0.00029566790908575063,-0.0,0.0,0.0,0.0,1.0,0.0,0.0,0.38646187667923987,0.5877793040384186,0.5092120059996382,0.2336671563092602,0.17835204151935533,0.28239127617807774,0.08833433503003359,0.1022179416630821,0.14152755497939462,0.0,0.0,0.0,0.0,1.0,0.0,0.0
2024-10-13 07:45:56.687799,1.0,1.0,1.0,1.0,1.0,1.0,1.0,899763.0,0.08014442796417423,0.034083503219895,0.05108703033490621,0.018739963202861063,0.024643456106314375,0.022373776700767792,-0.00013988589247067773,0.00013352744281291964,-0.00031156403323014586,-0.0,0.0,0.0,0.0,1.0,0.0,0.0,0.38672576204118425,0.5866387575470471,0.5074972621024264,0.23106450679900473,0.17579676847617878,0.28466762555140324,0.08732157529843398,0.1002025086691317,0.14247162074594164,0.0,0.0,0.0,0.0,1.0,0.0,0.0
2024-10-13 07:45:56.772464,1.0,1.0,1.0,1.0,1.0,1.0,1.0,899764.0,0.08030676239821123,0.03423600287726078,0.051290565126366656,0.01894590304788124,0.024445830974727203,0.02224331624925728,-0.00013352744281291964,0.00014942356695731485,-0.000321101707716783,-0.0,0.0,0.0,0.0,1.0,0.0,0.0,0.38690158562559257,0.5852171222246838,0.5064112915713107,0.2310288166694258,0.1707241266097689,0.2834196698987931,0.08714786598625608,0.09689756988914879,0.1416624281258388,0.0,0.0,0.0,0.0,1.0,0.0,0.0
2024-10-13 07:45:56.776464,1.0,1.0,1.0,1.0,1.0,1.0,1.0,899765.0,0.08072730421081617,0.03299627680272549,0.05072887948684035,0.019250682441991743,0.024604058069758756,0.02241709479882712,-0.00013352744281291964,0.00014306511729955676,-0.00031474325805902487,-0.0,0.0,0.0,0.0,1.0,0.0,0.0,0.3881640460604075,0.5839724578327837,0.5073595649472433,0.22803004835124613,0.1724118838772505,0.27951049317568566,0.08620310634127418,0.09753489302625709,0.13990436305403103,0.0,0.0,0.0,0.0,1.0,0.0,0.0
2024-10-13 07:45:56.856960,1.0,1.0,1.0,1.0,1.0,1.0,1.0,899766.0,0.08069503265077752,0.03299627680272549,0.050626085299173146,0.019401276776896823,0.02436633212687883,0.022112086099532226,-0.00014942356695731485,0.00013034821798404061,-0.00031156403323014586,-0.0,0.0,0.0,0.0,1.0,0.0,0.0,0.39042885631589713,0.5827976467041575,0.5089272664702676,0.22508447935101783,0.17728520392390493,0.2784393948626295,0.08540997805826968,0.10012242037911373,0.1399266722970432,0.0,0.0,0.0,0.0,1.0,0.0,0.0
2024-10-13 07:45:56.860894,1.0,1.0,1.0,1.0,1.0,1.0,1.0,899767.0,0.08014442796417423,0.033544295152698266,0.05041986820864095,0.019250682441991743,0.024326485277441648,0.02206816930126611,-0.00015578201661507293,0.00013988589247067773,-0.00030520558357238775,-0.0,0.0,0.0,0.0,1.0,0.0,0.0,0.39202707228589967,0.5813486973322972,0.5081173325636807,0.22497071289727436,0.18305415000650851,0.27907326075452166,0.08580685129107474,0.103009457204391,0.14004817251365162,0.0,0.0,0.0,0.0,1.0,0.0,0.0
2024-10-13 07:45:56.942506,1.0,1.0,1.0,1.0,1.0,1.0,1.0,899768.0,0.08007940204842626,0.033388636330645795,0.05072887948684035,0.01914962829286367,0.02412626388678268,0.021980072465344138,-0.000162140466272831,0.00013988589247067773,-0.0002893094594279926,-0.0,0.0,0.0,0.0,1.0,0.0,0.0,0.39198720553257904,0.5808765344537129,0.507116996699975,0.226788167804852,0.1846922716152596,0.28007008310891857,0.08649965736836795,0.10376885879013677,0.14034156954785962,0.0,0.0,0.0,0.0,1.0,0.0,0.0
2024-10-13 07:45:56.945509,1.0,1.0,1.0,1.0,1.0,1.0,1.0,899769.0,0.07975347720367693,0.033466556241354264,0.05123975722372669,0.019250682441991743,0.024086019882307075,0.021891621110694724,-0.00014942356695731485,0.00015578201661507293,-0.0002829510097702345,-0.0,0.0,0.0,0.0,1.0,0.0,0.0,0.391866842400658,0.5811305924549143,0.5061043907447392,0.23024363863185407,0.18649083595478935,0.27829215473818664,0.08776260443164015,0.10514315652091093,0.1391240021342282,0.0,0.0,0.0,0.0,1.0,0.0,0.0
2024-10-13 07:45:57.027530,1.0,1.0,1.0,1.0,1.0,1.0,1.0,899770.0,0.07880067231721302,0.03235860747555765,0.05078019854850884,0.019200221850765864,0.023843129442004847,0.022112086099532226,-0.00014306511729955676,0.00015896124144395196,-0.00029566790908575063,-0.0,0.0,0.0,0.0,1.0,0.0,0.0,0.39141237829127085,0.5825443157356012,0.5066953234809468,0.22856405748743674,0.1855294743587076,0.2773855803903387,0.08696541380579875,0.10490018973028482,0.1387826938454231,0.0,0.0,0.0,0.0,1.0,0.0,0.0
2024-10-13 07:45:57.110838,1.0,1.0,1.0,1.0,1.0,1.0,1.0,899771.0,0.07889977192331804,0.03267899754122895,0.05149329542304019,0.019200221850765864,0.02380240673176593,0.02166891317152994,-0.0001208105434974035,0.00015260279178619387,-0.0003179224828879039,-0.0,0.0,0.0,0.0,1.0,0.0,0.0,0.3910043892963525,0.583656164934604,0.5062732990519253,0.22406884488991466,0.1837501059540815,0.2775507971054124,0.08500321390377476,0.10421100653948642,0.13878602866723436,0.0,0.0,0.0,0.0,1.0,0.0,0.0
2024-10-13 07:45:57.114835,1.0,1.0,1.0,1.0,1.0,1.0,1.0,899772.0,0.07860209827880636,0.03331053415039321,0.050626085299173146,0.01935120888239217,0.024166440873625895,0.02202416493185523,-0.00012716899315516158,0.00016849891593058908,-0.000321101707716783,-0.0,0.0,0.0,0.0,1.0,0.0,0.0,0.39109134919561334,0.5832682544206459,0.5061043907447392,0.22784869214937703,0.18650018695732004,0.27737684601102935,0.08646971966789602,0.10574294293735441,0.13874378198386014,0.0,0.0,0.0,0.0,1.0,0.0,0.0
2024-10-13 07:45:57.196670,1.0,1.0,1.0,1.0,1.0,1.0,1.0,899773.0,0.07866834531819232,0.03283802036619844,0.05041986820864095,0.019550711154970875,0.024166440873625895,0.021534182871517486,-0.00013988589247067773,0.000162140466272831,-0.00030520558357238775,-0.0,0.0,0.0,0.0,1.0,0.0,0.0,0.39135211295652894,0.5812939283685851,0.5081809576814109,0.2278096592333468,0.18818779963531598,0.27804191680391666,0.08660960556036669,0.10671532314936817,0.13966934432547715,0.0,0.0,0.0,0.0,1.0,0.0,0.0
2024-10-13 07:45:57.199179,1.0,1.0,1.0,1.0,1.0,1.0,1.0,899774.0,0.07830329302213708,0.03267899754122895,0.05016090466686863,0.01935120888239217,0.02404570852370771,0.021624096343466504,-0.0001716781407594681,0.00015896124144395196,-0.00027977178494135546,-0.0,0.0,0.0,0.0,1.0,0.0,0.0,0.3913990689543828,0.5819647164952974,0.5105513776085311,0.2273338663354463,0.18850988166997135,0.2793126053465558,0.08665499782597902,0.10703014630858028,0.1409576032329888,0.0,0.0,0.0,0.0,1.0,0.0,0.0
2024-10-13 07:45:57.280808,1.0,1.0,1.0,1.0,1.0,1.0,1.0,899775.0,0.07863522877481022,0.033466556241354264,0.05026465018549218,0.019401276776896823,0.024086019882307075,0.021624096343466504,-0.0002034703890482585,0.00015896124144395196,-0.0002638756607969603,-0.0,0.0,0.0,0.0,1.0,0.0,0.0,0.39080375268567735,0.5829605155369323,0.5112942264341265,0.2283243564296881,0.19014362651777172,0.2840245130863737,0.08689785527818507,0.10811460681178356,0.14366232875615764,0.0,0.0,0.0,0.0,1.0,0.0,0.0
2024-10-13 07:45:57.364541,1.0,1.0,1.0,1.0,1.0,1.0,1.0,899776.0,0.07913052169675656,0.03275860544857268,0.0499005972290978,0.019048038036167402,0.02436633212687883,0.021980072465344138,-0.00016531969110171005,0.00014942356695731485,-0.000241621086994807,-0.0,0.0,0.0,0.0,1.0,0.0,0.0,0.3902679702616493,0.5841260809766784,0.5108127116487655,0.23215100039680958,0.18551795782177638,0.28293706861037443,0.08857198208599228,0.1054449431761951,0.14307626641409116,0.0,0.0,0.0,0.0,1.0,0.0,0.0
2024-10-13 07:45:57.368526,1.0,1.0,1.0,1.0,1.0,1.0,1.0,899777.0,0.08075956287512498,0.03275860544857269,0.05016090466686863,0.01914962829286367,0.024800422381866246,0.02206816930126611,-0.0001208105434974035,0.00015578201661507293,-0.00026069643596808123,-0.0,0.0,0.0,0.0,1.0,0.0,0.0,0.38920757740734924,0.5847302652774138,0.5119626763662929,0.23031829881092952,0.18248169606835082,0.28496913090267084,0.08755860417178708,0.10392420135040978,0.14449991151755645,0.0,0.0,0.0,0.0,1.0,0.0,0.0
2024-10-13 07:45:57.449856,1.0,1.0,1.0,1.0,1.0,1.0,1.0,899778.0,0.08024186803415993,0.03267899754122895,0.04995276723522182,0.01964970273038926,0.024722063821441115,0.021980072465344138,-0.00011763131866852444,0.0001557820166150729,-0.0002765925601124764,-0.0,0.0,0.0,0.0,1.0,0.0,0.0,0.38961039126659447,0.5852715240610274,0.5121499959938461,0.2267941089521464,0.17904981185071445,0.28824749761534296,0.08640940270794811,0.10182162353302493,0.14608080209033578,0.0,0.0,0.0,0.0,1.0,0.0,0.0
2024-10-13 07:45:57.453856,1.0,1.0,1.0,1.0,1.0,1.0,1.0,899779.0,0.08063045078156784,0.03211621748977284,0.050056944130934186,0.019501026929403496,0.024326485277441648,0.02233037457124348,-8.583907037973405e-05,0.00012081054349740349,-0.00029566790908575063,-0.0,0.0,0.0,0.0,1.0,0.0,0.0,0.3917597398229623,0.5861985097842738,0.5108433052177335,0.2253424562363169,0.17807903526599536,0.2914332558540178,0.08640922608434651,0.10136974045896778,0.14738305631561266,0.0,0.0,0.0,0.0,1.0,0.0,0.0
2024-10-13 07:45:57.535202,1.0,1.0,1.0,1.0,1.0,1.0,1.0,899780.0,0.08111356146029437,0.03235860747555765,0.05067750845646186,0.019501026929403496,0.02452507212573485,0.021980072465344138,-7.31221710642179e-05,0.0001367066676417987,-0.0002861302345991135,-0.0,0.0,0.0,0.0,1.0,0.0,0.0,0.39305335299849736,0.5862073963833744,0.5086730916447573,0.2251407425509932,0.18354174377973745,0.29318361528220166,0.08668520046185338,0.10445044926872811,0.147677933623815,0.0,0.0,0.0,0.0,1.0,0.0,0.0
2024-10-13 07:45:57.539202,1.0,1.0,1.0,1.0,1.0,1.0,1.0,899781.0,0.08108144363624359,0.03219721690590663,0.050984958244254856,0.019451215795870915,0.02468279125681748,0.022460329351623145,-8.90182952086131e-05,0.00014942356695731485,-0.00029248868425687163,-0.0,0.0,0.0,0.0,1.0,0.0,0.0,0.39475349299714874,0.5873044325286191,0.5091873229668589,0.2332047011371193,0.18802864009298217,0.2941338515038106,0.09025061279564041,0.10712349608735204,0.14829485463227607,0.0,0.0,0.0,0.0,1.0,0.0,0.0
2024-10-13 07:45:57.620241,1.0,1.0,1.0,1.0,1.0,1.0,1.0,899782.0,0.0821981007954784,0.03235860747555765,0.05184616599107159,0.019895026871345974,0.02436633212687883,0.02241709479882712,-7.630139589309694e-05,0.0001398858924706777,-0.0003179224828879039,-0.0,0.0,0.0,0.0,1.0,0.0,0.0,0.39415002659777804,0.5892222692628428,0.5098381002581895,0.2319891290252094,0.1855703747666417,0.2955512154645865,0.08971729783059597,0.1060140811924364,0.149038372709849,0.0,0.0,0.0,0.0,1.0,0.0,0.0
2024-10-13 07:45:57.703017,1.0,1.0,1.0,1.0,1.0,1.0,1.0,899783.0,0.08181696380798013,0.03315377782566108,0.052246528430687264,0.02013736256391312,0.02420655117653563,0.022460329351623145,-0.00011127286901076637,0.00015578201661507293,-0.0003338186070322991,-0.0,0.0,0.0,0.0,1.0,0.0,0.0,0.39283350354479746,0.592283365058341,0.50970103548735,0.22978367545110528,0.18787104649522898,0.29179919586539205,0.08854698984636526,0.10787693452388177,0.14683899674813725,0.0,0.0,0.0,0.0,1.0,0.0,0.0
2024-10-13 07:45:57.706964,1.0,1.0,1.0,1.0,1.0,1.0,1.0,899784.0,0.08314329975080294,0.03299627680272549,0.05199666316101998,0.020185480583683704,0.02436633212687883,0.02250348084068699,-6.676372140645982e-05,0.00014306511729955676,-0.0003560731808344524,-0.0,0.0,0.0,0.0,1.0,0.0,0.0,0.39070265500578316,0.5931281534264731,0.509428905414298,0.22828776573550713,0.19025222388331248,0.290729144464131,0.08740511826199286,0.1097123460145588,0.1461368548519021,0.0,0.0,0.0,0.0,1.0,0.0,0.0
2024-10-13 07:45:57.789687,1.0,1.0,1.0,1.0,1.0,1.0,1.0,899785.0,0.083174621394314,0.03315377782566108,0.05169523068975438,0.02013736256391312,0.024800422381866246,0.022460329351623145,-6.040527174870174e-05,0.000162140466272831,-0.0003560731808344524,-0.0,0.0,0.0,0.0,1.0,0.0,0.0,0.38890370488607445,0.5953987202409657,0.5097849007942321,0.22927601548403556,0.18780057069006217,0.28968904704238,0.08747479627282581,0.1085702809852894,0.14558845539021584,0.0,0.0,0.0,0.0,1.0,0.0,0.0
2024-10-13 07:45:57.793688,1.0,1.0,1.0,1.0,1.0,1.0,1.0,899786.0,0.083174621394314,0.03283802036619844,0.05254479838073662,0.020660498058664857,0.024643456106314375,0.022286887919318283,-9.219752003749214e-05,0.0001716781407594681,-0.00040376155326763796,-0.0,0.0,0.0,0.0,1.0,0.0,0.0,0.38752194112275534,0.5960711145110056,0.5116162774936848,0.22475691586475371,0.19305497258870727,0.29082964833462527,0.08527177009001424,0.11189957279567447,0.1466890138731082,0.0,0.0,0.0,0.0,1.0,0.0,0.0
2024-10-13 07:45:57.873814,1.0,1.0,1.0,1.0,1.0,1.0,1.0,899787.0,0.08165763169219574,0.03331053415039321,0.052495204411799876,0.020707400498272993,0.02452507212573485,0.022546549742941794,-0.0001303482179840406,0.0001716781407594681,-0.0003910446539521218,-0.0,0.0,0.0,0.0,1.0,0.0,0.0,0.3860606503693705,0.597237260609461,0.513002242604633,0.22948043551790026,0.19165506921180941,0.2908767594260799,0.08676309147016091,0.11121883389516228,0.14716048955097188,0.0,0.0,0.0,0.0,1.0,0.0,0.0
2024-10-13 07:45:57.958473,1.0,1.0,1.0,1.0,1.0,1.0,1.0,899788.0,0.08207125179891674,0.033388636330645795,0.05189638020719129,0.020329151297720685,0.024643456106314375,0.02250348084068699,-0.00013670666764179867,0.00016531969110171005,-0.0003815069794654847,-0.0,0.0,0.0,0.0,1.0,0.0,0.0,0.38538237561298955,0.595707801007778,0.5132420293768197,0.2278614651060441,0.19137511763035,0.2863293440069851,0.08591591636506545,0.11090511673612209,0.14492785368294847,0.0,0.0,0.0,0.0,1.0,0.0,0.0
2024-10-13 07:45:57.961473,1.0,1.0,1.0,1.0,1.0,1.0,1.0,899789.0,0.08197598623947364,0.03331053415039321,0.0514426877494643,0.020376816430674367,0.025150014882560457,0.022718008864468682,-0.00015260279178619387,0.0001875742649038633,-0.0004005823284387589,-0.0,0.0,0.0,0.0,1.0,0.0,0.0,0.38312210377959754,0.5949104603430777,0.5145223797144415,0.22788015017873026,0.19314807470141884,0.2872304744348825,0.08538825335527234,0.11192820474309169,0.1456978232475236,0.0,0.0,0.0,0.0,1.0,0.0,0.0
2024-10-13 07:45:58.042388,1.0,1.0,1.0,1.0,1.0,1.0,1.0,899790.0,0.08188060984157082,0.03283802036619845,0.051239757223726694,0.020376816430674367,0.025188558989287076,0.023099139054088526,-0.00015578201661507293,0.00017485736558834716,-0.000410120002925396,-0.0,0.0,0.0,0.0,1.0,0.0,0.0,0.38297175075165013,0.5934637698155668,0.5160157654988461,0.23006309031586777,0.1918297838189949,0.28481626450578973,0.08609545425609631,0.11080422470902944,0.1448825539344608,0.0,0.0,0.0,0.0,1.0,0.0,0.0
2024-10-13 07:45:58.046384,1.0,1.0,1.0,1.0,1.0,1.0,1.0,899791.0,0.08159381172801693,0.033232248415491,0.050831465798868984,0.020424370325990055,0.024995244090384144,0.022718008864468682,-0.00015578201661507288,0.00016531969110171005,-0.0004005823284387589,-0.0,0.0,0.0,0.0,1.0,0.0,0.0,0.38304693464266804,0.5930012533483388,0.5164096536136392,0.22071476266775045,0.19223840908525192,0.2849860979881971,0.08261923684111949,0.11099132797766238,0.14504436218014968,0.0,0.0,0.0,0.0,1.0,0.0,0.0
2024-10-13 07:45:58.127836,1.0,1.0,1.0,1.0,1.0,1.0,1.0,899792.0,0.0808562616479892,0.03275860544857268,0.05067750845646186,0.020281374142839443,0.024878534141836748,0.022546549742941794,-0.00021618728836377465,0.00015578201661507293,-0.00035925240566333144,-0.0,0.0,0.0,0.0,1.0,0.0,0.0,0.3844105289923317,0.5917465519385887,0.5172368174776822,0.21633874740927797,0.19466773280300725,0.2841312094467856,0.0811999778904274,0.11225959687826385,0.14507397607068537,0.0,0.0,0.0,0.0,1.0,0.0,0.0
2024-10-13 07:45:58.211320,1.0,1.0,1.0,1.0,1.0,1.0,1.0,899793.0,0.0809528449135354,0.03219721690590663,0.05016090466686863,0.02013736256391312,0.024995244090384144,0.02206816930126611,-0.00018439504007498422,0.00015578201661507293,-0.00032746015737454104,-0.0,0.0,0.0,0.0,1.0,0.0,0.0,0.386961048285499,0.5901410759670432,0.5154051975224822,0.21752582292163591,0.19702959421673757,0.28787742618755485,0.08217847264331574,0.11318304814730933,0.14658015485998602,0.0,0.0,0.0,0.0,1.0,0.0,0.0
2024-10-13 07:45:58.214321,1.0,1.0,1.0,1.0,1.0,1.0,1.0,899794.0,0.08079180865915103,0.03211621748977285,0.05041986820864096,0.0198462046459215,0.024878534141836748,0.021980072465344138,-0.00020029116421937945,0.000162140466272831,-0.00031474325805902487,-0.0,0.0,0.0,0.0,1.0,0.0,0.0,0.38831797835052195,0.588531220374816,0.5130876633763762,0.2217822149059697,0.19832223879602012,0.2900944094427263,0.08409395560271536,0.11372248606387607,0.14709686300115585,0.0,0.0,0.0,0.0,1.0,0.0,0.0
2024-10-13 07:45:58.295346,1.0,1.0,1.0,1.0,1.0,1.0,1.0,899795.0,0.08050113161127861,0.03154339822214999,0.05088268139452947,0.019895026871345974,0.024564596844570415,0.02166891317152994,-0.0001939327145616214,0.00015260279178619387,-0.000321101707716783,-0.0,0.0,0.0,0.0,1.0,0.0,0.0,0.39005916435920396,0.5853971158270811,0.511565364240132,0.22222139076303576,0.20072626440438182,0.28846532498185284,0.08463018485718628,0.11461250711099405,0.14587001023246862,0.0,0.0,0.0,0.0,1.0,0.0,0.0
2024-10-13 07:45:58.299348,1.0,1.0,1.0,1.0,1.0,1.0,1.0,899796.0,0.08130600197148179,0.032035013270089084,0.0503164427290474,0.01935120888239217,0.024761274097977876,0.021802810922600106,-0.00018439504007498422,0.00013988589247067773,-0.0002988471339146297,-0.0,0.0,0.0,0.0,1.0,0.0,0.0,0.39176601905783265,0.5841171627130141,0.5094412412276997,0.22653897474236906,0.1978976321459995,0.2884720510337415,0.08675373041927587,0.11262820192416452,0.1452629507084305,0.0,0.0,0.0,0.0,1.0,0.0,0.0
2024-10-13 07:45:58.381803,1.0,1.0,1.0,1.0,1.0,1.0,1.0,899797.0,0.0821347007854318,0.031625864763461305,0.0499005972290978,0.019401276776896823,0.02468279125681748,0.021847261143915334,-0.0001398858924706777,0.00011127286901076638,-0.00029248868425687163,-0.0,0.0,0.0,0.0,1.0,0.0,0.0,0.3942953831596465,0.5830240630609806,0.5078464705372101,0.22562020486992077,0.1971334023287278,0.2864555383496667,0.0871730348494847,0.11196505389330735,0.14381541936551015,0.0,0.0,0.0,0.0,1.0,0.0,0.0
2024-10-13 07:45:58.385807,1.0,1.0,1.0,1.0,1.0,1.0,1.0,899798.0,0.08226145194229703,0.03179015607555206,0.050264650185492185,0.019301011109426145,0.024722063821441115,0.021847261143915334,-0.0001303482179840406,0.00010491441935300828,-0.00029248868425687163,-0.0,0.0,0.0,0.0,1.0,0.0,0.0,0.3950909583133634,0.5844064649823622,0.5075199092988765,0.2270223687953042,0.19823590396270563,0.2858032577552257,0.0879291604879531,0.11306858343749815,0.14335464203151507,0.0,0.0,0.0,0.0,1.0,0.0,0.0
2024-10-13 07:45:58.467183,1.0,1.0,1.0,1.0,1.0,1.0,1.0,899799.0,0.0821981007954784,0.03219721690590663,0.05072887948684035,0.018997039181501363,0.024286573051581467,0.021170710640734267,-9.219752003749214e-05,7.948062072197598e-05,-0.00025751721113920217,-0.0,0.0,0.0,0.0,1.0,0.0,0.0,0.3967630383837717,0.5850380685009876,0.5073616836480604,0.22572862999074395,0.19748915037359874,0.2826883458530002,0.08781055773947576,0.1124468809758222,0.14176963865201267,0.0,0.0,0.0,0.0,1.0,0.0,0.0
2024-10-13 07:45:58.549883,1.0,1.0,1.0,1.0,1.0,1.0,1.0,899800.0,0.08222978246973073,0.032599195230312655,0.0503164427290474,0.019501026929403496,0.02412626388678268,0.020940336965168154,-0.00011127286901076638,8.90182952086131e-05,-0.00024480031182368605,-0.0,0.0,0.0,0.0,1.0,0.0,0.0,0.3964069197929381,0.5864334891553816,0.5075938722387976,0.22178464502359999,0.19525301469929776,0.28337390932417306,0.08622288818465389,0.1115111417504937,0.1422548363015915,0.0,0.0,0.0,0.0,1.0,0.0,0.0
2024-10-13 07:45:58.553884,1.0,1.0,1.0,1.0,1.0,1.0,1.0,899801.0,0.08248279778295653,0.032519197084621136,0.05005694413093419,0.019501026929403496,0.02420655117653563,0.02089395742436089,-8.2659845550855e-05,0.00010173519452412925,-0.0002352626373370489,-0.0,0.0,0.0,0.0,1.0,0.0,0.0,0.39575954117429196,0.5857223566547369,0.5082240750356276,0.22422994417922687,0.1910911565475758,0.28377419302876816,0.08700126839692443,0.10876231079080993,0.14267994828403402,0.0,0.0,0.0,0.0,1.0,0.0,0.0
2024-10-13 07:45:58.636266,1.0,1.0,1.0,1.0,1.0,1.0,1.0,899802.0,0.08298651420727242,0.03299627680272549,0.04932308533363413,0.019250682441991743,0.024005329471667898,0.020847474702880044,-3.497147311766942e-05,0.0001144520938396454,-0.0002511587614814441,-0.0,0.0,0.0,0.0,1.0,0.0,0.0,0.3956271585736205,0.5859110861386515,0.5082138248262714,0.22635070937216423,0.18984126343707483,0.2831165869722168,0.08784261492316696,0.1079216308083973,0.14229972813366593,0.0,0.0,0.0,0.0,1.0,0.0,0.0
2024-10-13 07:45:58.639266,1.0,1.0,1.0,1.0,1.0,1.0,1.0,899803.0,0.08389179166465847,0.03338863633064579,0.04984837262323651,0.019200221850765864,0.024005329471667898,0.021353220143313936,-3.4971473117669426e-05,9.855596969525021e-05,-0.00025751721113920217,-0.0,0.0,0.0,0.0,1.0,0.0,0.0,0.3944483901231407,0.5876995337282879,0.5082876867918257,0.2277516889260609,0.18635830268262285,0.28082337003244273,0.08810472434794786,0.1065077294402872,0.14119449753597876,0.0,0.0,0.0,0.0,1.0,0.0,0.0
2024-10-13 07:45:58.719951,1.0,1.0,1.0,1.0,1.0,1.0,1.0,899804.0,0.08298651420727242,0.03415983814915113,0.05010895135964307,0.019600269437660415,0.023843129442004847,0.021124836890965972,-1.5896124144395188e-05,0.00010809364418188734,-0.00025433798631032317,-0.0,0.0,0.0,0.0,1.0,0.0,0.0,0.39475349299714874,0.5875911746111341,0.5086239972197714,0.2286486949239625,0.19122040954630914,0.27881763029975803,0.08853621580666739,0.10883004173670138,0.14022061181802753,0.0,0.0,0.0,0.0,1.0,0.0,0.0
2024-10-13 07:45:58.803584,1.0,1.0,1.0,1.0,1.0,1.0,1.0,899805.0,0.08308062103872751,0.03431199853764593,0.04979609324585039,0.019451215795870915,0.023964882384012343,0.021758269893602942,-9.53767448663711e-06,0.0001144520938396454,-0.00025433798631032317,-0.0,0.0,0.0,0.0,1.0,0.0,0.0,0.3947069360558945,0.5875192544475224,0.5082138248262714,0.2310061867377228,0.1918960916659104,0.27922314976267293,0.08940396756134976,0.10931247018052645,0.1403432684986941,0.0,0.0,0.0,0.0,1.0,0.0,0.0
2024-10-13 07:45:58.806590,1.0,1.0,1.0,1.0,1.0,1.0,1.0,899806.0,0.08304926394342724,0.034236002877260786,0.04995276723522182,0.02004077993250076,0.02359773907401946,0.02166891317152994,-6.358449657758075e-06,0.00011127286901076637,-0.00026069643596808123,-0.0,0.0,0.0,0.0,1.0,0.0,0.0,0.3942293186391093,0.585577054103377,0.5078135796161317,0.23326986510581624,0.19367150831780014,0.27738688497211517,0.09011399443979944,0.11020342480953864,0.13917059291713713,0.0,0.0,0.0,0.0,1.0,0.0,0.0
2024-10-13 07:45:58.888506,1.0,1.0,1.0,1.0,1.0,1.0,1.0,899807.0,0.08241961677193653,0.033544295152698266,0.05010895135964307,0.019600269437660415,0.023679818414275675,0.021579186437577745,-6.040527174870174e-05,0.00013034821798404061,-0.0002765925601124764,-0.0,0.0,0.0,0.0,1.0,0.0,0.0,0.39184653209233156,0.5858023962025247,0.5070018666013771,0.2343992546773413,0.19351114945255918,0.27399583829446134,0.0899804669969865,0.11021974356872973,0.13716226481782745,0.0,0.0,0.0,0.0,1.0,0.0,0.0
2024-10-13 07:45:58.892506,1.0,1.0,1.0,1.0,1.0,1.0,1.0,899808.0,0.08241961677193654,0.033544295152698266,0.05088268139452947,0.019895026871345974,0.02359773907401946,0.02166891317152994,-5.72260469198227e-05,0.00013034821798404061,-0.0002765925601124764,-0.0,0.0,0.0,0.0,1.0,0.0,0.0,0.39121823894865937,0.5850904966574345,0.5068229227592147,0.23327425493143078,0.19548947651523496,0.2711546256249552,0.08915272048806754,0.11130603338780677,0.1355387322612322,0.0,0.0,0.0,0.0,1.0,0.0,0.0
2024-10-13 07:45:58.975154,1.0,1.0,1.0,1.0,1.0,1.0,1.0,899809.0,0.08260901483885721,0.03331053415039321,0.050264650185492185,0.020471813758848174,0.023679818414275675,0.021713637498104413,-9.855596969525021e-05,0.00013034821798404061,-0.0002734133352835974,-0.0,0.0,0.0,0.0,1.0,0.0,0.0,0.3913583987316572,0.5837642570469472,0.5072239496871098,0.23400251546987402,0.1944292618020709,0.2712351039422147,0.0895303417482977,0.1106732078445536,0.13552717182597482,0.0,0.0,0.0,0.0,1.0,0.0,0.0
2024-10-13 07:45:58.978154,1.0,1.0,1.0,1.0,1.0,1.0,1.0,899810.0,0.08267205110506057,0.033466556241354264,0.051137989978833114,0.0198462046459215,0.02359773907401946,0.021891621110694724,-0.00011127286901076634,0.00010491441935300831,-0.0002765925601124764,-0.0,0.0,0.0,0.0,1.0,0.0,0.0,0.39132475017082685,0.5827519532128552,0.5083491760117373,0.2354046621934439,0.1969247343783814,0.2691989306091124,0.09023851407893052,0.11188908682066015,0.13479322927080317,0.0,0.0,0.0,0.0,1.0,0.0,0.0
2024-10-13 07:45:59.059443,1.0,1.0,1.0,1.0,1.0,1.0,1.0,899811.0,0.08329979019559357,0.03275860544857268,0.05154385340814266,0.01969901197411813,0.02376161423095312,0.021980072465344138,-0.00018121581524610528,9.219752003749215e-05,-0.0002734133352835974,-0.0,0.0,0.0,0.0,1.0,0.0,0.0,0.3903676977713615,0.5820731227129943,0.5095988211958153,0.23454016088428514,0.19806758533166732,0.2632617552315601,0.08973036797711469,0.11266163424875392,0.13194851692739132,0.0,0.0,0.0,0.0,1.0,0.0,0.0
2024-10-13 07:45:59.142514,1.0,1.0,1.0,1.0,1.0,1.0,1.0,899812.0,0.08348719153525022,0.03267899754122895,0.0518963802071913,0.019600269437660415,0.024246595126450658,0.021980072465344138,-0.0001843950400749843,0.00010809364418188734,-0.00027023411045471834,-0.0,0.0,0.0,0.0,1.0,0.0,0.0,0.3889848103698645,0.5809761772371471,0.5100916945690674,0.23263732876544152,0.19381792393417827,0.2699753264694777,0.08845134816609648,0.10974602224793137,0.13523707176566346,0.0,0.0,0.0,0.0,1.0,0.0,0.0
2024-10-13 07:45:59.146513,1.0,1.0,1.0,1.0,1.0,1.0,1.0,899813.0,0.08286087217578268,0.032519197084621136,0.051644820896497606,0.019600269437660415,0.024166440873625895,0.021891621110694724,-0.0001875742649038633,0.00012398976832628253,-0.00027023411045471834,-0.0,0.0,0.0,0.0,1.0,0.0,0.0,0.3885876786120931,0.5799859530960436,0.5119016211973844,0.23254695841679987,0.19166788408181815,0.2680024363486369,0.08819162315993721,0.10816822048551818,0.1346914478177167,0.0,0.0,0.0,0.0,1.0,0.0,0.0
2024-10-13 07:45:59.228529,1.0,1.0,1.0,1.0,1.0,1.0,1.0,899814.0,0.0828294318892493,0.031294694749978175,0.051137989978833114,0.019943729580380914,0.024445830974727203,0.02193589137049136,-0.00024480031182368605,0.0001208105434974035,-0.00027977178494135546,-0.0,0.0,0.0,0.0,1.0,0.0,0.0,0.3875155931175948,0.5793588384860993,0.5134757458736445,0.23006168471498945,0.1847615438520263,0.27038020180283956,0.08699508657086828,0.10445629046355259,0.13639435586193777,0.0,0.0,0.0,0.0,1.0,0.0,0.0
2024-10-13 07:45:59.231530,1.0,1.0,1.0,1.0,1.0,1.0,1.0,899815.0,0.08323722932293393,0.031871984154482245,0.0514426877494643,0.01999231364647781,0.024086019882307075,0.021802810922600106,-0.00022890418767929085,0.00012398976832628253,-0.00027977178494135546,-0.0,0.0,0.0,0.0,1.0,0.0,0.0,0.38737404293210576,0.5794407619140658,0.5147858741384469,0.2262740255103603,0.1831615911379337,0.26980591799591624,0.08551233143539941,0.10366633720005314,0.13637845132714568,0.0,0.0,0.0,0.0,1.0,0.0,0.0
2024-10-13 07:45:59.313757,1.0,1.0,1.0,1.0,1.0,1.0,1.0,899816.0,0.08210298242132744,0.03235860747555765,0.05129056512636666,0.019250682441991743,0.024246595126450658,0.02166891317152994,-0.00023844186216592797,0.00013352744281291964,-0.0002893094594279926,-0.0,0.0,0.0,0.0,1.0,0.0,0.0,0.3863120743375516,0.5811674498939481,0.5151583921680813,0.22077067472693762,0.18449123365024545,0.27066530801215666,0.08318840639728964,0.10467221071385203,0.13701297582123328,0.0,0.0,0.0,0.0,1.0,0.0,0.0
2024-10-13 07:45:59.396949,1.0,1.0,1.0,1.0,1.0,1.0,1.0,899817.0,0.0822931092272643,0.03283802036619844,0.05103601980762233,0.01974819809806028,0.024485483605775776,0.021170710640734267,-0.0002002911642193795,0.00011763131866852446,-0.0002638756607969603,-0.0,0.0,0.0,0.0,1.0,0.0,0.0,0.3859121921495069,0.5800777722424282,0.5143380140660337,0.21924006619280506,0.18669196144101993,0.2716862828406067,0.08253887310238948,0.10549316352209503,0.13735777873415586,0.0,0.0,0.0,0.0,1.0,0.0,0.0
2024-10-13 07:45:59.399949,1.0,1.0,1.0,1.0,1.0,1.0,1.0,899818.0,0.083174621394314,0.0319536026854434,0.05078019854850884,0.019895026871345974,0.024722063821441115,0.021078863306785177,-0.00020982883870601662,0.00010809364418188734,-0.0002734133352835974,-0.0,0.0,0.0,0.0,1.0,0.0,0.0,0.3870156411723361,0.5809134080120638,0.5134635069880681,0.22273303109778822,0.19028927016949135,0.27908233747498246,0.08430378444142136,0.10767548479294234,0.14095802797069742,0.0,0.0,0.0,0.0,1.0,0.0,0.0
2024-10-13 07:45:59.482602,1.0,1.0,1.0,1.0,1.0,1.0,1.0,899819.0,0.08298651420727243,0.031871984154482245,0.05129056512636666,0.019451215795870915,0.024878534141836748,0.021170710640734267,-0.00020347038904825854,0.0001208105434974035,-0.0002670548856258393,-0.0,0.0,0.0,0.0,1.0,0.0,0.0,0.3880283262956448,0.5813397364611228,0.5144190337881767,0.2212211169353059,0.19048934920979257,0.279354676507708,0.08390894238003474,0.10782826841365398,0.1415747933821761,0.0,0.0,0.0,0.0,1.0,0.0,0.0
2024-10-13 07:45:59.485602,1.0,1.0,1.0,1.0,1.0,1.0,1.0,899820.0,0.08304926394342724,0.03137781493555469,0.050626085299173146,0.01974819809806028,0.02522704420499114,0.020986614009376788,-0.0001780365904172262,0.00013352744281291964,-0.0002765925601124764,-0.0,0.0,0.0,0.0,1.0,0.0,0.0,0.3885876786120931,0.5825264306392607,0.5128173304440504,0.22545221022290476,0.1856501647805186,0.27704080768814116,0.08556938085871764,0.10494346461533985,0.13980063033067924,0.0,0.0,0.0,0.0,1.0,0.0,0.0
2024-10-13 07:45:59.567364,1.0,1.0,1.0,1.0,1.0,1.0,1.0,899821.0,0.08295512153953016,0.03211621748977285,0.0503164427290474,0.01969901197411813,0.025418596266109744,0.020800888109007293,-0.00014624434212843582,0.000162140466272831,-0.0002861302345991135,-0.0,0.0,0.0,0.0,1.0,0.0,0.0,0.3893005142604605,0.5820641729943402,0.5120665180380263,0.22842182430852265,0.18369837112839826,0.2818083647523111,0.08691772543336555,0.1036948661170361,0.14235613414243548,0.0,0.0,0.0,0.0,1.0,0.0,0.0
2024-10-13 07:45:59.650033,1.0,1.0,1.0,1.0,1.0,1.0,1.0,899822.0,0.08257747866101824,0.032035013270089084,0.05078019854850884,0.02004077993250076,0.025342149186916324,0.020800888109007293,-0.0001780365904172262,0.00013988589247067773,-0.00030520558357238775,-0.0,0.0,0.0,0.0,1.0,0.0,0.0,0.3893005142604605,0.5818831484154364,0.5127847583628147,0.2311421662667746,0.18507737862618318,0.27516093782942724,0.08822067774240112,0.10468781246532712,0.13916672401919727,0.0,0.0,0.0,0.0,1.0,0.0,0.0
2024-10-13 07:45:59.653580,1.0,1.0,1.0,1.0,1.0,1.0,1.0,899823.0,0.0817532682250998,0.03219721690590663,0.050831465798868984,0.0198462046459215,0.025608715566353565,0.021124836890965972,-0.00019075348973274234,0.0001208105434974035,-0.00031156403323014586,-0.0,0.0,0.0,0.0,1.0,0.0,0.0,0.3890249848046949,0.5826079086563349,0.5118546134472268,0.2320999197608984,0.18230394939980563,0.2790515011728304,0.08868722898603915,0.1030597823148767,0.14079509269821736,0.0,0.0,0.0,0.0,1.0,0.0,0.0
2024-10-13 07:45:59.735368,1.0,1.0,1.0,1.0,1.0,1.0,1.0,899824.0,0.08149798807578165,0.03259919523031266,0.051745591374556074,0.01914962829286367,0.02557080478973271,0.021124836890965972,-0.00014306511729955676,0.00012716899315516158,-0.00030202635874350875,-0.0,0.0,0.0,0.0,1.0,0.0,0.0,0.38877605971004653,0.5842073358943416,0.5108085028662774,0.23144113315733028,0.1804782241922004,0.2748217884589234,0.08827269339307364,0.10217148965586013,0.1382907172138018,0.0,0.0,0.0,0.0,1.0,0.0,0.0
2024-10-13 07:45:59.738367,1.0,1.0,1.0,1.0,1.0,1.0,1.0,899825.0,0.08111356146029437,0.032278013060311,0.0518963802071913,0.019200221850765864,0.025947420126718565,0.020940336965168154,-0.00016849891593058908,0.00011127286901076637,-0.00027977178494135546,-0.0,0.0,0.0,0.0,1.0,0.0,0.0,0.3874681664943114,0.5837107122521799,0.508773379104498,0.2312682781519666,0.1768061941999806,0.2745476265412517,0.08795812675861624,0.09975267358778839,0.1376419492878419,0.0,0.0,0.0,0.0,1.0,0.0,0.0
2024-10-13 07:45:59.819956,1.0,1.0,1.0,1.0,1.0,1.0,1.0,899826.0,0.08149798807578165,0.03235860747555765,0.0518963802071913,0.01935120888239217,0.025984781442148438,0.020800888109007293,-0.00016531969110171005,0.00011763131866852446,-0.00022890418767929085,-0.0,0.0,0.0,0.0,1.0,0.0,0.0,0.3880149008820772,0.5832315297424107,0.5071949311366344,0.2365883360083799,0.17195200883007303,0.2732063970790314,0.09023833745532892,0.09711942805672123,0.1365565930506591,0.0,0.0,0.0,0.0,1.0,0.0,0.0
2024-10-13 07:45:59.823895,1.0,1.0,1.0,1.0,1.0,1.0,1.0,899827.0,0.08257747866101824,0.03243900165530412,0.052544798380736606,0.01894590304788124,0.025684369248357337,0.020940336965168154,-0.00020664961387713754,0.00012716899315516158,-0.00023844186216592797,-0.0,0.0,0.0,0.0,1.0,0.0,0.0,0.3894082932223786,0.5832583247494082,0.5066765561709325,0.23465296273917308,0.17452529666923844,0.2740856422122949,0.08975209268011201,0.09859204625905517,0.1367576369678472,0.0,0.0,0.0,0.0,1.0,0.0,0.0
2024-10-13 07:45:59.906432,1.0,1.0,1.0,1.0,1.0,1.0,1.0,899828.0,0.08222978246973073,0.033466556241354264,0.052544798380736606,0.018636139893149068,0.025835012001953723,0.021032789233536103,-0.00020982883870601657,0.00014942356695731485,-0.000241621086994807,-0.0,0.0,0.0,0.0,1.0,0.0,0.0,0.3890454424133106,0.581746842572001,0.5059372238406702,0.23316194183226396,0.17419554600929785,0.2729732629708341,0.08915448672408356,0.09818627245832638,0.13599029573067692,0.0,0.0,0.0,0.0,1.0,0.0,0.0
2024-10-13 07:45:59.988548,1.0,1.0,1.0,1.0,1.0,1.0,1.0,899829.0,0.08210298242132744,0.033853465699005894,0.053038187593736096,0.01894590304788124,0.025722112647481858,0.02126216122037606,-0.0001907534897327424,0.00012716899315516158,-0.0002765925601124764,-0.0,0.0,0.0,0.0,1.0,0.0,0.0,0.3866846002956204,0.5815836338578576,0.5032571375970286,0.23454728439811587,0.17179925277794034,0.2749064959954421,0.08921586342564108,0.09637794535589062,0.1360675475297596,0.0,0.0,0.0,0.0,1.0,0.0,0.0
2024-10-13 07:45:59.992489,1.0,1.0,1.0,1.0,1.0,1.0,1.0,899830.0,0.08165763169219573,0.033930318160450196,0.05264384615644527,0.018843214470258284,0.025797433782787597,0.02126216122037606,-0.0001843950400749843,0.00013352744281291964,-0.0002765925601124764,-0.0,0.0,0.0,0.0,1.0,0.0,0.0,0.3859804300385336,0.5803132232950495,0.5012350705239005,0.23473081263074444,0.1725192583680522,0.28168051668748306,0.08901089173597919,0.0968184929795162,0.1389728796164364,0.0,0.0,0.0,0.0,1.0,0.0,0.0
2024-10-13 07:46:00.074088,1.0,1.0,1.0,1.0,1.0,1.0,1.0,899831.0,0.08137004767024422,0.03346655624135427,0.052989055403854235,0.019200221850765864,0.025342149186916324,0.021353220143313936,-0.00016531969110171005,8.583907037973408e-05,-0.00027977178494135546,-0.0,0.0,0.0,0.0,1.0,0.0,0.0,0.38469726276264526,0.5786300086522601,0.49878689487653377,0.2346596234746121,0.1731599802610264,0.2794935518062581,0.08867822118235734,0.09691090286840802,0.13719640363682328,0.0,0.0,0.0,0.0,1.0,0.0,0.0
2024-10-13 07:46:00.078089,1.0,1.0,1.0,1.0,1.0,1.0,1.0,899832.0,0.08168952297702502,0.033466556241354264,0.05239587564842711,0.018997039181501363,0.025418596266109744,0.02126216122037606,-0.0001367066676417987,8.583907037973405e-05,-0.00024480031182368605,-0.0,0.0,0.0,0.0,1.0,0.0,0.0,0.38532905346568896,0.5779182879061793,0.4968663013092955,0.2359998675135333,0.1767083745005593,0.28068121176893224,0.0893455934610195,0.0987070955088812,0.13737452433371747,0.0,0.0,0.0,0.0,1.0,0.0,0.0
2024-10-13 07:46:00.158934,1.0,1.0,1.0,1.0,1.0,1.0,1.0,899833.0,0.08200775372225469,0.03299627680272549,0.052742707926448876,0.019048038036167402,0.02526547079878701,0.020940336965168154,-9.53767448663712e-05,9.219752003749214e-05,-0.00024797953665256506,-0.0,0.0,0.0,0.0,1.0,0.0,0.0,0.38451328102525195,0.5757788583918694,0.4973717922047427,0.2326482171809165,0.1799400251034315,0.28097185957159393,0.08783563829090356,0.1003585387998538,0.1378171430793381,0.0,0.0,0.0,0.0,1.0,0.0,0.0
2024-10-13 07:46:00.242555,1.0,1.0,1.0,1.0,1.0,1.0,1.0,899834.0,0.0827035512209322,0.033232248415491,0.05264384615644527,0.019098900711587104,0.025111411613631566,0.021032789233536103,-8.583907037973408e-05,8.265984555085502e-05,-0.00027023411045471834,-0.0,0.0,0.0,0.0,1.0,0.0,0.0,0.3852813576880484,0.5727579053870958,0.4975981733084124,0.2344843142306438,0.1853649863655464,0.2836822812885709,0.08881766551582398,0.10293133490327183,0.13936632130498175,0.0,0.0,0.0,0.0,1.0,0.0,0.0
2024-10-13 07:46:00.245555,1.0,1.0,1.0,1.0,1.0,1.0,1.0,899835.0,0.0828294318892493,0.03291724369090571,0.05293987761562285,0.019048038036167402,0.024995244090384144,0.021307739324598604,-0.00010809364418188734,8.265984555085502e-05,-0.00027977178494135546,-0.0,0.0,0.0,0.0,1.0,0.0,0.0,0.38717152503994834,0.5694790586721612,0.5000417510579719,0.23837125332040432,0.18873149822358115,0.282738093384902,0.09080538752827981,0.10461050389437249,0.13948165231150556,0.0,0.0,0.0,0.0,1.0,0.0,0.0
2024-10-13 07:46:00.327204,1.0,1.0,1.0,1.0,1.0,1.0,1.0,899836.0,0.08298651420727242,0.03267899754122895,0.05269330022668048,0.01894590304788124,0.025188558989287076,0.021170710640734267,-8.265984555085504e-05,9.855596969525021e-05,-0.00030202635874350875,-0.0,0.0,0.0,0.0,1.0,0.0,0.0,0.3883116433587454,0.5655377721849656,0.5019730921256621,0.2336630045220947,0.19052454434027236,0.28477030476942816,0.08918195169413304,0.10476629432163526,0.14111531549324996,0.0,0.0,0.0,0.0,1.0,0.0,0.0
2024-10-13 07:46:00.331204,1.0,1.0,1.0,1.0,1.0,1.0,1.0,899837.0,0.08165763169219573,0.03315377782566108,0.052742707926448876,0.019501026929403496,0.02522704420499114,0.021307739324598604,-7.312217106421791e-05,0.00011763131866852444,-0.00029566790908575063,-0.0,0.0,0.0,0.0,1.0,0.0,0.0,0.3884599295920882,0.562592501302897,0.5029422290111868,0.2345771548423583,0.18520313768365354,0.2849865572742403,0.08958297558157581,0.10114830282378011,0.14157655541286832,0.0,0.0,0.0,0.0,1.0,0.0,0.0
2024-10-13 07:46:00.414228,1.0,1.0,1.0,1.0,1.0,1.0,1.0,899838.0,0.08159381172801693,0.033075121065200774,0.052445563545461545,0.019600269437660415,0.024995244090384144,0.02126216122037606,-6.994294623533886e-05,0.00012398976832628253,-0.0002734133352835974,-0.0,0.0,0.0,0.0,1.0,0.0,0.0,0.3897440749974539,0.5597537681134822,0.5052444367227344,0.2347641033743544,0.18421985810265185,0.28147511868254305,0.0899283630345132,0.09983591587069215,0.1404546338848295,0.0,0.0,0.0,0.0,1.0,0.0,0.0
2024-10-13 07:46:00.417231,1.0,1.0,1.0,1.0,1.0,1.0,1.0,899839.0,0.0815618830194072,0.03219721690590663,0.05184616599107159,0.019301011109426145,0.024995244090384144,0.021353220143313936,-7.948062072197598e-05,0.0001398858924706777,-0.00026069643596808123,-0.0,0.0,0.0,0.0,1.0,0.0,0.0,0.38909899905763495,0.5568631470183218,0.5065552862706302,0.23108853038311256,0.18849502762146075,0.2828997578076226,0.08826024142916053,0.10202763604033911,0.1415720977695897,0.0,0.0,0.0,0.0,1.0,0.0,0.0
2024-10-13 07:46:00.497682,1.0,1.0,1.0,1.0,1.0,1.0,1.0,899840.0,0.08245121332926818,0.032278013060311,0.051695230689754394,0.01894590304788124,0.02468279125681748,0.021534182871517486,-4.132992277542752e-05,0.00014306511729955676,-0.0002638756607969603,-0.0,0.0,0.0,0.0,1.0,0.0,0.0,0.38832505851314914,0.5558487106950315,0.5082403447847137,0.22672969861263584,0.18955669024966262,0.27928481781609715,0.08647987552498826,0.10246419281163323,0.14031318361188747,0.0,0.0,0.0,0.0,1.0,0.0,0.0
2024-10-13 07:46:00.581160,1.0,1.0,1.0,1.0,1.0,1.0,1.0,899841.0,0.0830806210387275,0.03211621748977285,0.051239757223726694,0.018739963202861063,0.024878534141836748,0.021713637498104413,2.2254573802153277e-05,0.0001716781407594681,-0.00025433798631032317,-0.0,0.0,0.0,0.0,1.0,0.0,0.0,0.3888973794355625,0.5562848839044207,0.5092180141883924,0.2243375997615746,0.19051526288735396,0.27838104287747395,0.0857132407822244,0.10312374529060057,0.14007327829702257,0.0,0.0,0.0,0.0,1.0,0.0,0.0
2024-10-13 07:46:00.585103,1.0,1.0,1.0,1.0,1.0,1.0,1.0,899842.0,0.08286087217578267,0.031871984154482245,0.05144268774946429,0.018688123647942947,0.024878534141836748,0.021713637498104413,3.815069794654847e-05,0.0001875742649038633,-0.0002734133352835974,-0.0,0.0,0.0,0.0,1.0,0.0,0.0,0.3898179527176517,0.5559247281023291,0.5089025696269173,0.22301958797406998,0.19016597041850083,0.2759663176654257,0.08543550016870152,0.1028921454903349,0.13874003083498795,0.0,0.0,0.0,0.0,1.0,0.0,0.0
2024-10-13 07:46:00.666972,1.0,1.0,1.0,1.0,1.0,1.0,1.0,899843.0,0.08276651548678711,0.03211621748977285,0.05093384549131161,0.018791659751293096,0.024878534141836748,0.022286887919318283,2.8613023459911363e-05,0.0002034703890482585,-0.00025433798631032317,-0.0,0.0,0.0,0.0,1.0,0.0,0.0,0.39217321570836194,0.5555830918713102,0.5079571767977556,0.22570475227835307,0.1943803692814395,0.2737762290085282,0.08700303463294047,0.10517479106955542,0.13734786258052292,0.0,0.0,0.0,0.0,1.0,0.0,0.0
2024-10-13 07:46:00.670972,1.0,1.0,1.0,1.0,1.0,1.0,1.0,899844.0,0.08235638729061436,0.03275860544857268,0.04995276723522182,0.018997039181501363,0.025150014882560457,0.021980072465344138,4.76883724331856e-05,0.00021618728836377465,-0.00021936651319265374,-0.0,0.0,0.0,0.0,1.0,0.0,0.0,0.3942293186391093,0.5572985262732849,0.5076943728822987,0.2256858870993599,0.19557426140275533,0.2701931522654628,0.08750111318946487,0.10619641982914983,0.13534814277912952,0.0,0.0,0.0,0.0,1.0,0.0,0.0
2024-10-13 07:46:00.752728,1.0,1.0,1.0,1.0,1.0,1.0,1.0,899845.0,0.08289230053730566,0.03283802036619844,0.048898792845469,0.018584010728398753,0.02468279125681748,0.021534182871517486,0.00012398976832628253,0.00022254573802153274,-0.00021300806353489565,-0.0,0.0,0.0,0.0,1.0,0.0,0.0,0.39415626775340773,0.560046354111202,0.5071580849666969,0.2238558718496822,0.19703682342356607,0.2700885421690703,0.08672123167658068,0.10734704900043512,0.13499025289839287,0.0,0.0,0.0,0.0,1.0,0.0,0.0
2024-10-13 07:46:00.835386,1.0,1.0,1.0,1.0,1.0,1.0,1.0,899846.0,0.08267205110506058,0.03299627680272549,0.04895203052356151,0.01935120888239217,0.024564596844570415,0.02202416493185523,9.855596969525021e-05,0.00019075348973274234,-0.00022254573802153277,-0.0,0.0,0.0,0.0,1.0,0.0,0.0,0.3952963741748483,0.5638299597187534,0.5072115599473084,0.22570475227835307,0.20071843285915564,0.2710275757177572,0.08767579393145161,0.11021640454159468,0.13543358234374372,0.0,0.0,0.0,0.0,1.0,0.0,0.0
2024-10-13 07:46:00.838386,1.0,1.0,1.0,1.0,1.0,1.0,1.0,899847.0,0.08323722932293393,0.031953602685443394,0.04873873090097101,0.018584010728398753,0.024485483605775776,0.022155915847396346,0.00013034821798404064,0.0001684989159305891,-0.00023844186216592797,-0.0,0.0,0.0,0.0,1.0,0.0,0.0,0.396353620442532,0.566843353014265,0.5075280555252808,0.2281387456238259,0.2042179377206255,0.2747229299886985,0.08889661626574114,0.11316472975662865,0.1372536549156862,0.0,0.0,0.0,0.0,1.0,0.0,0.0
2024-10-13 07:46:00.920478,1.0,1.0,1.0,1.0,1.0,1.0,1.0,899848.0,0.0830806210387275,0.03154339822214999,0.048738730900971,0.0182149297886861,0.024246595126450658,0.02206816930126611,0.00017485736558834716,0.00014624434212843582,-0.00024480031182368605,-0.0,0.0,0.0,0.0,1.0,0.0,0.0,0.39556753536778966,0.5704053319202519,0.5054591125181656,0.22776375743052404,0.20267233893002354,0.27607084800384074,0.08850230407515935,0.1132099475013013,0.13734307271666035,0.0,0.0,0.0,0.0,1.0,0.0,0.0
2024-10-13 07:46:00.924478,1.0,1.0,1.0,1.0,1.0,1.0,1.0,899849.0,0.08279797966412092,0.0319536026854434,0.049586424553571054,0.018479311243270825,0.024445830974727203,0.021802810922600106,0.00019711193939050045,0.00014942356695731485,-0.00022890418767929085,-0.0,0.0,0.0,0.0,1.0,0.0,0.0,0.39816506659320794,0.5732094919753189,0.5050360550724179,0.2294393311785724,0.20313472650700679,0.2733164714887927,0.089798986246338,0.11404099939476459,0.13596074491999896,0.0,0.0,0.0,0.0,1.0,0.0,0.0
2024-10-13 07:46:01.006319,1.0,1.0,1.0,1.0,1.0,1.0,1.0,899850.0,0.08235638729061436,0.03179015607555206,0.049848372623236506,0.018739963202861063,0.024445830974727203,0.021534182871517486,0.00019711193939050042,0.00015578201661507293,-0.00020664961387713757,-0.0,0.0,0.0,0.0,1.0,0.0,0.0,0.4021331847588733,0.5745328946718878,0.5049844783919147,0.23008347056364584,0.20339330080024132,0.2734708390822671,0.09097450462681603,0.11438096197993841,0.1360269535386575,0.0,0.0,0.0,0.0,1.0,0.0,0.0
2024-10-13 07:46:01.088511,1.0,1.0,1.0,1.0,1.0,1.0,1.0,899851.0,0.08159381172801693,0.03227801306031101,0.04974375892424917,0.018584010728398753,0.024800422381866246,0.021398604296836984,0.00015260279178619387,0.00014624434212843582,-0.00020982883870601662,-0.0,0.0,0.0,0.0,1.0,0.0,0.0,0.40545019687316863,0.5765946305246284,0.503977924225979,0.2337462568289228,0.2040019480942601,0.27492459753884363,0.09323572828635623,0.11501239976632181,0.13640020967273378,0.0,0.0,0.0,0.0,1.0,0.0,0.0
2024-10-13 07:46:01.092802,1.0,1.0,1.0,1.0,1.0,1.0,1.0,899852.0,0.08149798807578167,0.03275860544857268,0.049375865536358574,0.018426738416276855,0.02452507212573485,0.02166891317152994,0.00013670666764179865,0.00014624434212843582,-0.00021300806353489562,-0.0,0.0,0.0,0.0,1.0,0.0,0.0,0.4065970711586478,0.5782477352855984,0.5041475449795855,0.23727212938094036,0.20305321859324318,0.27890458419352976,0.09488936675637734,0.1146811737414416,0.1384838214795654,0.0,0.0,0.0,0.0,1.0,0.0,0.0
2024-10-13 07:46:01.173543,1.0,1.0,1.0,1.0,1.0,1.0,1.0,899853.0,0.08226145194229703,0.03267899754122895,0.049533868709917925,0.018321140191983925,0.02468279125681748,0.021078863306785177,0.00010809364418188734,0.00014942356695731485,-0.00021618728836377468,-0.0,0.0,0.0,0.0,1.0,0.0,0.0,0.4064297680307477,0.5803052498073482,0.5034583720630794,0.23854551350693862,0.20061023676025863,0.2854397730202837,0.09536651541611159,0.11372340913246064,0.14137905237835996,0.0,0.0,0.0,0.0,1.0,0.0,0.0
2024-10-13 07:46:01.177481,1.0,1.0,1.0,1.0,1.0,1.0,1.0,899854.0,0.08232475433869244,0.031625864763461305,0.050056944130934186,0.018531734926591673,0.024326485277441648,0.021624096343466504,6.676372140645981e-05,0.00013352744281291964,-0.00022890418767929085,-0.0,0.0,0.0,0.0,1.0,0.0,0.0,0.4064938497048676,0.5826446726420342,0.5033838014882571,0.23946848336601662,0.19456084154521358,0.2902377402337308,0.0957495236961907,0.11039084768278398,0.1439039834857432,0.0,0.0,0.0,0.0,1.0,0.0,0.0
2024-10-13 07:46:01.259881,1.0,1.0,1.0,1.0,1.0,1.0,1.0,899855.0,0.08238800809703603,0.032035013270089084,0.050626085299173146,0.019200221850765864,0.024485483605775776,0.021891621110694724,2.8613023459911343e-05,0.00013352744281291964,-0.00022254573802153277,-0.0,0.0,0.0,0.0,1.0,0.0,0.0,0.4067703530867516,0.5836303858492171,0.5021913068715101,0.2375304835947222,0.19069102180883205,0.29411980305624136,0.09504629682640284,0.1084721350346693,0.14584294476818466,0.0,0.0,0.0,0.0,1.0,0.0,0.0
2024-10-13 07:46:01.262881,1.0,1.0,1.0,1.0,1.0,1.0,1.0,899856.0,0.08304926394342725,0.03137781493555469,0.050626085299173146,0.018843214470258284,0.02436633212687883,0.021891621110694724,4.768837243318558e-05,0.00014942356695731485,-0.00022890418767929085,-0.0,0.0,0.0,0.0,1.0,0.0,0.0,0.4059463378148352,0.5850825882742727,0.5006566864438815,0.2392462410498985,0.1882234251236544,0.2934845570760833,0.09562164820862913,0.10748605177489776,0.14509880430268227,0.0,0.0,0.0,0.0,1.0,0.0,0.0
2024-10-13 07:46:01.344856,1.0,1.0,1.0,1.0,1.0,1.0,1.0,899857.0,0.08286087217578268,0.031871984154482245,0.05078019854850884,0.019048038036167402,0.024286573051581467,0.02166891317152994,2.543379863103232e-05,0.00014942356695731485,-0.0002289041876792908,-0.0,0.0,0.0,0.0,1.0,0.0,0.0,0.40426749789297345,0.5860642011162984,0.5006566864438815,0.23555000080654864,0.18869323481494837,0.29184904363770797,0.09361123006336716,0.10777652821169352,0.14416368325995937,0.0,0.0,0.0,0.0,1.0,0.0,0.0
2024-10-13 07:46:01.427819,1.0,1.0,1.0,1.0,1.0,1.0,1.0,899858.0,0.08216640690542588,0.03219721690590663,0.05057460985596969,0.019895026871345974,0.024761274097977876,0.021624096343466504,-1.2716899315516164e-05,0.00014624434212843582,-0.00024162108699480697,-0.0,0.0,0.0,0.0,1.0,0.0,0.0,0.4047590109573391,0.5839546164769313,0.5020750472714148,0.23341468575975277,0.19342190423173636,0.29198032380978156,0.09277368094455915,0.10970635973606155,0.14467003368849227,0.0,0.0,0.0,0.0,1.0,0.0,0.0
2024-10-13 07:46:01.431822,1.0,1.0,1.0,1.0,1.0,1.0,1.0,899859.0,0.08264053898228242,0.032519197084621136,0.050523081967037,0.01969901197411813,0.02436633212687883,0.021624096343466504,-2.5433798631032307e-05,0.00014624434212843582,-0.0002765925601124764,-0.0,0.0,0.0,0.0,1.0,0.0,0.0,0.40435160543674964,0.583312909270199,0.5025316972101841,0.23420188959019841,0.19134842175901592,0.29663284794729894,0.09292557724193891,0.10849705157846708,0.1469884161097707,0.0,0.0,0.0,0.0,1.0,0.0,0.0
2024-10-13 07:46:01.513777,1.0,1.0,1.0,1.0,1.0,1.0,1.0,899860.0,0.08251437014690052,0.03299627680272549,0.05078019854850884,0.01974819809806028,0.024406113920105138,0.021624096343466504,-5.722604691982269e-05,0.00014306511729955676,-0.0002734133352835974,-0.0,0.0,0.0,0.0,1.0,0.0,0.0,0.4029908518216026,0.583656164934604,0.5029982892720155,0.23327125137546129,0.19275412064881087,0.2975643334727351,0.09225334781423261,0.10957739296696148,0.14768380425590644,0.0,0.0,0.0,0.0,1.0,0.0,0.0
2024-10-13 07:46:01.517777,1.0,1.0,1.0,1.0,1.0,1.0,1.0,899861.0,0.08146602181133335,0.03331053415039321,0.050626085299173146,0.019600269437660415,0.02376161423095312,0.02202416493185523,-7.630139589309694e-05,0.000162140466272831,-0.00027977178494135546,-0.0,0.0,0.0,0.0,1.0,0.0,0.0,0.4030037783360995,0.5843242412851275,0.5037729580078902,0.23155334988747756,0.19598761166113907,0.29652122445159634,0.0915701677232268,0.11164939387464956,0.14735986395459244,0.0,0.0,0.0,0.0,1.0,0.0,0.0
2024-10-13 07:46:01.597605,1.0,1.0,1.0,1.0,1.0,1.0,1.0,899862.0,0.0809528449135354,0.033232248415491,0.05083146579886899,0.019550711154970875,0.023843129442004847,0.021579186437577745,-8.265984555085501e-05,0.00014942356695731485,-0.00025751721113920217,-0.0,0.0,0.0,0.0,1.0,0.0,0.0,0.4041636814778615,0.5846758130790236,0.5043562937300435,0.22941842386089306,0.19758090995738775,0.2918689522244952,0.09106122681520377,0.11274368642500879,0.14480119773930272,0.0,0.0,0.0,0.0,1.0,0.0,0.0
2024-10-13 07:46:01.682234,1.0,1.0,1.0,1.0,1.0,1.0,1.0,899863.0,0.07994919155245452,0.03331053415039321,0.05041986820864096,0.019451215795870915,0.0238837827186562,0.02148908505684164,-7.630139589309692e-05,0.00014624434212843582,-0.0002765925601124764,-0.0,0.0,0.0,0.0,1.0,0.0,0.0,0.40538523631404966,0.5845768009094134,0.5051082535773979,0.2278300044967166,0.19766927069258247,0.2837305429612061,0.090732971851622,0.11272129097285775,0.14102853022500447,0.0,0.0,0.0,0.0,1.0,0.0,0.0
2024-10-13 07:46:01.684237,1.0,1.0,1.0,1.0,1.0,1.0,1.0,899864.0,0.07952453502931128,0.03369923498482647,0.0503164427290474,0.01914962829286367,0.024005329471667898,0.02144389239891845,-6.994294623533885e-05,0.000162140466272831,-0.0002670548856258393,-0.0,0.0,0.0,0.0,1.0,0.0,0.0,0.40628127332157765,0.5830866050742659,0.5054260662382771,0.22540654566614482,0.20060570786610232,0.2835672252728881,0.08998611895223783,0.1144125355513871,0.14105821981136943,0.0,0.0,0.0,0.0,1.0,0.0,0.0
2024-10-13 07:46:01.766906,1.0,1.0,1.0,1.0,1.0,1.0,1.0,899865.0,0.07893277747670618,0.03267899754122895,0.04995276723522182,0.019098900711587104,0.02412626388678268,0.021078863306785177,-6.358449657758078e-05,0.00015896124144395196,-0.0002734133352835974,-0.0,0.0,0.0,0.0,1.0,0.0,0.0,0.4066483162142386,0.5835113457316234,0.5049926655183092,0.2289610399949372,0.20096142004612413,0.2815263295349504,0.0914692273349099,0.11469073033988557,0.13979614745545754,0.0,0.0,0.0,0.0,1.0,0.0,0.0
2024-10-13 07:46:01.769906,1.0,1.0,1.0,1.0,1.0,1.0,1.0,899866.0,0.07840302130669127,0.03283802036619844,0.050626085299173146,0.018636139893149068,0.024406113920105138,0.020800888109007293,-5.722604691982271e-05,0.00016531969110171005,-0.0002670548856258393,-0.0,0.0,0.0,0.0,1.0,0.0,0.0,0.40696987387905065,0.5831412056687559,0.5058487975053815,0.22872175497637778,0.19600565586405685,0.28195804679746955,0.09147593903177087,0.11127085164849669,0.14015511389909924,0.0,0.0,0.0,0.0,1.0,0.0,0.0
2024-10-13 07:46:01.851735,1.0,1.0,1.0,1.0,1.0,1.0,1.0,899867.0,0.07827002202296263,0.03291724369090571,0.05041986820864096,0.018636139893149068,0.024485483605775776,0.021032789233536103,-1.9075348973274234e-05,0.00017485736558834716,-0.00025433798631032317,-0.0,0.0,0.0,0.0,1.0,0.0,0.0,0.40819579290098174,0.5831044729888251,0.5054054521179574,0.23411281382551052,0.19203375742297787,0.2816004169824567,0.09393533437231122,0.10873757717859954,0.14000602255272587,0.0,0.0,0.0,0.0,1.0,0.0,0.0
2024-10-13 07:46:01.854675,1.0,1.0,1.0,1.0,1.0,1.0,1.0,899868.0,0.0787345366175071,0.03235860747555765,0.050523081967037,0.0181615916660127,0.024286573051581467,0.02089395742436089,1.2716899315516157e-05,0.00018121581524610522,-0.00022890418767929085,-0.0,0.0,0.0,0.0,1.0,0.0,0.0,0.4079585654737963,0.5850815930941361,0.5045588925204615,0.24185042869857845,0.1842897048145541,0.2824123149622708,0.09700125516076105,0.10450095310547734,0.14014248531158452,0.0,0.0,0.0,0.0,1.0,0.0,0.0
2024-10-13 07:46:01.937713,1.0,1.0,1.0,1.0,1.0,1.0,1.0,899869.0,0.0782034375600193,0.03179015607555206,0.04974375892424916,0.018108096434446105,0.024722063821441115,0.020660498058664857,-3.1792248288790362e-06,0.00016531969110171005,-0.00018439504007498428,-0.0,0.0,0.0,0.0,1.0,0.0,0.0,0.4078624295954887,0.58747392820113,0.5048564144586287,0.24310803523886604,0.18172953480719203,0.2826668282412203,0.09758155200383226,0.10320391137910973,0.140257080386435,0.0,0.0,0.0,0.0,1.0,0.0,0.0
2024-10-13 07:46:02.021674,1.0,1.0,1.0,1.0,1.0,1.0,1.0,899870.0,0.07830329302213708,0.03154339822214999,0.04942858938003563,0.018108096434446105,0.024878534141836748,0.02061348890091903,6.35844965775807e-06,0.00015260279178619387,-0.00018439504007498428,-0.0,0.0,0.0,0.0,1.0,0.0,0.0,0.4069375161908566,0.5878600540022079,0.505945722415516,0.2473009428114909,0.1812359822866546,0.2873612745451367,0.09909415652797227,0.10287659420274602,0.14285814467675745,0.0,0.0,0.0,0.0,1.0,0.0,0.0
2024-10-13 07:46:02.024670,1.0,1.0,1.0,1.0,1.0,1.0,1.0,899871.0,0.07994919155245452,0.030875737502386418,0.04948125704482232,0.018584010728398753,0.02564657030330141,0.020376816430674367,2.2254573802153274e-05,0.00013988589247067773,-0.00016849891593058908,-0.0,0.0,0.0,0.0,1.0,0.0,0.0,0.4038595965440945,0.5890247682354599,0.5077499084629986,0.24678847823688754,0.1775545885205759,0.2937529533915746,0.09816723586675244,0.10118160688599218,0.14670701686450027,0.0,0.0,0.0,0.0,1.0,0.0,0.0
2024-10-13 07:46:02.106465,1.0,1.0,1.0,1.0,1.0,1.0,1.0,899872.0,0.08017692114530416,0.0299333978913952,0.04969136948483319,0.018584010728398753,0.025608715566353565,0.020566372293249237,4.450914760430654e-05,0.00012716899315516158,-0.00019711193939050042,-0.0,0.0,0.0,0.0,1.0,0.0,0.0,0.4006211671719524,0.5899998223077698,0.5078135796161317,0.24505910837467254,0.1825922922529074,0.30532426042841504,0.09668704177350683,0.10381868977507037,0.15281567449102743,0.0,0.0,0.0,0.0,1.0,0.0,0.0
2024-10-13 07:46:02.109460,1.0,1.0,1.0,1.0,1.0,1.0,1.0,899873.0,0.08072730421081617,0.0299333978913952,0.04942858938003562,0.018894628520718087,0.025835012001953723,0.020940336965168154,4.132992277542751e-05,0.0001208105434974035,-0.00020029116421937945,-0.0,0.0,0.0,0.0,1.0,0.0,0.0,0.39952921760652066,0.5905891772426501,0.5073390293885476,0.2449592395592302,0.18030054507066864,0.31446147901249,0.09640718167676467,0.10271304285032226,0.15745562696906099,0.0,0.0,0.0,0.0,1.0,0.0,0.0
2024-10-13 07:46:02.190888,1.0,1.0,1.0,1.0,1.0,1.0,1.0,899874.0,0.08108144363624357,0.030451016619125068,0.04963892475308669,0.018739963202861063,0.025947420126718565,0.02061348890091903,9.219752003749214e-05,9.855596969525021e-05,-0.0002034703890482585,-0.0,0.0,0.0,0.0,1.0,0.0,0.0,0.3970856771954549,0.590017480864544,0.5075280555252808,0.24428284367500475,0.18257103869101476,0.31874459829609453,0.09554702473695129,0.10383776512404366,0.15964864448111496,0.0,0.0,0.0,0.0,1.0,0.0,0.0
2024-10-13 07:46:02.274585,1.0,1.0,1.0,1.0,1.0,1.0,1.0,899875.0,0.08098501373853388,0.03129469474997817,0.050108951359643064,0.018584010728398753,0.026022089115979988,0.021216485203668426,5.722604691982271e-05,0.00010491441935300828,-0.00021300806353489565,-0.0,0.0,0.0,0.0,1.0,0.0,0.0,0.396485760484979,0.5899998223077699,0.5084763602651986,0.240127691776588,0.1849957461613846,0.3238120634174514,0.09364390542966398,0.10527470115352963,0.16277273751435034,0.0,0.0,0.0,0.0,1.0,0.0,0.0
2024-10-13 07:46:02.277584,1.0,1.0,1.0,1.0,1.0,1.0,1.0,899876.0,0.08104931308470009,0.030706554105680028,0.04969136948483318,0.019401276776896823,0.025797433782787597,0.021124836890965972,5.722604691982269e-05,8.90182952086131e-05,-0.00020982883870601662,-0.0,0.0,0.0,0.0,1.0,0.0,0.0,0.39457420029847695,0.5888095067098339,0.5082876867918257,0.24169795232451277,0.18944989558107111,0.32489185185026903,0.09379279912581646,0.10792514856179591,0.16332934576818733,0.0,0.0,0.0,0.0,1.0,0.0,0.0
2024-10-13 07:46:02.359472,1.0,1.0,1.0,1.0,1.0,1.0,1.0,899877.0,0.08120983871846918,0.030875737502386418,0.04916440475508811,0.019501026929403496,0.026281760015388615,0.021032789233536103,1.907534897327423e-05,7.312217106421791e-05,-0.0002257249628504118,-0.0,0.0,0.0,0.0,1.0,0.0,0.0,0.3940365671877647,0.5888547301519994,0.5079182695532816,0.23870180990899503,0.19295826100688498,0.3220014764668764,0.09249337928881299,0.11015602239912711,0.16151237251992062,0.0,0.0,0.0,0.0,1.0,0.0,0.0
2024-10-13 07:46:02.363472,1.0,1.0,1.0,1.0,1.0,1.0,1.0,899878.0,0.08104931308470009,0.03079126200207882,0.049533868709917925,0.019200221850765864,0.026538890275460948,0.021624096343466504,1.2716899315516157e-05,7.948062072197598e-05,-0.00025433798631032317,-0.0,0.0,0.0,0.0,1.0,0.0,0.0,0.3940233464908477,0.588424993470379,0.5066850423450352,0.23179250200077114,0.19386619709583008,0.3219306597900373,0.08989718896883003,0.11108301665351429,0.16110100353581247,0.0,0.0,0.0,0.0,1.0,0.0,0.0
2024-10-13 07:46:02.445197,1.0,1.0,1.0,1.0,1.0,1.0,1.0,899879.0,0.08127396019606152,0.03137781493555469,0.04969136948483318,0.019048038036167402,0.02668470945144587,0.021713637498104413,2.225457380215327e-05,9.219752003749214e-05,-0.0002511587614814441,-0.0,0.0,0.0,0.0,1.0,0.0,0.0,0.39360482904552896,0.5863604339862004,0.5042095390971599,0.22715764867880683,0.19371601564012658,0.31445335822149895,0.08773416803178184,0.11079654368502159,0.15636703683783923,0.0,0.0,0.0,0.0,1.0,0.0,0.0
2024-10-13 07:46:02.528227,1.0,1.0,1.0,1.0,1.0,1.0,1.0,899880.0,0.08140205162336774,0.03154339822214999,0.04948125704482232,0.018997039181501363,0.026281760015388615,0.02166891317152994,9.537674486637117e-06,8.90182952086131e-05,-0.00025751721113920217,-0.0,0.0,0.0,0.0,1.0,0.0,0.0,0.3936981980827394,0.587222614608823,0.49997097094027637,0.2254086976068708,0.1945934076942348,0.30693415297545956,0.08714839585706088,0.11151649512775187,0.15110750138134904,0.0,0.0,0.0,0.0,1.0,0.0,0.0
2024-10-13 07:46:02.531228,1.0,1.0,1.0,1.0,1.0,1.0,1.0,899881.0,0.0809206633002925,0.031871984154482245,0.04969136948483319,0.018791659751293096,0.025759800744833576,0.02166891317152994,-3.1792248288790384e-06,9.219752003749214e-05,-0.00027023411045471834,-0.0,0.0,0.0,0.0,1.0,0.0,0.0,0.39325284187042686,0.5874197303328251,0.4961608486654789,0.2230229712554945,0.19520420360028912,0.3003813176469563,0.08603248794212434,0.11176759922002329,0.14650154894662437,0.0,0.0,0.0,0.0,1.0,0.0,0.0
2024-10-13 07:46:02.612809,1.0,1.0,1.0,1.0,1.0,1.0,1.0,899882.0,0.08088846888354172,0.03211621748977285,0.0492702485907403,0.01935120888239217,0.025910004937642474,0.021534182871517486,-9.537674486637115e-06,9.537674486637117e-05,-0.000241621086994807,-0.0,0.0,0.0,0.0,1.0,0.0,0.0,0.393106363607162,0.5866022438817534,0.4938923095489069,0.22204378575977013,0.18620575970850536,0.2919345600485354,0.08559967180639279,0.10652117596329032,0.14184076749957308,0.0,0.0,0.0,0.0,1.0,0.0,0.0
2024-10-13 07:46:02.616809,1.0,1.0,1.0,1.0,1.0,1.0,1.0,899883.0,0.08079180865915103,0.03211621748977285,0.04984837262323651,0.018739963202861063,0.026022089115979988,0.021124836890965972,1.907534897327424e-05,9.855596969525021e-05,-0.00023208341250816988,-0.0,0.0,0.0,0.0,1.0,0.0,0.0,0.3920536478692635,0.5870333149054461,0.49326273894539685,0.22070670430380632,0.18831330774989355,0.28575312773914596,0.08478119803655804,0.10790263746323904,0.13880621422170342,0.0,0.0,0.0,0.0,1.0,0.0,0.0
2024-10-13 07:46:02.698054,1.0,1.0,1.0,1.0,1.0,1.0,1.0,899884.0,0.0809528449135354,0.03235860747555765,0.050523081967037,0.019250682441991743,0.026244821472867705,0.021170710640734267,-6.358449657758067e-06,0.00011127286901076637,-0.000241621086994807,-0.0,0.0,0.0,0.0,1.0,0.0,0.0,0.3931468530066051,0.5890237797157999,0.49237414353344133,0.2191594188252443,0.18557103861504182,0.2742979303399008,0.08435624165109788,0.1067914184843927,0.13287860840279234,0.0,0.0,0.0,0.0,1.0,0.0,0.0
2024-10-13 07:46:02.702050,1.0,1.0,1.0,1.0,1.0,1.0,1.0,899885.0,0.08117775898633917,0.0319536026854434,0.049796093245850395,0.019048038036167402,0.025984781442148438,0.020800888109007293,6.3584496577580886e-06,9.855596969525021e-05,-0.00021618728836377468,-0.0,0.0,0.0,0.0,1.0,0.0,0.0,0.3922005192988876,0.591924560062288,0.49113370574039583,0.22208722961080823,0.18562807230539935,0.26865329500657825,0.08530338571470142,0.10733473160688514,0.12997533271947706,0.0,0.0,0.0,0.0,1.0,0.0,0.0
2024-10-13 07:46:02.782845,1.0,1.0,1.0,1.0,1.0,1.0,1.0,899886.0,0.08133803112457424,0.03283802036619844,0.04974375892424916,0.018531734926591673,0.026096544458751023,0.02166891317152994,-2.5433798631032303e-05,0.00010173519452412927,-0.00023844186216592797,-0.0,0.0,0.0,0.0,1.0,0.0,0.0,0.3922536451626702,0.5950515268194027,0.49151355120865214,0.21980891839579708,0.18698917113283423,0.2651194850032741,0.08441885471786663,0.10877238254142524,0.12845328303797507,0.0,0.0,0.0,0.0,1.0,0.0,0.0
2024-10-13 07:46:02.866778,1.0,1.0,1.0,1.0,1.0,1.0,1.0,899887.0,0.0805981404413478,0.03291724369090571,0.05005694413093419,0.018688123647942947,0.025494814117130813,0.021624096343466504,-3.4971473117669426e-05,0.00012398976832628253,-0.00021618728836377468,-0.0,0.0,0.0,0.0,1.0,0.0,0.0,0.3903817836187052,0.5983720980208973,0.49275303279405247,0.2192321994629361,0.186089125830053,0.2659447655505482,0.08381489031218042,0.10903430903461879,0.12919587173897765,0.0,0.0,0.0,0.0,1.0,0.0,0.0
2024-10-13 07:46:02.870777,1.0,1.0,1.0,1.0,1.0,1.0,1.0,899888.0,0.08056581714329979,0.033930318160450196,0.04969136948483319,0.018531734926591673,0.025188558989287076,0.02148908505684164,-5.0867597262064614e-05,0.00012716899315516156,-0.00020347038904825854,-0.0,0.0,0.0,0.0,1.0,0.0,0.0,0.38896509362016185,0.6020167504148751,0.49488562592444396,0.21517392894919013,0.1875438099103402,0.2646327990778914,0.08171112659347052,0.11039066895652047,0.12910869958093815,0.0,0.0,0.0,0.0,1.0,0.0,0.0
2024-10-13 07:46:02.951488,1.0,1.0,1.0,1.0,1.0,1.0,1.0,899889.0,0.08181696380798012,0.03346655624135427,0.049533868709917925,0.018531734926591673,0.024956401418756297,0.021216485203668426,-3.815069794654846e-05,0.00011763131866852444,-0.00021618728836377468,-0.0,0.0,0.0,0.0,1.0,0.0,0.0,0.3869823628632512,0.6041581144199213,0.49671949786472297,0.2154805440315505,0.19263137937506555,0.26344460769115274,0.08144663275006794,0.11379348664905913,0.12903175897582023,0.0,0.0,0.0,0.0,1.0,0.0,0.0
2024-10-13 07:46:02.955486,1.0,1.0,1.0,1.0,1.0,1.0,1.0,899890.0,0.08188060984157082,0.03283802036619845,0.05036818201544617,0.018688123647942947,0.025303839037745666,0.021353220143313936,-6.994294623533886e-05,0.00012716899315516158,-0.0002352626373370489,-0.0,0.0,0.0,0.0,1.0,0.0,0.0,0.38596693339126875,0.6049604887741733,0.4973656409133662,0.21145375572889985,0.1894541763807261,0.26616766410574927,0.07968913960230345,0.1119536364390608,0.13052804684343106,0.0,0.0,0.0,0.0,1.0,0.0,0.0
2024-10-13 07:46:03.037594,1.0,1.0,1.0,1.0,1.0,1.0,1.0,899891.0,0.08191241431347969,0.03275860544857268,0.05010895135964307,0.01826811217861732,0.025608715566353565,0.021170710640734267,-8.265984555085502e-05,0.00014306511729955676,-0.00021618728836377468,-0.0,0.0,0.0,0.0,1.0,0.0,0.0,0.3857700536302961,0.6072039690729228,0.4986219180611432,0.2117769553445414,0.18849945945139313,0.27161981881958996,0.07980465143775271,0.11205049766324544,0.13349210627764133,0.0,0.0,0.0,0.0,1.0,0.0,0.0
2024-10-13 07:46:03.120376,1.0,1.0,1.0,1.0,1.0,1.0,1.0,899892.0,0.08241961677193653,0.03331053415039321,0.05078019854850884,0.017564185231355802,0.025456733716313067,0.02148908505684164,-9.537674486637117e-05,0.00014942356695731485,-0.0002352626373370489,-0.0,0.0,0.0,0.0,1.0,0.0,0.0,0.38482626086003663,0.6084267949387198,0.4991256309539228,0.20868183060757653,0.1890338171023088,0.27265322171983175,0.07838936651809672,0.11257950217134596,0.13408546065125973,0.0,0.0,0.0,0.0,1.0,0.0,0.0
2024-10-13 07:46:03.124372,1.0,1.0,1.0,1.0,1.0,1.0,1.0,899893.0,0.08298651420727242,0.03331053415039321,0.05072887948684035,0.018426738416276855,0.025380401509347835,0.021579186437577745,-0.00012081054349740349,0.00014306511729955676,-0.00022890418767929085,-0.0,0.0,0.0,0.0,1.0,0.0,0.0,0.38273968325147073,0.6076461441032052,0.498611470455406,0.20783687271784115,0.19030488774213278,0.2750458630125385,0.0776758954794158,0.11291000488052434,0.13490731550146806,0.0,0.0,0.0,0.0,1.0,0.0,0.0
2024-10-13 07:46:03.205902,1.0,1.0,1.0,1.0,1.0,1.0,1.0,899894.0,0.08351838421017951,0.032519197084621136,0.04979609324585039,0.01800062903766519,0.02526547079878701,0.021398604296836984,-0.00010809364418188734,0.00015578201661507293,-0.00021300806353489565,-0.0,0.0,0.0,0.0,1.0,0.0,0.0,0.3796786483997799,0.6063434660870112,0.4996496884636997,0.21014547182539955,0.1911970344786182,0.2831974994057617,0.07795990623079566,0.11312962371314784,0.13945840107595148,0.0,0.0,0.0,0.0,1.0,0.0,0.0
2024-10-13 07:46:03.208902,1.0,1.0,1.0,1.0,1.0,1.0,1.0,899895.0,0.08373640758671476,0.03235860747555765,0.050523081967037,0.01805444269744756,0.025684369248357337,0.021078863306785177,-8.583907037973408e-05,0.00015896124144395196,-0.0002511587614814441,-0.0,0.0,0.0,0.0,1.0,0.0,0.0,0.3798028741055838,0.6042452968425132,0.5014328290007286,0.21010315003481456,0.19296895445423912,0.28537858964071394,0.07802569852239329,0.11367794117101906,0.140881873761139,0.0,0.0,0.0,0.0,1.0,0.0,0.0
2024-10-13 07:46:03.290705,1.0,1.0,1.0,1.0,1.0,1.0,1.0,899896.0,0.08404688847235513,0.031871984154482245,0.05041986820864096,0.0182149297886861,0.025835012001953723,0.020519147495467436,-6.676372140645982e-05,0.00016849891593058908,-0.00021618728836377465,-0.0,0.0,0.0,0.0,1.0,0.0,0.0,0.38042263340003285,0.6021830719578052,0.5003774893867243,0.20894097146860033,0.19192245728145593,0.2885228917102622,0.07784430608354559,0.11272061391571826,0.14222017602243855,0.0,0.0,0.0,0.0,1.0,0.0,0.0
2024-10-13 07:46:03.294702,1.0,1.0,1.0,1.0,1.0,1.0,1.0,899897.0,0.08484882190349086,0.031871984154482245,0.0503164427290474,0.01794665401649714,0.025835012001953723,0.020424370325990055,1.2716899315516164e-05,0.00014624434212843582,-0.00023526263733704888,-0.0,0.0,0.0,0.0,1.0,0.0,0.0,0.38221341956379695,0.5989367919609617,0.5012726819797072,0.2109518049635549,0.19023079403809084,0.2922206899319512,0.0788913307938564,0.11102065800883833,0.1443936471892483,0.0,0.0,0.0,0.0,1.0,0.0,0.0
2024-10-13 07:46:03.376001,1.0,1.0,1.0,1.0,1.0,1.0,1.0,899898.0,0.08518582884143347,0.031211353204542464,0.050523081967037,0.018688123647942947,0.026170787978491077,0.02023348417248137,-1.907534897327423e-05,0.00013352744281291964,-0.00021618728836377465,-0.0,0.0,0.0,0.0,1.0,0.0,0.0,0.3821517035557502,0.5958749063602405,0.5038556765882362,0.21773706662758469,0.19024370484770414,0.2948478679779446,0.08160515243250788,0.11062653295516774,0.1465981115928158,0.0,0.0,0.0,0.0,1.0,0.0,0.0
2024-10-13 07:46:03.459927,1.0,1.0,1.0,1.0,1.0,1.0,1.0,899899.0,0.08451047107559288,0.03146071551579092,0.050984958244254856,0.019098900711587104,0.026392265450275895,0.020471813758848174,-1.907534897327424e-05,0.0001367066676417987,-0.00020982883870601657,-0.0,0.0,0.0,0.0,1.0,0.0,0.0,0.38409796387665096,0.5933662240518672,0.5054424260528243,0.21860071109677945,0.1872293804936614,0.3002259550415082,0.08235730403994018,0.10864295739202577,0.1500873865383398,0.0,0.0,0.0,0.0,1.0,0.0,0.0
2024-10-13 07:46:03.462928,1.0,1.0,1.0,1.0,1.0,1.0,1.0,899900.0,0.08373640758671476,0.03170811682633252,0.050677508456461864,0.019250682441991743,0.026244821472867705,0.020707400498272993,-2.2254573802153274e-05,0.00013352744281291964,-0.0001780365904172262,-0.0,0.0,0.0,0.0,1.0,0.0,0.0,0.3825347118885168,0.5894344165602847,0.5084905079535614,0.222365408595093,0.18876298984582174,0.30167178280690576,0.08340079627821892,0.1090145986817445,0.1516514936636429,0.0,0.0,0.0,0.0,1.0,0.0,0.0
2024-10-13 07:46:03.544672,1.0,1.0,1.0,1.0,1.0,1.0,1.0,899901.0,0.08320593124725595,0.031871984154482245,0.05088268139452947,0.01979726201988583,0.025910004937642474,0.020847474702880044,-1.589612414439519e-05,0.00013352744281291964,-0.00019711193939050042,-0.0,0.0,0.0,0.0,1.0,0.0,0.0,0.38289012740753287,0.5845857121609758,0.5093837797624182,0.22347369712259024,0.18966989960993613,0.29908915460362506,0.08394726970158291,0.10842196552116597,0.1505730762108088,0.0,0.0,0.0,0.0,1.0,0.0,0.0
2024-10-13 07:46:03.547672,1.0,1.0,1.0,1.0,1.0,1.0,1.0,899902.0,0.0836741731614792,0.03146071551579092,0.050984958244254856,0.02004077993250076,0.026059343378600053,0.020566372293249237,-4.450914760430655e-05,0.00014306511729955676,-0.0001875742649038633,-0.0,0.0,0.0,0.0,1.0,0.0,0.0,0.38330675326267355,0.5804578372936139,0.5117710873098457,0.22463530600276554,0.19216020608301498,0.2990234686389513,0.08448844441689876,0.10907347111295072,0.1512919300640148,0.0,0.0,0.0,0.0,1.0,0.0,0.0
2024-10-13 07:46:03.630318,1.0,1.0,1.0,1.0,1.0,1.0,1.0,899903.0,0.0828294318892493,0.031211353204542467,0.05072887948684035,0.01964970273038926,0.025910004937642474,0.02061348890091903,-6.676372140645982e-05,0.00014624434212843582,-0.00020029116421937945,-0.0,0.0,0.0,0.0,1.0,0.0,0.0,0.38594631260213463,0.5791849573628091,0.5132745724399256,0.22768376207981403,0.186544561703406,0.30141480614176397,0.08617802578984636,0.10513079917678436,0.15301260139616862,0.0,0.0,0.0,0.0,1.0,0.0,0.0
2024-10-13 07:46:03.712828,1.0,1.0,1.0,1.0,1.0,1.0,1.0,899904.0,0.0822931092272643,0.03137781493555469,0.05139203024062462,0.019943729580380914,0.025532837723818223,0.020660498058664857,-0.0001144520938396454,0.00012716899315516158,-0.00020664961387713754,-0.0,0.0,0.0,0.0,1.0,0.0,0.0,0.38950898384795796,0.5782096847247878,0.5132014282070456,0.23003075932267145,0.18220328501073574,0.3002005051400784,0.08781850580154797,0.10227203053841151,0.15227433576808153,0.0,0.0,0.0,0.0,1.0,0.0,0.0
2024-10-13 07:46:03.715823,1.0,1.0,1.0,1.0,1.0,1.0,1.0,899905.0,0.08203950890397618,0.03179015607555206,0.051290565126366656,0.020185480583683704,0.025835012001953723,0.021124836890965972,-0.00012398976832628253,0.00011445209383964543,-0.00019711193939050045,-0.0,0.0,0.0,0.0,1.0,0.0,0.0,0.3907763515029132,0.5779813824037138,0.51262815774074,0.23070665621184805,0.17843024090002216,0.2999887521676101,0.08831075577921937,0.10013378316415028,0.15202670527330833,0.0,0.0,0.0,0.0,1.0,0.0,0.0
2024-10-13 07:46:03.798393,1.0,1.0,1.0,1.0,1.0,1.0,1.0,899906.0,0.08203950890397618,0.032035013270089084,0.05088268139452947,0.020281374142839443,0.025684369248357337,0.020847474702880044,-0.00010491441935300831,0.00010173519452412927,-0.00020347038904825854,-0.0,0.0,0.0,0.0,1.0,0.0,0.0,0.3907763515029132,0.5782367124399419,0.5138653053381584,0.23100268706583013,0.17393423172066974,0.2998096118708038,0.08839376887197346,0.09730555358755957,0.15221618034459136,0.0,0.0,0.0,0.0,1.0,0.0,0.0
2024-10-13 07:46:03.801397,1.0,1.0,1.0,1.0,1.0,1.0,1.0,899907.0,0.08207125179891674,0.031625864763461305,0.05072887948684035,0.020566372293249237,0.026244821472867705,0.020986614009376788,-0.00015260279178619393,0.00011763131866852446,-0.0001684989159305891,-0.0,0.0,0.0,0.0,1.0,0.0,0.0,0.3912112111469789,0.5785279488723782,0.5134085894496241,0.22813142200036465,0.17602239153793442,0.30032569067976644,0.08735707664235648,0.09856839131241171,0.152174627539652,0.0,0.0,0.0,0.0,1.0,0.0,0.0
2024-10-13 07:46:03.883445,1.0,1.0,1.0,1.0,1.0,1.0,1.0,899908.0,0.08184879301121024,0.03170811682633252,0.05078019854850884,0.020185480583683704,0.026096544458751023,0.021032789233536103,-0.00013352744281291964,0.00013352744281291964,-0.0001907534897327424,-0.0,0.0,0.0,0.0,1.0,0.0,0.0,0.39115794370305357,0.5789020443903711,0.5124715092647782,0.22592624049506105,0.1764826540906116,0.3037681251581523,0.08659997957407925,0.09888473679885672,0.15365551971665634,0.0,0.0,0.0,0.0,1.0,0.0,0.0
2024-10-13 07:46:03.886444,1.0,1.0,1.0,1.0,1.0,1.0,1.0,899909.0,0.0821981007954784,0.03179015607555206,0.050984958244254856,0.01974819809806028,0.026022089115979988,0.020754196943260868,-0.00015260279178619387,0.0001398858924706777,-0.00018757426490386333,-0.0,0.0,0.0,0.0,1.0,0.0,0.0,0.3916659086779437,0.5805475759042421,0.5127644400762087,0.22746185272246428,0.177255553502031,0.3034002191506785,0.0875026144900785,0.09909529736391223,0.15353409519587718,0.0,0.0,0.0,0.0,1.0,0.0,0.0
2024-10-13 07:46:03.968195,1.0,1.0,1.0,1.0,1.0,1.0,1.0,899910.0,0.08311196630339256,0.0316258647634613,0.05072887948684035,0.01969901197411813,0.026207830867489117,0.020707400498272993,-0.00011445209383964543,0.00015260279178619387,-0.00021300806353489565,-0.0,0.0,0.0,0.0,1.0,0.0,0.0,0.3935985791459277,0.5828324006820819,0.5127949172042187,0.22512590000842644,0.17719790340346384,0.301473101080188,0.08711510230815846,0.09935144784480093,0.15240970934806358,0.0,0.0,0.0,0.0,1.0,0.0,0.0
2024-10-13 07:46:04.052658,1.0,1.0,1.0,1.0,1.0,1.0,1.0,899911.0,0.08386073788174567,0.0316258647634613,0.050523081967037,0.019600269437660415,0.02672103991000101,0.020754196943260868,-0.00010809364418188734,0.00013034821798404061,-0.0001907534897327424,-0.0,0.0,0.0,0.0,1.0,0.0,0.0,0.3948000444481584,0.5837454118696624,0.5138450297781777,0.22441038218423578,0.17984035654059538,0.3021625900889927,0.0870805723940448,0.10097556283874909,0.15297157425671026,0.0,0.0,0.0,0.0,1.0,0.0,0.0
2024-10-13 07:46:04.056658,1.0,1.0,1.0,1.0,1.0,1.0,1.0,899912.0,0.08308062103872751,0.031871984154482245,0.05083146579886898,0.01974819809806028,0.02672103991000101,0.020800888109007293,-2.5433798631032317e-05,0.00012081054349740349,-0.0001843950400749843,-0.0,0.0,0.0,0.0,1.0,0.0,0.0,0.3935985791459277,0.5864137368378342,0.5140945566045813,0.22432726898953748,0.18036019881234938,0.30072757961670055,0.08680830711217163,0.10197658130616583,0.1521704222158043,0.0,0.0,0.0,0.0,1.0,0.0,0.0
2024-10-13 07:46:04.137050,1.0,1.0,1.0,1.0,1.0,1.0,1.0,899913.0,0.08339354350629749,0.032278013060311,0.0509338454913116,0.01964970273038926,0.02679355304171941,0.02061348890091903,-1.907534897327424e-05,0.00012081054349740349,-0.00018121581524610522,-0.0,0.0,0.0,0.0,1.0,0.0,0.0,0.3923067638321915,0.5876532305618601,0.514998338773224,0.22235353186624804,0.18326681967508943,0.2987154515392353,0.08583272664870979,0.10445688341421512,0.15155395117699494,0.0,0.0,0.0,0.0,1.0,0.0,0.0
2024-10-13 07:46:04.141051,1.0,1.0,1.0,1.0,1.0,1.0,1.0,899914.0,0.08320593124725595,0.03235860747555765,0.05118889889136945,0.019550711154970875,0.02700992441274364,0.020707400498272993,-2.2254573802153274e-05,0.00013352744281291964,-0.00020029116421937945,-0.0,0.0,0.0,0.0,1.0,0.0,0.0,0.3901871314994678,0.5879319324767099,0.5157145803092451,0.21609197020159576,0.1847159418564586,0.29954331807123236,0.08298732042686303,0.10545437782024747,0.15234710469194254,0.0,0.0,0.0,0.0,1.0,0.0,0.0
2024-10-13 07:46:04.223050,1.0,1.0,1.0,1.0,1.0,1.0,1.0,899915.0,0.08354956523953175,0.03275860544857268,0.05139203024062462,0.019098900711587104,0.027224576194402335,0.02061348890091903,-4.7688372433185584e-05,0.0001716781407594681,-0.00020029116421937945,-0.0,0.0,0.0,0.0,1.0,0.0,0.0,0.38779928477171205,0.5874029849310409,0.5171340140147334,0.21137039253267045,0.18770756445856135,0.2988786321998391,0.08064290705096715,0.1071070301418263,0.15260535362943123,0.0,0.0,0.0,0.0,1.0,0.0,0.0
2024-10-13 07:46:04.307193,1.0,1.0,1.0,1.0,1.0,1.0,1.0,899916.0,0.08345598720168583,0.03315377782566108,0.05139203024062462,0.018636139893149068,0.02697398304697218,0.020660498058664857,-4.132992277542751e-05,0.0001780365904172262,-0.00021300806353489565,-0.0,0.0,0.0,0.0,1.0,0.0,0.0,0.3884126182758128,0.5868824370240313,0.5177446194330756,0.21057513256186144,0.1890629167449025,0.29936757191471763,0.08051503156340559,0.10808228259002801,0.15312536715514535,0.0,0.0,0.0,0.0,1.0,0.0,0.0
2024-10-13 07:46:04.310193,1.0,1.0,1.0,1.0,1.0,1.0,1.0,899917.0,0.08354956523953175,0.033388636330645795,0.0518963802071913,0.018108096434446105,0.02700992441274364,0.020566372293249237,-4.76883724331856e-05,0.00016849891593058908,-0.00021618728836377468,-0.0,0.0,0.0,0.0,1.0,0.0,0.0,0.3875226879400554,0.5860642011162984,0.518177407708001,0.21486386629480866,0.18776957373155628,0.3026430359157355,0.08174830586160824,0.10691402259851117,0.1548770653666477,0.0,0.0,0.0,0.0,1.0,0.0,0.0
2024-10-13 07:46:04.391204,1.0,1.0,1.0,1.0,1.0,1.0,1.0,899918.0,0.08370529615796608,0.033388636330645795,0.05179590309414578,0.018426738416276855,0.026611899740163612,0.02061348890091903,-8.583907037973405e-05,0.00015578201661507293,-0.00022254573802153277,-0.0,0.0,0.0,0.0,1.0,0.0,0.0,0.3879611945819366,0.5871427686658343,0.5169384231660096,0.2153729655999831,0.1836753731951513,0.29566439438642494,0.08196687756859368,0.10443022166102058,0.15080133698393938,0.0,0.0,0.0,0.0,1.0,0.0,0.0
2024-10-13 07:46:04.394204,1.0,1.0,1.0,1.0,1.0,1.0,1.0,899919.0,0.08254593043497248,0.03331053415039321,0.05067750845646186,0.018791659751293096,0.026611899740163612,0.021032789233536103,-9.219752003749215e-05,0.00014942356695731485,-0.0002511587614814441,-0.0,0.0,0.0,0.0,1.0,0.0,0.0,0.3871580699152326,0.5862715851307934,0.5149296145309769,0.21599417847586255,0.183397570740017,0.29123421627550306,0.08200352696592658,0.10446715071238938,0.14779596024292524,0.0,0.0,0.0,0.0,1.0,0.0,0.0
2024-10-13 07:46:04.477515,1.0,1.0,1.0,1.0,1.0,1.0,1.0,899920.0,0.08178512221743464,0.03346655624135427,0.051493295423040195,0.018531734926591673,0.02657542007977932,0.020424370325990055,-0.00012716899315516158,0.00013352744281291964,-0.00024480031182368605,-0.0,0.0,0.0,0.0,1.0,0.0,0.0,0.38590581766458376,0.5856324167498898,0.514567054730065,0.21429697752168148,0.18473974104253796,0.2892721685568097,0.08104799328124683,0.10524923581496975,0.14667049783220668,0.0,0.0,0.0,0.0,1.0,0.0,0.0
2024-10-13 07:46:04.559322,1.0,1.0,1.0,1.0,1.0,1.0,1.0,899921.0,0.08152994180689606,0.03315377782566108,0.05199666316101998,0.01826811217861732,0.026022089115979988,0.020089129290905252,-0.00011127286901076638,0.0001367066676417987,-0.0002638756607969603,-0.0,0.0,0.0,0.0,1.0,0.0,0.0,0.3842478762269347,0.5845055060059865,0.512528624553489,0.21283453699941376,0.1778147247749158,0.28728237459804495,0.08005298422160849,0.10046361091885107,0.14521330265508428,0.0,0.0,0.0,0.0,1.0,0.0,0.0
2024-10-13 07:46:04.563320,1.0,1.0,1.0,1.0,1.0,1.0,1.0,899922.0,0.08178512221743464,0.03299627680272549,0.05144268774946429,0.01783821402664203,0.026022089115979988,0.020281374142839443,-0.00015260279178619387,0.0001367066676417987,-0.00027977178494135546,-0.0,0.0,0.0,0.0,1.0,0.0,0.0,0.38659664915665287,0.5827887081118103,0.5115899325379246,0.22180991666868358,0.17514199097525743,0.28659939050773403,0.08378247988128601,0.09813401920685648,0.14454211194236832,0.0,0.0,0.0,0.0,1.0,0.0,0.0
2024-10-13 07:46:04.644764,1.0,1.0,1.0,1.0,1.0,1.0,1.0,899923.0,0.08235638729061436,0.033075121065200774,0.051846165991071586,0.018108096434446105,0.025722112647481858,0.020329151297720685,-9.53767448663712e-05,0.0001367066676417987,-0.0002765925601124764,-0.0,0.0,0.0,0.0,1.0,0.0,0.0,0.387043308599069,0.5806313372288674,0.5098729688463297,0.22159088106782412,0.17462067965053066,0.2856516822993941,0.08378786690113493,0.09742224922167196,0.14349512507997214,0.0,0.0,0.0,0.0,1.0,0.0,0.0
2024-10-13 07:46:04.647704,1.0,1.0,1.0,1.0,1.0,1.0,1.0,899924.0,0.08226145194229703,0.03299627680272549,0.05103601980762234,0.017729110776706317,0.025947420126718565,0.020376816430674367,-6.676372140645984e-05,0.0001367066676417987,-0.0002511587614814441,-0.0,0.0,0.0,0.0,1.0,0.0,0.0,0.38799513484448483,0.5795945815941638,0.5068332010982155,0.22143102594631253,0.17385866747644974,0.28462584377308425,0.08379775782282478,0.09663881421013644,0.14205707674232843,0.0,0.0,0.0,0.0,1.0,0.0,0.0
2024-10-13 07:46:04.730404,1.0,1.0,1.0,1.0,1.0,1.0,1.0,899925.0,0.08188060984157083,0.03267899754122895,0.050831465798868984,0.01826811217861732,0.02526547079878701,0.020754196943260868,-3.1792248288790396e-05,0.00013034821798404061,-0.00024797953665256506,-0.0,0.0,0.0,0.0,1.0,0.0,0.0,0.3890926767820059,0.5777900627652854,0.5047614099927243,0.22466649429401175,0.17235503337548003,0.2844438492871834,0.08523697524049817,0.09547241717708414,0.1413275161346061,0.0,0.0,0.0,0.0,1.0,0.0,0.0
2024-10-13 07:46:04.734404,1.0,1.0,1.0,1.0,1.0,1.0,1.0,899926.0,0.0813060019714818,0.03267899754122895,0.05093384549131161,0.018426738416276855,0.025342149186916324,0.020754196943260868,-6.0405271748701756e-05,0.0001208105434974035,-0.0002257249628504118,-0.0,0.0,0.0,0.0,1.0,0.0,0.0,0.3895765917266618,0.576547435511751,0.5042323339591099,0.22560826059192132,0.17103945823418884,0.2848771091946393,0.08562236793919895,0.09431441186776995,0.14133170463715844,0.0,0.0,0.0,0.0,1.0,0.0,0.0
2024-10-13 07:46:04.814814,1.0,1.0,1.0,1.0,1.0,1.0,1.0,899927.0,0.08098501373853388,0.033075121065200774,0.05072887948684035,0.018843214470258284,0.024839508966216593,0.021124836890965972,-8.901829520861311e-05,0.0001367066676417987,-0.0002511587614814441,-0.0,0.0,0.0,0.0,1.0,0.0,0.0,0.39117126124406487,0.5768766564331933,0.5021394379960203,0.22713866688899945,0.16998351130870928,0.2787479960948493,0.08655158470723966,0.09380626156063028,0.13786654722390113,0.0,0.0,0.0,0.0,1.0,0.0,0.0
2024-10-13 07:46:04.897747,1.0,1.0,1.0,1.0,1.0,1.0,1.0,899928.0,0.08111356146029437,0.033075121065200774,0.050677508456461864,0.018426738416276855,0.024995244090384144,0.020940336965168154,-4.132992277542751e-05,0.00011763131866852446,-0.000241621086994807,-0.0,0.0,0.0,0.0,1.0,0.0,0.0,0.3919192750572619,0.5756230075328241,0.5010210604135129,0.22597609312678402,0.1739195420642544,0.27799259368626633,0.08622951156971403,0.09583530087988998,0.1372251217933794,0.0,0.0,0.0,0.0,1.0,0.0,0.0
2024-10-13 07:46:04.901686,1.0,1.0,1.0,1.0,1.0,1.0,1.0,899929.0,0.08168952297702502,0.03331053415039321,0.05103601980762234,0.018584010728398753,0.02468279125681748,0.020800888109007293,-1.9075348973274234e-05,0.00013034821798404061,-0.00021936651319265374,-0.0,0.0,0.0,0.0,1.0,0.0,0.0,0.3920193207347215,0.576638792427321,0.5011271693705417,0.2241118961857532,0.17538161992636672,0.28159484834033643,0.08547665346787532,0.09672811005671901,0.13905635950013756,0.0,0.0,0.0,0.0,1.0,0.0,0.0
2024-10-13 07:46:04.983846,1.0,1.0,1.0,1.0,1.0,1.0,1.0,899930.0,0.08181696380798012,0.03283802036619844,0.05134132274900665,0.018426738416276855,0.024800422381866246,0.02144389239891845,-3.1792248288790362e-06,0.00013034821798404061,-0.00023844186216592797,-0.0,0.0,0.0,0.0,1.0,0.0,0.0,0.3928858071954598,0.5772147146263474,0.5003046081899136,0.2261784915566392,0.17263026053352118,0.28434112439025844,0.08642750662711256,0.09496484930729736,0.1402809245726516,0.0,0.0,0.0,0.0,1.0,0.0,0.0
2024-10-13 07:46:04.986846,1.0,1.0,1.0,1.0,1.0,1.0,1.0,899931.0,0.08203950890397618,0.033544295152698266,0.05154385340814266,0.018739963202861063,0.024956401418756297,0.021534182871517486,9.537674486637124e-06,0.0001367066676417987,-0.0002511587614814441,-0.0,0.0,0.0,0.0,1.0,0.0,0.0,0.39265959908969505,0.5784649139901077,0.5014141945416682,0.22697583287292683,0.17971877058213753,0.2890939691250882,0.08678976163400316,0.09986136438795666,0.1428877922098839,0.0,0.0,0.0,0.0,1.0,0.0,0.0
2024-10-13 07:46:05.068187,1.0,1.0,1.0,1.0,1.0,1.0,1.0,899932.0,0.08241961677193653,0.033853465699005894,0.051493295423040195,0.018739963202861063,0.02507274890923307,0.02166891317152994,1.5896124144395205e-05,0.0001367066676417987,-0.000241621086994807,-0.0,0.0,0.0,0.0,1.0,0.0,0.0,0.39066894996534,0.5790940021261632,0.5008378334192164,0.22115362127691912,0.18327284831392007,0.29533772797637015,0.08430316625881576,0.10222375972862542,0.14592336738144857,0.0,0.0,0.0,0.0,1.0,0.0,0.0
2024-10-13 07:46:05.152000,1.0,1.0,1.0,1.0,1.0,1.0,1.0,899933.0,0.08229310922726428,0.03346655624135427,0.05083146579886899,0.019048038036167402,0.02526547079878701,0.02144389239891845,9.537674486637122e-06,0.00011763131866852446,-0.00022890418767929085,-0.0,0.0,0.0,0.0,1.0,0.0,0.0,0.3890714778140049,0.5807579324590666,0.5012852185045339,0.2234616381113467,0.18446020929656692,0.29144819111131387,0.08477086555586417,0.10320918275255286,0.1440352064110876,0.0,0.0,0.0,0.0,1.0,0.0,0.0
2024-10-13 07:46:05.156001,1.0,1.0,1.0,1.0,1.0,1.0,1.0,899934.0,0.08251437014690051,0.033310534150393215,0.050626085299173146,0.019250682441991743,0.02507274890923307,0.021579186437577745,1.2716899315516164e-05,0.00011127286901076638,-0.00023844186216592797,-0.0,0.0,0.0,0.0,1.0,0.0,0.0,0.38784592471177526,0.5830687366121515,0.5020314018034827,0.2253434129289672,0.18531184655060845,0.28997856978118014,0.08535239876414664,0.10435417048189642,0.14352162282553665,0.0,0.0,0.0,0.0,1.0,0.0,0.0
2024-10-13 07:46:05.236748,1.0,1.0,1.0,1.0,1.0,1.0,1.0,899935.0,0.08232475433869242,0.03283802036619844,0.050626085299173146,0.019048038036167402,0.025380401509347835,0.021307739324598604,-9.53767448663711e-06,0.00010809364418188733,-0.00025751721113920217,-0.0,0.0,0.0,0.0,1.0,0.0,0.0,0.3881696378898223,0.586054318817517,0.5011999309559312,0.22541443601503747,0.18432235215390064,0.29107179351501605,0.08558916270209732,0.10444380906237256,0.1438028412418816,0.0,0.0,0.0,0.0,1.0,0.0,0.0
2024-10-13 07:46:05.240747,1.0,1.0,1.0,1.0,1.0,1.0,1.0,899936.0,0.08254593043497248,0.032519197084621136,0.05118889889136944,0.019048038036167402,0.025608715566353565,0.021579186437577745,-1.271689931551615e-05,0.00010809364418188734,-0.0002670548856258393,-0.0,0.0,0.0,0.0,1.0,0.0,0.0,0.38763656073791886,0.5878600540022079,0.5007087089189912,0.22559201535895673,0.1871507848772344,0.28733895465879933,0.08562113157398772,0.10628513744370335,0.14178436149080356,0.0,0.0,0.0,0.0,1.0,0.0,0.0
2024-10-13 07:46:05.322600,1.0,1.0,1.0,1.0,1.0,1.0,1.0,899937.0,0.08276651548678711,0.031953602685443394,0.05134132274900665,0.01914962829286367,0.025608715566353565,0.021398604296836984,1.58961241443952e-05,0.00010173519452412925,-0.00027977178494135546,-0.0,0.0,0.0,0.0,1.0,0.0,0.0,0.3857899336704623,0.5883708832095945,0.5000794522644896,0.22781581031854356,0.19169107454185222,0.2846399370177714,0.08598276839827272,0.10926405849239147,0.14036296623559683,0.0,0.0,0.0,0.0,1.0,0.0,0.0
2024-10-13 07:46:05.326600,1.0,1.0,1.0,1.0,1.0,1.0,1.0,899938.0,0.08273503934361162,0.0319536026854434,0.05139203024062462,0.01979726201988583,0.025910004937642474,0.02202416493185523,-2.2254573802153277e-05,0.0001367066676417987,-0.0002861302345991135,-0.0,0.0,0.0,0.0,1.0,0.0,0.0,0.3848533336870805,0.5907400940531387,0.49968311676143745,0.23127783281137482,0.19432337519397128,0.28692167606166274,0.08707280095557422,0.111367639279514,0.14144711133951152,0.0,0.0,0.0,0.0,1.0,0.0,0.0
2024-10-13 07:46:05.407602,1.0,1.0,1.0,1.0,1.0,1.0,1.0,899939.0,0.08267205110506058,0.03179015607555206,0.051644820896497606,0.019600269437660415,0.026318646714264433,0.021847261143915334,-2.5433798631032317e-05,0.00013034821798404061,-0.00029566790908575063,-0.0,0.0,0.0,0.0,1.0,0.0,0.0,0.3853831265764611,0.5907224570975517,0.4973320568459381,0.2317611099139567,0.1951329763924291,0.2860276214742073,0.08734674416166263,0.1119157380605451,0.1404424804989096,0.0,0.0,0.0,0.0,1.0,0.0,0.0
2024-10-13 07:46:05.490611,1.0,1.0,1.0,1.0,1.0,1.0,1.0,899940.0,0.08273503934361162,0.03243900165530412,0.050984958244254856,0.019501026929403496,0.026428997918226275,0.021579186437577745,4.6259292692714854e-21,0.00013034821798404061,-0.00027023411045471834,-0.0,0.0,0.0,0.0,1.0,0.0,0.0,0.3867859999711552,0.5909007737286297,0.49571717909701024,0.23062067075060505,0.1975953277657748,0.2877923094195005,0.0873014402078511,0.11378641539700918,0.14084303339008142,0.0,0.0,0.0,0.0,1.0,0.0,0.0
2024-10-13 07:46:05.494610,1.0,1.0,1.0,1.0,1.0,1.0,1.0,899941.0,0.08188060984157083,0.031871984154482245,0.050523081967037,0.019600269437660415,0.026865870455412305,0.022155915847396346,-6.938893903907229e-21,0.00013670666764179867,-0.0002734133352835974,-0.0,0.0,0.0,0.0,1.0,0.0,0.0,0.38744127638123554,0.5900527963926849,0.49340219156300774,0.2338882477418649,0.19322117591527,0.2830377460331544,0.08863300554034662,0.11092157006567634,0.1378868925806764,0.0,0.0,0.0,0.0,1.0,0.0,0.0
2024-10-13 07:46:05.576350,1.0,1.0,1.0,1.0,1.0,1.0,1.0,899942.0,0.08114566657196526,0.031211353204542467,0.05021280421998249,0.01999231364647781,0.02697398304697218,0.02193589137049136,-1.5896124144395205e-05,0.00011445209383964543,-0.0002734133352835974,-0.0,0.0,0.0,0.0,1.0,0.0,0.0,0.38867517921236866,0.5900881098072662,0.49323943712829144,0.23650061485928964,0.1907734325189054,0.2806786697983696,0.08991714743581133,0.10942864225181982,0.1368567900935288,0.0,0.0,0.0,0.0,1.0,0.0,0.0
2024-10-13 07:46:05.580350,1.0,1.0,1.0,1.0,1.0,1.0,1.0,899943.0,0.0805981404413478,0.031127788521240873,0.050523081967037,0.01964970273038926,0.02708166404617134,0.022546549742941794,-3.1792248288790523e-06,0.00012398976832628253,-0.00029248868425687163,-0.0,0.0,0.0,0.0,1.0,0.0,0.0,0.39064931821709753,0.5895247640996732,0.49128436635295986,0.2354076385293178,0.19069114966753986,0.2840240883891169,0.08996086177720841,0.10926798416220332,0.13803709413254553,0.0,0.0,0.0,0.0,1.0,0.0,0.0
2024-10-13 07:46:05.661499,1.0,1.0,1.0,1.0,1.0,1.0,1.0,899944.0,0.08072730421081617,0.03053643338331834,0.050984958244254856,0.01979726201988583,0.026865870455412305,0.022460329351623145,-2.3129646346357427e-21,0.00012398976832628253,-0.0002861302345991135,-0.0,0.0,0.0,0.0,1.0,0.0,0.0,0.3908570684000648,0.5880471072476459,0.4917955946600248,0.2336203291000836,0.1909526835483672,0.2853221155604509,0.08920349977352877,0.10917661719362574,0.13880737489108538,0.0,0.0,0.0,0.0,1.0,0.0,0.0
2024-10-13 07:46:05.745251,1.0,1.0,1.0,1.0,1.0,1.0,1.0,899945.0,0.08098501373853388,0.030875737502386418,0.050677508456461864,0.01974819809806028,0.026937993727346517,0.02206816930126611,6.358449657758066e-06,0.00011763131866852444,-0.00026069643596808123,-0.0,0.0,0.0,0.0,1.0,0.0,0.0,0.3898988680226526,0.5867729347026508,0.4916534999661902,0.2367104079424243,0.18931385530409156,0.28090540896847005,0.09012635809191173,0.10788366304203811,0.1365827417543442,0.0,0.0,0.0,0.0,1.0,0.0,0.0
2024-10-13 07:46:05.748252,1.0,1.0,1.0,1.0,1.0,1.0,1.0,899946.0,0.08088846888354172,0.031127788521240877,0.050626085299173146,0.019895026871345974,0.027045818015839475,0.021980072465344138,9.537674486637107e-06,0.00011127286901076638,-0.00027023411045471834,-0.0,0.0,0.0,0.0,1.0,0.0,0.0,0.3887768041182588,0.5853961211816446,0.4902262396281137,0.23339043976143364,0.18857449201234475,0.28120658556950523,0.08846697935483848,0.10763964702311203,0.13631821426835086,0.0,0.0,0.0,0.0,1.0,0.0,0.0
2024-10-13 07:46:05.830296,1.0,1.0,1.0,1.0,1.0,1.0,1.0,899947.0,0.08117775898633917,0.030875737502386418,0.05072887948684035,0.019451215795870915,0.02718891858094095,0.021758269893602942,1.2716899315516145e-05,9.855596969525022e-05,-0.00027023411045471834,-0.0,0.0,0.0,0.0,1.0,0.0,0.0,0.3889249129988045,0.5836373162671123,0.4907704151921879,0.22743886788182124,0.18593477467310032,0.28473496479847143,0.08645046769532115,0.10573487502355257,0.13827273104370505,0.0,0.0,0.0,0.0,1.0,0.0,0.0
2024-10-13 07:46:05.833299,1.0,1.0,1.0,1.0,1.0,1.0,1.0,899948.0,0.08162572794739831,0.031127788521240877,0.050626085299173146,0.018479311243270825,0.02708166404617134,0.021124836890965972,6.994294623533886e-05,9.855596969525022e-05,-0.00026069643596808123,-0.0,0.0,0.0,0.0,1.0,0.0,0.0,0.38916035698472656,0.5797493647976033,0.4902687434713798,0.22893844108614964,0.18208503172960652,0.28522093973680024,0.08710450489206219,0.10292169840367477,0.13840128779372995,0.0,0.0,0.0,0.0,1.0,0.0,0.0
2024-10-13 07:46:05.914688,1.0,1.0,1.0,1.0,1.0,1.0,1.0,899949.0,0.08124190578337873,0.03137781493555469,0.05041986820864096,0.018636139893149068,0.026757321039963047,0.021398604296836984,8.583907037973405e-05,0.00010173519452412927,-0.00024797953665256506,-0.0,0.0,0.0,0.0,1.0,0.0,0.0,0.38673923220641304,0.5783288093069239,0.49153474793170293,0.233990999074742,0.17830852102805292,0.28709663792421464,0.08851254824405243,0.10045012865059527,0.139678848357373,0.0,0.0,0.0,0.0,1.0,0.0,0.0
2024-10-13 07:46:05.998663,1.0,1.0,1.0,1.0,1.0,1.0,1.0,899950.0,0.08165763169219574,0.031127788521240877,0.050368182015446177,0.019048038036167402,0.026829736114304472,0.021624096343466504,7.948062072197598e-05,9.537674486637117e-05,-0.00024480031182368605,-0.0,0.0,0.0,0.0,1.0,0.0,0.0,0.386251762496471,0.577480412840679,0.49046654026559544,0.23665006308394565,0.17786983026645845,0.28757061660776173,0.08948751052490865,0.1000968730367388,0.13968358775734935,0.0,0.0,0.0,0.0,1.0,0.0,0.0
2024-10-13 07:46:06.002559,1.0,1.0,1.0,1.0,1.0,1.0,1.0,899951.0,0.08207125179891674,0.030959982508907836,0.05016090466686863,0.018636139893149068,0.02679355304171941,0.021170710640734267,5.72260469198227e-05,7.312217106421791e-05,-0.00023208341250816988,-0.0,0.0,0.0,0.0,1.0,0.0,0.0,0.3880764302136302,0.5788120506577579,0.4893853564571094,0.2356074248895679,0.17692548072194916,0.28900632454698827,0.0895774119381253,0.09974742954895026,0.14003768864129926,0.0,0.0,0.0,0.0,1.0,0.0,0.0
2024-10-13 07:46:06.083706,1.0,1.0,1.0,1.0,1.0,1.0,1.0,899952.0,0.08267205110506057,0.03137781493555469,0.0503164427290474,0.018426738416276855,0.02672103991000101,0.02126216122037606,7.312217106421791e-05,9.219752003749215e-05,-0.0002352626373370489,-0.0,0.0,0.0,0.0,1.0,0.0,0.0,0.3893484609999302,0.5805585548744097,0.48811597946196494,0.23695026895746463,0.17618724044195846,0.28755880009042384,0.09033159471697604,0.09997151233283814,0.13890440853354774,0.0,0.0,0.0,0.0,1.0,0.0,0.0
2024-10-13 07:46:06.087219,1.0,1.0,1.0,1.0,1.0,1.0,1.0,899953.0,0.08339354350629749,0.03154339822214999,0.05041986820864096,0.01805444269744756,0.026318646714264433,0.021078863306785177,2.2254573802153274e-05,8.265984555085504e-05,-0.000241621086994807,-0.0,0.0,0.0,0.0,1.0,0.0,0.0,0.3883123886572598,0.5811126638479471,0.4883999849625105,0.23651360419816733,0.17368935520027334,0.28837619888384763,0.08985453436904257,0.09857176818746143,0.13921623750218032,0.0,0.0,0.0,0.0,1.0,0.0,0.0
2024-10-13 07:46:06.168786,1.0,1.0,1.0,1.0,1.0,1.0,1.0,899954.0,0.08329979019559357,0.031871984154482245,0.049796093245850395,0.01794665401649714,0.02715321414192533,0.021353220143313936,9.53767448663712e-06,6.994294623533886e-05,-0.00023844186216592797,-0.0,0.0,0.0,0.0,1.0,0.0,0.0,0.3889249129988045,0.5815935921214503,0.486401834188868,0.2399298723316698,0.17465120354641894,0.2848443954146028,0.09157246383004768,0.09918182821006492,0.13693913033446725,0.0,0.0,0.0,0.0,1.0,0.0,0.0
2024-10-13 07:46:06.172155,1.0,1.0,1.0,1.0,1.0,1.0,1.0,899955.0,0.08329979019559357,0.03170811682633252,0.05041986820864096,0.018108096434446105,0.026829736114304472,0.021624096343466504,4.76883724331856e-05,7.312217106421791e-05,-0.0002511587614814441,-0.0,0.0,0.0,0.0,1.0,0.0,0.0,0.39001983848712635,0.5804408910450634,0.4860050633510301,0.23807895159212764,0.17494275607243528,0.28814860482745297,0.09113046326703268,0.0991438373144246,0.13843791195911978,0.0,0.0,0.0,0.0,1.0,0.0,0.0
2024-10-13 07:46:06.254792,1.0,1.0,1.0,1.0,1.0,1.0,1.0,899956.0,0.08370529615796608,0.031211353204542467,0.0505746098559697,0.017674306593723606,0.026757321039963047,0.021579186437577745,6.358449657758079e-05,9.537674486637117e-05,-0.00025751721113920217,-0.0,0.0,0.0,0.0,1.0,0.0,0.0,0.3906767283096894,0.5812849666531128,0.4863246482573735,0.2430632486017611,0.1727548521577519,0.2880223146822397,0.09338912588434965,0.09793033224363008,0.13846311025961533,0.0,0.0,0.0,0.0,1.0,0.0,0.0
2024-10-13 07:46:06.337012,1.0,1.0,1.0,1.0,1.0,1.0,1.0,899957.0,0.08311196630339256,0.031211353204542467,0.05010895135964307,0.0182149297886861,0.02668470945144587,0.021802810922600106,6.040527174870174e-05,0.00011763131866852446,-0.00023844186216592797,-0.0,0.0,0.0,0.0,1.0,0.0,0.0,0.39307985919645366,0.5821009713209729,0.4860823000300214,0.24300891709873765,0.17190458387236357,0.28633696276862963,0.09391537590532992,0.09744191541864583,0.1373463318426423,0.0,0.0,0.0,0.0,1.0,0.0,0.0
2024-10-13 07:46:06.342015,1.0,1.0,1.0,1.0,1.0,1.0,1.0,899958.0,0.08320593124725595,0.030451016619125065,0.050264650185492185,0.018894628520718087,0.02672103991000101,0.02202416493185523,5.404682209094367e-05,0.00011445209383964543,-0.00023208341250816988,-0.0,0.0,0.0,0.0,1.0,0.0,0.0,0.3946075717757191,0.5837206342278541,0.4860608655301652,0.23932056995762427,0.17527726550374886,0.2897380088887705,0.09273676661182383,0.09957141151397997,0.13901739296936455,0.0,0.0,0.0,0.0,1.0,0.0,0.0
2024-10-13 07:46:06.422956,1.0,1.0,1.0,1.0,1.0,1.0,1.0,899959.0,0.08320593124725595,0.03002028747297718,0.0499005972290978,0.018894628520718087,0.02715321414192533,0.021802810922600106,2.8613023459911357e-05,0.00010173519452412927,-0.0002352626373370489,-0.0,0.0,0.0,0.0,1.0,0.0,0.0,0.39645327709900796,0.5837206342278541,0.4860608655301652,0.24294436879208925,0.17862572966318283,0.2889882347217402,0.09451978187002015,0.10156085981187528,0.1385073797037603,0.0,0.0,0.0,0.0,1.0,0.0,0.0
2024-10-13 07:46:06.426956,1.0,1.0,1.0,1.0,1.0,1.0,1.0,899960.0,0.08232475433869244,0.030875737502386418,0.04953386870991793,0.018584010728398753,0.02708166404617134,0.02144389239891845,1.5896124144395198e-05,0.00010491441935300831,-0.00022890418767929085,-0.0,0.0,0.0,0.0,1.0,0.0,0.0,0.3972969819764392,0.5838197915979739,0.48606086553016525,0.2436912818149264,0.1803001393889792,0.28876488260701644,0.0949756473857611,0.10247650599985936,0.1382547070256937,0.0,0.0,0.0,0.0,1.0,0.0,0.0
2024-10-13 07:46:06.508388,1.0,1.0,1.0,1.0,1.0,1.0,1.0,899961.0,0.08149798807578165,0.031127788521240873,0.0499005972290978,0.019098900711587104,0.026757321039963047,0.02126216122037606,-3.1792248288790477e-06,0.00011127286901076638,-0.00020982883870601662,-0.0,0.0,0.0,0.0,1.0,0.0,0.0,0.397382564859379,0.5837474067841175,0.4881928821744029,0.2460165749440731,0.1832570375940834,0.28831012848955967,0.09592155508415341,0.10418955728520113,0.13874477023496432,0.0,0.0,0.0,0.0,1.0,0.0,0.0
2024-10-13 07:46:06.591110,1.0,1.0,1.0,1.0,1.0,1.0,1.0,899962.0,0.08114566657196526,0.03154339822214999,0.05026465018549218,0.018791659751293096,0.026355481787173698,0.021534182871517486,-9.53767448663712e-06,0.00013034821798404061,-0.00022890418767929085,-0.0,0.0,0.0,0.0,1.0,0.0,0.0,0.39757988152071294,0.5821735608451657,0.487348490610653,0.24713176596884578,0.1814850228207949,0.2898677129153051,0.0963959660780628,0.10189080531564382,0.1392201232214156,0.0,0.0,0.0,0.0,1.0,0.0,0.0
2024-10-13 07:46:06.594110,1.0,1.0,1.0,1.0,1.0,1.0,1.0,899963.0,0.07981876864089442,0.031625864763461305,0.05021280421998249,0.019048038036167402,0.02668470945144587,0.021534182871517486,9.53767448663711e-06,0.00015896124144395196,-0.00020029116421937945,-0.0,0.0,0.0,0.0,1.0,0.0,0.0,0.3993067730241131,0.5831144052799558,0.4870638719872524,0.2496478827729463,0.18159866390601284,0.2880875424015658,0.09791554723446616,0.10214616940097299,0.13843643168512537,0.0,0.0,0.0,0.0,1.0,0.0,0.0
2024-10-13 07:46:06.676873,1.0,1.0,1.0,1.0,1.0,1.0,1.0,899964.0,0.07981876864089442,0.032035013270089084,0.05057460985596969,0.019200221850765864,0.025947420126718565,0.021216485203668426,-4.6259292692714854e-21,0.0001716781407594681,-0.00021300806353489565,-0.0,0.0,0.0,0.0,1.0,0.0,0.0,0.40096740791708735,0.5831501388579801,0.4870188812555333,0.24924730504168982,0.17981877771576954,0.2901896940534609,0.09791113164442607,0.10096200066934019,0.13946536088691944,0.0,0.0,0.0,0.0,1.0,0.0,0.0
2024-10-13 07:46:06.680872,1.0,1.0,1.0,1.0,1.0,1.0,1.0,899965.0,0.08017692114530416,0.03211621748977285,0.050626085299173146,0.01894590304788124,0.026318646714264433,0.02144389239891845,-2.543379863103232e-05,0.00015578201661507293,-0.00022890418767929085,-0.0,0.0,0.0,0.0,1.0,0.0,0.0,0.40333505832921507,0.5836383139099312,0.48725007244566143,0.24652211784252706,0.18108237699308918,0.29161750657810037,0.09710908386954052,0.10173562255767704,0.14027991108960428,0.0,0.0,0.0,0.0,1.0,0.0,0.0
2024-10-13 07:46:06.762241,1.0,1.0,1.0,1.0,1.0,1.0,1.0,899966.0,0.07991660577912112,0.032519197084621136,0.04995276723522182,0.019200221850765864,0.026281760015388615,0.021170710640734267,-5.0867597262064634e-05,0.00013988589247067773,-0.0002002911642193795,-0.0,0.0,0.0,0.0,1.0,0.0,0.0,0.40451368680215627,0.5840993257771827,0.485786216144445,0.24440019034187155,0.1832363933786918,0.28851533067197405,0.09650838700048399,0.10295366307024133,0.13824548475049567,0.0,0.0,0.0,0.0,1.0,0.0,0.0
2024-10-13 07:46:06.765244,1.0,1.0,1.0,1.0,1.0,1.0,1.0,899967.0,0.08037160436468821,0.03235860747555765,0.049796093245850395,0.01935120888239217,0.026538890275460948,0.02089395742436089,-2.861302345991136e-05,0.00013352744281291964,-0.00018121581524610522,-0.0,0.0,0.0,0.0,1.0,0.0,0.0,0.4043455216482679,0.58492921634315,0.485081695994264,0.24693279142130029,0.18194604498296532,0.2852961457840373,0.09744855443182418,0.10248185306913175,0.13646604401756987,0.0,0.0,0.0,0.0,1.0,0.0,0.0
2024-10-13 07:46:06.846388,1.0,1.0,1.0,1.0,1.0,1.0,1.0,899968.0,0.08020940116330459,0.032519197084621136,0.049796093245850395,0.019200221850765864,0.026244821472867705,0.020800888109007293,-4.6259292692714854e-21,0.00012398976832628253,-0.00019393271456162142,-0.0,0.0,0.0,0.0,1.0,0.0,0.0,0.40508885553100893,0.5836204623392542,0.4854126207565704,0.24848998082447538,0.18253444359366686,0.28072182531302403,0.0983189555405306,0.10237999592021606,0.13423760085742267,0.0,0.0,0.0,0.0,1.0,0.0,0.0
2024-10-13 07:46:06.931256,1.0,1.0,1.0,1.0,1.0,1.0,1.0,899969.0,0.08063045078156784,0.03291724369090571,0.050471501471744736,0.01935120888239217,0.025910004937642474,0.020800888109007293,4.7688372433185584e-05,0.00012398976832628253,-0.0001939327145616214,-0.0,0.0,0.0,0.0,1.0,0.0,0.0,0.4057341878692657,0.5845411545446557,0.4859407467945155,0.2439408493071566,0.18103774789307103,0.2817399343113765,0.09675495354832372,0.10137735840311794,0.13501610722940866,0.0,0.0,0.0,0.0,1.0,0.0,0.0
2024-10-13 07:46:06.934257,1.0,1.0,1.0,1.0,1.0,1.0,1.0,899970.0,0.08140205162336774,0.03219721690590663,0.050677508456461864,0.019451215795870915,0.025722112647481858,0.020519147495467436,6.358449657758079e-05,0.0001208105434974035,-0.00019075348973274234,-0.0,0.0,0.0,0.0,1.0,0.0,0.0,0.40358791133695515,0.5845233305470849,0.48769924062286035,0.2445547284481858,0.182624434970836,0.28400355758561086,0.0964606986280508,0.10219288634359737,0.13671412868731866,0.0,0.0,0.0,0.0,1.0,0.0,0.0
2024-10-13 07:46:07.014432,1.0,1.0,1.0,1.0,1.0,1.0,1.0,899971.0,0.0828294318892493,0.03179015607555206,0.05078019854850884,0.019048038036167402,0.025608715566353565,0.020519147495467436,0.0001367066676417987,0.00010491441935300828,-0.00021936651319265368,-0.0,0.0,0.0,0.0,1.0,0.0,0.0,0.40243246147276274,0.5818463363127983,0.48831244691331827,0.23899109471383478,0.17992391438163619,0.28412650336492645,0.09371172889268005,0.1001986397711918,0.13685422064065786,0.0,0.0,0.0,0.0,1.0,0.0,0.0
2024-10-13 07:46:07.018432,1.0,1.0,1.0,1.0,1.0,1.0,1.0,899972.0,0.08232475433869244,0.03129469474997817,0.05036818201544617,0.019401276776896823,0.026022089115979988,0.02013736256391312,0.00010491441935300831,9.855596969525021e-05,-0.00020982883870601657,-0.0,0.0,0.0,0.0,1.0,0.0,0.0,0.40350364460645755,0.5798761525749887,0.4904877822358529,0.2317048260462063,0.18028092896010547,0.28293230638213684,0.0909615227920981,0.10100480245546235,0.13693189297212532,0.0,0.0,0.0,0.0,1.0,0.0,0.0
2024-10-13 07:46:07.099839,1.0,1.0,1.0,1.0,1.0,1.0,1.0,899973.0,0.08254593043497248,0.03179015607555206,0.05067750845646186,0.019200221850765864,0.025947420126718565,0.02013736256391312,0.00011127286901076638,8.90182952086131e-05,-0.00023526263733704888,-0.0,0.0,0.0,0.0,1.0,0.0,0.0,0.40508885553100893,0.5781916655461198,0.493205572093505,0.2263247540794745,0.18099256894910487,0.28173390383909563,0.08894801373380805,0.10122262351214094,0.13701978424054273,0.0,0.0,0.0,0.0,1.0,0.0,0.0
2024-10-13 07:46:07.184259,1.0,1.0,1.0,1.0,1.0,1.0,1.0,899974.0,0.08298651420727242,0.03154339822214999,0.05103601980762234,0.018739963202861063,0.02613369258354722,0.02004077993250076,0.00014306511729955676,7.312217106421791e-05,-0.00021618728836377465,-0.0,0.0,0.0,0.0,1.0,0.0,0.0,0.4049337941484148,0.5776718350323448,0.4962238405760807,0.22808062265678716,0.18224600921459239,0.27938418409846977,0.08969972378223631,0.10202724494522128,0.13661433635241216,0.0,0.0,0.0,0.0,1.0,0.0,0.0
2024-10-13 07:46:07.188260,1.0,1.0,1.0,1.0,1.0,1.0,1.0,899975.0,0.08308062103872751,0.031871984154482245,0.05103601980762234,0.018894628520718087,0.025910004937642474,0.01974819809806028,0.0001780365904172262,7.948062072197598e-05,-0.00020982883870601657,-0.0,0.0,0.0,0.0,1.0,0.0,0.0,0.4050631351689267,0.5765564708651253,0.4967404724416211,0.231559168773834,0.18172561577119437,0.27570335694944376,0.09131715441392854,0.1015920002349677,0.13501763376196538,0.0,0.0,0.0,0.0,1.0,0.0,0.0
2024-10-13 07:46:07.269847,1.0,1.0,1.0,1.0,1.0,1.0,1.0,899976.0,0.08342477119640389,0.031127788521240873,0.05174559137455608,0.019098900711587104,0.025532837723818223,0.019943729580380914,0.00014624434212843584,8.583907037973405e-05,-0.000244800311823686,-0.0,0.0,0.0,0.0,1.0,0.0,0.0,0.40579231728807,0.5737595893644186,0.5001002859224281,0.23351833786761594,0.1827223180564677,0.2793533811155287,0.09226067769369918,0.10180115411919613,0.13785907436342373,0.0,0.0,0.0,0.0,1.0,0.0,0.0
2024-10-13 07:46:07.272848,1.0,1.0,1.0,1.0,1.0,1.0,1.0,899977.0,0.08336230411823516,0.031953602685443394,0.05219665106520728,0.01894590304788124,0.025150014882560457,0.020089129290905252,0.0001430651172995568,7.31221710642179e-05,-0.00025751721113920217,-0.0,0.0,0.0,0.0,1.0,0.0,0.0,0.4042227527076682,0.5698306476586154,0.5043687536090193,0.23278207987950708,0.18105091026260567,0.2808077965591218,0.09162112363228969,0.10005788968467043,0.139784536556314,0.0,0.0,0.0,0.0,1.0,0.0,0.0
2024-10-13 07:46:07.354430,1.0,1.0,1.0,1.0,1.0,1.0,1.0,899978.0,0.08329979019559357,0.031953602685443394,0.05204673217903484,0.01914962829286367,0.025418596266109744,0.02004077993250076,0.00010173519452412927,5.722604691982271e-05,-0.000241621086994807,-0.0,0.0,0.0,0.0,1.0,0.0,0.0,0.403069122702627,0.5690987690140094,0.503965454684264,0.23579424229233453,0.17660952698561264,0.28338373583741855,0.09256641314807638,0.0974203315939974,0.14107328748671583,0.0,0.0,0.0,0.0,1.0,0.0,0.0
2024-10-13 07:46:07.436988,1.0,1.0,1.0,1.0,1.0,1.0,1.0,899979.0,0.08304926394342724,0.03129469474997817,0.052096753076864476,0.01894590304788124,0.025456733716313067,0.020089129290905252,5.722604691982273e-05,6.676372140645982e-05,-0.0002511587614814441,-0.0,0.0,0.0,0.0,1.0,0.0,0.0,0.40317932244280513,0.5683292848080236,0.5033920146479299,0.23976336207035953,0.1739311256737498,0.2797433903048875,0.09413500735392498,0.09599821092042696,0.13901077378962823,0.0,0.0,0.0,0.0,1.0,0.0,0.0
2024-10-13 07:46:07.440987,1.0,1.0,1.0,1.0,1.0,1.0,1.0,899980.0,0.08333105301906077,0.03146071551579091,0.052495204411799876,0.019098900711587104,0.025608715566353565,0.02061348890091903,4.76883724331856e-05,5.722604691982271e-05,-0.00025433798631032317,-0.0,0.0,0.0,0.0,1.0,0.0,0.0,0.4050374131735706,0.5674842983847384,0.5036363769752491,0.24431858302679488,0.16544486867213706,0.2752358621856468,0.09630094258039963,0.09111953061820582,0.13687931801338107,0.0,0.0,0.0,0.0,1.0,0.0,0.0
2024-10-13 07:46:07.523192,1.0,1.0,1.0,1.0,1.0,1.0,1.0,899981.0,0.08267205110506058,0.031871984154482245,0.053038187593736096,0.01894590304788124,0.025684369248357337,0.020754196943260868,-1.2716899315516143e-05,7.312217106421791e-05,-0.0002352626373370489,-0.0,0.0,0.0,0.0,1.0,0.0,0.0,0.4057538030212509,0.5682182565097632,0.5038061127205303,0.24876788351560836,0.16732719088510117,0.2745569276586897,0.0985122700724866,0.09218131391256024,0.13659857059330704,0.0,0.0,0.0,0.0,1.0,0.0,0.0
2024-10-13 07:46:07.527192,1.0,1.0,1.0,1.0,1.0,1.0,1.0,899982.0,0.08257747866101824,0.03179015607555206,0.053087274311872046,0.018894628520718087,0.025759800744833576,0.020986614009376788,9.537674486637127e-06,6.994294623533886e-05,-0.0002257249628504118,-0.0,0.0,0.0,0.0,1.0,0.0,0.0,0.40488912259697735,0.569868235946058,0.5026146200729918,0.2506471713486562,0.168947572707567,0.27103744267918367,0.09929515418659808,0.0933273067143034,0.13457056578371387,0.0,0.0,0.0,0.0,1.0,0.0,0.0
2024-10-13 07:46:07.608437,1.0,1.0,1.0,1.0,1.0,1.0,1.0,899983.0,0.08298651420727242,0.031043998898136287,0.05284138473475037,0.018894628520718087,0.025910004937642474,0.020754196943260868,3.1792248288790396e-05,5.722604691982271e-05,-0.00021618728836377465,-0.0,0.0,0.0,0.0,1.0,0.0,0.0,0.40422955429504276,0.5708668849805212,0.5022120529217291,0.25367729734446176,0.17197971584948046,0.27111439644058705,0.10070540533360832,0.09510629747757747,0.13456126360736273,0.0,0.0,0.0,0.0,1.0,0.0,0.0
2024-10-13 07:46:07.612437,1.0,1.0,1.0,1.0,1.0,1.0,1.0,899984.0,0.0827035512209322,0.030875737502386418,0.05303818759373609,0.018739963202861063,0.026096544458751023,0.020940336965168154,-1.9075348973274234e-05,6.994294623533885e-05,-0.00023526263733704888,-0.0,0.0,0.0,0.0,1.0,0.0,0.0,0.40265389803417023,0.5702936868136435,0.5021269227983594,0.2560836655192194,0.17553699717377053,0.2729444257301362,0.10143583223804328,0.09669963791160799,0.13552809699722132,0.0,0.0,0.0,0.0,1.0,0.0,0.0
2024-10-13 07:46:07.693325,1.0,1.0,1.0,1.0,1.0,1.0,1.0,899985.0,0.08232475433869244,0.030451016619125068,0.053038187593736096,0.018584010728398753,0.026281760015388615,0.021032789233536103,-6.676372140645982e-05,6.358449657758079e-05,-0.00023208341250816986,-0.0,0.0,0.0,0.0,1.0,0.0,0.0,0.40024932026785737,0.57091352970294,0.5035639674399438,0.25333862435147103,0.1780783434885728,0.2703259869962725,0.09957068700510092,0.09819421631507473,0.13450448753009459,0.0,0.0,0.0,0.0,1.0,0.0,0.0
2024-10-13 07:46:07.776750,1.0,1.0,1.0,1.0,1.0,1.0,1.0,899986.0,0.08222978246973073,0.030875737502386418,0.05264384615644527,0.018791659751293096,0.02664832946254422,0.02126216122037606,-6.358449657758082e-06,6.994294623533886e-05,-0.00020347038904825854,-0.0,0.0,0.0,0.0,1.0,0.0,0.0,0.3987170939093457,0.5733104673113308,0.5023096795730455,0.2551867879184166,0.1798186421263427,0.267820070021592,0.09991236536240461,0.0996664686542339,0.1327428058797778,0.0,0.0,0.0,0.0,1.0,0.0,0.0
