time,event_type,event_num,Event_Abnormal1,Detection_Abnormal1,Event_Abnormal2,Detection_Judgement2,Detection_Abnormal2,index,voltage11,voltage12,voltage13,current11,current12,current13,power11,power12,power13,powerout1,torque1,frequence1,motor_speed1,slip_rate1,heigh1,weight1,voltage21,voltage22,voltage23,current21,current22,current23,power21,power122,power23,powerout2,torque2,frequence2,motor_speed2,slip_rate2,heigh2,weight2
19:45.8,0,1,0,0,0,0,0,826036,0.069753376,0.034387826,0.044550674,0.020986614,0.028101316,0.024206551,-0.000365611,0.000336998,-0.000321102,0,0,0,0,1,0,0,11.95253632,12.12153101,12.88469052,168.8576216,157.5537803,164.2132209,1406.328309,1232.757916,1536.149434,1101.028331,236.887999,2.254359832,0,0.015595515,0.054240324,200000
19:45.8,0,1,0,0,0,0,0,826037,0.069040248,0.033621854,0.04419849,0.021534183,0.027788876,0.024246595,-0.000394224,0.000308385,-0.000302026,0,0,0,0,1,0,0,11.85445582,12.83714912,12.37595951,159.4026216,160.7830353,170.8841015,1210.984839,1452.114988,1529.264663,1106.166415,237.4439069,2.259510451,0,0.015566304,0.055353616,200000
19:45.8,0,1,0,0,0,0,0,826038,0.06835779,0.034311999,0.044139519,0.021216485,0.028273401,0.024406114,-0.000384686,0.000298847,-0.000295668,0,0,0,0,1,0,0,12.62770222,12.73808499,11.8123282,155.6472227,170.7076239,164.9425214,1319.048754,1598.203352,1286.629921,1109.724874,237.9310127,2.262011087,0,0.015510871,0.056468202,200000
19:45.8,0,1,0,0,0,0,0,826039,0.068661942,0.034764484,0.04419849,0.021078863,0.028135817,0.024722064,-0.000397403,0.00028613,-0.00032746,0,0,0,0,1,0,0,13.04982606,12.0197544,12.25281971,165.0137851,171.0784296,155.5983267,1578.803296,1425.99752,1224.682656,1117.680463,239.02735,2.267722155,0,0.015486657,0.05758563,200000
19:45.8,0,1,0,0,0,0,0,826040,0.068167006,0.034311999,0.045246821,0.021216485,0.028376152,0.023964882,-0.000394224,0.000305206,-0.000321102,0,0,0,0,1,0,0,12.46376221,11.9510894,13.04197277,171.8381999,160.7073714,159.6288944,1560.541789,1218.834119,1474.851041,1125.254898,239.0987347,2.282363948,0,0.015467353,0.058710294,200000
19:45.8,0,1,0,0,0,0,0,826041,0.068623997,0.034083503,0.045590908,0.021668913,0.028239068,0.023843129,-0.000435554,0.000302026,-0.000314743,0,0,0,0,1,0,0,11.85120858,12.78432807,12.89802147,165.422102,157.142833,170.400296,1301.082971,1348.744218,1632.144627,1133.428413,240.9859175,2.281048925,0,0.015514742,0.059834257,200000
19:45.8,0,1,0,0,0,0,0,826042,0.067975687,0.034614313,0.045073792,0.021935891,0.028273401,0.024045709,-0.000448271,0.000311564,-0.000314743,0,0,0,0,1,0,0,12.31012778,13.17780794,12.10158776,156.0731881,166.9273169,170.3713753,1241.876317,1616.562064,1443.175678,1139.37909,242.1541717,2.282037447,0,0.015547176,0.060958669,200000
19:45.8,0,1,0,0,0,0,0,826043,0.067629948,0.034463487,0.045246821,0.021891621,0.028478531,0.024604058,-0.000467346,0.000311564,-0.000362432,0,0,0,0,1,0,0,13.08990451,12.52367968,12.00471833,160.6299594,173.2140603,159.3611769,1497.338461,1578.945592,1225.944834,1139.777311,241.3803892,2.290097416,0,0.015523273,0.062087081,200000
19:45.8,0,1,0,0,0,0,0,826044,0.067049755,0.033621854,0.045648004,0.021443892,0.028512576,0.024206551,-0.000441912,0.000282951,-0.000352894,0,0,0,0,1,0,0,12.88752555,11.89765366,12.85572769,170.9559178,165.4423037,156.2146963,1630.766703,1296.752506,1362.96152,1136.632227,239.7759245,2.298894455,0,0.015452339,0.063219908,200000
19:45.8,0,1,0,0,0,0,0,826045,0.066738256,0.032996277,0.045875676,0.021579186,0.028884422,0.024286573,-0.000429195,0.00028613,-0.000336998,0,0,0,0,1,0,0,12.06146535,12.41502879,13.18513695,169.7384622,155.8889973,166.5409877,1410.905098,1249.493632,1622.767175,1134.758852,238.6586056,2.305733369,0,0.015402379,0.064356163,200000
19:45.8,0,1,0,0,0,0,0,826046,0.066542829,0.033153778,0.046215082,0.021443892,0.029085243,0.023964882,-0.000403762,0.000289309,-0.000324281,0,0,0,0,1,0,0,12.08469443,13.16163607,12.48087947,158.2492833,161.6636439,172.7016416,1209.510475,1525.740715,1562.724697,1139.114691,238.8844857,2.312399198,0,0.015403962,0.065495702,200000
19:45.8,0,1,0,0,0,0,0,826047,0.066621068,0.033310534,0.045533741,0.021032789,0.029350867,0.024326485,-0.000387865,0.000295668,-0.000336998,0,0,0,0,1,0,0,12.98515373,12.87006894,11.93956814,156.2487992,172.5886052,164.3840278,1383.650872,1645.998293,1280.833374,1142.555613,239.0749355,2.317509697,0,0.015392528,0.066637772,200000
19:45.8,0,1,0,0,0,0,0,826048,0.066894187,0.032917244,0.045361807,0.021032789,0.029051869,0.024326485,-0.000378328,0.000295668,-0.000333819,0,0,0,0,1,0,0,13.25580242,12.05428395,12.58381997,167.4802446,170.6508762,155.5024315,1649.69817,1409.777628,1271.323675,1148.750565,241.1972017,2.309559797,0,0.015386812,0.067775931,200000
19:45.8,0,1,0,0,0,0,0,826049,0.06658196,0.032917244,0.045648004,0.021124837,0.029051869,0.023843129,-0.000362432,0.00028613,-0.000311564,0,0,0,0,1,0,0,12.45804354,12.18838052,13.3400328,172.2038376,158.8618851,162.2353044,1551.575894,1223.008885,1564.232311,1151.763971,241.138881,2.316061191,0,0.015337032,0.068917351,200000
19:45.8,0,1,0,0,0,0,0,826050,0.065992554,0.033075121,0.044609102,0.021534183,0.029151876,0.024525072,-0.000406941,0.000282951,-0.000311564,0,0,0,0,1,0,0,11.95071564,13.13831204,12.94716013,162.6138901,158.0841848,172.3493646,1262.572453,1428.051733,1656.699669,1154.819776,241.5334066,2.318394196,0,0.015329082,0.07005993,200000
19:45.8,0,1,0,0,0,0,0,826051,0.065913568,0.032917244,0.045818864,0.020986614,0.029185135,0.024326485,-0.000391045,0.000279772,-0.000314743,0,0,0,0,1,0,0,12.65253986,13.30390199,12.07756898,154.3677494,169.670841,168.7352811,1278.98963,1679.979104,1388.821705,1155.261405,241.3924912,2.320647502,0,0.015334511,0.071203614,200000
19:45.8,0,1,0,0,0,0,0,826052,0.065437651,0.032439002,0.045476502,0.020660498,0.028985006,0.024525072,-0.000352894,0.000273413,-0.000314743,0,0,0,0,1,0,0,13.32204251,12.44160119,12.23974101,162.520899,173.6883473,156.7183183,1579.172113,1553.576893,1216.901952,1155.676033,241.0848403,2.324527638,0,0.015370425,0.072349168,200000
19:45.8,0,1,0,0,0,0,0,826053,0.065437651,0.032519197,0.045648004,0.021032789,0.028648351,0.024126264,-0.000356073,0.000276593,-0.000292489,0,0,0,0,1,0,0,12.83066543,11.97922003,13.15244379,172.5560892,163.2643379,157.4595064,1640.711181,1263.246276,1443.326392,1154.504516,240.5791058,2.327114986,0,0.015396731,0.073495967,200000
19:45.8,0,1,0,0,0,0,0,826054,0.065596674,0.033075121,0.045015968,0.021307739,0.028580544,0.024045709,-0.000378328,0.000292489,-0.00028613,0,0,0,0,1,0,0,12.01311353,12.72753768,13.20484605,167.9359656,156.1306007,169.7893725,1360.757396,1316.792935,1677.396931,1156.35134,241.2002558,2.324944861,0,0.015443208,0.074641642,200000
19:45.8,0,1,0,0,0,0,0,826055,0.06739847,0.033930318,0.045361807,0.021398604,0.028066772,0.023964882,-0.000362432,0.000279772,-0.000298847,0,0,0,0,1,0,0,12.34333507,13.30391445,12.3394419,156.4376718,165.5997935,172.8038349,1232.201906,1621.436073,1521.504241,1161.848992,243.0410619,2.318410651,0,0.015487908,0.075784045,200000
19:45.8,0,1,0,0,0,0,0,826056,0.067475718,0.034614313,0.04495807,0.021980072,0.027893411,0.024005329,-0.000422837,0.000317922,-0.000295668,0,0,0,0,1,0,0,13.26674816,12.73252393,12.04798588,159.0571657,174.7190717,161.599319,1493.742871,1642.576127,1250.907976,1165.223981,243.1313154,2.324265817,0,0.015480992,0.076929342,200000
19:45.8,0,1,0,0,0,0,0,826057,0.068472006,0.035062897,0.046158687,0.022024165,0.027437549,0.023679818,-0.000435554,0.000321102,-0.000289309,0,0,0,0,1,0,0,13.2127277,12.00208271,12.89979723,171.2285955,168.5432199,155.9123419,1701.039276,1351.539854,1351.153621,1170.274125,244.3480469,2.32273197,0,0.015487988,0.078073874,200000
19:45.8,0,1,0,0,0,0,0,826058,0.068205206,0.035137104,0.046886522,0.022373777,0.02785861,0.02408602,-0.000473704,0.00032746,-0.000314743,0,0,0,0,1,0,0,12.28720937,12.45687257,13.42129129,172.5045727,157.3528455,166.4825946,1508.077279,1256.958811,1662.341773,1177.243989,245.6028032,2.324750183,0,0.015539584,0.079219341,200000
19:45.8,0,1,0,0,0,0,0,826059,0.068128786,0.035137104,0.046383853,0.02254655,0.027718967,0.024126264,-0.000499138,0.000356073,-0.000317922,0,0,0,0,1,0,0,12.0733327,13.36310492,12.74783629,161.0518023,161.602083,174.9849475,1254.697832,1548.885743,1658.545095,1187.080958,247.996859,2.321843788,0,0.015665862,0.080363229,200000
19:45.8,0,1,0,0,0,0,0,826060,0.067706931,0.035725214,0.045533741,0.022417095,0.027543417,0.024126264,-0.000495959,0.00036879,-0.000302026,0,0,0,0,1,0,0,12.94284871,13.17890294,12.01395066,157.0692494,173.981299,167.9700674,1389.622327,1734.510171,1358.549574,1192.185698,249.0958796,2.321843788,0,0.015794579,0.081506968,200000
19:45.8,0,1,0,0,0,0,0,826061,0.067282432,0.035505814,0.044725727,0.022589537,0.027578617,0.024005329,-0.000499138,0.000365611,-0.000302026,0,0,0,0,1,0,0,13.33698779,12.24791344,12.50568457,168.708964,174.2127724,157.7030243,1689.503071,1519.310945,1296.777864,1197.805865,250.5843248,2.319251829,0,0.015929952,0.082649272,200000
19:45.8,0,1,0,0,0,0,0,826062,0.068013994,0.036660776,0.045246821,0.022760672,0.027683946,0.024166441,-0.00049278,0.000403762,-0.000292489,0,0,0,0,1,0,0,12.61641315,12.12435233,13.31303452,175.9295715,162.4256228,163.5089203,1642.211394,1285.409357,1589.359325,1200.104219,251.2242713,2.317969885,0,0.016009367,0.083790854,200000
19:45.8,0,1,0,0,0,0,0,826063,0.067591423,0.037084614,0.04495807,0.022286888,0.028066772,0.024206551,-0.000495959,0.000413299,-0.000282951,0,0,0,0,1,0,0,12.00824358,13.00120631,13.05216202,167.5989129,160.1005757,175.2953968,1346.009798,1451.112626,1735.243354,1203.843394,251.5642568,2.322177364,0,0.016063531,0.084934444,200000
19:45.8,0,1,0,0,0,0,0,826064,0.068319676,0.036802597,0.045818864,0.021980072,0.027718967,0.024286573,-0.000499138,0.000391045,-0.000289309,0,0,0,0,1,0,0,12.63714344,13.29845419,12.17060631,158.4109177,172.1520146,173.7090492,1330.083318,1730.824219,1492.360997,1209.229974,253.3425068,2.316292984,0,0.016105043,0.086075088,200000
19:45.8,0,1,0,0,0,0,0,826065,0.066738256,0.036731755,0.044783926,0.021935891,0.028135817,0.024445831,-0.000530931,0.00041012,-0.000270234,0,0,0,0,1,0,0,13.4074616,12.53987531,12.22544519,165.928724,178.130206,161.7460925,1644.850252,1646.76899,1293.408111,1217.852634,255.347666,2.314645708,0,0.0161708,0.087214845,200000
19:45.8,0,1,0,0,0,0,0,826066,0.067359813,0.035725214,0.045131542,0.021624096,0.027718967,0.024682791,-0.00049278,0.000359252,-0.000295668,0,0,0,0,1,0,0,13.03604509,12.04466225,13.15627229,177.3841711,168.7659518,161.3558778,1760.770716,1355.708274,1505.603752,1227.991099,256.7469284,2.321406803,0,0.016260532,0.088357827,200000
19:45.8,0,1,0,0,0,0,0,826067,0.066150242,0.036660776,0.044257382,0.021891621,0.027893411,0.025111412,-0.000511855,0.000387865,-0.000298847,0,0,0,0,1,0,0,12.16289872,12.74090821,13.37413673,174.8012685,160.7089863,174.6305637,1505.576317,1384.307957,1789.651516,1243.646586,260.9372889,2.313708798,0,0.016456609,0.089496792,200000
19:45.8,0,1,0,0,0,0,0,826068,0.066894187,0.036015668,0.044492171,0.021443892,0.027081664,0.024525072,-0.000464167,0.000352894,-0.00028613,0,0,0,0,1,0,0,12.2577968,13.44848971,12.56760209,163.1880469,169.9778706,180.0290973,1332.494324,1718.574509,1688.451918,1259.58942,264.783547,2.309916532,0,0.016706637,0.090633601,200000
19:45.8,0,1,0,0,0,0,0,826069,0.067049755,0.03623198,0.044257382,0.02175827,0.027295752,0.024722064,-0.000413299,0.000349715,-0.000282951,0,0,0,0,1,0,0,13.20306933,13.03427367,12.09143662,165.5438981,182.2587007,170.1553077,1591.445219,1830.08645,1403.617069,1281.903881,267.5073425,2.327596668,0,0.017000233,0.091778768,200000
19:45.8,0,1,0,0,0,0,0,826070,0.067975687,0.035505814,0.045705028,0.021847261,0.027224576,0.024286573,-0.000365611,0.000330639,-0.000295668,0,0,0,0,1,0,0,13.68558957,12.22456373,13.23883199,190.17349,179.7103658,167.6345215,2060.705364,1563.815973,1610.753367,1392.368191,289.4383465,2.338518622,0,0.017803057,0.09292837,200000
19:45.8,0,1,0,0,0,0,0,826071,0.067706931,0.035725214,0.045246821,0.021891621,0.027009924,0.024604058,-0.00036879,0.000321102,-0.000289309,0,0,0,0,1,0,0,12.89388686,13.35843025,14.70751699,196.1670314,170.415198,194.1138531,1901.884523,1598.916216,2334.93442,1559.924403,316.2898067,2.398510377,0,0.018211048,0.094106974,200000
19:45.8,0,1,0,0,0,0,0,826072,0.067321134,0.035137104,0.04495807,0.021891621,0.027402168,0.024406114,-0.000381507,0.000305206,-0.000273413,0,0,0,0,1,0,0,13.47846526,14.82655738,13.94656342,182.8774225,176.2105217,199.1113249,1624.973265,2001.539791,2224.360754,1569.320191,318.2737409,2.394980988,0,0.017007805,0.095285285,200000
19:45.8,0,1,0,0,0,0,0,826073,0.067475718,0.034387826,0.044725727,0.022155916,0.02686587,0.024366332,-0.000371969,0.000292489,-0.000263876,0,0,0,0,1,0,0,14.6435011,14.2311495,13.62606359,178.7671526,182.5400849,187.6943977,1790.21443,1997.174171,1807.677094,1498.138663,305.9897599,2.375507892,0,0.015920855,0.096455309,200000
19:45.8,0,1,0,0,0,0,0,826074,0.066699216,0.035137104,0.04419849,0.022632442,0.027081664,0.024604058,-0.000381507,0.000314743,-0.000276593,0,0,0,0,1,0,0,14.41995056,13.27346555,14.12584409,184.7274719,176.0364459,176.8125869,1919.517648,1611.085607,1730.006543,1403.020596,282.6265476,2.407238027,0,0.015369138,0.097641625,200000
19:45.8,0,1,0,0,0,0,0,826075,0.067321134,0.034614313,0.044667452,0.022718009,0.027081664,0.024761274,-0.000384686,0.000289309,-0.000295668,0,0,0,0,1,0,0,13.34016277,12.97578693,14.08984192,185.0971986,162.4913852,176.9754052,1697.794071,1354.113106,1834.418959,1295.966788,265.6106393,2.365722123,0,0.01524984,0.098807623,200000
19:45.8,0,1,0,0,0,0,0,826076,0.066307556,0.035137104,0.044139519,0.022503481,0.027295752,0.024445831,-0.000371969,0.000314743,-0.000289309,0,0,0,0,1,0,0,12.58410002,12.91616143,13.15991431,177.5261219,156.3716573,179.9069084,1413.635478,1370.585254,1731.96391,1187.174082,251.5185184,2.288826192,0,0.015370117,0.099935584,200000
19:45.8,0,1,0,0,0,0,0,826077,0.066777273,0.03468948,0.043724498,0.022243316,0.027295752,0.024206551,-0.00036879,0.000314743,-0.000289309,0,0,0,0,1,0,0,12.50736266,12.18668564,12.09600128,173.9753024,156.330449,179.1268768,1374.895049,1334.971233,1452.362266,1076.319301,249.3632152,2.093506801,0,0.015590606,0.100967057,200000
19:45.8,0,1,0,0,0,0,0,826078,0.066542829,0.035505814,0.042638754,0.022845759,0.027578617,0.024326485,-0.000384686,0.000359252,-0.000282951,0,0,0,0,1,0,0,12.21750497,10.90352408,11.89240252,179.3038969,153.1927773,189.8647565,1442.003605,1093.521066,1444.668107,1001.782269,257.0598149,1.891821928,0,0.016441307,0.101898355,200000
19:45.8,0,1,0,0,0,0,0,826079,0.066110855,0.035137104,0.042516405,0.022417095,0.027260187,0.024445831,-0.000391045,0.000349715,-0.000276593,0,0,0,0,1,0,0,10.98456835,10.43391354,12.1573559,177.2585145,149.0175366,211.6654829,1222.01168,969.254647,1765.053831,974.9810681,276.1036116,1.716738604,0,0.017887342,0.102742221,200000
19:45.8,0,1,0,0,0,0,0,826080,0.066307556,0.036015668,0.042332217,0.022330375,0.027578617,0.024917498,-0.000426016,0.00036879,-0.000260696,0,0,0,0,1,0,0,9.540998159,11.42105827,11.09684579,149.4615942,168.1166711,226.5865579,680.9949154,1395.205897,1767.050962,929.8829234,289.8154882,1.561902878,0,0.019169319,0.103508975,200000
19:45.8,0,1,0,0,0,0,0,826081,0.066307556,0.036873304,0.041837087,0.022286888,0.027543417,0.025342149,-0.000422837,0.000403762,-0.000257517,0,0,0,0,1,0,0,10.94893967,11.05710567,8.436985066,146.9417137,198.9406988,208.5114415,954.6839464,1791.748849,1028.766656,894.1105536,285.8806622,1.525498395,0,0.021105084,0.10425638,200000
19:45.8,0,1,0,0,0,0,0,826082,0.06658196,0.036160019,0.042455098,0.022632442,0.027578617,0.025188559,-0.000432375,0.000394224,-0.000267055,0,0,0,0,1,0,0,11.74952692,8.978891646,10.56802766,183.8040191,202.3385412,206.7526258,1734.274743,1491.046595,1283.066843,1081.213347,339.6726074,1.558275229,0,0.024677838,0.105017057,200000
19:45.8,0,1,0,0,0,0,0,826083,0.066894187,0.036873304,0.043425625,0.022803255,0.027648881,0.024839509,-0.000438733,0.000391045,-0.000282951,0,0,0,0,1,0,0,10.76515765,12.05419891,12.65900682,192.4850626,204.6147829,231.877487,1650.780255,1871.877495,2204.267432,1428.516806,412.7482441,1.694221351,0,0.024625594,0.105844141,200000
19:45.8,0,1,0,0,0,0,0,826084,0.067475718,0.036873304,0.043305499,0.022589537,0.027753943,0.024604058,-0.000400582,0.000394224,-0.000257517,0,0,0,0,1,0,0,14.76593042,14.03057387,13.37891924,203.5257413,224.8882425,237.4400997,2334.422664,2621.953787,2284.027725,1872.114545,491.7530812,1.858099475,0,0.021732212,0.106753917,200000
19:45.8,0,1,0,0,0,0,0,826085,0.067706931,0.037014311,0.04354542,0.022632442,0.027295752,0.024286573,-0.000381507,0.000391045,-0.000251159,0,0,0,0,1,0,0,15.93628809,17.33325436,17.22263359,212.5226596,230.3298921,256.4703326,2602.406775,3115.995288,3288.523847,2402.829225,497.9941805,2.347281354,0,0.018534868,0.107906967,200000
19:45.8,0,1,0,0,0,0,0,826086,0.068586031,0.037224821,0.043902844,0.022760672,0.02733127,0.024800422,-0.000394224,0.000391045,-0.000254338,0,0,0,0,1,0,0,20.35629406,19.32321734,19.75381983,224.4775419,248.4250895,258.6904383,3615.82499,3786.06975,3555.3461,2993.525662,519.0203175,2.798754472,0,0.016045056,0.109285281,200000
19:45.8,0,1,0,0,0,0,0,826087,0.06873777,0.036802597,0.044316196,0.022503481,0.027543417,0.024643456,-0.000375149,0.000371969,-0.000241621,0,0,0,0,1,0,0,22.6154076,23.29083425,21.95750642,225.2460746,257.2389262,263.2784177,3803.16462,4574.686665,4132.035105,3482.391159,485.9951829,3.46936512,0,0.013863655,0.11099764,200000
19:45.8,0,1,0,0,0,0,0,826088,0.06835779,0.037084614,0.045246821,0.022068169,0.027402168,0.024722064,-0.000378328,0.000356073,-0.000260696,0,0,0,0,1,0,0,24.69563147,25.38126012,25.54002033,231.3582245,257.5686967,252.0937938,4317.478707,4701.117272,4586.896285,3851.90213,450.9865359,4.127607054,0,0.012005088,0.113038725,200000
19:45.8,0,1,0,0,0,0,0,826089,0.068510035,0.037780446,0.045476502,0.021980072,0.027683946,0.024604058,-0.00041012,0.000384686,-0.000267055,0,0,0,0,1,0,0,27.95396709,27.00648501,27.40483273,236.717843,257.0587752,235.0644684,4967.738361,4970.517534,4491.106249,4143.080749,417.9840477,4.783568184,0,0.010642824,0.115407442,200000
19:45.8,0,1,0,0,0,0,0,826090,0.067975687,0.037503662,0.045246821,0.021802811,0.027508173,0.024206551,-0.000391045,0.000378328,-0.00028613,0,0,0,0,1,0,0,29.75146181,29.54452698,28.88805005,240.8645434,244.5880168,227.2245809,5157.086391,5148.639214,4740.284886,4371.327001,393.3234897,5.358021129,0,0.009623387,0.118063348,200000
19:45.8,0,1,0,0,0,0,0,826091,0.067822243,0.037154783,0.045590908,0.021624096,0.027788876,0.023924367,-0.000391045,0.000359252,-0.000305206,0,0,0,0,1,0,0,30.57617522,30.98644868,31.6616885,239.8347057,223.4057605,233.140396,5194.245962,4856.877698,5511.083467,4565.602517,376.6547851,5.83935181,0,0.008868327,0.120960052,200000
19:45.8,0,1,0,0,0,0,0,826092,0.067282432,0.038123599,0.044842049,0.021262161,0.027683946,0.02408602,-0.000394224,0.000365611,-0.000333819,0,0,0,0,1,0,0,32.53044519,32.25603652,32.58489795,223.7387866,226.3783589,231.0771192,5246.747523,5316.27634,5387.178251,4715.238547,365.5604232,6.210233184,0,0.008305336,0.124042487,200000
19:45.8,0,1,0,0,0,0,0,826093,0.067937358,0.037849325,0.044374931,0.021398604,0.028066772,0.024604058,-0.000384686,0.000375149,-0.000340177,0,0,0,0,1,0,0,33.96369645,33.7033017,32.96185458,220.7318203,229.547626,217.5722188,5473.374307,5640.646237,5093.250434,4818.592111,357.7562561,6.482031947,0,0.007882415,0.1272612,200000
19:45.8,0,1,0,0,0,0,0,826094,0.067629948,0.037642308,0.044609102,0.021668913,0.028307693,0.025034026,-0.000400582,0.000384686,-0.000352894,0,0,0,0,1,0,0,33.5957394,34.47695201,34.9849191,220.1719107,212.1161473,225.0401122,5237.154088,5251.946002,5901.157261,4893.224683,353.959731,6.651052592,0,0.007587317,0.130564825,200000
19:45.8,0,1,0,1,0,1,76.9182663,826095,0.066738256,0.03819186,0.044550674,0.021443892,0.028749761,0.025418596,-0.000394224,0.000422837,-0.000352894,0,0,0,0,1,0,0,35.52788103,34.26907955,34.58926898,219.3526524,221.4146251,209.2248441,5822.412097,5462.807856,5145.043693,4916.406014,352.5891796,6.70730579,0,0.007405097,0.133897003,200000
19:45.8,0,1,0,1,0,1,81.02513123,826096,0.066425296,0.038055216,0.044374931,0.02175827,0.029085243,0.025456734,-0.00041012,0.000432375,-0.000375149,0,0,0,0,1,0,0,34.53310359,35.64830929,34.58350778,208.753934,216.8084249,220.0233176,5079.021617,5752.768538,5543.222003,4904.361284,350.0177056,6.739471614,0,0.007322954,0.137245438,200000
19:45.8,0,1,0,1,0,1,51.21018982,826097,0.065913568,0.038123599,0.044783926,0.022068169,0.028951517,0.025608716,-0.000416478,0.000438733,-0.000397403,0,0,0,0,1,0,0,34.63724101,34.42655481,35.73010099,222.7851772,215.0601433,219.7772867,5694.324681,5272.079027,5857.492886,5034.626893,359.3906519,6.739471614,0,0.007533051,0.140593164,200000
19:45.8,0,1,0,1,0,1,11.45513821,826098,0.066894187,0.03819186,0.045073792,0.022373777,0.029744856,0.025797434,-0.000429195,0.000480063,-0.000378328,0,0,0,0,1,0,0,35.63679783,34.61462731,34.3069663,226.573101,232.2709607,221.5503387,6103.248163,6040.311657,5514.845194,5275.279188,378.2746829,6.71205441,0,0.007971632,0.143925797,200000
19:45.8,0,1,0,1,0,1,130.0217438,826099,0.066894187,0.037294726,0.04495807,0.022417095,0.02984254,0.025984781,-0.000419658,0.000470525,-0.000375149,0,0,0,0,1,0,0,34.19193867,35.58228702,34.59657202,230.0563726,236.5929319,240.5762081,5805.356072,6468.20887,6384.531874,5562.412372,402.1302373,6.661012705,0,0.008488909,0.147231364,200000
19:45.8,0,1,0,1,0,1,112.9986954,826100,0.067937358,0.036802597,0.045131542,0.022675266,0.029777453,0.026096544,-0.00045145,0.000476884,-0.000391045,0,0,0,0,1,0,0,34.63875623,34.12218633,35.60414021,250.2115087,241.1489437,244.3012013,6772.663602,6179.095968,6799.640856,5875.685441,428.5700017,6.605652401,0,0.009025594,0.150507683,200000
19:45.8,0,1,0,1,0,1,127.9526215,826101,0.068623997,0.037364501,0.04541919,0.022972798,0.029972291,0.025835012,-0.000476884,0.000495959,-0.000384686,0,0,0,0,1,0,0,35.51685124,34.77193727,34.08721391,252.3350225,262.065706,249.9248412,7090.729575,7244.398468,6517.424821,6189.002246,455.2770113,6.553313232,0,0.00956637,0.153756268,200000
19:45.8,0,1,0,1,0,1,134.8487244,826102,0.069341406,0.036873304,0.045131542,0.022803255,0.02984254,0.025532838,-0.000467346,0.000502318,-0.000346536,0,0,0,0,1,0,0,34.06163039,35.43648795,34.94193096,260.0845581,262.8154831,271.0141379,6873.01089,7437.85353,7645.363097,6499.383614,482.3381517,6.499359702,0,0.010099897,0.156976373,200000
19:45.8,0,1,0,1,0,1,132.0001831,826103,0.06926624,0.036660776,0.045476502,0.022199659,0.029614109,0.025342149,-0.000460988,0.000476884,-0.000343356,0,0,0,0,1,0,0,35.11876442,34.11332265,35.44523722,280.8312946,273.0072638,270.8244686,8062.684576,7331.747067,7742.001019,6830.448808,510.9328833,6.451645353,0,0.010635583,0.160171107,200000
19:45.8,0,1,0,1,0,1,139.9555969,826104,0.069753376,0.036589659,0.045189218,0.022068169,0.029679554,0.024917498,-0.000473704,0.000445091,-0.000340177,0,0,0,0,1,0,0,35.35216364,35.32057215,34.25562353,279.4330226,292.6660484,283.663705,8014.433232,8547.932834,7773.605626,7164.740889,538.9008102,6.41969038,0,0.011176097,0.163348282,200000
19:45.8,0,1,0,1,0,1,139.8247681,826105,0.070717583,0.036447008,0.044842049,0.022718009,0.029712223,0.024722064,-0.000499138,0.000419658,-0.000330639,0,0,0,0,1,0,0,34.38412893,35.28386958,35.54310491,294.9494288,290.879858,301.0788262,8212.059437,8373.56468,8936.508568,7492.135925,566.6225382,6.387992166,0,0.011699957,0.166508094,200000
19:45.8,0,1,0,1,0,1,131.4439545,826106,0.071267923,0.036802597,0.045246821,0.022718009,0.029185135,0.024246595,-0.000499138,0.000416478,-0.000292489,0,0,0,0,1,0,0,35.74578159,34.60778888,35.31173178,309.7536496,308.5319695,299.5438527,9302.521513,8752.542152,8679.21548,7826.131448,595.3154512,6.35430918,125.53689,0.012190889,0.169649683,200000
19:45.8,0,1,0,1,0,1,107.5296326,826107,0.071377482,0.036589659,0.044667452,0.022718009,0.029284687,0.024485484,-0.000486421,0.000394224,-0.000292489,0,0,0,0,1,0,0,35.24224826,35.95681892,34.92531224,308.9146871,320.5121634,319.1156191,8964.099823,9734.462748,9261.890517,8162.738005,623.2256623,6.333950619,125.0725233,0.012681573,0.172779651,200000
19:45.8,0,1,0,1,0,1,136.0737,826108,0.071486873,0.03623198,0.044783926,0.022632442,0.029185135,0.02408602,-0.000473704,0.000356073,-0.00028613,0,0,0,0,1,0,0,35.19661244,35.27620206,36.1296911,329.9926601,321.3744372,328.0294944,9729.740586,9381.637344,10061.72157,8492.324827,650.978965,6.31177518,124.5750367,0.013153723,0.17589717,200000
19:45.8,0,1,0,1,0,1,142.4370728,826109,0.072067486,0.037154783,0.045590908,0.022760672,0.029185135,0.024206551,-0.000483242,0.000343356,-0.00028613,0,0,0,0,1,0,0,36.26896054,35.52422514,35.38606182,336.008465,343.412834,331.5276094,10362.97074,10319.05316,9762.263841,8837.154005,679.7536139,6.293008762,124.1458712,0.013620703,0.179003948,200000
19:45.8,0,1,0,1,0,1,142.9951324,826110,0.071850306,0.037084614,0.045246821,0.022589537,0.028917989,0.024206551,-0.000457808,0.000308385,-0.000260696,0,0,0,0,1,0,0,35.47816869,36.38158348,35.94559694,342.7771561,346.8427526,353.3635226,10170.47649,10749.69118,10848.15303,9195.655674,709.032865,6.280886429,123.8476348,0.014091114,0.182103264,200000
19:45.8,0,1,0,1,0,1,140.5499725,826111,0.071705154,0.036731755,0.045246821,0.022373777,0.028884422,0.024286573,-0.000432375,0.000324281,-0.000257517,0,0,0,0,1,0,0,36.24940192,35.64732774,36.49883143,363.0944652,356.9336445,354.7861974,11295.90354,10713.23451,11056.67022,9543.475641,737.5858208,6.269033618,123.5564415,0.014549538,0.185195292,200000
19:45.8,0,1,0,1,0,1,136.3917999,826112,0.071958978,0.036447008,0.045932418,0.022675266,0.028749761,0.024564597,-0.000441912,0.000292489,-0.000282951,0,0,0,0,1,0,0,36.57516235,36.60205765,35.91633402,363.1937256,374.9265681,367.4888386,11333.27162,11837.02002,11194.92534,9892.163692,766.7028622,6.253960493,123.2070592,0.01496772,0.188278576,200000
19:45.8,0,1,0,1,0,1,119.9155502,826113,0.071777767,0.036873304,0.04495807,0.023182984,0.028682194,0.024525072,-0.000464167,0.000321102,-0.000267055,0,0,0,0,1,0,0,36.16260969,36.68098461,36.99820259,378.2449798,374.4160866,382.7390864,11662.29869,11728.14295,12277.54329,10242.25345,795.2845629,6.245077665,122.9827919,0.01536219,0.191356248,200000
19:45.8,0,1,0,1,0,1,124.1515656,826114,0.071559707,0.036802597,0.045073792,0.023432718,0.02881717,0.024917498,-0.000483242,0.000321102,-0.000273413,0,0,0,0,1,0,0,37.27152401,36.49415623,36.81314712,390.5408814,391.7388878,382.3933897,12639.927,12271.22827,12051.23393,10588.81553,823.5126973,6.237509083,122.7858907,0.015745797,0.194428993,200000
19:45.8,0,1,0,1,0,1,98.00494385,826115,0.071158196,0.036303797,0.045246821,0.022803255,0.028444446,0.024839509,-0.000473704,0.00032746,-0.000289309,0,0,0,0,1,0,0,36.91438831,37.5652277,36.87692398,390.9882449,400.8128978,400.9476834,12349.42012,13100.78323,12772.24001,10925.46613,850.1620442,6.236261104,122.718389,0.016090034,0.197500049,200000
19:45.8,0,1,0,1,0,1,123.2620621,826116,0.071377482,0.03623198,0.045015968,0.022718009,0.028749761,0.025150015,-0.000502318,0.000317922,-0.000279772,0,0,0,0,1,0,0,37.23029534,37.07051781,37.90813787,409.5527451,402.2644686,406.7502186,13225.72603,12785.1711,13438.05599,11255.63006,876.1161365,6.236261104,122.6816232,0.016384809,0.200570184,200000
19:45.8,0,1,0,1,0,1,134.272995,826117,0.072356046,0.036518403,0.04495807,0.022503481,0.028648351,0.024800422,-0.000495959,0.000340177,-0.000254338,0,0,0,0,1,0,0,38.14671752,37.64684524,37.27023767,412.1136069,419.9059787,408.5331476,13684.29707,13770.07618,13094.23316,11553.72055,898.618451,6.242557921,122.7772523,0.016611029,0.203642713,200000
19:45.8,0,1,0,1,0,1,138.3612061,826118,0.070717583,0.036447008,0.044492171,0.022373777,0.028066772,0.025532838,-0.000502318,0.000349715,-0.000267055,0,0,0,0,1,0,0,37.42526716,38.4452558,38.09583521,413.1869114,419.3140257,424.4580664,13299.61762,14034.58882,14134.96838,11808.41413,917.1461033,6.252056895,122.9488391,0.016732883,0.206719536,200000
19:45.8,0,1,0,1,0,1,125.120018,826119,0.069828019,0.035725214,0.044080469,0.022718009,0.028204693,0.025303839,-0.000521393,0.000349715,-0.000292489,0,0,0,0,1,0,0,38.51430469,37.64613444,38.80098216,428.0141709,419.3719048,420.4238552,14418.32667,13584.13292,14197.04464,12016.83029,929.8830216,6.275265717,123.4050669,0.016734331,0.209807775,200000
19:45.8,0,1,0,1,0,1,92.40099335,826120,0.06956642,0.035579098,0.044257382,0.02254655,0.02854658,0.025418596,-0.000530931,0.000359252,-0.000302026,0,0,0,0,1,0,0,39.0146722,39.00486587,37.88468624,420.0914522,433.7758498,420.2607659,14224.51252,14826.21892,13712.77325,12183.83245,936.7289111,6.315613579,124.2056568,0.016677832,0.21291605,200000
19:45.8,0,1,0,1,0,1,90.1354599,826121,0.070274209,0.035505814,0.043843476,0.022330375,0.028512576,0.025456734,-0.000537289,0.000336998,-0.000311564,0,0,0,0,1,0,0,38.09360953,39.23282109,39.47493582,420.878306,421.9736258,433.9587924,13780.92818,14343.67385,15032.20408,12305.71451,938.2032967,6.368018393,125.2510175,0.016562063,0.216050485,200000
19:45.8,0,1,0,1,0,1,71.41213989,826122,0.069378959,0.035943274,0.043902844,0.022112086,0.028749761,0.025227044,-0.000502318,0.000371969,-0.000298847,0,0,0,0,1,0,0,39.90444859,38.35472343,39.44332636,433.5782017,424.7210061,419.0541788,15174.11715,14013.85571,14293.65572,12411.45677,937.8321175,6.424339347,126.3772903,0.016418004,0.219213106,200000
19:45.8,0,1,0,1,0,1,47.18648911,826123,0.069641262,0.035798048,0.044725727,0.021713637,0.029051869,0.024995244,-0.000489601,0.000381507,-0.000302026,0,0,0,0,1,0,0,39.52564364,40.30475058,38.68943985,415.686146,435.6915569,424.2761646,14157.70493,15416.02488,14141.45264,12493.74139,936.0523182,6.478216718,127.4570231,0.016264593,0.222402747,200000
19:45.8,0,1,0,1,0,1,38.05115509,826124,0.069341406,0.036589659,0.044900097,0.021489085,0.028917989,0.024604058,-0.000464167,0.000419658,-0.000298847,0,0,0,0,1,0,0,38.82910604,39.36351235,40.38167093,420.5173516,413.0849687,426.6123656,14070.87041,13944.75844,15086.60211,12338.67484,920.9391875,6.501022789,127.9407665,0.015995093,0.225604493,200000
19:45.8,0,1,0,1,0,1,42.30465698,826125,0.069341406,0.037014311,0.044609102,0.021713637,0.029416898,0.024643456,-0.000483242,0.000432375,-0.000270234,0,0,0,0,1,0,0,40.04726424,38.79183363,38.73522831,414.7429937,417.4618956,400.6951471,14491.30864,13968.68051,13260.4183,11964.08739,892.7310524,6.501022789,127.9765261,0.015720062,0.228807135,200000
19:45.8,0,1,0,1,0,1,26.22042274,826126,0.068510035,0.03623198,0.044374931,0.021579186,0.029218357,0.024722064,-0.000445091,0.00041012,-0.000295668,0,0,0,0,1,0,0,37.83455572,39.01012328,38.54739848,392.8670711,401.8223947,407.7231946,12671.99058,13589.47657,13622.29859,11446.40197,863.2527491,6.431258621,126.620028,0.015589052,0.23197583,200000
19:45.8,0,1,0,1,0,0,4.123856544,826127,0.067937358,0.035725214,0.045361807,0.021713637,0.029018457,0.024564597,-0.000460988,0.000400582,-0.000317922,0,0,0,0,1,0,0,37.39843173,37.09929584,37.51037769,392.1721128,391.5703823,387.1590106,12680.79893,12427.45417,12513.85039,10789.34817,832.7789075,6.284034456,123.7191345,0.015607446,0.235071929,200000
19:45.8,1,1,1,1,98.60468663,0,2.003507853,826128,0.070348299,0.035579098,0.045533741,0.02175827,0.029350867,0.02408602,-0.000483242,0.000400582,-0.000321102,0,0,0,0,1,0,0,36.47688871,35.51894552,35.59448516,386.1351482,381.1667682,372.0765895,12154.31848,11586.60563,11314.43058,10029.55976,809.5380362,6.010236704,118.3085123,0.015774934,0.238032627,200000
19:45.9,1,1,1,1,1,1,1,826129,0.070533183,0.035652231,0.045073792,0.021443892,0.029018457,0.023964882,-0.000483242,0.000391045,-0.000292489,0,0,0,0,1,0,0,33.2439613,34.51975475,34.25921737,360.0514629,365.3802844,382.0106652,10046.21028,10854.29863,11244.53368,9155.530181,789.0225045,5.63107656,110.8065646,0.016115627,0.240805586,200000
19:45.9,1,1,1,1,1,1,1,826130,0.070385314,0.036160019,0.045932418,0.021802811,0.028749761,0.023924367,-0.000464167,0.000394224,-0.000276593,0,0,0,0,1,0,0,31.64196074,31.47340848,32.35003146,350.9297562,361.4750359,362.1535869,9482.933992,9529.532224,9876.248171,8168.278178,775.1660045,5.116076764,100.6252989,0.016577511,0.243323757,200000
19:46.0,1,1,1,1,1,1,1,826131,0.069341406,0.035579098,0.045875676,0.022243316,0.028884422,0.023964882,-0.00045145,0.000378328,-0.000257517,0,0,0,0,1,0,0,29.7291712,29.6438688,28.60166406,335.239072,370.0223358,334.3327298,8382.193517,9124.622209,7857.380194,7095.754545,763.1129825,4.517302599,88.79348956,0.017184618,0.245545834,200000
19:46.1,1,1,1,1,1,1,1,826132,0.070125794,0.035505814,0.04598909,0.022373777,0.028614468,0.024166441,-0.000470525,0.000365611,-0.000273413,0,0,0,0,1,0,0,25.695795,27.39789337,26.38394162,330.8385721,361.7591503,319.0586851,6750.623668,7889.655779,7055.558119,5957.927175,761.3580382,3.805096585,74.72701511,0.018066776,0.247415895,200000
19:46.1,1,1,1,1,1,1,1,826133,0.069828019,0.035285051,0.045875676,0.022460329,0.028376152,0.024445831,-0.000470525,0.000346536,-0.000267055,0,0,0,0,1,0,0,23.41438867,22.81415457,23.57254135,349.938935,356.6517478,284.1846527,6390.25047,6135.399918,5506.385299,4803.798424,761.8384779,3.070753987,60.21341429,0.019566293,0.248922749,200000
19:46.2,1,1,1,1,1,1,1,826134,0.070200041,0.035062897,0.045932418,0.022286888,0.028204693,0.024366332,-0.000426016,0.000346536,-0.000267055,0,0,0,0,1,0,0,20.63464074,20.5803044,18.60064691,356.278134,365.8105606,258.7759521,5402.118262,5770.433583,3880.836676,3845.961146,790.4356097,2.376733885,46.46327062,0.022539484,0.250085503,200000
19:46.2,1,1,1,1,1,1,1,826135,0.070088641,0.034764484,0.046158687,0.022373777,0.027893411,0.024485484,-0.00041012,0.000324281,-0.000273413,0,0,0,0,1,0,0,16.16432739,17.43206249,16.91217608,376.083038,361.2383818,249.4214115,4620.649608,4643.233795,3551.85004,3092.971767,865.6401718,1.754400861,34.12007171,0.027586213,0.250939366,200000
19:46.3,1,1,1,1,1,1,1,826136,0.070014277,0.034988532,0.046775285,0.022460329,0.027788876,0.024286573,-0.000419658,0.000340177,-0.000276593,0,0,0,0,1,0,0,15.23716063,14.29443204,12.0652352,397.5471526,370.7452076,217.352835,4639.529966,4204.562906,2103.151201,2470.464371,982.9753646,1.245392659,23.99978457,0.036457121,0.251539966,200000
19:46.3,1,1,1,1,1,1,1,826137,0.070200041,0.036015668,0.04598909,0.022199659,0.028101316,0.024166441,-0.000397403,0.000356073,-0.000260696,0,0,0,0,1,0,0,11.65339041,11.42156363,11.26054515,417.763005,361.6975041,215.3301678,4155.133501,3257.324828,2063.34511,1953.888315,1183.616958,0.829246237,15.76376453,0.049512448,0.251934457,200000
19:46.3,1,1,1,1,1,1,1,826138,0.069153336,0.036447008,0.045533741,0.022155916,0.027788876,0.023843129,-0.000387865,0.000349715,-0.000235263,0,0,0,0,1,0,0,10.09354182,10.85253439,6.748265532,429.9134643,371.9460683,196.3910981,3843.331311,3361.959472,1185.727613,1557.891035,1506.766784,0.534895143,9.873302022,0.077080606,0.252181539,200000
19:46.4,1,1,1,1,1,1,1,826139,0.069115661,0.036087916,0.045761982,0.021802811,0.028066772,0.024286573,-0.00032746,0.000359252,-0.000232083,0,0,0,0,1,0,0,10.33341959,8.302982533,3.615758752,457.8730983,369.8620294,162.9496305,4360.061436,2799.992361,538.1468938,1270.28801,2206.682924,0.319083473,5.497100115,0.138610962,0.252319105,200000
19:46.4,1,1,1,1,1,1,1,826140,0.069228625,0.036015668,0.044667452,0.021935891,0.028032185,0.024485484,-0.000333819,0.000359252,-0.000263876,0,0,0,0,1,0,0,9.835688099,6.2453397,3.74880059,482.7066348,354.0696777,163.7836846,4620.50464,2155.489463,576.5890182,1072.261273,3230.135036,0.197771384,3.16994206,0.198584247,0.252398434,200000
19:46.5,1,1,1,1,1,1,1,826141,0.068775653,0.035943274,0.045073792,0.021891621,0.027823765,0.024643456,-0.000343356,0.00036879,-0.000276593,0,0,0,0,1,0,0,9.568457843,5.428563386,4.249625307,498.9851984,337.7919415,185.809305,4740.819063,1817.07958,778.9359569,993.3770037,4815.551996,0.127238058,1.969878352,0.225908353,0.25244773,200000
19:46.5,1,1,1,1,1,1,1,826142,0.068433955,0.036087916,0.04443359,0.021668913,0.028032185,0.024525072,-0.000330639,0.000365611,-0.000254338,0,0,0,0,1,0,0,9.615015475,5.010015717,4.767133154,507.6582722,319.7142977,211.407892,4854.060194,1587.788397,1000.74904,991.3151534,5886.836675,0.103934494,1.608055894,0.226408947,0.252487972,200000
19:46.6,1,1,1,1,1,1,1,826143,0.068889175,0.036015668,0.044667452,0.021713637,0.027997556,0.024564597,-0.000356073,0.000365611,-0.000276593,0,0,0,0,1,0,0,9.638266563,4.56941391,5.295314329,509.535808,296.7749305,237.4910461,4883.964695,1342.214812,1249.8897,994.92329,7346.284677,0.083255938,1.293281978,0.223309462,0.252520337,200000
19:46.7,1,1,1,1,1,1,1,826144,0.068472006,0.035579098,0.044080469,0.021891621,0.02792817,0.024839509,-0.000422837,0.000349715,-0.000273413,0,0,0,0,1,0,0,9.617001529,4.127684862,5.807297021,509.6197584,272.8222869,263.9842049,4874.030771,1111.532182,1524.231272,999.2068533,10128.81425,0.060626833,0.942037474,0.223085373,0,200000
19:46.7,1,1,1,1,1,1,1,826145,0.068926974,0.035285051,0.044021341,0.021802811,0.027997556,0.024604058,-0.000426016,0.000349715,-0.000279772,0,0,0,0,1,0,0,9.551400575,3.675374091,6.293236185,507.0169584,247.3251053,290.6582596,4815.865622,893.2750188,1818.354726,0,0,0.039285804,0,1,0,200000
19:46.8,1,1,1,1,1,1,1,826146,0.069378959,0.035652231,0.043425625,0.022024165,0.02854658,0.024800422,-0.000429195,0.000359252,-0.000270234,0,0,0,0,1,0,0,9.453103644,3.221043194,6.777607553,502.5093662,220.4775464,317.7251402,4723.625199,692.394253,2140.134876,0,0,0.020742692,0,1,0,200000
19:46.8,1,1,1,1,1,1,1,826147,0.068661942,0.035432379,0.043485564,0.022503481,0.028410319,0.025034026,-0.000445091,0.000365611,-0.000276593,0,0,0,0,1,0,0,9.309872868,2.787089789,7.248517719,496.1922009,193.2179039,343.8803984,4593.12803,517.2871052,2476.971729,0,0,0,0,1,0,200000
19:46.8,1,1,1,1,1,1,1,826148,0.068243384,0.034914009,0.044139519,0.02254655,0.028682194,0.025188559,-0.000435554,0.000371969,-0.000282951,0,0,0,0,1,0,0,9.120537016,2.418445066,7.715629567,487.5560237,166.5153162,368.6883462,4421.21929,375.1646825,2827.050345,0,0,0,0,1,0,200000
19:46.9,1,1,1,1,1,1,1,826149,0.067899008,0.035579098,0.044139519,0.022803255,0.028307693,0.025111412,-0.000489601,0.00036879,-0.000279772,0,0,0,0,1,0,0,8.873474327,2.181900934,8.151219282,476.509783,141.8139873,392.1762652,4203.796033,273.3344836,3177.361044,0,0,0,0,1,0,200000
19:46.9,1,1,1,1,1,1,1,826150,0.06835779,0.035211155,0.044257382,0.022632442,0.028478531,0.024995244,-0.000454629,0.000359252,-0.000276593,0,0,0,0,1,0,0,8.567445803,2.141182326,8.532118552,463.2386371,121.8844627,414.0933407,3945.534294,217.9753781,3512.240638,0,0,0,0,1,0,200000
19:47.0,1,1,1,1,1,1,1,826151,0.069077965,0.035505814,0.044080469,0.022460329,0.028032185,0.024525072,-0.00045145,0.000352894,-0.00024798,0,0,0,0,1,0,0,8.15629302,2.806040882,8.980879697,443.8378274,108.0844044,422.870227,3559.118589,204.4007593,3567.146555,0,0,0,0,1,0,200000
19:47.0,1,1,1,1,1,1,1,826152,0.069153336,0.034988532,0.044080469,0.02254655,0.028066772,0.024485484,-0.000457808,0.000346536,-0.000267055,0,0,0,0,1,0,0,7.602246937,2.798742509,8.71476508,416.9944792,98.86582001,410.8065806,3110.506782,183.9724571,3343.369819,0,0,0,0,1,0,200000
19:47.1,1,1,1,1,1,1,1,826153,0.067975687,0.035137104,0.04324531,0.022718009,0.028170276,0.024525072,-0.000435554,0.000356073,-0.000251159,0,0,0,0,1,0,0,7.034244937,2.825512597,8.386343432,388.9929374,97.13220658,395.5899582,2678.674985,183.6606077,3077.701173,0,0,0,0,1,0,200000
19:47.1,1,1,1,1,1,1,1,826154,0.067860636,0.034538982,0.04354542,0.022589537,0.028376152,0.024406114,-0.000403762,0.000352894,-0.000260696,0,0,0,0,1,0,0,6.466056067,2.882175647,8.002389207,360.3509191,100.4890399,377.0458358,2274.277769,199.077152,2775.888739,0,0,0,0,1,0,200000
19:47.2,1,1,1,1,1,1,1,826155,0.06708859,0.035137104,0.042943103,0.022589537,0.028580544,0.024485484,-0.000416478,0.00036879,-0.000260696,0,0,0,0,1,0,0,5.908401496,2.963877152,7.56434174,331.0454937,107.1485688,354.4199826,1901.57116,226.8235509,2439.848627,0,0,0,0,1,0,200000
19:47.3,1,1,1,1,1,1,1,826156,0.066972016,0.034311999,0.042882406,0.022330375,0.027997556,0.024166441,-0.000413299,0.000324281,-0.000254338,0,0,0,0,1,0,0,5.327995652,3.034005337,7.048336197,300.2989085,115.143222,326.5793576,1546.953156,256.8574204,2062.765353,0,0,0,0,1,0,200000
19:47.3,1,1,1,1,1,1,1,826157,0.066660154,0.033853466,0.042821623,0.022068169,0.02792817,0.02408602,-0.000419658,0.000314743,-0.000251159,0,0,0,0,1,0,0,4.747024769,3.061419229,6.441528957,268.770951,122.959963,293.3907428,1224.115595,280.4478487,1654.209557,0,0,0,0,1,0,200000
19:47.4,1,1,1,1,1,1,1,826158,0.066110855,0.034159838,0.042270643,0.021980072,0.028101316,0.024246595,-0.000403762,0.000321102,-0.000267055,0,0,0,0,1,0,0,4.14473818,3.065096414,5.692336746,237.0837907,129.7903306,253.2175275,932.0115775,300.6583841,1209.455781,0,0,0,0,1,0,200000
19:47.4,1,1,1,1,1,1,1,826159,0.066268262,0.033853466,0.042393702,0.021891621,0.028204693,0.023597739,-0.000394224,0.000330639,-0.000273413,0,0,0,0,1,0,0,3.540128,3.00141103,4.773214737,205.2719321,134.5783618,201.8705176,677.2069484,306.0157853,737.6518019,0,0,0,0,1,0,200000
19:47.4,1,1,1,1,1,1,1,826160,0.065397835,0.034236003,0.042516405,0.022068169,0.028410319,0.023432718,-0.000445091,0.000349715,-0.000251159,0,0,0,0,1,0,0,2.961888473,2.852705604,3.601177216,173.6651582,136.5502592,127.4702694,465.734827,291.2391716,249.7971424,0,0,0,0,1,0,200000
19:47.5,1,1,1,1,1,1,1,826161,0.064475281,0.033853466,0.042393702,0.022503481,0.02854658,0.023761614,-0.000476884,0.000336998,-0.000279772,0,0,0,0,1,0,0,2.536490551,2.073245525,0.893363596,153.8578968,136.7571095,21.00100043,382.7777654,263.3955767,4.776843007,0,0,0,0,1,0,200000
19:47.5,1,1,1,1,1,1,1,826162,0.064475281,0.033853466,0.043664887,0.022760672,0.028648351,0.023924367,-0.000511855,0.000336998,-0.00028613,0,0,0,0,1,0,0,2.541032944,2.042634687,0.719692986,152.8831781,137.7435605,15.79641008,381.5063146,266.6367998,3.481071217,0,0,0,0,1,0,200000
19:47.6,1,1,1,1,1,1,1,826163,0.064596361,0.034236003,0.044021341,0.022845759,0.028917989,0.024126264,-0.000527751,0.000352894,-0.000295668,0,0,0,0,1,0,0,2.538469264,2.035934381,0.568224043,152.8365497,137.7785051,15.69701559,381.4395221,269.7910476,3.417082223,0,0,0,0,1,0,200000
19:47.6,1,1,1,1,1,1,1,826164,0.06519839,0.034839327,0.043843476,0.022845759,0.02881717,0.024246595,-0.000546827,0.000352894,-0.000279772,0,0,0,0,1,0,0,2.539578899,2.033867598,0.43339019,152.7425544,137.8822198,15.48652881,381.5867612,272.0243827,3.161926272,0,0,0,0,1,0,200000
19:47.7,1,1,1,1,1,1,1,826165,0.065158428,0.034614313,0.044783926,0.022675266,0.028444446,0.024126264,-0.000537289,0.000336998,-0.000295668,0,0,0,0,1,0,0,2.548938045,2.015412444,0.364610082,152.6467021,138.0533954,15.21799205,382.9651253,270.8334794,3.512231157,0,0,0,0,1,0,200000
19:47.7,1,1,1,1,1,1,1,826166,0.064151282,0.035358792,0.044609102,0.023308185,0.028985006,0.024525072,-0.000546827,0.000378328,-0.000298847,0,0,0,0,1,0,0,2.56172851,1.997265321,0.341144262,152.5586126,138.1857042,14.99293967,384.8451007,269.0773556,3.83200683,0,0,0,0,1,0,200000
19:47.8,1,1,1,1,1,1,1,826167,0.064556026,0.035579098,0.044257382,0.023391281,0.028951517,0.024525072,-0.000553185,0.000362432,-0.000279772,0,0,0,0,1,0,0,2.558140772,2.014309225,0.299693484,152.416176,138.3788404,14.63522577,383.9938023,272.0559422,3.324924696,0,0,0,0,1,0,200000
19:47.9,1,1,1,1,1,1,1,826168,0.064596361,0.035505814,0.04443359,0.023597739,0.028512576,0.024800422,-0.000562723,0.000333819,-0.000298847,0,0,0,0,1,0,0,2.564319216,2.002423101,0.291749629,152.3324545,138.5032645,14.41707062,384.7913825,270.8205942,3.514506452,0,0,0,0,1,0,200000
19:47.9,1,1,1,1,1,1,1,826169,0.063907205,0.035652231,0.044080469,0.023679818,0.028648351,0.025150015,-0.00057544,0.000340177,-0.000282951,0,0,0,0,1,0,0,2.569057317,1.996586433,0.289259918,152.2537669,138.6549388,14.17072067,385.2783082,270.3260404,3.567886486,0,0,0,0,1,0,200000
19:47.9,1,1,1,1,1,1,1,826170,0.064313485,0.035358792,0.04419849,0.023266526,0.028410319,0.025265471,-0.000540468,0.000311564,-0.00028613,0,0,0,0,1,0,0,2.57136136,2.001643073,0.280131856,152.1981862,138.7218921,14.047082,385.4948777,271.2306797,3.442495487,0,0,0,0,1,0,200000
19:48.0,1,1,1,1,1,1,1,826171,0.064998334,0.034988532,0.044316196,0.023182984,0.028580544,0.025188559,-0.000499138,0.000317922,-0.000273413,0,0,0,0,1,0,0,2.575867991,1.998022058,0.283810679,152.1701399,138.7470905,13.99484297,386.0837801,270.7736486,3.529723093,0,0,0,0,1,0,200000
19:48.0,1,1,1,1,1,1,1,826172,0.064151282,0.035358792,0.043003715,0.023141099,0.028715998,0.024995244,-0.000480063,0.000324281,-0.000235263,0,0,0,0,1,0,0,2.582250034,1.994682059,0.29092143,152.1581348,138.7723195,13.95143784,387.0312621,270.3019997,3.640511033,0,0,0,0,1,0,200000
19:48.1,1,1,1,1,1,1,1,826173,0.064837844,0.034914009,0.043605194,0.022888184,0.028478531,0.024564597,-0.000470525,0.000295668,-0.000222546,0,0,0,0,1,0,0,2.584639063,1.998903974,0.293606367,152.1737911,138.7926182,13.949557,387.4275496,270.9319695,3.683727578,0,0,0,0,1,0,200000
19:48.1,1,1,1,1,1,1,1,826174,0.064556026,0.035432379,0.043962132,0.023099139,0.028273401,0.024643456,-0.000483242,0.000279772,-0.000225725,0,0,0,0,1,0,0,2.586849741,2.000790439,0.298209559,152.1776903,138.8044492,13.94678692,387.804984,271.2424029,3.771002686,0,0,0,0,1,0,200000
19:48.2,1,1,1,1,1,1,1,826175,0.064998334,0.035358792,0.043124682,0.023474082,0.028580544,0.024682791,-0.000502318,0.000289309,-0.00020347,0,0,0,0,1,0,0,2.59023102,1.997945004,0.302607538,152.1866519,138.8161151,13.94349666,388.3597515,270.8609164,3.847487493,0,0,0,0,1,0,200000
19:48.2,1,1,1,1,1,1,1,826176,0.065715688,0.035285051,0.043185038,0.022845759,0.028170276,0.024722064,-0.000483242,0.000282951,-0.000200291,0,0,0,0,1,0,0,2.590448439,1.999051351,0.308516843,152.1902193,138.820485,13.94861853,388.421588,271.0279522,3.926457016,0,0,0,0,1,0,200000
19:48.3,1,1,1,1,1,1,1,826177,0.065874039,0.035285051,0.043365604,0.022972798,0.028204693,0.025034026,-0.000486421,0.000302026,-0.000225725,0,0,0,0,1,0,0,2.592465788,1.998836505,0.310577187,152.1847279,138.8061617,13.95776899,388.6614195,270.9436796,3.97088638,0,0,0,0,1,0,200000
19:48.4,1,1,1,1,1,1,1,826178,0.066699216,0.034988532,0.043784027,0.022845759,0.027788876,0.024525072,-0.000499138,0.000305206,-0.000200291,0,0,0,0,1,0,0,2.593143209,1.998014527,0.315536516,152.1718574,138.7924661,13.95890527,388.7045069,270.8499301,4.049700734,0,0,0,0,1,0,200000
19:48.4,1,1,1,1,1,1,1,826179,0.067321134,0.034538982,0.044080469,0.023014989,0.027718967,0.024445831,-0.00049278,0.000302026,-0.000219367,0,0,0,0,1,0,0,2.596063334,1.998863717,0.317102604,152.1663206,138.7771735,13.97014667,389.1091811,270.9486821,4.069812397,0,0,0,0,1,0,200000
19:48.4,1,1,1,1,1,1,1,826180,0.067437105,0.034463487,0.043843476,0.023266526,0.027578617,0.024366332,-0.000521393,0.000321102,-0.000213008,0,0,0,0,1,0,0,3.304061675,2.926946537,4.217002101,163.3010967,139.0836791,93.74193313,496.8156591,301.8012474,329.2986334,0,0,0,0,1,0,200000
19:48.5,1,1,1,1,1,1,1,826181,0.067243709,0.035211155,0.043185038,0.022760672,0.027823765,0.024564597,-0.00053411,0.000346536,-0.000219367,0,0,0,0,1,0,0,3.654204101,3.275889016,5.30257278,186.4826451,146.1261995,189.4623735,635.7805425,365.7212427,838.868133,0,0,0,0,1,0,200000
19:48.5,1,1,1,1,1,1,1,826182,0.068433955,0.034764484,0.042943103,0.02254655,0.027508173,0.024800422,-0.000550006,0.000346536,-0.000232083,0,0,0,0,1,0,0,3.905849442,3.748483014,6.303254054,202.017503,157.4017459,250.7332386,742.3933364,475.5097677,1390.086877,0,0,0,0,1,0,200000
19:48.6,1,1,1,1,1,1,1,826183,0.068889175,0.035211155,0.041899298,0.022632442,0.027260187,0.024995244,-0.000550006,0.000359252,-0.000235263,0,0,0,0,1,0,0,4.027566404,4.236885985,7.091987629,211.3936022,174.2683613,300.2282069,803.4457498,625.4715625,1921.449331,0,0,0,0,1,0,200000
19:48.6,1,1,1,1,1,1,1,826184,0.068813514,0.034614313,0.041083203,0.022675266,0.027437549,0.024917498,-0.000546827,0.000371969,-0.000222546,0,0,0,0,1,0,0,4.068788595,4.789258164,7.788303754,215.7043575,195.6369811,341.7224918,828.6924759,826.7315379,2443.488216,0,0,0,0,1,0,200000
19:48.7,1,1,1,1,1,1,1,826185,0.068813514,0.034311999,0.041209808,0.022675266,0.02733127,0.025188559,-0.000540468,0.000362432,-0.000222546,0,0,0,0,1,0,0,4.05291017,5.346947758,8.379925979,216.3225573,220.594024,377.9078231,826.8041337,1071.200206,2939.885052,0,0,0,0,1,0,200000
19:48.7,1,1,1,1,1,1,1,826186,0.068889175,0.034083503,0.041837087,0.022718009,0.027366742,0.025111412,-0.000540468,0.000346536,-0.000238442,0,0,0,0,1,0,0,3.997316278,5.947319153,8.91266085,214.2081307,247.7750606,409.6067826,805.2951869,1367.080006,3417.067709,0,0,0,0,1,0,200000
19:48.8,1,1,1,1,1,1,1,826187,0.069303833,0.033699235,0.042147225,0.022286888,0.027260187,0.025265471,-0.000537289,0.00032746,-0.000251159,0,0,0,0,1,0,0,3.918715644,6.55111856,9.376765944,210.1197885,276.4371158,437.4254773,771.4029646,1705.232824,3861.98847,0,0,0,0,1,0,200000
19:48.8,1,1,1,1,1,1,1,826188,0.069454004,0.034159838,0.041272965,0.022373777,0.02792817,0.025797434,-0.00053411,0.000343356,-0.00024798,0,0,0,0,1,0,0,3.834014668,7.15633545,9.786183184,204.8317844,306.0740402,461.900895,732.2890878,2084.684855,4275.247453,0,0,0,0,1,0,200000
19:48.9,1,1,1,1,1,1,1,826189,0.069002511,0.034764484,0.041899298,0.021935891,0.02792817,0.025872536,-0.000505497,0.000340177,-0.000260696,0,0,0,0,1,0,0,3.746913799,7.465837318,10.02279344,199.1550646,328.3153635,479.9957656,693.338818,2335.093513,4555.694078,0,0,0,0,1,0,200000
19:49.0,1,1,1,1,1,1,1,826190,0.068775653,0.035652231,0.042147225,0.022068169,0.028204693,0.02594742,-0.000486421,0.000352894,-0.000276593,0,0,0,0,1,0,0,3.14011535,7.184900865,9.216303975,184.6238426,342.3991648,486.2864564,559.727068,2362.058029,4404.88037,0,0,0,0,1,0,200000
19:49.0,1,1,1,1,1,1,1,826191,0.068699867,0.035211155,0.042760754,0.022675266,0.028032185,0.025608716,-0.000521393,0.000311564,-0.000282951,0,0,0,0,1,0,0,2.951611503,7.103471809,8.657726838,160.8341137,346.0696302,474.2899623,445.4112789,2196.703881,3929.582054,0,0,0,0,1,0,200000
19:49.0,1,1,1,1,1,1,1,826192,0.068433955,0.035062897,0.042760754,0.022845759,0.02785861,0.025265471,-0.000511855,0.000302026,-0.000273413,0,0,0,0,1,0,0,2.616775742,7.277539298,8.234666112,160.4199514,339.762155,459.6025693,347.9962575,2002.012999,3158.831908,0,0,0,0,1,0,200000
19:49.1,1,1,1,1,1,1,1,826193,0.067282432,0.035285051,0.042821623,0.022675266,0.028066772,0.025494814,-0.000505497,0.000302026,-0.000282951,0,0,0,0,1,0,0,3.536515877,7.202041223,8.607578666,182.1083073,333.9190748,434.0880403,-34.80242895,1889.42452,2380.612381,0,0,0,0,1,0,200000
19:49.1,1,1,1,1,1,1,1,826194,0.066621068,0.035798048,0.042882406,0.022503481,0.028135817,0.025342149,-0.000483242,0.000317922,-0.000289309,0,0,0,0,1,0,0,6.570846081,7.765530581,8.47871371,186.1886802,337.4557108,405.4398648,-482.3003778,1295.62089,1910.69913,0,0,0,0,1,0,200000
19:49.1,1,1,1,1,1,1,1,826195,0.066621068,0.036589659,0.043185038,0.022243316,0.02854658,0.025150015,-0.000467346,0.000340177,-0.000298847,0,0,0,0,1,0,0,7.281022392,10.14474799,9.474881855,189.3456023,326.0496989,387.4936749,-499.8061089,607.706478,898.4211631,-557.4724804,-643.6829991,0.424407257,-8.270328812,0.02566124,0,200000
19:49.2,1,1,1,1,1,1,1,826196,0.067243709,0.036731755,0.042577623,0.022068169,0.028580544,0.024839509,-0.000489601,0.000352894,-0.000295668,0,0,0,0,1,0,0,10.67061883,10.53271574,11.60073656,211.9569883,313.9937019,357.6450812,-1247.089172,142.5916524,163.7578399,-1149.346156,-617.2091798,0.916175955,-17.78237863,0.029532562,0,200000
19:49.3,1,1,1,1,1,1,1,826197,0.066542829,0.037503662,0.042760754,0.022243316,0.028580544,0.024445831,-0.000473704,0.000371969,-0.000273413,0,0,0,0,1,0,0,12.0946145,13.25308701,12.49320569,222.6755881,303.100293,350.6691802,-1314.344154,-1045.432077,-954.11133,-1897.635146,-614.2446123,1.525818733,-29.50140785,0.033259744,0,200000
19:49.3,1,1,1,1,1,1,1,826198,0.066425296,0.036943875,0.043485564,0.022068169,0.028273401,0.024126264,-0.000470525,0.000349715,-0.000273413,0,0,0,0,1,0,0,13.84597988,13.37170903,14.10000933,278.1311909,299.6580742,330.119212,-2388.935977,-1639.005889,-1861.6895,-2770.261945,-643.3548779,2.14108347,-41.11891251,0.039763907,0,200000
19:49.4,1,1,1,1,1,1,1,826199,0.066816267,0.036731755,0.042516405,0.022330375,0.028239068,0.023761614,-0.00049278,0.000343356,-0.000254338,0,0,0,0,1,0,0,14.71322635,14.71382463,14.23516888,287.9965384,315.2316251,348.9429972,-2475.186497,-2917.463203,-2536.447036,-3492.632033,-653.7308841,2.670957239,-51.01820942,0.044945223,0,200000
19:49.4,1,1,1,1,1,1,1,826200,0.06658196,0.036731755,0.041961417,0.022373777,0.027648881,0.023515373,-0.00053411,0.00032746,-0.000222546,0,0,0,0,1,0,0,14.82734754,15.15637968,15.02056391,344.9246111,306.3198512,360.2969574,-2817.559884,-2923.11519,-3440.126234,-3996.063843,-647.948504,3.097920088,-58.89294995,0.049475967,0,200000
19:49.5,1,1,1,1,1,1,1,826201,0.066425296,0.037294726,0.041712386,0.022243316,0.027823765,0.024126264,-0.000508676,0.00036879,-0.000200291,0,0,0,0,1,0,0,15.11256672,15.12209652,15.36465194,379.7852232,352.3603993,342.5233415,-3410.160423,-2834.069997,-3421.65498,-4271.98117,-629.1972128,3.42397733,-64.83565784,0.053211345,0,200000
19:49.5,1,1,1,1,1,1,1,826202,0.066425296,0.037503662,0.042023444,0.022112086,0.028307693,0.024166441,-0.000515034,0.000394224,-0.000209829,0,0,0,0,1,0,0,15.24777051,14.9216286,15.3316731,373.4466918,404.9940177,357.1684393,-3574.881183,-2817.830286,-2925.891386,-4291.807859,-597.0071339,3.635486014,-68.64867068,0.055852912,0,200000
19:49.6,1,1,1,1,1,1,1,826203,0.06708859,0.037364501,0.042393702,0.022199659,0.028614468,0.023843129,-0.000515034,0.000400582,-0.00020347,0,0,0,0,1,0,0,15.08033572,14.85160463,14.95382432,356.4505376,433.1738083,401.5978818,-3248.770782,-2735.412092,-2231.652424,-4075.393129,-567.5548469,3.635486014,-68.56982705,0.056937274,0,200000
19:49.6,1,1,1,1,1,1,1,826204,0.067629948,0.037014311,0.043365604,0.022112086,0.028648351,0.024126264,-0.000515034,0.000384686,-0.000219367,0,0,0,0,1,0,0,14.02513774,14.55117047,14.99948959,352.7928325,439.9499756,441.1533261,-2811.937249,-2074.788623,-1703.619505,-3671.35836,-561.89103,3.308887718,-62.39446436,0.057168607,0,200000
19:49.7,1,1,1,1,1,1,1,826205,0.067282432,0.036873304,0.043124682,0.021847261,0.027893411,0.023802407,-0.000511855,0.000384686,-0.00020665,0,0,0,0,1,0,0,13.66354981,13.06051709,14.42079194,350.5543778,451.9748959,460.4069256,-2803.579485,-1319.452716,-639.1814123,-3164.844926,-566.6609438,2.834685264,-53.33355541,0.059268482,0,200000
19:49.7,1,1,1,1,1,1,1,826206,0.066464497,0.036873304,0.043605194,0.021802811,0.027788876,0.023843129,-0.000483242,0.000387865,-0.000193933,0,0,0,0,1,0,0,11.21263822,12.79422714,12.78242198,336.8601746,463.4058148,485.915513,-2063.591372,-798.5496504,119.5856656,-2565.517085,-600.3122882,2.191613142,-40.81023165,0.068945361,0,200000
19:49.8,1,1,1,1,1,1,1,826207,0.066699216,0.036589659,0.043664887,0.021935891,0.027613771,0.024206551,-0.000495959,0.000371969,-0.000213008,0,0,0,0,1,0,0,9.657689664,9.999456305,11.90426225,329.4652445,473.5295181,492.0663452,-2000.714118,442.3653768,1242.69665,-1810.088633,-607.7664973,1.548204886,-28.44031923,0.081506605,0,200000
19:49.8,1,1,1,1,1,1,1,826208,0.066189606,0.036447008,0.042943103,0.022199659,0.027683946,0.023720752,-0.000480063,0.00036879,-0.000209829,0,0,0,0,1,0,0,6.92384774,9.909856621,9.934670155,284.0352406,478.8090895,506.5106923,-925.8073537,1099.320974,2146.827674,-943.0315135,-494.7785171,0.982344085,-18.20064393,0.073611568,0,200000
19:49.9,1,1,1,1,1,1,1,826209,0.066032011,0.036731755,0.044139519,0.022199659,0.027578617,0.024126264,-0.000473704,0.000384686,-0.000225725,0,0,0,0,1,0,0,4.852770392,8.1578223,9.832862511,274.4256259,477.7337933,496.7310911,-830.4027589,2616.79108,2900.208531,-167.5115819,-147.3867947,0.555381236,-10.85319604,0.022905769,0,200000
19:49.9,1,1,1,1,1,1,1,826210,0.066542829,0.036518403,0.04443359,0.022155916,0.027893411,0.024126264,-0.000435554,0.000391045,-0.000251159,0,0,0,0,1,0,0,4.507967439,7.956598527,8.764141293,199.9216451,498.5946492,491.1780828,-473.4956159,3068.432986,3929.351895,542.0900934,1252.633805,0.229323994,-4.132555785,0.09897004,0,200000
19:50.0,1,1,1,1,1,1,1,826211,0.066972016,0.036160019,0.044492171,0.021935891,0.028032185,0.023556592,-0.000422837,0.000387865,-0.000251159,0,0,0,0,1,0,0,3.350160056,8.62264424,8.384397522,120.9785528,489.5839617,502.6481045,109.8404215,3615.118364,4124.850322,0,0,0.01781531,0,1,0,200000
19:50.0,1,1,1,1,1,1,1,826212,0.066542829,0.036375473,0.045131542,0.022068169,0.027648881,0.024005329,-0.000406941,0.000378328,-0.000270234,0,0,0,0,1,0,0,2.926717227,9.260555499,8.377229524,122.2464936,477.4011497,490.9239372,315.804693,4235.18079,4046.417837,1177.826015,9214.471906,0.079993651,1.220624476,0.237049152,0,200000
19:50.1,1,1,1,1,1,1,1,826213,0.066189606,0.035798048,0.045131542,0.021935891,0.027543417,0.024005329,-0.000400582,0.000343356,-0.000267055,0,0,0,0,1,0,0,3.056368149,9.813072493,8.201842859,139.3597708,480.072515,460.5844187,402.2948779,4674.36621,3750.593514,1277.984353,8054.565111,0.097559894,1.515147181,0.223478463,3.79E-05,200000
19:50.1,1,1,1,1,1,1,1,826214,0.065715688,0.036015668,0.044492171,0.022243316,0.027578617,0.023883783,-0.000413299,0.000359252,-0.000257517,0,0,0,0,1,0,0,3.504841346,10.14408973,7.711917026,155.8057873,492.2923351,428.0256113,523.5448,4965.835634,3279.765555,1294.564327,8005.223548,0.097559894,1.544264021,0.208555917,7.66E-05,200000
19:50.2,1,1,1,1,1,1,1,826215,0.065794911,0.035870735,0.044667452,0.022417095,0.028204693,0.023964882,-0.000413299,0.000336998,-0.000254338,0,0,0,0,1,0,0,4.0943609,10.32284596,7.080323611,179.9647655,506.5099202,398.684951,718.040134,5199.551186,2803.620158,1275.245784,10938.62528,0.069752509,1.113275197,0.201981966,0,200000
19:50.2,1,1,1,1,1,1,1,826216,0.065755312,0.036447008,0.044492171,0.022503481,0.028204693,0.023679818,-0.000426016,0.000336998,-0.0002448,0,0,0,0,1,0,0,4.747774503,10.4454604,6.422157871,210.1049272,517.7240757,367.735934,981.0472046,5378.36714,2343.958807,0,0,0.035987031,0,1,0,200000
19:50.3,1,1,1,1,1,1,1,826217,0.065596674,0.036303797,0.044139519,0.022417095,0.028307693,0.023099139,-0.000429195,0.000349715,-0.000228904,0,0,0,0,1,0,0,5.429813891,10.50822309,5.756898744,243.2323552,525.2098425,335.1164951,1305.304443,5489.026838,1912.45116,0,0,0.035201799,0,1,0,200000
19:50.3,1,1,1,1,1,1,1,826218,0.065556954,0.036731755,0.04419849,0.02254655,0.028066772,0.023761614,-0.000426016,0.000371969,-0.00024798,0,0,0,0,1,0,0,6.094832643,10.46705094,5.05968086,277.1856349,528.2714465,300.8535753,1674.216048,5499.901459,1506.104522,0,0,0.035201799,0,1,0,200000
19:50.4,1,1,1,1,1,1,1,826219,0.065357995,0.036303797,0.043003715,0.023099139,0.028101316,0.023761614,-0.000445091,0.000365611,-0.000222546,0,0,0,0,1,0,0,6.716865465,10.33287657,4.372592892,311.4001824,527.0869924,265.6784165,2075.660957,5417.772544,1145.560258,0,0,0.035201799,0,1,0,200000
19:50.4,1,1,1,1,1,1,1,826220,0.065238328,0.035870735,0.042821623,0.023014989,0.028410319,0.023761614,-0.000438733,0.000375149,-0.000213008,0,0,0,0,1,0,0,7.306848964,10.15130343,3.749453934,344.7321026,522.1432383,231.0714568,2500.895808,5272.301535,848.68698,0,0,0.035201799,0,1,0,200000
19:50.5,1,1,1,1,1,1,1,826221,0.06519839,0.036087916,0.043003715,0.023099139,0.027997556,0.023843129,-0.000457808,0.000375149,-0.000222546,0,0,0,0,1,0,0,7.853129291,9.893409152,3.215816008,376.3766572,513.1823319,198.4998477,2935.469868,5049.986787,617.2722035,0,0,0.035201799,0,1,0,200000
19:50.5,1,1,1,1,1,1,1,826222,0.065278242,0.035285051,0.042332217,0.022972798,0.027997556,0.023556592,-0.000448271,0.000365611,-0.000219367,0,0,0,0,1,0,0,8.344049068,9.565459515,2.842329553,405.6976846,500.2873343,170.1670288,3362.55815,4759.544583,458.032268,0,0,0.035201799,0,1,0,200000
19:50.6,1,1,1,1,1,1,1,826223,0.065794911,0.036015668,0.041837087,0.023141099,0.027893411,0.02408602,-0.000473704,0.000387865,-0.000216187,0,0,0,0,1,0,0,8.954073,9.146552241,3.131935172,425.7850514,481.7029389,148.0410277,3597.483734,4349.284978,367.5377877,0,0,0.035201799,0,1,0,200000
19:50.6,1,1,1,1,1,1,1,826224,0.065676041,0.035725214,0.041961417,0.023141099,0.027823765,0.023964882,-0.000464167,0.000381507,-0.000219367,0,0,0,0,1,0,0,8.796638945,8.529235027,3.056793819,416.3939589,452.0517401,130.148282,3421.517961,3798.836784,296.282249,0,0,0.035201799,0,1,0,200000
19:50.7,1,1,1,1,1,1,1,826225,0.065357995,0.035432379,0.042699798,0.02334977,0.027188919,0.023843129,-0.000441912,0.000387865,-0.000209829,0,0,0,0,1,0,0,8.540376569,7.891727691,3.008174294,403.8466681,420.7336269,118.2096594,3198.633568,3264.688194,257.2371943,0,0,0.035201799,0,1,0,200000
19:50.7,1,1,1,1,1,1,1,826226,0.065874039,0.034988532,0.043365604,0.023515373,0.027402168,0.024406114,-0.00045145,0.000381507,-0.000241621,0,0,0,0,1,0,0,8.200704622,7.219146325,3.036288396,387.6650057,387.9010233,113.0719605,2924.681964,2746.560316,250.515053,0,0,0.035201799,0,1,0,200000
19:50.8,1,1,1,1,1,1,1,826227,0.066228946,0.034764484,0.043485564,0.023556592,0.027437549,0.024604058,-0.000432375,0.00036879,-0.000251159,0,0,0,0,1,0,0,7.770967125,6.519082982,3.124774132,367.3797951,353.9258347,114.2282138,2599.249825,2255.631115,269.1952684,0,0,0,0,1,0,200000
19:50.8,1,1,1,1,1,1,1,826228,0.066346826,0.034839327,0.04354542,0.023308185,0.028101316,0.024485484,-0.000422837,0.000384686,-0.0002448,0,0,0,0,1,0,0,7.256273753,5.830948651,3.217962246,342.4733255,319.7198872,119.8640276,2230.194908,1814.705536,299.5542514,0,0,0,0,1,0,200000
19:50.8,1,1,1,1,1,1,1,826229,0.067514308,0.034538982,0.043784027,0.022718009,0.028135817,0.024246595,-0.000400582,0.000378328,-0.000270234,0,0,0,0,1,0,0,6.655539216,5.157072885,3.297617751,311.3264902,284.9934781,127.4280747,1819.189902,1421.986465,333.0071717,0,0,0,0,1,0,200000
19:50.9,1,1,1,1,1,1,1,826230,0.06774539,0.03468948,0.04443359,0.022972798,0.028066772,0.024485484,-0.000454629,0.000359252,-0.000314743,0,0,0,0,1,0,0,5.936650244,4.48851265,3.368055198,272.2620277,249.8833238,134.7731076,1366.450371,1075.03298,366.014713,0,0,0,0,1,0,200000
19:51.0,1,1,1,1,1,1,1,826231,0.067668451,0.034839327,0.044316196,0.022888184,0.028478531,0.024445831,-0.00045145,0.000359252,-0.000324281,0,0,0,0,1,0,0,5.056350386,3.82577658,3.376845912,221.7706679,214.8408916,140.1373309,877.2219448,776.3924711,384.1399944,0,0,0,0,1,0,200000
19:51.0,1,1,1,1,1,1,1,826232,0.06774539,0.035358792,0.045533741,0.022760672,0.028648351,0.024564597,-0.000467346,0.000365611,-0.000346536,0,0,0,0,1,0,0,3.93212609,3.185614324,3.304708838,150.0296506,180.0540309,142.2192552,360.713019,528.9888744,379.5008263,0,0,0,0,1,0,200000
19:51.1,1,1,1,1,1,1,1,826233,0.067783827,0.034914009,0.046496027,0.023014989,0.028884422,0.024005329,-0.000483242,0.000365611,-0.000352894,0,0,0,0,1,0,0,1.386941168,2.651984357,2.705186064,10.96834995,152.2899897,141.2863946,-4.003795013,392.7093902,353.323832,0,0,0,0,1,0,200000
19:51.1,1,1,1,1,1,1,1,826234,0.067668451,0.034614313,0.046942042,0.022632442,0.028715998,0.024126264,-0.000454629,0.000352894,-0.000365611,0,0,0,0,1,0,0,0.898163935,2.660220615,2.586865986,10.78059832,152.1634288,141.3034146,-3.253024955,396.3985452,350.7730264,0,0,0,0,1,0,200000
19:51.1,1,1,1,1,1,1,1,826235,0.068013994,0.034839327,0.046942042,0.022503481,0.028783486,0.024326485,-0.000486421,0.000362432,-0.000381507,0,0,0,0,1,0,0,0.646275678,2.662474184,2.561377895,10.20904163,151.9293037,141.5958038,-2.537857535,397.2804355,353.4748405,0,0,0,0,1,0,200000
19:51.2,1,1,1,1,1,1,1,826236,0.067591423,0.034914009,0.046830937,0.022417095,0.029118578,0.024045709,-0.000480063,0.000381507,-0.000365611,0,0,0,0,1,0,0,0.471728991,2.670348169,2.539917644,9.636047999,151.661418,141.9012408,-1.942933785,398.2157561,353.7687178,0,0,0,0,1,0,200000
19:51.2,1,1,1,1,1,1,1,826237,0.067783827,0.035579098,0.047657915,0.022330375,0.029548518,0.023924367,-0.000464167,0.000400582,-0.00036879,0,0,0,0,1,0,0,0.367356318,2.685319912,2.514894952,9.195565216,151.4316797,142.1688304,-1.37538581,400.1120844,351.9197238,0,0,0,0,1,0,200000
19:51.3,1,1,1,1,1,1,1,826238,0.06739847,0.035062897,0.047218662,0.022460329,0.029317795,0.024005329,-0.000499138,0.000375149,-0.00036879,0,0,0,0,1,0,0,0.31159821,2.687607026,2.521072365,8.689142894,151.1826799,142.454665,-1.318935847,399.8392159,353.9701754,0,0,0,0,1,0,200000
19:51.3,1,1,1,1,1,1,1,826239,0.066855238,0.035211155,0.04787603,0.022718009,0.029317795,0.02408602,-0.000511855,0.000365611,-0.00036879,0,0,0,0,1,0,0,0.281353809,2.683070766,2.540454003,8.036994061,150.8992041,142.7893727,-1.497051035,398.3468159,357.8075347,0,0,0,0,1,0,200000
19:51.4,1,1,1,1,1,1,1,826240,0.065992554,0.035211155,0.047218662,0.022675266,0.029515668,0.023843129,-0.000508676,0.000381507,-0.000324281,0,0,0,0,1,0,0,0.244567589,2.691990727,2.534221643,7.468791685,150.6653319,143.0761494,-1.267408826,399.192473,357.7643784,0,0,0,0,1,0,200000
19:51.4,1,1,1,1,1,1,1,826241,0.065913568,0.034839327,0.047821595,0.022718009,0.029185135,0.023964882,-0.000499138,0.000359252,-0.00032746,0,0,0,0,1,0,0,0.23098109,2.694950327,2.53460451,6.857951895,150.4114383,143.3547791,-1.172799069,399.0009277,358.5922108,0,0,0,0,1,0,200000
19:51.5,1,1,1,1,1,1,1,826242,0.066307556,0.035062897,0.046942042,0.02293053,0.028985006,0.023924367,-0.000473704,0.000365611,-0.000305206,0,0,0,0,1,0,0,0.234106732,2.695618211,2.542652618,6.442120175,150.2347733,143.5547395,-1.202992255,398.5970416,360.2425265,0,0,0,0,1,0,200000
19:51.6,1,1,1,1,1,1,1,826243,0.065794911,0.035211155,0.046383853,0.022718009,0.028682194,0.024206551,-0.000432375,0.000365611,-0.000298847,0,0,0,0,1,0,0,0.232024947,2.699711898,2.548049538,6.111132094,150.1136045,143.7317736,-1.179163877,398.8316378,361.4410884,0,0,0,0,1,0,200000
19:51.6,1,1,1,1,1,1,1,826244,0.067204963,0.035137104,0.046886522,0.022803255,0.028850815,0.024246595,-0.000470525,0.000362432,-0.000321102,0,0,0,0,1,0,0,0.229553323,2.702570726,2.549139547,5.865971512,150.0215189,143.8621748,-1.125959196,398.9605187,361.9036928,0,0,0,0,1,0,200000
19:51.7,1,1,1,1,1,1,1,826245,0.067243709,0.035285051,0.045932418,0.023182984,0.029085243,0.024761274,-0.000486421,0.000359252,-0.00032746,0,0,0,0,1,0,0,4.941369223,3.810586063,3.320762369,152.1780923,178.4871259,145.8410754,574.0048391,621.1190566,391.8116716,0,0,0,0,1,0,200000
19:51.7,1,1,1,1,1,1,1,826246,0.067668451,0.035137104,0.045533741,0.023057102,0.028648351,0.024956401,-0.000460988,0.000352894,-0.000336998,0,0,0,0,1,0,0,6.088597102,4.180990432,3.689536179,228.4958184,201.6403152,153.6199316,1165.729601,781.2782597,467.8629796,0,0,0,0,1,0,200000
19:51.7,1,1,1,1,1,1,1,826247,0.068090543,0.034463487,0.044492171,0.022845759,0.028307693,0.025342149,-0.000467346,0.000330639,-0.000349715,0,0,0,0,1,0,0,6.882638033,4.398352506,4.00779344,285.5293248,216.1335372,167.5827498,1707.621442,887.10029,570.1274595,0,0,0,0,1,0,200000
19:51.8,1,1,1,1,1,1,1,826248,0.068090543,0.03468948,0.045189218,0.022675266,0.028273401,0.025188559,-0.000464167,0.000336998,-0.000343356,0,0,0,0,1,0,0,7.657332162,4.534449098,4.448961232,333.366553,225.7005735,185.8655349,2280.887349,958.7281638,725.1284023,0,0,0,0,1,0,200000
19:51.8,1,1,1,1,1,1,1,826249,0.068052279,0.035285051,0.04495807,0.022803255,0.028307693,0.025188559,-0.000457808,0.000356073,-0.000352894,0,0,0,0,1,0,0,8.296347287,4.59516924,4.898346581,374.6078236,230.9755695,207.7804642,2823.217901,995.7285002,915.0685524,0,0,0,0,1,0,200000
19:51.9,1,1,1,1,1,1,1,826250,0.068510035,0.035211155,0.045761982,0.022632442,0.028101316,0.025494814,-0.000432375,0.000346536,-0.000365611,0,0,0,0,1,0,0,8.872570992,4.59670965,5.406768854,410.7248567,232.6841713,232.621062,3350.22741,1002.893424,1154.170843,0,0,0,0,1,0,200000
19:51.9,1,1,1,1,1,1,1,826251,0.068586031,0.036160019,0.045590908,0.02293053,0.028376152,0.025722113,-0.000457808,0.000387865,-0.000394224,0,0,0,0,1,0,0,9.372019498,4.554407787,5.944971679,442.5020451,231.4123064,260.0258682,3844.90448,986.4394756,1440.72326,0,0,0,0,1,0,200000
19:52.0,1,1,1,1,1,1,1,826252,0.06835779,0.036015668,0.045533741,0.023099139,0.028614468,0.025494814,-0.000502318,0.000381507,-0.000391045,0,0,0,0,1,0,0,9.807003763,4.483444016,6.506097648,470.4570622,227.9993909,289.2789045,4303.9583,953.9265158,1774.799233,0,0,0,0,1,0,200000
19:52.0,1,1,1,1,1,1,1,826253,0.068243384,0.035943274,0.04541919,0.023224793,0.028478531,0.025111412,-0.000511855,0.000375149,-0.000381507,0,0,0,0,1,0,0,10.15039508,4.401979714,6.995163236,493.9398696,223.3525248,317.6250568,4695.350853,914.5779537,2109.69175,0,0,0,0,1,0,200000
19:52.1,1,1,1,1,1,1,1,826254,0.067321134,0.036160019,0.044725727,0.023182984,0.028444446,0.024995244,-0.000483242,0.000384686,-0.000349715,0,0,0,0,1,0,0,10.30874925,4.345105202,7.118098674,510.0288652,218.5688172,335.0962193,4921.512439,879.8185847,2247.20152,0,0,0,0,1,0,200000
19:52.2,1,1,1,1,1,1,1,826255,0.067204963,0.036015668,0.045246821,0.022460329,0.028307693,0.024525072,-0.000457808,0.000387865,-0.000343356,0,0,0,0,1,0,0,9.115010014,3.532577902,6.768056235,502.3651305,192.3951746,344.9141483,4471.799437,653.8099847,2178.435761,0,0,0,0,1,0,200000
19:52.2,1,1,1,1,1,1,1,826256,0.066855238,0.036015668,0.045015968,0.022760672,0.028307693,0.024604058,-0.000489601,0.000371969,-0.000340177,0,0,0,0,1,0,0,8.447444618,3.311404553,6.836681623,488.5306427,174.2852392,343.9328099,3802.243491,546.067961,1958.517766,0,0,0,0,1,0,200000
19:52.2,1,1,1,1,1,1,1,826257,0.065715688,0.036589659,0.045476502,0.02334977,0.028273401,0.024166441,-0.000524572,0.000381507,-0.000314743,0,0,0,0,1,0,0,8.464255432,3.022625012,7.182365692,468.3392013,182.7295836,335.0805599,2958.602022,370.7031028,1836.63305,0,0,0,0,1,0,200000
19:52.2,1,1,1,1,1,1,1,826258,0.066346826,0.036873304,0.045705028,0.023761614,0.028273401,0.024445831,-0.00053411,0.000378328,-0.000324281,0,0,0,0,1,0,0,8.961914961,5.000777017,7.021132747,437.2651765,197.7312238,333.6398345,2268.912753,-171.7222261,1643.327558,0,0,0,0,1,0,200000
19:52.3,1,1,1,1,1,1,1,826259,0.065755312,0.036660776,0.045073792,0.023761614,0.028478531,0.024643456,-0.000565902,0.000378328,-0.000295668,0,0,0,0,1,0,0,8.663657744,7.425177403,8.70673764,410.6492508,190.9384991,334.5999772,1699.322066,-425.3836585,867.8414715,-257.1475333,-346.1059915,0.360406192,-7.094873022,0.015711551,0,200000
19:52.4,1,1,1,1,1,1,1,826260,0.066425296,0.036731755,0.04495807,0.023883783,0.02854658,0.024445831,-0.000559544,0.000371969,-0.000305206,0,0,0,0,1,0,0,10.9961402,8.180555576,10.38959747,386.9442901,204.2914757,317.532735,508.3675003,-674.7820321,476.3626815,-793.8977036,-491.0223019,0.794131127,-15.43955254,0.027896526,0,200000
19:52.4,1,1,1,1,1,1,1,826261,0.066894187,0.035943274,0.044609102,0.023924367,0.02854658,0.024366332,-0.000521393,0.000352894,-0.000276593,0,0,0,0,1,0,0,11.84419167,12.26366408,12.03816992,355.0456295,214.3265251,309.5612365,-28.58728789,-1300.711728,-424.5651449,-1407.127226,-516.5950291,1.337596058,-26.01084885,0.027701648,0,200000
19:52.5,1,1,1,1,1,1,1,826262,0.066464497,0.036015668,0.044374931,0.023638814,0.028341943,0.024206551,-0.000511855,0.000349715,-0.000257517,0,0,0,0,1,0,0,15.33898862,13.74745266,14.31625859,330.3291587,231.6251333,284.5486205,-1314.939156,-1694.195766,-1024.311391,-2093.450961,-523.3411233,1.959319808,-38.19876409,0.025203442,0,200000
19:52.5,1,1,1,1,1,1,1,826263,0.066071445,0.035798048,0.04495807,0.023474082,0.028783486,0.024485484,-0.000499138,0.000365611,-0.00028613,0,0,0,0,1,0,0,16.86529551,16.84562645,17.78765939,306.3493883,240.0615224,266.079311,-2112.32556,-2096.879825,-2291.607348,-2846.547053,-514.2185548,2.703006948,-52.86180711,0.022166644,0,200000
19:52.6,1,1,1,1,1,1,1,826264,0.066660154,0.035943274,0.044609102,0.023883783,0.028749761,0.024564597,-0.000543647,0.000343356,-0.000289309,0,0,0,0,1,0,0,19.77249405,20.78312867,19.99650173,287.4758251,256.6356363,255.7447047,-2800.536084,-3036.696264,-3063.449191,-3622.630143,-499.5308289,3.530233426,-69.25212149,0.019156623,0,200000
19:52.6,1,1,1,1,1,1,1,826265,0.067049755,0.035579098,0.044374931,0.024166441,0.028951517,0.024525072,-0.000553185,0.000311564,-0.000282951,0,0,0,0,1,0,0,23.62800508,23.71778004,22.75465865,272.768576,271.4417491,249.0422084,-3789.590289,-3896.608788,-3590.169048,-4405.4468,-480.4580758,4.451923281,-87.56001865,0.016604587,0,200000
19:52.7,1,1,1,1,1,1,1,826266,0.06739847,0.035505814,0.044492171,0.024005329,0.028951517,0.024045709,-0.000537289,0.000314743,-0.000260696,0,0,0,0,1,0,0,27.20780464,26.61616804,26.05787343,258.2878174,276.1960775,254.4625044,-4625.754541,-4734.209725,-4222.579832,-5172.312962,-457.5829542,5.476492452,-107.9409756,0.014506305,0,200000
19:52.8,1,1,1,1,1,1,1,826267,0.067591423,0.034914009,0.04443359,0.023843129,0.029218357,0.024005329,-0.000530931,0.000314743,-0.000270234,0,0,0,0,1,0,0,30.53588271,29.89862175,29.48745999,251.6114151,266.3577133,265.4015993,-5166.201424,-5451.73331,-5050.069498,-5867.590754,-454.9681618,6.236511648,-123.1544733,0.012633342,0,200000
19:52.8,1,1,1,1,1,1,1,826268,0.067975687,0.034311999,0.043784027,0.023802407,0.029118578,0.023597739,-0.000527751,0.000308385,-0.000257517,0,0,0,0,1,0,0,33.71063282,33.20321909,32.94013405,259.0678089,253.1883135,262.0591836,-5791.20817,-5830.518322,-5848.835009,-6465.563148,-443.2138375,7.042956165,-139.30427,0.011038357,0,200000
19:52.8,1,1,1,1,1,1,1,826269,0.068281541,0.033853466,0.043962132,0.023802407,0.028951517,0.023308185,-0.000524572,0.000302026,-0.000270234,0,0,0,0,1,0,0,37.130122,36.73007472,36.07312332,254.8289825,257.8845437,249.737317,-6417.868439,-6428.019408,-6089.894417,-6949.711203,-430.122018,7.78946055,-154.2930859,0.009603522,0,200000
19:52.8,1,1,1,1,1,1,1,826270,0.067552877,0.034236003,0.043485564,0.023802407,0.028917989,0.023099139,-0.000543647,0.000317922,-0.000260696,0,0,0,0,1,0,0,39.69360231,40.58146181,39.46339346,243.9798025,248.2052614,254.9586607,-6335.151964,-6892.391039,-6807.323737,-7308.149086,-410.0559247,8.581413313,-170.1906469,0.008376355,0,200000
19:52.9,1,1,1,1,1,1,1,826271,0.067552877,0.034006997,0.043185038,0.023761614,0.028884422,0.02254655,-0.000581798,0.000308385,-0.000235263,0,0,0,0,1,0,0,42.8943509,43.18662546,43.47034784,244.6997644,242.1558781,239.9669423,-6968.96787,-6743.570083,-6966.354138,-7509.754762,-389.4623985,9.273855889,-184.1329889,0.007246872,0,200000
19:53.0,1,1,1,1,1,1,1,826272,0.067975687,0.034083503,0.043485564,0.023802407,0.028985006,0.022760672,-0.000569081,0.000324281,-0.000251159,0,0,0,0,1,0,0,46.34173009,46.09286673,46.85659263,232.6637762,230.9868717,237.6775717,-6850.965009,-6843.011269,-7124.317561,-7537.886697,-361.3482997,10.02236642,-199.2025859,0.006209823,0,200000
19:53.0,1,1,1,1,1,1,1,826273,0.068510035,0.033853466,0.04324531,0.024005329,0.028444446,0.022460329,-0.000588157,0.000302026,-0.000232083,0,0,0,0,1,0,0,50.19990562,49.83276807,48.93849632,220.2339128,226.8589554,223.5494843,-6713.711299,-7049.384268,-6606.791252,-7365.458043,-329.8955274,10.71634517,-213.2036888,0.005240661,0,200000
19:53.1,1,1,1,1,1,1,1,826274,0.068548044,0.033153778,0.043185038,0.023924367,0.02881717,0.022199659,-0.000565902,0.000308385,-0.000232083,0,0,0,0,1,0,0,52.5610836,52.71929721,53.12941238,214.050449,211.3139166,208.9754417,-6563.992604,-6232.648865,-6474.140087,-6971.216404,-292.445889,11.43121079,-227.6325827,0.004337393,0,200000
19:53.1,1,1,1,1,1,1,1,826275,0.069190991,0.033388636,0.043485564,0.023883783,0.028850815,0.022112086,-0.000553185,0.000324281,-0.000238442,0,0,0,0,1,0,0,56.44972405,55.55980691,56.00520285,199.9970227,194.4814806,198.5306555,-5904.876819,-5722.119071,-5952.576929,-6376.970724,-252.6834528,12.09197035,-240.9955385,0.003489376,0,200000
19:53.2,1,1,1,1,1,1,1,826276,0.06986531,0.033310534,0.04354542,0.023720752,0.028985006,0.022286888,-0.000565902,0.000324281,-0.000260696,0,0,0,0,1,0,0,58.25493193,59.09340539,59.28570847,187.1460404,180.9005313,188.7739869,-5390.508002,-5343.629004,-5956.032248,-6055.477614,-231.7308808,12.51408251,-249.5375304,0.00297313,0,200000
19:53.3,1,1,1,1,1,1,1,826277,0.069753376,0.033776438,0.043365604,0.023964882,0.029118578,0.022417095,-0.000578619,0.000340177,-0.000257517,0,0,0,0,1,0,0,61.21263635,60.80843078,61.12393583,180.4611047,177.6314647,181.048891,-5693.955165,-5564.113746,-5801.832834,-6171.092554,-226.9109177,13.0217177,-259.7036478,0.002805721,0,200000
19:53.3,1,1,1,1,1,1,1,826278,0.069303833,0.034159838,0.044080469,0.023843129,0.029151876,0.022503481,-0.000559544,0.000346536,-0.000273413,0,0,0,0,1,0,0,62.14593014,62.9538095,62.634615,177.1478398,174.3400801,180.7076329,-5611.825339,-5800.210678,-6158.280178,-6342.410293,-227.1136075,13.37036607,-266.675157,0.002738012,0,200000
19:53.3,1,1,1,1,1,1,1,826279,0.070125794,0.034236003,0.044316196,0.023720752,0.029218357,0.022589537,-0.00057544,0.000343356,-0.000276593,0,0,0,0,1,0,0,63.16224123,63.1505447,64.07711712,181.6752189,174.8565548,179.2671588,-6109.503168,-5710.433514,-6371.323786,-6558.432665,-231.2776738,13.57701941,-270.7931882,0.002751709,0,200000
19:53.3,1,1,1,1,1,1,1,826280,0.070680742,0.033621854,0.044316196,0.023924367,0.029350867,0.022718009,-0.000591336,0.000314743,-0.000276593,0,0,0,0,1,0,0,64.18584781,63.16340899,63.98615419,185.7188544,183.8822639,180.7271978,-6617.952968,-6134.340996,-6279.0978,-6856.176059,-241.3886549,13.60025204,-271.2292284,0.002852199,0,200000
19:53.4,1,1,1,1,1,1,1,826281,0.070643881,0.033776438,0.045476502,0.023843129,0.028884422,0.022972798,-0.000581798,0.000311564,-0.000289309,0,0,0,0,1,0,0,64.13389554,63.31363147,63.02933165,188.7274164,192.3313591,189.0571848,-6696.229733,-6730.604035,-6400.762241,-7142.075351,-251.4931543,13.60025204,-271.1874841,0.003005668,0,200000
19:53.4,1,1,1,1,1,1,1,826282,0.071121582,0.033776438,0.04530435,0.02408602,0.028580544,0.023266526,-0.000588157,0.000305206,-0.000305206,0,0,0,0,1,0,0,62.70566104,63.01203111,61.9713026,194.2554022,197.6183933,198.3279633,-6656.872209,-7053.485037,-6830.207498,-7397.084842,-263.2879243,13.45768522,-268.2878723,0.003216869,0,200000
19:53.5,1,1,1,1,1,1,1,826283,0.071741469,0.034236003,0.045476502,0.023761614,0.028884422,0.023308185,-0.000600873,0.000314743,-0.000311564,0,0,0,0,1,0,0,60.9382179,60.99297506,61.10157357,202.3582528,204.456425,204.262485,-7056.130407,-7087.33735,-7109.908975,-7649.577266,-279.5724593,13.11030753,-261.2849715,0.003513186,0,200000
19:53.6,1,1,1,1,1,1,1,826284,0.071304461,0.034764484,0.045189218,0.023597739,0.028614468,0.023474082,-0.000584977,0.000330639,-0.000305206,0,0,0,0,1,0,0,59.51319455,58.57313068,58.3362616,209.4187832,213.2158326,210.9778089,-7422.30592,-7523.498899,-7202.403256,-7960.930524,-303.4790988,12.57472982,-250.4992501,0.003957724,0,200000
19:53.6,1,1,1,1,1,1,1,826285,0.070938232,0.03468948,0.045015968,0.023638814,0.028512576,0.023182984,-0.00061359,0.000330639,-0.000295668,0,0,0,0,1,0,0,55.55222412,55.82061134,56.07846491,220.4307092,219.4636898,217.5197217,-7860.795421,-7564.559936,-7794.212607,-8327.828781,-335.3560237,11.91195029,-237.1357642,0.004630819,0,200000
19:53.7,1,1,1,1,1,1,1,826286,0.07119479,0.034839327,0.044842049,0.02408602,0.028444446,0.023308185,-0.000623128,0.000346536,-0.000289309,0,0,0,0,1,0,0,52.68908931,51.94315678,52.26499142,226.8420756,223.4069104,225.4137545,-7788.165952,-7593.057007,-7756.81816,-8303.244098,-353.3971516,11.27810357,-224.3655336,0.005304694,0,200000
19:53.7,1,1,1,1,1,1,1,826287,0.071559707,0.034463487,0.044667452,0.023802407,0.02854658,0.02334977,-0.000629487,0.000333819,-0.00028613,0,0,0,0,1,0,0,48.21840487,49.23733685,48.63731567,224.1371561,225.9859463,231.5380339,-6880.059603,-7318.997853,-7394.890823,-7778.868368,-357.6677896,10.44466714,-207.6863596,0.005777988,0,200000
19:53.8,1,1,1,1,1,1,1,826288,0.071413964,0.034236003,0.044021341,0.023802407,0.028715998,0.023308185,-0.000648562,0.000346536,-0.000257517,0,0,0,0,1,0,0,45.52324681,44.33773615,45.33785559,230.4781014,230.0781512,224.7325086,-6892.732937,-6419.051725,-6485.346519,-7168.829929,-357.1382094,9.644650942,-191.6828874,0.006273589,0,200000
19:53.9,1,1,1,1,1,1,1,826289,0.070754406,0.034006997,0.043784027,0.023432718,0.028682194,0.023474082,-0.000607232,0.000336998,-0.00024798,0,0,0,0,1,0,0,41.58862165,41.77584848,40.78694145,225.3456369,227.6310559,233.7325413,-5706.569836,-6167.246631,-5967.099224,-6504.13929,-355.3093959,8.800280967,-174.8052706,0.006819945,0,0
19:53.9,1,1,1,1,1,1,1,826290,0.070827993,0.034083503,0.044080469,0.02293053,0.028410319,0.023515373,-0.000581798,0.000346536,-0.000257517,0,0,0,0,1,0,0,37.29069687,37.97922989,37.83786773,229.7402643,227.3505567,226.0148331,-5150.42154,-5117.706675,-5345.415915,-5744.456531,-347.2437793,7.957106128,-157.9740874,0.007339572,0,0
19:53.9,1,1,1,1,1,1,1,826291,0.070274209,0.034236003,0.043185038,0.022589537,0.02881717,0.023761614,-0.00057226,0.000352894,-0.000289309,0,0,0,0,1,0,0,33.67500499,33.98318452,34.36455888,220.8948178,227.9589112,228.907698,-4394.521381,-4507.700221,-4545.478917,-5004.136704,-339.0174903,7.104306554,-140.9543369,0.00796555,0,0
19:53.9,1,1,1,1,1,1,1,826292,0.069491496,0.033621854,0.043124682,0.022112086,0.029051869,0.023224793,-0.000550006,0.000336998,-0.000270234,0,0,0,0,1,0,0,30.09342155,30.2579175,30.88912771,225.3771924,217.5390711,232.1878686,-3689.376132,-3726.428605,-4046.012752,-4329.141787,-331.3662634,6.293003705,-124.7569938,0.008764338,0,0
19:54.0,1,1,1,1,1,1,1,826293,0.068281541,0.033853466,0.042638754,0.022417095,0.029018457,0.023432718,-0.000546827,0.000340177,-0.000254338,0,0,0,0,1,0,0,26.40701322,26.77291843,27.45007284,234.4496089,214.6927311,224.5345908,-3142.144705,-2968.884279,-3507.902432,-3704.759003,-325.4413518,5.489246071,-108.7072749,0.009815979,0,0
19:54.0,1,1,1,1,1,1,1,826294,0.067937358,0.033153778,0.043664887,0.022632442,0.028985006,0.023099139,-0.000562723,0.000317922,-0.000254338,0,0,0,0,1,0,0,22.74072958,23.73033896,23.94025332,237.8657356,219.8348062,214.3228071,-2515.12304,-2313.400158,-2946.749674,-3082.215749,-316.3158432,4.704241528,-93.04937757,0.011005525,0,0
19:54.1,1,1,1,1,1,1,1,826295,0.067514308,0.032917244,0.043962132,0.022589537,0.028749761,0.023432718,-0.000537289,0.000311564,-0.000270234,0,0,0,0,1,0,0,19.5384066,20.99806126,19.99450121,236.7229934,229.4255608,204.5961908,-1800.835655,-1809.169342,-2336.818254,-2467.690134,-306.0849092,3.897528014,-76.98747721,0.01235505,0,0
19:54.2,1,1,1,1,1,1,1,826296,0.066464497,0.032996277,0.044080469,0.022243316,0.028783486,0.023224793,-0.000515034,0.000317922,-0.000251159,0,0,0,0,1,0,0,17.45679435,17.55751572,16.41398071,232.6931566,236.1964419,190.2271873,-1369.938184,-1279.254904,-1635.037908,-1895.835045,-297.7666736,3.082161022,-60.79891648,0.013696623,0,0
19:54.2,1,1,1,1,1,1,1,826297,0.066307556,0.032917244,0.044257382,0.022417095,0.028273401,0.023308185,-0.000508676,0.000308385,-0.000257517,0,0,0,0,1,0,0,14.26266576,13.86114547,14.70033371,232.8989349,234.125576,173.9646441,-1027.711295,-486.5840695,-1349.501076,-1396.882074,-288.0465838,2.351504668,-46.30931929,0.015325806,0,0
19:54.3,1,1,1,1,1,1,1,826298,0.066660154,0.032519197,0.045015968,0.022024165,0.028307693,0.023182984,-0.000508676,0.000282951,-0.000279772,0,0,0,0,1,0,0,10.98436889,12.65008384,11.06137598,225.6392882,230.1690778,166.470287,-241.5465572,-268.2679698,-1105.383622,-956.5078763,-278.3152724,1.66965382,-32.81881486,0.017197024,0,0
19:54.3,1,1,1,1,1,1,1,826299,0.066660154,0.033310534,0.044900097,0.022460329,0.028580544,0.022675266,-0.00053411,0.000282951,-0.000263876,0,0,0,0,1,0,0,9.601489784,8.86054199,9.225419289,226.876728,230.1079247,138.3151643,-157.5866421,214.3154072,-612.4085005,-571.3983993,-258.6841168,1.073592445,-21.09311098,0.017638813,0,0
19:54.4,1,1,1,1,1,1,1,826300,0.066150242,0.033310534,0.044900097,0.022675266,0.028783486,0.022373777,-0.000559544,0.000314743,-0.00024798,0,0,0,0,1,0,0,7.14873315,8.354286902,5.998942477,220.6581211,221.5372381,133.9915437,493.4651393,287.2598559,-471.463087,-263.0663716,-218.2309038,0.584591409,-11.51119644,0.0154494,0,0
19:54.4,1,1,1,1,1,1,1,826301,0.066660154,0.033310534,0.044900097,0.023224793,0.028715998,0.022155916,-0.00057226,0.000305206,-0.000225725,0,0,0,0,1,0,0,4.907945578,6.040405063,5.833422149,229.6088364,211.3402669,105.4873581,603.9159215,745.0788958,-376.9714404,-8.478954947,-15.98368622,0.25352407,-5.065668482,0.000949204,0,0
19:54.4,1,1,1,1,1,1,1,826302,0.066816267,0.034159838,0.044842049,0.023597739,0.028580544,0.022589537,-0.000604053,0.000321102,-0.000222546,0,0,0,0,1,0,0,4.980848854,3.975740836,4.630711949,225.4682547,213.156639,71.44127821,672.3975741,780.2190267,-10.57375732,0,0,0.010093714,0,1,0,0
19:54.5,1,1,1,1,1,1,1,826303,0.06774539,0.033853466,0.045073792,0.023474082,0.028273401,0.022155916,-0.000578619,0.000311564,-0.000225725,0,0,0,0,1,0,0,5.000312,3.375887852,3.604491892,216.194022,206.0726259,74.03576992,889.2945236,666.6041821,170.3227992,275.0120874,1284.147592,0.112081229,2.045070212,0.08768389,0,0
19:54.5,1,1,1,1,1,1,1,826304,0.067937358,0.034083503,0.044316196,0.023474082,0.028170276,0.022330375,-0.000584977,0.000321102,-0.000219367,0,0,0,0,1,0,0,5.096704691,3.157699808,3.480631184,211.6469496,188.2629105,88.40806054,1026.143916,563.4580079,237.3194888,307.7017044,1176.738,0.139481094,2.497017037,0.104890505,6.25E-05,0
19:54.6,1,1,1,1,1,1,1,826305,0.068205206,0.034159838,0.044139519,0.023432718,0.028614468,0.022460329,-0.000569081,0.000340177,-0.000222546,0,0,0,0,1,0,0,5.099620708,2.721283964,3.709246188,209.4552187,163.5607644,102.1162675,1030.931573,411.5167813,304.7583107,297.0901229,967.9578975,0.163424401,2.930914354,0.103281291,0.000135835,0
19:54.7,1,1,1,1,1,1,1,826306,0.068128786,0.034387826,0.043902844,0.023638814,0.028478531,0.022589537,-0.000588157,0.000343356,-0.000238442,0,0,0,0,1,0,0,4.898464087,2.188975782,3.973703405,210.7663987,141.3271968,115.5987614,992.875498,274.7588872,393.9772189,276.6929857,907.4557762,0.163424401,2.91168281,0.109165218,0.000208701,0
19:54.7,1,1,1,1,1,1,1,826307,0.06835779,0.034839327,0.043784027,0.023308185,0.028444446,0.022373777,-0.00057226,0.000349715,-0.000225725,0,0,0,0,1,0,0,4.601327542,1.7211007,4.176861822,212.7060955,122.4252262,129.8388114,944.4534136,175.5713355,490.7063073,259.6939136,1269.654673,0.111500507,1.953203699,0.124127885,0.00025758,0
19:54.8,1,1,1,1,1,1,1,826308,0.067552877,0.035358792,0.043365604,0.023597739,0.028341943,0.022888184,-0.000556364,0.000371969,-0.000225725,0,0,0,0,1,0,0,4.271567683,1.394661749,4.322839551,212.2311376,103.9575376,144.6463652,878.6740547,105.9258657,584.5045879,246.1771915,2504.49081,0.054696656,0.938641502,0.141957134,0,0
19:54.8,1,1,1,1,1,1,1,826309,0.068699867,0.035432379,0.04354542,0.023515373,0.027788876,0.023308185,-0.000543647,0.000384686,-0.000232083,0,0,0,0,1,0,0,3.933643487,1.233241766,4.417080688,209.2019094,86.54399708,158.9165035,800.1272884,62.08022268,669.4948939,0,0,0,0,1,0,0
19:54.9,1,1,1,1,1,1,1,826310,0.069454004,0.035579098,0.043124682,0.023638814,0.027788876,0.023515373,-0.000540468,0.000365611,-0.000225725,0,0,0,0,1,0,0,3.599930265,1.233485545,4.462180929,204.1103469,71.59524986,172.1308261,715.9392567,41.03695472,741.2031417,0,0,0,0,1,0,0
19:54.9,1,1,1,1,1,1,1,826311,0.069303833,0.035137104,0.043365604,0.023597739,0.027962885,0.023720752,-0.00053411,0.000371969,-0.000232083,0,0,0,0,1,0,0,3.278417661,1.334339591,4.46852889,197.4680818,60.69797628,183.8675663,631.8412852,37.47066192,799.57709,0,0,0,0,1,0,0
19:55.0,1,1,1,1,1,1,1,826312,0.069491496,0.035285051,0.043724498,0.023182984,0.028101316,0.023679818,-0.000511855,0.000378328,-0.000222546,0,0,0,0,1,0,0,2.981300714,1.475672091,4.45105086,189.48354,55.99774603,194.1375709,551.8421655,47.61826912,844.9782835,0,0,0,0,1,0,0
19:55.0,1,1,1,1,1,1,1,826313,0.069491496,0.034914009,0.043365604,0.023474082,0.028239068,0.024045709,-0.000559544,0.000394224,-0.000216187,0,0,0,0,1,0,0,2.700237489,1.615023496,4.40941224,180.45833,58.40536759,203.1674392,476.6762835,67.29468733,878.1435335,0,0,0,0,1,0,0
19:55.0,1,1,1,1,1,1,1,826314,0.070237134,0.035579098,0.043843476,0.02334977,0.028239068,0.024166441,-0.000556364,0.000400582,-0.000225725,0,0,0,0,1,0,0,2.444603235,1.755610085,4.360911071,170.938829,65.54749235,210.8170588,409.0126803,93.59364771,902.9904825,0,0,0,0,1,0,0
19:55.1,1,1,1,1,1,1,1,826315,0.069528968,0.036303797,0.04354542,0.023474082,0.027893411,0.023883783,-0.000588157,0.000406941,-0.00020347,0,0,0,0,1,0,0,2.402598376,2.821300797,4.415044448,164.2089193,71.04866861,210.393556,374.2895754,124.0258806,859.4313375,0,0,0,0,1,0,0
19:55.1,1,1,1,1,1,1,1,826316,0.069491496,0.035725214,0.043902844,0.023597739,0.028066772,0.023843129,-0.000584977,0.000391045,-0.000190753,0,0,0,0,1,0,0,2.322141046,2.879320709,4.204616448,159.3887516,72.0748087,205.5864057,348.8153265,132.2359723,792.5858142,0,0,0,0,1,0,0
19:55.2,1,1,1,1,1,1,1,826317,0.068889175,0.034988532,0.044139519,0.023638814,0.028170276,0.024126264,-0.000578619,0.000378328,-0.000193933,0,0,0,0,1,0,0,2.275040673,2.903349981,3.988398519,155.661695,73.46432368,199.7805973,332.3888146,138.3912704,723.8250787,0,0,0,0,1,0,0
19:55.3,1,1,1,1,1,1,1,826318,0.069190991,0.035505814,0.043784027,0.023515373,0.028444446,0.023597739,-0.000578619,0.000381507,-0.000190753,0,0,0,0,1,0,0,2.253742161,2.890272029,3.768561622,153.1134522,74.58282059,192.9420506,323.0516543,140.4362403,653.7554911,0,0,0,0,1,0,0
19:55.3,1,1,1,1,1,1,1,826319,0.06774539,0.035285051,0.044021341,0.023391281,0.028580544,0.023556592,-0.00053411,0.00036879,-0.000193933,0,0,0,0,1,0,0,2.263332331,2.859627493,3.538725631,151.9310369,75.05996453,185.033783,321.8751563,138.9604412,581.3442816,0,0,0,0,1,0,0
19:55.4,1,1,1,1,1,1,1,826320,0.066307556,0.034764484,0.044374931,0.023141099,0.028307693,0.023843129,-0.000499138,0.000359252,-0.00020665,0,0,0,0,1,0,0,2.303163678,2.819715538,3.305142129,151.9720466,74.43265002,175.9144403,328.304434,133.7636713,507.4692891,0,0,0,0,1,0,0
19:55.4,1,1,1,1,1,1,1,826321,0.066150242,0.035062897,0.04419849,0.023014989,0.028749761,0.023802407,-0.00049278,0.000378328,-0.000200291,0,0,0,0,1,0,0,2.361578081,2.771773418,3.061367224,153.0907182,72.36039368,165.7540409,340.3966478,124.788734,432.9761892,0,0,0,0,1,0,0
19:55.5,1,1,1,1,1,1,1,826322,0.066699216,0.034914009,0.044257382,0.023679818,0.028749761,0.023679818,-0.000518214,0.000371969,-0.000219367,0,0,0,0,1,0,0,2.428968823,2.716060065,2.812498698,155.2263501,68.33544291,154.1727797,356.4858094,111.7223565,358.9505011,0,0,0,0,1,0,0
19:55.5,1,1,1,1,1,1,1,826323,0.066307556,0.035285051,0.044374931,0.023308185,0.028580544,0.023679818,-0.000480063,0.000365611,-0.000238442,0,0,0,0,1,0,0,2.501011252,2.659248171,2.559651514,158.2390988,61.54296615,140.543627,375.5628733,95.23857099,285.0021282,0,0,0,0,1,0,0
19:55.5,1,1,1,1,1,1,1,826324,0.06507843,0.035358792,0.044842049,0.023556592,0.028478531,0.023638814,-0.000486421,0.000371969,-0.000228904,0,0,0,0,1,0,0,2.577426989,2.592787335,2.28093624,161.8308037,51.57236603,124.8915033,397.3666907,75.26716762,210.1965052,0,0,0,0,1,0,0
19:55.6,1,1,1,1,1,1,1,826325,0.06531813,0.034914009,0.04541919,0.023638814,0.028648351,0.024166441,-0.000470525,0.000381507,-0.0002448,0,0,0,0,1,0,0,2.485450929,1.392146178,1.718167728,162.8145787,43.80072041,119.2053275,395.9519266,52.13791549,195.5630796,0,0,0,0,1,0,0
19:55.6,1,1,1,1,1,1,1,826326,0.06507843,0.035432379,0.045189218,0.023924367,0.028648351,0.024406114,-0.000460988,0.000397403,-0.000263876,0,0,0,0,1,0,0,2.473416962,1.286655952,1.71994318,162.8120713,43.7180466,119.2645335,395.3508837,50.77418989,198.5040254,0,0,0,0,1,0,0
19:55.7,1,1,1,1,1,1,1,826327,0.064797659,0.03623198,0.044725727,0.024166441,0.028985006,0.024286573,-0.000470525,0.000419658,-0.000257517,0,0,0,0,1,0,0,2.469815833,1.222212185,1.720403447,162.7629256,43.48341785,119.4434524,395.3063833,49.88753627,200.3527812,0,0,0,0,1,0,0
19:55.7,1,1,1,1,1,1,1,826328,0.065118441,0.035652231,0.045131542,0.024326485,0.028715998,0.024722064,-0.000486421,0.000387865,-0.000251159,0,0,0,0,1,0,0,2.474194648,1.207854422,1.714726949,162.7219099,43.32785251,119.5530989,396.2548671,50.14072976,200.5152629,0,0,0,0,1,0,0
19:55.8,1,1,1,1,1,1,1,826329,0.065357995,0.035285051,0.045246821,0.024406114,0.028783486,0.024445831,-0.000515034,0.000387865,-0.000238442,0,0,0,0,1,0,0,2.479412824,1.202983716,1.712220643,162.6661479,43.1343089,119.6849727,397.0970067,50.19861783,200.7001469,0,0,0,0,1,0,0
19:55.9,1,1,1,1,1,1,1,826330,0.065517211,0.03623198,0.04530435,0.024525072,0.028715998,0.024604058,-0.000524572,0.000397403,-0.0002448,0,0,0,0,1,0,0,2.480346561,1.190588729,1.717892715,162.6241594,42.94580869,119.8198322,397.239202,49.72348846,201.863785,0,0,0,0,1,0,0
19:55.9,1,1,1,1,1,1,1,826331,0.066071445,0.036375473,0.045189218,0.024206551,0.027823765,0.024485484,-0.000530931,0.000365611,-0.000238442,0,0,0,0,1,0,0,2.479531005,1.177851867,1.727576346,162.6397602,42.95202193,119.8207928,397.1595789,49.29173417,203.1570468,0,0,0,0,1,0,0
19:56.0,1,1,1,1,1,1,1,826332,0.065755312,0.036160019,0.045131542,0.023761614,0.02785861,0.024445831,-0.00053411,0.00036879,-0.000228904,0,0,0,0,1,0,0,2.479729361,1.17250427,1.734174386,162.6492301,42.99384915,119.7878933,397.222257,49.17547676,203.9144508,0,0,0,0,1,0,0
19:56.0,1,1,1,1,1,1,1,826333,0.065755312,0.036087916,0.04495807,0.024045709,0.028135817,0.024366332,-0.000527751,0.000381507,-0.000216187,0,0,0,0,1,0,0,2.480305431,1.169543423,1.738111892,162.631532,42.97200919,119.7910881,397.2997694,49.04164224,204.4406349,0,0,0,0,1,0,0
19:56.1,1,1,1,1,1,1,1,826334,0.066110855,0.036087916,0.043843476,0.023964882,0.028478531,0.024604058,-0.000495959,0.000384686,-0.000225725,0,0,0,0,1,0,0,2.481809946,1.168777525,1.739953677,162.6227884,42.9624466,119.8007869,397.4937113,49.00316486,204.707296,0,0,0,0,1,0,0
19:56.1,1,1,1,1,1,1,1,826335,0.066933112,0.036375473,0.043724498,0.023843129,0.028341943,0.024286573,-0.000473704,0.000365611,-0.000232083,0,0,0,0,1,0,0,2.48140527,1.167855985,1.746623647,162.6209637,42.95698792,119.8124316,397.3807326,48.94537252,205.5457063,0,0,0,0,1,0,0
19:56.1,1,1,1,1,1,1,1,826336,0.066933112,0.035943274,0.043902844,0.023391281,0.028478531,0.024166441,-0.000480063,0.000346536,-0.000235263,0,0,0,0,1,0,0,2.482879746,1.16480977,1.752048155,162.61079,42.95467492,119.8100439,397.571733,48.81262235,206.1917494,0,0,0,0,1,0,0
19:56.2,1,1,1,1,1,1,1,826337,0.067243709,0.035137104,0.044021341,0.022972798,0.028307693,0.024406114,-0.000470525,0.00032746,-0.000260696,0,0,0,0,1,0,0,2.47286603,1.620722166,2.064618029,162.3208178,43.78409455,121.1575617,392.4796662,55.34524193,226.4604825,0,0,0,0,1,0,0
19:56.2,1,1,1,1,1,1,1,826338,0.067243709,0.035285051,0.04419849,0.022632442,0.028580544,0.02408602,-0.000476884,0.000330639,-0.000276593,0,0,0,0,1,0,0,2.37645082,1.972159961,2.520323982,157.4939587,62.88989801,140.2471438,363.6147134,100.2586909,326.4393621,0,0,0,0,1,0,0
19:56.3,1,1,1,1,1,1,1,826339,0.067010896,0.035579098,0.044080469,0.02254655,0.028376152,0.024206551,-0.000470525,0.000349715,-0.00028613,0,0,0,0,1,0,0,2.272462569,2.188076402,2.836477908,151.9583933,78.5859255,156.6530733,333.7409298,142.5339076,416.3772853,0,0,0,0,1,0,0
19:56.3,1,1,1,1,1,1,1,826340,0.067514308,0.034614313,0.043724498,0.022632442,0.028341943,0.023515373,-0.000448271,0.000333819,-0.000276593,0,0,0,0,1,0,0,2.15706417,2.35896224,3.082349545,145.565646,93.15271946,171.276105,302.1850166,185.7001809,499.3677562,0,0,0,0,1,0,0
19:56.4,1,1,1,1,1,1,1,826341,0.06739847,0.034614313,0.043902844,0.022675266,0.028341943,0.023474082,-0.000445091,0.000359252,-0.000289309,0,0,0,0,1,0,0,2.023130483,2.543739633,3.313371743,138.3253217,106.6985461,184.3394346,267.6982516,234.8958296,581.9830109,0,0,0,0,1,0,0
19:56.5,1,1,1,1,1,1,1,826342,0.066972016,0.034538982,0.043784027,0.022760672,0.028135817,0.023638814,-0.000419658,0.000336998,-0.000289309,0,0,0,0,1,0,0,1.872401946,2.739571235,3.523485974,130.1028861,119.9493464,196.2160629,230.882347,290.3646419,662.2710277,0,0,0,0,1,0,0
19:56.5,1,1,1,1,1,1,1,826343,0.067783827,0.034387826,0.044783926,0.022460329,0.028032185,0.023720752,-0.000445091,0.000324281,-0.000308385,0,0,0,0,1,0,0,1.699854173,2.983228221,3.721117149,121.0563836,130.9718886,206.0184692,190.7685756,352.021405,737.4505526,0,0,0,0,1,0,0
19:56.6,1,1,1,1,1,1,1,826344,0.067359813,0.034538982,0.04530435,0.022024165,0.027543417,0.023679818,-0.000441912,0.000305206,-0.000314743,0,0,0,0,1,0,0,1.5165284,3.227276864,3.89061904,110.8708675,140.5509216,214.0078191,149.0339758,414.382622,803.4865973,0,0,0,0,1,0,0
19:56.6,1,1,1,1,1,1,1,826345,0.066855238,0.033544295,0.04530435,0.021980072,0.027472884,0.023964882,-0.000464167,0.000292489,-0.000308385,0,0,0,0,1,0,0,1.321501873,3.469536574,4.023537796,99.00187367,150.0947176,220.8699397,106.5195578,481.0025857,859.633193,0,0,0,0,1,0,0
19:56.6,1,1,1,1,1,1,1,826346,0.067166194,0.034083503,0.045015968,0.021713637,0.02733127,0.023802407,-0.00045145,0.000305206,-0.000295668,0,0,0,0,1,0,0,1.341632184,3.930604425,4.16317188,85.01532965,164.201224,227.6495388,69.77568123,602.2675252,918.6823259,0,0,0,0,1,0,0
19:56.7,1,1,1,1,1,1,1,826347,0.06774539,0.034538982,0.045015968,0.02175827,0.026757321,0.023802407,-0.000429195,0.000295668,-0.000292489,0,0,0,0,1,0,0,2.440114866,4.743707771,4.086699283,74.5139395,186.8134817,232.1792218,98.95375476,851.7449277,934.1622669,0,0,0,0,1,0,0
19:56.7,1,1,1,1,1,1,1,826348,0.067706931,0.035211155,0.044667452,0.021847261,0.026244821,0.023679818,-0.000394224,0.000305206,-0.000282951,0,0,0,0,1,0,0,4.961928989,5.703512827,3.946800893,92.4313509,204.5877291,220.6619522,364.0706948,1123.881096,797.7319929,0,0,0,0,1,0,0
19:56.8,1,1,1,1,1,1,1,826349,0.068433955,0.035505814,0.043843476,0.021891621,0.02628176,0.023964882,-0.000403762,0.000289309,-0.000295668,0,0,0,0,1,0,0,7.556377007,5.873952326,5.78783408,128.6651836,211.4571416,208.1588586,891.258827,1184.710817,811.7566682,0,0,0,0,1,0,0
19:56.8,1,1,1,1,1,1,1,826350,0.068319676,0.035725214,0.044257382,0.02135322,0.026392265,0.024604058,-0.00041012,0.000295668,-0.000305206,0,0,0,0,1,0,0,8.384685043,7.442539053,9.305529457,152.6270792,206.7344019,211.2850952,1180.659604,1188.460886,1344.51165,844.9306732,1685.15717,0.247613047,4.787976894,0.033173544,0,0
19:56.9,1,1,1,1,1,1,1,826351,0.067475718,0.035798048,0.044257382,0.021262161,0.02686587,0.024761274,-0.000403762,0.000292489,-0.000317922,0,0,0,0,1,0,0,10.06909183,11.45087303,10.282854,154.1749133,217.2840038,214.9277454,1252.753654,1870.840851,1605.703016,1160.390262,909.7440845,0.624851438,12.18025042,0.025348293,0.000304814,38202.69772
19:56.9,1,1,1,1,1,1,1,826352,0.06708859,0.035870735,0.044316196,0.020893957,0.026973983,0.024643456,-0.000391045,0.000314743,-0.000311564,0,0,0,0,1,0,0,13.83923896,12.28165912,12.96540281,178.2929546,223.7394084,205.1111267,2095.327998,2073.199898,1758.322024,1527.887235,703.3282407,1.058937841,20.74457915,0.020500621,0.000823951,27831.64473
19:57.0,1,1,1,1,1,1,1,826353,0.066307556,0.036087916,0.044374931,0.021078863,0.027045818,0.024839509,-0.000375149,0.000314743,-0.000314743,0,0,0,0,1,0,0,15.09370635,16.29439838,15.53620525,186.0807617,227.3525655,213.5783252,2211.952247,2673.919263,2426.807105,1957.006561,586.0613669,1.622377672,31.88750722,0.017260045,0.001621943,20754.28584
19:57.1,1,1,1,1,1,1,1,826354,0.066660154,0.035798048,0.044316196,0.020800888,0.02733127,0.024800422,-0.000356073,0.000321102,-0.000321102,0,0,0,0,1,0,0,18.98651581,17.63592433,18.87541482,206.3765051,233.7875746,209.4666188,3193.010698,2939.383548,2792.911458,2455.532293,527.189268,2.257497327,44.47853468,0.014870712,0.002735029,17023.32934
19:57.1,1,1,1,1,1,1,1,826355,0.066621068,0.036731755,0.044139519,0.020986614,0.027578617,0.024956401,-0.000375149,0.000336998,-0.000336998,0,0,0,0,1,0,0,21.80870962,21.72488519,20.67541017,212.0111969,241.0110252,214.26831,3517.049427,3809.950838,3218.370535,2962.645003,476.4968491,3.007730891,59.37326945,0.012989001,0.004220858,12896.75031
19:57.2,1,1,1,1,1,1,1,826356,0.066894187,0.03623198,0.044783926,0.021443892,0.02733127,0.024722064,-0.000381507,0.000321102,-0.000343356,0,0,0,0,1,0,0,23.57378034,24.28357003,24.25082566,221.7059012,235.4043106,212.0702744,3896.068406,3892.915575,3783.310643,3298.40355,421.7372648,3.776416692,74.68496712,0.01116623,0.006089867,9746.00884
19:57.2,1,1,1,1,1,1,1,826357,0.066816267,0.035798048,0.044900097,0.021307739,0.027753943,0.024917498,-0.000400582,0.000311564,-0.000365611,0,0,0,0,1,0,0,26.67455528,25.70704697,26.80625973,226.6728801,225.0523018,206.9965336,4394.292162,3919.933861,3921.470053,3532.030446,369.6843246,4.606436429,91.23569497,0.009693324,0.008373061,6040.479114
19:57.2,1,1,1,1,1,1,1,826358,0.066738256,0.034988532,0.045476502,0.021534183,0.027997556,0.025303839,-0.000416478,0.000317922,-0.000375149,0,0,0,0,1,0,0,28.81021546,28.34979716,28.20065137,221.2363861,211.4559646,211.5577658,4339.361473,4158.079195,4184.743828,3698.947502,340.600262,5.230191414,103.7061644,0.008581559,0.010968331,7497.976292
19:57.3,1,1,1,1,1,1,1,826359,0.065913568,0.034387826,0.046439974,0.021534183,0.027997556,0.025227044,-0.000416478,0.000324281,-0.000394224,0,0,0,0,1,0,0,29.52402566,30.69575876,30.31573572,207.2770675,202.9731701,217.1872842,4011.862185,4303.750847,4610.216568,3801.388743,319.4998771,5.725098125,113.6169092,0.00772959,0.01381162,8264.485263
19:57.3,1,1,1,1,1,1,1,826360,0.066110855,0.034614313,0.046942042,0.021668913,0.028239068,0.024682791,-0.000438733,0.000336998,-0.000391045,0,0,0,0,1,0,0,31.57764874,31.529407,31.82034105,197.6265951,208.2567261,203.5208119,4273.939356,4438.110878,4265.61175,3841.413594,299.8235591,6.160661402,122.3479496,0.00702261,0.016873405,8079.762391
19:57.4,1,1,1,1,1,1,1,826361,0.066425296,0.034083503,0.047328858,0.021935891,0.028101316,0.024643456,-0.000432375,0.000330639,-0.000359252,0,0,0,0,1,0,0,33.40200164,32.41553833,32.64158725,199.6017001,199.5133605,191.2321062,4522.022694,4273.036713,4080.227596,3831.174006,284.9041589,6.462252654,128.4116631,0.006448139,0.020086936,9260.93954
19:57.4,1,1,1,1,1,1,1,826362,0.066933112,0.034311999,0.047273792,0.022503481,0.028135817,0.024445831,-0.00045145,0.000302026,-0.00036879,0,0,0,0,1,0,0,33.15904625,34.35707513,33.57110443,184.5772141,189.091089,196.4429655,3838.423405,4360.378083,4380.489329,3757.952082,269.6423132,6.694178403,133.0866753,0.005952132,0.02341746,9465.978804
19:57.5,1,1,1,1,1,1,1,826363,0.06708859,0.034311999,0.046830937,0.022243316,0.028170276,0.024525072,-0.000457808,0.000311564,-0.000352894,0,0,0,0,1,0,0,34.43353842,33.76255795,34.75836527,186.5942345,183.8783539,178.1162649,4277.657767,3848.908644,3998.926352,3633.537613,256.0744997,6.812460544,135.4985692,0.005509329,0.026808343,10409.17332
19:57.6,1,1,1,1,1,1,1,826364,0.067321134,0.034083503,0.046886522,0.022503481,0.028032185,0.024166441,-0.000470525,0.000305206,-0.000333819,0,0,0,0,1,0,0,34.74875098,34.81337065,34.13893239,169.789519,179.7523476,176.8690551,3716.922282,4091.501524,3708.871644,3458.484773,240.5785312,6.899349126,137.2778222,0.005139328,0.030243752,10029.72901
19:57.6,1,1,1,1,1,1,1,826365,0.067166194,0.033310534,0.046997496,0.022460329,0.027683946,0.023924367,-0.000470525,0.000267055,-0.000321102,0,0,0,0,1,0,0,34.13538756,34.66375392,34.75934466,170.2616431,168.7830649,171.376381,3565.733413,3608.205435,3794.926432,3295.731903,228.4158604,6.923056885,137.7834331,0.004894548,0.033691813,10307.7523
19:57.7,1,1,1,1,1,1,1,826366,0.067204963,0.033075121,0.046997496,0.022155916,0.028032185,0.023964882,-0.000460988,0.000257517,-0.00032746,0,0,0,0,1,0,0,34.66434846,33.96083324,34.67233854,171.9134728,171.3639273,168.7121867,3810.44834,3578.96063,3637.26473,3313.260324,229.6431731,6.923056885,137.7759464,0.004948618,0.037139688,10751.69898
19:57.7,1,1,1,1,1,1,1,826367,0.067783827,0.033310534,0.046997496,0.022718009,0.02785861,0.023308185,-0.000499138,0.000263876,-0.000279772,0,0,0,0,1,0,0,34.55601937,34.53835229,33.80161199,170.2223564,175.7148172,172.1011723,3717.811174,3932.940238,3625.586755,3389.13901,235.7265795,6.89997444,137.294206,0.005110764,0.040575506,11443.22694
19:57.7,1,1,1,1,1,1,1,826368,0.067783827,0.034159838,0.046830937,0.022675266,0.027366742,0.02293053,-0.000511855,0.000270234,-0.000267055,0,0,0,0,1,0,0,33.61411134,34.50477612,34.37538585,173.5701751,173.4309696,176.4614721,3670.754856,3821.89591,3987.214514,3450.397653,241.0053342,6.871810127,136.7142791,0.005252789,0.043996812,11804.50644
19:57.8,1,1,1,1,1,1,1,826369,0.068926974,0.035062897,0.046886522,0.022760672,0.027402168,0.022845759,-0.000470525,0.000270234,-0.000241621,0,0,0,0,1,0,0,34.26412386,33.49721632,34.55271487,178.0750238,176.381156,173.6637408,4067.53536,3736.052119,3884.371381,3513.801036,245.9092916,6.859370269,136.450022,0.005375008,0.047411505,11839.31217
19:57.8,1,1,1,1,1,1,1,826370,0.069228625,0.035211155,0.046271407,0.022718009,0.027224576,0.022803255,-0.000460988,0.000254338,-0.000232083,0,0,0,0,1,0,0,34.46774558,34.1708387,33.4308112,174.618592,181.2413803,176.4527643,3947.568579,4162.318111,3764.884547,3570.70485,250.9966187,6.82999762,135.8493186,0.005495125,0.050811165,12365.76084
19:57.9,1,1,1,1,1,1,1,826371,0.069153336,0.035943274,0.046158687,0.022675266,0.027260187,0.02293053,-0.000454629,0.00024798,-0.000251159,0,0,0,0,1,0,0,33.33770287,34.43686874,34.06059555,177.1314129,177.3195546,181.2826466,3790.164964,4030.792822,4180.22239,3608.538888,254.3798619,6.811179009,135.4627989,0.005584799,0.054201152,12391.627
19:57.9,1,1,1,1,1,1,1,826372,0.069790707,0.035358792,0.046607931,0.022417095,0.027081664,0.023224793,-0.000441912,0.000263876,-0.000254338,0,0,0,0,1,0,0,33.9859558,33.29981013,34.50280915,182.1768786,179.4375329,177.2605072,4224.970445,3848.227709,4074.947969,3653.318916,258.2728538,6.792300933,135.0766267,0.005663707,0.057581476,12603.54215
19:58.0,1,1,1,1,1,1,1,826373,0.070162927,0.035505814,0.046775285,0.022330375,0.027117463,0.022632442,-0.000406941,0.000254338,-0.000257517,0,0,0,0,1,0,0,34.43334729,33.92867929,33.26783044,178.0387621,185.1095461,179.2156148,4126.404796,4307.716424,3868.345315,3700.151442,262.1378426,6.778598705,134.7910823,0.005759979,0.060954653,12740.05018
19:58.0,1,1,1,1,1,1,1,826374,0.070348299,0.035652231,0.046607931,0.022460329,0.027009924,0.022675266,-0.000406941,0.000267055,-0.000257517,0,0,0,0,1,0,0,33.20078483,34.39778584,33.89024835,179.5958609,180.6284888,185.1941145,3886.109902,4202.73656,4324.153663,3733.026987,264.7397668,6.77210547,134.6521616,0.005832365,0.064324354,12671.21105
19:58.1,1,1,1,1,1,1,1,826375,0.070385314,0.035943274,0.046719567,0.022417095,0.027153214,0.022417095,-0.000384686,0.000311564,-0.00024798,0,0,0,0,1,0,0,33.88771181,33.19188524,34.45161268,185.6866563,181.6282494,179.7656296,4355.268053,3925.487733,4206.60658,3755.514622,266.7794465,6.76103076,134.4276084,0.005864541,0.067688435,12782.18776
19:58.2,1,1,1,1,1,1,1,826376,0.069939833,0.036375473,0.045932418,0.02254655,0.026428998,0.022675266,-0.00041012,0.00032746,-0.000238442,0,0,0,0,1,0,0,34.38775196,33.91307239,33.19274982,178.884037,187.0149108,180.5574596,4171.629243,4387.604895,3903.674898,3748.227783,266.6939099,6.750024986,134.2098092,0.005856945,0.071047066,12776.69
19:58.2,1,1,1,1,1,1,1,826377,0.069454004,0.036802597,0.046102224,0.022068169,0.026170788,0.023057102,-0.000375149,0.000343356,-0.000270234,0,0,0,0,1,0,0,33.18679765,34.36674585,33.90161835,179.6513379,179.7136639,184.7913076,3871.78722,4159.640885,4319.036121,3713.947555,264.0962421,6.753724333,134.2903876,0.005804938,0.074407714,12634.59325
19:58.3,1,1,1,1,1,1,1,826378,0.069190991,0.036802597,0.045648004,0.021935891,0.026318647,0.023432718,-0.000333819,0.000343356,-0.000289309,0,0,0,0,1,0,0,33.88426115,33.20174581,34.44965155,183.9464149,180.5635186,178.2947861,4289.806834,3877.361168,4135.057272,3699.608691,263.0324567,6.75462774,134.3129326,0.005771022,0.077768925,12576.34529
19:58.3,1,1,1,1,1,1,1,826379,0.068926974,0.036160019,0.045131542,0.021668913,0.026355482,0.02334977,-0.000336998,0.000336998,-0.000279772,0,0,0,0,1,0,0,34.38050808,33.89324774,33.19505515,177.977984,185.4958248,179.3484547,4123.046243,4320.375177,3861.689946,3700.580755,263.1041169,6.75462774,134.3116314,0.005780654,0.081130104,12580.2702
19:58.3,1,1,1,1,1,1,1,826380,0.068281541,0.036087916,0.044900097,0.021802811,0.02657542,0.023843129,-0.000330639,0.000336998,-0.000295668,0,0,0,0,1,0,0,33.15875427,34.33639722,33.87482711,179.3414759,179.8172042,184.7668041,3861.39998,4161.03435,4307.295228,3707.443644,263.2147991,6.764473097,134.5041352,0.005804788,0.084496101,12587.04739
19:58.3,1,1,1,1,1,1,1,826381,0.067552877,0.036015668,0.04419849,0.021668913,0.02628176,0.023679818,-0.000321102,0.000324281,-0.000276593,0,0,0,0,1,0,0,33.8619888,33.13225485,34.40996034,185.2043741,181.3977062,179.2927007,4335.521285,3905.114736,4175.278473,3733.471443,265.2576468,6.759767672,134.4052718,0.005844,0.087859623,12698.69057
19:58.4,1,1,1,1,1,1,1,826382,0.067049755,0.036518403,0.043843476,0.021668913,0.026392265,0.023802407,-0.000321102,0.000330639,-0.000282951,0,0,0,0,1,0,0,34.3346193,33.86706639,33.13007078,179.3833679,187.1387529,180.8685746,4176.334483,4386.685928,3914.064439,3751.880107,267.0037367,6.748944128,134.1846984,0.005883766,0.091217626,12793.576
19:58.5,1,1,1,1,1,1,1,826383,0.066425296,0.035798048,0.043365604,0.021668913,0.026244821,0.023761614,-0.000359252,0.000324281,-0.000273413,0,0,0,0,1,0,0,33.11222567,34.31611298,33.8508872,180.6186802,180.675603,185.8291942,3899.935274,4192.568904,4356.191909,3742.880009,266.4518769,6.746644458,134.140062,0.005875715,0.094574511,12763.16597
19:58.5,1,1,1,1,1,1,1,826384,0.066032011,0.035432379,0.043185038,0.021802811,0.02628176,0.023802407,-0.000391045,0.000305206,-0.000276593,0,0,0,0,1,0,0,33.87417886,33.11656864,34.39006416,185.2980029,181.4881122,178.9556967,4340.942682,3898.352953,4158.968002,3727.853406,265.4134936,6.745590612,134.12422,0.00583783,0.097931,12706.19296
19:58.6,1,1,1,1,1,1,1,826385,0.066268262,0.035798048,0.042943103,0.021668913,0.02628176,0.023679818,-0.000387865,0.00028613,-0.000279772,0,0,0,0,1,0,0,34.31728983,33.90492198,33.1446824,178.0783498,186.0427669,179.9007822,4115.974816,4343.157938,3870.567794,3707.321408,264.1281329,6.740861874,134.0346114,0.005805089,0.101285247,12635.39792
19:58.6,1,1,1,1,1,1,1,826386,0.066621068,0.035505814,0.043664887,0.021124837,0.02657542,0.023679818,-0.000371969,0.000282951,-0.000295668,0,0,0,0,1,0,0,33.11436162,34.29721464,33.89125011,179.5317689,179.2600572,184.321145,3853.118314,4119.773126,4299.373762,3689.51764,262.3929973,6.75270635,134.2730125,0.005783714,0.10464546,12541.13021
19:58.7,1,1,1,1,1,1,1,826387,0.066503674,0.035211155,0.043902844,0.021534183,0.02672104,0.023141099,-0.000384686,0.000282951,-0.000263876,0,0,0,0,1,0,0,33.87819927,33.11011589,34.36578645,184.5282993,181.1556033,178.6656177,4309.896039,3887.151516,4130.003471,3706.06689,263.2109104,6.762062928,134.4561737,0.005805069,0.108010256,12586.65787
19:58.8,1,1,1,1,1,1,1,826388,0.066738256,0.034463487,0.043664887,0.021534183,0.02653889,0.023099139,-0.000406941,0.000273413,-0.000254338,0,0,0,0,1,0,0,34.30579714,33.86943895,33.10183371,179.1134236,186.8353654,180.6655386,4153.327738,4371.209757,3899.128506,3735.244284,265.5948404,6.754522514,134.2983751,0.005863295,0.111371103,12716.77885
19:58.8,1,1,1,1,1,1,1,826389,0.066307556,0.034988532,0.044257382,0.021579186,0.02657542,0.023391281,-0.000426016,0.000292489,-0.000279772,0,0,0,0,1,0,0,33.05828164,34.27366421,33.86582171,180.9759704,180.9699543,186.2488508,3905.265736,4190.730806,4370.537972,3747.523787,266.9080528,6.743597018,134.0769442,0.005894452,0.114726409,12787.93116
19:58.8,1,1,1,1,1,1,1,826390,0.066346826,0.034614313,0.045361807,0.021534183,0.02594742,0.023266526,-0.000441912,0.000282951,-0.000270234,0,0,0,0,1,0,0,33.8853687,33.06961641,34.32885758,186.081541,182.5099307,179.6168589,4374.301152,3928.552786,4169.113665,3749.244961,267.3812445,6.73470081,133.901135,0.005886537,0.118077316,12813.20575
19:58.9,1,1,1,1,1,1,1,826391,0.066777273,0.034311999,0.045818864,0.021489085,0.026096544,0.023266526,-0.000467346,0.000302026,-0.000295668,0,0,0,0,1,0,0,34.28294671,33.92051392,33.08408708,178.660928,186.9555354,181.0778192,4127.606776,4387.839951,3899.805015,3732.370487,266.3602224,6.729892901,133.809442,0.005857567,0.121425927,12756.91324
19:58.9,1,1,1,1,1,1,1,826392,0.066464497,0.033776438,0.045932418,0.021802811,0.025910005,0.023141099,-0.000489601,0.000292489,-0.000295668,0,0,0,0,1,0,0,33.08614884,34.26316533,33.9110087,180.2837528,179.63641,184.900097,3872.772154,4121.535225,4324.3966,3702.814967,263.717217,6.743205143,134.0802801,0.005811945,0.124781317,12412.84831
19:58.9,1,1,1,1,1,1,1,826393,0.066816267,0.033853466,0.045533741,0.022112086,0.02564657,0.023515373,-0.000515034,0.000292489,-0.000305206,0,0,0,0,1,0,0,33.90948319,33.09655799,34.34168788,184.4941392,181.4138382,178.4599854,4312.39057,3885.746303,4108.805429,3699.423771,263.1769188,6.750748099,134.2324963,0.005795399,0.128140515,12583.97143
19:59.0,1,1,1,1,1,1,1,826394,0.066542829,0.034463487,0.046158687,0.022068169,0.025608716,0.023515373,-0.000505497,0.000324281,-0.000305206,0,0,0,0,1,0,0,34.28155921,33.93212844,33.08856947,178.4312816,186.3804817,180.5755659,4109.096174,4359.831054,3883.972949,3713.379679,264.4860691,6.742869416,134.0719533,0.00582419,0.131495696,12655.15931
19:59.1,1,1,1,1,1,1,1,826395,0.066972016,0.033930318,0.045705028,0.022243316,0.025303839,0.023720752,-0.000499138,0.00032746,-0.000276593,0,0,0,0,1,0,0,33.0633203,34.23711807,33.92059992,180.7694201,180.353204,185.6931896,3892.990558,4147.965447,4351.058174,3724.610939,265.2622868,6.743672389,134.0839475,0.005853638,0.134851178,12697.75529
19:59.1,1,1,1,1,1,1,1,826396,0.067010896,0.034311999,0.045476502,0.022589537,0.025418596,0.024166441,-0.000483242,0.000333819,-0.000270234,0,0,0,0,1,0,0,33.92658343,33.04553098,34.31764488,185.9147803,182.7458116,179.6311199,4374.11485,3931.892081,4151.092735,3744.2438,267.1165906,6.732323282,133.8550123,0.00587801,0.13820093,12798.53179
19:59.2,1,1,1,1,1,1,1,826397,0.066738256,0.034387826,0.045246821,0.022760672,0.025380402,0.024406114,-0.000480063,0.000333819,-0.000273413,0,0,0,0,1,0,0,34.25368884,33.9478038,33.07315628,179.2767773,187.4820505,181.8774321,4136.880374,4411.172395,3928.317913,3750.188179,267.9362046,6.722463749,133.6574101,0.005889693,0.141545737,12842.70187
19:59.2,1,1,1,1,1,1,1,826398,0.067359813,0.034914009,0.045818864,0.022718009,0.02564657,0.024564597,-0.000486421,0.000346536,-0.000302026,0,0,0,0,1,0,0,33.05905099,34.24500613,33.94500385,181.1908349,180.1958016,185.833719,3897.31448,4137.310755,4364.133106,3726.331966,266.0230688,6.727492185,133.7622684,0.005853409,0.144893168,12738.2604
19:59.3,1,1,1,1,1,1,1,826399,0.067860636,0.03468948,0.045361807,0.022632442,0.026096544,0.024485484,-0.000486421,0.000346536,-0.000279772,0,0,0,0,1,0,0,33.96517967,33.07430804,34.32264026,184.8941189,182.041589,178.5191071,4336.190332,3898.235457,4096.89647,3706.153131,264.3411608,6.733310299,133.8843914,0.005805573,0.148243655,12646.52192
19:59.4,1,1,1,1,1,1,1,826400,0.068281541,0.034839327,0.044374931,0.022888184,0.026648329,0.024406114,-0.000486421,0.000352894,-0.000267055,0,0,0,0,1,0,0,34.24369954,33.99519235,33.11141961,177.8787796,185.9887602,180.7105239,4068.896202,4350.816787,3881.988093,3697.445378,263.7764703,6.731780474,133.8557699,0.005792224,0.151593426,12615.45765
19:59.4,1,1,1,1,1,1,1,826401,0.068472006,0.035285051,0.044374931,0.023141099,0.02653889,0.024485484,-0.000508676,0.000356073,-0.000267055,0,0,0,0,1,0,0,33.05837912,34.23145188,33.98578505,180.5314044,179.5657929,184.8939224,3874.708055,4097.270408,4329.132662,3696.805853,263.4701158,6.738500411,133.9882339,0.005800803,0.154946512,12599.14916
19:59.4,1,1,1,1,1,1,1,826402,0.069341406,0.035725214,0.044550674,0.022803255,0.02650231,0.024604058,-0.000515034,0.000362432,-0.000235263,0,0,0,0,1,0,0,33.97680427,33.06088679,34.30069398,185.2453294,182.4852238,179.0889414,4351.523577,3920.332366,4112.159621,3721.899319,265.3301843,6.736911801,133.9520437,0.00583496,0.158298693,12700.98828
19:59.4,1,1,1,1,1,1,1,826403,0.069303833,0.036589659,0.045246821,0.022845759,0.02650231,0.024917498,-0.000476884,0.000365611,-0.000254338,0,0,0,0,1,0,0,34.24126394,33.99097849,33.07418475,179.1454833,187.4007764,181.97444,4121.239433,4410.853278,3927.76454,3744.867639,267.3725908,6.726992586,133.7491313,0.005877221,0.161645795,12812.16421
19:59.5,1,1,1,1,1,1,1,826404,0.069753376,0.036518403,0.044783926,0.02254655,0.02672104,0.025188559,-0.000483242,0.000362432,-0.000267055,0,0,0,0,1,0,0,33.03664862,34.21599577,34.00073457,181.7518044,180.5374181,186.2153056,3916.102517,4136.189774,4385.899663,3737.782476,266.9372,6.72518515,133.7138227,0.005872554,0.164992014,12788.17528
19:59.6,1,1,1,1,1,1,1,826405,0.069040248,0.036660776,0.045761982,0.022417095,0.026937994,0.025265471,-0.000483242,0.000349715,-0.000289309,0,0,0,0,1,0,0,34.02156797,33.06855186,34.28042888,185.5613495,182.9759549,178.9746655,4369.165802,3930.202978,4101.453619,3726.588462,266.0636008,6.726834601,133.751097,0.005839262,0.168339165,12740.44022
19:59.6,1,1,1,1,1,1,1,826406,0.068510035,0.036375473,0.04530435,0.022243316,0.027081664,0.024917498,-0.000480063,0.000359252,-0.000260696,0,0,0,0,1,0,0,34.23550511,34.05919039,33.09112856,178.1157389,186.5033208,181.521027,4065.205385,4382.931028,3902.688624,3711.746566,265.1838926,6.722087932,133.6603383,0.005812333,0.171684046,12691.88799
19:59.7,1,1,1,1,1,1,1,826407,0.068433955,0.036375473,0.045073792,0.022155916,0.027295752,0.025188559,-0.000457808,0.000362432,-0.000260696,0,0,0,0,1,0,0,33.0805485,34.21646723,34.04190926,180.8660128,179.4807879,184.8067215,3882.68435,4077.366533,4329.727314,3692.839099,263.5767419,6.728453709,133.7903168,0.005787046,0.175032179,12604.26571
19:59.7,1,1,1,1,1,1,1,826408,0.067822243,0.035579098,0.044900097,0.022068169,0.02733127,0.025072749,-0.00045145,0.000352894,-0.000222546,0,0,0,0,1,0,0,34.04149523,33.07817283,34.29588392,184.7757848,182.5074983,178.5459143,4337.629927,3910.879308,4072.85011,3702.391044,263.9926201,6.735275041,133.9250701,0.005793607,0.178383684,12627.564
19:59.8,1,1,1,1,1,1,1,826409,0.067629948,0.035211155,0.044667452,0.022460329,0.026901956,0.025034026,-0.000470525,0.000330639,-0.000219367,0,0,0,0,1,0,0,34.23016871,34.06634648,33.07915488,178.7084393,186.9919283,181.8805474,4084.06798,4398.721773,3918.123572,3726.532774,265.6670676,6.736770092,133.9487315,0.005838631,0.181735781,12719.44128
19:59.8,1,1,1,1,1,1,1,826410,0.068128786,0.035062897,0.04495807,0.022286888,0.0266119,0.025188559,-0.000467346,0.000330639,-0.000235263,0,0,0,0,1,0,0,33.05617489,34.18924522,34.05612795,182.0881925,180.6250578,186.1669523,3928.218186,4121.479634,4385.171517,3736.208105,266.2501747,6.73964469,134.0023883,0.005864593,0.185089221,12751.5997
19:59.9,1,1,1,1,1,1,1,826411,0.069190991,0.034914009,0.044842049,0.022199659,0.026757321,0.025111412,-0.000457808,0.000324281,-0.000232083,0,0,0,0,1,0,0,34.15060217,33.17441741,34.47469317,189.2227237,184.2588952,183.5961786,4479.020107,4019.648542,4303.974125,3847.141003,273.8737137,6.747411907,134.1402574,0.005987338,0.188446112,13169.68285
19:59.9,1,1,1,1,1,1,1,826412,0.068699867,0.034764484,0.044609102,0.022243316,0.027260187,0.024878534,-0.000445091,0.000317922,-0.000257517,0,0,0,0,1,0,0,34.91256369,34.45956806,33.82331912,190.2428603,196.6508596,190.2841493,4615.873296,4772.227478,4339.910094,4126.108222,291.3437348,6.804660877,135.2403586,0.006266727,0.191830533,13318.60228
20:00.0,1,1,1,1,1,1,1,826413,0.06873777,0.034387826,0.044257382,0.022330375,0.027224576,0.024445831,-0.000486421,0.000311564,-0.000251159,0,0,0,0,1,0,0,35.08100342,35.60926265,35.09493238,197.7670652,201.5414202,201.5788348,4828.776175,5112.203417,5009.097829,4496.349087,313.4571799,6.89383267,136.9787446,0.006512407,0.195258457,14064.14377
20:00.0,1,1,1,1,1,1,1,826414,0.067937358,0.034236003,0.044374931,0.02254655,0.027117463,0.024126264,-0.000489601,0.000311564,-0.000241621,0,0,0,0,1,0,0,36.62430207,36.76037338,36.40006458,205.977257,210.5827293,209.0807196,5408.105165,5627.633684,5448.314706,4965.695182,338.5221401,7.050920669,140.0762031,0.00668147,0.198763896,14445.01317
20:00.0,1,1,1,1,1,1,1,826415,0.068090543,0.034387826,0.043605194,0.023141099,0.026973983,0.024246595,-0.00053411,0.000324281,-0.000263876,0,0,0,0,1,0,0,37.92092176,39.07396393,37.86935635,212.5331774,218.5741391,220.6681487,5753.571453,6387.141378,6163.988977,5525.340081,362.900107,7.319335457,145.3929336,0.0067887,0.202402387,14163.50184
20:00.1,1,1,1,1,1,1,1,826416,0.068889175,0.034614313,0.04443359,0.023679818,0.02650231,0.024366332,-0.00057226,0.000298847,-0.000289309,0,0,0,0,1,0,0,39.76871288,41.00242176,40.54809329,223.8614822,224.5922377,228.998425,6487.153688,6845.552004,7025.263896,6159.792858,386.0793665,7.669756899,152.3564687,0.006771201,0.206215142,14243.96132
20:00.2,1,1,1,1,1,1,1,826417,0.069378959,0.034006997,0.044550674,0.023391281,0.02657542,0.024246595,-0.000594515,0.00028613,-0.000305206,0,0,0,0,1,0,0,43.15999128,43.14475479,42.5823903,232.2846253,236.8670642,233.7270598,7507.478134,7732.263907,7425.341052,6875.817759,408.0180746,8.100207172,160.9223393,0.006677633,0.21024226,14294.77635
20:00.2,1,1,1,1,1,1,1,826418,0.069528968,0.034463487,0.044609102,0.023597739,0.026465679,0.024126264,-0.000604053,0.00028613,-0.000302026,0,0,0,0,1,0,0,46.31553242,46.1523828,45.00822909,238.4750745,245.7535585,241.9352842,8273.947227,8724.127383,8110.123437,7637.587483,425.3267404,8.629879966,171.4766111,0.006494807,0.214533501,13811.47083
20:00.3,1,1,1,1,1,1,1,826419,0.069153336,0.034614313,0.044667452,0.023432718,0.026465679,0.023843129,-0.000635845,0.000298847,-0.000314743,0,0,0,0,1,0,0,49.19774739,48.45969981,49.47405396,250.7931319,248.61184,248.7731332,9374.171308,9029.018663,9310.423357,8452.37276,439.0919567,9.248821421,183.8207535,0.006247688,0.219133657,13282.90628
20:00.3,1,1,1,1,1,1,1,826420,0.068851355,0.034614313,0.044609102,0.023761614,0.026757321,0.023556592,-0.000673996,0.000302026,-0.000305206,0,0,0,0,1,0,0,52.22156543,52.34416657,52.94476658,256.5502944,256.2457391,255.6725948,10158.04902,10020.31824,10265.53211,9308.775658,451.7702126,9.897364228,196.7643221,0.005976149,0.224057729,13580.31422
20:00.4,1,1,1,1,1,1,1,826421,0.068052279,0.034006997,0.044550674,0.023515373,0.02650231,0.023597739,-0.0006581,0.000289309,-0.000292489,0,0,0,0,1,0,0,56.61041284,56.63783268,55.41498643,257.2935252,265.6661286,260.5264843,10920.14661,11476.24264,10745.70677,10161.0622,458.8534813,10.63337998,211.4640086,0.005659494,0.229349664,12708.90793
20:00.4,1,1,1,1,1,1,1,826422,0.068281541,0.033310534,0.044900097,0.023597739,0.026096544,0.023720752,-0.000661279,0.000263876,-0.000305206,0,0,0,0,1,0,0,59.47401351,59.6886705,60.55976847,263.1289214,261.1633267,264.6703849,11685.41078,11563.47017,12085.51915,10861.52677,457.5112494,11.39560398,226.704678,0.005297664,0.235023,12275.8964
20:00.5,1,1,1,1,1,1,1,826423,0.06873777,0.032996277,0.04530435,0.023391281,0.026244821,0.023474082,-0.000648562,0.000260696,-0.000298847,0,0,0,0,1,0,0,63.87905272,63.63873743,63.38826644,264.6305169,264.7186286,263.353429,12560.66881,12550.84784,12451.92849,11575.52574,457.7584226,12.13424697,241.4769951,0.004977418,0.241066017,12686.70383
20:00.5,1,1,1,1,1,1,1,826424,0.069491496,0.032599195,0.045246821,0.023515373,0.02672104,0.023964882,-0.000664458,0.000238442,-0.000292489,0,0,0,0,1,0,0,66.98584277,67.16862986,67.85919392,267.0369005,264.7120317,263.7059887,13313.02883,13004.89507,13400.96564,12265.63872,457.0667749,12.87337854,256.2606349,0.00468772,0.247478997,12684.68661
20:00.5,1,1,1,1,1,1,1,826425,0.069528968,0.033310534,0.045648004,0.022972798,0.026829736,0.023924367,-0.000635845,0.00024798,-0.000263876,0,0,0,0,1,0,0,71.63183546,70.28065673,71.35565015,267.481631,267.1990745,261.6517158,14351.44905,13725.77048,13717.85833,12931.16133,455.9255111,13.6021125,270.8413802,0.004414277,0.254256864,12817.93084
20:00.6,1,1,1,1,1,1,1,826426,0.069115661,0.032917244,0.045932418,0.022632442,0.027153214,0.023802407,-0.000604053,0.000238442,-0.000267055,0,0,0,0,1,0,0,75.46274224,74.58444737,74.4631908,265.6928737,267.9715432,261.8493016,14835.76034,14657.75429,14238.31731,13552.09273,453.5965532,14.32475219,285.3040921,0.004156971,0.261396664,12820.22389
20:00.6,1,1,1,1,1,1,1,826427,0.070125794,0.033621854,0.046158687,0.022760672,0.026937994,0.023308185,-0.000591336,0.000238442,-0.000263876,0,0,0,0,1,0,0,78.5556317,78.74024478,78.42269253,265.0185623,265.5994576,263.5545167,15228.58211,15261.95758,15203.45652,14180.89937,451.2192365,15.06496393,300.1148954,0.003930919,0.268907107,12467.86159
20:00.7,1,1,1,1,1,1,1,826428,0.069753376,0.032917244,0.046215082,0.022675266,0.027188919,0.023057102,-0.00057226,0.000225725,-0.000282951,0,0,0,0,1,0,0,81.67943479,82.67540234,82.39117099,264.0393453,264.066067,265.4665219,15594.43783,15860.53441,16104.08072,14775.22163,446.4902452,15.85930908,316.0046047,0.003725184,0.276815194,11429.47186
20:00.8,1,1,1,1,1,1,1,826429,0.071158196,0.032758605,0.046552012,0.022417095,0.027366742,0.023141099,-0.000559544,0.000213008,-0.000270234,0,0,0,0,1,0,0,85.38124576,86.72738366,85.74818724,261.9437378,265.4743349,265.751586,16101.81569,16794.99143,16664.27838,15412.90225,445.8164891,16.56582338,330.1411645,0.003547373,0.285077052,12763.73473
20:00.8,1,1,1,1,1,1,1,826430,0.071048299,0.033153778,0.046215082,0.021891621,0.027508173,0.023014989,-0.000486421,0.000222546,-0.000282951,0,0,0,0,1,0,0,89.66160328,90.08531174,89.19612889,263.0630985,268.2387829,263.7863117,17112.20626,17569.00917,17014.38901,16089.07635,445.5882436,17.29879115,344.8012018,0.003395096,0.29370578,12396.28415
20:00.9,1,1,1,1,1,1,1,826431,0.070643881,0.033232248,0.046496027,0.022024165,0.027718967,0.022760672,-0.000486421,0.000235263,-0.000276593,0,0,0,0,1,0,0,93.2163591,93.46367336,93.1667155,265.1260711,266.190483,265.1204722,17819.9376,17968.90715,17943.57102,16732.97453,444.8416729,18.01873375,359.2022651,0.003253308,0.302694898,12593.18956
20:00.9,1,1,1,1,1,1,1,826432,0.06986531,0.034311999,0.045818864,0.022373777,0.028239068,0.022845759,-0.00049278,0.000279772,-0.000260696,0,0,0,0,1,0,0,97.5363161,96.96578965,96.2994541,264.1114628,269.6023015,263.8381319,18697.9747,18963.4043,18176.76009,17398.60893,444.0440492,18.7667651,374.1621516,0.003125606,0.312058391,12165.65676
20:01.0,1,1,1,1,1,1,1,826433,0.069303833,0.034236003,0.045705028,0.022417095,0.028715998,0.023099139,-0.000483242,0.000289309,-0.00024798,0,0,0,0,1,0,0,100.4169813,100.0430055,101.3262997,266.6516083,265.813937,264.035623,19432.53021,18936.56743,19355.27692,17993.82848,441.6799146,19.51011645,389.0337758,0.002994736,0.32179405,12141.8872
20:01.0,1,1,1,1,1,1,1,826434,0.06926624,0.034387826,0.045590908,0.02254655,0.02854658,0.02254655,-0.000502318,0.000314743,-0.00024798,0,0,0,0,1,0,0,104.1467644,104.5669889,104.0533067,263.2102292,267.7315866,263.9225898,19731.35642,20136.5635,19702.28603,18575.27951,439.0576483,20.25836227,404.0035605,0.00287211,0.331904331,12071.35104
20:01.1,1,1,1,1,1,1,1,826435,0.069454004,0.033930318,0.04598909,0.022503481,0.029051869,0.022199659,-0.000524572,0.000314743,-0.000273413,0,0,0,0,1,0,0,108.1515751,107.9426226,107.5369832,262.1793016,266.4813716,264.1627046,20310.15169,20757.01984,20285.43046,19135.36521,436.9229711,20.96875556,418.2185184,0.002757896,0.342370344,12557.22166
20:01.1,1,1,1,1,1,1,1,826436,0.06986531,0.034083503,0.04541919,0.02254655,0.029185135,0.022243316,-0.000550006,0.000330639,-0.000267055,0,0,0,0,1,0,0,110.7404168,111.5315619,112.1899283,264.2058476,263.6114162,265.6847773,20853.34229,20951.08119,21584.8916,19773.82866,436.9339681,21.66580273,432.1617642,0.002663853,0.35318529,12797.49673
20:01.1,1,1,1,1,1,1,1,826437,0.068623997,0.034311999,0.044492171,0.02254655,0.029416898,0.023224793,-0.000569081,0.000352894,-0.000267055,0,0,0,0,1,0,0,115.5452807,114.3339835,115.2592845,264.6852948,265.7093337,263.6263776,21948.24874,21661.67632,21672.88309,20364.2826,434.8942122,22.41534531,447.1537418,0.002572265,0.364375414,11918.25587
20:01.2,1,1,1,1,1,1,1,826438,0.068699867,0.03468948,0.044257382,0.022718009,0.02984254,0.023391281,-0.000597694,0.000346536,-0.000263876,0,0,0,0,1,0,0,118.6089013,118.6871979,118.7188127,264.0687782,265.9865855,265.639922,22308.89109,22609.90984,22603.36394,21065.43542,435.5025746,23.1529841,461.9033326,0.002497193,0.37593465,12171.22397
20:01.2,1,1,1,1,1,1,1,826439,0.067204963,0.034839327,0.043843476,0.023099139,0.029972291,0.023474082,-0.000581798,0.000352894,-0.000270234,0,0,0,0,1,0,0,122.1859694,121.6104389,122.8795909,264.6972839,266.129346,265.2690869,23146.05172,23013.4473,23255.83411,21653.43263,434.2506745,23.86592972,476.1651794,0.002416447,0.387850792,12505.99491
20:01.3,1,1,1,1,1,1,1,826440,0.067475718,0.03468948,0.044492171,0.023141099,0.029383901,0.023720752,-0.000623128,0.000349715,-0.0002448,0,0,0,0,1,0,0,126.317688,124.9323994,126.1629906,264.9339921,266.5165593,263.7503991,24037.5949,23669.59947,23622.55444,22249.11671,433.430521,24.56700923,490.1902471,0.00234041,0.400117914,12673.37055
20:01.4,1,1,1,1,1,1,1,826441,0.068813514,0.034988532,0.043962132,0.023182984,0.029581331,0.023597739,-0.000629487,0.000356073,-0.000235263,0,0,0,0,1,0,0,129.6933024,128.8946059,129.4533652,263.6927265,265.6927685,263.9317088,24386.9535,24358.3008,24263.69467,22767.56645,431.1457785,25.27071661,504.2708416,0.002262481,0.412737406,12533.1522
20:01.4,1,1,1,1,1,1,1,826442,0.070014277,0.03468948,0.044492171,0.022888184,0.029018457,0.023266526,-0.000588157,0.000330639,-0.000213008,0,0,0,0,1,0,0,132.8275237,133.0642064,132.788955,261.6299278,265.0604732,265.3242194,24567.72635,25215.01138,25009.27619,23318.12643,428.9623183,26.01172164,519.0938588,0.002192423,0.425727848,11870.13537
20:01.5,1,1,1,1,1,1,1,826443,0.070496245,0.035062897,0.044725727,0.02254655,0.028951517,0.023224793,-0.000559544,0.000321102,-0.000213008,0,0,0,0,1,0,0,136.6539638,136.7759831,135.7522322,261.0659956,265.5805499,264.6775039,25177.00037,26016.27636,25395.9721,23871.62839,426.8119699,26.76160399,534.0929392,0.002128312,0.439093645,11643.65796
20:01.5,1,1,1,1,1,1,1,826444,0.071048299,0.035505814,0.04443359,0.022024165,0.028682194,0.023141099,-0.000537289,0.000298847,-0.00020665,0,0,0,0,1,0,0,140.5887809,139.5270737,139.5575334,262.8539802,266.1635472,262.8596309,26334.09552,26424.66514,25872.47366,24503.03472,426.7009311,27.47512102,548.3623979,0.002074645,0.452816538,12233.05253
20:01.6,1,1,1,1,1,1,1,826445,0.070459287,0.034914009,0.043485564,0.021935891,0.028170276,0.023182984,-0.000499138,0.000270234,-0.00020665,0,0,0,0,1,0,0,143.4119089,143.1918465,143.4625887,263.5965812,265.3090844,264.2234379,26818.1729,26935.92169,26919.11554,25132.44812,426.77832,28.17435214,562.346281,0.002024468,0.466889382,12490.34502
20:01.6,1,1,1,1,1,1,1,826446,0.070827993,0.034764484,0.043664887,0.021847261,0.027893411,0.022845759,-0.000489601,0.000270234,-0.000197112,0,0,0,0,1,0,0,147.1580734,146.3005003,146.9770512,263.9971456,266.5789467,262.6175551,27769.14627,27554.88889,27299.87267,25732.48024,426.4118034,28.87035892,576.2670822,0.00197451,0.481310596,12549.88872
20:01.6,1,1,1,1,1,1,1,826447,0.070901505,0.034839327,0.044316196,0.022199659,0.027788876,0.022243316,-0.000473704,0.000260696,-0.00020347,0,0,0,0,1,0,0,149.4452191,150.7910291,150.6180743,263.0765154,265.2373427,264.3675804,27798.08859,28248.36866,28406.34206,26291.60013,425.0296916,29.59206651,590.7029375,0.001923476,0.496093071,12101.52826
20:01.7,1,1,1,1,1,1,1,826448,0.071377482,0.034387826,0.04495807,0.021891621,0.027188919,0.022068169,-0.000476884,0.000254338,-0.000193933,0,0,0,0,1,0,0,154.2026385,153.5261762,153.4165479,262.9820401,266.4005191,261.1211387,28907.65261,28876.72204,28261.26906,26774.55547,422.6345023,30.30483001,604.9628455,0.001870584,0.511232404,12131.61014
20:01.7,1,1,1,1,1,1,1,826449,0.07119479,0.034236003,0.045361807,0.02175827,0.026757321,0.022199659,-0.000495959,0.000276593,-0.000197112,0,0,0,0,1,0,0,157.2574249,156.9691824,157.1316124,262.5741951,265.0708649,261.1001709,29356.29804,29316.86559,29021.03568,27274.46032,420.4078393,31.03264918,619.5220128,0.001822227,0.526736083,11800.08034
20:01.8,1,1,1,1,1,1,1,826450,0.070901505,0.034083503,0.044900097,0.02175827,0.027081664,0.021935891,-0.000483242,0.000273413,-0.000216187,0,0,0,0,1,0,0,160.2422807,161.2472939,160.0479842,261.0570065,264.3347459,262.5182427,29451.89384,30215.10365,29787.49085,27808.88132,419.1675999,31.732947,633.530014,0.001778792,0.542590316,12190.57198
20:01.8,1,1,1,1,1,1,1,826451,0.070162927,0.033699235,0.045246821,0.021847261,0.026973983,0.021935891,-0.000464167,0.000251159,-0.000219367,0,0,0,0,1,0,0,163.3316108,163.7593299,164.5694614,262.7398219,263.4638757,262.0266115,30417.0056,30293.28453,30698.19435,28404.80573,418.4400577,32.468109,648.2312326,0.001741628,0.558812449,11635.37664
20:01.9,1,1,1,1,1,1,1,826452,0.069378959,0.033699235,0.044609102,0.022199659,0.027081664,0.021891621,-0.000505497,0.000260696,-0.000228904,0,0,0,0,1,0,0,167.4295582,167.1119145,167.2581694,263.050872,264.5888518,261.5965979,31253.50107,31164.62177,31025.97805,29025.43928,418.3682772,33.18207789,662.5084724,0.001707375,0.575391874,11995.821
20:02.0,1,1,1,1,1,1,1,826453,0.069002511,0.033699235,0.04443359,0.02254655,0.026793553,0.021847261,-0.000518214,0.000267055,-0.000238442,0,0,0,0,1,0,0,170.1203316,170.9616473,170.807716,262.7066306,264.2046713,262.7993086,31599.45034,31871.69951,31984.0903,29637.95571,417.7767952,33.92915585,677.4469826,0.001674274,0.592345139,11471.07503
20:02.0,1,1,1,1,1,1,1,826454,0.069454004,0.033466556,0.044374931,0.022888184,0.027009924,0.022199659,-0.000515034,0.000273413,-0.000238442,0,0,0,0,1,0,0,173.2505845,174.0022707,174.6546911,262.9855338,263.0308377,262.6066766,32203.4711,32167.89386,32746.99072,30136.74701,416.2258023,34.62741814,691.4149332,0.001636607,0.609647954,12178.02285
20:02.1,1,1,1,1,1,1,1,826455,0.070014277,0.034083503,0.044492171,0.023224793,0.027153214,0.022286888,-0.000569081,0.000305206,-0.000225725,0,0,0,0,1,0,0,176.8928644,177.1910959,177.8238603,262.2725279,263.3906391,261.9418628,32863.83322,32857.71799,33134.20763,30659.05481,414.3594299,35.38499844,706.5662955,0.001601912,0.627329936,11161.77283
20:02.1,1,1,1,1,1,1,1,826456,0.069341406,0.033621854,0.043962132,0.023432718,0.027718967,0.022155916,-0.000588157,0.000289309,-0.00020347,0,0,0,0,1,0,0,180.7545357,180.4890097,180.595189,261.022216,263.5256622,261.0241933,33418.57604,33599.04094,33351.27909,31107.81343,411.9204925,36.11418361,721.1530912,0.001565287,0.645376956,11497.03321
20:02.1,1,1,1,1,1,1,1,826457,0.069002511,0.033544295,0.043185038,0.023182984,0.028204693,0.022286888,-0.000591336,0.000292489,-0.000181216,0,0,0,0,1,0,0,184.4572896,183.2700361,184.0089414,261.5076138,263.4540266,260.0464085,34296.88777,34037.82074,33798.23891,31636.54401,410.3286995,36.86934491,736.2554511,0.001534401,0.663801916,11023.04576
20:02.2,1,1,1,1,1,1,1,826458,0.069077965,0.034387826,0.042760754,0.023266526,0.028512576,0.02254655,-0.000588157,0.000321102,-0.00020347,0,0,0,0,1,0,0,186.9935378,186.6881621,187.9414788,262.1719163,261.960377,261.0663411,34731.6983,34365.25386,34933.52006,32207.31675,409.7255957,37.58873514,750.6419494,0.001506772,0.682586901,11589.03777
20:02.2,1,1,1,1,1,1,1,826459,0.069977065,0.035505814,0.042943103,0.023515373,0.028884422,0.022243316,-0.000578619,0.000311564,-0.000213008,0,0,0,0,1,0,0,190.2529614,190.6189398,190.6475923,261.3009466,263.0575109,261.9777093,35146.29473,35482.61919,35529.81941,32852.0217,409.992282,38.31532777,765.1697664,0.001483465,0.701735448,11522.3686
20:02.3,1,1,1,1,1,1,1,826460,0.069416492,0.035943274,0.042699798,0.023679818,0.028850815,0.022199659,-0.000543647,0.000343356,-0.000184395,0,0,0,0,1,0,0,193.3648713,193.7657353,194.1515409,261.6328194,262.3452517,261.8695896,35766.95007,35910.22721,36261.40655,33383.40363,408.9696425,39.03138303,779.4906742,0.001456503,0.72124238,11657.86296
20:02.3,1,1,1,1,1,1,1,826461,0.06956642,0.036660776,0.042270643,0.023515373,0.029185135,0.022417095,-0.000565902,0.00036879,-0.000190753,0,0,0,0,1,0,0,197.4538115,197.3560291,196.2456915,260.0018788,263.6658951,261.4878921,36272.91708,37078.39466,36317.78793,33897.57844,407.605101,39.76415976,794.1461706,0.00142971,0.741116068,11337.98258
20:02.4,1,1,1,1,1,1,1,826462,0.069341406,0.036731755,0.042577623,0.023224793,0.029350867,0.022589537,-0.000559544,0.000378328,-0.00020665,0,0,0,0,1,0,0,200.0554343,199.7673169,200.8277293,260.3622191,261.1576864,260.7341241,36847.98252,36835.34568,37222.89847,34251.52144,404.0099782,40.53561454,809.5788579,0.001398071,0.761375962,10526.8452
20:02.5,1,1,1,1,1,1,1,826463,0.068586031,0.036660776,0.042208979,0.023474082,0.029581331,0.022632442,-0.000553185,0.000391045,-0.00020665,0,0,0,0,1,0,0,203.2487926,203.2962359,203.4949537,258.2857574,260.3949139,258.9941238,36880.74744,37208.01459,37135.33404,34302.94185,397.6316674,41.2459534,823.7999947,0.001356586,0.781991744,11152.29609
20:02.5,1,1,1,1,1,1,1,826464,0.06739847,0.036375473,0.042821623,0.023099139,0.029449858,0.022760672,-0.000515034,0.000394224,-0.000232083,0,0,0,0,1,0,0,206.9491023,205.9230519,205.9384368,254.7740052,258.4430521,255.4874002,36734.87241,37136.5105,36412.04303,33946.22444,387.2353023,41.91066083,837.1203843,0.001303764,0.802940872,11284.57439
20:02.6,1,1,1,1,1,1,1,826465,0.067166194,0.036660776,0.043305499,0.022972798,0.029515668,0.022589537,-0.000495959,0.000391045,-0.000238442,0,0,0,0,1,0,0,208.593946,209.5671381,208.7926016,250.6429304,253.80512,252.9602281,35692.74955,36639.01562,36320.41285,33366.76275,376.436116,42.37466691,846.4360883,0.001247502,0.824123127,13907.17739
20:02.6,1,1,1,1,1,1,1,826466,0.067166194,0.037434146,0.043124682,0.022845759,0.029350867,0.022589537,-0.000502318,0.00041012,-0.000263876,0,0,0,0,1,0,0,211.5354892,211.4124012,210.9528286,245.99282,249.8242284,248.1521575,35220.81237,36050.49287,35414.34667,32686.31999,363.5978219,42.97394543,858.4522378,0.001194527,0.84560609,10962.73275
20:02.7,1,1,1,1,1,1,1,826467,0.066972016,0.037434146,0.043485564,0.022760672,0.028985006,0.022243316,-0.000508676,0.000416478,-0.000263876,0,0,0,0,1,0,0,212.6673113,213.844981,213.027455,240.2361386,244.0633632,243.434467,34407.79462,35609.86168,35171.03869,32174.45738,354.4772069,43.38762686,866.7508942,0.001154296,0.867296727,13459.18923
20:02.7,1,1,1,1,1,1,1,826468,0.067049755,0.037434146,0.043185038,0.022845759,0.028951517,0.022068169,-0.000502318,0.000422837,-0.00024798,0,0,0,0,1,0,0,214.781059,214.4365883,214.3830609,234.9159541,238.6270163,236.9667178,34578.79088,35289.05125,34754.91447,31983.86236,348.3629959,43.88663403,876.7388936,0.001132221,0.889237317,11733.04479
20:02.7,1,1,1,1,1,1,1,826469,0.066660154,0.036660776,0.042270643,0.022632442,0.028648351,0.022199659,-0.000505497,0.000403762,-0.000219367,0,0,0,0,1,0,0,215.695837,215.5567773,214.5873459,230.1929505,235.0822597,231.684676,35054.20613,36003.91274,34865.89938,32420.94062,348.2998345,44.49474812,888.8812078,0.001139185,0.911481771,9992.309315
20:02.8,1,1,1,1,1,1,1,826470,0.066542829,0.036802597,0.042577623,0.022589537,0.028884422,0.022460329,-0.000559544,0.000406941,-0.000270234,0,0,0,0,1,0,0,215.4990827,215.2776581,215.5706194,229.1507588,233.5212778,230.1304639,36258.16671,36944.71601,36231.38251,33590.81888,355.7594235,45.1354317,901.6449623,0.001178311,0.934045641,9960.465868
20:02.8,1,1,1,1,1,1,1,826471,0.065636369,0.03623198,0.043003715,0.022675266,0.028341943,0.022330375,-0.00053411,0.000406941,-0.000279772,0,0,0,0,1,0,0,214.5408571,214.7180415,215.8265797,231.4410761,234.9059046,233.4442544,37875.89715,38487.21507,38470.49737,35384.88121,368.9763673,45.84608658,915.7787741,0.001246516,0.956963213,9666.844767
20:02.9,1,1,1,1,1,1,1,826472,0.065357995,0.035870735,0.04324531,0.022675266,0.028648351,0.022373777,-0.000546827,0.000384686,-0.000276593,0,0,0,0,1,0,0,213.760563,214.3441808,214.2604173,236.2451984,240.921166,239.5651138,39943.71188,41081.54082,40648.91233,37652.92321,385.7331362,46.66968684,932.1442657,0.001338633,0.980290335,8882.305658
20:02.9,1,1,1,1,1,1,1,826473,0.066425296,0.036518403,0.043843476,0.022632442,0.028410319,0.022112086,-0.000562723,0.000400582,-0.000270234,0,0,0,0,1,0,0,212.9259926,212.5140451,213.1194718,243.5444623,248.6104044,245.5304641,42813.03069,43633.51012,43027.96216,40240.03375,404.2135037,47.60128384,950.6461644,0.001449029,1.004080471,8281.469934
20:03.0,1,1,1,1,1,1,1,826474,0.066621068,0.036873304,0.043425625,0.022803255,0.02854658,0.022199659,-0.000588157,0.000406941,-0.000257517,0,0,0,0,1,0,0,211.3455907,211.7200279,211.3562763,251.8138917,255.952563,253.2321451,45579.34608,46514.77909,45873.62333,43054.01313,424.8896041,48.45764196,967.6290891,0.00157225,1.028295609,10839.22369
20:03.1,1,1,1,1,1,1,1,826475,0.066110855,0.036160019,0.043185038,0.022632442,0.028614468,0.022417095,-0.000565902,0.000397403,-0.0002448,0,0,0,0,1,0,0,210.5614462,209.0991056,210.207229,258.7103867,262.0761307,260.0101702,48509.42918,48832.81058,48499.55907,45668.70041,439.5506809,49.69208171,992.158547,0.001693516,1.053124602,5517.922718
20:03.1,1,1,1,1,1,1,1,826476,0.065992554,0.036518403,0.043664887,0.022243316,0.028410319,0.022845759,-0.000530931,0.000413299,-0.0002448,0,0,0,0,1,0,0,208.0890571,208.814496,208.7842971,263.3898353,267.4252459,265.8585796,50317.21049,51353.6875,51042.11594,47952.55969,451.2452688,50.83050978,1014.776766,0.001803474,1.07851962,7861.697806
20:03.2,1,1,1,1,1,1,1,826477,0.066346826,0.036802597,0.044139519,0.022330375,0.028580544,0.022972798,-0.000556364,0.000438733,-0.00024798,0,0,0,0,1,0,0,207.754822,206.3464442,207.6507179,267.464363,270.2692475,268.2635794,52276.65461,52438.79599,52320.64035,49398.53732,455.8733732,51.83577198,1034.763843,0.00188248,1.104414821,10384.72651
20:03.2,1,1,1,1,1,1,1,826478,0.065755312,0.037154783,0.044374931,0.022460329,0.02854658,0.022888184,-0.000559544,0.000441912,-0.00024798,0,0,0,0,1,0,0,206.1451043,206.4670969,205.9560488,268.8932469,273.4191958,270.8824308,52711.64344,53749.61819,53057.95811,50231.64736,454.5884744,52.86174256,1055.18931,0.001934803,1.130821173,9975.743098
20:03.2,1,1,1,1,1,1,1,826479,0.065158428,0.037014311,0.044842049,0.022417095,0.029018457,0.022718009,-0.000546827,0.000464167,-0.000263876,0,0,0,0,1,0,0,205.1316327,205.178476,206.1807993,270.377324,273.7740576,272.8498923,52799.38643,53494.77798,53581.77152,50357.07946,447.3923026,53.84712241,1074.838982,0.001953184,1.157719262,10217.15417
20:03.3,1,1,1,1,1,1,1,826480,0.066110855,0.037224821,0.04495807,0.022589537,0.028614468,0.02254655,-0.00053411,0.000445091,-0.000241621,0,0,0,0,1,0,0,205.6316095,204.4476289,205.5330981,269.5736703,271.9868098,270.9316131,52431.06665,52609.87491,52672.11504,49652.49946,433.9473686,54.73749517,1092.635831,0.001931101,1.185062722,10976.14508
20:03.3,1,1,1,1,1,1,1,826481,0.066307556,0.03771144,0.045131542,0.022503481,0.028850815,0.022589537,-0.000550006,0.000441912,-0.0002448,0,0,0,0,1,0,0,205.8813043,204.9058328,204.9509652,264.4945624,267.1395347,264.9127011,50978.38439,51268.81768,50813.03816,48133.98801,414.2165326,55.58770815,1109.674992,0.001870172,1.212832591,10411.39003
20:03.4,1,1,1,1,1,1,1,826482,0.067166194,0.038328017,0.04443359,0.022460329,0.02854658,0.022675266,-0.000521393,0.000473704,-0.0002448,0,0,0,0,1,0,0,205.9809629,205.5752794,205.0789328,255.6703234,258.8326793,256.3352988,48749.38279,49327.76354,48688.68858,46080.53463,390.6841378,56.41678737,1126.323414,0.001783452,1.24101909,9290.475229
20:03.4,1,1,1,1,1,1,1,826483,0.066816267,0.037364501,0.044374931,0.022243316,0.028376152,0.022718009,-0.000527751,0.000435554,-0.0002448,0,0,0,0,1,0,0,206.169551,205.7997918,205.8244742,246.0276837,247.7578766,246.8504884,46490.97234,46823.66358,46672.22461,43869.59867,368.1568059,56.99104523,1137.895055,0.001689607,1.269495172,12218.94702
20:03.5,1,1,1,1,1,1,1,826484,0.067127403,0.037434146,0.04495807,0.022199659,0.028307693,0.022330375,-0.000524572,0.000426016,-0.000235263,0,0,0,0,1,0,0,205.8935763,206.1101715,206.7346547,235.7324278,237.6978282,237.9484334,44208.15571,44709.6012,44949.46833,41875.24688,348.0726672,57.5343149,1148.83813,0.001606144,1.298245107,11506.11331
20:03.5,1,1,1,1,1,1,1,826485,0.067706931,0.038055216,0.044492171,0.022024165,0.028376152,0.022286888,-0.000524572,0.00045145,-0.000235263,0,0,0,0,1,0,0,206.1252733,206.6766819,206.4409018,227.966479,231.0515071,229.5478631,42751.06691,43526.02365,43214.52497,40451.77971,332.739778,58.13624742,1160.925346,0.001547746,1.327297527,9576.711853
20:03.6,1,1,1,1,1,1,1,826486,0.067552877,0.037294726,0.044842049,0.022243316,0.028444446,0.021713637,-0.000546827,0.000435554,-0.000225725,0,0,0,0,1,0,0,206.3487905,205.9877945,206.6787203,224.8498519,226.5043207,225.6893211,42286.15696,42545.32693,42608.36484,39788.14082,324.714056,58.59436127,1170.102588,0.001522875,1.35657961,11580.73369
20:03.7,1,1,1,1,1,1,1,826487,0.067860636,0.036303797,0.044783926,0.021935891,0.028273401,0.021579186,-0.000505497,0.000391045,-0.000222546,0,0,0,0,1,0,0,205.8747494,206.3740541,206.0050744,225.5734661,229.0632435,227.4961289,42406.05523,43262.37538,42876.77507,40153.24847,324.6150014,59.15115573,1181.20012,0.001540963,1.386139411,9946.67124
20:03.7,1,1,1,1,1,1,1,826488,0.067591423,0.035943274,0.044316196,0.021713637,0.028032185,0.021624096,-0.000495959,0.000371969,-0.00020665,0,0,0,0,1,0,0,205.376895,205.4638285,205.8560736,231.4812701,234.1954748,233.147514,43544.43721,44107.00109,44041.41013,41185.16644,330.3489361,59.62112964,1190.527126,0.001589594,1.415932623,11857.47772
20:03.8,1,1,1,1,1,1,1,826489,0.068052279,0.035870735,0.044550674,0.021624096,0.027788876,0.021624096,-0.000499138,0.000375149,-0.000213008,0,0,0,0,1,0,0,205.3658414,204.4997296,204.5766244,239.4957456,242.6713211,240.2008171,45189.49485,45586.90699,45119.43119,42561.09651,338.8503584,60.07118069,1199.433684,0.00165631,1.445948723,12787.00909
20:03.8,1,1,1,1,1,1,1,826490,0.067668451,0.034914009,0.044374931,0.02135322,0.02785861,0.021935891,-0.00049278,0.000346536,-0.000222546,0,0,0,0,1,0,0,204.0115033,203.6329691,203.8552824,248.9951941,251.9687195,250.7504246,46744.82468,47255.34476,47083.17284,44257.81046,349.2666749,60.60813542,1210.052343,0.001740992,1.476230558,11998.85933
20:03.8,1,1,1,1,1,1,1,826491,0.068433955,0.034538982,0.044080469,0.021262161,0.02733127,0.021802811,-0.00049278,0.000324281,-0.00020665,0,0,0,0,1,0,0,202.3428836,202.8783754,202.9517458,259.1719406,262.9853203,262.2991949,48367.60579,49314.66314,49201.56981,46152.54184,360.8579736,61.17861175,1221.323464,0.001837874,1.506794455,12205.03639
20:03.9,1,1,1,1,1,1,1,826492,0.068013994,0.034387826,0.045131542,0.020893957,0.027153214,0.02135322,-0.00049278,0.000298847,-0.000193933,0,0,0,0,1,0,0,201.7220222,200.9855227,202.0038704,271.2404445,273.7546052,272.6063093,50774.00454,51033.19413,51121.74156,48125.65342,372.0745225,61.87738031,1235.145408,0.001941096,1.537704249,10742.97823
20:03.9,1,1,1,1,1,1,1,826493,0.068013994,0.035285051,0.044550674,0.021216485,0.027081664,0.021489085,-0.000476884,0.000321102,-0.000190753,0,0,0,0,1,0,0,200.5759961,200.228001,200.6341817,280.7587909,284.756422,283.0820644,52536.25442,53249.69458,52982.39924,50030.06376,382.5646926,62.56847131,1248.813407,0.002042578,1.568956088,11583.73034
20:04.0,1,1,1,1,1,1,1,826494,0.067629948,0.035432379,0.044080469,0.021170711,0.026973983,0.021624096,-0.000473704,0.000317922,-0.000190753,0,0,0,0,1,0,0,199.7747459,198.9843709,199.9796029,289.0148501,292.050943,291.019924,54089.91767,54493.24574,54560.49352,51456.22339,388.5883335,63.35954564,1264.502035,0.00212192,1.600600539,10244.34733
20:04.0,1,1,1,1,1,1,1,826495,0.067591423,0.035285051,0.043843476,0.02135322,0.026465679,0.021891621,-0.000489601,0.000298847,-0.000200291,0,0,0,0,1,0,0,199.4097597,198.3651323,199.0300973,293.5238015,297.2395886,295.1317935,54915.20832,55369.52588,55081.55041,52180.03518,389.7178799,64.06747161,1278.572674,0.002167058,1.63259711,11762.80844
20:04.1,1,1,1,1,1,1,1,826496,0.067899008,0.035579098,0.04354542,0.021443892,0.026428998,0.022112086,-0.000489601,0.000308385,-0.00020665,0,0,0,0,1,0,0,198.6401733,198.1837664,198.1744349,291.5835102,295.5831099,293.605859,53958.898,54677.76116,54265.76299,51383.24986,379.6800845,64.75576671,1292.33508,0.002146723,1.664938089,11410.49911
20:04.1,1,1,1,1,1,1,1,826497,0.068013994,0.036160019,0.042882406,0.021443892,0.026096544,0.021980072,-0.000480063,0.000317922,-0.000213008,0,0,0,0,1,0,0,197.894958,197.5855093,198.0938884,285.8273213,289.1595443,287.7706476,51978.5833,52537.51305,52442.53984,49452.86209,361.3024083,65.48833324,1307.049265,0.002074721,1.697647293,9407.204316
20:04.2,1,1,1,1,1,1,1,826498,0.068395883,0.036518403,0.04324531,0.02175827,0.026022089,0.022024165,-0.000505497,0.000324281,-0.000222546,0,0,0,0,1,0,0,197.7621904,196.9958505,198.2206841,276.9087952,279.589989,278.5559554,49396.62347,49682.53476,49827.91061,46833.89662,338.6324552,66.16496705,1320.696709,0.001966775,1.730698028,8891.45513
20:04.3,1,1,1,1,1,1,1,826499,0.068128786,0.036802597,0.043305499,0.021534183,0.026244821,0.022024165,-0.00049278,0.000308385,-0.000209829,0,0,0,0,1,0,0,197.7784348,197.4096577,198.0053417,264.7987349,267.559687,266.8538554,46200.20897,46703.71014,46735.64476,43817.7019,314.8816299,66.56437712,1328.842941,0.001836268,1.763952625,12207.08122
20:04.3,1,1,1,1,1,1,1,826500,0.068052279,0.036731755,0.043425625,0.021534183,0.02657542,0.021935891,-0.000495959,0.000311564,-0.000197112,0,0,0,0,1,0,0,197.8489188,198.3520087,197.9008588,250.3274869,253.9248938,252.3527339,42789.29272,43669.58564,43308.44713,40603.48604,289.9183824,66.98307759,1337.392708,0.001693595,1.797421181,10229.93968
20:04.3,1,1,1,1,1,1,1,826501,0.068205206,0.036518403,0.04354542,0.021847261,0.027081664,0.022286888,-0.000518214,0.000314743,-0.000213008,0,0,0,0,1,0,0,198.7030768,198.0144062,198.9804429,235.633289,237.4716473,236.3577274,39832.70192,40003.2919,40107.45815,37402.76027,266.2962929,67.16656378,1341.250556,0.001548925,1.830986281,12843.69427
20:04.4,1,1,1,1,1,1,1,826502,0.067899008,0.036015668,0.042270643,0.022112086,0.027224576,0.022460329,-0.000515034,0.000330639,-0.000213008,0,0,0,0,1,0,0,199.4503413,199.0148581,199.3184716,218.1982183,221.2638802,220.120437,36499.28072,37062.04031,36872.68725,34301.22471,244.1714071,67.16887552,1341.486179,0.001407892,1.864557277,14818.314
20:04.4,1,1,1,1,1,1,1,826503,0.067359813,0.035137104,0.042638754,0.021713637,0.02785861,0.022068169,-0.000508676,0.000321102,-0.000216187,0,0,0,0,1,0,0,200.2452913,199.7394329,200.2929323,202.2395989,203.6697811,203.0863867,33644.41471,33898.1549,33956.82712,31382.49436,223.3648469,67.16887552,1341.664771,0.00127495,1.898132742,13442.76269
20:04.5,1,1,1,1,1,1,1,826504,0.067860636,0.034387826,0.042699798,0.022024165,0.027997556,0.022155916,-0.000502318,0.000317922,-0.000209829,0,0,0,0,1,0,0,201.2413622,200.4335646,201.125133,186.7632604,189.1235851,187.4553929,31096.41903,31364.88633,31210.15681,28819.18331,205.2703739,67.11203888,1340.685086,0.001159026,1.931683691,13117.29946
20:04.5,1,1,1,1,1,1,1,826505,0.06774539,0.033930318,0.043003715,0.022199659,0.028170276,0.022024165,-0.000486421,0.000321102,-0.000213008,0,0,0,0,1,0,0,202.1671721,201.4881063,201.7440103,172.6624538,174.830035,174.2546822,28519.02539,28936.8068,28782.16115,26376.78878,188.7198366,66.80393247,1334.675695,0.001050054,1.965084253,16490.09138
20:04.6,1,1,1,1,1,1,1,826506,0.067783827,0.034083503,0.042393702,0.022243316,0.028135817,0.022373777,-0.000480063,0.000324281,-0.000209829,0,0,0,0,1,0,0,202.5376302,201.8458447,202.9715513,163.5665046,164.6880796,164.3706704,26362.68599,26439.62417,26610.61147,24124.0027,173.0121867,66.6389576,1331.508843,0.000953128,1.998405564,12910.62441
20:04.6,1,1,1,1,1,1,1,826507,0.067204963,0.034006997,0.043124682,0.022373777,0.028307693,0.022803255,-0.000502318,0.000314743,-0.000209829,0,0,0,0,1,0,0,203.5645064,202.0069956,202.6039059,155.5988268,157.1270904,156.0129952,23991.65402,24066.45778,23937.26903,21674.27935,156.1842364,66.31619115,1325.192135,0.000853251,2.031568798,14582.5917
20:04.7,1,1,1,1,1,1,1,826508,0.067321134,0.033232248,0.043485564,0.022460329,0.028341943,0.022760672,-0.000502318,0.000317922,-0.000216187,0,0,0,0,1,0,0,202.9724157,202.3346059,202.8359839,148.0323426,149.8019229,148.8369288,21486.18728,21662.77762,21567.05102,19272.86965,139.7588065,65.89280282,1316.856898,0.00075817,2.064523441,15269.31984
20:04.7,1,1,1,1,1,1,1,826509,0.067243709,0.033310534,0.042943103,0.023014989,0.027823765,0.022803255,-0.000521393,0.000330639,-0.000238442,0,0,0,0,1,0,0,202.4489656,202.1788784,202.4979015,140.6620365,141.8033855,141.4124393,19019.11443,19146.63998,19240.34563,16867.06505,122.8391315,65.60442903,1311.215772,0.000665205,2.097336914,11757.18569
20:04.8,1,1,1,1,1,1,1,826510,0.067860636,0.033776438,0.043425625,0.02293053,0.027788876,0.023014989,-0.000489601,0.000343356,-0.000276593,0,0,0,0,1,0,0,202.3752773,201.0515221,201.7264872,132.7687683,133.7566209,132.8076624,16747.30467,16685.7111,16690.07048,14476.52578,106.0752901,65.19899964,1303.2313,0.00057416,2.129950573,12708.22244
20:04.9,1,1,1,1,1,1,1,826511,0.067783827,0.033853466,0.043425625,0.023014989,0.027753943,0.023099139,-0.000480063,0.000346536,-0.000276593,0,0,0,0,1,0,0,201.3854965,200.2716794,200.4535579,123.2490695,125.0478985,123.5871972,14216.12622,14297.34654,14095.87745,12016.79763,88.76589952,64.6685185,1292.748287,0.000480978,2.162301892,13752.62857
20:04.9,1,1,1,1,1,1,1,826512,0.068128786,0.034006997,0.044021341,0.023057102,0.028135817,0.023099139,-0.00049278,0.000346536,-0.00028613,0,0,0,0,1,0,0,199.5821465,198.9760215,199.4017579,113.0836279,114.2534568,113.7550721,11624.29871,11679.49283,11704.48916,9535.545689,71.03160803,64.12143196,1281.932881,0.000386578,2.194382554,12858.66661
20:04.9,1,1,1,1,1,1,1,826513,0.06873777,0.034236003,0.043962132,0.023432718,0.027823765,0.023141099,-0.000521393,0.000330639,-0.000292489,0,0,0,0,1,0,0,198.1472878,197.0113365,197.5127288,102.2266636,102.954084,101.5204264,9233.603778,9052.442713,9039.294452,7034.110552,52.95445385,63.44158456,1268.463802,0.000289943,2.226126148,13977.02926
20:04.9,1,1,1,1,1,1,1,826514,0.068851355,0.034839327,0.043664887,0.02334977,0.02785861,0.022760672,-0.000530931,0.000346536,-0.000295668,0,0,0,0,1,0,0,195.7557113,195.6056497,194.8906721,89.26735745,91.13880564,89.69465396,6668.023613,6810.068301,6618.435023,4689.27537,35.69925847,62.72975967,1254.347659,0.000197303,2.257516483,13384.52795
20:05.0,1,1,1,1,1,1,1,826515,0.069678654,0.03468948,0.044080469,0.02334977,0.027613771,0.022589537,-0.000559544,0.000333819,-0.000305206,0,0,0,0,1,0,0,192.6482604,193.072724,193.2368871,79.58414555,79.87365913,79.24168089,4695.579338,4581.128395,4774.316835,2738.300087,21.13837914,61.85887229,1237.031444,0.000118012,2.288473476,15191.72923
20:05.1,1,1,1,1,1,1,1,826516,0.070051469,0.034614313,0.044667452,0.023099139,0.027788876,0.022155916,-0.000537289,0.000336998,-0.000317922,0,0,0,0,1,0,0,191.1752844,190.3082445,190.6821521,76.55656083,77.76914738,75.84346453,3884.061778,3708.354267,3650.113121,1850.274753,14.47515266,61.03654013,1220.631159,8.16E-05,2.319020048,13915.32951
20:05.1,1,1,1,1,1,1,1,826517,0.070496245,0.034538982,0.044609102,0.023057102,0.027997556,0.022330375,-0.000524572,0.000343356,-0.000311564,0,0,0,0,1,0,0,188.6078457,189.0300421,188.7017926,78.00554344,79.03558741,77.70360631,3694.261372,3649.352106,3666.82213,1808.236477,14.36702999,60.0986871,1201.875852,8.14E-05,2.349097264,15903.73723
20:05.2,1,1,1,1,1,1,1,826518,0.070533183,0.034914009,0.04419849,0.022718009,0.028135817,0.022460329,-0.000495959,0.000343356,-0.000333819,0,0,0,0,1,0,0,187.1840641,186.7621291,186.8697515,79.93953787,81.23518677,79.14140631,3923.90636,3750.442859,3708.718051,1964.924414,15.8683916,59.12804693,1182.454181,9.03E-05,2.378688448,16518.76785
20:05.2,1,1,1,1,1,1,1,826519,0.070754406,0.034159838,0.044609102,0.022417095,0.028204693,0.022330375,-0.000489601,0.000317922,-0.000321102,0,0,0,0,1,0,0,185.2901246,185.1516751,185.1240364,81.83929933,83.10414594,81.28283166,4038.040858,3918.194782,3889.406726,2149.286296,17.63204035,58.20721225,1164.027071,0.000100652,2.40781849,15715.05077
20:05.3,1,1,1,1,1,1,1,826520,0.070088641,0.034083503,0.044080469,0.022803255,0.028032185,0.022243316,-0.000540468,0.000311564,-0.000273413,0,0,0,0,1,0,0,183.6567498,183.4053523,183.5613219,83.61815117,85.45599753,83.01507118,4256.719888,4090.332359,3981.727678,2338.214915,19.52561033,57.18335408,1143.539553,0.000111509,2.436435827,17547.58316
20:05.3,1,1,1,1,1,1,1,826521,0.069977065,0.034006997,0.044842049,0.022460329,0.028101316,0.021624096,-0.000518214,0.000305206,-0.000263876,0,0,0,0,1,0,0,181.7765995,181.9143072,182.2163167,85.92745134,87.37055922,84.90740385,4429.055039,4184.866398,4194.760165,2524.180479,21.39011927,56.35102113,1126.882357,0.000122505,2.464636314,14328.33929
20:05.4,1,1,1,1,1,1,1,826522,0.070496245,0.034387826,0.044667452,0.022373777,0.027823765,0.021713637,-0.000511855,0.000305206,-0.000260696,0,0,0,0,1,0,0,180.0812411,180.4936619,180.8316754,88.15406048,89.14117898,87.05815188,4572.542973,4317.346565,4425.651654,2717.452511,23.40569831,55.44214219,1108.694116,0.000134129,2.492381636,15713.09626
20:05.4,1,1,1,1,1,1,1,826523,0.070570101,0.034463487,0.044492171,0.022112086,0.02785861,0.021935891,-0.000511855,0.000311564,-0.000235263,0,0,0,0,1,0,0,178.62257,179.0273603,179.4988983,90.16542104,91.34770341,89.31928801,4730.511816,4498.604847,4586.501325,2906.49163,25.37254619,54.70282214,1093.896939,0.000145792,2.519756655,12910.54511
20:05.5,1,1,1,1,1,1,1,826524,0.070200041,0.034236003,0.044783926,0.021668913,0.028239068,0.022460329,-0.000499138,0.000308385,-0.000251159,0,0,0,0,1,0,0,177.4776448,177.4419952,178.190059,92.05494549,93.51904509,91.29245002,4854.155829,4600.169364,4627.860321,3016.344025,26.80451026,53.7379528,1074.593918,0.000153651,2.546648612,16772.54338
20:05.5,1,1,1,1,1,1,1,826525,0.069641262,0.034159838,0.045361807,0.021579186,0.028917989,0.022286888,-0.000486421,0.000295668,-0.000241621,0,0,0,0,1,0,0,176.6781046,175.9986277,176.4417702,93.5898783,95.73839652,93.37919732,4866.746175,4728.246541,4552.235858,3058.59393,27.60674768,52.90743152,1057.98122,0.000158211,2.573124832,14496.40157
20:05.5,1,1,1,1,1,1,1,826526,0.06926624,0.034387826,0.045361807,0.022024165,0.028614468,0.022460329,-0.000515034,0.000289309,-0.000225725,0,0,0,0,1,0,0,175.3960134,175.1784485,174.787845,95.28051666,97.46445839,95.46280434,4750.648317,4762.667562,4544.078726,3047.781994,27.98442366,52.00898686,1040.01335,0.00015996,2.599151402,15612.76377
20:05.6,1,1,1,1,1,1,1,826527,0.068167006,0.034006997,0.045361807,0.021891621,0.028444446,0.021891621,-0.000515034,0.000289309,-0.000219367,0,0,0,0,1,0,0,174.2162479,173.8590567,173.5627545,97.41093285,99.32591945,97.58887176,4761.7099,4787.999568,4592.40575,3094.349615,28.86263653,51.19721508,1023.775572,0.000164784,2.624771618,14168.02639
20:05.7,1,1,1,1,1,1,1,826528,0.068889175,0.033776438,0.04541919,0.022112086,0.028341943,0.021443892,-0.000550006,0.000276593,-0.000193933,0,0,0,0,1,0,0,172.7062798,173.0950567,172.2765612,99.74630552,101.1820171,99.61955308,4735.450191,4772.643002,4701.050849,3133.756323,29.7060638,50.37731373,1007.375758,0.000169239,2.649981425,14312.93857
20:05.7,1,1,1,1,1,1,1,826529,0.06873777,0.03468948,0.045246821,0.022286888,0.028239068,0.021579186,-0.000546827,0.000295668,-0.000197112,0,0,0,0,1,0,0,172.2347221,171.147952,171.2881542,101.6289306,104.0892669,101.6565739,4938.099947,4891.542039,4587.97529,3218.796032,31.02533077,49.54444341,990.7142708,0.000176203,2.674774275,14568.83151
20:05.8,1,1,1,1,1,1,1,826530,0.069190991,0.034083503,0.045361807,0.022155916,0.028239068,0.021534183,-0.000518214,0.000270234,-0.000225725,0,0,0,0,1,0,0,170.2272388,170.6077578,170.5169404,104.4781547,105.5738292,103.9945092,4852.767263,4759.672096,4824.729136,3240.235085,31.83138652,48.61165658,972.0583745,0.000179748,2.699100257,16227.1378
20:05.8,1,1,1,1,1,1,1,826531,0.06926624,0.034387826,0.044842049,0.022503481,0.028376152,0.022024165,-0.000543647,0.000289309,-0.000235263,0,0,0,0,1,0,0,169.8624656,169.5103604,168.6644511,105.6237899,107.8702373,106.1352142,4777.653035,4925.062973,4639.756762,3224.064865,32.25771028,47.72987995,954.4245804,0.000181248,2.722984948,15353.35477
20:05.9,1,1,1,1,1,1,1,826532,0.068395883,0.034159838,0.044842049,0.022845759,0.028376152,0.022373777,-0.000553185,0.000282951,-0.000241621,0,0,0,0,1,0,0,168.7124005,168.1052224,167.8560514,107.5476469,109.9185461,107.2197155,4832.235757,4760.109512,4516.828373,3162.139992,32.143632,46.97921944,939.4150801,0.000180195,2.746494024,13135.67633
20:06.0,1,1,1,1,1,1,1,826533,0.068395883,0.033930318,0.045476502,0.022632442,0.028444446,0.022632442,-0.000546827,0.000289309,-0.000279772,0,0,0,0,1,0,0,167.3330142,167.2476936,166.6500652,109.4277107,111.3531131,108.8549758,4781.704215,4711.557828,4576.536222,3165.163157,32.71746197,46.19950525,923.8211008,0.000182907,2.769612857,13614.68382
20:06.0,1,1,1,1,1,1,1,826534,0.068205206,0.034083503,0.045476502,0.023224793,0.02792817,0.022068169,-0.00057226,0.000279772,-0.000260696,0,0,0,0,1,0,0,166.1608161,166.2370484,165.2620044,110.6593683,112.6908368,110.4791799,4704.035312,4740.169119,4559.767447,3160.41497,33.26986971,45.36437002,907.1192688,0.000185312,2.792313723,14516.87008
20:06.0,1,1,1,1,1,1,1,826535,0.067706931,0.033930318,0.045015968,0.02334977,0.027683946,0.022503481,-0.000550006,0.00028613,-0.000267055,0,0,0,0,1,0,0,164.727088,165.1888705,164.0047935,112.0819872,113.8131394,111.7593492,4718.328335,4759.682953,4654.504863,3221.435134,34.52542344,44.55896292,891.0083197,0.000191812,2.814611408,14066.56925
20:06.0,1,1,1,1,1,1,1,826536,0.068319676,0.033621854,0.045246821,0.023597739,0.027683946,0.022243316,-0.000588157,0.000263876,-0.000267055,0,0,0,0,1,0,0,163.0810043,163.9002308,162.9689452,113.3229714,115.0548638,112.6925762,4771.665522,4720.416147,4693.942966,3258.819622,35.56716359,43.75605382,874.948462,0.000197246,2.836507192,14046.88586
20:06.1,1,1,1,1,1,1,1,826537,0.069040248,0.034159838,0.045131542,0.023761614,0.027788876,0.021935891,-0.000610411,0.000276593,-0.000273413,0,0,0,0,1,0,0,161.6100261,161.9846126,162.226971,114.4535237,116.1610592,113.2527957,4938.360663,4654.079076,4707.63487,3317.469689,36.91587576,42.91646061,858.1538788,0.000204273,2.857982688,14683.88859
20:06.1,1,1,1,1,1,1,1,826538,0.068548044,0.034538982,0.044842049,0.023720752,0.02785861,0.022112086,-0.00061359,0.000289309,-0.000267055,0,0,0,0,1,0,0,160.4898927,160.309399,160.4974512,114.6430253,116.9885976,113.8286423,4880.720334,4660.94876,4538.288098,3267.565717,37.00283855,42.17156657,843.2583922,0.000205042,2.87908542,13107.05413
20:06.2,1,1,1,1,1,1,1,826539,0.06835779,0.034236003,0.044783926,0.023556592,0.028341943,0.022199659,-0.000619949,0.00028613,-0.000270234,0,0,0,0,1,0,0,158.6665679,158.6818628,159.1062002,115.1266793,117.2902763,113.9339056,4833.488581,4517.939728,4484.402399,3211.62416,37.08185628,41.36128038,827.055458,0.000205687,2.899782671,14132.20705
20:06.3,1,1,1,1,1,1,1,826540,0.068510035,0.034914009,0.04541919,0.023432718,0.028376152,0.021891621,-0.000584977,0.000298847,-0.000257517,0,0,0,0,1,0,0,157.5160781,157.1702745,156.5289374,114.6224491,117.5336033,114.3394871,4649.81787,4610.350391,4292.917323,3145.18474,37.00467272,40.59012979,811.6353879,0.000205971,2.920094031,13455.86774
20:06.3,1,1,1,1,1,1,1,826541,0.068548044,0.034839327,0.04495807,0.02334977,0.028032185,0.021847261,-0.000584977,0.000282951,-0.000238442,0,0,0,0,1,0,0,154.6735852,155.3141878,155.7086836,115.7310584,117.3285193,114.1087242,4709.963052,4331.016555,4468.659232,3159.24968,37.99965119,39.70431886,793.9181345,0.00021187,2.939962012,15321.90583
20:06.4,1,1,1,1,1,1,1,826542,0.068851355,0.034988532,0.044842049,0.02334977,0.02792817,0.021668913,-0.000607232,0.000267055,-0.0002448,0,0,0,0,1,0,0,153.5310496,153.6117833,152.7460803,115.1119875,117.7902631,115.0832183,4560.018688,4588.962735,4325.978984,3177.275296,38.9659555,38.94088571,778.6475077,0.000218545,2.959447843,13372.69107
20:06.4,1,1,1,1,1,1,1,826543,0.069115661,0.035211155,0.043724498,0.023597739,0.027753943,0.02135322,-0.000610411,0.000263876,-0.000222546,0,0,0,0,1,0,0,151.3495835,151.0919496,151.2959805,115.4844801,117.9042131,114.6011681,4617.920531,4391.233733,4256.741699,3139.152032,39.31296387,38.13417131,762.5142148,0.000221863,2.978529934,14045.37228
20:06.5,1,1,1,1,1,1,1,826544,0.068775653,0.034988532,0.043664887,0.023515373,0.027823765,0.02135322,-0.000600873,0.000260696,-0.000219367,0,0,0,0,1,0,0,149.1911641,149.1809709,148.8981409,115.537795,118.0772454,114.8360758,4481.899595,4336.216222,4167.141148,3078.00828,39.32340298,37.38155302,747.4636407,0.000223934,2.997235382,13143.01308
20:06.5,1,1,1,1,1,1,1,826545,0.069454004,0.035505814,0.043605194,0.023515373,0.02792817,0.021078863,-0.000645383,0.000282951,-0.00020665,0,0,0,0,1,0,0,147.3516912,146.4923554,146.7993115,115.2148412,118.5990642,114.6586428,4453.524181,4242.305079,3918.722861,2987.490291,38.99758923,36.58536701,731.5434466,0.000223988,3.015542423,13778.98197
20:06.6,1,1,1,1,1,1,1,826546,0.069153336,0.034914009,0.042882406,0.023266526,0.028410319,0.021579186,-0.000626307,0.000279772,-0.000216187,0,0,0,0,1,0,0,144.8703165,143.9399868,144.8490721,115.4811224,118.4435965,114.6220228,4328.549145,4012.277376,3804.244156,2865.26428,38.19101054,35.82954422,716.4319041,0.000221856,3.033471294,13051.33721
20:06.6,1,1,1,1,1,1,1,826547,0.069303833,0.034311999,0.043664887,0.022845759,0.028239068,0.022155916,-0.000597694,0.000260696,-0.000219367,0,0,0,0,1,0,0,142.453198,141.6727675,142.3282123,115.5828816,118.471051,114.3261802,4190.260908,3847.09881,3658.159014,2750.359988,37.52822618,35.00004195,699.8466466,0.000220275,3.050985115,14141.36623
20:06.6,1,1,1,1,1,1,1,826548,0.069341406,0.034083503,0.04419849,0.022460329,0.028170276,0.022330375,-0.000556364,0.000260696,-0.000219367,0,0,0,0,1,0,0,139.8751379,139.492997,139.63732,115.4509005,118.55878,114.8694315,4023.009541,3824.870346,3596.075404,2701.496334,37.71798632,34.20539794,683.9545859,0.000224194,3.068101234,13564.46802
20:06.7,1,1,1,1,1,1,1,826549,0.068889175,0.034236003,0.043724498,0.02293053,0.028239068,0.022760672,-0.000553185,0.000267055,-0.000213008,0,0,0,0,1,0,0,136.9667645,137.2596513,137.11001,116.0147003,118.2663914,114.896265,3913.680985,3691.752626,3636.364136,2669.627371,38.18322215,33.39022473,667.6509236,0.000229964,3.08480935,13876.48002
20:06.7,1,1,1,1,1,1,1,826550,0.068623997,0.034083503,0.042760754,0.023141099,0.028066772,0.022845759,-0.000594515,0.000267055,-0.000193933,0,0,0,0,1,0,0,134.5193867,134.0732017,134.8232609,115.7557174,118.8052612,115.2759787,3916.247232,3661.371681,3488.388992,2646.750485,38.75588824,32.61517299,652.1487835,0.000237123,3.101129521,13241.19583
20:06.8,1,1,1,1,1,1,1,826551,0.068586031,0.033930318,0.04354542,0.023391281,0.028032185,0.022888184,-0.000619949,0.000282951,-0.00020347,0,0,0,0,1,0,0,132.3057025,131.9288815,131.120114,115.2841164,119.1541801,115.7435747,3695.529691,3752.344658,3322.321556,2584.026796,38.89787526,31.72614135,634.3698234,0.000241132,3.11700477,14991.50397
20:06.9,1,1,1,1,1,1,1,826552,0.06835779,0.034006997,0.04419849,0.023057102,0.028066772,0.022632442,-0.00057544,0.000295668,-0.000190753,0,0,0,0,1,0,0,128.4223537,129.2914424,129.2927245,116.8833534,118.3640228,115.0942952,3611.12011,3304.82145,3445.222522,2484.226693,38.39410637,30.90104516,617.8713277,0.000242023,3.13246714,13917.86054
20:06.9,1,1,1,1,1,1,1,826553,0.068281541,0.034083503,0.04530435,0.022718009,0.028341943,0.023141099,-0.000556364,0.000311564,-0.000216187,0,0,0,0,1,0,0,126.5799785,126.0276292,125.9682031,116.3063809,118.7307274,115.4079327,3474.222501,3315.337413,3128.337076,2372.623556,37.74354175,30.02151038,600.2851076,0.00024166,3.147489411,14684.05248
20:07.0,1,1,1,1,1,1,1,826554,0.068889175,0.034006997,0.045875676,0.023099139,0.028341943,0.023391281,-0.000610411,0.000321102,-0.000225725,0,0,0,0,1,0,0,123.4172302,123.2154871,123.3146282,116.5233182,117.9309451,116.2675213,3276.670595,3199.942197,3154.764305,2313.131845,37.83052986,29.20159414,583.8877254,0.000246831,3.162101334,13722.3143
20:07.0,1,1,1,1,1,1,1,826555,0.068586031,0.033699235,0.045533741,0.022675266,0.02854658,0.023308185,-0.000569081,0.000273413,-0.000216187,0,0,0,0,1,0,0,120.2075794,120.1642475,120.7322897,116.8645881,117.9349638,116.2739894,3200.635433,3016.419313,3086.716257,2239.921719,37.70894453,28.36866306,567.2308544,0.000250993,3.176296415,13875.56081
20:07.1,1,1,1,1,1,1,1,826556,0.068281541,0.034083503,0.046271407,0.022417095,0.028066772,0.023141099,-0.00053411,0.000289309,-0.000213008,0,0,0,0,1,0,0,116.9155852,117.9560846,117.3073726,117.2075578,117.0238027,117.3568357,2950.482923,3024.282119,3206.874885,2234.484169,38.77321305,27.52334889,550.3219973,0.000263377,3.190068348,14089.40969
20:07.1,1,1,1,1,1,1,1,826557,0.06835779,0.03468948,0.046045692,0.02293053,0.028066772,0.023099139,-0.000565902,0.000298847,-0.000219367,0,0,0,0,1,0,0,114.5536624,114.7940411,113.7034517,116.6921886,117.1922294,118.2006874,2780.826848,3102.980602,3014.520154,2175.235827,38.96816962,26.65969429,533.0497239,0.000270374,3.203408038,14337.13419
20:07.1,1,1,1,1,1,1,1,826558,0.068052279,0.034463487,0.045476502,0.023308185,0.028307693,0.023266526,-0.000584977,0.000308385,-0.000213008,0,0,0,0,1,0,0,111.7309657,111.2801753,110.8178062,117.3653768,117.8164978,117.3158853,2857.402012,2936.400913,2885.740492,2136.955616,39.53253493,25.81690244,516.1931305,0.000280665,3.216325889,14006.50992
20:07.2,1,1,1,1,1,1,1,826559,0.068661942,0.034538982,0.045818864,0.022845759,0.028101316,0.022888184,-0.00057544,0.000311564,-0.000200291,0,0,0,0,1,0,0,108.3037304,108.1520234,108.0070044,117.168886,118.2492702,117.4213271,2748.920683,2794.840614,2755.257791,2044.404186,39.05368231,25.00170909,499.8919631,0.000284418,3.228835798,13512.04917
20:07.2,1,1,1,1,1,1,1,826560,0.068281541,0.034839327,0.045818864,0.022803255,0.028444446,0.023224793,-0.000581798,0.000340177,-0.000200291,0,0,0,0,1,0,0,104.8088686,105.005137,105.2225253,118.0750909,117.8085542,117.0899238,2673.104944,2547.840024,2747.142753,1967.748337,38.86112718,24.18364511,483.5323585,0.000290576,3.240936305,13505.75363
20:07.3,1,1,1,1,1,1,1,826561,0.068013994,0.035211155,0.045015968,0.022503481,0.02881717,0.02293053,-0.000550006,0.000340177,-0.000197112,0,0,0,0,1,0,0,101.7724781,101.3156278,102.3701734,118.0881348,118.188057,117.0397602,2625.167155,2414.218068,2590.188274,1887.923848,38.55306521,23.38814883,467.6241605,0.000296766,3.252638706,13104.36063
20:07.4,1,1,1,1,1,1,1,826562,0.067359813,0.035798048,0.045073792,0.022718009,0.028951517,0.023391281,-0.000569081,0.000359252,-0.000225725,0,0,0,0,1,0,0,99.30298792,98.02133512,98.52552459,117.0471449,118.7081408,118.0198575,2504.419185,2583.231773,2393.544242,1870.412348,39.57904856,22.57093997,451.2772009,0.000313674,3.263932021,13457.3443
20:07.4,1,1,1,1,1,1,1,826563,0.067127403,0.035870735,0.044783926,0.023099139,0.02881717,0.022845759,-0.00057226,0.000349715,-0.000193933,0,0,0,0,1,0,0,95.38523701,95.78183233,94.81332843,116.9733953,118.3669103,119.0378073,2244.995702,2565.139151,2448.329085,1827.809244,40.04510341,21.80045,435.8658386,0.000328345,3.274839662,12733.98709
20:07.5,1,1,1,1,1,1,1,826564,0.06708859,0.035943274,0.044374931,0.022845759,0.028850815,0.023141099,-0.000527751,0.000365611,-0.000197112,0,0,0,0,1,0,0,91.98180975,91.96648131,92.30868702,117.9473876,119.0607961,117.7031517,2380.529732,2311.880378,2357.3918,1788.541881,40.7538426,20.96146494,419.0848221,0.000344624,3.285327355,13772.77531
20:07.5,1,1,1,1,1,1,1,826565,0.066855238,0.036160019,0.044374931,0.023099139,0.028682194,0.023182984,-0.000537289,0.000413299,-0.00020665,0,0,0,0,1,0,0,88.922103,89.36622896,89.23289362,126.113679,124.6335966,124.9992297,3120.334342,2951.985215,3247.580291,2554.606786,59.97457541,20.34824176,406.7506555,0.000526285,3.295506383,11452.07579
20:07.6,1,1,1,1,1,1,1,826566,0.06658196,0.036375473,0.043605194,0.023556592,0.028917989,0.023182984,-0.00057544,0.000422837,-0.000200291,0,0,0,0,1,0,0,87.51736157,86.24446854,86.47628954,140.1552107,141.7321984,135.9378689,4679.848857,4350.947182,4102.907451,3809.609293,92.45999751,19.68928184,393.4576032,0.000833025,3.305352748,13872.8471
20:07.6,1,1,1,1,1,1,1,826567,0.065715688,0.03623198,0.043902844,0.023802407,0.029218357,0.023224793,-0.000565902,0.000429195,-0.000213008,0,0,0,0,1,0,0,84.93255926,84.85087808,84.89148442,154.7597825,158.7706801,152.6281741,6088.951129,5949.089423,5641.949119,5291.629101,131.5348594,19.23169478,384.1668737,0.001214198,3.314966612,13004.67502
20:07.7,1,1,1,1,1,1,1,826568,0.065357995,0.03623198,0.044492171,0.023720752,0.029151876,0.023141099,-0.000556364,0.000432375,-0.000219367,0,0,0,0,1,0,0,83.31819111,84.45900794,83.55510935,169.3558085,173.8811572,170.7988557,7446.528008,7736.125565,7481.564059,6906.749941,174.9429361,18.88119119,377.0063833,0.001635067,3.324401282,13813.77981
20:07.7,1,1,1,1,1,1,1,826569,0.065357995,0.036160019,0.044783926,0.023802407,0.029383901,0.02334977,-0.000588157,0.000438733,-0.0002448,0,0,0,0,1,0,0,83.07338613,84.20568247,82.89967576,185.1009044,188.4375204,186.2396943,9180.923925,9551.122158,9322.371468,8646.714973,220.0043268,18.80456889,375.3110085,0.002074946,3.333793525,12192.76432
20:07.7,1,1,1,1,1,1,1,826570,0.065477443,0.035505814,0.044900097,0.024045709,0.029614109,0.023308185,-0.000597694,0.000426016,-0.000254338,0,0,0,0,1,0,0,83.64372594,84.54669432,83.1683352,198.5969646,202.6309106,199.9328087,11025.17813,11443.87568,11088.27008,10417.53492,265.1695641,18.80456889,375.1566699,0.002485322,3.343181906,13454.04738
20:07.8,1,1,1,1,1,1,1,826571,0.065517211,0.035652231,0.044900097,0.024206551,0.029482781,0.023391281,-0.000600873,0.000432375,-0.000267055,0,0,0,0,1,0,0,85.08803798,85.46696928,84.27128952,213.1374031,215.5844453,212.2737917,13106.65861,13310.79682,12963.4314,12285.88035,311.7664502,18.86957927,376.3121887,0.00286015,3.352599204,15206.33426
20:07.8,1,1,1,1,1,1,1,826572,0.066660154,0.034988532,0.044080469,0.024485484,0.029218357,0.023556592,-0.000607232,0.000413299,-0.000241621,0,0,0,0,1,0,0,86.93083284,86.82499148,86.78484728,226.7223314,227.5904155,223.615943,15271.41683,15032.21909,14934.52505,14159.34415,353.9331306,19.16186524,382.0263351,0.003159843,3.3621595,14138.32862
20:07.9,1,1,1,1,1,1,1,826573,0.066855238,0.035062897,0.044021341,0.024485484,0.029085243,0.023720752,-0.000635845,0.00041012,-0.000254338,0,0,0,0,1,0,0,89.02538232,89.29158805,90.21641887,237.9778061,238.3351295,236.7088197,17204.96575,16970.71228,17270.08813,16141.9112,393.5056456,19.65271463,391.7196595,0.003395544,3.371962373,13373.57158
20:08.0,1,1,1,1,1,1,1,826574,0.066855238,0.035725214,0.044842049,0.024406114,0.029151876,0.023556592,-0.000632666,0.00041012,-0.000267055,0,0,0,0,1,0,0,92.8731726,93.00184675,92.50265681,247.1934148,250.9392308,248.6627679,19106.24213,19535.72476,19143.94959,18162.02111,429.1099994,20.28078426,404.1726513,0.003557638,3.382076886,13418.99471
20:08.0,1,1,1,1,1,1,1,826575,0.066425296,0.035285051,0.045015968,0.024326485,0.029151876,0.023474082,-0.000604053,0.000394224,-0.000267055,0,0,0,0,1,0,0,96.78079547,96.15092486,96.18161702,256.0528186,258.0419377,255.4327005,20713.76992,20736.08669,20493.12985,19472.33013,446.1176936,20.91450912,416.8116583,0.003534685,3.392507692,14265.81586
20:08.1,1,1,1,1,1,1,1,826576,0.066777273,0.035725214,0.045015968,0.024045709,0.029449858,0.023720752,-0.000594515,0.000381507,-0.00028613,0,0,0,0,1,0,0,99.57829459,100.7043531,99.95658766,257.9332504,260.3051827,261.9870757,21091.48136,21788.95663,21810.59594,20333.4725,449.0147415,21.69597472,432.4364917,0.003417691,3.403329513,12200.83847
20:08.1,1,1,1,1,1,1,1,826577,0.067359813,0.035579098,0.04443359,0.024045709,0.029679554,0.023843129,-0.000610411,0.000387865,-0.000282951,0,0,0,0,1,0,0,103.8742678,103.3923766,104.5905479,262.115516,260.4048207,262.8134956,22306.18946,22052.3049,22693.32707,21072.9107,449.4469105,22.46017217,447.7313549,0.003277109,3.414534092,12512.12945
20:08.2,1,1,1,1,1,1,1,826578,0.067321134,0.035798048,0.044550674,0.023883783,0.029777453,0.023720752,-0.000600873,0.000365611,-0.000279772,0,0,0,0,1,0,0,108.2419656,107.5495185,107.6517235,261.9191387,262.4138088,262.5645869,22988.95966,23030.66617,23027.80421,21695.9524,447.2906764,23.23229013,463.191153,0.003130663,3.426125556,12299.88609
20:08.2,1,1,1,1,1,1,1,826579,0.067359813,0.035725214,0.044609102,0.023720752,0.029482781,0.023391281,-0.000581798,0.000349715,-0.000257517,0,0,0,0,1,0,0,111.6012981,111.8912444,111.8349314,261.0727837,262.3496066,263.388458,23372.5319,23712.26946,23819.93329,22273.40737,444.7888612,23.98127259,478.1940186,0.002984481,3.43809247,12542.03326
20:08.2,1,1,1,1,1,1,1,826580,0.067475718,0.036447008,0.044725727,0.023597739,0.028917989,0.023141099,-0.000578619,0.000371969,-0.000273413,0,0,0,0,1,0,0,115.3887677,115.5137611,116.2689199,262.4406492,261.5119051,262.9953155,24139.73658,24052.53912,24573.15683,22850.03738,442.1200448,24.74732136,493.535153,0.002851368,3.450443299,12165.85053
20:08.3,1,1,1,1,1,1,1,826581,0.066816267,0.035725214,0.045761982,0.023391281,0.029151876,0.023474082,-0.000578619,0.000359252,-0.000279772,0,0,0,0,1,0,0,119.307211,119.3822264,120.4877457,261.9373899,261.3352409,263.748599,24702.18266,24657.75409,25327.47959,23444.83119,439.9537319,25.51339066,508.8754344,0.002728722,3.463178022,12077.33022
20:08.3,1,1,1,1,1,1,1,826582,0.066268262,0.035505814,0.046271407,0.023266526,0.029118578,0.023141099,-0.000584977,0.000349715,-0.000314743,0,0,0,0,1,0,0,123.3521833,123.646445,124.1948672,261.2522855,262.2725102,264.0831655,25276.42991,25517.23455,25888.67362,24061.18484,438.3577834,26.27654011,524.1549232,0.002618075,3.476295118,12066.95045
20:08.4,1,1,1,1,1,1,1,826583,0.065874039,0.035137104,0.045875676,0.023182984,0.029515668,0.023057102,-0.000578619,0.000346536,-0.000308385,0,0,0,0,1,0,0,127.7355755,127.6472049,127.8718098,261.8324227,263.2164629,263.0847637,26090.28658,26247.59225,26311.65947,24666.57802,436.9493594,27.02168318,539.0749847,0.002514053,3.489785592,12297.18802
20:08.4,1,1,1,1,1,1,1,826584,0.065874039,0.034159838,0.045073792,0.022760672,0.02925154,0.02293053,-0.00057226,0.000302026,-0.000295668,0,0,0,0,1,0,0,131.4625302,131.5355634,132.2718251,263.0464965,262.1584936,262.507887,26816.09307,26604.8885,27085.70098,25235.55306,435.1854384,27.75426985,553.7450462,0.002414675,3.503643188,12422.49049
20:08.5,1,1,1,1,1,1,1,826585,0.066071445,0.033853466,0.045246821,0.022675266,0.028917989,0.023308185,-0.000578619,0.000282951,-0.000305206,0,0,0,0,1,0,0,135.2140633,136.5153677,135.5471789,260.2624292,263.5210364,263.0759124,26971.4801,27777.47733,27554.83863,25783.67978,432.8213742,28.50930465,568.8628612,0.002320702,3.51787911,11972.73486
20:08.6,1,1,1,1,1,1,1,826586,0.065715688,0.033466556,0.045533741,0.022803255,0.028648351,0.023266526,-0.000578619,0.000273413,-0.000302026,0,0,0,0,1,0,0,140.2688951,139.5032045,139.4935892,261.5260031,263.9789765,260.1771083,28192.00803,28159.19442,27729.10513,26323.89266,430.331163,29.27248069,584.1423533,0.002232917,3.532497405,11736.42676
20:08.6,1,1,1,1,1,1,1,826587,0.066503674,0.033310534,0.04541919,0.022845759,0.028170276,0.023266526,-0.00057544,0.00024798,-0.000298847,0,0,0,0,1,0,0,143.7545803,143.616042,143.7926767,260.5422713,263.5255375,260.1750506,28605.37986,28736.14415,28463.24788,26845.9898,427.7915127,30.027811,599.264621,0.002150671,3.547494138,11744.59781
20:08.7,1,1,1,1,1,1,1,826588,0.06708859,0.033544295,0.045073792,0.022760672,0.028135817,0.02334977,-0.000559544,0.000267055,-0.000314743,0,0,0,0,1,0,0,147.1138971,148.0970401,147.8296933,260.8345504,262.211931,260.7319043,29017.64019,29299.74781,29382.87578,27421.63882,426.517667,30.76106092,613.9425918,0.00207832,3.562858191,12049.80836
20:08.7,1,1,1,1,1,1,1,826589,0.066699216,0.033544295,0.044667452,0.022760672,0.028135817,0.023843129,-0.000540468,0.000263876,-0.000333819,0,0,0,0,1,0,0,152.1393239,150.830975,151.7341212,262.2493603,262.7732155,258.6050497,30291.44467,29683.48367,29594.90995,27987.53996,425.1991064,31.49113783,628.5556947,0.002011775,3.57858794,12056.03367
20:08.8,1,1,1,1,1,1,1,826590,0.065992554,0.033699235,0.044492171,0.022503481,0.028682194,0.024005329,-0.000527751,0.000254338,-0.000317922,0,0,0,0,1,0,0,155.5508619,155.8039117,155.0465599,260.3102418,263.4133223,260.1868386,30416.42907,30825.19982,30315.81482,28590.16366,424.4782028,32.22188811,643.1801454,0.001951495,3.594683669,12037.16614
20:08.8,1,1,1,1,1,1,1,826591,0.066503674,0.034236003,0.043724498,0.022243316,0.028478531,0.023843129,-0.000515034,0.000257517,-0.000321102,0,0,0,0,1,0,0,159.3959451,159.1077158,159.3715141,260.4628478,262.8714037,259.0715064,31173.94868,31150.04261,30876.89818,29081.0706,421.9855303,32.96669359,658.0883661,0.001889036,3.61115248,11700.51518
20:08.8,1,1,1,1,1,1,1,826592,0.066816267,0.034538982,0.043902844,0.022068169,0.028512576,0.023964882,-0.000508676,0.000263876,-0.000295668,0,0,0,0,1,0,0,163.6740236,163.1802049,162.5474304,259.3701353,263.0426903,258.9049855,31700.31463,32017.63296,31255.85768,29612.46181,420.0814217,33.71933117,673.1508843,0.00183239,3.627998234,11499.19996
20:08.9,1,1,1,1,1,1,1,826593,0.066816267,0.034463487,0.043724498,0.022243316,0.028307693,0.024326485,-0.000508676,0.000257517,-0.000298847,0,0,0,0,1,0,0,167.0707909,167.4026459,166.2165091,258.4730884,262.3415959,258.6087222,32047.2813,32647.56741,31885.63552,30089.72035,417.6945839,34.45666859,687.9085219,0.001777377,3.6452133,11631.40172
20:08.9,1,1,1,1,1,1,1,826594,0.066268262,0.034387826,0.044080469,0.022417095,0.028749761,0.024286573,-0.00049278,0.000289309,-0.000305206,0,0,0,0,1,0,0,170.6428935,170.8777493,170.4380552,258.857978,261.4856358,258.8105328,32706.5313,33049.69122,32706.85384,30654.53599,417.1439594,35.14814549,701.7463618,0.001730601,3.662774663,12358.12091
20:09.0,1,1,1,1,1,1,1,826595,0.066425296,0.035137104,0.04443359,0.022803255,0.028917989,0.024126264,-0.000505497,0.000311564,-0.000305206,0,0,0,0,1,0,0,174.1856239,174.1459205,174.695198,259.8022758,260.5673458,258.4935646,33480.70623,33328.55224,33493.99985,31204.97056,415.6612665,35.90531601,716.8950846,0.001686708,3.680715125,11261.87374
20:09.0,1,1,1,1,1,1,1,826596,0.066268262,0.03468948,0.044550674,0.02254655,0.028951517,0.024326485,-0.000460988,0.00032746,-0.000302026,0,0,0,0,1,0,0,177.3361755,178.1065568,178.6316427,259.5498436,259.7493511,259.4165517,33861.95927,33914.63789,34428.09444,31774.23048,414.4292043,36.66751992,732.1432648,0.001646053,3.699037176,11141.1058
20:09.1,1,1,1,1,1,1,1,826597,0.065357995,0.035358792,0.044609102,0.022112086,0.029051869,0.024682791,-0.000426016,0.00032746,-0.000321102,0,0,0,0,1,0,0,181.1936787,182.2143497,181.542235,258.140164,260.6570991,259.3621469,34266.87774,34921.91066,34761.82821,32292.11739,412.9232175,37.39956283,746.790186,0.001605728,3.71772577,11562.38436
20:09.2,1,1,1,1,1,1,1,826598,0.065357995,0.035062897,0.044900097,0.022199659,0.029185135,0.024682791,-0.000429195,0.000317922,-0.000321102,0,0,0,0,1,0,0,185.3273521,185.2780328,185.2067842,258.5579528,260.4868845,258.4677663,35153.18153,35382.03684,35215.81532,32826.98887,411.7575033,38.12523174,761.3089018,0.001568165,3.736777698,11626.48886
20:09.2,1,1,1,1,1,1,1,826599,0.065953073,0.035062897,0.045932418,0.022112086,0.029051869,0.024206551,-0.000422837,0.00032746,-0.000305206,0,0,0,0,1,0,0,188.8523348,189.2365016,188.4076554,257.4306481,260.2047048,258.5397126,35508.13124,36159.596,35752.67306,33319.19413,409.5996873,38.89929983,776.7947014,0.001531255,3.756217162,10753.82642
20:09.3,1,1,1,1,1,1,1,826600,0.066110855,0.034463487,0.046327664,0.022112086,0.028985006,0.024286573,-0.000406941,0.000324281,-0.000333819,0,0,0,0,1,0,0,192.7969063,191.5503319,192.717404,258.358898,259.2931839,256.8737245,36574.81539,36180.13297,36250.86107,33783.42384,407.7968388,39.614219,791.0996437,0.001495342,3.77601461,11625.38796
20:09.3,1,1,1,1,1,1,1,826601,0.065834487,0.034159838,0.046383853,0.022417095,0.028749761,0.024126264,-0.000416478,0.000314743,-0.000317922,0,0,0,0,1,0,0,195.4888975,196.2249649,195.734661,256.4858533,258.9959644,258.1729078,36485.83688,37200.5215,37045.37119,34292.95249,405.8955759,40.39877366,806.7926667,0.001463914,3.79620478,10424.19217
20:09.3,1,1,1,1,1,1,1,826602,0.065913568,0.033776438,0.046496027,0.022330375,0.028682194,0.023720752,-0.00041012,0.000317922,-0.000314743,0,0,0,0,1,0,0,199.2728428,199.3074177,199.0674628,256.0030837,257.7708882,257.1526062,36981.25535,37459.91001,37371.60066,34591.15615,401.4422723,41.20055226,822.8361387,0.001425838,3.816796441,9903.976973
20:09.4,1,1,1,1,1,1,1,826603,0.065834487,0.034083503,0.046886522,0.022417095,0.028512576,0.023802407,-0.000422837,0.000324281,-0.000330639,0,0,0,0,1,0,0,202.2479858,201.866921,203.2226906,254.3894153,255.0106401,254.5330908,37081.9555,36985.49226,37441.13717,34437.98894,392.9039047,41.90731066,836.9949148,0.001373625,3.837742429,10945.34054
20:09.4,1,1,1,1,1,1,1,826604,0.065715688,0.034764484,0.046496027,0.022589537,0.028135817,0.024005329,-0.000438733,0.000314743,-0.000333819,0,0,0,0,1,0,0,205.9313663,205.1576825,205.0030536,249.489361,252.2836508,250.1277346,36540.02749,36932.03544,36421.63824,33862.16378,381.4249645,42.44405958,847.7679101,0.001311469,3.858958013,13026.87519
20:09.5,1,1,1,1,1,1,1,826605,0.065834487,0.034236003,0.045932418,0.022373777,0.028135817,0.023883783,-0.000454629,0.000292489,-0.000330639,0,0,0,0,1,0,0,208.0104295,207.6203773,208.1246119,244.4910781,246.994079,245.0919455,35767.50791,36018.29543,35795.07503,33065.50832,366.5845048,43.12061421,861.3357673,0.001248263,3.880513136,9885.010144
20:09.5,1,1,1,1,1,1,1,826606,0.066150242,0.035062897,0.045590908,0.022373777,0.028101316,0.023638814,-0.000489601,0.000282951,-0.000324281,0,0,0,0,1,0,0,210.7329055,209.8170726,209.4216949,238.3329517,241.8675309,238.912608,35162.90616,35604.82309,34809.70147,32383.61174,355.312369,43.56891273,870.3347816,0.001197497,3.902293462,12947.02045
20:09.6,1,1,1,1,1,1,1,826607,0.066542829,0.034311999,0.046158687,0.022373777,0.028101316,0.023391281,-0.000515034,0.00028613,-0.000324281,0,0,0,0,1,0,0,211.5448742,211.4799296,211.6096991,232.216657,235.5121612,233.036794,34711.31231,35204.89746,34717.37915,32064.98986,347.7448062,44.07772283,880.5252951,0.001167439,3.924328807,11538.19234
20:09.6,1,1,1,1,1,1,1,826608,0.066503674,0.034006997,0.046102224,0.02254655,0.027578617,0.02334977,-0.000537289,0.000267055,-0.000321102,0,0,0,0,1,0,0,212.8172053,211.6727765,212.7411812,228.045924,230.620942,227.8032162,35230.24247,35252.36181,34951.19518,32333.95218,345.4591092,44.74151194,893.7859531,0.001167021,3.946696004,8913.069584
20:09.7,1,1,1,1,1,1,1,826609,0.065755312,0.033388636,0.045131542,0.022760672,0.027683946,0.023679818,-0.00057226,0.000257517,-0.000330639,0,0,0,0,1,0,0,212.6850258,212.5350792,212.7291201,226.5884436,229.3729287,227.2164114,36110.03573,36540.35238,36136.72132,33448.81303,352.1940421,45.40079799,906.9223154,0.001204433,3.969391941,9447.400216
20:09.8,1,1,1,1,1,1,1,826610,0.065874039,0.033153778,0.04495807,0.022718009,0.027295752,0.02334977,-0.000578619,0.000225725,-0.000302026,0,0,0,0,1,0,0,212.1026534,212.7744936,211.927378,228.5537846,233.0663725,230.9800181,37591.17567,38679.64914,37913.32066,35237.6527,366.1633052,46.00734287,918.9746537,0.001273931,3.99238949,11212.87835
20:09.8,1,1,1,1,1,1,1,826611,0.066425296,0.032758605,0.045131542,0.022972798,0.027437549,0.023182984,-0.000591336,0.000222546,-0.000302026,0,0,0,0,1,0,0,211.8392643,211.2996749,211.0080589,235.5077408,239.6242819,236.5000602,40159.95406,40772.20462,39909.48794,37441.11826,383.2248966,46.71218173,932.9674192,0.001366041,4.015737211,10685.89315
20:09.9,1,1,1,1,1,1,1,826612,0.066386073,0.032278013,0.04495807,0.022888184,0.027648881,0.023515373,-0.000562723,0.000216187,-0.000311564,0,0,0,0,1,0,0,210.0780861,209.9898343,210.1788054,244.0316276,246.1078446,244.4387173,42615.29762,42906.1531,42594.80758,39850.7466,400.3315145,47.59906871,950.5786694,0.001473458,4.039525659,8779.230304
20:09.9,1,1,1,1,1,1,1,826613,0.065992554,0.031708117,0.04541919,0.022888184,0.027718967,0.02334977,-0.000527751,0.000209829,-0.000314743,0,0,0,0,1,0,0,209.2201699,208.294751,208.2474881,252.102049,254.3081017,253.3599939,45362.78662,45610.6111,45223.03329,42526.37296,420.2119799,48.39776694,966.4097349,0.001596772,4.063710282,11504.11848
20:09.9,1,1,1,1,1,1,1,826614,0.067010896,0.031543398,0.04541919,0.023014989,0.027893411,0.023266526,-0.000537289,0.00020347,-0.000311564,0,0,0,0,1,0,0,206.624615,206.806811,207.6359137,259.9806863,262.0460911,261.7967553,47812.83021,48171.38678,48326.60929,45214.18822,435.4653489,49.66065921,991.4995401,0.001725354,4.088522783,4800.307322
20:10.0,1,1,1,1,1,1,1,826615,0.067049755,0.031790156,0.045761982,0.023057102,0.027962885,0.023391281,-0.000537289,0.000216187,-0.000308385,0,0,0,0,1,0,0,206.2314226,205.2450042,205.0059473,266.6082487,268.919836,267.7624831,50440.32621,50802.07756,50328.83587,47623.11197,448.1006283,50.83772699,1014.877444,0.001846164,4.113920321,7033.422027
20:10.0,1,1,1,1,1,1,1,826616,0.066621068,0.031043999,0.046271407,0.022845759,0.02785861,0.023224793,-0.000508676,0.000213008,-0.000305206,0,0,0,0,1,0,0,203.5849652,203.9427498,204.6451038,270.2927604,272.4040549,272.7511702,51698.36103,52235.41956,52456.52628,49230.56298,454.7111754,51.79436341,1033.881005,0.001936758,4.139793428,11135.52739
20:10.1,1,1,1,1,1,1,1,826617,0.067127403,0.031625865,0.04530435,0.023014989,0.02785861,0.023141099,-0.00049278,0.000213008,-0.000273413,0,0,0,0,1,0,0,203.6165593,202.0438326,202.8968879,274.2995124,275.7144415,275.764219,53128.63508,53138.5298,53250.56319,50274.20541,455.7300247,52.7775856,1053.437939,0.002002529,4.166155952,10774.33953
20:10.1,1,1,1,1,1,1,1,826618,0.066894187,0.032035013,0.045761982,0.022803255,0.027823765,0.023432718,-0.000489601,0.000225725,-0.000295668,0,0,0,0,1,0,0,202.1893205,202.2701807,201.745822,275.9539806,277.8725382,278.1575744,53127.61575,53692.75752,53614.84172,50582.90115,449.690002,53.81643422,1074.142461,0.002031186,4.193036611,9469.54307
20:10.2,1,1,1,1,1,1,1,826619,0.06739847,0.031871984,0.045648004,0.022675266,0.027718967,0.023638814,-0.000473704,0.000193933,-0.000292489,0,0,0,0,1,0,0,201.351307,201.5492658,202.2440885,274.5691453,276.1468746,277.3372883,52329.48783,52786.10929,53241.92362,49906.8882,435.6349563,54.80918484,1093.979421,0.002010864,4.220413694,9357.137645
20:10.3,1,1,1,1,1,1,1,826620,0.06739847,0.032197217,0.045648004,0.022632442,0.027823765,0.023843129,-0.000476884,0.000222546,-0.000311564,0,0,0,0,1,0,0,201.8299453,200.9917775,202.2754909,269.6330562,270.4479358,271.310014,50991.42498,50999.98232,51507.10138,48323.09529,415.5989538,55.62470355,1110.328995,0.001946146,4.248199929,11085.86555
20:10.3,1,1,1,1,1,1,1,826621,0.066855238,0.032519197,0.045476502,0.022286888,0.027578617,0.02408602,-0.000464167,0.000213008,-0.000314743,0,0,0,0,1,0,0,202.3639169,201.2448069,202.3244585,260.8235331,261.8125609,262.0808062,48938.78893,48921.31936,49217.70241,46231.02408,391.7407177,56.45241033,1126.953979,0.001854861,4.276402208,9378.267357
20:10.4,1,1,1,1,1,1,1,826622,0.066425296,0.032917244,0.04541919,0.02254655,0.027543417,0.023964882,-0.000505497,0.000219367,-0.000302026,0,0,0,0,1,0,0,202.509101,202.0340786,202.5553383,250.196291,252.6791924,252.2174182,46567.062,46988.82003,46986.64419,44101.49903,370.0841388,56.99799452,1137.952833,0.001760639,4.304879736,12831.49425
20:10.4,1,1,1,1,1,1,1,826623,0.066777273,0.033621854,0.044550674,0.022460329,0.027753943,0.02408602,-0.000515034,0.000241621,-0.000279772,0,0,0,0,1,0,0,202.8393013,203.1033344,202.5822956,241.2729195,244.9312001,242.7147032,44730.52017,45554.9896,44977.63969,42379.75968,352.2702116,57.53805504,1148.825195,0.001682283,4.333629348,11833.38991
20:10.4,1,1,1,1,1,1,1,826624,0.065715688,0.033466556,0.04419849,0.022417095,0.027648881,0.024126264,-0.000518214,0.000238442,-0.000276593,0,0,0,0,1,0,0,203.7729693,203.1387206,202.8772501,235.1884235,237.8185958,236.1264589,43697.2187,44136.5411,43685.96279,41157.99429,338.5781658,58.13575025,1160.82469,0.001625777,4.362679249,10022.62484
20:10.4,1,1,1,1,1,1,1,826625,0.066307556,0.033776438,0.044080469,0.022024165,0.027472884,0.024406114,-0.000508676,0.000225725,-0.000276593,0,0,0,0,1,0,0,203.5350625,203.7268109,203.628406,231.6066292,234.8655911,233.8116431,42920.03445,43681.49548,43404.63103,40661.07551,331.4680311,58.66430541,1171.409105,0.001599783,4.391994028,10804.99752
20:10.5,1,1,1,1,1,1,1,826626,0.066464497,0.033544295,0.04354542,0.022503481,0.027578617,0.024525072,-0.000515034,0.000200291,-0.000267055,0,0,0,0,1,0,0,204.4531481,203.6550462,203.551,234.1694629,236.552079,234.636568,43668.90618,43996.25291,43561.8653,41054.08272,331.6897614,59.19241687,1181.940649,0.00161143,4.421572361,10886.44424
20:10.6,1,1,1,1,1,1,1,826627,0.064998334,0.032358607,0.043365604,0.022330375,0.027543417,0.024643456,-0.000540468,0.000197112,-0.000270234,0,0,0,0,1,0,0,204.1543937,203.9807657,203.8370579,237.9483353,240.5396315,238.9368362,44379.394,44889.99183,44537.12878,41890.83096,335.653118,59.68757437,1191.78982,0.00164328,4.451397172,11749.3379
20:10.6,1,1,1,1,1,1,1,826628,0.065397835,0.032197217,0.042699798,0.022632442,0.027788876,0.024485484,-0.000524572,0.000193933,-0.000232083,0,0,0,0,1,0,0,203.8674982,203.3525217,204.4879947,243.3873203,245.6120297,245.1605083,45494.31854,45801.01943,45983.91617,43020.49338,342.044386,60.15461084,1201.05889,0.001690084,4.481453943,12682.3115
20:10.7,1,1,1,1,1,1,1,826629,0.065238328,0.033075121,0.043185038,0.022803255,0.027997556,0.024445831,-0.000518214,0.000254338,-0.000238442,0,0,0,0,1,0,0,203.7291799,203.4801773,203.6846885,249.771737,253.7074377,252.2711343,46829.40313,47588.51627,47278.28876,44458.88258,350.2222914,60.71807396,1212.233105,0.00175267,4.511790352,11583.97345
20:10.7,1,1,1,1,1,1,1,826630,0.064837844,0.033075121,0.043003715,0.022760672,0.027997556,0.024366332,-0.000511855,0.000241621,-0.000219367,0,0,0,0,1,0,0,203.5903494,203.2125782,202.8802828,259.2715728,262.2218963,260.1700152,48790.84889,49329.96202,48829.15093,46169.34964,360.4316134,61.27275122,1223.213493,0.001829142,4.542401547,12434.55196
20:10.8,1,1,1,1,1,1,1,826631,0.065397835,0.03283802,0.042943103,0.022972798,0.028170276,0.024525072,-0.000515034,0.000235263,-0.000219367,0,0,0,0,1,0,0,202.3648636,202.8962496,202.9450826,267.2347036,270.6218001,270.5293311,50193.03129,51111.91226,51088.03226,47941.17988,370.5005512,61.90016143,1235.63796,0.001910551,4.573323668,11857.45624
20:10.9,1,1,1,1,1,1,1,826632,0.065755312,0.032758605,0.04354542,0.022632442,0.028273401,0.024564597,-0.000508676,0.000235263,-0.000235263,0,0,0,0,1,0,0,202.1260406,201.8744502,202.4218201,275.9765851,278.8286615,278.1199365,52086.0789,52640.9217,52656.70041,49566.75543,379.3507121,62.51087959,1247.731013,0.001988917,4.60454842,12747.37879
20:10.9,1,1,1,1,1,1,1,826633,0.066032011,0.032599195,0.044492171,0.022199659,0.027997556,0.024246595,-0.000511855,0.000213008,-0.000254338,0,0,0,0,1,0,0,201.3166509,201.4137409,201.9375809,280.80723,284.5760733,284.1122412,52917.97061,53785.6513,53794.18638,50582.03209,382.5954647,63.25370256,1262.489681,0.00204286,4.636142511,10663.7093
20:11.0,1,1,1,1,1,1,1,826634,0.066503674,0.032758605,0.045073792,0.022243316,0.028170276,0.024366332,-0.000502318,0.000228904,-0.000263876,0,0,0,0,1,0,0,200.9191399,200.6096844,201.8981238,284.2528848,287.0637749,286.625269,53533.46701,54000.85927,54293.61984,51016.06324,381.7500739,63.93945978,1276.142565,0.002069638,4.668078268,11605.26267
20:11.0,1,1,1,1,1,1,1,826635,0.065992554,0.032758605,0.044842049,0.022845759,0.028066772,0.024005329,-0.000527751,0.00024798,-0.000273413,0,0,0,0,1,0,0,200.795989,200.0907659,201.2058483,283.0082189,286.1008623,285.1628827,53077.95892,53520.26577,53609.25425,50493.32465,373.9224761,64.6082843,1289.50722,0.002057372,4.700348479,11378.36398
20:11.0,1,1,1,1,1,1,1,826636,0.065636369,0.033075121,0.045761982,0.022503481,0.027788876,0.023924367,-0.000537289,0.000273413,-0.000298847,0,0,0,0,1,0,0,200.1756895,200.0456829,200.4874959,276.3702625,280.0431758,279.1063145,51074.53325,51841.93466,51758.0447,48699.1283,356.3224089,65.3861076,1305.116961,0.001992159,4.733009327,8294.843555
20:11.0,1,1,1,1,1,1,1,826637,0.066542829,0.034463487,0.046439974,0.022373777,0.027472884,0.023883783,-0.000508676,0.000279772,-0.000321102,0,0,0,0,1,0,0,199.3943761,199.9258871,200.290177,267.3353694,271.3315672,270.4980279,48462.5719,49427.20549,49364.6221,46288.66697,336.2412118,65.8552659,1314.604498,0.001898724,4.765907603,12388.55347
20:11.1,1,1,1,1,1,1,1,826638,0.065992554,0.034988532,0.046997496,0.022068169,0.027613771,0.023843129,-0.000499138,0.000305206,-0.000349715,0,0,0,0,1,0,0,199.6155228,199.5068351,199.9092159,257.2799979,260.8096652,259.1307191,45931.96887,46597.65512,46365.00744,43570.10985,313.7287082,66.42831662,1326.190082,0.001788583,4.799095811,9089.439672
20:11.2,1,1,1,1,1,1,1,826639,0.06658196,0.034614313,0.046775285,0.021935891,0.027295752,0.023597739,-0.000515034,0.000263876,-0.000356073,0,0,0,0,1,0,0,200.1884325,199.2091494,199.6314567,245.9399854,248.0594143,246.7042188,43259.92403,43497.80964,43333.33235,40704.77883,291.8140864,66.71229028,1332.019336,0.001668711,4.832429898,12751.43775
20:11.2,1,1,1,1,1,1,1,826640,0.067937358,0.034538982,0.046886522,0.022330375,0.027188919,0.023638814,-0.000537289,0.000273413,-0.000365611,0,0,0,0,1,0,0,199.5602029,199.9589417,200.1399298,231.0831098,234.697505,234.5522081,39801.82648,40698.45645,40692.80205,37806.05962,269.5133551,67.08010014,1339.530191,0.001544282,4.865951945,9814.334995
20:11.3,1,1,1,1,1,1,1,826641,0.067899008,0.034988532,0.047108209,0.022243316,0.027081664,0.023638814,-0.00053411,0.000292489,-0.00036879,0,0,0,0,1,0,0,200.5062207,199.7886325,200.4961832,218.0596071,220.4918295,218.8088488,37300.00869,37604.10326,37493.0404,34937.22845,248.7774964,67.14839413,1341.061636,0.001419428,4.899512317,13756.52142
20:11.3,1,1,1,1,1,1,1,826642,0.068205206,0.035358792,0.046496027,0.022199659,0.026757321,0.023679818,-0.000530931,0.000292489,-0.000365611,0,0,0,0,1,0,0,201.111766,200.5865505,200.9267822,202.2158095,205.2398345,204.6521526,34265.87861,34858.22977,34730.0068,32145.91758,228.8787288,67.14674031,1341.194538,0.001295869,4.933076014,13805.79759
20:11.4,1,1,1,1,1,1,1,826643,0.068661942,0.034914009,0.046102224,0.022460329,0.026648329,0.024005329,-0.000550006,0.000276593,-0.000362432,0,0,0,0,1,0,0,201.7483794,201.2473194,201.7004807,189.574137,191.3750313,190.7740521,31973.11073,32330.36371,32300.06276,29771.66735,211.9516426,67.14674031,1341.336533,0.001190135,4.966643266,12688.71558
20:11.5,1,1,1,1,1,1,1,826644,0.068472006,0.034614313,0.04598909,0.022243316,0.02628176,0.02408602,-0.00053411,0.000263876,-0.000346536,0,0,0,0,1,0,0,202.7818083,201.7870044,202.3216389,177.7633995,180.2055263,179.0874631,29972.10808,30330.84609,30138.38003,27747.96577,197.931905,67.00922969,1338.710678,0.001099786,5.000144804,14092.56426
20:11.5,1,1,1,1,1,1,1,826645,0.06835779,0.034159838,0.046439974,0.021668913,0.02653889,0.024206551,-0.000521393,0.000267055,-0.000349715,0,0,0,0,1,0,0,203.6788648,203.1169434,202.9249816,169.6000082,172.1184325,171.5597944,28327.4955,28891.47876,28615.23012,26222.60583,187.6979409,66.77359027,1334.097961,0.001028733,5.033530909,15173.38281
20:11.5,1,1,1,1,1,1,1,826646,0.068851355,0.034083503,0.046045692,0.021891621,0.026937994,0.024045709,-0.000524572,0.000282951,-0.000343356,0,0,0,0,1,0,0,204.4299682,204.040551,204.760238,167.3585581,169.0850728,168.8723423,27658.21733,27989.26298,28042.7769,25494.10819,183.1396217,66.53165735,1329.318026,0.000988342,5.066797394,15006.86205
20:11.5,1,1,1,1,1,1,1,826647,0.068813514,0.033544295,0.046496027,0.022068169,0.027260187,0.024005329,-0.000518214,0.000295668,-0.000333819,0,0,0,0,1,0,0,206.4272218,205.0454696,205.400227,165.8191771,168.0033201,166.7979492,27330.98087,27602.20501,27304.74606,24991.04914,179.3622934,66.59024548,1330.530156,0.000957162,5.100094213,9452.561013
20:11.6,1,1,1,1,1,1,1,826648,0.068775653,0.033232248,0.046327664,0.022155916,0.027081664,0.024126264,-0.000546827,0.000282951,-0.000333819,0,0,0,0,1,0,0,207.0095913,206.8884659,206.5298966,163.8537346,166.3222618,165.4977389,26702.35524,27260.26234,26979.80056,24540.77141,176.8397246,66.32135278,1325.19492,0.000928914,5.133257517,15072.95226
20:11.6,1,1,1,1,1,1,1,826649,0.068510035,0.033310534,0.046496027,0.022199659,0.027224576,0.02408602,-0.00053411,0.000289309,-0.000340177,0,0,0,0,1,0,0,208.2169254,207.3994687,207.9601628,162.391044,164.312934,163.367891,26519.10578,26775.65553,26645.4492,24191.32592,174.3538084,66.30760759,1324.950387,0.000906204,5.166414701,10182.66293
20:11.7,1,1,1,1,1,1,1,826650,0.067860636,0.033153778,0.046158687,0.022024165,0.027366742,0.024485484,-0.000508676,0.000282951,-0.000349715,0,0,0,0,1,0,0,208.883054,208.347102,208.7606211,161.0100874,163.2332383,161.8076916,26453.77436,26759.22396,26541.83125,24116.97532,174.3760912,66.09471175,1320.709442,0.000896284,5.199465755,13925.35691
20:11.8,1,1,1,1,1,1,1,826651,0.067243709,0.032917244,0.045932418,0.022112086,0.027472884,0.024643456,-0.000495959,0.000279772,-0.000359252,0,0,0,0,1,0,0,209.7306272,208.8465964,208.9338923,160.9689504,163.6984626,161.4746221,26860.78028,27196.80437,26732.14659,24450.65204,177.1394049,65.96438902,1318.094797,0.000904263,5.232451377,12659.31363
20:11.8,1,1,1,1,1,1,1,826652,0.067359813,0.032116217,0.045705028,0.022068169,0.028032185,0.024604058,-0.000489601,0.000282951,-0.000352894,0,0,0,0,1,0,0,209.034278,209.493594,209.5312697,162.8918147,165.8888145,164.3394842,27440.98731,28062.68801,27773.01491,25267.20541,183.436091,65.82929742,1315.357502,0.000933055,5.265368497,13174.45836
20:11.9,1,1,1,1,1,1,1,826653,0.066894187,0.033232248,0.045361807,0.022286888,0.028341943,0.024564597,-0.000486421,0.000330639,-0.000346536,0,0,0,0,1,0,0,209.7408065,208.6389478,209.298785,168.4159307,170.4190418,167.7967121,29019.39455,29095.32022,28763.40209,26453.99438,192.0967645,65.8169537,1315.050979,0.000978543,5.298277946,11593.32515
20:11.9,1,1,1,1,1,1,1,826654,0.066464497,0.032758605,0.04530435,0.022373777,0.028682194,0.024406114,-0.000502318,0.000311564,-0.000375149,0,0,0,0,1,0,0,208.7559439,209.2267155,208.4772434,173.0828303,176.9807943,174.3918069,30068.82375,30866.32557,30205.17487,27861.1826,201.8678749,65.96652055,1317.964515,0.001035295,5.331260307,9401.44684
20:12.0,1,1,1,1,1,1,1,826655,0.066621068,0.033466556,0.045590908,0.023141099,0.028783486,0.024564597,-0.000515034,0.000311564,-0.000365611,0,0,0,0,1,0,0,207.9414519,207.9122492,208.7275333,181.1511857,182.9924953,182.0852267,31886.15407,32177.88706,32199.3932,29553.86179,214.2811305,65.9253083,1317.048266,0.001105721,5.364219739,13593.07031
20:12.1,1,1,1,1,1,1,1,826656,0.067049755,0.033776438,0.045189218,0.023308185,0.02854658,0.024917498,-0.000530931,0.000292489,-0.000378328,0,0,0,0,1,0,0,207.8528444,207.3607034,207.2683557,188.0116876,191.0674185,188.6784294,33705.92497,34187.73188,33664.61506,31304.08223,226.8964666,65.95191976,1317.481801,0.001180098,5.39719002,13227.70956
20:12.1,1,1,1,1,1,1,1,826657,0.067514308,0.033621854,0.045073792,0.023391281,0.028783486,0.024800422,-0.000565902,0.000273413,-0.000384686,0,0,0,0,1,0,0,206.0439548,206.8460516,206.9684114,192.0057342,194.7555926,193.6570133,34717.49113,35379.29403,35246.95047,32565.50725,236.0997478,65.93894948,1317.14536,0.001238744,5.430151882,14514.97846
20:12.1,1,1,1,1,1,1,1,826658,0.068472006,0.033388636,0.044842049,0.02408602,0.028783486,0.024917498,-0.00061359,0.000270234,-0.000371969,0,0,0,0,1,0,0,205.6664251,205.0722319,205.9353505,194.3643836,196.8654656,195.3238997,35705.46179,36049.19011,35873.45574,33339.11663,241.1099579,66.10546084,1320.414616,0.00128174,5.463195558,11659.3877
20:12.1,1,1,1,1,1,1,1,826659,0.068586031,0.033466556,0.044667452,0.023964882,0.029185135,0.025034026,-0.000610411,0.000292489,-0.000362432,0,0,0,0,1,0,0,204.2135055,204.7219996,204.5566116,195.5969269,198.5851953,197.2599259,36009.27521,36726.33367,36431.89671,33866.29498,244.8703738,66.12180632,1320.695885,0.001315936,5.496246272,14554.41039
20:12.2,1,1,1,1,1,1,1,826660,0.068699867,0.034083503,0.045189218,0.023883783,0.029051869,0.024604058,-0.000639024,0.000305206,-0.000362432,0,0,0,0,1,0,0,203.3048264,203.4102677,203.9656943,196.7081007,199.0052213,198.1255027,36226.99028,36707.38716,36672.96913,34028.35564,245.4648988,66.27854809,1323.801741,0.001334686,5.529374711,12097.38034
20:12.3,1,1,1,1,1,1,1,826661,0.069040248,0.034387826,0.045131542,0.023843129,0.029085243,0.024126264,-0.000642203,0.000321102,-0.000349715,0,0,0,0,1,0,0,202.4370092,202.6816879,203.2218039,196.2100222,198.4207234,197.7523699,35892.8819,36383.61874,36397.63288,33735.52895,243.0977161,66.347952,1325.189626,0.001333435,5.562537882,13467.38616
20:12.3,1,1,1,1,1,1,1,826662,0.068433955,0.03468948,0.045533741,0.024366332,0.028951517,0.024126264,-0.000670816,0.000324281,-0.000346536,0,0,0,0,1,0,0,202.2159278,202.0293853,202.3795955,194.1252753,196.1861645,195.4999895,35213.00684,35629.48318,35575.30306,33004.94977,237.3802111,66.47310892,1327.718316,0.001311705,5.595764335,12086.48414
20:12.4,1,1,1,1,1,1,1,826663,0.06835779,0.034311999,0.046439974,0.024045709,0.028715998,0.024166441,-0.00065492,0.000305206,-0.000343356,0,0,0,0,1,0,0,201.2000109,201.7960705,202.4377318,189.8011927,191.7849076,192.2448243,33906.6202,34478.46431,34716.2507,31924.82923,229.3137401,66.55692003,1329.443507,0.001273266,5.62903396,12272.10379
20:12.4,1,1,1,1,1,1,1,826664,0.068661942,0.034614313,0.046942042,0.024126264,0.028580544,0.023883783,-0.000664458,0.000336998,-0.00032746,0,0,0,0,1,0,0,201.8202609,201.0217677,202.0141341,185.4625734,186.6293537,186.4311378,32994.3072,33124.31356,33281.53437,30716.21738,220.6822147,66.538787,1329.143221,0.001226742,5.662296071,13499.87609
20:12.5,1,1,1,1,1,1,1,826665,0.068889175,0.034614313,0.046439974,0.024005329,0.028239068,0.023638814,-0.000629487,0.000330639,-0.000330639,0,0,0,0,1,0,0,201.3273083,201.7582339,201.7557769,178.9168985,181.555303,180.9487192,31436.56182,32106.66887,31980.38336,29446.95403,211.4409894,66.57379932,1329.911,0.001175377,5.695577396,11946.56742
20:12.5,1,1,1,1,1,1,1,826666,0.068661942,0.034463487,0.046552012,0.023761614,0.028307693,0.023432718,-0.00061359,0.000340177,-0.000311564,0,0,0,0,1,0,0,201.5247809,201.1698581,202.3386908,174.2812761,175.3778361,175.8856907,30439.74662,30669.02205,30983.65818,28322.3021,203.3561163,66.57379932,1329.9726,0.001129113,5.728860262,12095.38395
20:12.6,1,1,1,1,1,1,1,826667,0.068052279,0.035062897,0.046552012,0.023679818,0.027997556,0.023308185,-0.000604053,0.000346536,-0.000279772,0,0,0,0,1,0,0,202.2499767,201.8157682,202.0130952,172.266878,174.2170188,173.5044165,29953.80249,30336.42612,30202.87516,27789.47382,199.6141228,66.54418012,1329.414592,0.001103786,5.762129164,12342.42688
20:12.6,1,1,1,1,1,1,1,826668,0.066972016,0.035432379,0.046327664,0.023224793,0.028341943,0.023141099,-0.000569081,0.000352894,-0.000282951,0,0,0,0,1,0,0,202.3988427,202.4861589,203.0089781,173.1675415,174.8447188,174.8780127,29888.79333,30314.46058,30422.8879,27818.40742,199.8208757,66.54418012,1329.421774,0.00109839,5.795398246,11861.80625
20:12.6,1,1,1,1,1,1,1,826669,0.066777273,0.034988532,0.046102224,0.023266526,0.028032185,0.023308185,-0.000565902,0.000333819,-0.000282951,0,0,0,0,1,0,0,203.6193606,202.9397183,203.6452974,174.5567117,176.1434254,175.6800449,30115.83266,30366.21621,30391.39351,27881.31029,200.5140981,66.46368596,1327.821354,0.001092601,5.828627277,13322.09149
20:12.7,1,1,1,1,1,1,1,826670,0.066150242,0.034614313,0.045875676,0.02334977,0.028101316,0.023556592,-0.000546827,0.000314743,-0.000282951,0,0,0,0,1,0,0,204.3629417,204.0766745,204.4045445,174.7607484,176.9608262,176.2881107,30036.89685,30484.38287,30373.00907,27868.63492,200.7928877,66.34057246,1325.374934,0.001082682,5.861795085,14085.14206
20:12.7,1,1,1,1,1,1,1,826671,0.066032011,0.034538982,0.046271407,0.023141099,0.028032185,0.023924367,-0.000543647,0.000311564,-0.00028613,0,0,0,0,1,0,0,205.3847619,204.9270143,205.3078224,174.4858327,176.8040523,176.2173416,29883.9593,30360.20317,30227.50878,27709.79899,199.7929786,66.29153158,1324.416357,0.001066708,5.894938905,12696.90695
20:12.8,1,1,1,1,1,1,1,826672,0.066933112,0.034614313,0.046327664,0.022760672,0.027893411,0.02408602,-0.000540468,0.000305206,-0.000292489,0,0,0,0,1,0,0,206.0961479,205.9558192,206.2976869,173.745609,175.8008842,175.4315975,29620.81365,30092.49146,30042.17793,27455.74732,198.3447956,66.16205372,1321.855072,0.00104743,5.928018629,14016.20165
20:12.9,1,1,1,1,1,1,1,826673,0.067975687,0.034463487,0.045073792,0.022718009,0.02785861,0.024206551,-0.000527751,0.000295668,-0.000305206,0,0,0,0,1,0,0,207.4328006,206.6548469,206.9391565,172.3834203,174.839008,173.4293157,29457.94556,29831.66451,29531.62795,27131.35995,196.3090598,66.05692926,1319.783219,0.001025908,5.961046503,13442.55197
20:12.9,1,1,1,1,1,1,1,826674,0.068167006,0.034538982,0.044374931,0.022675266,0.027893411,0.024643456,-0.000530931,0.00028613,-0.000295668,0,0,0,0,1,0,0,207.4925842,208.0294484,207.7833695,170.2800647,172.9833526,172.1892985,28929.05149,29623.64109,29390.2602,26829.12794,194.2846018,66.0004718,1318.680418,0.001006825,5.99404678,12448.7449
20:13.0,1,1,1,1,1,1,1,826675,0.068167006,0.034006997,0.044842049,0.022373777,0.02785861,0.024839509,-0.000553185,0.00028613,-0.000295668,0,0,0,0,1,0,0,208.6615339,207.7961738,208.5872515,169.7776525,171.7459867,169.8646934,29198.33532,29340.11715,29131.39723,26730.60749,193.882227,65.89395606,1316.564714,0.000997365,6.026994111,13313.49203
20:13.0,1,1,1,1,1,1,1,826676,0.067860636,0.033621854,0.045073792,0.022155916,0.027753943,0.024643456,-0.000530931,0.000267055,-0.000270234,0,0,0,0,1,0,0,208.596443,209.0659473,208.456661,168.9327482,171.6827028,169.8311386,29126.13617,29733.56954,29283.9995,26881.8088,194.8876739,65.92494888,1317.181122,0.000999512,6.059956868,10966.53507
20:13.1,1,1,1,1,1,1,1,826677,0.068128786,0.033232248,0.044725727,0.021935891,0.027788876,0.024761274,-0.000505497,0.000263876,-0.000305206,0,0,0,0,1,0,0,208.9658267,208.2412323,209.2748165,171.0177941,172.3096104,170.885626,29880.36537,29908.30826,29897.56212,27388.41581,199.0798242,65.75413722,1313.744909,0.001017301,6.092833632,14818.45706
20:13.1,1,1,1,1,1,1,1,826678,0.068661942,0.032678998,0.044550674,0.021579186,0.027578617,0.024643456,-0.000499138,0.00024798,-0.000298847,0,0,0,0,1,0,0,209.0635495,208.9882832,208.2227785,172.620619,175.6379108,173.0842038,30458.2916,31006.73028,30354.59142,28091.81819,204.1982251,65.75413722,1313.709281,0.001044393,6.125709505,12112.34635
20:13.2,1,1,1,1,1,1,1,826679,0.068964753,0.033232248,0.044783926,0.021847261,0.027224576,0.024445831,-0.000518214,0.000251159,-0.000305206,0,0,0,0,1,0,0,208.1784877,208.287689,208.8958819,176.5329652,178.3108653,177.4743393,31340.43429,31670.25963,31672.84244,29038.67263,210.8130674,65.84022439,1315.378125,0.0010832,6.158627142,11076.62357
20:13.2,1,1,1,1,1,1,1,826680,0.069454004,0.033153778,0.044667452,0.021713637,0.027260187,0.024485484,-0.000511855,0.000273413,-0.000292489,0,0,0,0,1,0,0,208.6189234,207.7033278,207.7597212,181.3326209,183.8995981,181.4759513,32693.97786,32969.16228,32488.79327,30184.84177,219.1640428,65.8343479,1315.197524,0.001131198,6.191540258,13097.72919
20:13.2,1,1,1,1,1,1,1,826681,0.069491496,0.032917244,0.044725727,0.021713637,0.027009924,0.024643456,-0.000521393,0.000273413,-0.000314743,0,0,0,0,1,0,0,207.2888081,207.7879621,207.6062233,185.8156427,188.4014795,187.1552201,33629.61063,34204.94204,33975.18008,31393.88212,227.8580139,65.86215638,1315.685528,0.00118247,6.224465587,13238.03728
20:13.3,1,1,1,1,1,1,1,826682,0.069077965,0.033621854,0.044667452,0.021980072,0.027117463,0.024643456,-0.000502318,0.000279772,-0.000317922,0,0,0,0,1,0,0,207.4543438,206.3332419,206.9905647,189.4110351,191.3283743,189.5309982,34779.23648,34865.8101,34650.27766,32222.88426,233.4423333,65.98679746,1318.123728,0.001221624,6.257451933,11885.70278
20:13.3,1,1,1,1,1,1,1,826683,0.067822243,0.033699235,0.04530435,0.021980072,0.027188919,0.024878534,-0.000511855,0.000276593,-0.000314743,0,0,0,0,1,0,0,206.1536999,206.5259162,205.7232071,190.1116719,192.8915057,191.5986484,34916.60772,35599.83721,35195.70485,32704.94652,236.3843476,66.14228737,1321.192529,0.001249744,6.290515076,11528.46221
20:13.4,1,1,1,1,1,1,1,826684,0.067783827,0.034236003,0.045476502,0.021847261,0.027117463,0.024722064,-0.000505497,0.000295668,-0.000308385,0,0,0,0,1,0,0,205.4323664,204.9771543,205.7091411,191.6407212,193.2491814,192.5519445,35338.46494,35551.13084,35605.70512,32977.36874,238.2681316,66.16727081,1321.665103,0.001269747,6.323590045,13952.23051
20:13.5,1,1,1,1,1,1,1,826685,0.06708859,0.034463487,0.04530435,0.02175827,0.027153214,0.024761274,-0.000499138,0.000289309,-0.000314743,0,0,0,0,1,0,0,204.884583,204.744821,204.3437038,191.5847478,193.9350734,193.0396554,35244.85859,35776.06651,35517.73625,33004.89349,237.7892276,66.35654003,1325.432274,0.001279848,6.356759289,11013.00307
20:13.5,1,1,1,1,1,1,1,826686,0.067437105,0.034839327,0.044900097,0.021713637,0.027081664,0.025303839,-0.000502318,0.000292489,-0.000349715,0,0,0,0,1,0,0,204.03096,203.8940319,204.3514253,191.0861567,193.277849,192.9815201,34964.11596,35446.70395,35461.86448,32796.34346,236.1721631,66.38865208,1326.07504,0.001278834,6.389944618,13674.96049
20:13.6,1,1,1,1,1,1,1,826687,0.067706931,0.035358792,0.044492171,0.021713637,0.027295752,0.025759801,-0.000518214,0.000302026,-0.000340177,0,0,0,0,1,0,0,203.7773789,203.4601218,203.6818074,189.4788757,191.7675967,191.3425997,34460.7644,34954.45382,34870.65289,32283.59272,232.0928658,66.49835015,1328.285558,0.001264276,6.423185265,12022.15969
20:13.6,1,1,1,1,1,1,1,826688,0.067166194,0.035798048,0.04495807,0.021802811,0.027081664,0.025797434,-0.000502318,0.000298847,-0.000340177,0,0,0,0,1,0,0,203.5774867,203.1126357,203.4019157,187.0140028,189.0635452,188.8949491,33728.07033,34173.05271,34148.64458,31554.72422,227.0910031,66.42692867,1326.892815,0.001238774,6.456391059,14887.6534
20:13.7,1,1,1,1,1,1,1,826689,0.06658196,0.035432379,0.045189218,0.021624096,0.027437549,0.02564657,-0.000486421,0.000292489,-0.000346536,0,0,0,0,1,0,0,203.256379,203.1870139,203.2047993,183.4710129,185.6393229,185.3207638,32807.60958,33335.49905,33252.18774,30687.40973,220.6097899,66.49682777,1328.332605,0.001206035,6.489632884,11950.26434
20:13.7,1,1,1,1,1,1,1,826690,0.066346826,0.035211155,0.045189218,0.021668913,0.027260187,0.025684369,-0.000480063,0.000276593,-0.000349715,0,0,0,0,1,0,0,203.2853176,202.9825735,203.2782575,179.7357872,181.2027952,181.3469059,31897.36664,32264.01996,32332.37007,29737.16154,213.6578667,66.53188241,1329.082704,0.001168571,6.522893481,12105.95691
20:13.7,1,1,1,1,1,1,1,826691,0.066228946,0.035062897,0.045015968,0.021891621,0.027437549,0.025456734,-0.000457808,0.000257517,-0.000336998,0,0,0,0,1,0,0,203.3209633,203.1353702,203.2911074,176.0087894,177.6446127,177.6897754,31021.1725,31450.76882,31463.77625,28897.38278,207.7824986,66.47890547,1328.069883,0.001134364,6.556128731,13279.89202
20:13.8,1,1,1,1,1,1,1,826692,0.065834487,0.034914009,0.045015968,0.021398604,0.027224576,0.025532838,-0.000448271,0.0002448,-0.000352894,0,0,0,0,1,0,0,203.617786,203.296304,203.7639017,174.6922117,176.3541887,176.4732385,30633.77342,31033.5219,31104.42104,28508.22758,205.0937948,66.44216932,1327.361077,0.001115488,6.589346244,12831.44673
20:13.8,1,1,1,1,1,1,1,826693,0.066346826,0.034839327,0.045246821,0.021847261,0.027366742,0.025188559,-0.000476884,0.00024798,-0.000359252,0,0,0,0,1,0,0,204.1321173,203.8847007,204.2219987,175.1868577,176.7818675,176.7801946,30575.14357,30970.95279,31016.63602,28426.84007,204.7224608,66.37206759,1325.972371,0.001106626,6.622529003,13406.51464
20:13.9,1,1,1,1,1,1,1,826694,0.066660154,0.034387826,0.045131542,0.022024165,0.027472884,0.025303839,-0.000470525,0.000225725,-0.000391045,0,0,0,0,1,0,0,204.9082426,204.3143239,204.9083233,175.7156347,177.2164788,176.9965972,30619.94697,30908.56319,30956.84408,28387.00203,204.4716836,66.35978471,1325.738101,0.00109825,6.6557059,12158.6795
20:13.9,1,1,1,1,1,1,1,826695,0.067591423,0.034006997,0.045533741,0.022068169,0.027472884,0.025418596,-0.000483242,0.000219367,-0.000384686,0,0,0,0,1,0,0,205.5239451,205.2561356,205.4007532,175.3234229,177.1851679,176.9699891,30444.65382,30896.77817,30845.36517,28274.28452,204.3173591,66.14543469,1321.471312,0.001086531,6.68877602,15925.75228
20:14.0,1,1,1,1,1,1,1,826696,0.067204963,0.034083503,0.045761982,0.022286888,0.027613771,0.025342149,-0.000473704,0.000238442,-0.000394224,0,0,0,0,1,0,0,206.2374755,205.7048279,206.3828586,174.9435682,176.2896028,176.1004769,30320.79561,30571.17652,30661.17121,28051.27821,202.5705591,66.18854091,1322.353931,0.001070341,6.721868227,11245.88915
20:14.1,1,1,1,1,1,1,1,826697,0.067166194,0.033388636,0.045761982,0.022155916,0.027472884,0.024995244,-0.000467346,0.000225725,-0.000394224,0,0,0,0,1,0,0,207.0367943,206.8139289,206.5370097,173.5250764,175.8561919,175.0159215,30019.59108,30559.92579,30286.8664,27811.95838,201.0404016,66.12224589,1321.051078,0.001053987,6.75492783,13075.47349
20:14.1,1,1,1,1,1,1,1,826698,0.067359813,0.033544295,0.045761982,0.022199659,0.027788876,0.025072749,-0.000486421,0.000232083,-0.00041012,0,0,0,0,1,0,0,207.1296014,207.2101298,207.9271549,172.4814323,174.023702,174.0983532,29754.05495,30145.7207,30306.27758,27583.54174,199.7996012,65.98545121,1318.338071,0.00103883,6.78791954,14237.00035
20:14.2,1,1,1,1,1,1,1,826699,0.066972016,0.034236003,0.045590908,0.021980072,0.027893411,0.025418596,-0.000454629,0.0002448,-0.000413299,0,0,0,0,1,0,0,208.4204758,207.6406718,207.7450321,171.4993435,173.5481953,172.3216096,29817.08587,30149.8492,29887.20313,27459.37633,199.1494848,65.90220442,1316.687959,0.001028895,6.820869955,13247.61286
20:14.2,1,1,1,1,1,1,1,826700,0.066972016,0.035062897,0.045476502,0.02175827,0.028170276,0.025380402,-0.000476884,0.000263876,-0.000416478,0,0,0,0,1,0,0,207.9124299,208.3487293,208.6524776,170.6265476,172.6009641,172.7460852,29612.28054,30195.17442,30261.12977,27524.56821,199.9973965,65.77851622,1314.218434,0.001027608,6.85375857,14022.7514
20:14.3,1,1,1,1,1,1,1,826701,0.067437105,0.035579098,0.045761982,0.021579186,0.028273401,0.025380402,-0.000495959,0.000279772,-0.000422837,0,0,0,0,1,0,0,209.0311033,207.9172519,208.4829952,171.6885884,173.3492543,172.1038964,30239.03538,30399.95491,30242.7873,27790.23709,201.2456296,66.00202715,1318.673189,0.001035843,6.886758666,8008.662094
20:14.3,1,1,1,1,1,1,1,826702,0.06774539,0.034988532,0.045818864,0.021802811,0.028170276,0.025303839,-0.000511855,0.000270234,-0.000422837,0,0,0,0,1,0,0,208.1593051,208.791082,208.4663188,172.2652186,174.8229529,174.2639759,30356.40494,31078.47874,30895.76777,28267.72991,204.8041548,65.97075896,1318.02471,0.001053852,6.919742533,12735.76391
20:14.3,1,1,1,1,1,1,1,826703,0.067282432,0.035062897,0.04598909,0.021443892,0.028032185,0.025380402,-0.000464167,0.000279772,-0.000422837,0,0,0,0,1,0,0,208.5663491,207.6656215,208.7973974,175.5676242,176.9267757,176.0753646,31375.50951,31478.30749,31544.1107,28950.122,209.7963857,65.95739207,1317.721944,0.001080923,6.952718824,12756.88697
20:14.4,1,1,1,1,1,1,1,826704,0.066660154,0.034764484,0.045932418,0.021262161,0.027962885,0.025380402,-0.000435554,0.000282951,-0.000400582,0,0,0,0,1,0,0,208.180838,208.2337053,207.7072227,178.052958,181.0632132,179.4617203,32018.84804,32696.30932,32238.37316,29795.22089,215.4994421,66.08864552,1320.297623,0.001116143,6.985759572,10594.09071
20:14.4,1,1,1,1,1,1,1,826705,0.066189606,0.035285051,0.044374931,0.021307739,0.028101316,0.024839509,-0.000422837,0.000308385,-0.000375149,0,0,0,0,1,0,0,207.5231295,207.3236629,208.2401987,182.535954,184.0892533,183.6991587,33017.54412,33314.03176,33448.91218,30729.13683,221.6178002,66.28102465,1324.088775,0.001155473,7.018895194,9930.554179
20:14.5,1,1,1,1,1,1,1,826706,0.06658196,0.034988532,0.044316196,0.021078863,0.027718967,0.024604058,-0.000432375,0.000302026,-0.000359252,0,0,0,0,1,0,0,207.6965881,207.0577406,206.8302894,185.530146,188.0172236,186.2834554,33939.58586,34379.4632,33956.00874,31557.94718,228.2326127,66.0983753,1320.390604,0.001192845,7.051938269,16997.4521
20:14.5,1,1,1,1,1,1,1,826707,0.066503674,0.034764484,0.044667452,0.021534183,0.027648881,0.024485484,-0.000422837,0.000308385,-0.00036879,0,0,0,0,1,0,0,206.1739761,206.7184159,206.9590003,186.7614188,188.791622,188.3108997,34130.74376,34684.57834,34697.31076,31976.55484,231.0277574,66.16635056,1321.718262,0.001215686,7.085014568,12718.07488
20:14.6,1,1,1,1,1,1,1,826708,0.067166194,0.034083503,0.044021341,0.02135322,0.027683946,0.024366332,-0.00041012,0.000292489,-0.000346536,0,0,0,0,1,0,0,206.4104011,205.38247,206.0759292,187.9950663,189.7636163,188.3435652,34667.36223,34827.66205,34689.33333,32210.73908,232.1906314,66.31824798,1324.730024,0.001232644,7.118166238,11311.81013
20:14.7,1,1,1,1,1,1,1,826709,0.067860636,0.033388636,0.043485564,0.021489085,0.027997556,0.024246595,-0.000419658,0.000292489,-0.000314743,0,0,0,0,1,0,0,205.2083644,205.4510869,205.4280365,187.7188066,190.1711854,189.2955918,34428.98972,35034.25302,34859.69069,32267.5939,232.2673284,66.41399629,1326.630079,0.001242093,7.151365457,12304.60869
20:14.7,1,1,1,1,1,1,1,826710,0.067591423,0.031953603,0.04324531,0.021489085,0.027753943,0.023802407,-0.000387865,0.000263876,-0.000298847,0,0,0,0,1,0,0,205.0950366,204.2839523,205.0869508,188.2234068,189.975022,188.9786966,34553.13135,34769.41528,34732.92854,32189.62248,231.4228178,66.49552701,1328.253864,0.001245705,7.184605311,12497.75831
20:14.8,1,1,1,1,1,1,1,826711,0.067475718,0.032035013,0.042638754,0.021534183,0.027893411,0.024045709,-0.000391045,0.000276593,-0.000289309,0,0,0,0,1,0,0,204.4741352,204.3177621,204.2534458,187.1293527,189.4104201,188.3648554,34133.29072,34632.70707,34406.95595,31908.44742,229.7085736,66.4062467,1326.477385,0.001240508,7.217800709,15401.05281
20:14.8,1,1,1,1,1,1,1,826712,0.067049755,0.032035013,0.042023444,0.021713637,0.02792817,0.023924367,-0.000375149,0.000282951,-0.000260696,0,0,0,0,1,0,0,204.0407785,203.8236438,204.2403968,185.7643738,187.6323645,186.8356043,33662.17356,34032.54518,33977.79014,31421.3703,226.2605363,66.38807862,1326.134858,0.001225156,7.250987535,13896.97813
20:14.8,1,1,1,1,1,1,1,826713,0.067282432,0.031790156,0.04139899,0.021489085,0.028376152,0.023843129,-0.00036879,0.000305206,-0.00024798,0,0,0,0,1,0,0,203.8918247,203.5898737,203.8817941,183.3379014,185.4437502,184.6552177,33008.48231,33434.30637,33317.35956,30798.37898,221.2971797,66.52982152,1328.995045,0.001203509,7.284245938,10740.81669
20:14.9,1,1,1,1,1,1,1,826714,0.067937358,0.032278013,0.041961417,0.021443892,0.02854658,0.023843129,-0.000400582,0.000321102,-0.000254338,0,0,0,0,1,0,0,203.7467838,203.462547,203.7640123,180.5990691,182.4243877,181.9846592,32281.36117,32681.1777,32636.62136,30092.08282,216.6284111,66.403308,1326.502938,0.001177067,7.317441975,15174.07418
20:14.9,1,1,1,1,1,1,1,826715,0.068013994,0.031790156,0.042638754,0.021489085,0.028341943,0.02408602,-0.000413299,0.000317922,-0.000273413,0,0,0,0,1,0,0,203.7194927,203.3842148,203.7121886,177.7323645,179.6892225,178.8823786,31605.97862,31984.94992,31885.90622,29397.19411,211.7764001,66.35436292,1325.560946,0.001150122,7.350614439,13473.49788
20:15.0,1,1,1,1,1,1,1,826716,0.067899008,0.031871984,0.042577623,0.021534183,0.028951517,0.024406114,-0.000416478,0.000302026,-0.000289309,0,0,0,0,1,0,0,203.8023757,203.5662371,203.8438404,175.8880961,177.9723498,177.474472,31077.86313,31534.0487,31456.05817,28931.52075,208.417551,66.35436292,1325.587366,0.001130214,7.383787563,12417.55211
20:15.0,1,1,1,1,1,1,1,826717,0.068128786,0.032116217,0.042393702,0.021489085,0.029085243,0.024564597,-0.000426016,0.000317922,-0.000270234,0,0,0,0,1,0,0,204.2212616,203.6075257,204.289826,176.4464194,178.1299905,177.7612796,31102.13349,31399.73553,31430.66508,28879.25365,208.2127184,66.29929076,1324.494298,0.001124836,7.416933334,13370.14259
20:15.1,1,1,1,1,1,1,1,826718,0.067437105,0.032519197,0.042577623,0.021398604,0.029085243,0.024917498,-0.000416478,0.000359252,-0.000295668,0,0,0,0,1,0,0,204.8049701,204.3209781,204.3198637,177.1154705,179.3090607,178.5132467,31127.98861,31580.35808,31374.82757,28917.48893,208.3907438,66.33013439,1325.114894,0.001121507,7.450094635,11865.39082
20:15.2,1,1,1,1,1,1,1,826719,0.067975687,0.032519197,0.043365604,0.021216485,0.028648351,0.024366332,-0.000419658,0.000336998,-0.000292489,0,0,0,0,1,0,0,204.9184057,204.8900995,205.1987631,177.9253392,179.6958489,179.3357339,31135.49499,31551.42925,31560.20211,28959.18193,209.1855055,66.17312726,1321.983645,0.001117448,7.483177576,15237.96485
20:15.2,1,1,1,1,1,1,1,826720,0.068205206,0.033388636,0.04354542,0.021443892,0.028783486,0.024366332,-0.000426016,0.000365611,-0.000302026,0,0,0,0,1,0,0,205.9671681,205.2317766,205.6114308,178.0028314,179.9728032,178.7385952,31217.09058,31493.09335,31315.89694,28873.69144,208.7521532,66.11408789,1320.817241,0.001107568,7.516231327,13461.07627
20:15.3,1,1,1,1,1,1,1,826721,0.06739847,0.033153778,0.043305499,0.021078863,0.028614468,0.024326485,-0.00041012,0.000349715,-0.000305206,0,0,0,0,1,0,0,206.0894646,206.2830082,206.298812,177.2282411,179.374283,178.5017378,30882.31477,31374.36552,31245.85635,28688.68412,206.9244342,66.26977556,1323.945886,0.00109373,7.549363374,9553.507733
20:15.3,1,1,1,1,1,1,1,826722,0.067937358,0.033388636,0.042821623,0.020893957,0.028884422,0.024206551,-0.000429195,0.000365611,-0.000295668,0,0,0,0,1,0,0,207.1553227,206.1843067,207.0477203,176.7555138,178.3590909,177.0889631,30897.08631,31008.25576,30945.73441,28463.50399,205.5217371,66.19738522,1322.51919,0.001078981,7.582459717,13483.79411
20:15.4,1,1,1,1,1,1,1,826723,0.067822243,0.033699235,0.042699798,0.021170711,0.028341943,0.023802407,-0.000454629,0.000343356,-0.000282951,0,0,0,0,1,0,0,207.4396356,207.5543145,207.0600072,174.941227,177.8004681,176.0838603,30494.52824,31097.18232,30660.91088,28256.75763,204.6091749,66.00874553,1318.76862,0.001065231,7.615462201,15477.19934
20:15.4,1,1,1,1,1,1,1,826724,0.068090543,0.033776438,0.041837087,0.021032789,0.028170276,0.023761614,-0.000441912,0.000340177,-0.000257517,0,0,0,0,1,0,0,207.7983119,207.3159269,208.3194172,174.5713932,176.3289362,175.0365458,30496.33168,30673.92788,30664.49275,28111.45225,203.2840419,66.09669865,1320.539441,0.001054918,7.648509,10505.06982
20:15.4,1,1,1,1,1,1,1,826725,0.068586031,0.033853466,0.041712386,0.021124837,0.028444446,0.023924367,-0.000419658,0.000321102,-0.0002448,0,0,0,0,1,0,0,208.4693091,208.1828207,207.8170409,173.2934954,176.5316032,174.1638953,30429.25987,30995.27068,30416.968,28108.69095,203.5171668,66.0142567,1318.897225,0.001051219,7.681514702,13533.48555
20:15.5,1,1,1,1,1,1,1,826726,0.06835779,0.033930318,0.042208979,0.021713637,0.028066772,0.023883783,-0.00045145,0.000343356,-0.000241621,0,0,0,0,1,0,0,208.0796841,208.0325594,208.9369987,173.3380191,175.6666028,174.5723978,30481.99944,30876.35521,30841.5484,28224.35347,204.1143506,66.09211427,1320.449647,0.001053559,7.714559255,10751.78071
20:15.5,1,1,1,1,1,1,1,826727,0.067937358,0.034538982,0.042516405,0.021443892,0.027578617,0.023556592,-0.000445091,0.000340177,-0.000238442,0,0,0,0,1,0,0,208.9695812,208.1431876,208.062035,174.2868531,177.3427911,174.4176648,31021.73603,31397.77935,30775.36717,28551.73917,206.7745158,65.9993875,1318.581375,0.001065445,7.747557053,13947.38576
20:15.6,1,1,1,1,1,1,1,826728,0.067514308,0.034387826,0.042760754,0.021624096,0.027402168,0.023266526,-0.000435554,0.000317922,-0.000213008,0,0,0,0,1,0,0,207.8496753,208.4076366,208.6395911,175.4998089,178.4547972,177.0350405,31238.16722,31879.32927,31654.09977,29072.64629,210.7822812,65.9270698,1317.109391,0.001086053,7.780518015,13855.69811
20:15.6,1,1,1,1,1,1,1,826729,0.067282432,0.034463487,0.042821623,0.021624096,0.027260187,0.023883783,-0.000432375,0.000324281,-0.0002448,0,0,0,0,1,0,0,208.6057973,207.4396954,208.2162254,178.5489542,181.3017072,178.8259765,32257.88229,32490.38541,32100.02446,29759.14533,215.1020425,66.13045424,1321.135316,0.001114289,7.813579726,9292.632172
20:15.7,1,1,1,1,1,1,1,826730,0.06739847,0.034387826,0.043365604,0.021713637,0.027260187,0.024326485,-0.000445091,0.000330639,-0.000263876,0,0,0,0,1,0,0,207.5540198,208.0215584,207.6781257,180.8847519,184.6818912,182.8177767,32677.9865,33519.58885,33020.58481,30543.21159,220.6230959,66.17651213,1322.01112,0.001147781,7.846663354,12435.34603
20:15.8,1,1,1,1,1,1,1,826731,0.068128786,0.034006997,0.044080469,0.022112086,0.027402168,0.023924367,-0.000448271,0.000333819,-0.000235263,0,0,0,0,1,0,0,207.5908476,206.7358504,207.9100082,184.6016917,187.0544798,185.7363122,33682.15657,33969.35234,33866.91609,31304.72771,226.9004312,65.9521647,1317.485947,0.001180664,7.879633739,17637.51605
20:15.8,1,1,1,1,1,1,1,826732,0.067475718,0.033853466,0.04530435,0.021980072,0.027295752,0.024005329,-0.000432375,0.000333819,-0.000276593,0,0,0,0,1,0,0,207.2251735,207.0911885,206.4715963,185.518645,189.2138813,187.169913,33990.84832,34755.84523,34119.29715,31757.45871,229.7936203,66.06511402,1319.711973,0.001203591,7.912659831,11837.62239
20:15.9,1,1,1,1,1,1,1,826733,0.067166194,0.033621854,0.045361807,0.022068169,0.027543417,0.024286573,-0.000422837,0.000346536,-0.000298847,0,0,0,0,1,0,0,206.1000857,206.100141,206.8974428,186.5069828,189.0164497,188.2908494,34160.01074,34668.22965,34653.64779,31971.51962,230.7659603,66.23116913,1323.00935,0.001218484,7.94576844,10962.47005
20:15.9,1,1,1,1,1,1,1,826734,0.066268262,0.033853466,0.045761982,0.022373777,0.027508173,0.024326485,-0.000435554,0.000343356,-0.000333819,0,0,0,0,1,0,0,206.305342,205.6164738,205.6786995,186.9349311,189.9421111,188.3025561,34391.46246,34914.90211,34502.41401,32088.7683,231.7491626,66.19273738,1322.227715,0.001229012,7.978857489,14638.11046
20:15.9,1,1,1,1,1,1,1,826735,0.06519839,0.034236003,0.045875676,0.022024165,0.027402168,0.024166441,-0.000422837,0.000375149,-0.000359252,0,0,0,0,1,0,0,205.1489568,205.2950454,205.6721785,186.8272218,189.615612,188.9936331,34167.59286,34814.14982,34712.79793,32060.53167,231.04065,66.33762619,1325.11541,0.001233925,8.012018803,11346.89089
20:15.9,1,1,1,1,1,1,1,826736,0.064878003,0.034387826,0.04495807,0.021398604,0.027508173,0.023515373,-0.000387865,0.00036879,-0.00032746,0,0,0,0,1,0,0,205.401756,204.5388651,205.0074697,186.9038644,189.2585129,188.178858,34210.06112,34575.87088,34387.2541,31896.36681,229.9085807,66.32281059,1324.821657,0.001232272,8.045172766,14090.51719
20:16.0,1,1,1,1,1,1,1,826737,0.06443487,0.033699235,0.044492171,0.021713637,0.027893411,0.023924367,-0.000375149,0.000362432,-0.00032746,0,0,0,0,1,0,0,204.6656975,204.6771756,204.6845312,185.3535395,188.0310701,187.5549277,33646.12203,34300.03449,34139.58492,31545.00095,227.2156412,66.36893421,1325.756309,0.00122224,8.078350118,12825.6799
20:16.1,1,1,1,1,1,1,1,826738,0.064717215,0.033930318,0.045131542,0.022155916,0.027893411,0.023843129,-0.000384686,0.000375149,-0.000346536,0,0,0,0,1,0,0,204.572885,204.1458664,204.6743381,183.9883,186.0750259,185.5529859,33266.40716,33667.17583,33632.92892,31050.32665,223.2928394,66.4747263,1327.892014,0.001205354,8.111580918,11509.64171
20:16.1,1,1,1,1,1,1,1,826739,0.064556026,0.033776438,0.044842049,0.022286888,0.02792817,0.023432718,-0.000378328,0.000378328,-0.000324281,0,0,0,0,1,0,0,204.4972704,204.2056092,204.3745582,181.4469799,183.8801927,183.2866233,32599.99206,33127.14999,32975.37427,30440.70569,219.1854124,66.38934197,1326.216575,0.001182618,8.144769788,14615.30882
20:16.2,1,1,1,1,1,1,1,826740,0.064151282,0.034083503,0.044900097,0.022068169,0.02792817,0.022972798,-0.000375149,0.000346536,-0.000308385,0,0,0,0,1,0,0,204.4161878,204.155484,204.4585169,179.144667,180.8931622,180.8309,31985.03616,32406.70277,32419.11582,29820.77795,215.135744,66.25995807,1323.664063,0.001158391,8.177894782,15120.85007
20:16.2,1,1,1,1,1,1,1,826741,0.06402936,0.034463487,0.04419849,0.021891621,0.027753943,0.022888184,-0.000394224,0.000333819,-0.000308385,0,0,0,0,1,0,0,204.5551201,204.2375801,204.4639491,177.0816831,179.2056667,178.6208227,31508.9427,31962.26852,31850.0951,29330.57871,211.2341562,66.37315974,1325.952205,0.001138254,8.211077037,10580.26997
20:16.3,1,1,1,1,1,1,1,826742,0.063866435,0.034538982,0.04354542,0.022068169,0.027543417,0.022845759,-0.000397403,0.000314743,-0.000276593,0,0,0,0,1,0,0,204.5424257,204.4936435,204.9054855,176.8164595,178.8533066,178.6458082,31292.54685,31782.28339,31789.21179,29174.5345,210.1741371,66.35244236,1325.549787,0.001129619,8.244249221,12889.4826
20:16.4,1,1,1,1,1,1,1,826743,0.064515666,0.034083503,0.043425625,0.021891621,0.027366742,0.022632442,-0.000397403,0.000292489,-0.000251159,0,0,0,0,1,0,0,205.3516352,204.5269354,205.1998725,177.8393637,179.4569354,179.1646723,31484.19163,31757.51442,31779.2714,29216.62735,210.9374657,66.2075501,1322.658537,0.001127111,8.277349052,15142.09829
20:16.4,1,1,1,1,1,1,1,826744,0.064757449,0.034764484,0.043185038,0.021935891,0.027472884,0.022460329,-0.000397403,0.000321102,-0.0002448,0,0,0,0,1,0,0,205.617644,205.5183625,205.2981783,177.8253617,180.1835659,179.7224775,31368.83057,31965.55745,31767.09111,29232.77305,211.5277704,66.05898544,1319.696318,0.001122777,8.310374752,15235.40063
20:16.5,1,1,1,1,1,1,1,826745,0.065278242,0.035358792,0.043962132,0.022330375,0.027648881,0.022286888,-0.000422837,0.000324281,-0.000238442,0,0,0,0,1,0,0,206.0100339,205.6574481,206.351931,178.1392535,179.7167438,179.4991802,31367.57966,31684.93856,31765.37515,29128.09186,210.6073383,66.10944933,1320.717457,0.00111295,8.343426006,11646.62865
20:16.5,1,1,1,1,1,1,1,826746,0.066150242,0.035798048,0.043902844,0.022503481,0.027543417,0.022460329,-0.000438733,0.000349715,-0.0002448,0,0,0,0,1,0,0,206.767421,206.4188859,206.294296,177.2912838,180.084431,178.6769961,31249.81224,31797.68391,31418.50636,29002.54532,209.7642881,66.08838884,1320.310095,0.001102828,8.376467066,12853.80385
20:16.5,1,1,1,1,1,1,1,826747,0.066699216,0.03623198,0.043784027,0.022503481,0.027788876,0.022330375,-0.000489601,0.00032746,-0.000254338,0,0,0,0,1,0,0,206.6594853,206.9067648,207.4495497,176.5341401,178.9138131,178.4267448,30976.17067,31529.22745,31505.53813,28843.11904,208.8944209,65.99802417,1318.520126,0.001091213,8.409463331,14017.29259
20:16.6,1,1,1,1,1,1,1,826748,0.067321134,0.035798048,0.042943103,0.022024165,0.027683946,0.022024165,-0.000489601,0.000311564,-0.000232083,0,0,0,0,1,0,0,207.9431324,207.0789081,207.3321175,175.8097674,178.7735308,176.8095048,31052.20544,31479.50136,31033.55743,28688.46259,207.7721158,65.99802417,1318.534187,0.00108056,8.442459949,12358.17402
20:16.6,1,1,1,1,1,1,1,826749,0.067204963,0.035943274,0.043185038,0.021624096,0.027648881,0.022199659,-0.000499138,0.000321102,-0.000238442,0,0,0,0,1,0,0,207.4409658,208.1527747,207.9095151,174.6464875,177.9756341,176.569294,30692.97108,31487.30198,31121.895,28595.48745,207.2923637,65.93588249,1317.302701,0.001072973,8.475425748,13413.57769
20:16.7,1,1,1,1,1,1,1,826750,0.068052279,0.036303797,0.04324531,0.021668913,0.027543417,0.022243316,-0.000502318,0.000352894,-0.000238442,0,0,0,0,1,0,0,208.4271026,207.5812689,208.3528905,174.9028106,177.5885786,175.5036546,31029.47818,31329.05922,31010.49842,28613.13761,207.3208647,65.96735491,1317.934582,0.001070617,8.50840736,11768.7254
20:16.7,1,1,1,1,1,1,1,826751,0.068510035,0.03623198,0.044021341,0.021802811,0.027437549,0.022330375,-0.000470525,0.000381507,-0.00024798,0,0,0,0,1,0,0,208.1178023,208.6687834,207.9972613,174.3013242,177.9623084,175.9124964,30907.80098,31734.03239,31147.07072,28749.67958,208.1804513,66.00871062,1318.75599,0.001074269,8.541409528,11659.53814
20:16.8,1,1,1,1,1,1,1,826752,0.069040248,0.036589659,0.04419849,0.021980072,0.027788876,0.022460329,-0.000502318,0.000400582,-0.000257517,0,0,0,0,1,0,0,208.3734714,207.8233255,208.69762,175.952467,177.873049,176.4209815,31438.62072,31649.09665,31542.90924,29026.59867,210.216735,65.99961691,1318.561053,0.001084313,8.574406818,12518.67612
20:16.8,1,1,1,1,1,1,1,826753,0.068167006,0.037154783,0.044374931,0.021935891,0.027893411,0.022330375,-0.000508676,0.000406941,-0.000270234,0,0,0,0,1,0,0,208.4168761,208.5121026,207.7643973,176.4914591,180.281357,177.4331574,31722.25732,32446.69506,31691.01096,29432.46868,213.0799628,66.02426913,1319.03239,0.001100347,8.607415903,12290.84429
20:16.9,1,1,1,1,1,1,1,826754,0.068586031,0.03623198,0.044667452,0.021935891,0.027823765,0.022243316,-0.000524572,0.000378328,-0.000260696,0,0,0,0,1,0,0,207.6710054,207.8417568,208.515438,179.134464,181.4565453,180.1427048,32266.62923,32686.70036,32591.51169,29990.09547,216.4545896,66.22787202,1323.06881,0.00112387,8.640526,9375.268591
20:17.0,1,1,1,1,1,1,1,826755,0.068548044,0.035798048,0.04419849,0.021891621,0.027543417,0.022503481,-0.000530931,0.00036879,-0.000263876,0,0,0,0,1,0,0,208.2026377,207.5986601,207.3722867,181.8876371,185.1926641,182.2838989,33137.31472,33616.82924,32955.34738,30706.03641,221.8340187,66.16656224,1321.803799,0.001154243,8.67360444,14412.69207
20:17.0,1,1,1,1,1,1,1,826756,0.068090543,0.035579098,0.045361807,0.021847261,0.027578617,0.023014989,-0.000521393,0.000346536,-0.000282951,0,0,0,0,1,0,0,206.9183947,207.6062418,207.6292063,183.9656559,186.7762389,185.4429555,33442.7783,34104.456,33888.1735,31279.09581,226.1154747,66.12688234,1320.977095,0.001179968,8.706662192,14303.25239
20:17.0,1,1,1,1,1,1,1,826757,0.067668451,0.035652231,0.045648004,0.021534183,0.027224576,0.022803255,-0.000495959,0.00036879,-0.000282951,0,0,0,0,1,0,0,207.3123944,206.1939264,206.7472059,181.4513485,183.9119804,181.7820388,32950.94728,33194.65347,32849.60672,30491.02602,220.0654381,66.23146347,1323.09668,0.001156995,8.739772987,11301.55552
20:17.0,1,1,1,1,1,1,1,826758,0.067591423,0.035652231,0.04598909,0.021891621,0.027295752,0.023099139,-0.000508676,0.000359252,-0.000279772,0,0,0,0,1,0,0,205.4470331,206.062864,205.7034051,174.8939689,177.3437679,176.0974849,30672.306,31226.23917,31015.2589,28510.32899,206.1849183,66.09386878,1320.434053,0.001091873,8.772817149,14618.85635
20:17.1,1,1,1,1,1,1,1,826759,0.067822243,0.036447008,0.045818864,0.022460329,0.027295752,0.02293053,-0.000537289,0.000340177,-0.000270234,0,0,0,0,1,0,0,204.9844217,203.8946918,204.5318442,168.1118781,169.9013299,168.6786828,28383.89615,28551.62411,28415.91271,26044.05358,188.5014502,66.0349346,1319.365934,0.001009131,8.805834581,12040.27468
20:17.2,1,1,1,1,1,1,1,826760,0.067321134,0.035579098,0.04530435,0.022589537,0.027508173,0.023224793,-0.000550006,0.000324281,-0.000257517,0,0,0,0,1,0,0,202.852843,203.0518578,203.0941739,159.9021473,162.1666671,160.7635607,25548.00989,25892.73817,25692.7885,23364.47758,169.2252427,65.98285176,1318.445891,0.000917772,8.838828989,10644.99824
20:17.2,1,1,1,1,1,1,1,826761,0.067629948,0.035505814,0.04530435,0.022503481,0.027962885,0.023679818,-0.000588157,0.000321102,-0.000279772,0,0,0,0,1,0,0,201.3105432,201.1618123,201.5708019,151.2427731,152.8691978,151.7293288,22697.68965,22809.17797,22809.65078,20490.24833,149.4821939,65.50195931,1308.968335,0.00081742,8.871586218,16902.34764
20:17.3,1,1,1,1,1,1,1,826762,0.067475718,0.035579098,0.045131542,0.022589537,0.027543417,0.023679818,-0.000569081,0.000311564,-0.000267055,0,0,0,0,1,0,0,199.6284065,199.8009658,199.1579791,140.3627967,143.1751229,141.487674,19568.07521,19988.26207,19661.0885,17526.45183,128.8647483,64.98457337,1298.767032,0.000711273,8.904088158,16153.06104
20:17.3,1,1,1,1,1,1,1,826763,0.068395883,0.035505814,0.045533741,0.022330375,0.027472884,0.02408602,-0.000559544,0.000308385,-0.000267055,0,0,0,0,1,0,0,197.5776826,197.3853794,197.6122897,129.0911204,130.526902,129.8029073,16503.94685,16601.24217,16625.38017,14438.10897,107.1660882,64.36559003,1286.543038,0.000597184,8.93628419,16479.80292
20:17.4,1,1,1,1,1,1,1,826764,0.068243384,0.035579098,0.045761982,0.022112086,0.027402168,0.02408602,-0.000518214,0.000308385,-0.000276593,0,0,0,0,1,0,0,195.6975696,195.4653948,195.0009173,115.072217,117.4040491,115.462109,13342.91068,13513.22706,13245.5416,11305.45553,84.84315419,63.65315791,1272.455615,0.00047723,8.968127681,16617.4279
20:17.4,1,1,1,1,1,1,1,826765,0.067475718,0.035211155,0.04541919,0.021935891,0.027648881,0.023802407,-0.000505497,0.000302026,-0.000260696,0,0,0,0,1,0,0,192.8133716,193.2063391,193.1469689,99.38667811,100.3813382,100.0513458,10023.83055,10061.3104,10160.32634,8099.991973,61.58713965,62.81853722,1255.931452,0.000349652,8.99955765,17190.20503
20:17.5,1,1,1,1,1,1,1,826766,0.067668451,0.034764484,0.045246821,0.021802811,0.027648881,0.023308185,-0.000499138,0.000298847,-0.000263876,0,0,0,0,1,0,0,190.7447082,190.3956426,190.6308651,82.87564977,83.37539501,81.50302241,7169.507183,6918.622445,6937.30818,5104.582573,39.331736,61.98070689,1239.334387,0.000225676,9.030572275,15750.78443
20:17.6,1,1,1,1,1,1,1,826767,0.067783827,0.03468948,0.045131542,0.022112086,0.027788876,0.023014989,-0.000511855,0.000289309,-0.000251159,0,0,0,0,1,0,0,188.1978815,188.1657039,188.2778437,75.23714772,76.52088889,74.53133765,5426.91766,5292.618953,5239.511908,3471.995209,27.13073517,61.11210669,1222.049893,0.000157286,9.061154351,15508.29558
20:17.6,1,1,1,1,1,1,1,826768,0.068281541,0.034839327,0.045533741,0.021847261,0.027683946,0.022888184,-0.00053411,0.000295668,-0.000267055,0,0,0,0,1,0,0,186.424942,185.9993622,185.8305299,75.465904,76.82244009,74.83105247,4993.921464,4882.161094,4766.327479,3073.288742,24.41550528,60.10919357,1202.012629,0.000142443,9.09123499,17669.52073
20:17.6,1,1,1,1,1,1,1,826769,0.068586031,0.034083503,0.045476502,0.021935891,0.027788876,0.023432718,-0.000553185,0.000308385,-0.00028613,0,0,0,0,1,0,0,183.8113784,184.0433214,184.3439348,77.45086405,78.25274636,76.15219671,4989.961258,4728.295396,4807.681223,3070.247106,24.71987597,59.31050404,1186.037512,0.000145479,9.120915848,14113.48812
20:17.6,1,1,1,1,1,1,1,826770,0.068548044,0.034764484,0.045761982,0.021935891,0.027823765,0.02334977,-0.000550006,0.000302026,-0.000298847,0,0,0,0,1,0,0,182.4503082,182.3681268,181.7022636,78.78664504,80.13097226,78.29198188,5002.680648,4962.150511,4841.421564,3196.340966,26.1066852,58.46688137,1169.156775,0.000154662,9.150174262,14938.18184
20:17.7,1,1,1,1,1,1,1,826771,0.06835779,0.034839327,0.04530435,0.021935891,0.027224576,0.022888184,-0.000521393,0.000276593,-0.000270234,0,0,0,0,1,0,0,180.9228073,179.7905787,180.3733978,81.00503337,82.42170067,79.72141415,5291.968653,5019.889085,4905.331121,3363.755316,27.82554563,57.72902695,1154.388761,0.000166102,9.179063102,13189.80843
20:17.8,1,1,1,1,1,1,1,826772,0.068510035,0.034538982,0.045932418,0.021534183,0.027295752,0.022760672,-0.000476884,0.000282951,-0.000289309,0,0,0,0,1,0,0,178.5796012,178.3449092,179.0468263,83.14737675,84.01273474,81.64447887,5381.209471,5055.547232,5124.562477,3506.701308,29.46523386,56.8338327,1136.47599,0.000176536,9.207503672,15945.29464
20:17.8,1,1,1,1,1,1,1,826773,0.068128786,0.034236003,0.046158687,0.021891621,0.027188919,0.022243316,-0.000483242,0.000276593,-0.000289309,0,0,0,0,1,0,0,176.7486914,177.0854211,177.2600906,84.93136763,86.09339939,83.84727788,5421.485017,5205.35086,5239.833548,3634.714805,30.9771723,56.03390924,1120.469271,0.000186417,9.23554367,14363.06807
20:17.9,1,1,1,1,1,1,1,826774,0.068128786,0.034311999,0.045875676,0.021802811,0.027045818,0.022460329,-0.00049278,0.000276593,-0.00028613,0,0,0,0,1,0,0,175.3892823,175.4858152,175.5908728,86.67620653,88.27120185,85.73782809,5502.743047,5312.761412,5254.042261,3726.880237,32.25371913,55.18125039,1103.410264,0.000194581,9.263156762,15294.4167
20:17.9,1,1,1,1,1,1,1,826775,0.069190991,0.034159838,0.045761982,0.021668913,0.026757321,0.022589537,-0.000489601,0.000263876,-0.00028613,0,0,0,0,1,0,0,174.1883159,173.8848802,173.9862483,88.79296327,90.44747642,87.65355874,5610.641677,5405.046603,5300.989077,3831.951384,33.68104394,54.3330684,1086.440204,0.000203526,9.290345175,15260.15286
20:18.0,1,1,1,1,1,1,1,826776,0.069040248,0.034914009,0.045361807,0.022112086,0.027117463,0.022803255,-0.000515034,0.000270234,-0.000270234,0,0,0,0,1,0,0,172.832287,172.7036802,172.3836515,90.69329918,92.53442421,89.63948872,5637.123291,5487.068136,5332.938301,3899.739083,34.85547794,53.43149573,1068.404949,0.000210518,9.317082252,16184.8289
20:18.0,1,1,1,1,1,1,1,826777,0.069939833,0.034614313,0.045818864,0.021891621,0.026937994,0.023224793,-0.000502318,0.000276593,-0.000279772,0,0,0,0,1,0,0,171.0445881,171.5750444,171.25309,93.16736608,94.49631741,91.43737321,5700.159531,5442.625491,5458.204432,3967.697959,36.03618995,52.58182505,1051.407616,0.000217646,9.343393966,15331.0142
20:18.1,1,1,1,1,1,1,1,826778,0.06956642,0.034839327,0.045533741,0.022199659,0.027045818,0.023556592,-0.000480063,0.00028613,-0.00028613,0,0,0,0,1,0,0,170.1080966,169.497679,170.4782441,95.27788808,96.94565128,93.01736008,5850.439519,5372.203207,5357.258881,3978.993159,36.74405562,51.71585823,1034.087967,0.000221593,9.369272252,15597.0232
20:18.1,1,1,1,1,1,1,1,826779,0.069040248,0.035062897,0.045761982,0.021624096,0.026757321,0.023182984,-0.000441912,0.000295668,-0.000273413,0,0,0,0,1,0,0,169.4239106,168.7701388,168.2852946,96.68476011,99.33245464,95.78879528,5736.332228,5614.869833,5283.824828,4014.130285,37.7009333,50.84863131,1016.741955,0.000226822,9.39471645,15628.48072
20:18.1,1,1,1,1,1,1,1,826780,0.070125794,0.03468948,0.046102224,0.021935891,0.026793553,0.023182984,-0.000435554,0.000308385,-0.000282951,0,0,0,0,1,0,0,167.6920094,167.5834637,167.778652,99.42053278,101.0763299,97.79720425,5746.613094,5437.21272,5396.513475,4011.463025,38.33171705,49.97879014,999.3460538,0.000229847,9.419725312,15658.99895
20:18.2,1,1,1,1,1,1,1,826781,0.069939833,0.034614313,0.046327664,0.021935891,0.026973983,0.023308185,-0.00045145,0.000330639,-0.000282951,0,0,0,0,1,0,0,166.786677,166.399248,166.573188,101.3066463,103.7260412,99.98726414,5775.817142,5505.671819,5316.261344,4031.706875,39.20268135,49.11523915,982.0747808,0.000234145,9.444301957,15559.07708
20:18.2,1,1,1,1,1,1,1,826782,0.069716025,0.034463487,0.046327664,0.02175827,0.027153214,0.023308185,-0.000470525,0.000330639,-0.000279772,0,0,0,0,1,0,0,165.6782804,165.5421733,165.355481,103.3773433,105.5196203,102.3156647,5643.71217,5460.494186,5297.474989,3980.310596,39.38091966,48.2696582,965.1670585,0.000234211,9.468455481,15219.68001
20:18.3,1,1,1,1,1,1,1,826783,0.069716025,0.035211155,0.045932418,0.021891621,0.027153214,0.023679818,-0.000467346,0.000362432,-0.000282951,0,0,0,0,1,0,0,165.1612412,163.9986245,164.2388129,105.2470277,107.9117407,104.2168405,5714.627782,5490.234669,5182.910516,3989.388043,40.18830592,47.40796147,947.9337022,0.000237858,9.492177737,15490.72437
20:18.4,1,1,1,1,1,1,1,826784,0.06926624,0.035062897,0.045705028,0.022460329,0.027437549,0.023597739,-0.000508676,0.000356073,-0.000260696,0,0,0,0,1,0,0,163.7963229,162.7279093,163.6719749,107.5769485,109.5922523,105.6015594,5773.688812,5316.331445,5215.286006,3976.06798,40.72336179,46.62897991,932.35555,0.000240246,9.515510147,14113.1145
20:18.4,1,1,1,1,1,1,1,826785,0.06835779,0.035505814,0.046439974,0.022417095,0.027683946,0.023720752,-0.000508676,0.000378328,-0.000270234,0,0,0,0,1,0,0,162.3579284,161.9060025,162.6487973,109.2023799,110.9271935,107.412794,5703.689895,5297.918192,5287.89708,3985.637217,41.4837082,45.88467171,917.469376,0.000244154,9.538470026,13551.67587
20:18.5,1,1,1,1,1,1,1,826786,0.068281541,0.03468948,0.047218662,0.022373777,0.027683946,0.023432718,-0.000489601,0.000375149,-0.00028613,0,0,0,0,1,0,0,161.175404,160.9811616,161.3456737,110.4030896,112.3161496,109.1816175,5594.872515,5317.43486,5262.931526,3963.196382,41.9743284,45.09311077,901.6401005,0.000246285,9.561033774,14316.32277
20:18.5,1,1,1,1,1,1,1,826787,0.067822243,0.035211155,0.047438797,0.022845759,0.027753943,0.023474082,-0.000511855,0.000381507,-0.000305206,0,0,0,0,1,0,0,160.0868955,160.0132727,159.8776576,111.4686214,113.4498985,110.7650038,5523.044957,5395.420034,5278.340205,3986.84586,42.97835578,44.30270684,885.8313182,0.000251473,9.583201904,14319.31625
20:18.6,1,1,1,1,1,1,1,826788,0.068623997,0.034988532,0.047712537,0.022589537,0.027543417,0.023099139,-0.000489601,0.000381507,-0.000311564,0,0,0,0,1,0,0,158.575044,159.0234554,158.62326,112.4643933,114.3349647,111.91347,5434.361773,5355.263516,5287.35596,3964.979009,43.54640377,43.48508855,869.4807661,0.000254116,9.604960858,14753.26186
20:18.7,1,1,1,1,1,1,1,826789,0.068851355,0.035211155,0.048470786,0.022718009,0.027648881,0.023141099,-0.000483242,0.000381507,-0.000317922,0,0,0,0,1,0,0,156.8435972,157.4291677,157.9342649,113.7643567,115.062034,112.2030402,5516.277338,5169.34379,5322.739637,3961.862435,44.37251954,42.64212961,852.6222944,0.00025831,9.626297924,15171.28169
20:18.7,1,1,1,1,1,1,1,826790,0.067783827,0.036087916,0.048201353,0.022286888,0.027543417,0.022888184,-0.000495959,0.000403762,-0.000295668,0,0,0,0,1,0,0,156.2746354,155.382356,156.2148282,113.8650491,116.3007868,112.7030168,5552.973587,5232.538135,5064.592338,3930.707878,44.90075941,41.80920227,835.9657122,0.000261107,9.647218156,14993.61688
20:18.7,1,1,1,1,1,1,1,826791,0.067937358,0.036303797,0.048093156,0.022373777,0.02792817,0.022845759,-0.000499138,0.000413299,-0.000305206,0,0,0,0,1,0,0,154.3580117,154.8045324,154.0923454,113.9459654,116.1834755,113.5977962,5285.086641,5268.538633,5117.092996,3894.455904,45.36412345,41.00060754,819.7957249,0.00026393,9.66773373,14584.09295
20:18.7,1,1,1,1,1,1,1,826792,0.068243384,0.036589659,0.047821595,0.022718009,0.027718967,0.022972798,-0.000508676,0.000429195,-0.000302026,0,0,0,0,1,0,0,152.7429751,152.8173961,152.7036917,114.5273187,116.6765257,113.4913267,5345.248398,5150.692313,5052.836545,3878.943207,46.04681872,40.23202417,804.4242826,0.000268692,9.687864631,13940.36362
20:18.8,1,1,1,1,1,1,1,826793,0.06835779,0.036160019,0.048363193,0.022718009,0.027753943,0.022803255,-0.000505497,0.000397403,-0.000302026,0,0,0,0,1,0,0,151.0541343,150.7650151,151.2040238,114.7846174,116.9333518,113.2888975,5361.827305,5033.52794,4963.40642,3842.207115,46.60422784,39.3745095,787.2756825,0.000272394,9.707566383,15359.74216
20:18.8,1,1,1,1,1,1,1,826794,0.068851355,0.036660776,0.048524494,0.022417095,0.027508173,0.022845759,-0.000464167,0.000406941,-0.000330639,0,0,0,0,1,0,0,148.7904836,149.6855799,148.9406225,114.716157,116.6372936,114.1011225,5070.482278,5015.636358,4976.103759,3771.409248,46.69703873,38.57223435,771.2331752,0.000274176,9.726866669,14434.06032
20:18.9,1,1,1,1,1,1,1,826795,0.068813514,0.03623198,0.048738731,0.022417095,0.02733127,0.022888184,-0.000457808,0.000400582,-0.000352894,0,0,0,0,1,0,0,147.7335591,147.1493424,146.7367953,114.3230967,117.5789749,114.1510338,5085.243122,5049.960408,4672.52758,3715.098533,46.9883939,37.76083266,755.0072431,0.000277285,9.745760896,14556.00086
20:19.0,1,1,1,1,1,1,1,826796,0.068623997,0.036943875,0.04863173,0.022155916,0.027224576,0.023391281,-0.000448271,0.00041012,-0.000362432,0,0,0,0,1,0,0,145.4407314,144.7749507,145.2559988,114.962997,117.5736726,113.8079798,5059.963831,4778.007602,4600.385789,3622.06941,46.71417134,37.03141416,740.4223185,0.000278095,9.764290133,13192.3731
20:19.0,1,1,1,1,1,1,1,826797,0.068395883,0.036589659,0.048093156,0.022112086,0.027188919,0.023515373,-0.000438733,0.000394224,-0.000349715,0,0,0,0,1,0,0,143.0627236,142.9588657,143.0737697,115.144526,117.3201034,114.2200227,4846.084783,4652.556474,4551.280079,3523.325708,46.50933803,36.18054199,723.4091814,0.000278684,9.782393612,15071.5238
20:19.1,1,1,1,1,1,1,1,826798,0.067937358,0.036731755,0.04787603,0.022068169,0.027188919,0.023761614,-0.000448271,0.000400582,-0.00032746,0,0,0,0,1,0,0,140.9961597,140.9594238,140.4865358,115.1921027,117.4961338,114.4605224,4699.093717,4603.498641,4434.035787,3450.377286,46.59216151,35.36856611,707.1720859,0.000281657,9.800090754,14417.25796
20:19.1,1,1,1,1,1,1,1,826799,0.068013994,0.035943274,0.047218662,0.022112086,0.027188919,0.023802407,-0.000467346,0.000387865,-0.000333819,0,0,0,0,1,0,0,138.8165205,138.808066,137.9528329,114.8220232,117.7950666,115.0192799,4530.34867,4598.406404,4289.919072,3376.342595,46.74993551,34.49297212,689.6629154,0.00028488,9.817349725,15387.17226
20:19.2,1,1,1,1,1,1,1,826800,0.067552877,0.035211155,0.046775285,0.022199659,0.026793553,0.024206551,-0.000435554,0.000359252,-0.000333819,0,0,0,0,1,0,0,135.9845606,136.766954,135.6405802,115.4593096,117.4717651,115.047935,4385.07486,4407.624046,4304.159648,3302.060659,46.79665523,33.70054879,673.8164601,0.000288594,9.834212135,14035.33332
20:19.2,1,1,1,1,1,1,1,826801,0.067437105,0.034914009,0.047218662,0.021980072,0.026392265,0.024525072,-0.00041012,0.000340177,-0.000359252,0,0,0,0,1,0,0,133.2375761,133.9393896,133.8553508,115.8333047,117.6895336,115.1117874,4353.854473,4200.316535,4227.714632,3230.029468,47.01409015,32.81308326,656.0694734,0.000292859,9.850630422,15497.70126
20:19.2,1,1,1,1,1,1,1,826802,0.067010896,0.035062897,0.047438797,0.021802811,0.026355482,0.024485484,-0.000403762,0.000333819,-0.000349715,0,0,0,0,1,0,0,131.2206581,130.9984667,131.2308764,116.06187,118.2880605,114.6121879,4359.056641,4087.733984,4007.759927,3154.486358,46.99368794,32.05971245,641.0036566,0.000297246,9.866671684,13352.00853
20:19.3,1,1,1,1,1,1,1,826803,0.06708859,0.034988532,0.047273792,0.021398604,0.02628176,0.024722064,-0.000419658,0.000346536,-0.000349715,0,0,0,0,1,0,0,128.3513673,128.5843214,128.7320883,116.3446747,118.0926071,115.0936463,4183.020746,3953.76678,3962.217407,3069.58125,47.07387243,31.14378577,622.6881332,0.000301155,9.882254596,15853.71894
20:19.3,1,1,1,1,1,1,1,826804,0.067822243,0.035137104,0.047821595,0.021443892,0.026244821,0.024604058,-0.00045145,0.000349715,-0.000324281,0,0,0,0,1,0,0,126.4564921,125.6684625,125.5779437,115.4760424,118.5479744,115.9329459,4038.501743,4053.809185,3722.007116,3008.472312,47.33532671,30.35538544,606.9208004,0.000307867,9.897442927,13837.77733
20:19.4,1,1,1,1,1,1,1,826805,0.068281541,0.035358792,0.047328858,0.021489085,0.026355482,0.024682791,-0.000457808,0.000349715,-0.000305206,0,0,0,0,1,0,0,122.515007,123.4577908,123.5634178,116.2999899,118.123437,115.9101796,3883.411229,3740.628754,3822.207318,2919.738514,47.15575494,29.57238038,591.2629129,0.000312276,9.912239416,13703.45987
20:19.4,1,1,1,1,1,1,1,826806,0.068319676,0.034914009,0.046942042,0.02175827,0.026318647,0.024525072,-0.000470525,0.000356073,-0.000298847,0,0,0,0,1,0,0,120.7547379,120.6414318,119.7940583,115.0167972,119.5585652,116.4438311,3789.100166,3951.826428,3483.099469,2879.331724,47.70365618,28.82846434,576.3833383,0.000322509,9.92666354,13093.92963
20:19.5,1,1,1,1,1,1,1,826807,0.068775653,0.035062897,0.047218662,0.02135322,0.026207831,0.024485484,-0.000460988,0.000362432,-0.000302026,0,0,0,0,1,0,0,117.6913735,117.3576737,117.6167659,115.4248452,120.1280205,115.8554236,3813.243444,3707.178268,3344.130089,2793.336654,47.63043364,28.01062213,560.0284972,0.00032835,9.94067838,14193.81813
20:19.6,1,1,1,1,1,1,1,826808,0.067860636,0.034914009,0.046719567,0.021668913,0.02650231,0.024366332,-0.000480063,0.000359252,-0.000298847,0,0,0,0,1,0,0,114.7960001,114.6625376,114.5171002,114.7360976,120.3339095,116.9442688,3612.969028,3749.59438,3242.762617,2740.389137,48.17179827,27.17114416,543.2387739,0.000338796,9.954273054,14517.95897
20:19.6,1,1,1,1,1,1,1,826809,0.067204963,0.035505814,0.047163468,0.021891621,0.02653889,0.024722064,-0.000483242,0.000378328,-0.000311564,0,0,0,0,1,0,0,112.0339632,111.3465382,111.75891,114.7363363,120.5983103,116.8895942,3545.487621,3593.316682,3059.921589,2638.336211,47.78661905,26.37026872,527.224053,0.000343799,9.967466955,13857.58537
20:19.7,1,1,1,1,1,1,1,826810,0.067899008,0.035505814,0.04760323,0.022155916,0.026684709,0.024643456,-0.000515034,0.000397403,-0.000302026,0,0,0,0,1,0,0,108.9108303,108.1958346,109.0797951,115.3635411,120.7417746,116.7148425,3511.858235,3435.859159,2993.715353,2585.271629,48.29638469,25.56745606,511.1671545,0.000355856,9.980259029,13879.04588
20:19.7,1,1,1,1,1,1,1,826811,0.067783827,0.035798048,0.046719567,0.022417095,0.026648329,0.024485484,-0.000508676,0.000384686,-0.000279772,0,0,0,0,1,0,0,105.9260301,105.1842452,105.9936203,115.8693835,120.9793402,116.3473061,3432.479077,3275.406854,2889.312228,2502.962168,48.28029624,24.7619133,495.0576104,0.000364785,9.992647958,13878.19258
20:19.8,1,1,1,1,1,1,1,826812,0.068775653,0.035211155,0.045932418,0.022373777,0.026829736,0.024406114,-0.000502318,0.000371969,-0.000260696,0,0,0,0,1,0,0,102.8956022,102.3976878,102.5738366,115.3912117,120.7632522,117.5706562,3207.87515,3320.630741,2827.894266,2454.586708,49.01728757,23.91858396,478.1899944,0.000379798,10.00461477,14457.08774
20:19.8,1,1,1,1,1,1,1,826813,0.068586031,0.035579098,0.045875676,0.022589537,0.027009924,0.024761274,-0.000473704,0.000378328,-0.000282951,0,0,0,0,1,0,0,99.47134551,99.74679092,99.3226668,115.4241679,121.1691453,117.4784656,3077.03785,3220.932998,2743.321925,2380.928409,49.17346649,23.12742113,462.367068,0.000392077,10.01618561,13628.07508
20:19.8,1,1,1,1,1,1,1,826814,0.06835779,0.034614313,0.045590908,0.022460329,0.027009924,0.024643456,-0.000460988,0.000365611,-0.000305206,0,0,0,0,1,0,0,96.32734437,96.15842828,96.57626187,116.0727173,121.399778,117.1918679,3075.280377,3023.819123,2634.952916,2309.211151,49.4841849,22.29025065,445.6240354,0.000405957,10.02733746,14303.89636
20:19.9,1,1,1,1,1,1,1,826815,0.068281541,0.035358792,0.045875676,0.022632442,0.027153214,0.024839509,-0.000460988,0.000375149,-0.000321102,0,0,0,0,1,0,0,93.68660498,93.30263371,92.49850739,115.5107708,121.1116944,118.2774397,2804.948032,3074.095119,2497.4307,2220.277845,49.27555689,21.52279633,430.2760432,0.00041789,10.03810521,13193.07171
20:19.9,1,1,1,1,1,1,1,826816,0.069153336,0.035432379,0.046102224,0.022373777,0.026901956,0.024800422,-0.000464167,0.000359252,-0.000317922,0,0,0,0,1,0,0,89.28157013,90.34104063,90.29700769,117.6980959,119.7620632,117.8292855,2722.228538,2678.531862,2708.865182,2160.389549,49.79106531,20.72581382,414.3353915,0.000436376,10.04847405,13632.07675
20:20.0,1,1,1,1,1,1,1,826817,0.068052279,0.035432379,0.046383853,0.022417095,0.026937994,0.025072749,-0.000454629,0.00036879,-0.000298847,0,0,0,0,1,0,0,87.23993022,86.59628663,86.41908165,116.9053984,121.0091898,117.9008612,2688.668657,2754.682964,2397.685461,2099.058587,50.19719785,19.97490815,399.3157757,0.000456541,10.05846702,12815.33027
20:20.1,1,1,1,1,1,1,1,826818,0.068433955,0.036087916,0.046719567,0.021935891,0.026973983,0.025188559,-0.000438733,0.000378328,-0.000308385,0,0,0,0,1,0,0,83.36211687,83.41899438,83.70818411,118.1644616,119.7471224,118.0819295,2561.665069,2492.767538,2489.396004,2027.685931,50.74420401,19.08809849,381.580019,0.000476608,10.06801614,14860.99002
20:20.1,1,1,1,1,1,1,1,826819,0.068813514,0.036160019,0.04598909,0.021802811,0.026973983,0.024917498,-0.000419658,0.00036879,-0.000305206,0,0,0,0,1,0,0,79.99859537,80.16374305,80.4270379,118.4443059,120.7193989,117.3293338,2544.465994,2359.4714,2354.626638,1959.323048,51.05542375,18.33254176,366.4675664,0.000499846,10.07718708,12838.30278
20:20.2,1,1,1,1,1,1,1,826820,0.068813514,0.036160019,0.046271407,0.021802811,0.027295752,0.024917498,-0.000432375,0.000352894,-0.000314743,0,0,0,0,1,0,0,76.37372575,77.41491213,76.84597306,118.7329476,119.8697049,118.2042171,2298.17835,2277.355468,2349.728124,1874.135873,51.15929088,17.50025033,349.8226613,0.000520979,10.08594147,13958.5267
20:20.2,1,1,1,1,1,1,1,826821,0.069190991,0.03623198,0.047712537,0.021534183,0.027543417,0.024643456,-0.000454629,0.000371969,-0.000302026,0,0,0,0,1,0,0,73.48456748,74.14034267,72.9157611,117.5771197,119.8456505,119.7910743,2089.644179,2365.452413,2206.980257,1811.442867,51.658824,16.75178555,334.8509286,0.000551531,10.09432119,12672.31451
20:20.3,1,1,1,1,1,1,1,826822,0.068851355,0.036447008,0.048524494,0.021713637,0.027543417,0.024761274,-0.000454629,0.000375149,-0.000321102,0,0,0,0,1,0,0,70.48911026,70.47798148,69.54686602,117.4732431,121.0133171,119.0614256,2086.476656,2260.7063,1992.362364,1727.734284,51.98913421,15.8765806,317.3479872,0.000578289,10.10226289,14553.3858
20:20.3,1,1,1,1,1,1,1,826823,0.06835779,0.036087916,0.048147285,0.021579186,0.027578617,0.024246595,-0.000467346,0.000359252,-0.000292489,0,0,0,0,1,0,0,66.86821909,66.97838857,66.43709359,117.961023,121.1317352,118.7897967,2010.897563,2090.385792,1917.017209,1643.766867,51.91875672,15.12592226,302.33423,0.000608939,10.10982888,12622.69288
20:20.3,1,1,1,1,1,1,1,826824,0.067822243,0.036802597,0.04841702,0.021579186,0.027648881,0.024286573,-0.000448271,0.000365611,-0.000302026,0,0,0,0,1,0,0,63.16691704,63.51727129,63.4775497,118.5633628,121.2358194,118.2304181,1971.331071,1901.375187,1858.671542,1569.958725,52.68273505,14.23777566,284.5714346,0.000646444,10.11695034,14683.72973
20:20.4,1,1,1,1,1,1,1,826825,0.068281541,0.036375473,0.047984716,0.022068169,0.027893411,0.024246595,-0.000460988,0.000349715,-0.00028613,0,0,0,0,1,0,0,59.94757793,59.55190402,60.35225524,118.8434443,121.8972328,117.8785178,1982.555279,1784.046319,1726.814549,1511.317438,53.7480554,13.43498745,268.5123833,0.000697305,10.12366993,13411.54083
20:20.4,1,1,1,1,1,1,1,826826,0.067591423,0.03623198,0.048147285,0.022286888,0.028101316,0.024485484,-0.000486421,0.000365611,-0.000292489,0,0,0,0,1,0,0,57.14750086,56.18572464,56.12039124,117.4814192,121.9948641,119.3458478,1761.700443,1847.058275,1534.727147,1414.664495,53.53450022,12.62645251,252.3428962,0.000737159,10.12998486,13432.35973
20:20.5,1,1,1,1,1,1,1,826827,0.067899008,0.036087916,0.04841702,0.022112086,0.028204693,0.024005329,-0.000473704,0.000362432,-0.000302026,0,0,0,0,1,0,0,52.64006087,53.69488352,52.74118663,118.5639225,119.5400671,120.9024711,1469.641408,1670.75728,1685.053629,1327.384339,53.70327285,11.81079983,236.0300604,0.000787145,10.13589157,13497.90279
20:20.5,1,1,1,1,1,1,1,826828,0.068319676,0.035870735,0.048038967,0.022286888,0.028376152,0.023679818,-0.000483242,0.000352894,-0.00028613,0,0,0,0,1,0,0,49.56689499,49.11248608,49.91059215,120.5312824,120.5041524,118.3674164,1598.084385,1413.192739,1481.08953,1233.888338,53.62115921,10.99630149,219.7409729,0.000841451,10.14139064,13423.55431
20:20.6,1,1,1,1,1,1,1,826829,0.068052279,0.035505814,0.048201353,0.022589537,0.028614468,0.023474082,-0.000499138,0.000346536,-0.000267055,0,0,0,0,1,0,0,45.84925423,46.35515278,46.02284171,118.8374425,121.8464951,118.9318129,1420.732627,1425.632509,1384.025999,1162.767488,54.65711091,10.16686951,203.1503572,0.000919816,10.14647452,13652.054
20:20.7,1,1,1,1,1,1,1,826830,0.068128786,0.035285051,0.048147285,0.022199659,0.028170276,0.023224793,-0.000486421,0.000333819,-0.000279772,0,0,0,0,1,0,0,42.92982634,42.69375388,42.26216115,118.9666411,119.6413122,121.1918096,1254.892644,1391.986518,1303.818005,1084.525969,55.36274267,9.36270176,187.065518,0.001006746,10.15115588,13260.79256
20:20.7,1,1,1,1,1,1,1,826831,0.067282432,0.035211155,0.047383859,0.022286888,0.028101316,0.023720752,-0.000454629,0.000340177,-0.000295668,0,0,0,0,1,0,0,39.32203107,38.58305415,39.60387888,119.1609581,123.5139262,117.3889772,1377.615869,1176.077284,1094.848496,997.5826902,55.98799018,8.516762342,170.147436,0.001102595,10.15541386,13856.38394
20:20.8,1,1,1,1,1,1,1,826832,0.066660154,0.035062897,0.047383859,0.022675266,0.028239068,0.023556592,-0.000441912,0.000321102,-0.000314743,0,0,0,0,1,0,0,35.02821511,35.91740446,36.26281864,122.4411655,118.0493125,119.6470597,1112.638366,981.1436466,1256.570668,910.8021938,56.34309376,7.727759564,154.3671052,0.001216951,10.15927693,12976.82012
20:20.8,1,1,1,1,1,1,1,826833,0.06739847,0.035579098,0.048093156,0.022972798,0.027997556,0.023638814,-0.000419658,0.00032746,-0.000336998,0,0,0,0,1,0,0,31.80718471,32.89172681,32.2634711,117.1622913,119.8792028,123.2229887,888.5398701,1075.7962,1102.264124,827.5226757,57.17547604,6.919956709,138.2106457,0.00136192,10.16273568,13242.00436
20:20.9,1,1,1,1,1,1,1,826834,0.067437105,0.034839327,0.047984716,0.022803255,0.02792817,0.023679818,-0.00041012,0.000308385,-0.000324281,0,0,0,0,1,0,0,28.6359516,29.45284923,28.78636035,117.274157,124.4900308,118.7018354,890.3191955,980.8113047,903.425463,740.0940713,58.18617682,6.082386975,121.4614566,0.001531331,10.16577528,13667.68019
20:20.9,1,1,1,1,1,1,1,826835,0.066268262,0.035062897,0.048201353,0.022417095,0.027472884,0.023432718,-0.000384686,0.000333819,-0.000317922,0,0,0,0,1,0,0,25.25565814,25.95004936,25.73642929,122.9490384,123.2423885,114.0529871,876.1022706,777.2681929,831.0571065,652.363323,59.15593411,5.274595279,105.3082999,0.001740471,10.16841065,13214.15372
20:20.9,1,1,1,1,1,1,1,826836,0.065953073,0.034988532,0.047712537,0.022589537,0.027437549,0.023391281,-0.000375149,0.000305206,-0.000317922,0,0,0,0,1,0,0,21.9763737,22.33376972,22.88807701,128.9277853,119.3256655,111.6872809,866.1415638,589.7123715,745.8977769,565.9301308,60.82138897,4.451649435,88.85418036,0.002008338,10.17063424,13445.12285
20:21.0,1,1,1,1,1,1,1,826837,0.065874039,0.035358792,0.047383859,0.02293053,0.027472884,0.023761614,-0.000381507,0.000279772,-0.000356073,0,0,0,0,1,0,0,19.58918783,18.45597792,19.79847021,133.2212957,115.3065691,111.7997661,868.2004736,495.1415784,553.0868674,476.782092,61.37392915,3.717826761,74.1835119,0.002326942,10.1724907,12101.15089
20:21.0,1,1,1,1,1,1,1,826838,0.065636369,0.035211155,0.047657915,0.023014989,0.027366742,0.023924367,-0.000343356,0.000263876,-0.000365611,0,0,0,0,1,0,0,17.21680664,15.97957907,15.84091756,135.4797944,109.4983844,122.6013745,713.1402628,519.1343741,430.5553087,391.4292231,60.88523549,3.078016835,61.39212099,0.002732534,10.17402705,10644.84036
20:21.1,1,1,1,1,1,1,1,826839,0.065636369,0.034988532,0.048201353,0.022972798,0.027153214,0.024126264,-0.00032746,0.0002448,-0.000375149,0,0,0,0,1,0,0,13.21053294,13.91671336,13.68114567,143.0513636,99.7355153,131.8334349,604.1533826,319.6412673,508.1786612,312.5896565,63.72292869,2.349865556,46.84359933,0.003270651,10.17519932,11945.75573
20:21.1,1,1,1,1,1,1,1,826840,0.06507843,0.035505814,0.047767097,0.023014989,0.027578617,0.024166441,-0.000308385,0.00024798,-0.000371969,0,0,0,0,1,0,0,11.92641554,9.757073829,11.11285304,149.6370706,96.47602818,136.9315334,699.6268693,252.5105349,272.0503299,239.3017218,66.72247971,1.719493034,34.2487738,0.004102572,10.17605641,10600.04164
20:21.2,1,1,1,1,1,1,1,826841,0.065437651,0.034988532,0.04787603,0.023099139,0.027508173,0.023883783,-0.000343356,0.000228904,-0.000381507,0,0,0,0,1,0,0,8.418208882,8.790668702,8.611262828,158.8158272,83.59911709,144.5546495,529.1684084,160.5822191,367.2737645,182.2320826,77.57498112,1.127760554,22.4323381,0.005447654,10.17661778,10435.08318
20:21.3,1,1,1,1,1,1,1,826842,0.065636369,0.034988532,0.047548482,0.02293053,0.02733127,0.02408602,-0.000381507,0.000238442,-0.000359252,0,0,0,0,1,0,0,7.987161584,5.499134635,5.722028765,165.5796766,83.31882375,146.4712863,602.513383,185.6259383,146.3578455,135.3490563,89.00895525,0.732196337,14.52087914,0.008402638,10.17698117,8367.998843
20:21.3,1,1,1,1,1,1,1,826843,0.065278242,0.03468948,0.046663782,0.022760672,0.02785861,0.02408602,-0.000397403,0.000228904,-0.000352894,0,0,0,0,1,0,0,5.577875193,2.229987578,5.430470479,178.1689656,74.10735697,145.8236006,665.1011041,-6.19739662,182.0390387,101.9374972,122.3856096,0.40470808,7.953805986,0.017340353,10.17718022,9008.69972
20:21.4,1,1,1,1,1,1,1,826844,0.065238328,0.034764484,0.046496027,0.023057102,0.028032185,0.023720752,-0.000426016,0.000241621,-0.000343356,0,0,0,0,1,0,0,3.391667395,2.019273784,3.875250037,186.9883294,61.17408218,150.294069,564.3775717,-19.50654999,238.1904918,80.81794203,209.5290791,0.192447441,3.683281105,0.04304233,10.17727239,0
20:21.4,1,1,1,1,1,1,1,826845,0.06658196,0.034083503,0.046719567,0.022632442,0.028239068,0.023556592,-0.000432375,0.000213008,-0.000356073,0,0,0,0,1,0,0,2.75429375,1.673865607,2.081926489,192.4549934,60.65709105,153.2829212,517.277662,41.70825966,189.5340745,0,0,0.011266626,0,1,0,0
20:21.4,1,1,1,1,1,1,1,826846,0.066777273,0.034463487,0.046552012,0.022503481,0.028204693,0.023308185,-0.000422837,0.000216187,-0.000346536,0,0,0,0,1,0,0,2.708201085,1.553480142,1.044753946,197.6216957,68.41462454,153.0646876,525.8984957,82.62494197,139.6530696,20.3708597,211.8642267,0.122199548,-0.918170019,0.624315298,0,0
20:21.5,1,1,1,1,1,1,1,826847,0.067204963,0.034159838,0.046158687,0.022460329,0.028376152,0.023141099,-0.000435554,0.000241621,-0.000311564,0,0,0,0,1,0,0,2.723054161,1.659853804,0.869899244,202.9503522,78.78412485,150.1220154,544.5516131,106.9526699,121.7717355,8.622805446,195.5109648,0.123404858,-0.421161681,0.829357739,0,0
20:21.5,1,1,1,1,1,1,1,826848,0.066816267,0.034159838,0.046439974,0.022675266,0.028239068,0.023597739,-0.000480063,0.000263876,-0.000333819,0,0,0,0,1,0,0,2.771453215,1.767866279,0.796288108,208.4176931,90.09322309,139.9741886,569.8007497,140.6476197,103.5092831,4.954319173,223.1757276,0.123404858,-0.211986598,0.914109298,0,0
20:21.6,1,1,1,1,1,1,1,826849,0.067475718,0.034538982,0.046439974,0.022632442,0.028307693,0.023679818,-0.00049278,0.000289309,-0.000346536,0,0,0,0,1,0,0,2.819896299,1.861108692,0.756968941,212.5399047,101.6523923,128.0528746,591.528224,176.3549792,89.6985312,3.283340191,428.2854763,0.076413407,-0.07320722,0.952097921,0,0
20:21.6,1,1,1,1,1,1,1,826850,0.068281541,0.034006997,0.046607931,0.022417095,0.028444446,0.023802407,-0.000495959,0.000282951,-0.000346536,0,0,0,0,1,0,0,2.873305777,1.953429662,0.719371327,215.1249817,113.2123957,115.6372184,610.1960494,212.0597276,77.23166855,0,0,0.038443425,0,1,0,0
20:21.7,1,1,1,1,1,1,1,826851,0.067591423,0.034463487,0.046271407,0.022589537,0.028749761,0.023924367,-0.000467346,0.000314743,-0.000349715,0,0,0,0,1,0,0,2.930119019,2.047314277,0.68326674,216.4012824,124.1534154,103.5904398,625.8738422,247.1569487,65.42309527,0,0,0,0,1,0,0
20:21.7,1,1,1,1,1,1,1,826852,0.067975687,0.034159838,0.046607931,0.022286888,0.028951517,0.023556592,-0.000438733,0.000311564,-0.000349715,0,0,0,0,1,0,0,2.98189742,2.137605983,0.647416422,216.8233644,134.1547326,92.4362866,638.0384458,280.6147761,55.18942521,0,0,0,0,1,0,0
20:21.8,1,1,1,1,1,1,1,826853,0.067899008,0.034387826,0.046830937,0.022330375,0.028749761,0.024045709,-0.000448271,0.000333819,-0.000359252,0,0,0,0,1,0,0,3.038200994,2.228264258,0.608710041,216.3458522,143.1100651,82.01027546,648.3278773,313.0620358,45.47922595,0,0,0,0,1,0,0
20:21.9,1,1,1,1,1,1,1,826854,0.067706931,0.034538982,0.04760323,0.021891621,0.028850815,0.024643456,-0.000416478,0.000336998,-0.000371969,0,0,0,0,1,0,0,3.10666972,2.307658483,0.588432665,214.5309875,150.7952611,71.97591309,656.3692085,342.236212,37.62582732,0,0,0,0,1,0,0
20:21.9,1,1,1,1,1,1,1,826855,0.067166194,0.035062897,0.04760323,0.022024165,0.028512576,0.024878534,-0.000394224,0.000330639,-0.000384686,0,0,0,0,1,0,0,3.179652185,2.377332291,0.577299122,211.8322031,157.074583,62.54725676,662.2062324,367.5601304,30.60387724,0,0,0,0,1,0,0
20:22.0,1,1,1,1,1,1,1,826856,0.067706931,0.035137104,0.048470786,0.021668913,0.028204693,0.024839509,-0.000371969,0.000336998,-0.000365611,0,0,0,0,1,0,0,3.195295347,2.424084382,1.035150074,205.085597,161.7058248,57.48304172,626.3626482,385.8117864,36.28296163,0,0,0,0,1,0,0
20:22.0,1,1,1,1,1,1,1,826857,0.067899008,0.035211155,0.04863173,0.021624096,0.027997556,0.025111412,-0.000336998,0.000336998,-0.000375149,0,0,0,0,1,0,0,3.092977638,2.462047189,1.125120314,194.617045,165.1451628,57.63230394,573.4653521,400.157212,43.92518153,0,0,0,0,1,0,0
20:22.0,1,1,1,1,1,1,1,826858,0.068128786,0.035285051,0.048363193,0.021262161,0.028273401,0.024682791,-0.000336998,0.000340177,-0.000346536,0,0,0,0,1,0,0,2.981770906,2.489260981,1.191587867,183.4849551,167.6695713,59.80120018,519.240731,410.8221147,51.82875169,0,0,0,0,1,0,0
20:22.1,1,1,1,1,1,1,1,826859,0.067437105,0.035211155,0.047657915,0.021032789,0.028682194,0.024406114,-0.000317922,0.000356073,-0.000302026,0,0,0,0,1,0,0,2.860053643,2.508376669,1.263129761,171.6108282,169.3991346,62.97925696,464.1040523,418.1261079,61.3079712,0,0,0,0,1,0,0
20:22.1,1,1,1,1,1,1,1,826860,0.06708859,0.036015668,0.04787603,0.021216485,0.028376152,0.024366332,-0.000311564,0.000397403,-0.000295668,0,0,0,0,1,0,0,2.722525841,2.520806583,1.332434845,159.1103785,170.4021916,66.87176783,407.8534481,422.6775073,71.55572916,0,0,0,0,1,0,0
20:22.2,1,1,1,1,1,1,1,826861,0.067475718,0.036660776,0.047438797,0.021078863,0.027962885,0.024326485,-0.000321102,0.000387865,-0.000279772,0,0,0,0,1,0,0,2.569656441,2.527932859,1.39783604,145.8991401,170.8012395,71.27376045,350.8986625,424.7572253,82.2256278,0,0,0,0,1,0,0
20:22.2,1,1,1,1,1,1,1,826862,0.067204963,0.037364501,0.047218662,0.021170711,0.028032185,0.024366332,-0.00032746,0.00041012,-0.000276593,0,0,0,0,1,0,0,2.401866913,2.525327051,1.462624743,131.6373657,170.6312018,75.86583406,293.6933981,423.8119311,93.52944459,0,0,0,0,1,0,0
20:22.3,1,1,1,1,1,1,1,826863,0.068281541,0.036873304,0.047438797,0.021216485,0.027962885,0.024286573,-0.000343356,0.000406941,-0.000263876,0,0,0,0,1,0,0,2.208120345,2.516984804,1.522401757,116.4227354,170.0174723,80.62542635,236.043638,420.7915853,104.9607468,0,0,0,0,1,0,0
20:22.3,1,1,1,1,1,1,1,826864,0.068548044,0.036873304,0.047052885,0.021534183,0.02792817,0.024406114,-0.000346536,0.000400582,-0.000260696,0,0,0,0,1,0,0,1.966659882,2.50472819,1.575707599,100.9681264,169.2605379,85.52128639,178.3184235,416.8138485,116.5714783,0,0,0,0,1,0,0
20:22.4,1,1,1,1,1,1,1,826865,0.068926974,0.036375473,0.047108209,0.021534183,0.027962885,0.024682791,-0.000362432,0.000391045,-0.000238442,0,0,0,0,1,0,0,1.673312542,2.493553371,1.625034855,84.23343411,168.5788026,90.27336889,121.2747467,413.2183074,128.3927626,0,0,0,0,1,0,0
20:22.5,1,1,1,1,1,1,1,826866,0.068433955,0.035870735,0.046327664,0.021713637,0.028478531,0.025265471,-0.000352894,0.000387865,-0.000273413,0,0,0,0,1,0,0,1.427305571,2.490723111,1.433703862,75.10780209,168.3871873,92.75306259,103.7663207,412.4795698,129.0670322,0,0,0,0,1,0,0
20:22.5,1,1,1,1,1,1,1,826867,0.068167006,0.035579098,0.046215082,0.021443892,0.028917989,0.024995244,-0.000371969,0.000391045,-0.000267055,0,0,0,0,1,0,0,1.417440596,2.486540842,1.423531139,74.73505898,168.3630162,93.06631592,103.094428,411.7923707,129.2291346,0,0,0,0,1,0,0
20:22.5,1,1,1,1,1,1,1,826868,0.068013994,0.034764484,0.046439974,0.021170711,0.028884422,0.025494814,-0.000346536,0.00036879,-0.000302026,0,0,0,0,1,0,0,1.402798286,2.483879483,1.425611095,74.73392215,168.3571443,93.07015942,102.4206782,411.3561877,129.7423475,0,0,0,0,1,0,0
20:22.6,1,1,1,1,1,1,1,826869,0.067783827,0.034614313,0.046327664,0.021579186,0.028648351,0.025984781,-0.000352894,0.000343356,-0.000308385,0,0,0,0,1,0,0,1.397796201,2.483461402,1.423358611,74.7870751,168.3720045,93.03561953,102.2672065,411.3087461,129.6276145,0,0,0,0,1,0,0
20:22.6,1,1,1,1,1,1,1,826870,0.067166194,0.033310534,0.046045692,0.021579186,0.028985006,0.026059343,-0.000362432,0.000295668,-0.000311564,0,0,0,0,1,0,0,1.396720078,2.481662192,1.422374629,74.77508245,168.3747472,93.05182158,102.2234256,410.9929377,129.6086691,0,0,0,0,1,0,0
20:22.7,1,1,1,1,1,1,1,826871,0.067822243,0.032917244,0.046552012,0.021579186,0.028985006,0.026465679,-0.000381507,0.000263876,-0.000305206,0,0,0,0,1,0,0,1.396660816,2.477380296,1.419887,74.77344242,168.3585874,93.03680927,102.2480499,410.2126253,129.3881901,0,0,0,0,1,0,0
20:22.7,1,1,1,1,1,1,1,826872,0.068052279,0.032278013,0.046607931,0.021307739,0.028682194,0.026901956,-0.000387865,0.000235263,-0.000336998,0,0,0,0,1,0,0,1.396970775,2.475179393,1.41892427,74.7799752,168.3541927,93.03038247,102.2818253,409.8501979,129.277835,0,0,0,0,1,0,0
20:22.8,1,1,1,1,1,1,1,826873,0.066972016,0.03283802,0.046045692,0.021534183,0.028783486,0.026648329,-0.000378328,0.000241621,-0.000330639,0,0,0,0,1,0,0,1.398899839,2.471886308,1.417584065,74.77773834,168.3457055,93.02199374,102.4284801,409.2823784,129.1113718,0,0,0,0,1,0,0
20:22.8,1,1,1,1,1,1,1,826874,0.066268262,0.033621854,0.045761982,0.021398604,0.029151876,0.02672104,-0.000384686,0.000276593,-0.000324281,0,0,0,0,1,0,0,1.400077128,2.469490662,1.4168565,74.77756679,168.3277366,93.01065494,102.4908755,408.8879354,129.0174762,0,0,0,0,1,0,0
20:22.9,1,1,1,1,1,1,1,826875,0.065913568,0.033621854,0.045246821,0.021489085,0.029416898,0.02657542,-0.000387865,0.000282951,-0.000324281,0,0,0,0,1,0,0,1.402429565,2.46647207,1.416905054,74.77267104,168.3242838,93.01310959,102.6579307,408.3865944,129.0133195,0,0,0,0,1,0,0
20:23.0,1,1,1,1,1,1,1,826876,0.066228946,0.033853466,0.045246821,0.021624096,0.029151876,0.026318647,-0.000397403,0.000282951,-0.000314743,0,0,0,0,1,0,0,1.402463202,2.463134215,1.417538567,74.76039512,168.2955842,92.99555925,102.6527833,407.7266569,129.0510734,0,0,0,0,1,0,0
20:23.0,1,1,1,1,1,1,1,826877,0.066228946,0.033930318,0.045189218,0.021847261,0.029118578,0.026244821,-0.000391045,0.000267055,-0.000311564,0,0,0,0,1,0,0,1.401296696,2.463128106,1.417207143,74.76618048,168.2944138,92.99587217,102.5675183,407.708345,129.0207738,0,0,0,0,1,0,0
20:23.1,1,1,1,1,1,1,1,826878,0.066228946,0.034387826,0.045590908,0.022199659,0.029218357,0.026096544,-0.000397403,0.000270234,-0.000292489,0,0,0,0,1,0,0,1.400158775,2.462978651,1.416891865,74.75225787,168.2812157,92.99817714,102.4430205,407.6337959,128.978035,0,0,0,0,1,0,0
20:23.1,1,1,1,1,1,1,1,826879,0.066425296,0.03468948,0.04541919,0.021980072,0.029383901,0.026207831,-0.000400582,0.000282951,-0.000305206,0,0,0,0,1,0,0,1.401716713,2.462547613,1.415335398,74.75715792,168.2938601,93.01620066,102.5556854,407.637429,128.8929992,0,0,0,0,1,0,0
20:23.1,1,1,1,1,1,1,1,826880,0.066307556,0.034914009,0.045648004,0.022068169,0.029185135,0.026757321,-0.000403762,0.00028613,-0.000333819,0,0,0,0,1,0,0,1.405284054,2.460185697,1.41500638,74.75465952,168.2846136,93.01580017,102.8010957,407.2369978,128.8702104,0,0,0,0,1,0,0
20:23.1,1,1,1,1,1,1,1,826881,0.065834487,0.03468948,0.04495807,0.022460329,0.029515668,0.026392265,-0.00041012,0.000308385,-0.000336998,0,0,0,0,1,0,0,1.407714653,2.459004118,1.41652264,74.75933358,168.2929574,93.02490651,102.9758348,407.1133931,129.0300372,0,0,0,0,1,0,0
20:23.2,1,1,1,1,1,1,1,826882,0.064676955,0.035579098,0.045015968,0.022373777,0.02984254,0.026170788,-0.000384686,0.000324281,-0.00032746,0,0,0,0,1,0,0,1.41175133,2.456055121,1.41879297,74.76820329,168.3149875,93.03155938,103.3005963,406.6901238,129.2350893,0,0,0,0,1,0,0
20:23.3,1,1,1,1,1,1,1,826883,0.065238328,0.034839327,0.045476502,0.022112086,0.029646849,0.025797434,-0.00036879,0.000298847,-0.000343356,0,0,0,0,1,0,0,1.411943402,2.454992746,1.41916213,74.78209748,168.339454,93.04523751,103.3328851,406.59539,129.3078138,0,0,0,0,1,0,0
20:23.3,1,1,1,1,1,1,1,826884,0.065755312,0.034236003,0.045818864,0.022199659,0.02925154,0.025722113,-0.000365611,0.000273413,-0.000375149,0,0,0,0,1,0,0,1.411382283,2.453395615,1.418620391,74.79221089,168.3628752,93.05127662,103.3339689,406.3279599,129.2615307,0,0,0,0,1,0,0
20:23.4,1,1,1,1,1,1,1,826885,0.065477443,0.034914009,0.04598909,0.022286888,0.029118578,0.02564657,-0.000375149,0.000305206,-0.000391045,0,0,0,0,1,0,0,1.408811856,2.454109885,1.419570162,74.80513412,168.3831635,93.06017253,103.177629,406.4487567,129.3602538,0,0,0,0,1,0,0
20:23.4,1,1,1,1,1,1,1,826886,0.065477443,0.034839327,0.046045692,0.022155916,0.029383901,0.025722113,-0.000365611,0.00032746,-0.000413299,0,0,0,0,1,0,0,1.407352567,2.454587197,1.416746194,74.79812229,168.365045,93.04953164,103.0689226,406.545634,129.0744309,0,0,0,0,1,0,0
20:23.5,1,1,1,1,1,1,1,826887,0.06531813,0.034988532,0.04598909,0.022286888,0.02925154,0.025984781,-0.000403762,0.000349715,-0.000429195,0,0,0,0,1,0,0,1.409183733,2.455262692,1.415965934,74.78683731,168.3663608,93.05603861,103.1718489,406.6335835,129.0140686,0,0,0,0,1,0,0
20:23.6,1,1,1,1,1,1,1,826888,0.064878003,0.035285051,0.045648004,0.022632442,0.028749761,0.026096544,-0.000422837,0.00032746,-0.00045145,0,0,0,0,1,0,0,1.411567434,2.454676094,1.414067519,74.80227801,168.3849505,93.05918331,103.3860552,406.6091585,128.8540818,0,0,0,0,1,0,0
20:23.6,1,1,1,1,1,1,1,826889,0.065676041,0.034914009,0.045932418,0.022503481,0.028170276,0.025872536,-0.000419658,0.000305206,-0.000464167,0,0,0,0,1,0,0,1.412550192,2.453670445,1.414519695,74.79209408,168.3699806,93.0441724,103.459345,406.4157991,128.8804431,0,0,0,0,1,0,0
20:23.6,1,1,1,1,1,1,1,826890,0.065913568,0.035137104,0.04598909,0.022718009,0.028101316,0.025111412,-0.000419658,0.000298847,-0.000432375,0,0,0,0,1,0,0,1.41016292,2.454256809,1.415521463,74.80388407,168.3888826,93.0453407,103.3013785,406.5584163,128.990176,0,0,0,0,1,0,0
20:23.7,1,1,1,1,1,1,1,826891,0.065874039,0.034988532,0.046552012,0.022373777,0.027753943,0.025227044,-0.000429195,0.000292489,-0.000438733,0,0,0,0,1,0,0,1.4060234,2.45308253,1.416700552,74.80392165,168.4087759,93.05634072,102.9831713,406.3682877,129.0984165,0,0,0,0,1,0,0
20:23.7,1,1,1,1,1,1,1,826892,0.066071445,0.034538982,0.046045692,0.022675266,0.027718967,0.025034026,-0.000470525,0.000295668,-0.000413299,0,0,0,0,1,0,0,1.402844189,2.452649054,1.415287432,74.79337141,168.4010151,93.06045775,102.7179795,406.2363975,128.994109,0,0,0,0,1,0,0
20:23.7,1,1,1,1,1,1,1,826893,0.065238328,0.034538982,0.046102224,0.022803255,0.02792817,0.025342149,-0.000483242,0.000292489,-0.000400582,0,0,0,0,1,0,0,1.400343653,2.450740313,1.415009185,74.77141749,168.3649448,93.04205701,102.5121197,405.8152087,128.9530797,0,0,0,0,1,0,0
20:23.8,1,1,1,1,1,1,1,826894,0.064797659,0.03468948,0.046215082,0.022845759,0.027648881,0.024722064,-0.000502318,0.000298847,-0.000352894,0,0,0,0,1,0,0,1.398981348,2.451954906,1.416015804,74.76070704,168.3421898,93.03682454,102.3798809,405.9446906,129.039445,0,0,0,0,1,0,0
20:23.9,1,1,1,1,1,1,1,826895,0.064353972,0.034083503,0.046439974,0.02293053,0.027962885,0.024839509,-0.000505497,0.000295668,-0.000356073,0,0,0,0,1,0,0,1.399171036,2.451308251,1.414786116,74.75159661,168.3229529,93.0262408,102.3558537,405.8128911,128.9161484,0,0,0,0,1,0,0
20:23.9,1,1,1,1,1,1,1,826896,0.063662193,0.034236003,0.046439974,0.023266526,0.027893411,0.024525072,-0.000524572,0.000289309,-0.000340177,0,0,0,0,1,0,0,1.400433862,2.450153821,1.416387964,74.75754781,168.3473407,93.04339273,102.4390664,405.6336086,129.0789164,0,0,0,0,1,0,0
20:24.0,1,1,1,1,1,1,1,826897,0.063334035,0.034236003,0.046552012,0.023224793,0.027718967,0.024326485,-0.000515034,0.000260696,-0.000321102,0,0,0,0,1,0,0,1.399376209,2.448086149,1.415680344,74.75526169,168.3360589,93.03190376,102.3856755,405.2416991,129.0006952,0,0,0,0,1,0,0
20:24.0,1,1,1,1,1,1,1,826898,0.063210537,0.034006997,0.046327664,0.022803255,0.028239068,0.023802407,-0.000505497,0.000263876,-0.000273413,0,0,0,0,1,0,0,1.398267152,2.446889748,1.417915284,74.74808972,168.3232843,93.02823393,102.3072972,404.9719269,129.1898238,0,0,0,0,1,0,0
20:24.1,1,1,1,1,1,1,1,826899,0.062297401,0.033930318,0.046102224,0.022888184,0.02854658,0.023556592,-0.000502318,0.000270234,-0.000270234,0,0,0,0,1,0,0,1.398336177,2.445295371,1.419440961,74.7505834,168.3231929,93.03521892,102.3182708,404.6761101,129.3319472,0,0,0,0,1,0,0
20:24.2,1,1,1,1,1,1,1,826900,0.062255577,0.034311999,0.04598909,0.023099139,0.028410319,0.023720752,-0.000511855,0.000270234,-0.000282951,0,0,0,0,1,0,0,1.397856657,2.445750272,1.420044111,74.75400835,168.3293988,93.03857526,102.2811366,404.7452366,129.3606749,0,0,0,0,1,0,0
20:24.2,1,1,1,1,1,1,1,826901,0.062422706,0.033930318,0.045705028,0.023141099,0.028648351,0.023720752,-0.000515034,0.000267055,-0.00028613,0,0,0,0,1,0,0,1.39925708,2.445365433,1.419129093,74.75493259,168.3119353,93.02453153,102.3888064,404.6595341,129.2794821,0,0,0,0,1,0,0
20:24.2,1,1,1,1,1,1,1,826902,0.06275563,0.034006997,0.046552012,0.023224793,0.028682194,0.023924367,-0.000505497,0.000241621,-0.000321102,0,0,0,0,1,0,0,1.397268858,2.44448169,1.418185731,74.75133915,168.2984747,93.01686166,102.2352362,404.4748104,129.1526922,0,0,0,0,1,0,0
20:24.2,1,1,1,1,1,1,1,826903,0.063457293,0.034083503,0.046271407,0.023057102,0.02854658,0.023924367,-0.000518214,0.000241621,-0.00032746,0,0,0,0,1,0,0,1.397699507,2.4437305,1.416048388,74.76454704,168.3172595,93.02839241,102.2589326,404.4484637,128.9588564,0,0,0,0,1,0,0
20:24.3,1,1,1,1,1,1,1,826904,0.063743968,0.033232248,0.04541919,0.023182984,0.028951517,0.024406114,-0.000508676,0.000222546,-0.00032746,0,0,0,0,1,0,0,1.398895288,2.440418697,1.415413449,74.76743796,168.3229477,93.03440004,102.3685929,403.8972028,128.9134466,0,0,0,0,1,0,0
20:24.3,1,1,1,1,1,1,1,826905,0.064232435,0.03283802,0.045189218,0.023141099,0.028682194,0.024604058,-0.000495959,0.000200291,-0.000324281,0,0,0,0,1,0,0,1.399145387,2.437787951,1.414775186,74.77227399,168.3313462,93.0461565,102.4125281,403.5097518,128.9070346,0,0,0,0,1,0,0
20:24.4,1,1,1,1,1,1,1,826906,0.064394434,0.032519197,0.045073792,0.022760672,0.028682194,0.024800422,-0.000489601,0.00020347,-0.000314743,0,0,0,0,1,0,0,1.399080333,2.438337303,1.414006294,74.77100492,168.332711,93.05351874,102.4161989,403.6266936,128.8707539,0,0,0,0,1,0,0
20:24.5,1,1,1,1,1,1,1,826907,0.064313485,0.032439002,0.045875676,0.02293053,0.028783486,0.024800422,-0.000483242,0.000225725,-0.000352894,0,0,0,0,1,0,0,1.399182619,2.438701173,1.414330342,74.77512649,168.3439459,93.06718818,102.4153149,403.7385436,128.92824,0,0,0,0,1,0,0
20:24.5,1,1,1,1,1,1,1,826908,0.064636671,0.032519197,0.046102224,0.023057102,0.028580544,0.024917498,-0.000464167,0.000241621,-0.000391045,0,0,0,0,1,0,0,1.398602413,2.438833609,1.412779188,74.7771701,168.3536742,93.07529312,102.3494692,403.7614981,128.8226016,0,0,0,0,1,0,0
20:24.6,1,1,1,1,1,1,1,826909,0.064797659,0.033699235,0.046102224,0.023182984,0.028648351,0.024722064,-0.00049278,0.000263876,-0.000371969,0,0,0,0,1,0,0,1.397137742,2.439962086,1.411469177,74.77488829,168.3513906,93.07056519,102.2277238,403.95331,128.7068168,0,0,0,0,1,0,0
20:24.6,1,1,1,1,1,1,1,826910,0.064636671,0.033699235,0.046102224,0.022845759,0.029118578,0.025072749,-0.000464167,0.000289309,-0.000378328,0,0,0,0,1,0,0,1.396885937,2.437166745,1.410667534,74.76800614,168.3419266,93.07366398,102.2108991,403.495979,128.6408093,0,0,0,0,1,0,0
20:24.7,1,1,1,1,1,1,1,826911,0.064151282,0.034538982,0.046663782,0.022972798,0.029317795,0.025034026,-0.000441912,0.000298847,-0.000378328,0,0,0,0,1,0,0,1.397630658,2.437738323,1.410233355,74.77173062,168.3476233,93.07389912,102.2721144,403.5820351,128.5866529,0,0,0,0,1,0,0
20:24.7,1,1,1,1,1,1,1,826912,0.064515666,0.034083503,0.046158687,0.022888184,0.029018457,0.024995244,-0.000445091,0.000305206,-0.000362432,0,0,0,0,1,0,0,1.398358322,2.436358663,1.410618002,74.77448349,168.3597358,93.07780035,102.3376528,403.414008,128.6620503,0,0,0,0,1,0,0
20:24.8,1,1,1,1,1,1,1,826913,0.064515666,0.034006997,0.046886522,0.023224793,0.028985006,0.025342149,-0.000416478,0.000308385,-0.000359252,0,0,0,0,1,0,0,1.397391885,2.436722364,1.411885934,74.78012544,168.3744048,93.07543946,102.2705756,403.4357471,128.7908272,0,0,0,0,1,0,0
20:24.8,1,1,1,1,1,1,1,826914,0.064998334,0.03468948,0.047548482,0.023266526,0.028749761,0.025227044,-0.00041012,0.000336998,-0.000387865,0,0,0,0,1,0,0,1.39632343,2.4380503,1.413384947,74.78394636,168.3792485,93.06680407,102.1631102,403.6617334,128.9106383,0,0,0,0,1,0,0
20:24.8,1,1,1,1,1,1,1,826915,0.065517211,0.034764484,0.04841702,0.023057102,0.028749761,0.024956401,-0.000413299,0.00032746,-0.000375149,0,0,0,0,1,0,0,1.395759349,2.437861321,1.416056797,74.78436447,168.3878011,93.06476308,102.1258064,403.611554,129.1470985,0,0,0,0,1,0,0
20:24.9,1,1,1,1,1,1,1,826916,0.064837844,0.035505814,0.048470786,0.023597739,0.028444446,0.025034026,-0.000419658,0.000333819,-0.000384686,0,0,0,0,1,0,0,1.394861865,2.436897901,1.41684652,74.7859849,168.3900864,93.0632408,102.0405479,403.4618091,129.2294798,0,0,0,0,1,0,0
20:25.0,1,1,1,1,1,1,1,826917,0.064757449,0.036447008,0.047712537,0.023182984,0.028341943,0.025380402,-0.000413299,0.000343356,-0.00036879,0,0,0,0,1,0,0,1.393724816,2.43556482,1.416920811,74.796421,168.3977229,93.05718246,101.9813349,403.2833811,129.2136711,0,0,0,0,1,0,0
20:25.0,1,1,1,1,1,1,1,826918,0.064232435,0.036303797,0.047273792,0.023014989,0.028204693,0.025759801,-0.00041012,0.000356073,-0.000356073,0,0,0,0,1,0,0,1.393597728,2.436578181,1.417525792,74.79375424,168.3803876,93.04442744,101.9770352,403.3827292,129.2121845,0,0,0,0,1,0,0
20:25.1,1,1,1,1,1,1,1,826919,0.064394434,0.035725214,0.04787603,0.022718009,0.028032185,0.025910005,-0.00036879,0.000336998,-0.000375149,0,0,0,0,1,0,0,1.391719645,2.43287197,1.417293609,74.78699075,168.3659932,93.04187963,101.8368405,402.7462421,129.1782529,0,0,0,0,1,0,0
20:25.1,1,1,1,1,1,1,1,826920,0.064515666,0.035798048,0.048201353,0.02293053,0.027508173,0.025418596,-0.000375149,0.000317922,-0.000359252,0,0,0,0,1,0,0,1.391827983,2.435160793,1.414675649,74.77984395,168.3565686,93.03817353,101.8142091,403.0482487,128.9326455,0,0,0,0,1,0,0
20:25.2,1,1,1,1,1,1,1,826921,0.064596361,0.035505814,0.048093156,0.022589537,0.027188919,0.025265471,-0.000362432,0.00032746,-0.000365611,0,0,0,0,1,0,0,1.390500939,2.434889574,1.411975361,74.77570805,168.3479362,93.03006006,101.7212628,403.0009358,128.6806556,0,0,0,0,1,0,0
20:25.2,1,1,1,1,1,1,1,826922,0.064596361,0.035505814,0.048147285,0.02254655,0.027224576,0.025303839,-0.000362432,0.000340177,-0.000375149,0,0,0,0,1,0,0,1.390589081,2.438089954,1.410948923,74.77870595,168.3506907,93.02619767,101.7312295,403.5244979,128.5658818,0,0,0,0,1,0,0
20:25.3,1,1,1,1,1,1,1,826923,0.063703094,0.035798048,0.047163468,0.022330375,0.027188919,0.025227044,-0.000378328,0.000333819,-0.000378328,0,0,0,0,1,0,0,1.390277908,2.439409067,1.410516999,74.76690875,168.3261147,93.01910864,101.7036082,403.7738016,128.5177495,0,0,0,0,1,0,0
20:25.3,1,1,1,1,1,1,1,826924,0.063375148,0.035943274,0.046496027,0.021891621,0.027081664,0.025188559,-0.000378328,0.000308385,-0.000362432,0,0,0,0,1,0,0,1.38767767,2.439755219,1.407861301,74.76160219,168.3182692,93.01805725,101.5166388,403.8656076,128.2686663,0,0,0,0,1,0,0
20:25.3,1,1,1,1,1,1,1,826925,0.063169317,0.036087916,0.045705028,0.021935891,0.026937994,0.025418596,-0.000362432,0.000311564,-0.000394224,0,0,0,0,1,0,0,1.385963847,2.442455887,1.405640906,74.76175548,168.3122701,93.0182098,101.3484923,404.2884662,128.0283661,0,0,0,0,1,0,0
20:25.4,1,1,1,1,1,1,1,826926,0.064070027,0.035725214,0.046158687,0.021398604,0.027188919,0.025418596,-0.000352894,0.000279772,-0.000384686,0,0,0,0,1,0,0,1.384506813,2.443898423,1.402817957,74.75990914,168.2869297,92.99513203,101.2477842,404.4108241,127.695971,0,0,0,0,1,0,0
20:25.4,1,1,1,1,1,1,1,826927,0.064837844,0.034764484,0.046102224,0.021489085,0.027260187,0.025111412,-0.000330639,0.00028613,-0.000375149,0,0,0,0,1,0,0,1.384099974,2.445700569,1.400753742,74.74422821,168.2700832,92.99579919,101.2002237,404.6516841,127.5262845,0,0,0,0,1,0,0
20:25.5,1,1,1,1,1,1,1,826928,0.064998334,0.035579098,0.046383853,0.021668913,0.027188919,0.025380402,-0.000349715,0.000279772,-0.000400582,0,0,0,0,1,0,0,1.382561435,2.445501994,1.400735029,74.74688279,168.2854773,93.00415709,101.079233,404.7171683,127.5760656,0,0,0,0,1,0,0
20:25.6,1,1,1,1,1,1,1,826929,0.064998334,0.035798048,0.045761982,0.021891621,0.027295752,0.025456734,-0.000387865,0.000267055,-0.000403762,0,0,0,0,1,0,0,1.38159683,2.448992691,1.399927239,74.75202232,168.2904604,92.99916613,100.9922374,405.3721745,127.499717,0,0,0,0,1,0,0
20:25.6,1,1,1,1,1,1,1,826930,0.064998334,0.035652231,0.045131542,0.021534183,0.027613771,0.026022089,-0.000397403,0.000295668,-0.000419658,0,0,0,0,1,0,0,1.380212457,2.448019931,1.401406357,74.76223482,168.2949153,92.99291094,100.9004417,405.2837808,127.6139303,0,0,0,0,1,0,0
20:25.7,1,1,1,1,1,1,1,826931,0.065953073,0.035285051,0.045073792,0.021624096,0.027788876,0.026392265,-0.000387865,0.000289309,-0.000419658,0,0,0,0,1,0,0,1.380586273,2.44655688,1.401722934,74.751056,168.285138,92.99966189,100.8971496,405.0488651,127.654673,0,0,0,0,1,0,0
20:25.7,1,1,1,1,1,1,1,826932,0.065596674,0.035137104,0.045590908,0.021307739,0.027893411,0.02650231,-0.000359252,0.000276593,-0.000403762,0,0,0,0,1,0,0,1.380503258,2.445282087,1.399968939,74.75722124,168.2828067,92.99941791,100.9067775,404.8601423,127.4930944,0,0,0,0,1,0,0
20:25.8,1,1,1,1,1,1,1,826933,0.066503674,0.035870735,0.046158687,0.021624096,0.028101316,0.026684709,-0.000343356,0.000295668,-0.000406941,0,0,0,0,1,0,0,1.383897451,2.44443265,1.400509037,74.77171931,168.3105399,93.01408156,101.1701439,404.7589765,127.5448389,0,0,0,0,1,0,0
20:25.8,1,1,1,1,1,1,1,826934,0.066189606,0.035652231,0.046045692,0.021624096,0.028273401,0.026901956,-0.000317922,0.000314743,-0.00041012,0,0,0,0,1,0,0,1.387488497,2.446320997,1.401955514,74.78636707,168.3342803,93.032312,101.4639025,405.1400171,127.7160818,0,0,0,0,1,0,0
20:25.8,1,1,1,1,1,1,1,826935,0.065715688,0.035798048,0.045932418,0.021713637,0.028135817,0.02686587,-0.000333819,0.000321102,-0.000378328,0,0,0,0,1,0,0,1.390639549,2.445353804,1.403132567,74.79047792,168.3328436,93.03200698,101.7444237,405.023748,127.8325421,0,0,0,0,1,0,0
20:25.9,1,1,1,1,1,1,1,826936,0.065636369,0.036087916,0.045476502,0.021398604,0.028376152,0.026684709,-0.000324281,0.000349715,-0.000378328,0,0,0,0,1,0,0,1.39318056,2.445284681,1.405159804,74.7953421,168.3507497,93.04424835,101.9613392,405.1204373,128.0574181,0,0,0,0,1,0,0
20:25.9,1,1,1,1,1,1,1,826937,0.065038394,0.036160019,0.046215082,0.021032789,0.028170276,0.026937994,-0.000314743,0.000333819,-0.000397403,0,0,0,0,1,0,0,1.395419257,2.447004434,1.406979969,74.80558985,168.354987,93.04290744,102.1330371,405.4378189,128.1957213,0,0,0,0,1,0,0
20:26.0,1,1,1,1,1,1,1,826938,0.065676041,0.035579098,0.045932418,0.020847475,0.028273401,0.026648329,-0.000295668,0.000343356,-0.000362432,0,0,0,0,1,0,0,1.399513526,2.44776998,1.407652783,74.81348041,168.3744411,93.06072947,102.4438666,405.6513381,128.266698,0,0,0,0,1,0,0
20:26.0,1,1,1,1,1,1,1,826939,0.065636369,0.034764484,0.046045692,0.020613489,0.028951517,0.027117463,-0.000295668,0.000359252,-0.000362432,0,0,0,0,1,0,0,1.403962308,2.449796342,1.407273965,74.82039281,168.3777431,93.06428451,102.8082001,405.969236,128.2090874,0,0,0,0,1,0,0
20:26.1,1,1,1,1,1,1,1,826940,0.065636369,0.034311999,0.046997496,0.020566372,0.028648351,0.026793553,-0.000298847,0.000349715,-0.000359252,0,0,0,0,1,0,0,1.40753979,2.449739878,1.406654993,74.81870063,168.3816428,93.07190077,103.1178577,405.9217513,128.1902721,0,0,0,0,1,0,0
20:26.2,1,1,1,1,1,1,1,826941,0.064475281,0.034614313,0.047108209,0.020800888,0.028512576,0.02672104,-0.000311564,0.000340177,-0.000349715,0,0,0,0,1,0,0,1.409319376,2.452184798,1.407678042,74.82866322,168.3784371,93.06752943,103.2757681,406.2504529,128.2476134,0,0,0,0,1,0,0
20:26.2,1,1,1,1,1,1,1,826942,0.065278242,0.034988532,0.046383853,0.021489085,0.028478531,0.026937994,-0.000330639,0.000356073,-0.000356073,0,0,0,0,1,0,0,1.410752321,2.453770703,1.410461952,74.8352301,168.3937664,93.07613959,103.365955,406.4428703,128.4835276,0,0,0,0,1,0,0
20:26.3,1,1,1,1,1,1,1,826943,0.064958248,0.034311999,0.046719567,0.020800888,0.028341943,0.026793553,-0.000340177,0.00036879,-0.000375149,0,0,0,0,1,0,0,1.411051801,2.451911226,1.409095859,74.82888199,168.3761201,93.06514537,103.3811985,406.0908419,128.3443525,0,0,0,0,1,0,0
20:26.3,1,1,1,1,1,1,1,826944,0.064717215,0.035211155,0.046496027,0.021170711,0.028101316,0.026973983,-0.000381507,0.000365611,-0.000378328,0,0,0,0,1,0,0,1.411794482,2.448169362,1.407765445,74.82837059,168.3661533,93.05919355,103.4294915,405.4202542,128.2118858,0,0,0,0,1,0,0
20:26.4,1,1,1,1,1,1,1,826945,0.06519839,0.035943274,0.047108209,0.021170711,0.02854658,0.026757321,-0.000371969,0.000375149,-0.000387865,0,0,0,0,1,0,0,1.413051658,2.448276465,1.405532898,74.82749872,168.3674196,93.05578888,103.5084968,405.3802876,128.0130547,0,0,0,0,1,0,0
20:26.4,1,1,1,1,1,1,1,826946,0.065874039,0.035725214,0.047218662,0.02175827,0.028135817,0.02672104,-0.00036879,0.000349715,-0.000381507,0,0,0,0,1,0,0,1.4143335,2.447927262,1.404394185,74.82382369,168.3638586,93.05766803,103.5851415,405.2590675,127.9081403,0,0,0,0,1,0,0
20:26.4,1,1,1,1,1,1,1,826947,0.066150242,0.035579098,0.046439974,0.022243316,0.028444446,0.02657542,-0.00041012,0.000352894,-0.000356073,0,0,0,0,1,0,0,1.416163201,2.444247023,1.404475788,74.8278284,168.3654367,93.05420096,103.7217674,404.642582,127.9038739,0,0,0,0,1,0,0
20:26.5,1,1,1,1,1,1,1,826948,0.065357995,0.035579098,0.046158687,0.022503481,0.028273401,0.026465679,-0.000422837,0.000356073,-0.000362432,0,0,0,0,1,0,0,1.417100805,2.442298542,1.402957648,74.83527207,168.3600581,93.04203801,103.8372504,404.237015,127.7388567,0,0,0,0,1,0,0
20:26.5,1,1,1,1,1,1,1,826949,0.064998334,0.035943274,0.046327664,0.022845759,0.027295752,0.026170788,-0.000387865,0.000336998,-0.000375149,0,0,0,0,1,0,0,1.41696652,2.43888726,1.403715333,74.83161251,168.3717622,93.05124381,103.8256929,403.6629112,127.8599184,0,0,0,0,1,0,0
20:26.6,1,1,1,1,1,1,1,826950,0.066150242,0.036160019,0.045705028,0.022675266,0.027472884,0.025759801,-0.000375149,0.000324281,-0.00036879,0,0,0,0,1,0,0,1.41648013,2.440388825,1.403307934,74.83980521,168.3741568,93.04722252,103.7743053,403.8940235,127.8067854,0,0,0,0,1,0,0
20:26.6,1,1,1,1,1,1,1,826951,0.066777273,0.03623198,0.045590908,0.022417095,0.027402168,0.025303839,-0.000371969,0.000321102,-0.000375149,0,0,0,0,1,0,0,1.416574009,2.439242506,1.401596689,74.85805329,168.4115804,93.05957426,103.805825,403.8432296,127.6976756,0,0,0,0,1,0,0
20:26.7,1,1,1,1,1,1,1,826952,0.066464497,0.037014311,0.045932418,0.022024165,0.027472884,0.025265471,-0.000365611,0.000346536,-0.000387865,0,0,0,0,1,0,0,1.417474387,2.437933257,1.39910935,74.85057695,168.3947706,93.05446295,103.8886994,403.6626633,127.4897702,0,0,0,0,1,0,0
20:26.8,1,1,1,1,1,1,1,826953,0.066386073,0.036660776,0.04541919,0.022330375,0.027260187,0.024956401,-0.00036879,0.000330639,-0.000359252,0,0,0,0,1,0,0,1.416743978,2.441180384,1.401074068,74.84929759,168.4020796,93.06814385,103.8429764,404.2263564,127.6936682,0,0,0,0,1,0,0
20:26.8,1,1,1,1,1,1,1,826954,0.066933112,0.036087916,0.046045692,0.022503481,0.027402168,0.024485484,-0.000384686,0.000333819,-0.000356073,0,0,0,0,1,0,0,1.416814248,2.444151353,1.404183268,74.84448814,168.3917274,93.05437565,103.8633189,404.6931373,127.970473,0,0,0,0,1,0,0
20:26.9,1,1,1,1,1,1,1,826955,0.067127403,0.035505814,0.045761982,0.022632442,0.026793553,0.024366332,-0.000378328,0.000317922,-0.000356073,0,0,0,0,1,0,0,1.415895463,2.444859787,1.404445114,74.84439316,168.3999292,93.05453673,103.7949515,404.9103861,127.9874755,0,0,0,0,1,0,0
20:26.9,1,1,1,1,1,1,1,826956,0.066071445,0.035579098,0.045533741,0.022760672,0.026684709,0.025111412,-0.000403762,0.000340177,-0.000362432,0,0,0,0,1,0,0,1.414463841,2.444855525,1.405300675,74.85462787,168.415399,93.05911759,103.7161735,404.9485941,128.0791473,0,0,0,0,1,0,0
20:27.0,1,1,1,1,1,1,1,826957,0.065278242,0.035505814,0.04530435,0.022675266,0.026465679,0.024956401,-0.000391045,0.000343356,-0.000356073,0,0,0,0,1,0,0,1.411056313,2.446310362,1.403644584,74.84546376,168.4024249,93.05117258,103.4526119,405.1734549,127.9342116,0,0,0,0,1,0,0
20:27.0,1,1,1,1,1,1,1,826958,0.065477443,0.035432379,0.045533741,0.022718009,0.026684709,0.024995244,-0.00041012,0.000352894,-0.000375149,0,0,0,0,1,0,0,1.409970811,2.44764728,1.404598477,74.83573757,168.3899981,93.04247881,103.3455614,405.3958941,128.0310211,0,0,0,0,1,0,0
20:27.0,1,1,1,1,1,1,1,826959,0.064958248,0.034839327,0.045015968,0.022286888,0.02672104,0.024722064,-0.00041012,0.00036879,-0.000333819,0,0,0,0,1,0,0,1.409469378,2.44874593,1.405143445,74.84616113,168.3804394,93.02871782,103.3169756,405.5822995,128.0512035,0,0,0,0,1,0,0
20:27.1,1,1,1,1,1,1,1,826960,0.064556026,0.035062897,0.045590908,0.022243316,0.026392265,0.025265471,-0.000426016,0.000371969,-0.000349715,0,0,0,0,1,0,0,1.408555357,2.448342175,1.407206333,74.8363092,168.3655458,93.02379052,103.2547459,405.5181534,128.2392787,0,0,0,0,1,0,0
20:27.1,1,1,1,1,1,1,1,826961,0.063866435,0.035062897,0.045015968,0.022675266,0.0266119,0.025494814,-0.000454629,0.000375149,-0.000343356,0,0,0,0,1,0,0,1.407577622,2.449871254,1.409878045,74.81493843,168.3372072,93.01279898,103.1623649,405.7159613,128.4730585,0,0,0,0,1,0,0
20:27.2,1,1,1,1,1,1,1,826962,0.063375148,0.034839327,0.044374931,0.02293053,0.026465679,0.025303839,-0.00049278,0.000365611,-0.000305206,0,0,0,0,1,0,0,1.406372864,2.451356641,1.411355521,74.8120392,168.3364055,93.01112467,103.0699516,405.996677,128.6182028,0,0,0,0,1,0,0
20:27.2,1,1,1,1,1,1,1,826963,0.063703094,0.034988532,0.04419849,0.022632442,0.026355482,0.025342149,-0.000483242,0.000378328,-0.000279772,0,0,0,0,1,0,0,1.407268252,2.449938584,1.409928247,74.80956484,168.3228762,92.99295712,103.1361367,405.7246354,128.4621016,0,0,0,0,1,0,0
20:27.3,1,1,1,1,1,1,1,826964,0.06394795,0.034387826,0.04443359,0.022417095,0.026465679,0.025835012,-0.000432375,0.000356073,-0.000289309,0,0,0,0,1,0,0,1.40716028,2.452593818,1.406139367,74.81580365,168.3544663,93.01132821,103.1061394,406.2476328,128.114002,0,0,0,0,1,0,0
20:27.4,1,1,1,1,1,1,1,826965,0.063621266,0.034236003,0.044257382,0.022286888,0.026829736,0.025532838,-0.000445091,0.00036879,-0.000267055,0,0,0,0,1,0,0,1.406737774,2.452501309,1.40606386,74.82699827,168.3599541,93.00968784,103.0965632,406.2032098,128.0872167,0,0,0,0,1,0,0
20:27.4,1,1,1,1,1,1,1,826966,0.063539332,0.034083503,0.043843476,0.022330375,0.027081664,0.024956401,-0.000457808,0.000378328,-0.0002448,0,0,0,0,1,0,0,1.408273637,2.453267738,1.406340937,74.83333839,168.365493,93.0162997,103.2102672,406.3573732,128.1031025,0,0,0,0,1,0,0
20:27.5,1,1,1,1,1,1,1,826967,0.064191871,0.035062897,0.043962132,0.022460329,0.027366742,0.025227044,-0.00045145,0.000387865,-0.000260696,0,0,0,0,1,0,0,1.410591992,2.453344181,1.407500281,74.84243398,168.3867524,93.02948521,103.3921036,406.4073992,128.2304366,0,0,0,0,1,0,0
20:27.5,1,1,1,1,1,1,1,826968,0.065477443,0.034988532,0.044667452,0.022068169,0.027009924,0.024917498,-0.000441912,0.000365611,-0.000251159,0,0,0,0,1,0,0,1.411451486,2.453464498,1.406134369,74.84674556,168.3987965,93.03675471,103.4664108,406.478801,128.0867857,0,0,0,0,1,0,0
20:27.5,1,1,1,1,1,1,1,826969,0.066346826,0.035798048,0.045246821,0.022155916,0.027188919,0.025034026,-0.000467346,0.000371969,-0.000273413,0,0,0,0,1,0,0,1.410901043,2.457009621,1.406450647,74.83784142,168.397105,93.04675392,103.4286763,406.9942314,128.1233326,0,0,0,0,1,0,0
20:27.6,1,1,1,1,1,1,1,826970,0.065874039,0.036087916,0.044316196,0.022718009,0.027543417,0.024995244,-0.000460988,0.000375149,-0.000267055,0,0,0,0,1,0,0,1.411296465,2.457559626,1.406203228,74.83702262,168.4015824,93.04767197,103.4512608,407.0746147,128.1161784,0,0,0,0,1,0,0
20:27.6,1,1,1,1,1,1,1,826971,0.066110855,0.036160019,0.044725727,0.022803255,0.02733127,0.024878534,-0.000445091,0.000387865,-0.0002448,0,0,0,0,1,0,0,1.410157687,2.457760755,1.406062448,74.83422375,168.4132856,93.06136109,103.3598047,407.1193472,128.1351298,0,0,0,0,1,0,0
20:27.7,1,1,1,1,1,1,1,826972,0.066777273,0.036160019,0.04530435,0.022760672,0.027472884,0.024917498,-0.00041012,0.000378328,-0.00024798,0,0,0,0,1,0,0,1.408425703,2.457513466,1.407000656,74.838737,168.4164248,93.05907475,103.2419774,407.0819506,128.2322904,0,0,0,0,1,0,0
20:27.7,1,1,1,1,1,1,1,826973,0.066150242,0.036873304,0.045705028,0.023014989,0.027295752,0.025034026,-0.000416478,0.000356073,-0.000273413,0,0,0,0,1,0,0,1.406444784,2.45805088,1.409024617,74.83648662,168.432696,93.07601086,103.0831501,407.1790984,128.4406036,0,0,0,0,1,0,0
20:27.8,1,1,1,1,1,1,1,826974,0.066110855,0.036873304,0.045189218,0.023182984,0.027295752,0.024761274,-0.000429195,0.000375149,-0.000267055,0,0,0,0,1,0,0,1.406061068,2.455847739,1.411937061,74.8302733,168.4203216,93.07738789,103.0556933,406.7859453,128.721956,0,0,0,0,1,0,0
20:27.9,1,1,1,1,1,1,1,826975,0.065874039,0.037780446,0.044725727,0.023266526,0.027260187,0.025303839,-0.000426016,0.000394224,-0.000279772,0,0,0,0,1,0,0,1.404752929,2.455750873,1.415014269,74.81297193,168.4093416,93.08107343,102.939092,406.7183972,129.030802,0,0,0,0,1,0,0
20:27.9,1,1,1,1,1,1,1,826976,0.065715688,0.03819186,0.045131542,0.022760672,0.027224576,0.025150015,-0.000391045,0.000378328,-0.000292489,0,0,0,0,1,0,0,1.400681414,2.454517173,1.415258629,74.7921278,168.3826996,93.06542005,102.6120195,406.4579621,129.0342109,0,0,0,0,1,0,0
20:28.0,1,1,1,1,1,1,1,826977,0.066032011,0.037503662,0.045648004,0.022718009,0.026937994,0.024722064,-0.000403762,0.000362432,-0.000276593,0,0,0,0,1,0,0,1.398048153,2.454381576,1.414360451,74.78785601,168.3773012,93.05834415,102.4126987,406.4287446,128.9479444,0,0,0,0,1,0,0
20:28.0,1,1,1,1,1,1,1,826978,0.065278242,0.03791808,0.04530435,0.022972798,0.027613771,0.024878534,-0.000400582,0.000391045,-0.000276593,0,0,0,0,1,0,0,1.394284323,2.453295355,1.416021527,74.78235981,168.3635648,93.05509068,102.125075,406.2270315,129.1216545,0,0,0,0,1,0,0
20:28.1,1,1,1,1,1,1,1,826979,0.065118441,0.037364501,0.045131542,0.023266526,0.028273401,0.024956401,-0.000394224,0.000391045,-0.000282951,0,0,0,0,1,0,0,1.393973352,2.453160877,1.415252669,74.79194683,168.3889429,93.06813132,102.0880649,406.2067022,129.0613146,0,0,0,0,1,0,0
20:28.1,1,1,1,1,1,1,1,826980,0.06531813,0.036518403,0.045705028,0.022845759,0.028101316,0.024604058,-0.00036879,0.000384686,-0.000276593,0,0,0,0,1,0,0,1.391983093,2.455802021,1.415337969,74.79794371,168.4022622,93.07580284,101.9406304,406.6890424,129.1027767,0,0,0,0,1,0,0
20:28.1,1,1,1,1,1,1,1,826981,0.065874039,0.037084614,0.045705028,0.022330375,0.028204693,0.024878534,-0.00036879,0.000384686,-0.00032746,0,0,0,0,1,0,0,1.39106268,2.455224751,1.415956065,74.80476561,168.404094,93.06574275,101.8697838,406.5774781,129.1280155,0,0,0,0,1,0,0
20:28.2,1,1,1,1,1,1,1,826982,0.065477443,0.036660776,0.045533741,0.022112086,0.028239068,0.024761274,-0.000346536,0.000387865,-0.000340177,0,0,0,0,1,0,0,1.391162019,2.454524014,1.415243145,74.80797617,168.4082052,93.06410671,101.8812991,406.4880362,129.039911,0,0,0,0,1,0,0
20:28.2,1,1,1,1,1,1,1,826983,0.06531813,0.035725214,0.045073792,0.021847261,0.028614468,0.024485484,-0.000349715,0.000384686,-0.000336998,0,0,0,0,1,0,0,1.389308662,2.455907369,1.414299238,74.82465847,168.4182266,93.05748774,101.7658817,406.7643703,128.9697466,0,0,0,0,1,0,0
20:28.3,1,1,1,1,1,1,1,826984,0.064998334,0.035870735,0.045189218,0.021713637,0.028580544,0.024406114,-0.000375149,0.000362432,-0.000346536,0,0,0,0,1,0,0,1.387097451,2.455013042,1.411302323,74.82470568,168.4046403,93.03758381,101.5969974,406.5495466,128.6712508,0,0,0,0,1,0,0
20:28.3,1,1,1,1,1,1,1,826985,0.064958248,0.034764484,0.046663782,0.021534183,0.028715998,0.023924367,-0.000359252,0.000333819,-0.000333819,0,0,0,0,1,0,0,1.385061686,2.456394949,1.406587978,74.82715007,168.4069247,93.03898662,101.4499487,406.7509373,128.2602864,0,0,0,0,1,0,0
20:28.4,1,1,1,1,1,1,1,826986,0.064918138,0.034463487,0.047438797,0.021668913,0.028648351,0.024045709,-0.000365611,0.000333819,-0.000343356,0,0,0,0,1,0,0,1.387076691,2.457431043,1.405081713,74.832022,168.4267529,93.04889873,101.5996797,406.9665774,128.1410169,0,0,0,0,1,0,0
20:28.5,1,1,1,1,1,1,1,826987,0.065118441,0.034463487,0.047548482,0.022199659,0.02854658,0.024366332,-0.000403762,0.000330639,-0.000362432,0,0,0,0,1,0,0,1.388792267,2.45561653,1.40426977,74.83094551,168.4210953,93.04832453,101.7290037,406.6625349,128.0612252,0,0,0,0,1,0,0
20:28.5,1,1,1,1,1,1,1,826988,0.065437651,0.034083503,0.048147285,0.022330375,0.027753943,0.024445831,-0.000378328,0.000270234,-0.000356073,0,0,0,0,1,0,0,1.389679823,2.45516629,1.401284981,74.82611771,168.41932,93.04216053,101.7664947,406.563339,127.7418783,0,0,0,0,1,0,0
20:28.6,1,1,1,1,1,1,1,826989,0.065357995,0.034538982,0.048147285,0.022373777,0.027188919,0.024206551,-0.000391045,0.000257517,-0.000356073,0,0,0,0,1,0,0,1.390479294,2.452977073,1.398619971,74.81903302,168.4034571,93.0238687,101.8316968,406.1875429,127.4616043,0,0,0,0,1,0,0
20:28.6,1,1,1,1,1,1,1,826990,0.065596674,0.035432379,0.048038967,0.022460329,0.027260187,0.024206551,-0.000406941,0.000289309,-0.000356073,0,0,0,0,1,0,0,1.39311959,2.450419811,1.395055741,74.81654377,168.3977539,93.02417233,102.03406,405.7388681,127.1132232,0,0,0,0,1,0,0
20:28.6,1,1,1,1,1,1,1,826991,0.065913568,0.034914009,0.047438797,0.022460329,0.027260187,0.02408602,-0.000387865,0.000308385,-0.000324281,0,0,0,0,1,0,0,1.395357036,2.451034107,1.391373037,74.82554274,168.4059281,93.02645151,102.2332577,405.885275,126.7746436,0,0,0,0,1,0,0
20:28.6,1,1,1,1,1,1,1,826992,0.065596674,0.03468948,0.048201353,0.022675266,0.027224576,0.024005329,-0.000400582,0.000295668,-0.000346536,0,0,0,0,1,0,0,1.396277728,2.45166171,1.388553953,74.81846849,168.4084366,93.0326694,102.2666405,405.9785208,126.5280829,0,0,0,0,1,0,0
20:28.7,1,1,1,1,1,1,1,826993,0.066425296,0.034614313,0.048792143,0.023057102,0.027009924,0.024166441,-0.000387865,0.000289309,-0.000340177,0,0,0,0,1,0,0,1.400966933,2.449830165,1.38967875,74.81709565,168.4093993,93.0323045,102.5956821,405.6874225,126.6047612,0,0,0,0,1,0,0
20:28.8,1,1,1,1,1,1,1,826994,0.066307556,0.034839327,0.048845497,0.02334977,0.027117463,0.024246595,-0.000397403,0.000314743,-0.000336998,0,0,0,0,1,0,0,1.404291573,2.450457602,1.39087071,74.81649932,168.4072323,93.03383873,102.8577027,405.7966128,126.7153909,0,0,0,0,1,0,0
20:28.8,1,1,1,1,1,1,1,826995,0.066150242,0.035285051,0.04760323,0.023761614,0.027188919,0.024682791,-0.000448271,0.00032746,-0.000356073,0,0,0,0,1,0,0,1.408812062,2.447843077,1.393921995,74.81838687,168.3939639,93.02850122,103.2096115,405.4136077,126.987591,0,0,0,0,1,0,0
20:28.9,1,1,1,1,1,1,1,826996,0.067049755,0.034538982,0.047273792,0.023720752,0.027045818,0.024800422,-0.000457808,0.000314743,-0.000375149,0,0,0,0,1,0,0,1.410673441,2.448083307,1.394211923,74.83532342,168.4010244,93.02530262,103.3946939,405.4445667,126.9992862,0,0,0,0,1,0,0
20:28.9,1,1,1,1,1,1,1,826997,0.066933112,0.034839327,0.04760323,0.022972798,0.027081664,0.024722064,-0.000397403,0.000308385,-0.000384686,0,0,0,0,1,0,0,1.410872839,2.448966464,1.395475444,74.84190511,168.4077055,93.02404084,103.4031938,405.5707072,127.0984366,0,0,0,0,1,0,0
20:29.0,1,1,1,1,1,1,1,826998,0.066071445,0.035062897,0.046886522,0.023057102,0.027508173,0.024995244,-0.000435554,0.000352894,-0.000406941,0,0,0,0,1,0,0,1.412792037,2.448629649,1.397071024,74.85843527,168.419088,93.02993993,103.5690287,405.5122993,127.2690429,0,0,0,0,1,0,0
20:29.1,1,1,1,1,1,1,1,826999,0.066464497,0.035062897,0.047163468,0.022803255,0.027045818,0.024956401,-0.000435554,0.000362432,-0.000422837,0,0,0,0,1,0,0,1.413164402,2.447277653,1.39808979,74.85554958,168.4055264,93.02878187,103.5654407,405.2669871,127.3684336,0,0,0,0,1,0,0
20:29.1,1,1,1,1,1,1,1,827000,0.066307556,0.034463487,0.047657915,0.02293053,0.027153214,0.024800422,-0.000435554,0.000343356,-0.000419658,0,0,0,0,1,0,0,1.412342835,2.444125776,1.399132458,74.85394776,168.3954082,93.01875773,103.4952267,404.7086371,127.4325992,0,0,0,0,1,0,0
20:29.2,1,1,1,1,1,1,1,827001,0.06507843,0.034463487,0.04787603,0.023141099,0.027402168,0.024722064,-0.000454629,0.000317922,-0.00041012,0,0,0,0,1,0,0,1.414523073,2.440054605,1.399753988,74.84553115,168.3722401,93.0094103,103.6086313,403.966918,127.4589447,0,0,0,0,1,0,0
20:29.2,1,1,1,1,1,1,1,827002,0.065596674,0.035285051,0.047163468,0.023432718,0.027472884,0.024878534,-0.000499138,0.000346536,-0.000406941,0,0,0,0,1,0,0,1.417269281,2.43791023,1.401259312,74.84065712,168.3605818,93.00187647,103.8084596,403.5593328,127.5722094,0,0,0,0,1,0,0
20:29.2,1,1,1,1,1,1,1,827003,0.065715688,0.035358792,0.047052885,0.023182984,0.027753943,0.024839509,-0.000511855,0.00036879,-0.000429195,0,0,0,0,1,0,0,1.417732947,2.436942553,1.398879489,74.82867536,168.3439516,92.99944704,103.830076,403.3643177,127.3286887,0,0,0,0,1,0,0
20:29.3,1,1,1,1,1,1,1,827004,0.065992554,0.035725214,0.047383859,0.023057102,0.027997556,0.024445831,-0.000515034,0.000371969,-0.000394224,0,0,0,0,1,0,0,1.417320943,2.4341604,1.396635046,74.81774855,168.3279924,92.99817566,103.7895308,402.7918594,127.1094427,0,0,0,0,1,0,0
20:29.3,1,1,1,1,1,1,1,827005,0.065715688,0.035798048,0.04760323,0.023141099,0.02792817,0.024485484,-0.000505497,0.000375149,-0.000387865,0,0,0,0,1,0,0,1.415669379,2.432168145,1.394749211,74.81804244,168.3339482,92.99603487,103.6579132,402.375037,126.9272596,0,0,0,0,1,0,0
20:29.4,1,1,1,1,1,1,1,827006,0.065755312,0.036015668,0.047328858,0.023182984,0.028239068,0.024246595,-0.000489601,0.000375149,-0.000359252,0,0,0,0,1,0,0,1.413774046,2.429477963,1.39417699,74.7942419,168.3108009,92.99368451,103.4630269,401.8532906,126.8919901,0,0,0,0,1,0,0
20:29.4,1,1,1,1,1,1,1,827007,0.065477443,0.035579098,0.047657915,0.023014989,0.028066772,0.023843129,-0.000480063,0.000387865,-0.000343356,0,0,0,0,1,0,0,1.414408698,2.427797052,1.393404209,74.78479535,168.3004746,92.99362791,103.5131693,401.5350919,126.8450054,0,0,0,0,1,0,0
20:29.5,1,1,1,1,1,1,1,827008,0.065556954,0.036087916,0.047712537,0.022589537,0.028204693,0.023141099,-0.000460988,0.000406941,-0.000321102,0,0,0,0,1,0,0,1.41469247,2.426759279,1.392586229,74.75900723,168.2586952,92.97788921,103.4899849,401.2526892,126.740227,0,0,0,0,1,0,0
20:29.5,1,1,1,1,1,1,1,827009,0.065357995,0.035943274,0.047657915,0.022718009,0.029051869,0.023556592,-0.00045145,0.000413299,-0.000311564,0,0,0,0,1,0,0,1.415700759,2.425478136,1.394924625,74.75717391,168.2592023,92.98200605,103.5807314,401.0879844,126.9468969,0,0,0,0,1,0,0
20:29.6,1,1,1,1,1,1,1,827010,0.064998334,0.036447008,0.047108209,0.022589537,0.028783486,0.023843129,-0.000467346,0.000406941,-0.000308385,0,0,0,0,1,0,0,1.414994797,2.426582769,1.396680455,74.76045387,168.2830704,93.00206269,103.5157908,401.3427308,127.1450773,0,0,0,0,1,0,0
20:29.7,1,1,1,1,1,1,1,827011,0.064676955,0.036802597,0.04760323,0.022460329,0.028850815,0.023883783,-0.000448271,0.000438733,-0.000317922,0,0,0,0,1,0,0,1.414003094,2.42827382,1.399008934,74.75416241,168.2902443,93.01614108,103.4451754,401.6128534,127.3964974,0,0,0,0,1,0,0
20:29.7,1,1,1,1,1,1,1,827012,0.064394434,0.035870735,0.047767097,0.022373777,0.028580544,0.023802407,-0.000397403,0.000403762,-0.000302026,0,0,0,0,1,0,0,1.412673015,2.429239942,1.398850997,74.75372882,168.2834987,93.01751555,103.3627469,401.7921323,127.4145778,0,0,0,0,1,0,0
20:29.7,1,1,1,1,1,1,1,827013,0.06394795,0.036375473,0.047712537,0.022417095,0.028682194,0.023515373,-0.00036879,0.000416478,-0.000289309,0,0,0,0,1,0,0,1.411589166,2.430931288,1.400604858,74.76251262,168.2892901,93.0217882,103.306298,402.0576499,127.5981418,0,0,0,0,1,0,0
20:29.7,1,1,1,1,1,1,1,827014,0.063621266,0.035652231,0.047712537,0.022243316,0.028376152,0.023883783,-0.000330639,0.000391045,-0.000317922,0,0,0,0,1,0,0,1.412248264,2.43301092,1.403403447,74.76540165,168.3076827,93.03648182,103.3420806,402.4937578,127.8746403,0,0,0,0,1,0,0
20:29.8,1,1,1,1,1,1,1,827015,0.064353972,0.035432379,0.047767097,0.021891621,0.028478531,0.023515373,-0.000289309,0.000400582,-0.000317922,0,0,0,0,1,0,0,1.412740721,2.434969211,1.405797962,74.76921756,168.3113265,93.04344901,103.355212,402.8778201,128.0865034,0,0,0,0,1,0,0
20:29.9,1,1,1,1,1,1,1,827016,0.064353972,0.035285051,0.047712537,0.021579186,0.028170276,0.023432718,-0.000279772,0.000400582,-0.000336998,0,0,0,0,1,0,0,1.412995334,2.436177881,1.407874692,74.78517428,168.3331416,93.05544942,103.3891958,403.1716053,128.296807,0,0,0,0,1,0,0
20:29.9,1,1,1,1,1,1,1,827017,0.06402936,0.034764484,0.047052885,0.02175827,0.028410319,0.023391281,-0.00028613,0.000381507,-0.000333819,0,0,0,0,1,0,0,1.413065381,2.436586494,1.409173258,74.79033232,168.3389239,93.06892993,103.3957508,403.297213,128.4250115,0,0,0,0,1,0,0
20:30.0,1,1,1,1,1,1,1,827018,0.06394795,0.033699235,0.047383859,0.022068169,0.02792817,0.023720752,-0.000289309,0.000346536,-0.000336998,0,0,0,0,1,0,0,1.413515888,2.43722423,1.412234591,74.81004878,168.3801342,93.08778376,103.4731943,403.4823049,128.6751899,0,0,0,0,1,0,0
20:30.0,1,1,1,1,1,1,1,827019,0.063210537,0.033544295,0.047163468,0.022024165,0.027753943,0.022972798,-0.000267055,0.000352894,-0.000305206,0,0,0,0,1,0,0,1.411880474,2.437594917,1.411640815,74.80819715,168.3899344,93.09644471,103.3588296,403.5753217,128.6101503,0,0,0,0,1,0,0
20:30.1,1,1,1,1,1,1,1,827020,0.063375148,0.032678998,0.047273792,0.022068169,0.02792817,0.022972798,-0.000257517,0.000340177,-0.000302026,0,0,0,0,1,0,0,1.414348029,2.436141051,1.410992817,74.80698948,168.3610508,93.06575699,103.5513152,403.2681935,128.5132021,0,0,0,0,1,0,0
20:30.1,1,1,1,1,1,1,1,827021,0.063825639,0.032197217,0.046886522,0.022243316,0.027683946,0.022845759,-0.0002448,0.00032746,-0.000305206,0,0,0,0,1,0,0,1.414473457,2.434886718,1.409356029,74.80345733,168.3387261,93.05085932,103.5579301,403.018609,128.3458327,0,0,0,0,1,0,0
20:30.2,1,1,1,1,1,1,1,827022,0.06402936,0.032197217,0.046383853,0.022199659,0.027683946,0.022632442,-0.000254338,0.00032746,-0.000305206,0,0,0,0,1,0,0,1.416133569,2.436463444,1.410465,74.82481756,168.376759,93.06824669,103.7073457,403.3344259,128.4389982,0,0,0,0,1,0,0
20:30.3,1,1,1,1,1,1,1,827023,0.06443487,0.031953603,0.046552012,0.022373777,0.027437549,0.022972798,-0.000260696,0.000302026,-0.000279772,0,0,0,0,1,0,0,1.416836819,2.43251175,1.409180241,74.81064755,168.3604453,93.06799412,103.7378875,402.6350646,128.3159067,0,0,0,0,1,0,0
20:30.3,1,1,1,1,1,1,1,827024,0.064110667,0.032678998,0.04541919,0.02254655,0.02733127,0.02293053,-0.00028613,0.000321102,-0.000279772,0,0,0,0,1,0,0,1.416201723,2.433035895,1.409260803,74.82277985,168.3675523,93.06251858,103.7119402,402.6808387,128.3161828,0,0,0,0,1,0,0
20:30.3,1,1,1,1,1,1,1,827025,0.064313485,0.032917244,0.04495807,0.022972798,0.026937994,0.023141099,-0.000333819,0.000302026,-0.000282951,0,0,0,0,1,0,0,1.417786735,2.433854598,1.407431074,74.80413978,168.3410796,93.04758621,103.8298602,402.689264,128.1341304,0,0,0,0,1,0,0
20:30.3,1,1,1,1,1,1,1,827026,0.064191871,0.033930318,0.04530435,0.023182984,0.027153214,0.023266526,-0.000349715,0.000321102,-0.00028613,0,0,0,0,1,0,0,1.419268534,2.434851077,1.403804632,74.80027502,168.327396,93.0367041,103.9368678,402.8261584,127.7635546,0,0,0,0,1,0,0
20:30.4,1,1,1,1,1,1,1,827027,0.064070027,0.03468948,0.044374931,0.023556592,0.027366742,0.023432718,-0.00036879,0.000349715,-0.000260696,0,0,0,0,1,0,0,1.419490885,2.436815737,1.399508812,74.80638696,168.3453684,93.03685582,103.9628969,403.1651849,127.3447442,0,0,0,0,1,0,0
20:30.5,1,1,1,1,1,1,1,827028,0.064353972,0.034764484,0.044021341,0.023515373,0.027788876,0.023597739,-0.000387865,0.000346536,-0.000251159,0,0,0,0,1,0,0,1.418941623,2.4372924,1.396607515,74.78646512,168.3326979,93.03887164,103.9034027,403.2568812,127.1454314,0,0,0,0,1,0,0
20:30.5,1,1,1,1,1,1,1,827029,0.065437651,0.034764484,0.044725727,0.02334977,0.027366742,0.023802407,-0.000406941,0.000324281,-0.000263876,0,0,0,0,1,0,0,1.41981981,2.43873941,1.395736732,74.79329117,168.3427228,93.03676489,103.9758661,403.5047201,127.1193086,0,0,0,0,1,0,0
20:30.6,1,1,1,1,1,1,1,827030,0.06531813,0.034764484,0.043962132,0.023638814,0.027613771,0.023843129,-0.000400582,0.000330639,-0.000257517,0,0,0,0,1,0,0,1.419187782,2.439748362,1.395293403,74.78986343,168.3606664,93.06237049,103.9206356,403.7429662,127.10832,0,0,0,0,1,0,0
20:30.6,1,1,1,1,1,1,1,827031,0.065874039,0.034614313,0.044492171,0.023182984,0.027508173,0.023679818,-0.000419658,0.000298847,-0.0002448,0,0,0,0,1,0,0,1.419904195,2.4423341,1.393591125,74.79548321,168.3877469,93.07726725,103.9784515,404.2273452,126.9647692,0,0,0,0,1,0,0
20:30.7,1,1,1,1,1,1,1,827032,0.065913568,0.035943274,0.044842049,0.022888184,0.027402168,0.023720752,-0.000422837,0.000324281,-0.000238442,0,0,0,0,1,0,0,1.418355421,2.440842507,1.39127967,74.78578661,168.3823448,93.07426742,103.8706731,403.9779592,126.7669757,0,0,0,0,1,0,0
20:30.7,1,1,1,1,1,1,1,827033,0.065437651,0.036303797,0.04419849,0.022718009,0.027648881,0.023883783,-0.000422837,0.000362432,-0.000270234,0,0,0,0,1,0,0,1.417950946,2.44308666,1.390735335,74.79400521,168.3945462,93.07148884,103.8558683,404.3874242,126.7013385,0,0,0,0,1,0,0
20:30.8,1,1,1,1,1,1,1,827034,0.065992554,0.036303797,0.044783926,0.022373777,0.027823765,0.023515373,-0.000394224,0.000352894,-0.000251159,0,0,0,0,1,0,0,1.420049819,2.441332844,1.388398936,74.77490446,168.382565,93.07355595,103.9894196,404.1361843,126.4874635,0,0,0,0,1,0,0
20:30.8,1,1,1,1,1,1,1,827035,0.066228946,0.035725214,0.045246821,0.021713637,0.028066772,0.023182984,-0.00036879,0.000346536,-0.000235263,0,0,0,0,1,0,0,1.420857459,2.440416801,1.38728228,74.78827999,168.3957215,93.07273014,104.0578898,404.068617,126.353258,0,0,0,0,1,0,0
20:30.8,1,1,1,1,1,1,1,827036,0.066855238,0.035579098,0.044609102,0.022199659,0.028204693,0.023099139,-0.00041012,0.000352894,-0.000209829,0,0,0,0,1,0,0,1.420975184,2.441295853,1.38900354,74.78979974,168.3977149,93.07487923,104.0858544,404.2148338,126.5182507,0,0,0,0,1,0,0
20:30.9,1,1,1,1,1,1,1,827037,0.067282432,0.035505814,0.04495807,0.021980072,0.02785861,0.023266526,-0.000397403,0.000340177,-0.000225725,0,0,0,0,1,0,0,1.421549516,2.442237388,1.392316214,74.7730093,168.3689327,93.0660908,104.1069167,404.3544704,126.8324148,0,0,0,0,1,0,0
20:30.9,1,1,1,1,1,1,1,827038,0.067127403,0.035870735,0.04530435,0.021802811,0.027472884,0.023141099,-0.000384686,0.000349715,-0.000228904,0,0,0,0,1,0,0,1.421762044,2.444478368,1.394110503,74.78230109,168.3663886,93.05708851,104.1203968,404.7152089,126.9744665,0,0,0,0,1,0,0
20:31.0,1,1,1,1,1,1,1,827039,0.066032011,0.036660776,0.044139519,0.022112086,0.027753943,0.023391281,-0.000400582,0.000384686,-0.000228904,0,0,0,0,1,0,0,1.421892213,2.445686836,1.394402704,74.77776527,168.3466567,93.04342065,104.118705,404.8923479,126.9482807,0,0,0,0,1,0,0
20:31.1,1,1,1,1,1,1,1,827040,0.065874039,0.037642308,0.044257382,0.021980072,0.027437549,0.023474082,-0.00041012,0.000397403,-0.000232083,0,0,0,0,1,0,0,1.421929052,2.44799725,1.394700774,74.77451584,168.3334852,93.0272464,104.1261724,405.2116862,126.9338921,0,0,0,0,1,0,0
20:31.1,1,1,1,1,1,1,1,827041,0.065834487,0.037573049,0.044257382,0.022286888,0.027295752,0.023638814,-0.000419658,0.000400582,-0.000241621,0,0,0,0,1,0,0,1.419965646,2.448020182,1.395780986,74.77793775,168.3303871,93.0190012,104.0059715,405.2338652,127.0242989,0,0,0,0,1,0,0
20:31.2,1,1,1,1,1,1,1,827042,0.065992554,0.036802597,0.043962132,0.022112086,0.027543417,0.023761614,-0.000435554,0.000394224,-0.00024798,0,0,0,0,1,0,0,1.421294094,2.447043968,1.397280056,74.77707616,168.3163985,93.01208285,104.0670399,405.0298663,127.169406,0,0,0,0,1,0,0
20:31.2,1,1,1,1,1,1,1,827043,0.065755312,0.036589659,0.04443359,0.022024165,0.027543417,0.023391281,-0.000460988,0.000365611,-0.000219367,0,0,0,0,1,0,0,1.420719455,2.446741893,1.397562602,74.77907996,168.3079207,93.00576724,104.0146791,404.9946984,127.1677247,0,0,0,0,1,0,0
20:31.3,1,1,1,1,1,1,1,827044,0.065038394,0.036518403,0.044783926,0.02254655,0.027472884,0.023761614,-0.000473704,0.000359252,-0.000225725,0,0,0,0,1,0,0,1.418512935,2.447010132,1.399120874,74.78591512,168.310889,93.00516362,103.8429339,405.1251169,127.305759,0,0,0,0,1,0,0
20:31.4,1,1,1,1,1,1,1,827045,0.064232435,0.037224821,0.044316196,0.022675266,0.028032185,0.023761614,-0.000470525,0.000400582,-0.000222546,0,0,0,0,1,0,0,1.416550004,2.44578717,1.401718038,74.78376977,168.3149216,93.01757488,103.6947782,404.9255708,127.5776914,0,0,0,0,1,0,0
20:31.4,1,1,1,1,1,1,1,827046,0.062880022,0.037014311,0.04495807,0.022112086,0.028032185,0.023761614,-0.000413299,0.000391045,-0.000228904,0,0,0,0,1,0,0,1.414921369,2.441394937,1.401607309,74.77074395,168.3043193,93.02215122,103.5399028,404.1827242,127.5763208,0,0,0,0,1,0,0
20:31.4,1,1,1,1,1,1,1,827047,0.06275563,0.036303797,0.044667452,0.022155916,0.028410319,0.023964882,-0.000413299,0.000381507,-0.000228904,0,0,0,0,1,0,0,1.413422215,2.439534568,1.401049811,74.78921557,168.3201706,93.0236606,103.46039,403.9116829,127.5395562,0,0,0,0,1,0,0
20:31.4,1,1,1,1,1,1,1,827048,0.063169317,0.036589659,0.04443359,0.022589537,0.028917989,0.023964882,-0.000435554,0.000378328,-0.000241621,0,0,0,0,1,0,0,1.411489111,2.43701664,1.399681208,74.78892244,168.316556,93.02248068,103.3179411,403.4665718,127.4218448,0,0,0,0,1,0,0
20:31.5,1,1,1,1,1,1,1,827049,0.063743968,0.035943274,0.045189218,0.022330375,0.028512576,0.023843129,-0.000419658,0.000352894,-0.000241621,0,0,0,0,1,0,0,1.410383731,2.437302822,1.398297782,74.79451892,168.3354202,93.03793699,103.2391115,403.5251394,127.3492266,0,0,0,0,1,0,0
20:31.5,1,1,1,1,1,1,1,827050,0.063292896,0.035505814,0.045361807,0.02254655,0.028783486,0.024166441,-0.000419658,0.000346536,-0.000254338,0,0,0,0,1,0,0,1.409703129,2.436348451,1.397589877,74.80225369,168.3555042,93.05182654,103.2004831,403.3760992,127.3300125,0,0,0,0,1,0,0
20:31.6,1,1,1,1,1,1,1,827051,0.063004168,0.036015668,0.044667452,0.022373777,0.029118578,0.024406114,-0.000406941,0.000340177,-0.00024798,0,0,0,0,1,0,0,1.411300464,2.43418773,1.398974653,74.80657127,168.3569296,93.06052825,103.3191377,403.0148249,127.4661031,0,0,0,0,1,0,0
20:31.7,1,1,1,1,1,1,1,827052,0.062171844,0.03623198,0.045246821,0.022589537,0.029018457,0.024326485,-0.00041012,0.00032746,-0.000254338,0,0,0,0,1,0,0,1.411503669,2.434640189,1.397765053,74.79323138,168.331627,93.0568148,103.313025,403.022555,127.3376324,0,0,0,0,1,0,0
20:31.7,1,1,1,1,1,1,1,827053,0.062672565,0.03623198,0.044374931,0.02293053,0.029185135,0.024839509,-0.000394224,0.000340177,-0.000282951,0,0,0,0,1,0,0,1.414340662,2.435607119,1.400166141,74.79912893,168.3421744,93.06803438,103.5396717,403.1746343,127.5866858,0,0,0,0,1,0,0
20:31.8,1,1,1,1,1,1,1,827054,0.063334035,0.036087916,0.044374931,0.022417095,0.029515668,0.024761274,-0.000387865,0.000352894,-0.000305206,0,0,0,0,1,0,0,1.415732547,2.437228505,1.400523147,74.79815616,168.3261052,93.0585298,103.6714216,403.3480091,127.6130094,0,0,0,0,1,0,0
20:31.8,1,1,1,1,1,1,1,827055,0.063662193,0.035358792,0.045073792,0.022503481,0.028614468,0.025072749,-0.000375149,0.000317922,-0.000340177,0,0,0,0,1,0,0,1.41839929,2.438632829,1.400572151,74.79485502,168.3376386,93.06646635,103.8729662,403.5995125,127.6567844,0,0,0,0,1,0,0
20:31.9,1,1,1,1,1,1,1,827056,0.063743968,0.035505814,0.044492171,0.022760672,0.028648351,0.025342149,-0.000413299,0.000336998,-0.000356073,0,0,0,0,1,0,0,1.421820667,2.440992125,1.401618105,74.8035096,168.3446683,93.06004772,104.1514215,403.9945209,127.7487063,0,0,0,0,1,0,0
20:31.9,1,1,1,1,1,1,1,827057,0.064353972,0.036015668,0.04541919,0.022675266,0.028444446,0.025227044,-0.000438733,0.000324281,-0.000391045,0,0,0,0,1,0,0,1.422784953,2.443414295,1.40160784,74.78920909,168.3355812,93.06286141,104.19376,404.2827798,127.7061071,0,0,0,0,1,0,0
20:31.9,1,1,1,1,1,1,1,827058,0.064272973,0.035432379,0.044492171,0.022503481,0.028239068,0.025494814,-0.000406941,0.000321102,-0.000371969,0,0,0,0,1,0,0,1.42438438,2.444568599,1.403455531,74.78487364,168.3291951,93.06349381,104.3173907,404.4516427,127.8784875,0,0,0,0,1,0,0
20:32.0,1,1,1,1,1,1,1,827059,0.064353972,0.035943274,0.044021341,0.022675266,0.02854658,0.025418596,-0.000422837,0.000336998,-0.000378328,0,0,0,0,1,0,0,1.424688307,2.443201086,1.404259112,74.7774886,168.3115697,93.05313764,104.3317295,404.2292555,127.9188765,0,0,0,0,1,0,0
20:32.0,1,1,1,1,1,1,1,827060,0.064636671,0.035943274,0.04419849,0.022373777,0.028376152,0.025188559,-0.000429195,0.000346536,-0.000371969,0,0,0,0,1,0,0,1.426137367,2.441742025,1.404778253,74.76373585,168.2825824,93.0390632,104.4244071,403.9221311,127.9364051,0,0,0,0,1,0,0
20:32.1,1,1,1,1,1,1,1,827061,0.064515666,0.035798048,0.045131542,0.022718009,0.028341943,0.025111412,-0.000457808,0.000378328,-0.00036879,0,0,0,0,1,0,0,1.425950657,2.442163459,1.404836173,74.75168968,168.2799493,93.03438271,104.3825723,403.9711346,127.9066676,0,0,0,0,1,0,0
20:32.1,1,1,1,1,1,1,1,827062,0.064757449,0.035432379,0.044900097,0.022718009,0.028512576,0.025265471,-0.000454629,0.000378328,-0.00036879,0,0,0,0,1,0,0,1.426514364,2.441386665,1.406887639,74.76428265,168.3097857,93.03635811,104.4751658,403.9304063,128.110526,0,0,0,0,1,0,0
20:32.2,1,1,1,1,1,1,1,827063,0.064272973,0.035358792,0.045648004,0.022417095,0.028135817,0.024761274,-0.000457808,0.000362432,-0.000340177,0,0,0,0,1,0,0,1.425259823,2.439939329,1.406254444,74.74702871,168.299416,93.03229133,104.363328,403.6672445,128.065113,0,0,0,0,1,0,0
20:32.3,1,1,1,1,1,1,1,827064,0.063825639,0.035579098,0.045015968,0.022718009,0.028273401,0.025111412,-0.000476884,0.000371969,-0.000321102,0,0,0,0,1,0,0,1.427232472,2.438295541,1.407108905,74.75055128,168.3185394,93.04504729,104.4984938,403.4203202,128.1668733,0,0,0,0,1,0,0
20:32.3,1,1,1,1,1,1,1,827065,0.064717215,0.035943274,0.045015968,0.022718009,0.028648351,0.024917498,-0.000502318,0.00036879,-0.000298847,0,0,0,0,1,0,0,1.426536274,2.439004734,1.406646175,74.75476798,168.3170611,93.04055701,104.460207,403.5423908,128.1205626,0,0,0,0,1,0,0
20:32.4,1,1,1,1,1,1,1,827066,0.064837844,0.035798048,0.044783926,0.022803255,0.028648351,0.024761274,-0.000511855,0.000346536,-0.000276593,0,0,0,0,1,0,0,1.424899048,2.439438977,1.406342583,74.74576472,168.3062325,93.03558141,104.3174937,403.598784,128.0751424,0,0,0,0,1,0,0
20:32.4,1,1,1,1,1,1,1,827067,0.064110667,0.036375473,0.044550674,0.023099139,0.028648351,0.024956401,-0.000489601,0.000394224,-0.00024798,0,0,0,0,1,0,0,1.423438155,2.438875625,1.408291984,74.74760362,168.3157918,93.0373469,104.2329191,403.5936466,128.2790639,0,0,0,0,1,0,0
20:32.5,1,1,1,1,1,1,1,827068,0.064394434,0.036660776,0.045590908,0.022718009,0.028512576,0.024604058,-0.000486421,0.000384686,-0.000270234,0,0,0,0,1,0,0,1.422116697,2.439494486,1.405815079,74.74996838,168.3196096,93.03570782,104.1425009,403.7545905,128.0510476,0,0,0,0,1,0,0
20:32.5,1,1,1,1,1,1,1,827069,0.064110667,0.036447008,0.046158687,0.022972798,0.028444446,0.024839509,-0.000511855,0.000387865,-0.000282951,0,0,0,0,1,0,0,1.420208368,2.439723204,1.406148423,74.7487546,168.3232509,93.04097893,104.0037743,403.7486199,128.0963559,0,0,0,0,1,0,0
20:32.5,1,1,1,1,1,1,1,827070,0.064515666,0.036375473,0.046496027,0.02293053,0.028307693,0.024761274,-0.000508676,0.000387865,-0.000295668,0,0,0,0,1,0,0,1.420292526,2.442967475,1.408161748,74.75599813,168.3387818,93.05004192,104.0009046,404.3615108,128.304151,0,0,0,0,1,0,0
20:32.6,1,1,1,1,1,1,1,827071,0.065158428,0.035798048,0.046383853,0.022503481,0.027893411,0.024445831,-0.000483242,0.000349715,-0.000295668,0,0,0,0,1,0,0,1.420389821,2.442738823,1.408844209,74.76257028,168.3392862,93.04423509,104.0172582,404.3915729,128.3892852,0,0,0,0,1,0,0
20:32.6,1,1,1,1,1,1,1,827072,0.065278242,0.036375473,0.04598909,0.022718009,0.027788876,0.024485484,-0.000489601,0.000375149,-0.000308385,0,0,0,0,1,0,0,1.418649827,2.44269878,1.407805151,74.76373271,168.3366365,93.04648022,103.874656,404.3596468,128.2763289,0,0,0,0,1,0,0
20:32.7,1,1,1,1,1,1,1,827073,0.066189606,0.036660776,0.045705028,0.023099139,0.027753943,0.024564597,-0.000530931,0.000384686,-0.000324281,0,0,0,0,1,0,0,1.416981226,2.443079059,1.406264675,74.77262857,168.3353566,93.0428797,103.7441292,404.4418108,128.1242458,0,0,0,0,1,0,0
20:32.8,1,1,1,1,1,1,1,827074,0.066738256,0.036303797,0.045932418,0.022675266,0.027437549,0.024643456,-0.000518214,0.000375149,-0.000359252,0,0,0,0,1,0,0,1.414168153,2.444431961,1.405920243,74.77492371,168.3374321,93.03824444,103.5412539,404.6126477,128.0795029,0,0,0,0,1,0,0
20:32.8,1,1,1,1,1,1,1,827075,0.065357995,0.036087916,0.045590908,0.022460329,0.027402168,0.024995244,-0.000495959,0.000394224,-0.000381507,0,0,0,0,1,0,0,1.413127539,2.440875926,1.405833607,74.77548153,168.3245179,93.02940287,103.454884,404.0084271,128.0445003,0,0,0,0,1,0,0
20:32.9,1,1,1,1,1,1,1,827076,0.065676041,0.035798048,0.046383853,0.02254655,0.026973983,0.025111412,-0.000473704,0.000394224,-0.000384686,0,0,0,0,1,0,0,1.412979665,2.438391429,1.405704672,74.78257058,168.3287412,93.02990328,103.4412249,403.5852996,128.0379873,0,0,0,0,1,0,0
20:32.9,1,1,1,1,1,1,1,827077,0.066032011,0.035211155,0.046663782,0.022286888,0.027009924,0.025034026,-0.000499138,0.000381507,-0.00041012,0,0,0,0,1,0,0,1.41520698,2.436409275,1.404965717,74.7889778,168.329555,93.02593939,103.5872919,403.2657374,127.9695659,0,0,0,0,1,0,0
20:33.0,1,1,1,1,1,1,1,827078,0.065992554,0.034538982,0.047108209,0.022632442,0.027045818,0.024917498,-0.000505497,0.000387865,-0.000397403,0,0,0,0,1,0,0,1.417195563,2.435686972,1.408195805,74.78977147,168.3414809,93.02984276,103.7250991,403.1420329,128.2683398,0,0,0,0,1,0,0
20:33.0,1,1,1,1,1,1,1,827079,0.066110855,0.035062897,0.046997496,0.02254655,0.026901956,0.024564597,-0.000460988,0.000384686,-0.000384686,0,0,0,0,1,0,0,1.418769776,2.434763104,1.411121796,74.80097221,168.3542568,93.03336203,103.853103,403.0299776,128.545053,0,0,0,0,1,0,0
20:33.0,1,1,1,1,1,1,1,827080,0.066228946,0.035505814,0.046775285,0.022760672,0.02686587,0.024525072,-0.000464167,0.000391045,-0.000371969,0,0,0,0,1,0,0,1.417515935,2.43069554,1.411633961,74.80786987,168.3616798,93.03969094,103.7894583,402.3583213,128.6004894,0,0,0,0,1,0,0
20:33.1,1,1,1,1,1,1,1,827081,0.065913568,0.035505814,0.046719567,0.02293053,0.027117463,0.024604058,-0.00045145,0.000400582,-0.000387865,0,0,0,0,1,0,0,1.416746838,2.431492889,1.411510009,74.81303449,168.365341,93.04790281,103.7451507,402.478889,128.5967034,0,0,0,0,1,0,0
20:33.1,1,1,1,1,1,1,1,827082,0.065556954,0.034614313,0.047273792,0.022760672,0.026973983,0.024604058,-0.000429195,0.000384686,-0.000378328,0,0,0,0,1,0,0,1.416680446,2.433040643,1.412024962,74.80452292,168.3534335,93.04190901,103.7203741,402.746824,128.6419765,0,0,0,0,1,0,0
20:33.2,1,1,1,1,1,1,1,827083,0.064676955,0.034236003,0.047821595,0.022330375,0.027117463,0.025111412,-0.000397403,0.000378328,-0.000403762,0,0,0,0,1,0,0,1.415194608,2.435107311,1.413270275,74.81642211,168.3752124,93.04479855,103.6544641,403.0940501,128.768868,0,0,0,0,1,0,0
20:33.2,1,1,1,1,1,1,1,827084,0.064676955,0.035137104,0.048578142,0.022760672,0.026973983,0.024722064,-0.00041012,0.000381507,-0.000365611,0,0,0,0,1,0,0,1.415034373,2.436155781,1.411354994,74.81210168,168.3593808,93.02982739,103.6411124,403.2816027,128.5692459,0,0,0,0,1,0,0
20:33.3,1,1,1,1,1,1,1,827085,0.064596361,0.036303797,0.048792143,0.022760672,0.027081664,0.024604058,-0.000406941,0.000394224,-0.000359252,0,0,0,0,1,0,0,1.415774965,2.439399583,1.41138669,74.81525856,168.3634059,93.03115354,103.6958751,403.795283,128.5855164,0,0,0,0,1,0,0
20:33.4,1,1,1,1,1,1,1,827086,0.064717215,0.035943274,0.048792143,0.022675266,0.027402168,0.024246595,-0.000416478,0.000394224,-0.000356073,0,0,0,0,1,0,0,1.414860926,2.443175725,1.410184042,74.81301022,168.3713928,93.03470992,103.6174059,404.4898413,128.4659666,0,0,0,0,1,0,0
20:33.4,1,1,1,1,1,1,1,827087,0.064596361,0.036802597,0.04787603,0.022675266,0.027543417,0.024045709,-0.000362432,0.000391045,-0.000333819,0,0,0,0,1,0,0,1.413125593,2.443542901,1.410085823,74.80420812,168.3502916,93.01769405,103.4864866,404.5365968,128.4276681,0,0,0,0,1,0,0
20:33.5,1,1,1,1,1,1,1,827088,0.064313485,0.037573049,0.047163468,0.022155916,0.027718967,0.024166441,-0.000349715,0.000416478,-0.000336998,0,0,0,0,1,0,0,1.412555417,2.444327058,1.410707627,74.80126465,168.3439238,93.01246369,103.4523222,404.6610795,128.483655,0,0,0,0,1,0,0
20:33.5,1,1,1,1,1,1,1,827089,0.064515666,0.037503662,0.047273792,0.022199659,0.02785861,0.024366332,-0.000352894,0.000406941,-0.000314743,0,0,0,0,1,0,0,1.412922826,2.445782209,1.408897618,74.7870628,168.3127162,92.99318129,103.4647427,404.8407782,128.2639663,0,0,0,0,1,0,0
20:33.6,1,1,1,1,1,1,1,827090,0.063662193,0.037294726,0.046886522,0.022112086,0.028101316,0.024366332,-0.000359252,0.000397403,-0.000317922,0,0,0,0,1,0,0,1.415028748,2.448183556,1.409584299,74.77126727,168.2820493,92.97161731,103.5786133,405.1467872,128.2802944,0,0,0,0,1,0,0
20:33.6,1,1,1,1,1,1,1,827091,0.063086796,0.037573049,0.046942042,0.022286888,0.027962885,0.024643456,-0.00041012,0.00041012,-0.000298847,0,0,0,0,1,0,0,1.415481903,2.449484011,1.409497771,74.77031726,168.2839393,92.96341019,103.6035851,405.3623314,128.2842012,0,0,0,0,1,0,0
20:33.6,1,1,1,1,1,1,1,827092,0.063045496,0.038259999,0.046830937,0.022760672,0.028204693,0.024326485,-0.00041012,0.000426016,-0.000282951,0,0,0,0,1,0,0,1.415014022,2.449187679,1.411487865,74.77827526,168.2939167,92.96182065,103.5898513,405.3007426,128.4757143,0,0,0,0,1,0,0
20:33.7,1,1,1,1,1,1,1,827093,0.063662193,0.038123599,0.046663782,0.02293053,0.028170276,0.023556592,-0.000429195,0.000419658,-0.000263876,0,0,0,0,1,0,0,1.415468715,2.448542659,1.411262071,74.77186601,168.2871509,92.96102618,103.5878573,405.1852149,128.4451717,0,0,0,0,1,0,0
20:33.7,1,1,1,1,1,1,1,827094,0.063292896,0.036943875,0.046383853,0.022417095,0.028239068,0.023556592,-0.000403762,0.000391045,-0.000279772,0,0,0,0,1,0,0,1.414484301,2.447430672,1.412118713,74.77301719,168.2859034,92.95964893,103.5031671,404.9982538,128.51293,0,0,0,0,1,0,0
20:33.8,1,1,1,1,1,1,1,827095,0.063416234,0.036303797,0.046383853,0.022718009,0.028135817,0.023556592,-0.000419658,0.00036879,-0.000254338,0,0,0,0,1,0,0,1.411313281,2.446122736,1.411967572,74.75661203,168.2705962,92.9490644,103.2438391,404.7505216,128.4602887,0,0,0,0,1,0,0
20:33.8,1,1,1,1,1,1,1,827096,0.063045496,0.036518403,0.046383853,0.022024165,0.027893411,0.023556592,-0.000378328,0.000349715,-0.000251159,0,0,0,0,1,0,0,1.409359214,2.445076411,1.412507413,74.76062354,168.2713112,92.94654272,103.1301417,404.5276616,128.5185506,0,0,0,0,1,0,0
20:33.9,1,1,1,1,1,1,1,827097,0.063045496,0.035505814,0.046327664,0.022112086,0.027718967,0.023556592,-0.000422837,0.000321102,-0.000235263,0,0,0,0,1,0,0,1.408246715,2.445387927,1.412352508,74.75622969,168.2678768,92.94979228,103.0428199,404.4923299,128.522737,0,0,0,0,1,0,0
20:34.0,1,1,1,1,1,1,1,827098,0.063784817,0.035062897,0.046102224,0.022024165,0.028101316,0.023432718,-0.000406941,0.000321102,-0.000228904,0,0,0,0,1,0,0,1.406836521,2.444036746,1.411794158,74.76023714,168.2566476,92.94251612,102.9289858,404.2269631,128.450424,0,0,0,0,1,0,0
20:34.0,1,1,1,1,1,1,1,827099,0.063580312,0.034236003,0.045818864,0.021802811,0.02785861,0.023679818,-0.00036879,0.000317922,-0.000254338,0,0,0,0,1,0,0,1.404883026,2.444935565,1.413837692,74.7587888,168.2678751,92.95472522,102.7710914,404.4085105,128.6840786,0,0,0,0,1,0,0
20:34.1,1,1,1,1,1,1,1,827100,0.063784817,0.034764484,0.04598909,0.02175827,0.027997556,0.023761614,-0.000356073,0.000333819,-0.000254338,0,0,0,0,1,0,0,1.403293235,2.444527157,1.413350605,74.76580746,168.2788633,92.95670773,102.6684671,404.3948239,128.6552405,0,0,0,0,1,0,0
20:34.1,1,1,1,1,1,1,1,827101,0.064353972,0.033853466,0.045761982,0.021624096,0.028239068,0.02334977,-0.000311564,0.000311564,-0.00024798,0,0,0,0,1,0,0,1.402994059,2.443194928,1.413626254,74.76053022,168.261057,92.95124557,102.6421151,404.0992022,128.6557201,0,0,0,0,1,0,0
20:34.1,1,1,1,1,1,1,1,827102,0.064353972,0.034311999,0.04541919,0.021262161,0.028239068,0.023679818,-0.000302026,0.000298847,-0.000251159,0,0,0,0,1,0,0,1.403098432,2.444549407,1.412560449,74.75229214,168.2516724,92.95426094,102.6566306,404.3979227,128.5516814,0,0,0,0,1,0,0
20:34.2,1,1,1,1,1,1,1,827103,0.063784817,0.034463487,0.044667452,0.020986614,0.028444446,0.023924367,-0.000263876,0.000308385,-0.000228904,0,0,0,0,1,0,0,1.405154304,2.444968928,1.412929072,74.74445076,168.2392914,92.95199916,102.7895468,404.5065161,128.5863442,0,0,0,0,1,0,0
20:34.2,1,1,1,1,1,1,1,827104,0.063621266,0.034988532,0.044139519,0.021078863,0.028273401,0.023883783,-0.000267055,0.000333819,-0.000209829,0,0,0,0,1,0,0,1.406325225,2.447375568,1.415875474,74.74373521,168.2445199,92.96032998,102.8941459,404.8847079,128.8620197,0,0,0,0,1,0,0
20:34.3,1,1,1,1,1,1,1,827105,0.064070027,0.034614313,0.043724498,0.020986614,0.028032185,0.023883783,-0.00028613,0.000336998,-0.000216187,0,0,0,0,1,0,0,1.40944289,2.449458252,1.419080614,74.76019774,168.2659207,92.97660028,103.1588797,405.3280133,129.2184844,0,0,0,0,1,0,0
20:34.3,1,1,1,1,1,1,1,827106,0.063866435,0.035211155,0.043365604,0.021032789,0.028170276,0.024366332,-0.000295668,0.000371969,-0.000251159,0,0,0,0,1,0,0,1.414590179,2.449291886,1.422486533,74.76927049,168.2758467,92.97679473,103.5524632,405.3778687,129.5598725,0,0,0,0,1,0,0
20:34.4,1,1,1,1,1,1,1,827107,0.063743968,0.035358792,0.044374931,0.020754197,0.02792817,0.024246595,-0.000279772,0.000375149,-0.000276593,0,0,0,0,1,0,0,1.416069703,2.45008412,1.424054868,74.76604748,168.2663986,92.96715886,103.653866,405.5354031,129.6783455,0,0,0,0,1,0,0
20:34.4,1,1,1,1,1,1,1,827108,0.062506104,0.035579098,0.04443359,0.02135322,0.027508173,0.024406114,-0.000308385,0.000359252,-0.00028613,0,0,0,0,1,0,0,1.418443362,2.451081789,1.424384698,74.7662498,168.2801462,92.97556827,103.829355,405.7802325,129.721191,0,0,0,0,1,0,0
20:34.5,1,1,1,1,1,1,1,827109,0.062464419,0.035943274,0.044667452,0.021624096,0.02785861,0.024246595,-0.000349715,0.000365611,-0.000270234,0,0,0,0,1,0,0,1.421143608,2.450940101,1.422691598,74.77507564,168.2903565,92.97119299,104.0519555,405.762334,129.5521578,0,0,0,0,1,0,0
20:34.6,1,1,1,1,1,1,1,827110,0.062171844,0.036015668,0.044725727,0.021579186,0.027683946,0.024366332,-0.000333819,0.000362432,-0.000267055,0,0,0,0,1,0,0,1.421261514,2.449911417,1.422122655,74.78347445,168.3064169,92.97999089,104.1022871,405.658272,129.5033131,0,0,0,0,1,0,0
20:34.6,1,1,1,1,1,1,1,827111,0.062087998,0.036802597,0.045361807,0.02135322,0.027117463,0.024445831,-0.000333819,0.000371969,-0.000276593,0,0,0,0,1,0,0,1.421167944,2.451774298,1.422302135,74.77868649,168.3208215,92.99812696,104.0895482,406.0146989,129.5287527,0,0,0,0,1,0,0
20:34.7,1,1,1,1,1,1,1,827112,0.063045496,0.036160019,0.045875676,0.021307739,0.026901956,0.02408602,-0.000352894,0.000362432,-0.000279772,0,0,0,0,1,0,0,1.421101351,2.449947102,1.422287484,74.78941567,168.3222393,92.99497162,104.0658408,405.5989904,129.524387,0,0,0,0,1,0,0
20:34.7,1,1,1,1,1,1,1,827113,0.06312807,0.036873304,0.046102224,0.021398604,0.026793553,0.024485484,-0.000362432,0.000387865,-0.000317922,0,0,0,0,1,0,0,1.420178208,2.447553408,1.422895878,74.79439869,168.3271229,92.9969523,104.0158951,405.1368417,129.5962359,0,0,0,0,1,0,0
20:34.7,1,1,1,1,1,1,1,827114,0.064110667,0.036731755,0.046719567,0.021489085,0.026428998,0.024525072,-0.000365611,0.000371969,-0.000349715,0,0,0,0,1,0,0,1.418066566,2.445683992,1.421753392,74.80142117,168.3324051,92.99658938,103.8580612,404.8973926,129.5185335,0,0,0,0,1,0,0
20:34.8,1,1,1,1,1,1,1,827115,0.06325173,0.036518403,0.047108209,0.021624096,0.027081664,0.024366332,-0.000352894,0.000362432,-0.000346536,0,0,0,0,1,0,0,1.416336693,2.442636218,1.420393094,74.79170256,168.3250243,92.99435371,103.7089745,404.374729,129.3681797,0,0,0,0,1,0,0
20:34.8,1,1,1,1,1,1,1,827116,0.063866435,0.036375473,0.046997496,0.022286888,0.027045818,0.02408602,-0.000359252,0.000340177,-0.000311564,0,0,0,0,1,0,0,1.414009132,2.441309597,1.418151155,74.77725849,168.3109729,93.00192645,103.5080833,404.0754612,129.1457703,0,0,0,0,1,0,0
20:34.9,1,1,1,1,1,1,1,827117,0.06443487,0.036873304,0.046552012,0.022417095,0.027402168,0.024286573,-0.000349715,0.000378328,-0.000298847,0,0,0,0,1,0,0,1.413118425,2.441080086,1.418210686,74.78888487,168.3407465,93.02555823,103.4803103,404.093337,129.1715729,0,0,0,0,1,0,0
20:34.9,1,1,1,1,1,1,1,827118,0.065118441,0.037154783,0.046886522,0.022503481,0.027437549,0.024166441,-0.000359252,0.000387865,-0.000295668,0,0,0,0,1,0,0,1.411222025,2.440834196,1.417968235,74.78863896,168.3442438,93.03078417,103.3485169,404.0033175,129.1784821,0,0,0,0,1,0,0
20:35.0,1,1,1,1,1,1,1,827119,0.065636369,0.037154783,0.046439974,0.022068169,0.027009924,0.023843129,-0.000340177,0.000387865,-0.000305206,0,0,0,0,1,0,0,1.410510332,2.439914173,1.41923997,74.78451826,168.3288361,93.01986456,103.2877428,403.8390971,129.2644171,0,0,0,0,1,0,0
20:35.0,1,1,1,1,1,1,1,827120,0.066660154,0.036589659,0.046327664,0.022330375,0.026829736,0.023638814,-0.000381507,0.000346536,-0.000292489,0,0,0,0,1,0,0,1.410901556,2.439463409,1.42180998,74.77972811,168.3242959,93.02108032,103.2691596,403.716496,129.4988974,0,0,0,0,1,0,0
20:35.1,1,1,1,1,1,1,1,827121,0.066777273,0.036943875,0.046383853,0.022373777,0.026937994,0.023474082,-0.000375149,0.000336998,-0.000302026,0,0,0,0,1,0,0,1.409497919,2.437353175,1.422517457,74.79262652,168.3300174,93.0133375,103.1804842,403.448477,129.557317,0,0,0,0,1,0,0
20:35.2,1,1,1,1,1,1,1,827122,0.066386073,0.036660776,0.045761982,0.022460329,0.027081664,0.023556592,-0.000397403,0.000333819,-0.000295668,0,0,0,0,1,0,0,1.4095666,2.437286201,1.423227488,74.79115987,168.3356093,93.00805,103.1978781,403.5036416,129.626335,0,0,0,0,1,0,0
20:35.2,1,1,1,1,1,1,1,827123,0.066307556,0.035943274,0.046496027,0.022632442,0.02686587,0.023308185,-0.000397403,0.000311564,-0.000311564,0,0,0,0,1,0,0,1.408370941,2.43912503,1.423541478,74.7805965,168.3217476,92.99768175,103.0974462,403.7635594,129.6212663,0,0,0,0,1,0,0
20:35.2,1,1,1,1,1,1,1,827124,0.065715688,0.03623198,0.045932418,0.022972798,0.02733127,0.023308185,-0.000413299,0.000333819,-0.000279772,0,0,0,0,1,0,0,1.408009743,2.438816521,1.423626398,74.77620734,168.3271931,93.00465578,103.0605007,403.7024094,129.6236465,0,0,0,0,1,0,0
20:35.2,1,1,1,1,1,1,1,827125,0.067010896,0.036518403,0.045705028,0.02293053,0.026973983,0.02334977,-0.000422837,0.000336998,-0.000270234,0,0,0,0,1,0,0,1.406580999,2.441509454,1.422122888,74.77199242,168.3222761,93.00120457,102.9481803,404.13823,129.4559653,0,0,0,0,1,0,0
20:35.3,1,1,1,1,1,1,1,827126,0.067475718,0.036518403,0.045590908,0.02293053,0.026757321,0.023556592,-0.000426016,0.000336998,-0.000276593,0,0,0,0,1,0,0,1.403263949,2.441626326,1.421783053,74.78046478,168.3314433,92.99348089,102.7153806,404.1898568,129.3996104,0,0,0,0,1,0,0
20:35.4,1,1,1,1,1,1,1,827127,0.066268262,0.036375473,0.045015968,0.023515373,0.026318647,0.023391281,-0.000464167,0.000314743,-0.000270234,0,0,0,0,1,0,0,1.40344584,2.440700676,1.420470227,74.78311771,168.3368137,92.99426729,102.7196454,404.0457573,129.3298793,0,0,0,0,1,0,0
20:35.4,1,1,1,1,1,1,1,827128,0.065834487,0.036015668,0.044609102,0.02334977,0.025910005,0.023224793,-0.00045145,0.00028613,-0.00024798,0,0,0,0,1,0,0,1.404389359,2.439848689,1.419591539,74.78134008,168.325933,92.98216074,102.7806454,403.9060344,129.2210556,0,0,0,0,1,0,0
20:35.5,1,1,1,1,1,1,1,827129,0.065357995,0.036731755,0.044900097,0.023266526,0.026096544,0.023802407,-0.000467346,0.000295668,-0.000238442,0,0,0,0,1,0,0,1.40586109,2.43980409,1.418168123,74.78196668,168.3369712,92.99271876,102.8874373,403.9185901,129.1108862,0,0,0,0,1,0,0
20:35.5,1,1,1,1,1,1,1,827130,0.06507843,0.036731755,0.04495807,0.023057102,0.02594742,0.023720752,-0.000460988,0.000324281,-0.000251159,0,0,0,0,1,0,0,1.404296828,2.439601242,1.414912937,74.79032215,168.3459309,92.98742151,102.8047583,403.9409157,128.80783,0,0,0,0,1,0,0
20:35.6,1,1,1,1,1,1,1,827131,0.064717215,0.036375473,0.04443359,0.023224793,0.026133693,0.023964882,-0.00045145,0.000343356,-0.0002448,0,0,0,0,1,0,0,1.404447573,2.438305495,1.412345892,74.79418766,168.3492946,92.98748647,102.8408827,403.6544724,128.5670033,0,0,0,0,1,0,0
20:35.7,1,1,1,1,1,1,1,827132,0.064717215,0.03623198,0.04443359,0.023266526,0.02594742,0.023802407,-0.00045145,0.000346536,-0.000241621,0,0,0,0,1,0,0,1.40247806,2.439175584,1.409716574,74.7959393,168.34895,92.99588008,102.7060938,403.7359306,128.3240816,0,0,0,0,1,0,0
20:35.7,1,1,1,1,1,1,1,827133,0.064837844,0.03623198,0.043724498,0.023556592,0.025722113,0.023515373,-0.000473704,0.000336998,-0.000200291,0,0,0,0,1,0,0,1.404742937,2.438906948,1.4098296,74.80069013,168.3478258,92.99561907,102.8806549,403.7049826,128.3388894,0,0,0,0,1,0,0
20:35.8,1,1,1,1,1,1,1,827134,0.064394434,0.036087916,0.043365604,0.023679818,0.025532838,0.023432718,-0.000483242,0.000317922,-0.00020665,0,0,0,0,1,0,0,1.407650817,2.439186966,1.409861329,74.80209689,168.3540539,93.00075397,103.0925761,403.8345996,128.3607681,0,0,0,0,1,0,0
20:35.8,1,1,1,1,1,1,1,827135,0.063988668,0.035870735,0.044374931,0.02334977,0.025418596,0.023014989,-0.000460988,0.000305206,-0.000209829,0,0,0,0,1,0,0,1.408328506,2.438525302,1.409949888,74.81645904,168.3660378,93.00426735,103.1491399,403.7122081,128.4031919,0,0,0,0,1,0,0
20:35.8,1,1,1,1,1,1,1,827136,0.063292896,0.036015668,0.044139519,0.023224793,0.025684369,0.022632442,-0.000495959,0.000317922,-0.000184395,0,0,0,0,1,0,0,1.411134557,2.438505836,1.411219826,74.82146104,168.3601739,93.0035993,103.3513328,403.708642,128.5568261,0,0,0,0,1,0,0
20:35.8,1,1,1,1,1,1,1,827137,0.065158428,0.035358792,0.044900097,0.022888184,0.026022089,0.022243316,-0.000511855,0.000311564,-0.000184395,0,0,0,0,1,0,0,1.409266804,2.440114847,1.411586631,74.81460426,168.34879,93.00131671,103.2048167,404.0045039,128.5779885,0,0,0,0,1,0,0
20:35.9,1,1,1,1,1,1,1,827138,0.065437651,0.035579098,0.044374931,0.023141099,0.02657542,0.022460329,-0.000530931,0.000359252,-0.000184395,0,0,0,0,1,0,0,1.409751373,2.44162182,1.413787512,74.821114,168.353159,93.01148181,103.2382615,404.2532039,128.7858042,0,0,0,0,1,0,0
20:36.0,1,1,1,1,1,1,1,827139,0.065238328,0.034387826,0.044783926,0.023308185,0.0266119,0.021935891,-0.000537289,0.00032746,-0.000181216,0,0,0,0,1,0,0,1.406425235,2.443494808,1.414758179,74.82339072,168.3433452,93.00229068,103.0041486,404.5801108,128.8664027,0,0,0,0,1,0,0
20:36.0,1,1,1,1,1,1,1,827140,0.065158428,0.033853466,0.044783926,0.023474082,0.027045818,0.021980072,-0.000489601,0.00032746,-0.000171678,0,0,0,0,1,0,0,1.407018568,2.444821672,1.415118107,74.82169331,168.3399786,93.00708304,103.0516892,404.7531586,128.9200488,0,0,0,0,1,0,0
20:36.1,1,1,1,1,1,1,1,827141,0.065357995,0.033621854,0.044609102,0.02334977,0.027260187,0.021713637,-0.00049278,0.000330639,-0.000171678,0,0,0,0,1,0,0,1.407451888,2.444738094,1.415749498,74.80431487,168.3210925,93.00249276,103.042012,404.7362828,128.9685622,0,0,0,0,1,0,0
20:36.1,1,1,1,1,1,1,1,827142,0.065158428,0.034159838,0.044842049,0.023391281,0.027366742,0.022024165,-0.000476884,0.000333819,-0.000174857,0,0,0,0,1,0,0,1.411293287,2.443785196,1.417360526,74.80068017,168.3232421,92.99950992,103.3237488,404.6296506,129.1123597,0,0,0,0,1,0,0
20:36.2,1,1,1,1,1,1,1,827143,0.066110855,0.034463487,0.045246821,0.02293053,0.027613771,0.022112086,-0.000457808,0.000346536,-0.000171678,0,0,0,0,1,0,0,1.410026948,2.442847093,1.416589476,74.80170891,168.3320308,93.00440443,103.2310776,404.5247093,129.0339823,0,0,0,0,1,0,0
20:36.3,1,1,1,1,1,1,1,827144,0.066621068,0.034538982,0.045590908,0.022718009,0.027613771,0.022286888,-0.000438733,0.000362432,-0.000152603,0,0,0,0,1,0,0,1.408835378,2.442913676,1.416407872,74.80527986,168.3300473,92.9958095,103.1491225,404.491499,128.9982595,0,0,0,0,1,0,0
20:36.3,1,1,1,1,1,1,1,827145,0.066228946,0.034614313,0.044021341,0.023014989,0.027648881,0.022589537,-0.000441912,0.000378328,-0.000143065,0,0,0,0,1,0,0,1.411138248,2.443781171,1.418165849,74.80772418,168.3340374,92.99788563,103.3346595,404.6418071,129.1419991,0,0,0,0,1,0,0
20:36.3,1,1,1,1,1,1,1,827146,0.066816267,0.034311999,0.045131542,0.022972798,0.027823765,0.022589537,-0.000441912,0.000381507,-0.000171678,0,0,0,0,1,0,0,1.409566805,2.444056142,1.418032962,74.80022916,168.33286,93.00399507,103.2232626,404.6401751,129.1187208,0,0,0,0,1,0,0
20:36.3,1,1,1,1,1,1,1,827147,0.065556954,0.034839327,0.044139519,0.022972798,0.027508173,0.022972798,-0.000438733,0.000365611,-0.000155782,0,0,0,0,1,0,0,1.411874119,2.442741432,1.419338313,74.80296501,168.3372187,92.99904612,103.4141199,404.3546436,129.2431241,0,0,0,0,1,0,0
20:36.4,1,1,1,1,1,1,1,827148,0.065556954,0.034463487,0.045015968,0.022718009,0.027508173,0.022675266,-0.000400582,0.000314743,-0.000168499,0,0,0,0,1,0,0,1.410190523,2.442413946,1.418535172,74.81318212,168.3625577,93.0099355,103.3090077,404.3609083,129.210812,0,0,0,0,1,0,0
20:36.4,1,1,1,1,1,1,1,827149,0.06531813,0.035062897,0.044139519,0.023182984,0.027508173,0.02293053,-0.000391045,0.000349715,-0.00016532,0,0,0,0,1,0,0,1.411380745,2.439023002,1.418417652,74.79383708,168.3507351,93.01441498,103.3563021,403.6741914,129.2164451,0,0,0,0,1,0,0
20:36.5,1,1,1,1,1,1,1,827150,0.065517211,0.034914009,0.044492171,0.022675266,0.027045818,0.022718009,-0.000394224,0.000317922,-0.000155782,0,0,0,0,1,0,0,1.41008493,2.438253515,1.419887116,74.77584674,168.3373315,93.01335491,103.2370004,403.5458805,129.3159934,0,0,0,0,1,0,0
20:36.6,1,1,1,1,1,1,1,827151,0.064958248,0.035798048,0.044080469,0.023308185,0.027224576,0.023556592,-0.000422837,0.000333819,-0.000149424,0,0,0,0,1,0,0,1.409985179,2.438386214,1.421944665,74.7729521,168.3285034,93.00969251,103.2322202,403.5117944,129.5284565,0,0,0,0,1,0,0
20:36.6,1,1,1,1,1,1,1,827152,0.064515666,0.035505814,0.044316196,0.023224793,0.027224576,0.023556592,-0.000441912,0.000336998,-0.000146244,0,0,0,0,1,0,0,1.406216049,2.438864945,1.422012758,74.77299676,168.323906,93.01085346,102.9397018,403.615948,129.5456335,0,0,0,0,1,0,0
20:36.7,1,1,1,1,1,1,1,827153,0.06312807,0.035725214,0.043664887,0.023843129,0.02792817,0.023432718,-0.000441912,0.000375149,-0.000143065,0,0,0,0,1,0,0,1.406471843,2.440034688,1.422146785,74.78349316,168.3377418,93.01790677,102.9666722,403.8038374,129.5708096,0,0,0,0,1,0,0
20:36.7,1,1,1,1,1,1,1,827154,0.06275563,0.035725214,0.044492171,0.024005329,0.028032185,0.023141099,-0.000464167,0.00036879,-0.000158961,0,0,0,0,1,0,0,1.406206684,2.440167528,1.420800773,74.78232626,168.3357879,93.02116323,102.9473154,403.7737948,129.4367693,0,0,0,0,1,0,0
20:36.8,1,1,1,1,1,1,1,827155,0.062589389,0.035870735,0.045073792,0.023964882,0.028307693,0.023308185,-0.000480063,0.000384686,-0.000190753,0,0,0,0,1,0,0,1.403379026,2.441384532,1.419101882,74.77399211,168.3174117,93.01411329,102.7042356,403.9512596,129.2795963,0,0,0,0,1,0,0
20:36.9,1,1,1,1,1,1,1,827156,0.062004038,0.035579098,0.04530435,0.023964882,0.028170276,0.023638814,-0.000486421,0.000365611,-0.000190753,0,0,0,0,1,0,0,1.40255152,2.442738597,1.416129845,74.78476012,168.3293033,93.00896169,102.6390325,404.2593994,129.0018073,0,0,0,0,1,0,0
20:36.9,1,1,1,1,1,1,1,827157,0.06275563,0.035579098,0.046158687,0.024045709,0.028341943,0.023802407,-0.00045145,0.000397403,-0.00020665,0,0,0,0,1,0,0,1.401071767,2.443003487,1.41388407,74.787827,168.3262432,93.00899196,102.4878827,404.3524872,128.7770383,0,0,0,0,1,0,0
20:36.9,1,1,1,1,1,1,1,827158,0.062880022,0.035725214,0.046383853,0.024246595,0.027962885,0.023924367,-0.000499138,0.000400582,-0.000209829,0,0,0,0,1,0,0,1.400436548,2.443036651,1.412992509,74.77735419,168.3011959,92.99423096,102.4057853,404.3467099,128.6404315,0,0,0,0,1,0,0
20:36.9,1,1,1,1,1,1,1,827159,0.064110667,0.035432379,0.047163468,0.024206551,0.028239068,0.023924367,-0.000524572,0.000397403,-0.000225725,0,0,0,0,1,0,0,1.400363907,2.445292752,1.412752206,74.80020675,168.3321379,93.00571085,102.4325582,404.8549537,128.6258488,0,0,0,0,1,0,0
20:37.0,1,1,1,1,1,1,1,827160,0.064191871,0.035943274,0.046719567,0.024525072,0.028410319,0.024286573,-0.000559544,0.000429195,-0.0002448,0,0,0,0,1,0,0,1.401923577,2.446331181,1.412090606,74.82782862,168.360368,93.01094543,102.5836368,405.1048627,128.6091247,0,0,0,0,1,0,0
20:37.0,1,1,1,1,1,1,1,827161,0.065437651,0.035579098,0.047163468,0.02408602,0.028032185,0.023964882,-0.000578619,0.000426016,-0.000267055,0,0,0,0,1,0,0,1.402901952,2.446496559,1.410836866,74.83640777,168.3691971,93.0194921,102.682641,405.1674375,128.4963491,0,0,0,0,1,0,0
20:37.1,1,1,1,1,1,1,1,827162,0.066268262,0.035870735,0.046942042,0.023761614,0.028170276,0.024126264,-0.000559544,0.000435554,-0.00028613,0,0,0,0,1,0,0,1.404711416,2.446589069,1.4098435,74.84443703,168.3827032,93.021454,102.8308441,405.1389753,128.4212712,0,0,0,0,1,0,0
20:37.2,1,1,1,1,1,1,1,827163,0.066777273,0.036447008,0.047493671,0.023432718,0.027472884,0.024206551,-0.000569081,0.000384686,-0.00028613,0,0,0,0,1,0,0,1.406149469,2.445266009,1.410735644,74.83542272,168.3795485,93.02737351,102.9245208,404.9059243,128.5231075,0,0,0,0,1,0,0
20:37.2,1,1,1,1,1,1,1,827164,0.067010896,0.036375473,0.046942042,0.023597739,0.027648881,0.024839509,-0.000546827,0.000397403,-0.000295668,0,0,0,0,1,0,0,1.408134297,2.444430531,1.410909833,74.83716399,168.3905872,93.03561372,103.070692,404.8176296,128.5641857,0,0,0,0,1,0,0
20:37.3,1,1,1,1,1,1,1,827165,0.067899008,0.036303797,0.047712537,0.023391281,0.027402168,0.025188559,-0.00053411,0.000378328,-0.000324281,0,0,0,0,1,0,0,1.409780113,2.440753796,1.411294413,74.84510375,168.4065096,93.04089354,103.2257852,404.2276211,128.6032736,0,0,0,0,1,0,0
20:37.3,1,1,1,1,1,1,1,827166,0.067783827,0.037014311,0.046663782,0.023391281,0.02733127,0.025608716,-0.000508676,0.000387865,-0.000330639,0,0,0,0,1,0,0,1.413094873,2.438597934,1.413514176,74.84452997,168.4159037,93.04999717,103.4740412,403.8300786,128.8093052,0,0,0,0,1,0,0
20:37.4,1,1,1,1,1,1,1,827167,0.067514308,0.037014311,0.046663782,0.023182984,0.027081664,0.025835012,-0.000521393,0.000362432,-0.000346536,0,0,0,0,1,0,0,1.415048689,2.438045323,1.414281815,74.83243137,168.4001771,93.04453765,103.6502588,403.6249346,128.8640008,0,0,0,0,1,0,0
20:37.4,1,1,1,1,1,1,1,827168,0.068205206,0.036802597,0.046045692,0.02293053,0.027402168,0.026096544,-0.000483242,0.000375149,-0.000352894,0,0,0,0,1,0,0,1.41792329,2.435428659,1.415346323,74.83826255,168.4153244,93.05155363,103.9133197,403.1566007,128.9831753,0,0,0,0,1,0,0
20:37.4,1,1,1,1,1,1,1,827169,0.067822243,0.036802597,0.046045692,0.022417095,0.027188919,0.025910005,-0.000470525,0.000365611,-0.000359252,0,0,0,0,1,0,0,1.418987819,2.433860302,1.411582296,74.83003515,168.3972828,93.04760459,103.9822118,402.8586628,128.613316,0,0,0,0,1,0,0
20:37.5,1,1,1,1,1,1,1,827170,0.068013994,0.036873304,0.047163468,0.022286888,0.027260187,0.025984781,-0.000441912,0.000359252,-0.00036879,0,0,0,0,1,0,0,1.420435155,2.432081046,1.409915228,74.81816841,168.3843235,93.05179543,104.0649239,402.4490648,128.4491781,0,0,0,0,1,0,0
20:37.5,1,1,1,1,1,1,1,827171,0.067629948,0.036660776,0.047438797,0.022199659,0.027366742,0.026244821,-0.000400582,0.000356073,-0.000371969,0,0,0,0,1,0,0,1.421284625,2.432523667,1.40809962,74.82347666,168.3955933,93.04777954,104.1148124,402.5175283,128.2955996,0,0,0,0,1,0,0
20:37.6,1,1,1,1,1,1,1,827172,0.068167006,0.037434146,0.047493671,0.022330375,0.027045818,0.02628176,-0.000394224,0.000356073,-0.000375149,0,0,0,0,1,0,0,1.422793801,2.432746138,1.407609255,74.81907441,168.3886972,93.04722851,104.2155454,402.5168135,128.201873,0,0,0,0,1,0,0
20:37.7,1,1,1,1,1,1,1,827173,0.068964753,0.036447008,0.047273792,0.022199659,0.027188919,0.026648329,-0.000397403,0.000356073,-0.000384686,0,0,0,0,1,0,0,1.42344273,2.432303557,1.405182283,74.81314768,168.3703081,93.03293212,104.2693086,402.430811,127.9638595,0,0,0,0,1,0,0
20:37.7,1,1,1,1,1,1,1,827174,0.069641262,0.036375473,0.046942042,0.021534183,0.026829736,0.0266119,-0.000397403,0.000333819,-0.000403762,0,0,0,0,1,0,0,1.42218721,2.432185519,1.404948825,74.81065173,168.3663853,93.03588459,104.1723997,402.4359584,127.9305483,0,0,0,0,1,0,0
20:37.8,1,1,1,1,1,1,1,827175,0.069753376,0.037084614,0.045875676,0.021891621,0.026973983,0.026392265,-0.000422837,0.000356073,-0.000365611,0,0,0,0,1,0,0,1.425321145,2.431996791,1.40353654,74.81578314,168.37115,93.03612703,104.4101234,402.4587071,127.8055554,0,0,0,0,1,0,0
20:37.8,1,1,1,1,1,1,1,827176,0.069977065,0.036660776,0.046271407,0.022024165,0.026829736,0.025722113,-0.000422837,0.000346536,-0.000365611,0,0,0,0,1,0,0,1.424053055,2.429953442,1.402017383,74.81216498,168.362029,93.03887507,104.3360845,402.129341,127.6625799,0,0,0,0,1,0,0
20:37.9,1,1,1,1,1,1,1,827177,0.069378959,0.036873304,0.04598909,0.022243316,0.027224576,0.025608716,-0.00041012,0.000375149,-0.000349715,0,0,0,0,1,0,0,1.424587446,2.428058323,1.398913772,74.82623209,168.3737092,93.04502535,104.3799576,401.8609452,127.3842983,0,0,0,0,1,0,0
20:37.9,1,1,1,1,1,1,1,827178,0.068433955,0.037224821,0.046327664,0.022373777,0.026757321,0.025570805,-0.000426016,0.000375149,-0.000349715,0,0,0,0,1,0,0,1.425079701,2.42925137,1.39514275,74.82760787,168.3697529,93.04248879,104.4130415,402.0757114,127.01567,0,0,0,0,1,0,0
20:38.0,1,1,1,1,1,1,1,827179,0.067668451,0.038123599,0.045875676,0.02254655,0.026757321,0.025872536,-0.000413299,0.000400582,-0.000346536,0,0,0,0,1,0,0,1.425564477,2.429040261,1.398043124,74.83396721,168.3869404,93.04522169,104.4536147,402.0498879,127.2980713,0,0,0,0,1,0,0
20:38.0,1,1,1,1,1,1,1,827180,0.067860636,0.037434146,0.04495807,0.02254655,0.026648329,0.025608716,-0.000435554,0.000394224,-0.00032746,0,0,0,0,1,0,0,1.425110873,2.429152245,1.397905368,74.83758849,168.3838256,93.0338585,104.4343065,402.1390779,127.2430507,0,0,0,0,1,0,0
20:38.0,1,1,1,1,1,1,1,827181,0.066933112,0.037573049,0.044257382,0.02254655,0.02686587,0.025570805,-0.000473704,0.000394224,-0.000317922,0,0,0,0,1,0,0,1.42392095,2.428174403,1.399099303,74.82319762,168.3646483,93.03503033,104.3283711,401.9542253,127.3379744,0,0,0,0,1,0,0
20:38.1,1,1,1,1,1,1,1,827182,0.066228946,0.036303797,0.044139519,0.022417095,0.026937994,0.025684369,-0.00045145,0.000375149,-0.000330639,0,0,0,0,1,0,0,1.42221346,2.426225644,1.398055072,74.80889506,168.3511583,93.03396553,104.2078064,401.6704348,127.2731543,0,0,0,0,1,0,0
20:38.1,1,1,1,1,1,1,1,827183,0.064958248,0.036660776,0.044139519,0.022632442,0.026901956,0.025570805,-0.000467346,0.000403762,-0.00032746,0,0,0,0,1,0,0,1.421749119,2.426640946,1.397775702,74.81651248,168.3589326,93.03483305,104.1641696,401.758592,127.2368894,0,0,0,0,1,0,0
20:38.2,1,1,1,1,1,1,1,827184,0.064353972,0.036518403,0.04443359,0.02254655,0.027188919,0.025380402,-0.000460988,0.00041012,-0.000308385,0,0,0,0,1,0,0,1.422060935,2.426217055,1.397527516,74.8267315,168.362901,93.03065586,104.2026853,401.6974031,127.2153241,0,0,0,0,1,0,0
20:38.3,1,1,1,1,1,1,1,827185,0.063825639,0.035943274,0.044374931,0.022373777,0.026757321,0.025303839,-0.000457808,0.000371969,-0.000302026,0,0,0,0,1,0,0,1.418410512,2.425082422,1.398707645,74.81402688,168.346891,93.02821733,103.9106373,401.4490274,127.2981623,0,0,0,0,1,0,0
20:38.3,1,1,1,1,1,1,1,827186,0.063743968,0.035870735,0.044725727,0.022460329,0.026973983,0.02564657,-0.000467346,0.000387865,-0.000317922,0,0,0,0,1,0,0,1.417146653,2.424993868,1.397255497,74.81273891,168.3433755,93.02028493,103.8028174,401.4666534,127.1630172,0,0,0,0,1,0,0
20:38.4,1,1,1,1,1,1,1,827187,0.064110667,0.035870735,0.044900097,0.022632442,0.0266119,0.025072749,-0.000499138,0.000378328,-0.000308385,0,0,0,0,1,0,0,1.415588831,2.427488744,1.39915592,74.81956571,168.3528046,93.01356469,103.6884659,401.8667576,127.301414,0,0,0,0,1,0,0
20:38.4,1,1,1,1,1,1,1,827188,0.064394434,0.036015668,0.04530435,0.02254655,0.026901956,0.025111412,-0.000508676,0.000397403,-0.000302026,0,0,0,0,1,0,0,1.414598874,2.426487336,1.399635364,74.81591941,168.3507257,93.01337041,103.5907442,401.6787372,127.3103425,0,0,0,0,1,0,0
20:38.5,1,1,1,1,1,1,1,827189,0.064717215,0.035798048,0.045533741,0.022675266,0.026901956,0.025188559,-0.000521393,0.000384686,-0.000302026,0,0,0,0,1,0,0,1.413247239,2.425905944,1.398584971,74.82082535,168.3495152,93.0115383,103.5160918,401.6474433,127.2002096,0,0,0,0,1,0,0
20:38.5,1,1,1,1,1,1,1,827190,0.064596361,0.036375473,0.045476502,0.02293053,0.027153214,0.025227044,-0.000502318,0.000394224,-0.000292489,0,0,0,0,1,0,0,1.413003732,2.425086238,1.39756272,74.82407273,168.3543431,93.01102748,103.5076006,401.492184,127.1380162,0,0,0,0,1,0,0
20:38.5,1,1,1,1,1,1,1,827191,0.065517211,0.036447008,0.045533741,0.023057102,0.027117463,0.024956401,-0.000489601,0.000391045,-0.000308385,0,0,0,0,1,0,0,1.413199524,2.423802783,1.396501768,74.82101406,168.3505352,92.99978429,103.5293005,401.2713505,127.0305214,0,0,0,0,1,0,0
20:38.6,1,1,1,1,1,1,1,827192,0.065517211,0.036731755,0.04530435,0.023057102,0.027188919,0.024995244,-0.000505497,0.000397403,-0.00028613,0,0,0,0,1,0,0,1.415053905,2.425391491,1.396159428,74.82981116,168.3505609,92.99337114,103.6303174,401.4673859,126.9768104,0,0,0,0,1,0,0
20:38.6,1,1,1,1,1,1,1,827193,0.066972016,0.036303797,0.045705028,0.022972798,0.026901956,0.024682791,-0.000476884,0.00036879,-0.000308385,0,0,0,0,1,0,0,1.416744693,2.426868729,1.396164699,74.8367407,168.3481493,92.9876207,103.7630877,401.7167056,126.9522626,0,0,0,0,1,0,0
20:38.7,1,1,1,1,1,1,1,827194,0.066307556,0.036303797,0.045476502,0.023057102,0.026829736,0.024445831,-0.000489601,0.00036879,-0.000292489,0,0,0,0,1,0,0,1.41825717,2.428800999,1.395090059,74.81930015,168.329835,92.98034771,103.8635308,401.9803087,126.8264784,0,0,0,0,1,0,0
20:38.7,1,1,1,1,1,1,1,827195,0.066699216,0.036375473,0.04598909,0.022972798,0.027117463,0.024206551,-0.000464167,0.000375149,-0.000308385,0,0,0,0,1,0,0,1.420166796,2.432112444,1.393524966,74.81542876,168.3321751,92.97735627,104.0271277,402.4919728,126.7067242,0,0,0,0,1,0,0
20:38.8,1,1,1,1,1,1,1,827196,0.066503674,0.036375473,0.045361807,0.02293053,0.027260187,0.024206551,-0.000473704,0.000381507,-0.000289309,0,0,0,0,1,0,0,1.424186265,2.433654818,1.394473151,74.80680021,168.3201294,92.97333274,104.3145645,402.6762639,126.7865004,0,0,0,0,1,0,0
20:38.9,1,1,1,1,1,1,1,827197,0.066738256,0.036375473,0.045590908,0.022460329,0.027718967,0.024366332,-0.000445091,0.000384686,-0.000317922,0,0,0,0,1,0,0,1.424490437,2.432911469,1.392543892,74.79453116,168.3077001,92.97349769,104.3332842,402.5515512,126.6389923,0,0,0,0,1,0,0
20:38.9,1,1,1,1,1,1,1,827198,0.066660154,0.036015668,0.044842049,0.022632442,0.027823765,0.024166441,-0.000441912,0.000384686,-0.000314743,0,0,0,0,1,0,0,1.423952351,2.432595269,1.394015659,74.7857715,168.2995477,92.97811363,104.2950413,402.4912509,126.845004,0,0,0,0,1,0,0
20:39.0,1,1,1,1,1,1,1,827199,0.067010896,0.035358792,0.044257382,0.022417095,0.027718967,0.023883783,-0.000435554,0.000359252,-0.000305206,0,0,0,0,1,0,0,1.423083629,2.433576095,1.392791957,74.77973553,168.2863693,92.97451077,104.1998217,402.572474,126.7393546,0,0,0,0,1,0,0
20:39.0,1,1,1,1,1,1,1,827200,0.066268262,0.035432379,0.043902844,0.022286888,0.028135817,0.023964882,-0.000454629,0.000371969,-0.000311564,0,0,0,0,1,0,0,1.422566576,2.433592981,1.393378157,74.7670622,168.2659718,92.97197365,104.1330251,402.5356912,126.7814593,0,0,0,0,1,0,0
20:39.1,1,1,1,1,1,1,1,827201,0.066228946,0.034839327,0.043962132,0.022112086,0.02792817,0.023883783,-0.000445091,0.000346536,-0.000295668,0,0,0,0,1,0,0,1.421812729,2.435624482,1.391804544,74.7883343,168.2964838,92.98820832,104.0924463,402.9301628,126.6402091,0,0,0,0,1,0,0
20:39.1,1,1,1,1,1,1,1,827202,0.066032011,0.035505814,0.044374931,0.022632442,0.028273401,0.023720752,-0.000464167,0.000378328,-0.000302026,0,0,0,0,1,0,0,1.420809795,2.43477238,1.393639067,74.79318368,168.3153952,92.99929175,104.0660306,402.8874108,126.8253716,0,0,0,0,1,0,0
20:39.1,1,1,1,1,1,1,1,827203,0.065357995,0.035579098,0.044139519,0.022503481,0.028273401,0.023802407,-0.000467346,0.000365611,-0.000276593,0,0,0,0,1,0,0,1.417857362,2.432557201,1.395088933,74.78848693,168.3251274,93.00642,103.8536374,402.5183116,126.9828983,0,0,0,0,1,0,0
20:39.2,1,1,1,1,1,1,1,827204,0.065953073,0.035725214,0.044550674,0.022718009,0.028170276,0.024005329,-0.000441912,0.000356073,-0.000295668,0,0,0,0,1,0,0,1.414679172,2.429921285,1.395433728,74.79469321,168.323313,92.99864745,103.6248755,402.0391406,127.0340411,0,0,0,0,1,0,0
20:39.2,1,1,1,1,1,1,1,827205,0.066071445,0.035285051,0.044316196,0.022888184,0.028341943,0.023924367,-0.000464167,0.000346536,-0.000260696,0,0,0,0,1,0,0,1.415120986,2.427915051,1.394918578,74.7940811,168.3107491,92.99234514,103.62373,401.6867474,126.9871246,0,0,0,0,1,0,0
20:39.3,1,1,1,1,1,1,1,827206,0.066071445,0.035505814,0.043962132,0.022675266,0.028032185,0.023761614,-0.000448271,0.000349715,-0.000257517,0,0,0,0,1,0,0,1.413037117,2.426269318,1.395245518,74.79739657,168.3133501,92.99280879,103.4789751,401.4086882,127.0421843,0,0,0,0,1,0,0
20:39.3,1,1,1,1,1,1,1,827207,0.066110855,0.034914009,0.043185038,0.022503481,0.027402168,0.02334977,-0.00045145,0.000330639,-0.000219367,0,0,0,0,1,0,0,1.413498076,2.426536966,1.397604787,74.79990147,168.3210814,93.00506684,103.495774,401.4662286,127.2684209,0,0,0,0,1,0,0
20:39.4,1,1,1,1,1,1,1,827208,0.066110855,0.035211155,0.043425625,0.022286888,0.027260187,0.023597739,-0.000454629,0.000330639,-0.000222546,0,0,0,0,1,0,0,1.413634635,2.426138584,1.397996754,74.79991372,168.3215971,93.00094645,103.5075518,401.4124776,127.2945779,0,0,0,0,1,0,0
20:39.5,1,1,1,1,1,1,1,827209,0.066542829,0.035579098,0.044139519,0.022243316,0.027153214,0.023432718,-0.000454629,0.000349715,-0.000232083,0,0,0,0,1,0,0,1.416445702,2.426884007,1.400223483,74.80018937,168.3311009,93.00261389,103.7506514,401.5322622,127.4833481,0,0,0,0,1,0,0
20:39.5,1,1,1,1,1,1,1,827210,0.066855238,0.034839327,0.04419849,0.022199659,0.026684709,0.023266526,-0.000438733,0.000340177,-0.000251159,0,0,0,0,1,0,0,1.417928903,2.429254953,1.399796343,74.79460994,168.325873,93.00384189,103.8547629,401.8846311,127.4772582,0,0,0,0,1,0,0
20:39.6,1,1,1,1,1,1,1,827211,0.067166194,0.035358792,0.04419849,0.022632442,0.026829736,0.023182984,-0.000460988,0.000365611,-0.0002448,0,0,0,0,1,0,0,1.419502506,2.429412676,1.401592088,74.79367669,168.3264671,93.00306561,103.9782332,401.9443862,127.6704713,0,0,0,0,1,0,0
20:39.6,1,1,1,1,1,1,1,827212,0.066972016,0.035137104,0.044374931,0.022068169,0.026757321,0.02293053,-0.000435554,0.00032746,-0.000235263,0,0,0,0,1,0,0,1.41961433,2.431255557,1.401282915,74.79115588,168.3277806,93.01131213,103.9690781,402.2348567,127.6501221,0,0,0,0,1,0,0
20:39.6,1,1,1,1,1,1,1,827213,0.066777273,0.035285051,0.043365604,0.021935891,0.026829736,0.023266526,-0.000445091,0.000346536,-0.0002448,0,0,0,0,1,0,0,1.420376271,2.433316122,1.402058018,74.78361965,168.3347147,93.02312852,104.0022216,402.6163117,127.7193055,0,0,0,0,1,0,0
20:39.7,1,1,1,1,1,1,1,827214,0.067552877,0.035652231,0.043003715,0.02175827,0.026757321,0.022972798,-0.000495959,0.000378328,-0.000225725,0,0,0,0,1,0,0,1.421187391,2.433487145,1.404054947,74.77680164,168.331769,93.03326365,104.0435633,402.6262756,127.9264399,0,0,0,0,1,0,0
20:39.7,1,1,1,1,1,1,1,827215,0.068167006,0.035870735,0.043003715,0.021624096,0.026937994,0.023308185,-0.000486421,0.000413299,-0.000257517,0,0,0,0,1,0,0,1.420165064,2.433396037,1.405620846,74.77005714,168.341373,93.04478606,103.9652206,402.7178505,128.0803136,0,0,0,0,1,0,0
20:39.8,1,1,1,1,1,1,1,827216,0.06774539,0.036087916,0.042882406,0.021891621,0.026793553,0.023308185,-0.000511855,0.000391045,-0.000238442,0,0,0,0,1,0,0,1.420655184,2.433809159,1.405835783,74.77417791,168.3541905,93.04579657,104.0016475,402.8771946,128.0810985,0,0,0,0,1,0,0
20:39.8,1,1,1,1,1,1,1,827217,0.067475718,0.037014311,0.04354542,0.022112086,0.027188919,0.023761614,-0.000527751,0.000397403,-0.000241621,0,0,0,0,1,0,0,1.418695421,2.433689772,1.404803328,74.77656264,168.3609038,93.04330264,103.8743287,402.8676166,127.9841985,0,0,0,0,1,0,0
20:39.9,1,1,1,1,1,1,1,827218,0.067282432,0.037294726,0.043185038,0.022373777,0.027153214,0.023720752,-0.000521393,0.00041012,-0.000213008,0,0,0,0,1,0,0,1.417111629,2.433174105,1.403754623,74.77995347,168.3594309,93.03981544,103.7489224,402.722492,127.8555313,0,0,0,0,1,0,0
20:39.9,1,1,1,1,1,1,1,827219,0.067937358,0.037224821,0.043124682,0.022718009,0.027260187,0.023883783,-0.000550006,0.000403762,-0.00020347,0,0,0,0,1,0,0,1.415485378,2.432635717,1.402056603,74.78097354,168.3464697,93.03001466,103.6083579,402.6228653,127.701915,0,0,0,0,1,0,0
20:40.0,1,1,1,1,1,1,1,827220,0.068661942,0.03791808,0.042821623,0.023014989,0.027402168,0.024126264,-0.00057226,0.000422837,-0.000193933,0,0,0,0,1,0,0,1.414435093,2.431664039,1.404628383,74.78940553,168.3646774,93.03875959,103.5577114,402.5012107,127.9474127,0,0,0,0,1,0,0
20:40.1,1,1,1,1,1,1,1,827221,0.068548044,0.03771144,0.043003715,0.022675266,0.027260187,0.024206551,-0.000540468,0.000413299,-0.000200291,0,0,0,0,1,0,0,1.413003322,2.42990532,1.404965717,74.77465798,168.335681,93.02678243,103.412468,402.1387577,127.9696053,0,0,0,0,1,0,0
20:40.1,1,1,1,1,1,1,1,827222,0.069115661,0.037014311,0.043003715,0.023141099,0.027153214,0.024564597,-0.000597694,0.000403762,-0.000187574,0,0,0,0,1,0,0,1.409849396,2.42933929,1.404601656,74.76876592,168.3228648,93.0133022,103.1731343,401.9796393,127.9211569,0,0,0,0,1,0,0
20:40.2,1,1,1,1,1,1,1,827223,0.069641262,0.037084614,0.043843476,0.023099139,0.027613771,0.024206551,-0.000604053,0.000419658,-0.000178037,0,0,0,0,1,0,0,1.40934792,2.427165652,1.403730707,74.77751514,168.3260979,93.0048942,103.141344,401.6340447,127.8640013,0,0,0,0,1,0,0
20:40.2,1,1,1,1,1,1,1,827224,0.069040248,0.037642308,0.043843476,0.023057102,0.027718967,0.024126264,-0.000578619,0.000426016,-0.000181216,0,0,0,0,1,0,0,1.407455384,2.426216588,1.402119765,74.77151096,168.2981299,92.97896522,102.9833823,401.4523832,127.636007,0,0,0,0,1,0,0
20:40.2,1,1,1,1,1,1,1,827225,0.068090543,0.037224821,0.043605194,0.023182984,0.027402168,0.023964882,-0.000600873,0.000403762,-0.000155782,0,0,0,0,1,0,0,1.406415667,2.426004028,1.401795845,74.77435605,168.2863484,92.96762017,102.9176366,401.300306,127.5890507,0,0,0,0,1,0,0
20:40.3,1,1,1,1,1,1,1,827226,0.068548044,0.036802597,0.043962132,0.022972798,0.027788876,0.023638814,-0.000578619,0.000419658,-0.000152603,0,0,0,0,1,0,0,1.404220265,2.426996103,1.401331361,74.78336235,168.2997374,92.97459604,102.7614402,401.4460568,127.5592722,0,0,0,0,1,0,0
20:40.3,1,1,1,1,1,1,1,827227,0.069153336,0.036160019,0.043724498,0.022803255,0.027788876,0.023843129,-0.000550006,0.000416478,-0.000168499,0,0,0,0,1,0,0,1.405120731,2.427775355,1.401688838,74.78804453,168.3153726,92.98125637,102.8364887,401.5964781,127.598627,0,0,0,0,1,0,0
20:40.4,1,1,1,1,1,1,1,827228,0.069416492,0.035798048,0.044492171,0.02293053,0.027893411,0.023638814,-0.000546827,0.000400582,-0.000181216,0,0,0,0,1,0,0,1.406625235,2.429991791,1.402991596,74.79753272,168.3301346,92.98557272,102.9680513,402.0810656,127.7285808,0,0,0,0,1,0,0
20:40.4,1,1,1,1,1,1,1,827229,0.068548044,0.035285051,0.04443359,0.022286888,0.027753943,0.023057102,-0.000515034,0.000384686,-0.000168499,0,0,0,0,1,0,0,1.405445401,2.430620541,1.403783545,74.78955908,168.3370252,92.99752687,102.8552675,402.1828681,127.8069058,0,0,0,0,1,0,0
20:40.5,1,1,1,1,1,1,1,827230,0.067706931,0.034914009,0.045015968,0.022112086,0.027543417,0.023099139,-0.000515034,0.000362432,-0.000174857,0,0,0,0,1,0,0,1.4043704,2.429829817,1.404106359,74.79465812,168.3338998,92.98972633,102.7686501,402.0305411,127.7954799,0,0,0,0,1,0,0
20:40.6,1,1,1,1,1,1,1,827231,0.067783827,0.034988532,0.044842049,0.022243316,0.027508173,0.023057102,-0.000495959,0.000346536,-0.000174857,0,0,0,0,1,0,0,1.402043925,2.431696904,1.405470006,74.80128014,168.3479232,92.99983894,102.6282056,402.2892487,127.8948104,0,0,0,0,1,0,0
20:40.6,1,1,1,1,1,1,1,827232,0.067437105,0.035211155,0.044316196,0.022112086,0.027753943,0.022503481,-0.000432375,0.000362432,-0.000187574,0,0,0,0,1,0,0,1.403577707,2.431087478,1.409480934,74.80209085,168.3523979,93.00192862,102.7478311,402.2291181,128.2850607,0,0,0,0,1,0,0
20:40.7,1,1,1,1,1,1,1,827233,0.067860636,0.034914009,0.04443359,0.022199659,0.027295752,0.022503481,-0.000406941,0.000340177,-0.000190753,0,0,0,0,1,0,0,1.402202342,2.430151863,1.411493313,74.79929282,168.3463511,93.002894,102.6571825,402.0314669,128.4424636,0,0,0,0,1,0,0
20:40.7,1,1,1,1,1,1,1,827234,0.067127403,0.034538982,0.044316196,0.022503481,0.027472884,0.022888184,-0.000406941,0.00032746,-0.00020665,0,0,0,0,1,0,0,1.404850065,2.430412892,1.414949871,74.80998196,168.3870791,93.02508885,102.8650571,402.1551301,128.8205294,0,0,0,0,1,0,0
20:40.7,1,1,1,1,1,1,1,827235,0.067552877,0.034839327,0.044842049,0.022417095,0.027437549,0.023014989,-0.000362432,0.00032746,-0.000225725,0,0,0,0,1,0,0,1.404280238,2.428819369,1.416725767,74.82618926,168.3972793,93.02260037,102.8562835,401.9533375,128.979314,0,0,0,0,1,0,0
20:40.8,1,1,1,1,1,1,1,827236,0.067437105,0.035579098,0.044783926,0.022718009,0.027613771,0.023597739,-0.000352894,0.000340177,-0.000254338,0,0,0,0,1,0,0,1.405657688,2.424983393,1.418535405,74.81571064,168.3680362,93.00872412,102.9541584,401.2641856,129.1318093,0,0,0,0,1,0,0
20:40.8,1,1,1,1,1,1,1,827237,0.067552877,0.035358792,0.045131542,0.022718009,0.027437549,0.023720752,-0.00036879,0.000321102,-0.000273413,0,0,0,0,1,0,0,1.40620123,2.42203957,1.420765097,74.80620785,168.3328805,92.99407502,102.9849427,400.7420777,129.3140267,0,0,0,0,1,0,0
20:40.9,1,1,1,1,1,1,1,827238,0.067552877,0.035870735,0.044725727,0.022589537,0.027613771,0.023843129,-0.000384686,0.000340177,-0.000295668,0,0,0,0,1,0,0,1.409065228,2.422115809,1.422646495,74.79718339,168.3319065,93.00399081,103.172224,400.6835666,129.4984746,0,0,0,0,1,0,0
20:40.9,1,1,1,1,1,1,1,827239,0.068013994,0.035943274,0.044550674,0.022675266,0.028032185,0.024445831,-0.000387865,0.000336998,-0.000302026,0,0,0,0,1,0,0,1.41109241,2.420935737,1.423447201,74.80906819,168.344236,93.00535739,103.3520678,400.5276604,129.5861866,0,0,0,0,1,0,0
20:41.0,1,1,1,1,1,1,1,827240,0.067975687,0.036731755,0.044783926,0.02293053,0.028032185,0.024326485,-0.000394224,0.000349715,-0.00028613,0,0,0,0,1,0,0,1.410903915,2.419668734,1.421418006,74.80696171,168.3618863,93.0267383,103.3363315,400.4031945,129.4690756,0,0,0,0,1,0,0
20:41.0,1,1,1,1,1,1,1,827241,0.067706931,0.036802597,0.045015968,0.022803255,0.02792817,0.024246595,-0.000413299,0.000371969,-0.000282951,0,0,0,0,1,0,0,1.412215475,2.418200492,1.418646095,74.80785947,168.3704536,93.02357472,103.4238135,400.2672321,129.2241429,0,0,0,0,1,0,0
20:41.1,1,1,1,1,1,1,1,827242,0.067822243,0.036802597,0.044783926,0.022888184,0.027718967,0.024682791,-0.000460988,0.000378328,-0.000279772,0,0,0,0,1,0,0,1.414453303,2.420942901,1.415200727,74.80404553,168.3556651,93.01664758,103.5623638,400.6370864,128.8812727,0,0,0,0,1,0,0
20:41.2,1,1,1,1,1,1,1,827243,0.066855238,0.036873304,0.045015968,0.023057102,0.027753943,0.024445831,-0.000467346,0.000384686,-0.000282951,0,0,0,0,1,0,0,1.415989893,2.421882796,1.413803127,74.80706981,168.3542915,93.01811065,103.6659192,400.7762254,128.7508544,0,0,0,0,1,0,0
20:41.2,1,1,1,1,1,1,1,827244,0.067282432,0.036087916,0.045073792,0.023224793,0.027718967,0.023964882,-0.000470525,0.000365611,-0.000273413,0,0,0,0,1,0,0,1.415029873,2.422322018,1.411693122,74.80486506,168.3408798,93.01617402,103.5818631,400.8407897,128.5317425,0,0,0,0,1,0,0
20:41.3,1,1,1,1,1,1,1,827245,0.066855238,0.036015668,0.044783926,0.023099139,0.027613771,0.023597739,-0.000483242,0.000356073,-0.000263876,0,0,0,0,1,0,0,1.41402131,2.423651155,1.409389941,74.79458046,168.3477411,93.03291612,103.4865512,401.0820716,128.3535756,0,0,0,0,1,0,0
20:41.3,1,1,1,1,1,1,1,827246,0.067321134,0.036015668,0.045246821,0.02293053,0.027578617,0.023391281,-0.000486421,0.000352894,-0.000270234,0,0,0,0,1,0,0,1.411470248,2.424928486,1.407828997,74.79599615,168.3621755,93.04898524,103.3018433,401.3122654,128.2286451,0,0,0,0,1,0,0
20:41.3,1,1,1,1,1,1,1,827247,0.067049755,0.036731755,0.045246821,0.022972798,0.028032185,0.022888184,-0.000473704,0.000387865,-0.000251159,0,0,0,0,1,0,0,1.408743858,2.42736334,1.40466853,74.79604851,168.3751485,93.05758171,103.0773838,401.7218125,127.9458539,0,0,0,0,1,0,0
20:41.3,1,1,1,1,1,1,1,827248,0.066972016,0.036375473,0.045015968,0.022632442,0.027893411,0.022972798,-0.000476884,0.000375149,-0.000238442,0,0,0,0,1,0,0,1.40500693,2.425444959,1.401661406,74.78776845,168.3451044,93.03429372,102.7926334,401.3405489,127.6496373,0,0,0,0,1,0,0
20:41.4,1,1,1,1,1,1,1,827249,0.066699216,0.037154783,0.044900097,0.022675266,0.027437549,0.023224793,-0.000473704,0.000391045,-0.000254338,0,0,0,0,1,0,0,1.403376242,2.424019619,1.400994687,74.77752783,168.3272234,93.02541851,102.65423,401.0990294,127.574592,0,0,0,0,1,0,0
20:41.5,1,1,1,1,1,1,1,827250,0.066855238,0.036873304,0.044374931,0.02254655,0.027472884,0.023391281,-0.000476884,0.000384686,-0.000276593,0,0,0,0,1,0,0,1.403010045,2.424636547,1.400811178,74.77116028,168.299132,93.00044066,102.6162382,401.1454205,127.4790096,0,0,0,0,1,0,0
20:41.5,1,1,1,1,1,1,1,827251,0.067783827,0.037224821,0.04419849,0.022718009,0.027613771,0.023720752,-0.000486421,0.000381507,-0.000298847,0,0,0,0,1,0,0,1.402383339,2.422550435,1.401013396,74.77313654,168.3011004,93.00518421,102.5634291,400.8393843,127.5078643,0,0,0,0,1,0,0
20:41.6,1,1,1,1,1,1,1,827252,0.068090543,0.037364501,0.043962132,0.022675266,0.027543417,0.023556592,-0.000460988,0.000391045,-0.000292489,0,0,0,0,1,0,0,1.400301079,2.416381908,1.402642115,74.76845505,168.3017463,93.00000954,102.4141245,399.832515,127.6400601,0,0,0,0,1,0,0
20:41.6,1,1,1,1,1,1,1,827253,0.068661942,0.037780446,0.04354542,0.022845759,0.027402168,0.023843129,-0.000499138,0.000394224,-0.000305206,0,0,0,0,1,0,0,1.398245729,2.41604438,1.403687941,74.75663179,168.285258,92.99136168,102.2672066,399.7349649,127.7510185,0,0,0,0,1,0,0
20:41.7,1,1,1,1,1,1,1,827254,0.068586031,0.038867875,0.043365604,0.022888184,0.02733127,0.024326485,-0.000518214,0.000426016,-0.000317922,0,0,0,0,1,0,0,1.397777774,2.417663562,1.40313127,74.76901645,168.3015027,92.99411422,102.2649013,400.0022567,127.7160122,0,0,0,0,1,0,0
20:41.8,1,1,1,1,1,1,1,827255,0.068281541,0.039400336,0.043784027,0.023266526,0.027543417,0.024045709,-0.000508676,0.000454629,-0.000308385,0,0,0,0,1,0,0,1.398040805,2.416875788,1.403643406,74.7790013,168.3001006,92.98145355,102.299006,399.8154108,127.7383421,0,0,0,0,1,0,0
20:41.8,1,1,1,1,1,1,1,827256,0.068167006,0.038800803,0.04324531,0.023597739,0.027081664,0.024366332,-0.000546827,0.000435554,-0.000292489,0,0,0,0,1,0,0,1.398903666,2.417907272,1.403379996,74.77206228,168.2846939,92.97004399,102.3204745,399.9472432,127.6844301,0,0,0,0,1,0,0
20:41.8,1,1,1,1,1,1,1,827257,0.068013994,0.03798671,0.042943103,0.023883783,0.02653889,0.024564597,-0.000565902,0.000416478,-0.000292489,0,0,0,0,1,0,0,1.401146334,2.418607366,1.403829725,74.77637039,168.285544,92.96566483,102.4875787,400.0761455,127.7090564,0,0,0,0,1,0,0
20:41.9,1,1,1,1,1,1,1,827258,0.067591423,0.037849325,0.043425625,0.024166441,0.027009924,0.024406114,-0.000543647,0.000403762,-0.000282951,0,0,0,0,1,0,0,1.401951756,2.420079894,1.403610122,74.78617322,168.2939598,92.96404175,102.5428066,400.3637929,127.6753441,0,0,0,0,1,0,0
20:41.9,1,1,1,1,1,1,1,827259,0.067937358,0.037014311,0.04354542,0.024485484,0.027045818,0.024246595,-0.00057226,0.000397403,-0.000282951,0,0,0,0,1,0,0,1.400565186,2.419957917,1.402649543,74.7885392,168.2978555,92.96243671,102.4405089,400.3307863,127.5882578,0,0,0,0,1,0,0
20:42.0,1,1,1,1,1,1,1,827260,0.067937358,0.037294726,0.043605194,0.024206551,0.027260187,0.024406114,-0.000565902,0.00041012,-0.000270234,0,0,0,0,1,0,0,1.400926134,2.420303268,1.402860338,74.80514832,168.3301969,92.98142811,102.4752155,400.4762984,127.6602129,0,0,0,0,1,0,0
20:42.0,1,1,1,1,1,1,1,827261,0.066894187,0.036943875,0.043784027,0.024206551,0.027260187,0.024206551,-0.000591336,0.000403762,-0.0002448,0,0,0,0,1,0,0,1.402154354,2.422430265,1.403462306,74.80525441,168.3266483,92.97952768,102.5749414,400.7654116,127.728055,0,0,0,0,1,0,0
20:42.1,1,1,1,1,1,1,1,827262,0.065874039,0.036660776,0.044080469,0.024126264,0.027224576,0.024326485,-0.000594515,0.000394224,-0.000270234,0,0,0,0,1,0,0,1.403078424,2.425663544,1.400555206,74.81730557,168.3326934,92.99504708,102.6592701,401.3394983,127.5000047,0,0,0,0,1,0,0
20:42.1,1,1,1,1,1,1,1,827263,0.065913568,0.036303797,0.044374931,0.024005329,0.027578617,0.024406114,-0.000600873,0.000394224,-0.000282951,0,0,0,0,1,0,0,1.403563377,2.42545331,1.399137836,74.82439712,168.3462407,93.00504476,102.7004773,401.3592169,127.3605045,0,0,0,0,1,0,0
20:42.2,1,1,1,1,1,1,1,827264,0.066071445,0.035725214,0.044080469,0.024045709,0.027788876,0.024366332,-0.000584977,0.000378328,-0.000254338,0,0,0,0,1,0,0,1.405418219,2.424837778,1.399379708,74.81794733,168.3460436,93.00472479,102.823974,401.3002443,127.39794,0,0,0,0,1,0,0
20:42.2,1,1,1,1,1,1,1,827265,0.066110855,0.034914009,0.043902844,0.023556592,0.027613771,0.024682791,-0.000578619,0.000349715,-0.000276593,0,0,0,0,1,0,0,1.407202236,2.425869451,1.398768535,74.80807797,168.3407439,93.00425458,102.9466422,401.4996324,127.3270283,0,0,0,0,1,0,0
20:42.3,1,1,1,1,1,1,1,827266,0.066110855,0.034988532,0.043305499,0.023515373,0.02785861,0.024286573,-0.000600873,0.000365611,-0.000282951,0,0,0,0,1,0,0,1.408167798,2.425873506,1.400100056,74.81786819,168.3517222,93.00552904,103.0533941,401.5396296,127.4509429,0,0,0,0,1,0,0
20:42.4,1,1,1,1,1,1,1,827267,0.066346826,0.035211155,0.043185038,0.023432718,0.027788876,0.024045709,-0.000610411,0.000365611,-0.000270234,0,0,0,0,1,0,0,1.408349672,2.424170276,1.400119309,74.82158775,168.3443546,92.99425581,103.0966788,401.2544644,127.4674273,0,0,0,0,1,0,0
20:42.4,1,1,1,1,1,1,1,827268,0.06708859,0.035652231,0.043305499,0.023141099,0.027578617,0.024326485,-0.000619949,0.000384686,-0.00028613,0,0,0,0,1,0,0,1.408453854,2.424324993,1.402321028,74.81890906,168.3547528,93.000605,103.1316323,401.2792102,127.6932151,0,0,0,0,1,0,0
20:42.4,1,1,1,1,1,1,1,827269,0.066228946,0.036303797,0.042760754,0.022718009,0.027753943,0.024126264,-0.00057544,0.000391045,-0.000276593,0,0,0,0,1,0,0,1.410479965,2.427628469,1.404431042,74.82094421,168.35596,93.00372963,103.2890031,401.860109,127.9072408,0,0,0,0,1,0,0
20:42.4,1,1,1,1,1,1,1,827270,0.065913568,0.036015668,0.042516405,0.023099139,0.027788876,0.023597739,-0.000600873,0.000381507,-0.000263876,0,0,0,0,1,0,0,1.409298532,2.42877622,1.406446825,74.81392103,168.3387342,92.99348746,103.2236332,401.9467365,128.0871532,0,0,0,0,1,0,0
20:42.5,1,1,1,1,1,1,1,827271,0.065992554,0.035505814,0.042455098,0.022972798,0.027683946,0.023556592,-0.00057544,0.000365611,-0.000279772,0,0,0,0,1,0,0,1.4090413,2.429419336,1.407879919,74.81479314,168.3301969,92.98280752,103.2061937,402.0679105,128.1805245,0,0,0,0,1,0,0
20:42.6,1,1,1,1,1,1,1,827272,0.066777273,0.035725214,0.043124682,0.023057102,0.027718967,0.023474082,-0.000597694,0.000365611,-0.0002448,0,0,0,0,1,0,0,1.40852125,2.431713311,1.409940329,74.82694982,168.343884,92.97781258,103.191417,402.4389559,128.353869,0,0,0,0,1,0,0
20:42.6,1,1,1,1,1,1,1,827273,0.06708859,0.035285051,0.043485564,0.023057102,0.027718967,0.023515373,-0.000607232,0.000359252,-0.000216187,0,0,0,0,1,0,0,1.408436183,2.43278181,1.4089995,74.83227326,168.3497704,92.97692366,103.1986113,402.59329,128.2973744,0,0,0,0,1,0,0
20:42.7,1,1,1,1,1,1,1,827274,0.067282432,0.034914009,0.043605194,0.023014989,0.027543417,0.023224793,-0.000619949,0.000346536,-0.000238442,0,0,0,0,1,0,0,1.406181164,2.4316143,1.406621662,74.83047531,168.3362304,92.97020696,103.0390568,402.3223008,128.0483674,0,0,0,0,1,0,0
20:42.7,1,1,1,1,1,1,1,827275,0.068013994,0.034914009,0.043485564,0.023391281,0.027613771,0.023432718,-0.000632666,0.00036879,-0.000251159,0,0,0,0,1,0,0,1.406171799,2.430045864,1.405297733,74.84130762,168.3565189,92.98470566,103.0482626,402.1021577,127.9670472,0,0,0,0,1,0,0
20:42.8,1,1,1,1,1,1,1,827276,0.067783827,0.035211155,0.04419849,0.023308185,0.027893411,0.023679818,-0.000607232,0.000381507,-0.000267055,0,0,0,0,1,0,0,1.40383893,2.428537437,1.403557808,74.84669505,168.3650765,92.98222926,102.8997683,401.8025897,127.8168986,0,0,0,0,1,0,0
20:42.8,1,1,1,1,1,1,1,827277,0.068243384,0.035870735,0.044609102,0.02293053,0.028239068,0.024126264,-0.000565902,0.000394224,-0.000263876,0,0,0,0,1,0,0,1.401443633,2.428267157,1.402551975,74.85352679,168.3851976,92.99086525,102.6972495,401.7253337,127.7118395,0,0,0,0,1,0,0
20:42.9,1,1,1,1,1,1,1,827278,0.067706931,0.035652231,0.044021341,0.023266526,0.028170276,0.024005329,-0.000588157,0.000403762,-0.000276593,0,0,0,0,1,0,0,1.401026426,2.426263369,1.401400456,74.85611335,168.3918187,93.00177359,102.6504735,401.4462372,127.6109226,0,0,0,0,1,0,0
20:42.9,1,1,1,1,1,1,1,827279,0.068395883,0.03468948,0.044492171,0.023720752,0.028239068,0.024206551,-0.00061359,0.000384686,-0.000289309,0,0,0,0,1,0,0,1.398608104,2.424005082,1.398436387,74.85925841,168.3997992,93.00721609,102.4684233,401.0011725,127.2997381,0,0,0,0,1,0,0
20:43.0,1,1,1,1,1,1,1,827280,0.068586031,0.035505814,0.044374931,0.023802407,0.028307693,0.024366332,-0.000594515,0.000391045,-0.000308385,0,0,0,0,1,0,0,1.399427911,2.421454744,1.395308455,74.86501455,168.4227631,93.02167761,102.5134284,400.6879891,127.0094365,0,0,0,0,1,0,0
20:43.0,1,1,1,1,1,1,1,827281,0.069454004,0.035870735,0.04419849,0.023883783,0.028512576,0.024126264,-0.000610411,0.000400582,-0.000289309,0,0,0,0,1,0,0,1.399394408,2.421502554,1.393023059,74.86424943,168.4268193,93.02950431,102.5121522,400.6677697,126.8192222,0,0,0,0,1,0,0
20:43.0,1,1,1,1,1,1,1,827282,0.069378959,0.035943274,0.043605194,0.023802407,0.028341943,0.024206551,-0.000591336,0.000394224,-0.000305206,0,0,0,0,1,0,0,1.399666544,2.420637354,1.3917484,74.83770399,168.3974787,93.0261514,102.5009159,400.4844459,126.6894736,0,0,0,0,1,0,0
20:43.1,1,1,1,1,1,1,1,827283,0.069378959,0.036015668,0.043365604,0.023679818,0.028239068,0.024246595,-0.000556364,0.000384686,-0.000324281,0,0,0,0,1,0,0,1.400819532,2.421536253,1.392617046,74.83474864,168.3937631,93.02782192,102.5898927,400.631937,126.7619719,0,0,0,0,1,0,0
20:43.2,1,1,1,1,1,1,1,827284,0.06956642,0.035652231,0.043843476,0.023432718,0.028376152,0.024485484,-0.000565902,0.000381507,-0.00032746,0,0,0,0,1,0,0,1.403261783,2.423104228,1.393491084,74.83899425,168.3948161,93.02575048,102.7769716,400.8735836,126.8434781,0,0,0,0,1,0,0
20:43.2,1,1,1,1,1,1,1,827285,0.069790707,0.035798048,0.044080469,0.023597739,0.028580544,0.024246595,-0.000578619,0.000378328,-0.000317922,0,0,0,0,1,0,0,1.402919796,2.424942829,1.395280128,74.8323784,168.3750321,93.01047994,102.7429544,401.136248,126.977804,0,0,0,0,1,0,0
20:43.3,1,1,1,1,1,1,1,827286,0.069939833,0.035211155,0.044139519,0.023391281,0.028648351,0.023924367,-0.000569081,0.000349715,-0.000273413,0,0,0,0,1,0,0,1.405846063,2.426778598,1.396201004,74.82153631,168.3745024,93.02246341,102.9274507,401.5247616,127.0794104,0,0,0,0,1,0,0
20:43.3,1,1,1,1,1,1,1,827287,0.070200041,0.034764484,0.04419849,0.023515373,0.028580544,0.023964882,-0.000604053,0.000352894,-0.000292489,0,0,0,0,1,0,0,1.407609491,2.4288146,1.398268096,74.80490295,168.3553447,93.02241483,103.0613488,401.8726126,127.2881611,0,0,0,0,1,0,0
20:43.4,1,1,1,1,1,1,1,827288,0.071340981,0.034463487,0.044374931,0.023597739,0.028239068,0.024005329,-0.000597694,0.000311564,-0.000279772,0,0,0,0,1,0,0,1.406633054,2.429789083,1.398717931,74.81349497,168.3651973,93.02305708,103.0162959,402.0928397,127.335351,0,0,0,0,1,0,0
20:43.4,1,1,1,1,1,1,1,827289,0.071850306,0.034988532,0.044900097,0.02334977,0.028376152,0.023883783,-0.000607232,0.000324281,-0.00028613,0,0,0,0,1,0,0,1.408617406,2.429652812,1.401500169,74.81458457,168.3804691,93.03509923,103.1728035,402.2006047,127.6236885,0,0,0,0,1,0,0
20:43.5,1,1,1,1,1,1,1,827290,0.072356046,0.034006997,0.045189218,0.023391281,0.028101316,0.023883783,-0.000632666,0.000314743,-0.000282951,0,0,0,0,1,0,0,1.408138099,2.431660712,1.404153824,74.80397848,168.3565451,93.01796251,103.1380874,402.4124291,127.8397087,0,0,0,0,1,0,0
20:43.5,1,1,1,1,1,1,1,827291,0.071922772,0.034538982,0.045648004,0.023308185,0.028307693,0.024445831,-0.000639024,0.000330639,-0.000292489,0,0,0,0,1,0,0,1.40698,2.430567906,1.404676713,74.80967949,168.366822,93.02249499,103.0526887,402.307991,127.8846119,0,0,0,0,1,0,0
20:43.5,1,1,1,1,1,1,1,827292,0.072392035,0.034006997,0.045875676,0.023308185,0.028376152,0.024406114,-0.000607232,0.000330639,-0.000292489,0,0,0,0,1,0,0,1.404864897,2.429531076,1.407043792,74.8340574,168.3967894,93.02635765,102.8985604,402.2115098,128.122161,0,0,0,0,1,0,0
20:43.6,1,1,1,1,1,1,1,827293,0.07246396,0.034538982,0.045533741,0.023391281,0.028478531,0.024564597,-0.000581798,0.000343356,-0.000276593,0,0,0,0,1,0,0,1.405113111,2.426967947,1.408968631,74.83425323,168.3982721,93.02495106,102.8863888,401.805817,128.2971573,0,0,0,0,1,0,0
20:43.6,1,1,1,1,1,1,1,827294,0.073392565,0.034914009,0.045818864,0.023556592,0.028273401,0.024682791,-0.000581798,0.000340177,-0.000279772,0,0,0,0,1,0,0,1.40376698,2.426854663,1.410675916,74.83175093,168.4061349,93.03567224,102.7885674,401.7962865,128.4985722,0,0,0,0,1,0,0
20:43.7,1,1,1,1,1,1,1,827295,0.072894017,0.035432379,0.045189218,0.023224793,0.028204693,0.025034026,-0.000565902,0.000340177,-0.000276593,0,0,0,0,1,0,0,1.404340724,2.427487318,1.411907017,74.86019545,168.4636897,93.06405288,102.8587679,402.086312,128.6320402,0,0,0,0,1,0,0
20:43.8,1,1,1,1,1,1,1,827296,0.073392565,0.036087916,0.045818864,0.023224793,0.027683946,0.025072749,-0.000565902,0.000336998,-0.000295668,0,0,0,0,1,0,0,1.402062296,2.428041626,1.411842126,74.86152658,168.4591789,93.05840987,102.6977331,402.1611165,128.6083559,0,0,0,0,1,0,0
20:43.8,1,1,1,1,1,1,1,827297,0.072392035,0.036160019,0.046271407,0.023474082,0.027962885,0.025418596,-0.000546827,0.000343356,-0.000308385,0,0,0,0,1,0,0,1.400791331,2.427843285,1.41119129,74.86200927,168.4544434,93.05352303,102.6033823,402.0806094,128.5396697,0,0,0,0,1,0,0
20:43.9,1,1,1,1,1,1,1,827298,0.072392035,0.03623198,0.047108209,0.023014989,0.028273401,0.024956401,-0.000511855,0.000340177,-0.000308385,0,0,0,0,1,0,0,1.401360821,2.429948915,1.41097424,74.84782618,168.4470723,93.05591419,102.6222894,402.344955,128.5347999,0,0,0,0,1,0,0
20:43.9,1,1,1,1,1,1,1,827299,0.071922772,0.036447008,0.046552012,0.023057102,0.028307693,0.025418596,-0.000499138,0.000349715,-0.000311564,0,0,0,0,1,0,0,1.399876916,2.43187017,1.411786778,74.85876654,168.4568002,93.05898159,102.5310958,402.6757857,128.6091355,0,0,0,0,1,0,0
20:44.0,1,1,1,1,1,1,1,827300,0.072392035,0.036375473,0.047438797,0.022460329,0.028066772,0.025072749,-0.000429195,0.000333819,-0.000317922,0,0,0,0,1,0,0,1.399397717,2.432584562,1.410622809,74.8565531,168.455827,93.06485386,102.4734407,402.85573,128.5160725,0,0,0,0,1,0,0
20:44.0,1,1,1,1,1,1,1,827301,0.072103619,0.035579098,0.047108209,0.022155916,0.02792817,0.024722064,-0.000416478,0.000321102,-0.000308385,0,0,0,0,1,0,0,1.399822439,2.434855821,1.41148722,74.8437555,168.4369277,93.05971641,102.4806836,403.1778472,128.5781386,0,0,0,0,1,0,0
20:44.1,1,1,1,1,1,1,1,827302,0.072284014,0.035943274,0.047493671,0.021935891,0.027962885,0.024525072,-0.000419658,0.000317922,-0.000317922,0,0,0,0,1,0,0,1.399360905,2.437625552,1.409124671,74.82901376,168.4203433,93.05588502,102.4611026,403.6025681,128.333692,0,0,0,0,1,0,0
20:44.1,1,1,1,1,1,1,1,827303,0.071632467,0.035505814,0.047821595,0.022112086,0.027997556,0.024366332,-0.000441912,0.000314743,-0.000336998,0,0,0,0,1,0,0,1.39785821,2.439713005,1.406693672,74.82602237,168.4083444,93.0454018,102.3576744,403.9248247,128.0950441,0,0,0,0,1,0,0
20:44.1,1,1,1,1,1,1,1,827304,0.071559707,0.035432379,0.048093156,0.021935891,0.027788876,0.024126264,-0.000426016,0.000314743,-0.000333819,0,0,0,0,1,0,0,1.394262217,2.441505902,1.404730928,74.81092509,168.3932999,93.03652134,102.0700932,404.2683396,127.8816831,0,0,0,0,1,0,0
20:44.2,1,1,1,1,1,1,1,827305,0.071995166,0.035137104,0.04841702,0.021935891,0.027788876,0.024045709,-0.000457808,0.000314743,-0.000336998,0,0,0,0,1,0,0,1.391742104,2.439857003,1.404337131,74.78155105,168.3360196,93.00793136,101.8309113,403.8236634,127.8096833,0,0,0,0,1,0,0
20:44.2,1,1,1,1,1,1,1,827306,0.072175831,0.034463487,0.047984716,0.021579186,0.028032185,0.023924367,-0.000435554,0.000295668,-0.000324281,0,0,0,0,1,0,0,1.391145584,2.438906948,1.403981742,74.78251844,168.3328558,93.00640062,101.7582783,403.6765968,127.8000713,0,0,0,0,1,0,0
20:44.3,1,1,1,1,1,1,1,827307,0.072356046,0.034614313,0.047438797,0.02175827,0.027962885,0.023266526,-0.000441912,0.000298847,-0.000305206,0,0,0,0,1,0,0,1.391969995,2.438791366,1.40425923,74.79279261,168.3587958,93.02292845,101.823052,403.7514642,127.830878,0,0,0,0,1,0,0
20:44.4,1,1,1,1,1,1,1,827308,0.072428006,0.034387826,0.047273792,0.021534183,0.027997556,0.02408602,-0.000432375,0.000302026,-0.000289309,0,0,0,0,1,0,0,1.392514932,2.438936612,1.402065803,74.80072927,168.3533034,93.00737944,101.8651222,403.7374122,127.5777236,0,0,0,0,1,0,0
20:44.4,1,1,1,1,1,1,1,827309,0.072284014,0.034463487,0.047108209,0.021624096,0.028170276,0.024126264,-0.000422837,0.000292489,-0.000270234,0,0,0,0,1,0,0,1.393561697,2.438363656,1.397672883,74.78134888,168.330491,92.99819663,101.93194,403.5852621,127.1686351,0,0,0,0,1,0,0
20:44.5,1,1,1,1,1,1,1,827310,0.071995166,0.034159838,0.046607931,0.021847261,0.028614468,0.024326485,-0.000435554,0.000289309,-0.00024798,0,0,0,0,1,0,0,1.396009389,2.437143007,1.395321967,74.78127312,168.3341594,92.99979189,102.1236137,403.3705839,126.9547062,0,0,0,0,1,0,0
20:44.5,1,1,1,1,1,1,1,827311,0.072392035,0.034538982,0.046496027,0.021935891,0.028580544,0.024326485,-0.000406941,0.00028613,-0.000257517,0,0,0,0,1,0,0,1.396355245,2.435623525,1.392878751,74.80831806,168.3677143,93.00126914,102.2041844,403.1572063,126.7633851,0,0,0,0,1,0,0
20:44.6,1,1,1,1,1,1,1,827312,0.071995166,0.034914009,0.045818864,0.022460329,0.028614468,0.024406114,-0.000406941,0.000289309,-0.000235263,0,0,0,0,1,0,0,1.398344559,2.43199892,1.391793969,74.81456693,168.3890384,93.0177299,102.3501876,402.6325416,126.7080683,0,0,0,0,1,0,0
20:44.6,1,1,1,1,1,1,1,827313,0.072679306,0.034914009,0.045818864,0.021847261,0.028444446,0.023924367,-0.000397403,0.000263876,-0.00020347,0,0,0,0,1,0,0,1.40022316,2.431611426,1.391755886,74.81668793,168.4039815,93.03584384,102.4898188,402.6540878,126.7018983,0,0,0,0,1,0,0
20:44.6,1,1,1,1,1,1,1,827314,0.071777767,0.034914009,0.04495807,0.022286888,0.028951517,0.023843129,-0.000406941,0.000267055,-0.000200291,0,0,0,0,1,0,0,1.402712769,2.427902164,1.391574784,74.82459108,168.410782,93.04794047,102.6745695,402.053459,126.6948856,0,0,0,0,1,0,0
20:44.7,1,1,1,1,1,1,1,827315,0.071377482,0.034988532,0.045131542,0.022199659,0.028783486,0.023883783,-0.00036879,0.000263876,-0.00020347,0,0,0,0,1,0,0,1.40276538,2.427834223,1.39105975,74.813322,168.3971427,93.05379262,102.6949791,401.9794362,126.6490534,0,0,0,0,1,0,0
20:44.7,1,1,1,1,1,1,1,827316,0.070311263,0.035798048,0.04443359,0.022718009,0.028884422,0.024045709,-0.000384686,0.000279772,-0.000216187,0,0,0,0,1,0,0,1.403271373,2.426561048,1.391048635,74.81102459,168.3939953,93.05823752,102.7543314,401.7455077,126.6180996,0,0,0,0,1,0,0
20:44.8,1,1,1,1,1,1,1,827317,0.07042231,0.035505814,0.04419849,0.022503481,0.028985006,0.024206551,-0.000394224,0.000263876,-0.000213008,0,0,0,0,1,0,0,1.403966431,2.425158565,1.390140763,74.80981484,168.3912019,93.05534164,102.8145885,401.498782,126.5526958,0,0,0,0,1,0,0
20:44.8,1,1,1,1,1,1,1,827318,0.069416492,0.035652231,0.043485564,0.022760672,0.028749761,0.023964882,-0.000429195,0.000267055,-0.000228904,0,0,0,0,1,0,0,1.405366429,2.422219257,1.391385398,74.81154322,168.389622,93.06050779,102.9285938,401.0607018,126.6988641,0,0,0,0,1,0,0
20:44.9,1,1,1,1,1,1,1,827319,0.06956642,0.035505814,0.044139519,0.022675266,0.028341943,0.023474082,-0.000441912,0.000279772,-0.000235263,0,0,0,0,1,0,0,1.405842769,2.421842395,1.39381385,74.82435351,168.3958328,93.05684541,102.9531765,400.9800725,126.950269,0,0,0,0,1,0,0
20:45.0,1,1,1,1,1,1,1,827320,0.069115661,0.03623198,0.044374931,0.023099139,0.028032185,0.023556592,-0.000473704,0.000311564,-0.000260696,0,0,0,0,1,0,0,1.404233352,2.419979672,1.394032149,74.82503498,168.3679955,93.03362348,102.824796,400.6157688,126.9031487,0,0,0,0,1,0,0
20:45.0,1,1,1,1,1,1,1,827321,0.068128786,0.036160019,0.044725727,0.023182984,0.027962885,0.023474082,-0.000499138,0.000333819,-0.000257517,0,0,0,0,1,0,0,1.405256148,2.419744782,1.395927956,74.79860079,168.3439999,93.03134911,102.8576118,400.5706019,127.0641306,0,0,0,0,1,0,0
20:45.1,1,1,1,1,1,1,1,827322,0.067783827,0.036160019,0.045073792,0.022718009,0.028101316,0.023432718,-0.000518214,0.000356073,-0.000282951,0,0,0,0,1,0,0,1.404509804,2.423117329,1.397477637,74.792619,168.3260967,93.01770114,102.7861259,401.0762469,127.1775712,0,0,0,0,1,0,0
20:45.1,1,1,1,1,1,1,1,827323,0.066933112,0.036447008,0.045246821,0.02293053,0.028101316,0.023964882,-0.000502318,0.000391045,-0.000308385,0,0,0,0,1,0,0,1.404452416,2.425491957,1.398128824,74.79905046,168.3319696,93.01753695,102.8003809,401.4555013,127.2622318,0,0,0,0,1,0,0
20:45.1,1,1,1,1,1,1,1,827324,0.066386073,0.036518403,0.045875676,0.022199659,0.027648881,0.024246595,-0.000476884,0.000378328,-0.000311564,0,0,0,0,1,0,0,1.404744071,2.429104826,1.398978613,74.80054548,168.3348834,93.01407706,102.8339387,402.0352658,127.3271264,0,0,0,0,1,0,0
20:45.2,1,1,1,1,1,1,1,827325,0.066346826,0.036873304,0.045476502,0.022417095,0.027962885,0.024126264,-0.00049278,0.000400582,-0.000292489,0,0,0,0,1,0,0,1.40658604,2.430894366,1.40020872,74.806745,168.3463711,93.01265869,102.9618014,402.343488,127.4570401,0,0,0,0,1,0,0
20:45.2,1,1,1,1,1,1,1,827326,0.067591423,0.03623198,0.046271407,0.022024165,0.027508173,0.024005329,-0.000483242,0.000384686,-0.000302026,0,0,0,0,1,0,0,1.408331383,2.434057195,1.400119427,74.79837413,168.3444537,93.01158021,103.0752791,402.8589917,127.4554691,0,0,0,0,1,0,0
20:45.3,1,1,1,1,1,1,1,827327,0.067591423,0.03623198,0.045818864,0.022417095,0.027437549,0.024126264,-0.000511855,0.000375149,-0.000295668,0,0,0,0,1,0,0,1.407905117,2.435335246,1.40071667,74.78532719,168.3216005,93.0057865,103.0075693,403.0197703,127.5015915,0,0,0,0,1,0,0
20:45.3,1,1,1,1,1,1,1,827328,0.068128786,0.035870735,0.046327664,0.022803255,0.027153214,0.023597739,-0.000521393,0.000352894,-0.000305206,0,0,0,0,1,0,0,1.407232262,2.437782495,1.40276302,74.77817338,168.3197325,93.01083255,102.9306248,403.4367902,127.709674,0,0,0,0,1,0,0
