time,event_type,event_num,Event_Abnormal1,Detection_Abnormal1,Event_Abnormal2,Detection_Judgement2,Detection_Abnormal2,index,voltage11,voltage12,voltage13,current11,current12,current13,power11,power12,power13,powerout1,torque1,frequence1,motor_speed1,slip_rate1,heigh1,weight1,voltage21,voltage22,voltage23,current21,current22,current23,power21,power122,power23,powerout2,torque2,frequence2,motor_speed2,slip_rate2,heigh2,weight2
2024-10-20 12:20:49.439079,0.0,1.0,0.0,0.0,0.0,0.0,0.0,792889.0,0.0631280701133826,0.03757304914762413,0.038055216156251626,0.026318646714264433,0.034204882463775475,0.028066771771894115,-0.0006644579892357192,0.0006358449657758078,-0.00025433798631032317,-0.0,0.0,0.0,0.0,1.0,0.0,0.0,30.94031559571757,30.17165025731058,30.9058395948771,262.7537578570117,247.91108602054263,265.0837727105804,5657.6344738465,5498.433033130432,5859.308448825862,4913.255202068638,465.21595361974136,5.093624286647678,100.85236922726335,0.010013660689151289,0.009943011959925493,14589.178686512712
2024-10-20 12:20:49.439079,0.0,1.0,0.0,0.0,0.0,0.0,0.0,792890.0,0.06304549575480341,0.03798670986099516,0.037711440220720746,0.02646567940419046,0.03397722680635423,0.02792816958270741,-0.0006580995395779611,0.000645382640262445,-0.00025751721113920217,-0.0,0.0,0.0,0.0,1.0,0.0,0.0,32.84417300739826,33.094214709074,32.3386271693493,240.85212470221109,247.28343695277803,259.2652355410352,5215.331905667601,5814.119113309274,5715.362228095494,4872.299072192079,410.76269340298774,5.712263859628183,113.2698505510069,0.008538004069197911,0.012777615687135353,11423.562991951727
2024-10-20 12:20:49.439079,0.0,1.0,0.0,0.0,0.0,0.0,0.0,792891.0,0.06333403500029183,0.03825999906698716,0.03757304914762413,0.026829736114304472,0.03414811083549323,0.027858609899147853,-0.0006549203147490821,0.0006644579892357192,-0.00024797953665256506,-0.0,0.0,0.0,0.0,1.0,0.0,0.0,33.88992448147752,34.414874130667535,33.98300978968017,233.1897993850738,245.00817054412337,235.86683607334962,5241.358259967709,5488.396173830573,5227.708166340369,4666.392115119043,369.17884717723945,6.08035206248368,120.70237130942986,0.0074392891311806575,0.01579821993382946,12851.720810278723
2024-10-20 12:20:49.439079,0.0,1.0,0.0,0.0,0.0,0.0,0.0,792892.0,0.06382563902575114,0.03933417265909616,0.038055216156251626,0.02664832946254422,0.03406277598114669,0.027788876097916127,-0.0006739956637223563,0.0006867125630378724,-0.00024797953665256506,-0.0,0.0,0.0,0.0,1.0,0.0,0.0,35.05254656550948,34.19971735016513,35.16354014031209,231.5626948560507,224.1561472648804,222.3124831030159,5195.332539283558,4730.804799609672,4927.129292100883,4357.409445268365,328.3979954407973,6.377366646523879,126.70660514091905,0.006591496429147682,0.018969081495378192,11695.495642637814
2024-10-20 12:20:49.439079,0.0,1.0,0.0,0.0,0.0,0.0,0.0,792893.0,0.06333403500029182,0.03966388649582423,0.037918079796158174,0.02668470945144587,0.033690494027434716,0.02810131550407159,-0.0006930710126956305,0.0007121463616689048,-0.000241621086994807,-0.0,0.0,0.0,0.0,1.0,0.0,0.0,34.49573520129907,35.46012207406155,34.77167641740637,207.55331136752272,211.38430693184472,220.23502179314238,4128.812286357723,4655.266824521665,4715.915948800628,3967.7266079174965,297.96524249259795,6.3957729157120555,127.1591204137836,0.005912795141612018,0.022151267354370962,14124.769734380536
2024-10-20 12:20:49.439079,0.0,1.0,0.0,0.0,0.0,0.0,0.0,792894.0,0.0631280701133826,0.03986040571620479,0.0378493252884673,0.02646567940419046,0.03394866250806731,0.028032185471914422,-0.0006708164388934773,0.0007248632609844209,-0.00024480031182368605,-0.0,0.0,0.0,0.0,1.0,0.0,0.0,34.94442841516535,33.91158920960706,34.528032622659474,201.94996230278642,202.19036939759727,194.63802055583827,4232.078843362353,3897.0456639892104,3781.988492232606,3499.6094221126095,262.65249281371393,6.3957729157120555,127.23583144864286,0.0053130940900721225,0.025335372924427817,12529.188195538885
2024-10-20 12:20:49.439079,0.0,1.0,0.0,0.0,0.0,0.0,0.0,792895.0,0.06300416799175533,0.04070102581168387,0.03893483061427055,0.026318646714264433,0.03428986366919591,0.027858609899147853,-0.0006739956637223563,0.0007534762844443322,-0.0002670548856258393,-0.0,0.0,0.0,0.0,1.0,0.0,0.0,33.04607671460975,33.82313707440808,33.400708417746884,181.32887946413146,184.580009634057,189.18653605328123,3127.3849959776867,3459.8267322698293,3499.4819363356232,2955.0036326908485,225.47340824024826,6.287353113978937,125.15092719833314,0.004740747580410217,0.02846730329225694,12023.926424220388
2024-10-20 12:20:49.439079,0.0,1.0,0.0,0.0,0.0,0.0,0.0,792896.0,0.0630867964443,0.04044423444177086,0.03913501101148131,0.02613369258354722,0.03411968959808029,0.027437548745241652,-0.0006867125630378724,0.0007471178347865742,-0.00025433798631032317,-0.0,0.0,0.0,0.0,1.0,0.0,0.0,31.483394166990546,31.583561604424627,32.27183362249146,172.05621340424304,162.38974241125212,173.3289210765146,2629.4499788932853,2481.4137853465604,2928.8057597835254,2337.601774359172,189.723986917218,5.907256659571338,117.65751397538772,0.004127289909174444,0.03141170929285191,14021.739579954254
2024-10-20 12:20:49.439079,0.0,1.0,0.0,0.0,0.0,0.0,0.0,792897.0,0.06308679644429999,0.039990882024927475,0.03926789767914727,0.026207830867489117,0.034204882463775475,0.02740216826792598,-0.0007121463616689048,0.0007153255864977838,-0.00025433798631032317,-0.0,0.0,0.0,0.0,1.0,0.0,0.0,30.02206212860711,29.17731437377362,29.104279476760638,147.93728412021866,157.0875779363472,151.59703039494985,2007.4929198466866,2049.4384699122484,1720.4171121949353,1648.8292121093466,146.5781481057257,5.389124209324626,107.41818865069982,0.0033799140791965095,0.03409987385242543,13642.971143663332
2024-10-20 12:20:49.439079,0.0,1.0,0.0,0.0,0.0,0.0,0.0,792898.0,0.06254776037030932,0.04044423444177086,0.038733615672373205,0.026355481787173698,0.03403428348265909,0.02733126991297999,-0.0007248632609844209,0.0007248632609844209,-0.00025751721113920217,-0.0,0.0,0.0,0.0,1.0,0.0,0.0,26.665857550603928,26.843473598585334,25.59887084258883,140.9156452393432,143.41772829486885,136.5170713899212,1166.2292534759497,1430.4882949103771,1032.3943756930032,978.6960258619123,97.81044246095904,4.789535889475266,95.55072426698612,0.0025053943435999503,0.036491052421367166,12133.284575199361
2024-10-20 12:20:49.439079,0.0,1.0,0.0,0.0,0.0,0.0,0.0,792899.0,0.06217184388146426,0.03986040571620479,0.038733615672373205,0.026281760015388615,0.03428986366919591,0.02718891858094095,-0.000731221710642179,0.0007026086871822677,-0.00024480031182368605,-0.0,0.0,0.0,0.0,1.0,0.0,0.0,22.60299535048704,23.5666105920399,23.320907935039642,163.34608624375895,127.49043392217838,149.20613330798625,1016.6083353425761,728.7174552840322,1214.4969638571663,745.5836833480796,83.80975724744556,4.2583583007387995,84.95191914933706,0.0025273456369511826,0.038616993485851084,10398.894177943934
2024-10-20 12:20:49.439079,0.0,1.0,0.0,0.0,0.0,0.0,0.0,792900.0,0.06204603226407262,0.03979500713939933,0.038733615672373205,0.026244821472867705,0.03457162570793951,0.027224576194402335,-0.0007280424858133,0.0006994294623533886,-0.00025751721113920217,-0.0,0.0,0.0,0.0,1.0,0.0,0.0,19.36169802645793,20.15293467620762,21.349843518161983,167.18568472736706,138.12024962500286,178.684186406517,998.2408368917324,835.7415929513378,1570.8845100256342,853.5635788186222,109.03220256836397,3.752531096819633,74.75710456844938,0.003910925191160318,0.04048780700078301,11422.532590974713
2024-10-20 12:20:49.439079,0.0,1.0,0.0,0.0,0.0,0.0,0.0,792901.0,0.062464418880434816,0.039925697169818586,0.039201510653345636,0.026355481787173698,0.03423323297213509,0.02733126991297999,-0.0007407593851288161,0.0006898917878667515,-0.00027023411045471834,-0.0,0.0,0.0,0.0,1.0,0.0,0.0,18.733088581251753,18.230159276445594,17.634891111802133,169.55222098602198,173.6149124369574,187.95239329067118,1247.6155293785728,1670.4899366268933,1412.165671148213,1108.8944366665473,158.29284010473626,3.366964454237394,66.89602543455902,0.006582541280336512,0.04216189522558328,12334.372534224402
2024-10-20 12:20:49.439079,0.0,1.0,0.0,0.0,0.0,0.0,0.0,792902.0,0.062255577042481754,0.03986040571620479,0.03906839817849147,0.025684369248357337,0.033834164163335345,0.02729575167846423,-0.0006962502375245095,0.0006962502375245095,-0.00027023411045471834,-0.0,0.0,0.0,0.0,1.0,0.0,0.0,16.762600812107998,17.08917930473265,16.71196710679201,190.19534335478548,178.92356024530994,189.6264641853119,1730.9585685148493,1631.7802279565335,1818.867692466888,1355.5973622568251,206.24314089770152,3.169006116847407,62.76572983899303,0.009693772673533519,0.04373262186534819,12183.133803141835
2024-10-20 12:20:49.439079,0.0,1.0,0.0,0.0,0.0,0.0,0.0,792903.0,0.06191996501781567,0.04037978143756249,0.039201510653345636,0.025910004937642474,0.03351727697218139,0.02729575167846423,-0.0006803541133801144,0.0006962502375245095,-0.0002734133352835974,-0.0,0.0,0.0,0.0,1.0,0.0,0.0,15.904080418119541,16.070810076328424,16.778535380720665,193.02626706032595,182.3417575471278,201.01310398913913,1859.9487155274371,1869.5908543114742,2162.3803330401565,1564.9263235209116,249.19153875719368,3.035767901958398,59.9697151528881,0.012280960046366501,0.04523337760277667,13491.693202691595
2024-10-20 12:20:49.439079,0.0,1.0,0.0,0.0,0.0,0.0,0.0,792904.0,0.06196201593269157,0.04037978143756249,0.03900167157440239,0.02657542007977932,0.03308026640118225,0.02740216826792598,-0.0007121463616689048,0.0006771748885512353,-0.00029248868425687163,-0.0,0.0,0.0,0.0,1.0,0.0,0.0,16.14024872335144,16.857533153841686,15.787106695227147,196.43124458420976,191.5783284605543,203.4750074732329,2052.828737792308,2262.005393261848,2261.234419926029,1767.8377561031837,281.9857817051196,3.035767901958398,59.86687323743129,0.0139747969729389,0.04673155969792126,13231.27149797594
2024-10-20 12:20:49.439079,0.0,1.0,0.0,0.0,0.0,0.0,0.0,792905.0,0.06221372454898335,0.03999088202492748,0.03859888964444313,0.02668470945144587,0.032874340109372714,0.02775394349316061,-0.000734400935471058,0.0006580995395779611,-0.00027977178494135546,-0.0,0.0,0.0,0.0,1.0,0.0,0.0,16.805835453347648,16.549074640341377,16.97008468866508,203.50390905189445,193.33451478354135,207.72817010411623,2378.9388021068567,2323.173982738946,2526.308031583494,1963.263837057393,305.29332996947676,3.1158088840827856,61.40910008597021,0.014556053170002565,0.04826833637010296,13377.46065265854
2024-10-20 12:20:49.439079,0.0,1.0,0.0,0.0,0.0,0.0,0.0,792906.0,0.06149787444661349,0.04063698009803076,0.03832801689680105,0.026901956261409284,0.032933307582966455,0.02775394349316061,-0.000734400935471058,0.0006739956637223563,-0.0002829510097702345,-0.0,0.0,0.0,0.0,1.0,0.0,0.0,17.51393555758554,17.94024492056007,17.398396147848086,204.1692251151315,201.17241074023255,212.19709013241106,2504.026102516877,2700.112982370085,2697.7813409008513,2166.151622959704,323.86408976777346,3.2403301021293,63.87007683274314,0.01445107721011906,0.04986669954412115,13725.667116818717
2024-10-20 12:20:49.439079,0.0,1.0,0.0,0.0,0.0,0.0,0.0,792907.0,0.06179364057814277,0.04095620715673985,0.038463691717159486,0.026829736114304472,0.032874340109372714,0.02792816958270741,-0.0007248632609844209,0.0007026086871822677,-0.00030202635874350875,-0.0,0.0,0.0,0.0,1.0,0.0,0.0,18.97134345523793,18.129234595901885,18.961915314114542,217.01441163980667,203.34512711282318,212.42659690500435,3031.6362210478173,2691.7364779365585,2955.928891572471,2399.8743956200183,341.88169499624047,3.399538696592867,67.03228838270518,0.014097288407288697,0.05154419778013638,14205.826983128572
2024-10-20 12:20:49.439079,0.0,1.0,0.0,0.0,0.0,0.0,0.0,792908.0,0.061455505943860136,0.040956207156739845,0.03893483061427055,0.026757321039963047,0.032696799620819436,0.02782376484498668,-0.0007248632609844209,0.0007121463616689048,-0.0003083848084012668,-0.0,0.0,0.0,0.0,1.0,0.0,0.0,18.817573464025752,19.643832533731942,19.94123749593807,208.5275760691653,196.97078052447003,219.56084582060902,2737.135910187002,2771.99321443638,3298.988065489702,2453.9688895688732,346.35823572433344,3.427758113376667,67.65733948583745,0.013096355577019613,0.05323733806192121,16266.854489309753
2024-10-20 12:20:49.439079,0.0,1.0,0.0,0.0,0.0,0.0,0.0,792909.0,0.06154021377999141,0.04108320345271294,0.038733615672373205,0.027045818015839475,0.032874340109372714,0.027962884536546752,-0.000731221710642179,0.0007248632609844209,-0.0003083848084012668,-0.0,0.0,0.0,0.0,1.0,0.0,0.0,19.693448290193583,20.347854357910048,19.37918834717176,186.43489520794049,202.19936431657476,207.88122254543708,2462.0420908823044,3040.3115720382198,2819.879020013302,2334.5537026549937,318.3306173153226,3.543572253648506,70.03204997833764,0.01184391109519823,0.054989906012943186,13536.496453904258
2024-10-20 12:20:49.439079,0.0,1.0,0.0,0.0,0.0,0.0,0.0,792910.0,0.06154021377999141,0.04076497090344802,0.03832801689680105,0.02729575167846423,0.03331405211143558,0.02764888086939877,-0.0007216840361555419,0.0007248632609844209,-0.00029248868425687163,-0.0,0.0,0.0,0.0,1.0,0.0,0.0,20.214008532752608,19.430585902515787,19.158874939963106,183.36332949532698,197.93912961721315,176.83355743476142,2638.6603849474677,2648.270659492277,2162.698569446264,2098.2955054997396,285.79224871418745,3.543572253648506,70.11123008485131,0.010726675423875986,0.05674445546410798,13508.431213334035
2024-10-20 12:20:49.439079,0.0,1.0,0.0,0.0,0.0,0.0,0.0,792911.0,0.06085924992897396,0.04044423444177086,0.037918079796158174,0.02708166404617134,0.033168129149298335,0.027718966864906235,-0.0007153255864977838,0.0007153255864977838,-0.0002670548856258393,-0.0,0.0,0.0,0.0,1.0,0.0,0.0,19.04227900813719,18.22206168983458,19.435604998142647,183.07318680448222,166.82102573169107,165.40604989908942,2366.0782793668363,1809.817197246104,2181.4933743563097,1791.4070834394672,242.10364303664528,3.567720877824455,70.65848878021343,0.009753128118868361,0.058512700188375684,10771.795552614198
2024-10-20 12:20:49.439079,0.0,1.0,0.0,0.0,0.0,0.0,0.0,792912.0,0.061285739028532536,0.04025056580563931,0.03839591423416136,0.027858609899147853,0.03351727697218139,0.02782376484498668,-0.0007566555092732113,0.0006994294623533886,-0.00027023411045471834,-0.0,0.0,0.0,0.0,1.0,0.0,0.0,17.48948737350176,18.202932035704265,18.105806459105953,164.78607624205887,155.08594866356404,172.4886797066065,1686.6450492116803,1787.8333832976848,2078.5617342000605,1553.3905810814585,220.70022729576476,3.392522514521339,67.21237922429184,0.009404080052582565,0.06019470523859005,12491.951447528296
2024-10-20 12:20:49.439079,0.0,1.0,0.0,0.0,0.0,0.0,0.0,792913.0,0.06124322376914681,0.039729500910396995,0.03880080326089556,0.02764888086939877,0.03380547898296581,0.027858609899147853,-0.0007439386099576951,0.0006739956637223563,-0.00024797953665256506,-0.0,0.0,0.0,0.0,1.0,0.0,0.0,17.19586828483532,16.53711785121794,16.802034744286097,158.01768536137175,160.102677944979,169.13776091418347,1658.364616294899,1656.0975835535805,1687.2228839793174,1378.320028307133,209.27635999265146,3.1749986494575473,62.89285010748778,0.009560994329350286,0.06176861309193586,12481.898613962592
2024-10-20 12:20:49.439079,0.0,1.0,0.0,0.0,0.0,0.0,0.0,792914.0,0.06073071916263212,0.03933417265909615,0.03926789767914727,0.02733126991297999,0.0337192770263005,0.027718966864906235,-0.0006962502375245095,0.0006644579892357192,-0.000241621086994807,-0.0,0.0,0.0,0.0,1.0,0.0,0.0,15.174368114182377,15.901476775290963,16.305697348788932,154.463491781163,173.011055512332,177.66108137620134,1381.5471222283722,1642.8583830435114,1792.4358732260605,1298.1970863022618,214.34193704879408,2.922496992431253,57.83688052015669,0.010488622059425296,0.06321599415843424,13241.128942172856
2024-10-20 12:20:49.439079,0.0,1.0,0.0,0.0,0.0,0.0,0.0,792915.0,0.06060191579565507,0.039925697169818586,0.03906839817849146,0.027578616763765378,0.03377676944149575,0.02768394604629166,-0.0006962502375245095,0.0006739956637223563,-0.00022254573802153277,-0.0,0.0,0.0,0.0,1.0,0.0,0.0,15.429011213780976,15.43712397636992,13.861112473215485,162.2569877991932,199.0319486649226,170.229254728938,1566.4863201913033,2047.3019436235434,1310.7019385671476,1302.7626095073274,237.08658946859072,2.655914820152542,52.47224892216598,0.012162428478179829,0.06452912410118875,14612.276704129128
2024-10-20 12:20:49.439079,0.0,1.0,0.0,0.0,0.0,0.0,0.0,792916.0,0.060687815081570395,0.03953233095432663,0.03926789767914727,0.02768394604629166,0.03377676944149575,0.02764888086939877,-0.0007185048113266629,0.0006644579892357192,-0.00022890418767929085,-0.0,0.0,0.0,0.0,1.0,0.0,0.0,15.197703566996264,12.983421213168057,14.948525943333692,194.44692490062616,195.09822657124997,170.87030367488387,2175.523207528395,1521.2779738383135,1572.6506733905032,1379.6252281928764,267.24675661304303,2.5004478126650076,49.29695180528092,0.01423753866033244,0.06576279151266298,14611.009750091276
2024-10-20 12:20:49.439079,0.0,1.0,0.0,0.0,0.0,0.0,0.0,792917.0,0.05999717734364805,0.03966388649582423,0.039201510653345636,0.027508173183166423,0.0337192770263005,0.027472883658460283,-0.0006803541133801144,0.0006676372140645982,-0.00020982883870601662,-0.0,0.0,0.0,0.0,1.0,0.0,0.0,13.140973391161907,15.011362078681744,14.68837570647441,188.2352887115768,197.48596971198944,199.7323915054878,1628.3390622720867,1959.8061548997352,2153.313308818829,1500.875144667879,291.2464675934147,2.5004478126650076,49.21021708070136,0.01597192248030741,0.06699428836796206,13622.933086328725
2024-10-20 12:20:49.439079,0.0,1.0,0.0,0.0,0.0,0.0,0.0,792918.0,0.06107286676663669,0.039729500910396995,0.03926789767914727,0.02768394604629166,0.03357511528435138,0.02775394349316061,-0.0006994294623533886,0.0006644579892357192,-0.00021300806353489565,-0.0,0.0,0.0,0.0,1.0,0.0,0.0,16.275830943360464,14.808946433167957,13.944271850146436,197.64864377662488,222.60341946811664,195.51285487110104,2406.0402354802836,2564.9352025249923,1786.3718835065238,1791.1065978802865,333.11913258752577,2.612361089665787,51.34441839642866,0.017279452684746916,0.06827919409574353,14335.466952755813
2024-10-20 12:20:49.439079,0.0,1.0,0.0,0.0,0.0,0.0,0.0,792919.0,0.061285739028532536,0.040055960801949016,0.039400336158606504,0.027578616763765378,0.03296275176192149,0.027543417493819798,-0.0007057879120111467,0.0006644579892357192,-0.0002034703890482585,-0.0,0.0,0.0,0.0,1.0,0.0,0.0,16.033412996416107,16.39823365244939,17.623745848676368,215.21446190634327,223.3872313528035,213.89883075553962,2785.4706623889924,2653.9478036977807,2872.3260300679094,2247.2584993078453,397.34894395380593,2.7478689853601543,54.00728563834288,0.017287834207562747,0.0696307386808403,17367.250636318462
2024-10-20 12:20:49.439079,0.0,1.0,0.0,0.0,0.0,0.0,0.0,792920.0,0.06115810458448309,0.03999088202492748,0.039729500910396995,0.027437548745241652,0.032368779656366614,0.027543417493819798,-0.0007089671368400258,0.0006390241906046868,-0.00020664961387713757,-0.0,0.0,0.0,0.0,1.0,0.0,0.0,19.696831346409834,18.662903035616495,18.96724857249024,227.42314938977665,238.29139846678004,221.17614340533837,3571.3980098106563,3420.0597709023523,3176.901845712318,2805.071561005918,434.2430244171515,3.134548776069787,61.68541294494875,0.016039989298041853,0.07117443014505294,15833.514190877013
2024-10-20 12:20:49.439079,0.0,1.0,0.0,0.0,0.0,0.0,0.0,792921.0,0.06141310821136006,0.03979500713939933,0.040055960801949016,0.02711746269239568,0.032398736885968185,0.02740216826792598,-0.0006867125630378724,0.0006358449657758078,-0.00021300806353489565,-0.0,0.0,0.0,0.0,1.0,0.0,0.0,21.36124706971336,22.422802903240925,21.29704593542351,229.3653969117105,244.2894534817829,236.0260410382548,3703.5007766270223,4155.633663471961,3895.330207043764,3291.9989391549225,461.52213071271626,3.454874868766781,68.11433761722476,0.014228587075597859,0.07287900690883414,18226.744759299214
2024-10-20 12:20:49.439079,0.0,1.0,0.0,0.0,0.0,0.0,0.0,792922.0,0.06124322376914681,0.03979500713939933,0.03959816335788845,0.02697398304697218,0.03242866644143693,0.02740216826792598,-0.0006771748885512353,0.0006612787644068402,-0.00020664961387713757,-0.0,0.0,0.0,0.0,1.0,0.0,0.0,23.96206894582147,23.85914269882144,24.581523267002975,236.18633831800457,249.78898793655387,233.0026602634653,4372.256960288379,4299.757050339072,4220.242902817411,3652.891661404946,443.81456723095795,3.97943915744515,78.59711790702255,0.012459861837881656,0.07484591762941352,14460.242934209673
2024-10-20 12:20:49.439079,0.0,1.0,0.0,0.0,0.0,0.0,0.0,792923.0,0.061413108211360055,0.040055960801949016,0.04012093401707996,0.02711746269239568,0.03272645658802371,0.02711746269239568,-0.0007121463616689048,0.0007026086871822677,-0.00024797953665256506,-0.0,0.0,0.0,0.0,1.0,0.0,0.0,27.040033642690755,25.998675904529495,25.959368064376108,240.26103048338385,252.52721545144044,227.26082734320133,4853.556445543679,4735.730109385883,4232.391778102768,3957.461486380338,420.6869102826077,4.542093101755984,89.83158861255444,0.011121231995163638,0.07709397353011115,12731.994140686964
2024-10-20 12:20:49.439079,0.0,1.0,0.0,0.0,0.0,0.0,0.0,792924.0,0.06179364057814277,0.04025056580563931,0.040315225390783915,0.027224576194402335,0.033021561356871405,0.02711746269239568,-0.0007566555092732113,0.0006994294623533886,-0.00024480031182368605,-0.0,0.0,0.0,0.0,1.0,0.0,0.0,28.209712149068107,28.56110750200409,28.11173701864913,243.15495531100348,236.48954744897327,227.0519604831837,4905.637537733297,4758.212209785217,4752.430818917034,4174.185140271734,392.03281671435167,5.135045418280691,101.67651841336209,0.009974497485503522,0.07963845148838701,10777.806326163754
2024-10-20 12:20:49.439079,0.0,1.0,0.0,0.0,0.0,0.0,0.0,792925.0,0.06128573902853253,0.040185802182344105,0.040315225390783915,0.026937993727346517,0.03313886745048406,0.026829736114304472,-0.0007534762844443322,0.0007121463616689048,-0.0002670548856258393,-0.0,0.0,0.0,0.0,1.0,0.0,0.0,29.62369194333527,29.6278257703176,30.72005854938802,236.26909637732788,218.73686686740493,230.91708224792438,4975.674210695815,4532.463215039753,5217.977361313105,4307.652429935991,368.74063951586106,5.628513761512089,111.55551146945996,0.009014491247412404,0.0824301534908518,10989.571131568831
2024-10-20 12:20:49.439079,0.0,1.0,0.0,0.0,0.0,0.0,0.0,792926.0,0.06120067897500958,0.04012093401707996,0.04120980838596827,0.02664832946254422,0.032933307582966455,0.026538890275460948,-0.0007534762844443322,0.0007089671368400258,-0.00027977178494135546,-0.0,0.0,0.0,0.0,1.0,0.0,0.0,31.624483569819173,31.39991154210089,31.160053303814557,214.59666143264016,222.98445902337303,226.05267455180916,4789.267643279352,5109.628400150113,4906.441673609975,4366.159733233708,348.257163545125,6.035720155800298,119.72116756465147,0.008227978813762485,0.085426202891057,11161.850253207338
2024-10-20 12:20:49.439079,0.0,1.0,0.0,0.0,0.0,0.0,0.0,792927.0,0.06103020321496355,0.04037978143756249,0.041587310697157,0.02697398304697218,0.032785690042080325,0.026355481787173698,-0.0007757308582464856,0.0007216840361555419,-0.00030202635874350875,-0.0,0.0,0.0,0.0,1.0,0.0,0.0,32.62638358598237,32.787930941661486,32.12975168601341,212.74528761974105,218.2418827368489,208.90296346588897,4907.621688328217,5043.1708315617025,4720.735629809637,4355.320146968151,331.4204315951879,6.322388826703708,125.49088663025553,0.00756747117305597,0.08856664082085552,12030.199192761715
2024-10-20 12:20:49.439079,0.0,1.0,0.0,0.0,0.0,0.0,0.0,792928.0,0.061115500535714865,0.04070102581168387,0.041712385598201944,0.026901956261409284,0.032874340109372714,0.025797433782787597,-0.0007566555092732115,0.0007248632609844209,-0.00029248868425687163,-0.0,0.0,0.0,0.0,1.0,0.0,0.0,32.81864513345315,33.10066151694634,34.06017610735643,208.31040143807206,198.57823574377053,208.82432975663292,4724.271374648927,4491.241832587493,5116.696533935213,4276.1719424772045,314.5523538361826,6.5366896883113315,129.81760788423009,0.007008026429913246,0.09181535593238822,12187.4656483922
2024-10-20 12:20:49.439079,0.0,1.0,0.0,0.0,0.0,0.0,0.0,792929.0,0.06115810458448309,0.04114655461363215,0.04139898983206046,0.026901956261409284,0.03305092691301418,0.025835012001953723,-0.0007630139589309693,0.0007534762844443322,-0.00031474325805902487,-0.0,0.0,0.0,0.0,1.0,0.0,0.0,34.586194796456375,33.57473017879313,33.32867856508367,195.92521769138554,203.34618707383305,190.89963039305192,4790.458273045313,4746.759387057726,4231.567504501674,4123.859782218917,298.76744414514195,6.633573299468531,131.80806981884402,0.006507775911632539,0.09511388280575586,13055.08416183203
2024-10-20 12:20:49.439079,0.0,1.0,0.0,0.0,0.0,0.0,0.0,792930.0,0.06120067897500958,0.042023444236177564,0.04214722489965788,0.027472883658460283,0.03305092691301418,0.02613369258354722,-0.0007948062072197598,0.0007979854320486388,-0.0003401770566900572,-0.0,0.0,0.0,0.0,1.0,0.0,0.0,33.36895056305378,34.65601234870157,34.00526805040328,184.5754354727716,184.92420850353884,194.02300263060727,3987.3033436222195,4419.43626240851,4583.617089364907,3900.93312919194,279.29654194930436,6.709343559870358,133.3749682359887,0.006050539476578518,0.09845162166776647,12306.725634857863
2024-10-20 12:20:49.439079,0.0,1.0,0.0,0.0,0.0,0.0,0.0,792931.0,0.06107286676663668,0.0420853800755884,0.041712385598201944,0.027858609899147853,0.03325575976212062,0.026244821472867705,-0.0008361361299951873,0.0008043438817063969,-0.0003528939560055733,-0.0,0.0,0.0,0.0,1.0,0.0,0.0,34.08948890638668,33.39838615248954,34.719072144181574,188.89407890519888,182.28551374547163,181.97038593289363,4424.663808835799,3936.569726894163,4313.123691278736,3809.403834821774,271.8970336335143,6.729025767785303,133.7900842336463,0.0058732954021656755,0.10179974890186781,12753.682566912594
2024-10-20 12:20:49.439079,0.0,1.0,0.0,0.0,0.0,0.0,0.0,792932.0,0.060687815081570395,0.04196141697840431,0.04220897910845452,0.027437548745241652,0.032933307582966455,0.026207830867489117,-0.0008138815561930341,0.000801164656877518,-0.00035925240566333144,-0.0,0.0,0.0,0.0,1.0,0.0,0.0,34.391581091703685,33.910238129440984,33.26561141710217,176.72260328613953,182.05005596536603,181.43128466015128,3929.1455477700915,4210.466711696239,3861.126821637685,3603.3143014481093,257.1200691835825,6.729025767785303,133.82509216261622,0.005613169121051251,0.10514875221733995,12250.20460908533
2024-10-20 12:20:49.439079,0.0,1.0,0.0,0.0,0.0,0.0,0.0,792933.0,0.06085924992897395,0.041774782619765874,0.04133602555253029,0.02729575167846423,0.03227874115189541,0.02613369258354722,-0.0007979854320486389,0.0007757308582464856,-0.0003401770566900572,-0.0,0.0,0.0,0.0,1.0,0.0,0.0,32.573079643045354,33.69323780040704,33.64272469796744,176.15249968627603,170.43800209652315,178.39391641886849,3493.929913470391,3567.2077459311126,3984.5347088198055,3307.2645726562896,239.97860083610962,6.615345429157025,131.6036104095205,0.005315657218141847,0.10844216244756812,12943.452148552804
2024-10-20 12:20:49.439079,0.0,1.0,0.0,0.0,0.0,0.0,0.0,792934.0,0.061455505943860136,0.041712385598201944,0.04164989509779679,0.02715321414192533,0.032067668184708895,0.026428997918226275,-0.000807523106535276,0.0007884477575620018,-0.0003528939560055733,-0.0,0.0,0.0,0.0,1.0,0.0,0.0,32.88232632289373,31.760910910574967,32.629353568326614,170.83606724478307,170.53297865668543,168.44620767559502,3502.24786960856,3263.617617556362,3258.953968231548,2989.500944363925,222.23792165370156,6.455467961044079,128.4552651859674,0.005066201543105663,0.11165678462376588,12644.127656289971
2024-10-20 12:20:49.439079,0.0,1.0,0.0,0.0,0.0,0.0,0.0,792935.0,0.06196201593269157,0.04214722489965787,0.041712385598201944,0.02718891858094095,0.03179422973639322,0.02697398304697218,-0.0008170607810219131,0.0007820893079042436,-0.0003656108553210895,-0.0,0.0,0.0,0.0,1.0,0.0,0.0,31.229436115650667,31.446424437173096,31.00355792418022,164.41180138601845,163.95377661998987,165.69238095241445,2913.5802007733782,3027.4488004360896,3030.9366632629103,2661.8504496581827,203.48902066664832,6.276282728102758,124.91484467709743,0.004866016330197695,0.11478280697290011,11893.215963343784
2024-10-20 12:20:49.439079,0.0,1.0,0.0,0.0,0.0,0.0,0.0,792936.0,0.062422706409084934,0.0423322172659213,0.041587310697157,0.02715321414192533,0.032007105962223864,0.027260187166059602,-0.0007789100830753646,0.0007789100830753647,-0.0003433562815189362,-0.0,0.0,0.0,0.0,1.0,0.0,0.0,29.317524975981655,30.12587257095333,29.84817347986369,157.5279425969685,155.27297523715595,164.6572726781234,2412.7458726504146,2650.453216154024,2827.660350490559,2325.608181261357,187.55022269354185,5.948400004382504,118.41053529885554,0.004685838110952786,0.11774605750308338,13180.60575008073
2024-10-20 12:20:49.439079,0.0,1.0,0.0,0.0,0.0,0.0,0.0,792937.0,0.06296281310184383,0.041712385598201944,0.04120980838596827,0.02711746269239568,0.03251828982682399,0.027578616763765378,-0.0007852685327331228,0.0007693724085887275,-0.0003179224828879039,-0.0,0.0,0.0,0.0,1.0,0.0,0.0,28.407061800425332,27.40211033485346,28.245090690749304,153.72402430823794,155.39652877970724,150.78478599026408,2411.4072108465425,2177.374359261465,2173.642847167534,1974.4653335866574,169.49550337383533,5.587167362139815,111.24044409985714,0.004500519765587987,0.1205298748730899,12656.024426368527
2024-10-20 12:20:49.439079,0.0,1.0,0.0,0.0,0.0,0.0,0.0,792938.0,0.062339197734359704,0.04214722489965788,0.041019754451988084,0.02740216826792598,0.032756086704177324,0.02789341142414604,-0.0007916269823908809,0.0008138815561930341,-0.00031156403323014586,-0.0,0.0,0.0,0.0,1.0,0.0,0.0,26.397692506046482,26.117804033314062,25.598461563593496,147.3304854761134,149.8816070593485,143.94887704060218,1899.746313930229,1951.2125580302477,1775.836599690764,1621.6079985287438,153.57627124256229,5.063285387644651,100.83078328509832,0.004294883998204085,0.12305318811776239,14115.793417293353
2024-10-20 12:20:49.439079,0.0,1.0,0.0,0.0,0.0,0.0,0.0,792939.0,0.062422706409084934,0.041774782619765874,0.04133602555253029,0.027508173183166423,0.03284481667269478,0.02810131550407159,-0.0007693724085887275,0.0007916269823908807,-0.0002988471339146297,-0.0,0.0,0.0,0.0,1.0,0.0,0.0,23.293029267778408,23.853821909916302,24.225226200732667,148.23413474627674,133.7982963696533,139.65939698738228,1473.5761823837497,1323.5784208690147,1679.303328540092,1263.9270503106088,135.12528532640113,4.484158597583804,89.32165609652434,0.004031033328599758,0.12528848284146957,13860.873958233631
2024-10-20 12:20:49.439079,0.0,1.0,0.0,0.0,0.0,0.0,0.0,792940.0,0.06217184388146426,0.04114655461363215,0.04057283328598263,0.026428997918226275,0.03284481667269478,0.027962884536546752,-0.0007280424858133,0.0007661931837598485,-0.0002829510097702345,-0.0,0.0,0.0,0.0,1.0,0.0,0.0,21.703371409696373,20.361073424255434,21.71234021938771,146.3281177337282,125.04006837637633,134.39913571375644,1339.2947739506972,877.8833909986464,1137.3078131827942,911.6701412877866,114.58573163078384,3.8128326043015828,75.97637544756427,0.0036754385460194727,0.12718980888697876,14009.450780303669
2024-10-20 12:20:49.439079,0.0,1.0,0.0,0.0,0.0,0.0,0.0,792941.0,0.06179364057814277,0.04127296521748624,0.04050858489526056,0.026059343378600053,0.032756086704177324,0.027962884536546752,-0.0006962502375245095,0.0007630139589309693,-0.0002893094594279926,-0.0,0.0,0.0,0.0,1.0,0.0,0.0,18.738152720094533,18.454142093155376,17.69322845401984,133.36654168720472,116.88127364444058,141.785864730017,707.2223775621612,695.8687794520508,664.1345124375899,502.20650734671716,75.31537151200236,3.1926256383012572,63.675167360284824,0.00277742250160415,0.12878329440719577,11076.463401830031
2024-10-20 12:20:49.439079,0.0,1.0,0.0,0.0,0.0,0.0,0.0,792942.0,0.06175147500477284,0.041712385598201944,0.03986040571620479,0.026170787978491077,0.032815266674204355,0.02792816958270741,-0.0007121463616689048,0.0007693724085887275,-0.0002893094594279926,-0.0,0.0,0.0,0.0,1.0,0.0,0.0,14.593124420298713,15.210624446377748,15.91274290469019,137.01200181198496,106.69188706689506,150.76569103107659,559.7672486758554,236.52230656184116,678.6499913059579,308.0905290272695,58.37987585536813,2.526150648784156,50.39489710731705,0.002535792321564967,0.1300444381491347,10792.550024919934
2024-10-20 12:20:49.439079,0.0,1.0,0.0,0.0,0.0,0.0,0.0,792943.0,0.06141310821136006,0.042023444236177564,0.040315225390783915,0.026318646714264433,0.03337224263981984,0.027788876097916127,-0.0007026086871822677,0.0007820893079042436,-0.0002893094594279926,-0.0,0.0,0.0,0.0,1.0,0.0,0.0,13.301035983714634,11.331711090389652,12.427567768382982,135.99805264919593,106.4020956317869,161.35948004981822,561.524937257635,264.2558655549335,455.1907321979731,238.9277094304784,61.5145097971194,1.8603724080002653,37.09029897781814,0.0031485411652899466,0.13097263130216183,10856.777146167451
2024-10-20 12:20:49.439079,0.0,1.0,0.0,0.0,0.0,0.0,0.0,792944.0,0.060127276182378155,0.04245509769062346,0.03966388649582423,0.026170787978491077,0.033459338679991214,0.027437548745241652,-0.0006803541133801144,0.0007884477575620017,-0.0002511587614814441,-0.0,0.0,0.0,0.0,1.0,0.0,0.0,9.02941666244941,9.806382406976761,10.23485555039822,140.2298161597632,97.31524646266992,173.14600924300177,417.19487704810797,113.78798103720025,655.6859217661677,203.65829674430375,73.0520581902612,1.3373916224172588,26.62202169098072,0.004703587014290685,0.13163885343933268,9377.631955185198
2024-10-20 12:20:49.439079,0.0,1.0,0.0,0.0,0.0,0.0,0.0,792945.0,0.06021385257881441,0.0420853800755884,0.03926789767914727,0.026059343378600053,0.0337192770263005,0.027045818015839475,-0.0006517410899202031,0.0007884477575620017,-0.0002511587614814441,-0.0,0.0,0.0,0.0,1.0,0.0,0.0,8.46645909901009,6.290675395269529,7.082887960416519,139.2538472600404,98.09654024647782,183.35512045710843,452.81107947533746,193.57031589575334,504.6767306142122,183.68563273989446,104.5723318799789,0.8459072810592413,16.77373502146059,0.008535840922388583,0.1320586199666104,10313.590400290006
2024-10-20 12:20:49.439079,0.0,1.0,0.0,0.0,0.0,0.0,0.0,792946.0,0.05929849643148995,0.041712385598201944,0.038463691717159486,0.026022089115979988,0.03397722680635423,0.02679355304171941,-0.000648561865091324,0.0008011646568775178,-0.00025433798631032317,-0.0,0.0,0.0,0.0,1.0,0.0,0.0,5.458985272283673,2.784752158659503,6.79961573511319,145.86239698648365,91.67154591326482,190.90629519849944,521.488621283235,-6.637105903659834,623.7814180134229,171.14533472461108,157.54248256235763,0.5301684557526749,10.3738212952525,0.02164857389290653,0.13231822719983163,10329.797190976096
2024-10-20 12:20:49.439079,0.0,1.0,0.0,0.0,0.0,0.0,0.0,792947.0,0.05912253611350746,0.04183708658073959,0.03880080326089556,0.025608715566353565,0.0337192770263005,0.026538890275460948,-0.0006167696168025336,0.0007916269823908807,-0.00025433798631032317,-0.0,0.0,0.0,0.0,1.0,0.0,0.0,2.8859936066114833,2.5777407028418007,5.217182338713135,148.23636044102216,79.80687347937405,203.06616517199876,392.676600232607,-4.06973140887935,764.3904727546684,166.4612375820909,306.7935783434911,0.27639515674170045,5.181294003107588,0.06270173757971047,0.13244789025863796,14142.840224769006
2024-10-20 12:20:49.439079,0.0,1.0,0.0,0.0,0.0,0.0,0.6942694187164307,792948.0,0.05876903497087671,0.04127296521748623,0.03906839817849147,0.025303839037745666,0.033546208593426816,0.026318646714264433,-0.0005913358181715013,0.0007280424858133,-0.00025751721113920217,-0.0,0.0,0.0,0.0,1.0,0.0,0.0,2.3514535847755127,1.7865507737667663,3.9037358483984366,146.14041079396299,76.72750743585974,214.0223827260494,337.5389470690589,66.36093903040071,774.4665124302226,145.98295142509528,753.0683466355605,0.11452484457951564,1.851139416249434,0.19181753834899504,0.13249421544281856,0.0
2024-10-20 12:20:49.439079,1.0,1.0,0.0,0.0,31.052518010139465,1.0,61.4107666015625,792949.0,0.05899022143191336,0.04114655461363215,0.03900167157440239,0.025150014882560457,0.03360399710929144,0.026096544458751023,-0.0006040527174870175,0.000734400935471058,-0.0002734133352835974,-0.0,0.0,0.0,0.0,1.0,0.0,0.0,2.377708431812337,1.3094389464993619,3.5858045992032936,144.2629490680287,79.32694199609026,222.18843872841876,338.18348173941007,94.6607782656551,785.5258556633063,0.0,0.0,0.013010325003188527,0.0,1.0,0.0,0.0
2024-10-20 12:20:49.454078,1.0,1.0,1.0,1.0,1.0,1.0,1.0,792950.0,0.05995374832793649,0.04139898983206046,0.039532330954326636,0.025608715566353565,0.033690494027434716,0.026059343378600053,-0.0006199488416314126,0.0007248632609844209,-0.0002765925601124764,-0.0,0.0,0.0,0.0,1.0,0.0,0.0,2.3988076939040077,1.3019657593700622,3.6027011640866244,144.1713229495481,82.34948291866891,226.62509115569873,341.40656839039355,102.98721835451994,808.1506545955514,0.0,0.0,0.010255961230023414,0.0,1.0,0.0,0.0
2024-10-20 12:20:49.533078,1.0,1.0,1.0,1.0,1.0,1.0,1.0,792951.0,0.06055892046154769,0.04114655461363215,0.04044423444177086,0.025872535641194412,0.03351727697218139,0.025797433782787597,-0.0006008734926581384,0.0007057879120111467,-0.0002670548856258393,-0.0,0.0,0.0,0.0,1.0,0.0,0.0,2.4083336271553004,1.324966821008932,3.6337313917363026,145.3164713722417,81.23919612056991,226.8040262829696,345.4995205390116,103.68054432338447,816.0347471148987,0.0,0.0,0.010979612706602835,0.0,1.0,0.0,0.0
2024-10-20 12:20:49.549078,1.0,1.0,1.0,1.0,1.0,1.0,1.0,792952.0,0.06060191579565507,0.04076497090344802,0.04076497090344803,0.02564657030330141,0.03377676944149575,0.025722112647481858,-0.0005817981436848642,0.0006739956637223563,-0.0002670548856258393,-0.0,0.0,0.0,0.0,1.0,0.0,0.0,2.4108281366583926,1.3633697024192968,3.6701244763875818,145.98188677284247,80.76386288585759,227.05203447802418,347.42627844264325,106.54872170101483,825.2237569859823,0.0,0.0,0.0038251729438248277,0.0,1.0,0.0,0.0
2024-10-20 12:20:49.612580,1.0,1.0,1.0,1.0,1.0,1.0,1.0,792953.0,0.06115810458448309,0.040185802182344105,0.04025056580563931,0.02526547079878701,0.03397722680635423,0.025910004937642474,-0.0005595435698827109,0.0006771748885512353,-0.00026069643596808123,-0.0,0.0,0.0,0.0,1.0,0.0,0.0,2.4066501242784817,1.4027950467039143,3.70476236563926,146.25480842080574,80.91989108913957,227.49058192571835,347.48969223250987,110.11555591366933,834.763855147939,0.0,0.0,0.0038251729438248277,0.0,1.0,0.0,0.0
2024-10-20 12:20:49.628580,1.0,1.0,1.0,1.0,1.0,1.0,1.0,792954.0,0.06196201593269157,0.03986040571620479,0.04044423444177086,0.025684369248357337,0.03389146168814632,0.025872535641194412,-0.0005881565933426223,0.0006644579892357192,-0.0002861302345991135,-0.0,0.0,0.0,0.0,1.0,0.0,0.0,2.39693905266654,1.4495394936660184,3.7389831702806893,146.195714854379,81.28943641102055,227.78870902393498,345.9179105005231,114.5372951738568,843.6371014989346,0.0,0.0,0.0,0.0,1.0,0.0,0.0
2024-10-20 12:20:49.708150,1.0,1.0,1.0,1.0,1.0,1.0,1.0,792955.0,0.061793640578142774,0.039400336158606504,0.04082881584609787,0.025872535641194412,0.03386282504451316,0.025835012001953723,-0.0006167696168025336,0.0006612787644068402,-0.0002765925601124764,-0.0,0.0,0.0,0.0,1.0,0.0,0.0,2.379585302883869,1.5013662253716271,3.7719909313677173,145.78119744242818,81.95763751731646,228.0081812455762,342.3859895340722,119.88759413284973,851.9914819024248,0.0,0.0,0.0,0.0,1.0,0.0,0.0
2024-10-20 12:20:49.786861,1.0,1.0,1.0,1.0,1.0,1.0,1.0,792956.0,0.06258938949995635,0.040055960801949016,0.04127296521748624,0.025759800744833576,0.033690494027434716,0.026096544458751023,-0.0006326657409469288,0.0006708164388934773,-0.0002988471339146297,-0.0,0.0,0.0,0.0,1.0,0.0,0.0,2.3535517776791006,1.5680538204257606,3.8087422828582684,144.9925203720204,83.05143850657923,228.26928617721265,336.75687692481546,126.98445746922366,861.3238998854317,0.0,0.0,0.0,0.0,1.0,0.0,0.0
2024-10-20 12:20:49.802937,1.0,1.0,1.0,1.0,1.0,1.0,1.0,792957.0,0.06263099095985032,0.040055960801949016,0.04095620715673985,0.026059343378600053,0.033546208593426816,0.026355481787173698,-0.0006803541133801144,0.0006739956637223563,-0.00030520558357238775,-0.0,0.0,0.0,0.0,1.0,0.0,0.0,2.3190682550466346,1.6389049589703766,3.8458324699436726,143.88625850026597,84.2998245308479,228.3818029961287,329.22260844983305,134.7427483943127,870.0768048136263,0.0,0.0,0.0,0.0,1.0,0.0,0.0
2024-10-20 12:20:49.866641,1.0,1.0,1.0,1.0,1.0,1.0,1.0,792958.0,0.06279712120117678,0.03900167157440239,0.04114655461363215,0.026355481787173698,0.033546208593426816,0.026829736114304472,-0.0007216840361555419,0.0006549203147490821,-0.0003083848084012668,-0.0,0.0,0.0,0.0,1.0,0.0,0.0,2.2804539592815707,1.7102206414619334,3.8785116570057303,142.41592391427145,85.92845819845542,228.4906937551568,320.2845733867496,143.39483714684079,877.8988116180204,0.0,0.0,0.0,0.0,1.0,0.0,0.0
2024-10-20 12:20:49.882176,1.0,1.0,1.0,1.0,1.0,1.0,1.0,792959.0,0.06263099095985032,0.03933417265909615,0.04120980838596827,0.026207830867489117,0.033459338679991214,0.02697398304697218,-0.0007089671368400258,0.0006580995395779611,-0.0002829510097702345,-0.0,0.0,0.0,0.0,1.0,0.0,0.0,2.308361703229527,1.9611314085117686,3.8472300842565597,142.0031363309547,86.11617521890086,225.24530661782316,321.8313015024078,147.50240288414147,844.2732009414723,0.0,0.0,0.0,0.0,1.0,0.0,0.0
2024-10-20 12:20:49.961272,1.0,1.0,1.0,1.0,1.0,1.0,1.0,792960.0,0.062004038328795426,0.03913501101148131,0.04089256110871732,0.026355481787173698,0.033430331878977426,0.027045818015839475,-0.0007439386099576953,0.0006612787644068402,-0.0002765925601124764,-0.0,0.0,0.0,0.0,1.0,0.0,0.0,2.3397337232960216,1.9404253048546871,3.7050384464378774,143.73325097240556,83.46693871851427,216.84056622400266,330.0421967145939,140.15492843930284,780.7914480791809,0.0,0.0,0.0,0.0,1.0,0.0,0.0
2024-10-20 12:20:50.039757,1.0,1.0,1.0,1.0,1.0,1.0,1.0,792961.0,0.06183577739898077,0.039201510653345636,0.04076497090344803,0.026392265450275895,0.03380547898296581,0.027472883658460283,-0.0007566555092732113,0.0006930710126956305,-0.0002988471339146297,-0.0,0.0,0.0,0.0,1.0,0.0,0.0,2.3735422920035885,1.9093637653984024,3.555644268802529,145.7148763103982,80.86546114837219,207.5899801347355,339.36396606907084,132.34649504304542,715.4797367780563,0.0,0.0,0.0,0.0,1.0,0.0,0.0
2024-10-20 12:20:50.055774,1.0,1.0,1.0,1.0,1.0,1.0,1.0,792962.0,0.06208799779627258,0.03893483061427055,0.04095620715673985,0.02646567940419046,0.03357511528435138,0.027437548745241652,-0.0007693724085887276,0.0006867125630378724,-0.0002829510097702345,-0.0,0.0,0.0,0.0,1.0,0.0,0.0,2.4100774971486376,1.8756776718477646,3.3906890818379525,147.781767951177,78.07926185713804,197.7244646090787,349.44276678784513,124.52297373752593,648.1086015994881,0.0,0.0,0.0,0.0,1.0,0.0,0.0
2024-10-20 12:20:50.133584,1.0,1.0,1.0,1.0,1.0,1.0,1.0,792963.0,0.06115810458448309,0.039532330954326636,0.04139898983206045,0.02697398304697218,0.033168129149298335,0.027718966864906235,-0.0008011646568775178,0.0006835333382089934,-0.00029566790908575063,-0.0,0.0,0.0,0.0,1.0,0.0,0.0,2.448289324795019,1.8334427454595887,3.2153676203256913,149.91435188147045,75.1224814532988,187.31353785836433,360.1713434823482,116.06918047914272,580.2089860181251,0.0,0.0,0.0,0.0,1.0,0.0,0.0
2024-10-20 12:20:50.148772,1.0,1.0,1.0,1.0,1.0,1.0,1.0,792964.0,0.06141310821136006,0.039201510653345636,0.041712385598201944,0.02664832946254422,0.03357511528435138,0.027858609899147853,-0.0007820893079042438,0.0006803541133801144,-0.00030202635874350875,-0.0,0.0,0.0,0.0,1.0,0.0,0.0,2.490463142306166,1.7837530791797525,3.0236349636494806,152.15411055316662,71.92269375315145,176.34360167342345,371.8719673734749,106.91252620783837,511.50550302665846,0.0,0.0,0.0,0.0,1.0,0.0,0.0
2024-10-20 12:20:50.211266,1.0,1.0,1.0,1.0,1.0,1.0,1.0,792965.0,0.06132822481459091,0.03940033615860651,0.041587310697157,0.02700992441274364,0.033546208593426816,0.028410319099464804,-0.0007820893079042436,0.0006739956637223563,-0.00030520558357238775,-0.0,0.0,0.0,0.0,1.0,0.0,0.0,2.5350864147939194,1.7248103306105864,2.813510794917682,154.511417236238,68.36196755199524,164.66301622416387,384.50631829293275,96.77790678951511,441.9476758580082,0.0,0.0,0.0,0.0,1.0,0.0,0.0
2024-10-20 12:20:50.226434,1.0,1.0,1.0,1.0,1.0,1.0,1.0,792966.0,0.06081643652238848,0.03880080326089556,0.040956207156739845,0.027045818015839475,0.03331405211143558,0.028682194376366547,-0.0007661931837598486,0.000645382640262445,-0.00027977178494135546,-0.0,0.0,0.0,0.0,1.0,0.0,0.0,2.585832637526358,1.6404481800833277,2.5743965624093446,157.04063188223762,64.29099842343732,152.11061541089634,398.70632431319683,84.37735874066158,370.6585409829878,0.0,0.0,0.0,0.0,1.0,0.0,0.0
2024-10-20 12:20:50.304587,1.0,1.0,1.0,1.0,1.0,1.0,1.0,792967.0,0.06047283808617587,0.03900167157440239,0.041649895097796784,0.02711746269239568,0.033226575237181734,0.028749761476771198,-0.0007280424858133,0.000642203415433566,-0.0002893094594279926,-0.0,0.0,0.0,0.0,1.0,0.0,0.0,2.6428018064260805,1.545653911660659,2.3020649490559606,159.74489905872207,59.951908130208025,138.8226521351057,414.6731954827736,71.61806488048205,299.2466103404199,0.0,0.0,0.0,0.0,1.0,0.0,0.0
2024-10-20 12:20:50.382635,1.0,1.0,1.0,1.0,1.0,1.0,1.0,792968.0,0.060343484273697845,0.039729500910397,0.041209808385968265,0.026901956261409284,0.03284481667269478,0.028951516664139216,-0.0007089671368400258,0.0006580995395779611,-0.00031474325805902487,-0.0,0.0,0.0,0.0,1.0,0.0,0.0,2.7042352485136343,1.4311232116997088,1.9995491547336022,162.70335189914928,54.72731510275315,124.18824488881761,432.42116183537377,57.306437693670226,228.64319393613835,0.0,0.0,0.0,0.0,1.0,0.0,0.0
2024-10-20 12:20:50.398638,1.0,1.0,1.0,1.0,1.0,1.0,1.0,792969.0,0.059910287830504866,0.039925697169818586,0.04089256110871732,0.026865870455412305,0.03296275176192149,0.029051868842559465,-0.0007185048113266629,0.0006390241906046868,-0.00032746015737454104,-0.0,0.0,0.0,0.0,1.0,0.0,0.0,2.708493769280758,1.01171281800842,1.7792722947158581,164.7246446346846,51.26393957464624,114.3858106567664,439.79289703319336,47.36814923984039,198.69274976434966,0.0,0.0,0.0,0.0,1.0,0.0,0.0
2024-10-20 12:20:50.462174,1.0,1.0,1.0,1.0,1.0,1.0,1.0,792970.0,0.05951771528052355,0.039925697169818586,0.04063698009803076,0.026757321039963047,0.03310957989067469,0.029284686626149053,-0.0006898917878667515,0.0006580995395779611,-0.0003083848084012668,-0.0,0.0,0.0,0.0,1.0,0.0,0.0,2.7111950335542,0.9907769116541821,1.7707509102530294,164.9418429305327,52.020678182667844,113.65353046497724,440.95261440133646,48.06400679894262,197.09901582134538,0.0,0.0,0.0,0.0,1.0,0.0,0.0
2024-10-20 12:20:50.477753,1.0,1.0,1.0,1.0,1.0,1.0,1.0,792971.0,0.05973612964857621,0.039729500910396995,0.04057283328598263,0.02679355304171941,0.03305092691301418,0.02881717015424661,-0.0007121463616689048,0.000648561865091324,-0.00027977178494135546,-0.0,0.0,0.0,0.0,1.0,0.0,0.0,2.7127196804488696,0.9850576814194891,1.7644459131664982,164.98935950026615,52.199840483108545,113.51312291777973,441.43918213280887,48.614834866690856,196.61087498335462,0.0,0.0,0.0,0.0,1.0,0.0,0.0
2024-10-20 12:20:50.555490,1.0,1.0,1.0,1.0,1.0,1.0,1.0,792972.0,0.05934240498725203,0.039729500910396995,0.03999088202492748,0.026829736114304472,0.03319736505550277,0.028951516664139216,-0.0007089671368400258,0.0006580995395779611,-0.0002734133352835974,-0.0,0.0,0.0,0.0,1.0,0.0,0.0,2.7127784102850154,0.9786691753952638,1.7638732420296488,165.00072593117648,52.233196649180044,113.48305753419338,441.51361467437346,48.68056884726801,196.66535825918646,0.0,0.0,0.0,0.0,1.0,0.0,0.0
2024-10-20 12:20:50.633779,1.0,1.0,1.0,1.0,1.0,1.0,1.0,792973.0,0.059910287830504866,0.03906839817849147,0.039729500910396995,0.026392265450275895,0.03299216966314644,0.02858054422421529,-0.0007089671368400258,0.0006199488416314126,-0.0002734133352835974,-0.0,0.0,0.0,0.0,1.0,0.0,0.0,2.710753283924978,0.9724710503854281,1.7666928992682132,164.99549912721324,52.21619452287721,113.49949714719594,441.15608708649154,48.43438741037029,197.13766969470095,0.0,0.0,0.0,0.0,1.0,0.0,0.0
2024-10-20 12:20:50.649852,1.0,1.0,1.0,1.0,1.0,1.0,1.0,792974.0,0.05916657525265936,0.03966388649582423,0.03946638873835309,0.02646567940419046,0.032815266674204355,0.028951516664139216,-0.0007121463616689048,0.0006358449657758078,-0.00027977178494135546,-0.0,0.0,0.0,0.0,1.0,0.0,0.0,2.7111552171216515,0.966511101432473,1.768910573552056,164.9835333964716,52.21064262522111,113.49827724335078,441.2090348682214,48.167281463702295,197.3924641394777,0.0,0.0,0.0,0.0,1.0,0.0,0.0
2024-10-20 12:20:50.713420,1.0,1.0,1.0,1.0,1.0,1.0,1.0,792975.0,0.059605177069485184,0.039729500910396995,0.03926789767914727,0.025835012001953723,0.03248844283583844,0.028850815431501826,-0.0007057879120111467,0.0006263072912891707,-0.00029248868425687163,-0.0,0.0,0.0,0.0,1.0,0.0,0.0,2.7136209181291293,0.9629011196476841,1.7715072808630348,164.98037137575162,52.19504904347881,113.50438865933634,441.6102862468632,47.941849466840395,197.69713256441904,0.0,0.0,0.0,0.0,1.0,0.0,0.0
2024-10-20 12:20:50.729420,1.0,1.0,1.0,1.0,1.0,1.0,1.0,792976.0,0.05964885987276111,0.040315225390783915,0.03979500713939933,0.026059343378600053,0.032398736885968185,0.0287834855487486,-0.0007185048113266629,0.000648561865091324,-0.00030202635874350875,-0.0,0.0,0.0,0.0,1.0,0.0,0.0,2.7159892800510046,0.9614766805765191,1.7743926781226549,164.95943676575897,52.18286752560077,113.50316207397873,441.9248572085988,47.8576883984744,198.0182499579938,0.0,0.0,0.0,0.0,1.0,0.0,0.0
2024-10-20 12:20:50.808595,1.0,1.0,1.0,1.0,1.0,1.0,1.0,792977.0,0.05999717734364805,0.04012093401707996,0.039201510653345636,0.026170787978491077,0.03212811624624381,0.02851257612746981,-0.0007248632609844209,0.0006390241906046868,-0.0002893094594279926,-0.0,0.0,0.0,0.0,1.0,0.0,0.0,2.717765062283892,0.9568459232170132,1.7769549900856592,164.94839624199983,52.167077157057186,113.50824748894249,442.2140331405839,47.594480932096914,198.3214532901598,0.0,0.0,0.0,0.0,1.0,0.0,0.0
2024-10-20 12:20:50.887480,1.0,1.0,1.0,1.0,1.0,1.0,1.0,792978.0,0.05934240498725203,0.04114655461363215,0.03906839817849146,0.026392265450275895,0.03233879467572394,0.028239067876162333,-0.0007026086871822677,0.0006644579892357192,-0.0002670548856258393,-0.0,0.0,0.0,0.0,1.0,0.0,0.0,2.718229202243404,0.9552428380277016,1.7800148246477894,164.95837033668124,52.1510820030463,113.52914561314884,442.3235932905299,47.47104499861339,198.70824258111577,0.0,0.0,0.0,0.0,1.0,0.0,0.0
2024-10-20 12:20:50.903480,1.0,1.0,1.0,1.0,1.0,1.0,1.0,792979.0,0.059997177343648046,0.04057283328598263,0.0398604057162048,0.026355481787173698,0.0321582976678794,0.02810131550407159,-0.0007089671368400258,0.0006612787644068402,-0.0002638756607969603,-0.0,0.0,0.0,0.0,1.0,0.0,0.0,2.7181007970536415,0.9525755315724734,1.7829245300515089,164.96264226889804,52.150984956644685,113.52838018291204,442.33576124369165,47.331477123245385,199.07510121910232,0.0,0.0,0.0,0.0,1.0,0.0,0.0
2024-10-20 12:20:50.982073,1.0,1.0,1.0,1.0,1.0,1.0,1.0,792980.0,0.060343484273697845,0.040315225390783915,0.04025056580563931,0.02650231011985886,0.032067668184708895,0.028135816825234642,-0.0007026086871822677,0.000642203415433566,-0.0002988471339146297,-0.0,0.0,0.0,0.0,1.0,0.0,0.0,2.7170891544717035,0.9520674506948477,1.7837882463766432,164.97235972188557,52.16265401309097,113.52588424437972,442.23849780551296,47.297296436045336,199.19408078562302,0.0,0.0,0.0,0.0,1.0,0.0,0.0
2024-10-20 12:20:50.997575,1.0,1.0,1.0,1.0,1.0,1.0,1.0,792981.0,0.05999717734364805,0.04076497090344803,0.03933417265909615,0.026392265450275895,0.03179422973639322,0.02858054422421529,-0.0006867125630378724,0.0006358449657758078,-0.00030520558357238775,-0.0,0.0,0.0,0.0,1.0,0.0,0.0,2.717452609607711,0.9485086581469152,1.7858505157354359,164.97153804410297,52.15481640699947,113.5296918426263,442.2788341322176,47.10314278638472,199.45587658996732,0.0,0.0,0.0,0.0,1.0,0.0,0.0
2024-10-20 12:20:51.061112,1.0,1.0,1.0,1.0,1.0,1.0,1.0,792982.0,0.06051589458012211,0.04076497090344802,0.039729500910396995,0.026355481787173698,0.03139505892336215,0.028648351067380656,-0.0007185048113266629,0.0006294865161180497,-0.0003306393822034201,-0.0,0.0,0.0,0.0,1.0,0.0,0.0,2.717720283865309,0.9438541126706808,1.7887138853394422,164.9565829808862,52.14073944146222,113.53514046119084,442.30869773908876,46.872422233126464,199.75836759914816,0.0,0.0,0.0,0.0,1.0,0.0,0.0
2024-10-20 12:20:51.076304,1.0,1.0,1.0,1.0,1.0,1.0,1.0,792983.0,0.0606878150815704,0.04101975445198809,0.040055960801949016,0.02657542007977932,0.03151841915858901,0.0287834855487486,-0.0007026086871822677,0.0006612787644068402,-0.00034653550634781527,-0.0,0.0,0.0,0.0,1.0,0.0,0.0,2.719829233340233,0.9424887064443933,1.790333294015648,164.96365877946337,52.14794293125918,113.53229625040994,442.6588867929474,46.80858288130774,199.90463562566046,0.0,0.0,0.0,0.0,1.0,0.0,0.0
2024-10-20 12:20:51.139180,1.0,1.0,1.0,1.0,1.0,1.0,1.0,792984.0,0.06073071916263212,0.04025056580563931,0.039729500910396995,0.02664832946254422,0.03145679951185349,0.028546580404464273,-0.0007057879120111467,0.0006294865161180497,-0.0003306393822034201,-0.0,0.0,0.0,0.0,1.0,0.0,0.0,2.719023348334654,0.9394667442063119,1.79199604464303,164.96168718195935,52.13855157489501,113.53381905495516,442.55637198184576,46.64040448675018,200.077585683439,0.0,0.0,0.0,0.0,1.0,0.0,0.0
2024-10-20 12:20:51.232431,1.0,1.0,1.0,1.0,1.0,1.0,1.0,792985.0,0.0604297509142743,0.04050858489526056,0.040185802182344105,0.02711746269239568,0.03191604715477278,0.028239067876162333,-0.0007153255864977838,0.0006612787644068402,-0.00030202635874350875,-0.0,0.0,0.0,0.0,1.0,0.0,0.0,2.7178536585505095,0.9378622800252473,1.7944629519469204,164.97232431151585,52.162621875517026,113.52857830851087,442.3952918753653,46.62668290823284,200.35194445963003,0.0,0.0,0.0,0.0,1.0,0.0,0.0
2024-10-20 12:20:51.248527,1.0,1.0,1.0,1.0,1.0,1.0,1.0,792986.0,0.06042975091427429,0.039925697169818586,0.04070102581168387,0.02700992441274364,0.03203740138402003,0.028066771771894115,-0.0006930710126956305,0.000642203415433566,-0.00030520558357238775,-0.0,0.0,0.0,0.0,1.0,0.0,0.0,2.7163574636979724,0.9365524333419654,1.7945953797832745,164.9800849146568,52.16891657203615,113.53086299263572,442.2239379272266,46.540465024383565,200.38485611045786,0.0,0.0,0.0,0.0,1.0,0.0,0.0
2024-10-20 12:20:51.311020,1.0,1.0,1.0,1.0,1.0,1.0,1.0,792987.0,0.0605158945801221,0.03986040571620479,0.04076497090344803,0.02697398304697218,0.032308781866774994,0.02847853124831018,-0.0007216840361555419,0.000648561865091324,-0.000321101707716783,-0.0,0.0,0.0,0.0,1.0,0.0,0.0,2.7152336839919675,0.9348080548308583,1.7950105242515098,164.98578338991135,52.18673049877236,113.51926120635005,442.05920683427723,46.4527214175024,200.4111201367389,0.0,0.0,0.0,0.0,1.0,0.0,0.0
2024-10-20 12:20:51.327029,1.0,1.0,1.0,1.0,1.0,1.0,1.0,792988.0,0.06175147500477284,0.038666311337125336,0.04101975445198809,0.026829736114304472,0.032308781866774994,0.02847853124831018,-0.0007661931837598485,0.0006135903919736546,-0.00033699783186117815,-0.0,0.0,0.0,0.0,1.0,0.0,0.0,2.7149993958555556,0.9342333063200254,1.7964056753985393,164.97774848920716,52.19190837808424,113.5126363460908,441.98070347194295,46.422896962196354,200.57851107179002,0.0,0.0,0.0,0.0,1.0,0.0,0.0
2024-10-20 12:20:51.404845,1.0,1.0,1.0,1.0,1.0,1.0,1.0,792989.0,0.06149787444661349,0.03853134997827472,0.04012093401707996,0.027260187166059602,0.03242866644143693,0.028648351067380656,-0.0007439386099576951,0.0006072319423158965,-0.000324280932545662,-0.0,0.0,0.0,0.0,1.0,0.0,0.0,2.714661465162613,0.9315772906491628,1.7970882129668246,164.97504608309197,52.18265941839164,113.52409358933917,441.91867776696137,46.28606720682819,200.61738918983443,0.0,0.0,0.0,0.0,1.0,0.0,0.0
2024-10-20 12:20:51.483668,1.0,1.0,1.0,1.0,1.0,1.0,1.0,792990.0,0.06162480517906942,0.03853134997827472,0.04037978143756249,0.027437548745241652,0.03251828982682399,0.028444445621196364,-0.0007725516334176065,0.0005945150430003804,-0.00031156403323014586,-0.0,0.0,0.0,0.0,1.0,0.0,0.0,2.713854738744225,0.9286806226642353,1.7973120027065188,164.95653928652595,52.169163538585636,113.52703101107421,441.70377559192286,46.127497766996484,200.63188138763888,0.0,0.0,0.0,0.0,1.0,0.0,0.0
2024-10-20 12:20:51.498805,1.0,1.0,1.0,1.0,1.0,1.0,1.0,792991.0,0.06204603226407262,0.03819186010094626,0.04127296521748624,0.027508173183166423,0.03254810944778678,0.028341942781077132,-0.0007852685327331227,0.0005849773685137433,-0.00030202635874350875,-0.0,0.0,0.0,0.0,1.0,0.0,0.0,2.714057402527387,0.9291111601124682,1.79563607723469,164.94636600251428,52.154426134177804,113.53852451602722,441.7170309282877,46.162284611678615,200.42534345034184,0.0,0.0,0.0,0.0,1.0,0.0,0.0
2024-10-20 12:20:51.561561,1.0,1.0,1.0,1.0,1.0,1.0,1.0,792992.0,0.06187788552602544,0.03893483061427055,0.04139898983206046,0.027962884536546752,0.03257790177388484,0.028273401102065627,-0.0007471178347865742,0.0005817981436848642,-0.00029566790908575063,-0.0,0.0,0.0,0.0,1.0,0.0,0.0,2.712120787566109,0.9298839519514326,1.7949761129731845,164.95846014740954,52.164418865936874,113.54487593295754,441.444787194494,46.176075531780874,200.37076642522553,0.0,0.0,0.0,0.0,1.0,0.0,0.0
2024-10-20 12:20:51.576581,1.0,1.0,1.0,1.0,1.0,1.0,1.0,792993.0,0.06170928061993169,0.03839591423416136,0.04139898983206045,0.02799755644637631,0.03233879467572394,0.02820469285687616,-0.0007566555092732113,0.0005468266705671948,-0.0002734133352835974,-0.0,0.0,0.0,0.0,1.0,0.0,0.0,2.7130960947876774,0.9292713038278755,1.794243922319598,164.9504639888453,52.153162885960484,113.54863730614616,441.6024214628191,46.10267192993146,200.3205271790421,0.0,0.0,0.0,0.0,1.0,0.0,0.0
2024-10-20 12:20:51.654646,1.0,1.0,1.0,1.0,1.0,1.0,1.0,792994.0,0.06191996501781567,0.038733615672373205,0.04139898983206045,0.02792816958270741,0.032815266674204355,0.028376151535570014,-0.0007502970596154532,0.000569081244369348,-0.0002829510097702345,-0.0,0.0,0.0,0.0,1.0,0.0,0.0,2.715409173668407,0.9299275491535687,1.7917708987157046,164.95416989870594,52.160537978368374,113.54177760975604,441.9573109122756,46.14281580629816,200.0251978826326,0.0,0.0,0.0,0.0,1.0,0.0,0.0
2024-10-20 12:20:51.669663,1.0,1.0,1.0,1.0,1.0,1.0,1.0,792995.0,0.06158252400415764,0.037918079796158174,0.04082881584609786,0.02789341142414604,0.03227874115189541,0.02851257612746981,-0.0007502970596154532,0.0005468266705671948,-0.000324280932545662,-0.0,0.0,0.0,0.0,1.0,0.0,0.0,2.7149099069481246,0.9287081091098515,1.7895087787024586,164.95055914412066,52.15175217437516,113.54773103808476,441.836521298675,46.03961438986927,199.78064180340203,0.0,0.0,0.0,0.0,1.0,0.0,0.0
2024-10-20 12:20:51.732454,1.0,1.0,1.0,1.0,1.0,1.0,1.0,792996.0,0.06132822481459091,0.037918079796158174,0.04012093401707996,0.028273401102065627,0.03227874115189541,0.028307692686654416,-0.0007852685327331227,0.0005500058953960738,-0.00031156403323014586,-0.0,0.0,0.0,0.0,1.0,0.0,0.0,2.7142434709178684,0.9268103122693894,1.7890131383513923,164.95925403785446,52.16557773849702,113.53756197934233,441.7216549341777,45.97438113299733,199.70548525646254,0.0,0.0,0.0,0.0,1.0,0.0,0.0
2024-10-20 12:20:51.827253,1.0,1.0,1.0,1.0,1.0,1.0,1.0,792997.0,0.06162480517906941,0.0378493252884673,0.03999088202492748,0.028273401102065627,0.032368779656366614,0.02792816958270741,-0.0007630139589309693,0.0005595435698827109,-0.00030202635874350875,-0.0,0.0,0.0,0.0,1.0,0.0,0.0,2.7125479643973023,0.9264767779051508,1.787173238916865,164.94323436882001,52.128614252989486,113.55537367166617,441.36452377796974,45.91461054975035,199.53008929822775,0.0,0.0,0.0,0.0,1.0,0.0,0.0
2024-10-20 12:20:51.842786,1.0,1.0,1.0,1.0,1.0,1.0,1.0,792998.0,0.06145550594386013,0.037918079796158174,0.039729500910396995,0.02820469285687616,0.03242866644143693,0.028170275891210916,-0.0007471178347865742,0.000572260469198227,-0.0002893094594279926,-0.0,0.0,0.0,0.0,1.0,0.0,0.0,2.7123664211307164,0.9254466463048027,1.7843266287242423,164.94582677572524,52.12751787218974,113.55700432018534,441.3593292778465,45.878481245844306,199.2210373446353,0.0,0.0,0.0,0.0,1.0,0.0,0.0
2024-10-20 12:20:51.904413,1.0,1.0,1.0,1.0,1.0,1.0,1.0,792999.0,0.060944786513602064,0.03819186010094626,0.04012093401707996,0.027858609899147853,0.03227874115189541,0.02820469285687616,-0.0007407593851288161,0.0005817981436848642,-0.000321101707716783,-0.0,0.0,0.0,0.0,1.0,0.0,0.0,2.713871801261521,0.9257236847825577,1.7807406536006318,164.95356379729228,52.14285473375937,113.54910972910395,441.6420355756168,45.88135314560639,198.83867019561401,0.0,0.0,0.0,0.0,1.0,0.0,0.0
2024-10-20 12:20:51.919980,1.0,1.0,1.0,1.0,1.0,1.0,1.0,793000.0,0.060300304672981635,0.03839591423416136,0.03953233095432663,0.02740216826792598,0.03191604715477278,0.02810131550407159,-0.0006930710126956305,0.0005627227947115899,-0.0003179224828879039,-0.0,0.0,0.0,0.0,1.0,0.0,0.0,2.7154454106339934,0.9278339763171772,1.7797180078192252,164.9653546733286,52.147604416106084,113.54677831944348,441.9351958711187,45.94593869429398,198.72033389645566,0.0,0.0,0.0,0.0,1.0,0.0,0.0
2024-10-20 12:20:51.998800,1.0,1.0,1.0,1.0,1.0,1.0,1.0,793001.0,0.05973612964857621,0.03859888964444313,0.039135011011481306,0.02799755644637631,0.03218845078999174,0.02847853124831018,-0.0007121463616689048,0.0005754396940271061,-0.000324280932545662,-0.0,0.0,0.0,0.0,1.0,0.0,0.0,2.7149020185646693,0.9262394353211572,1.7785167158166526,164.98499730424223,52.176111492741036,113.52949751302171,441.87824094142735,45.843756196293455,198.5857955400483,0.0,0.0,0.0,0.0,1.0,0.0,0.0
2024-10-20 12:20:52.076698,1.0,1.0,1.0,1.0,1.0,1.0,1.0,793002.0,0.05982327211598111,0.038666311337125336,0.03946638873835309,0.027472883658460283,0.03212811624624381,0.028614467730784514,-0.0007153255864977838,0.0005881565933426223,-0.000324280932545662,-0.0,0.0,0.0,0.0,1.0,0.0,0.0,2.716694757306743,0.9236186918467638,1.7774335702054,164.98143939140172,52.18958342162371,113.51073309788067,442.17102776632373,45.75209455226323,198.4296786408793,0.0,0.0,0.0,0.0,1.0,0.0,0.0
2024-10-20 12:20:52.091838,1.0,1.0,1.0,1.0,1.0,1.0,1.0,793003.0,0.06008394120292352,0.03933417265909616,0.03933417265909615,0.027543417493819798,0.03233879467572394,0.0287834855487486,-0.0007375801602999371,0.0006040527174870175,-0.0003179224828879039,-0.0,0.0,0.0,0.0,1.0,0.0,0.0,2.717006498254949,0.9211218396558281,1.7770306986332733,164.98063157743263,52.18913048775344,113.50950834169404,442.21048344775073,45.63849022437669,198.36086108556412,0.0,0.0,0.0,0.0,1.0,0.0,0.0
2024-10-20 12:20:52.154774,1.0,1.0,1.0,1.0,1.0,1.0,1.0,793004.0,0.05977971676101448,0.03979500713939933,0.03933417265909615,0.02789341142414604,0.03191604715477278,0.02851257612746981,-0.0007502970596154532,0.0006167696168025336,-0.00031156403323014586,-0.0,0.0,0.0,0.0,1.0,0.0,0.0,2.715871585010168,0.9193519497981467,1.7794861505684352,164.99641136945425,52.21655341541159,113.50437096694152,442.10082006130955,45.572280987535514,198.63505903334996,0.0,0.0,0.0,0.0,1.0,0.0,0.0
2024-10-20 12:20:52.169773,1.0,1.0,1.0,1.0,1.0,1.0,1.0,793005.0,0.05991028783050486,0.03966388649582423,0.03959816335788845,0.027543417493819798,0.03221857569203676,0.02858054422421529,-0.0007248632609844209,0.0006135903919736546,-0.00030202635874350875,-0.0,0.0,0.0,0.0,1.0,0.0,0.0,2.7167849863679727,0.916772151703976,1.7828976307284763,165.0088165960585,52.22510138506086,113.50265210966586,442.270997078079,45.44863314988597,199.0202314529823,0.0,0.0,0.0,0.0,1.0,0.0,0.0
2024-10-20 12:20:52.248667,1.0,1.0,1.0,1.0,1.0,1.0,1.0,793006.0,0.06004057494595436,0.03999088202492748,0.03959816335788845,0.02729575167846423,0.03227874115189541,0.028951516664139216,-0.0007121463616689048,0.0006135903919736546,-0.00030520558357238775,-0.0,0.0,0.0,0.0,1.0,0.0,0.0,2.7178563738952786,0.914102779113981,1.7855556877956194,165.01706569733466,52.23377863095942,113.50398051127999,442.472367500816,45.302568591660005,199.31541274301898,0.0,0.0,0.0,0.0,1.0,0.0,0.0
2024-10-20 12:20:52.326543,1.0,1.0,1.0,1.0,1.0,1.0,1.0,793007.0,0.05929849643148995,0.039729500910396995,0.03979500713939933,0.02718891858094095,0.032007105962223864,0.02891798855021124,-0.0006898917878667515,0.0005913358181715013,-0.000321101707716783,-0.0,0.0,0.0,0.0,1.0,0.0,0.0,2.7195524019202244,0.9126034521663184,1.7879446761479167,165.03012501778474,52.26414428506729,113.48906812741454,442.8214214830991,45.246885709352725,199.58241870811253,0.0,0.0,0.0,0.0,1.0,0.0,0.0
2024-10-20 12:20:52.342188,1.0,1.0,1.0,1.0,1.0,1.0,1.0,793008.0,0.05916657525265936,0.0398604057162048,0.03986040571620479,0.02718891858094095,0.032067668184708895,0.02918513499541173,-0.0006835333382089934,0.0005881565933426223,-0.000324280932545662,-0.0,0.0,0.0,0.0,1.0,0.0,0.0,2.719669352400093,0.9111410754810078,1.7905608373497994,165.02676998728623,52.259076048945715,113.4934880882812,442.84096665085264,45.125196942844255,199.84610448592176,0.0,0.0,0.0,0.0,1.0,0.0,0.0
2024-10-20 12:20:52.420024,1.0,1.0,1.0,1.0,1.0,1.0,1.0,793009.0,0.059605177069485184,0.040055960801949016,0.03999088202492748,0.027224576194402335,0.03224867245309928,0.0287834855487486,-0.0007026086871822677,0.0006167696168025336,-0.00027023411045471834,-0.0,0.0,0.0,0.0,1.0,0.0,0.0,2.7180224307067435,0.909374034056581,1.7922455225742013,165.0282386493779,52.264135763457965,113.4939473377932,442.5696887832243,45.042784151658815,200.0454182025139,0.0,0.0,0.0,0.0,1.0,0.0,0.0
2024-10-20 12:20:52.436024,1.0,1.0,1.0,1.0,1.0,1.0,1.0,793010.0,0.05934240498725203,0.040444234441770865,0.040055960801949016,0.027718966864906235,0.03227874115189541,0.02918513499541173,-0.0007280424858133,0.0006517410899202031,-0.0002765925601124764,-0.0,0.0,0.0,0.0,1.0,0.0,0.0,2.7156423074579172,0.9053240311644927,1.7930216027509345,165.0260456791454,52.25625085502589,113.50066173458839,442.1645917789048,44.85723391332818,200.15268720792122,0.0,0.0,0.0,0.0,1.0,0.0,0.0
2024-10-20 12:20:52.498227,1.0,1.0,1.0,1.0,1.0,1.0,1.0,793011.0,0.05925455533880765,0.04070102581168387,0.039400336158606504,0.027224576194402335,0.03203740138402003,0.028951516664139216,-0.0006994294623533886,0.0006517410899202031,-0.0002670548856258393,-0.0,0.0,0.0,0.0,1.0,0.0,0.0,2.714928082122763,0.9043632593332522,1.7941975600008204,165.0182061343036,52.24880195172984,113.50472766158109,442.00622399276233,44.808155462686486,200.29209506440884,0.0,0.0,0.0,0.0,1.0,0.0,0.0
2024-10-20 12:20:52.512938,1.0,1.0,1.0,1.0,1.0,1.0,1.0,793012.0,0.05929849643148995,0.04070102581168387,0.03933417265909616,0.027437548745241652,0.03224867245309928,0.028951516664139216,-0.0007216840361555419,0.0006803541133801144,-0.00027023411045471834,-0.0,0.0,0.0,0.0,1.0,0.0,0.0,2.713113055405796,0.9056474908723677,1.7949821015964773,165.01282972915226,52.23970568483222,113.51063655788478,441.6895011373765,44.83495116595892,200.4063047507659,0.0,0.0,0.0,0.0,1.0,0.0,0.0
2024-10-20 12:20:52.590753,1.0,1.0,1.0,1.0,1.0,1.0,1.0,793013.0,0.05916657525265935,0.04012093401707996,0.0398604057162048,0.026901956261409284,0.0321582976678794,0.028985005994784836,-0.0006930710126956305,0.0006676372140645982,-0.0002988471339146297,-0.0,0.0,0.0,0.0,1.0,0.0,0.0,2.7119533555884403,0.9083436346735193,1.7988653403510768,165.02187669865012,52.258491862247986,113.50418261111952,441.5335918634564,44.98929371283688,200.8317341005886,0.0,0.0,0.0,0.0,1.0,0.0,0.0
2024-10-20 12:20:52.669303,1.0,1.0,1.0,1.0,1.0,1.0,1.0,793014.0,0.0589018465187209,0.03953233095432663,0.04037978143756249,0.02668470945144587,0.03227874115189541,0.029317795383615314,-0.0006898917878667515,0.0006517410899202031,-0.0003306393822034201,-0.0,0.0,0.0,0.0,1.0,0.0,0.0,2.7125741572655584,0.9077432184307141,1.7993293154847865,165.00940108237896,52.240388944211404,113.5120124688772,441.6091386350117,44.920982024338045,200.90283557149073,0.0,0.0,0.0,0.0,1.0,0.0,0.0
2024-10-20 12:20:52.684303,1.0,1.0,1.0,1.0,1.0,1.0,1.0,793015.0,0.05964885987276111,0.040185802182344105,0.04076497090344803,0.026901956261409284,0.03203740138402003,0.029350866793321755,-0.0007280424858133,0.000645382640262445,-0.0003179224828879039,-0.0,0.0,0.0,0.0,1.0,0.0,0.0,2.7108758985488124,0.9088793616045223,1.8009716855006055,164.9922636167141,52.221009956297216,113.51764473196407,441.30275620838194,44.977986581056136,201.12091779560157,0.0,0.0,0.0,0.0,1.0,0.0,0.0
2024-10-20 12:20:52.746041,1.0,1.0,1.0,1.0,1.0,1.0,1.0,793016.0,0.06004057494595437,0.039400336158606504,0.04101975445198809,0.026865870455412305,0.032308781866774994,0.02908524262592732,-0.0007216840361555419,0.0006294865161180497,-0.00030202635874350875,-0.0,0.0,0.0,0.0,1.0,0.0,0.0,2.71087296269533,0.9103651309471005,1.800515114158267,164.98610228498293,52.21063585843115,113.52227019416715,441.2732667786109,45.029916615540415,201.09139082910986,0.0,0.0,0.0,0.0,1.0,0.0,0.0
2024-10-20 12:20:52.761579,1.0,1.0,1.0,1.0,1.0,1.0,1.0,793017.0,0.060687815081570395,0.04037978143756249,0.04139898983206046,0.027260187166059602,0.032815266674204355,0.029449858193388034,-0.0007566555092732113,0.0006676372140645982,-0.0002829510097702345,-0.0,0.0,0.0,0.0,1.0,0.0,0.0,2.7087097622792884,0.9098537869673032,1.8002152009292625,164.99642833595098,52.206624450624446,113.53820302839455,440.9292917846155,45.04109734159429,201.04276644410527,0.0,0.0,0.0,0.0,1.0,0.0,0.0
2024-10-20 12:20:52.840743,1.0,1.0,1.0,1.0,1.0,1.0,1.0,793018.0,0.06073071916263211,0.04037978143756249,0.041587310697157,0.027260187166059602,0.033021561356871405,0.028850815431501826,-0.0007661931837598485,0.0006739956637223563,-0.0002893094594279926,-0.0,0.0,0.0,0.0,1.0,0.0,0.0,2.707503710058111,0.908802891305694,1.8000913630682362,164.996632081421,52.20668824253506,113.53510281414488,440.69401298621887,45.01863805683254,201.04709448350818,0.0,0.0,0.0,0.0,1.0,0.0,0.0
2024-10-20 12:20:52.919615,1.0,1.0,1.0,1.0,1.0,1.0,1.0,793019.0,0.06107286676663669,0.04025056580563931,0.04164989509779679,0.02711746269239568,0.032696799620819436,0.028850815431501826,-0.0007566555092732113,0.0006231280664602917,-0.0003338186070322991,-0.0,0.0,0.0,0.0,1.0,0.0,0.0,2.70742573179184,0.9075543917347285,1.8003923073388943,164.9798019907074,52.17491033518431,113.54720663088433,440.634753825021,44.93929061240884,201.06823032341777,0.0,0.0,0.0,0.0,1.0,0.0,0.0
2024-10-20 12:20:52.935228,1.0,1.0,1.0,1.0,1.0,1.0,1.0,793020.0,0.06179364057814277,0.039135011011481306,0.041712385598201944,0.02646567940419046,0.03242866644143693,0.028546580404464273,-0.0007471178347865742,0.0006008734926581384,-0.0003497147311766943,-0.0,0.0,0.0,0.0,1.0,0.0,0.0,2.620485145342196,1.7824219842889848,2.5287093100815996,161.43649827607558,64.06896207167206,132.75418132032544,415.0090318378306,84.65422039944707,309.34264281521934,0.0,0.0,0.0,0.0,1.0,0.0,0.0
2024-10-20 12:20:53.014206,1.0,1.0,1.0,1.0,1.0,1.0,1.0,793021.0,0.061582524004157646,0.03839591423416136,0.04306424069081518,0.026244821472867705,0.03260766687993288,0.028410319099464804,-0.0007439386099576951,0.0005786189188559852,-0.0003751485298077266,-0.0,0.0,0.0,0.0,1.0,0.0,0.0,2.521229450732419,2.0743270042371353,2.8835485595847987,156.71113771265894,76.56980763925485,150.78097883848153,386.9391168567373,128.06004518066723,407.4801314069742,0.0,0.0,0.0,0.0,1.0,0.0,0.0
2024-10-20 12:20:53.030264,1.0,1.0,1.0,1.0,1.0,1.0,1.0,793022.0,0.06154021377999141,0.037503662109375,0.042577623479846755,0.026207830867489117,0.032667115729434024,0.028170275891210916,-0.0007407593851288161,0.0005436474457383157,-0.0003815069794654847,-0.0,0.0,0.0,0.0,1.0,0.0,0.0,2.413390340564203,2.3044943617502907,3.1674473667037204,151.12970696523607,89.00208674360641,166.83508007479344,356.58688794508333,173.16290776931743,500.45791307236783,0.0,0.0,0.0,0.0,1.0,0.0,0.0
2024-10-20 12:20:53.093164,1.0,1.0,1.0,1.0,1.0,1.0,1.0,793023.0,0.061667057364478396,0.03819186010094626,0.0420853800755884,0.026757321039963047,0.03296275176192149,0.028170275891210916,-0.0007502970596154532,0.000569081244369348,-0.00036879008014996856,-0.0,0.0,0.0,0.0,1.0,0.0,0.0,2.289308226302187,2.528272023402578,3.4181095066869203,144.70073584198505,101.06229400419475,181.20098220959545,323.1478759950289,222.6906392285733,590.8274012097827,0.0,0.0,0.0,0.0,1.0,0.0,0.0
2024-10-20 12:20:53.108173,1.0,1.0,1.0,1.0,1.0,1.0,1.0,793024.0,0.06288002172730621,0.03839591423416136,0.04139898983206045,0.02668470945144587,0.032933307582966455,0.02789341142414604,-0.000734400935471058,0.0005881565933426223,-0.00034653550634781527,-0.0,0.0,0.0,0.0,1.0,0.0,0.0,2.1422532639472807,2.766227246976893,3.6550483239076215,137.35045401087413,113.00022711710395,194.2519756436922,286.1573775107441,279.1754491877671,681.0603699173948,0.0,0.0,0.0,0.0,1.0,0.0,0.0
2024-10-20 12:20:53.170561,1.0,1.0,1.0,1.0,1.0,1.0,1.0,793025.0,0.062255577042481754,0.0378493252884673,0.041774782619765874,0.026829736114304472,0.032815266674204355,0.02810131550407159,-0.0007089671368400258,0.0005786189188559852,-0.0003401770566900572,-0.0,0.0,0.0,0.0,1.0,0.0,0.0,1.9790561940847748,2.991612491517056,3.8638942943007937,128.96664403447932,124.67358486150532,205.93654075098576,247.212213798968,338.9543054947636,766.339342789373,0.0,0.0,0.0,0.0,1.0,0.0,0.0
2024-10-20 12:20:53.263181,1.0,1.0,1.0,1.0,1.0,1.0,1.0,793026.0,0.06170928061993169,0.03839591423416136,0.04152463197171362,0.02672103991000101,0.032756086704177324,0.028546580404464273,-0.0006994294623533886,0.0005881565933426223,-0.00035925240566333144,-0.0,0.0,0.0,0.0,1.0,0.0,0.0,1.7906732949082398,3.2300542248682143,4.06082811641051,119.46373594768119,136.27053949357705,216.6924872110089,205.95527322040041,405.71943241507313,850.2120792108585,0.0,0.0,0.0,0.0,1.0,0.0,0.0
2024-10-20 12:20:53.278339,1.0,1.0,1.0,1.0,1.0,1.0,1.0,793027.0,0.06162480517906942,0.038055216156251626,0.04076497090344802,0.026428997918226275,0.03245856839932655,0.02851257612746981,-0.0007280424858133,0.0005786189188559852,-0.0003751485298077266,-0.0,0.0,0.0,0.0,1.0,0.0,0.0,1.5818198288175016,3.4623979710188553,4.244464257116809,108.69862836850402,147.5502626254793,226.5538981706776,163.8742031193393,475.9836791879429,931.6137589582113,0.0,0.0,0.0,0.0,1.0,0.0,0.0
2024-10-20 12:20:53.342325,1.0,1.0,1.0,1.0,1.0,1.0,1.0,793028.0,0.06187788552602544,0.0378493252884673,0.04050858489526056,0.02650231011985886,0.03242866644143693,0.028444445621196364,-0.0007375801602999371,0.0005786189188559852,-0.0003528939560055733,-0.0,0.0,0.0,0.0,1.0,0.0,0.0,1.3581217102696013,3.831198524795684,4.450616001948342,96.04767258161472,160.96923107052407,236.29734720483185,119.60039648493711,580.6134068298912,1021.1908131914901,0.0,0.0,0.0,0.0,1.0,0.0,0.0
2024-10-20 12:20:53.357112,1.0,1.0,1.0,1.0,1.0,1.0,1.0,793029.0,0.0621299349829497,0.037711440220720746,0.03959816335788845,0.02657542007977932,0.03308026640118225,0.028648351067380656,-0.0007789100830753646,0.0006231280664602917,-0.00032746015737454104,-0.0,0.0,0.0,0.0,1.0,0.0,0.0,1.6619276806629026,4.81985326130002,4.718701153933187,82.12517571683688,186.09879359567645,247.29001928454662,94.6476442432793,852.0272234148871,1135.8040166631947,0.0,0.0,0.0,0.0,1.0,0.0,0.0
2024-10-20 12:20:53.434590,1.0,1.0,1.0,1.0,1.0,1.0,1.0,793030.0,0.0621299349829497,0.03839591423416136,0.03959816335788845,0.02668470945144587,0.03348832035600082,0.028307692686654416,-0.0007852685327331227,0.0006326657409469288,-0.00030202635874350875,-0.0,0.0,0.0,0.0,1.0,0.0,0.0,3.5827791744699096,6.047015476939168,4.438101710020125,86.48741294008853,211.23895699047264,242.81576628929645,229.70193671536734,1233.8728270686643,1061.372125813665,0.0,0.0,0.0,0.0,1.0,0.0,0.0
2024-10-20 12:20:53.513255,1.0,1.0,1.0,1.0,1.0,1.0,1.0,793031.0,0.06208799779627258,0.03859888964444313,0.03839591423416135,0.02697398304697218,0.033430331878977426,0.02847853124831018,-0.0007979854320486389,0.0006580995395779611,-0.00027977178494135546,-0.0,0.0,0.0,0.0,1.0,0.0,0.0,6.652786380368535,6.9336104492164745,4.83348412796354,120.9071258656201,229.79414280417194,230.31460039941075,725.2544536636699,1543.431223451166,946.4842962501533,0.0,0.0,0.0,0.0,1.0,0.0,0.0
2024-10-20 12:20:53.528781,1.0,1.0,1.0,1.0,1.0,1.0,1.0,793032.0,0.06191996501781567,0.03812359934915173,0.037780445658522906,0.026757321039963047,0.03348832035600082,0.028749761476771198,-0.0007789100830753647,0.0006390241906046868,-0.00027023411045471834,-0.0,0.0,0.0,0.0,1.0,0.0,0.0,8.756569791499425,7.134706436301813,8.028619699597908,159.83794831794228,230.18891551469184,226.931632245493,1329.8408857266304,1505.8052015107296,1283.411132858499,0.0,0.0,0.0,0.0,1.0,0.0,0.0
2024-10-20 12:20:53.606210,1.0,1.0,1.0,1.0,1.0,1.0,1.0,793033.0,0.0612432237691468,0.03764230828317237,0.03729472643293347,0.02646567940419046,0.033284918697807614,0.028951516664139216,-0.0007757308582464857,0.0006294865161180497,-0.0002734133352835974,-0.0,0.0,0.0,0.0,1.0,0.0,0.0,9.187062465979073,10.460067361712829,10.685573972728458,168.2403044036338,233.78123406072092,238.97581415779527,1377.074152125562,1934.7825000022706,1945.6557020077526,1250.9031938666424,1944.1754695057552,0.317479058485652,6.144119080483838,0.03235836880221938,0.0,0.0
2024-10-20 12:20:53.621378,1.0,1.0,1.0,1.0,1.0,1.0,1.0,793034.0,0.06120067897500958,0.0378493252884673,0.0373645014732293,0.026392265450275895,0.033168129149298335,0.02881717015424661,-0.0008011646568775178,0.0006072319423158965,-0.00026069643596808123,-0.0,0.0,0.0,0.0,1.0,0.0,0.0,13.176731813247516,12.77131477770327,11.47968502898647,182.7657344287202,250.97574038665516,231.82534521194376,2057.271626158099,2630.5737175618756,1903.9219582536261,1655.991883341708,1072.61931643621,0.7566014758921087,14.742935722781993,0.025713259057643115,0.00036894531374873204,46743.25967409457
2024-10-20 12:20:53.682824,1.0,1.0,1.0,1.0,1.0,1.0,1.0,793035.0,0.06107286676663669,0.03832801689680105,0.03658965855745672,0.026207830867489117,0.03308026640118225,0.028273401102065627,-0.000807523106535276,0.0006104111671447755,-0.00027023411045471834,-0.0,0.0,0.0,0.0,1.0,0.0,0.0,14.617869608708267,15.002266711959205,15.763258091218031,203.4457709177624,249.69376574441753,238.51890803928575,2553.4472361130765,2812.1011536488277,2802.5094383217815,2136.6387105362323,819.205127875397,1.272200407052571,24.906334260768308,0.02113165022202734,0.0009922319834430348,32984.370189142865
2024-10-20 12:20:53.698824,1.0,1.0,1.0,1.0,1.0,1.0,1.0,793036.0,0.061667057364478396,0.03859888964444313,0.037084613626145846,0.026355481787173698,0.03260766687993288,0.02820469285687616,-0.0008138815561930341,0.0006104111671447755,-0.00030202635874350875,-0.0,0.0,0.0,0.0,1.0,0.0,0.0,18.738768049133235,17.81403495881068,17.20344976244638,216.1945654368374,263.32846700014835,234.82330167674164,3361.226714543747,3656.447121242486,2920.232600384227,2684.0887880198334,684.7431740699933,1.9059365453253625,37.43178591515756,0.018021192600418505,0.0019289709246094401,25037.622812884267
2024-10-20 12:20:53.776824,1.0,1.0,1.0,1.0,1.0,1.0,1.0,793037.0,0.06162480517906942,0.038666311337125336,0.03701431097784901,0.026538890275460948,0.032756086704177324,0.02792816958270741,-0.0007916269823908807,0.0006104111671447755,-0.00027977178494135546,-0.0,0.0,0.0,0.0,1.0,0.0,0.0,20.454850459249666,21.577975430813936,20.758723836074726,228.03302733786413,266.0135788957575,243.17592663205428,3737.950300066852,4308.451110549145,3878.857402268943,3301.3523281247226,614.0774562169627,2.6076986641933164,51.33813690011237,0.01564284238352249,0.0032137194565194168,20735.79473150321
2024-10-20 12:20:53.855280,1.0,1.0,1.0,1.0,1.0,1.0,1.0,793038.0,0.060944786513602064,0.03900167157440239,0.0373645014732293,0.026318646714264433,0.032785690042080325,0.028239067876162333,-0.0007502970596154532,0.0006040527174870175,-0.0002765925601124764,-0.0,0.0,0.0,0.0,1.0,0.0,0.0,23.936923082953356,23.620718347817405,24.630973108266502,246.643150664952,268.4234626605994,242.37851211178864,4792.406204586305,4675.939961523627,4590.6361377189205,3969.6312933028003,560.449049994748,3.429220290152692,67.63716800883162,0.013811270698215247,0.004906354942512378,16418.12776322209
2024-10-20 12:20:53.870853,1.0,1.0,1.0,1.0,1.0,1.0,1.0,793039.0,0.06008394120292352,0.03986040571620479,0.037711440220720746,0.02657542007977932,0.032308781866774994,0.028066771771894115,-0.0007248632609844209,0.0006135903919736546,-0.00027977178494135546,-0.0,0.0,0.0,0.0,1.0,0.0,0.0,28.02470648101504,26.639764123776896,27.395439584419144,259.13814403720306,267.0286132900706,239.69418937029047,5787.823469451102,5363.307189348155,5055.852774881404,4661.643969982391,521.7569386621228,4.3186582659497645,85.31831116530793,0.01221275322945001,0.007041465050382849,13474.91230037898
2024-10-20 12:20:53.933504,1.0,1.0,1.0,1.0,1.0,1.0,1.0,793040.0,0.05977971676101447,0.039729500910396995,0.037780445658522906,0.02657542007977932,0.032067668184708895,0.028749761476771198,-0.0007248632609844209,0.0006167696168025336,-0.00029248868425687163,-0.0,0.0,0.0,0.0,1.0,0.0,0.0,31.460774363908822,30.298730280926772,30.38931776931265,265.7618014229935,259.36837922942226,245.86056122942017,6488.813615039223,6041.258465635529,5824.042805853211,5358.244252629167,485.1249107077526,5.331667957108486,105.47276055424904,0.01088401038152903,0.009680944830146095,9757.03711655226
2024-10-20 12:20:53.949503,1.0,1.0,1.0,1.0,1.0,1.0,1.0,793041.0,0.060558920461547684,0.04025056580563931,0.037918079796158174,0.02668470945144587,0.032007105962223864,0.028850815431501826,-0.0007057879120111467,0.0006263072912891707,-0.0003083848084012668,-0.0,0.0,0.0,0.0,1.0,0.0,0.0,34.5469803611772,34.0578021416234,33.836418649535666,261.7281347291516,252.8537030314635,258.89557037460526,6894.864969135269,6758.251331130543,6816.227866365614,6048.025087682636,478.03616490512974,6.100302853482903,120.81593310073298,0.00975463020041355,0.012704390986451018,12974.862112448462
2024-10-20 12:20:54.028282,1.0,1.0,1.0,1.0,1.0,1.0,1.0,793042.0,0.060644880647415536,0.04089256110871732,0.03832801689680105,0.02679355304171941,0.0313331966781849,0.02908524262592732,-0.0007185048113266629,0.000645382640262445,-0.0002988471339146297,-0.0,0.0,0.0,0.0,1.0,0.0,0.0,37.94359797841336,37.799820147713184,37.10215580210616,251.8976317812258,261.13040357666296,262.55207073219754,7358.6146759683415,7805.652453359804,7434.8867577292895,6742.159995060672,473.97115903605413,6.852316201267373,135.83713732869262,0.008823196866128417,0.01610374618902577,13047.913618751463
2024-10-20 12:20:54.105805,1.0,1.0,1.0,1.0,1.0,1.0,1.0,793043.0,0.06081643652238849,0.041336025552530284,0.03853134997827472,0.02672103991000101,0.031146872746571578,0.028648351067380656,-0.0007121463616689048,0.0006580995395779611,-0.00029248868425687163,-0.0,0.0,0.0,0.0,1.0,0.0,0.0,41.875495353976156,40.765495630627406,40.664086561561064,258.99878702254426,265.48019366057207,252.16869691589656,8507.12578879808,8358.567457463072,7804.136283568022,7417.51065323913,469.3957665575645,7.60605252458712,150.9004004732573,0.008024201874357829,0.019880062971807586,12820.446365977798
2024-10-20 12:20:54.121985,1.0,1.0,1.0,1.0,1.0,1.0,1.0,793044.0,0.0598667957827904,0.04139898983206045,0.03853134997827472,0.026829736114304472,0.03086527796111811,0.02908524262592732,-0.0006867125630378724,0.0006644579892357192,-0.00029248868425687163,-0.0,0.0,0.0,0.0,1.0,0.0,0.0,44.717746192427754,44.04325213848439,45.17753584669377,262.25710582950893,255.56824074025297,260.45680074282416,9047.913609408126,8612.601666208464,9106.09551414928,8099.169995285802,466.9629747586167,8.342584969226115,165.62635703924346,0.007343900900013869,0.024024900161084314,12987.96973825896
2024-10-20 12:20:54.184272,1.0,1.0,1.0,1.0,1.0,1.0,1.0,793045.0,0.05973612964857622,0.04152463197171362,0.038733615672373205,0.02664832946254422,0.03145679951185349,0.029018456676423974,-0.0006898917878667515,0.0006962502375245095,-0.00027977178494135546,-0.0,0.0,0.0,0.0,1.0,0.0,0.0,47.911544574793055,48.263275637840344,48.44769529930698,257.98863787238565,262.8979637257309,258.0010717960634,9564.678214851456,9665.736946903731,9600.540456973842,8770.604248507587,464.73856859191187,9.072066298995955,180.21551655788963,0.006755954936997811,0.028534834379687405,13016.276462866768
2024-10-20 12:20:54.199272,1.0,1.0,1.0,1.0,1.0,1.0,1.0,793046.0,0.05943012477643178,0.041336025552530284,0.03832801689680105,0.02646567940419046,0.031641298451732976,0.028546580404464273,-0.0007121463616689048,0.0007057879120111467,-0.00024480031182368605,-0.0,0.0,0.0,0.0,1.0,0.0,0.0,51.3523146171341,52.36993671494008,51.57662993934215,257.74060359830423,258.65141241325915,263.1140811239337,9961.071551616666,10425.72775937581,10479.416938318285,9431.135509459102,461.1665550373396,9.825842271863573,195.28890188210414,0.006248540945357612,0.033421983488341474,12506.53865835836
2024-10-20 12:20:54.276177,1.0,1.0,1.0,1.0,1.0,1.0,1.0,793047.0,0.058813338810543125,0.041336025552530284,0.03832801689680105,0.026096544458751023,0.03127121205432006,0.028614467730784514,-0.0006803541133801144,0.0006835333382089934,-0.00024797953665256506,-0.0,0.0,0.0,0.0,1.0,0.0,0.0,55.976734078814125,54.64557998486821,55.339021389577994,262.48930160340495,262.3589150882458,255.1489892185056,11365.54876879424,10849.646567106036,10700.583338402254,10095.286075941438,459.5268129168122,10.550716470474024,209.78728149258944,0.0058149980635197815,0.0386719578385092,12891.611227031197
2024-10-20 12:20:54.353643,1.0,1.0,1.0,1.0,1.0,1.0,1.0,793048.0,0.05850250736160359,0.041461858493688546,0.03819186010094626,0.026207830867489117,0.03142594437984583,0.028444445621196364,-0.0006803541133801144,0.0007089671368400258,-0.0002670548856258393,-0.0,0.0,0.0,0.0,1.0,0.0,0.0,58.50095740904488,59.51194482576672,58.83901661308935,256.98240953738997,263.23873716421014,260.70365876920914,11401.294551656658,11936.695926641218,11684.172019945892,10775.849843326137,458.794942096171,11.275598780969489,224.2870979456285,0.005431541586193177,0.04428479338750172,12895.648928523296
2024-10-20 12:20:54.369596,1.0,1.0,1.0,1.0,1.0,1.0,1.0,793049.0,0.058547012889045756,0.04063698009803076,0.03886787470812279,0.025835012001953723,0.03142594437984583,0.02881717015424661,-0.0006644579892357192,0.0006898917878667515,-0.00027023411045471834,-0.0,0.0,0.0,0.0,1.0,0.0,0.0,62.7826065366849,62.45336697917358,62.415095231316144,258.4795445801426,262.288783852587,260.7524235218678,12296.324361724452,12469.640645629892,12253.396052419446,11419.726593818245,456.27869807024194,12.011037856246435,238.9994462398966,0.005084118873195357,0.05026580879289974,12641.665082578264
2024-10-20 12:20:54.426201,1.0,1.0,1.0,1.0,1.0,1.0,1.0,793050.0,0.05938628107826456,0.041019754451988084,0.03880080326089556,0.025835012001953723,0.03139505892336215,0.02858054422421529,-0.0006676372140645982,0.0007057879120111467,-0.00024797953665256506,-0.0,0.0,0.0,0.0,1.0,0.0,0.0,65.5207402732854,66.78120657745414,66.1207106569618,258.83779615028953,260.18732665459464,263.0214376524429,12638.333028565772,13131.493547011845,13250.246686215063,12063.560601386622,454.6784484342668,12.72897095770145,253.36260923880906,0.004779686901884836,0.05660626561340677,12858.906913408036
2024-10-20 12:20:54.430201,1.0,1.0,1.0,1.0,1.0,1.0,1.0,793051.0,0.059210581636766665,0.04114655461363215,0.03893483061427055,0.02564657030330141,0.03127121205432006,0.028648351067380656,-0.0006771748885512353,0.0007026086871822677,-0.00026069643596808123,-0.0,0.0,0.0,0.0,1.0,0.0,0.0,69.27117058646621,69.43387553181746,70.48493832215355,262.10473063958517,259.0149276059035,261.27648687284983,13652.410414622986,13354.589995436167,13977.077243571326,12694.229739729248,452.5128080642841,13.45481642499571,267.8840522279814,0.004504990011163111,0.06331012484171548,12662.810269124097
2024-10-20 12:20:54.512850,1.0,1.0,1.0,1.0,1.0,1.0,1.0,793052.0,0.05907846414606076,0.041019754451988084,0.03880080326089555,0.026022089115979988,0.03167194378429309,0.02871599779926609,-0.0006962502375245095,0.0006930710126956305,-0.0002638756607969603,-0.0,0.0,0.0,0.0,1.0,0.0,0.0,73.5872822559619,73.03219309278968,73.52577533824365,261.3988003305192,261.07044527361893,260.4140787693971,14440.559984298667,14244.949452920659,14358.719135477799,13354.740899639588,451.69879580571904,14.176952243754753,282.33057705161605,0.00426208610532408,0.07037551163372363,12717.19951078725
2024-10-20 12:20:54.516847,1.0,1.0,1.0,1.0,1.0,1.0,1.0,793053.0,0.05890184651872091,0.041209808385968265,0.03913501101148131,0.02679355304171941,0.032067668184708895,0.029284686626149053,-0.0007280424858133,0.0007185048113266629,-0.0002670548856258393,-0.0,0.0,0.0,0.0,1.0,0.0,0.0,76.93379478017509,77.2768744139767,76.62029076262583,259.11964084342014,262.3086701161392,261.6181144527999,14825.442515440509,15239.707813813686,14996.241389258024,14000.754228342581,449.48212124334214,14.932847875400803,297.44754736295073,0.004049495967402132,0.07781920403998113,12130.635172375887
2024-10-20 12:20:54.596868,1.0,1.0,1.0,1.0,1.0,1.0,1.0,793054.0,0.058946050537339326,0.04095620715673985,0.03959816335788845,0.026757321039963047,0.03251828982682399,0.02881717015424661,-0.0007216840361555419,0.000731221710642179,-0.0002765925601124764,-0.0,0.0,0.0,0.0,1.0,0.0,0.0,80.34115847657304,81.25634822969985,79.92156683370447,257.8510513012242,263.555439913052,261.68215658143237,15337.24182096949,16095.245480059482,15587.384540008594,14626.253947855559,447.83887128759153,15.654119389465764,311.87653827713547,0.0038515405503783966,0.08562398521987312,12601.805172779124
2024-10-20 12:20:54.680474,1.0,1.0,1.0,1.0,1.0,1.0,1.0,793055.0,0.05947393615339293,0.04012093401707996,0.03966388649582423,0.026538890275460948,0.032308781866774994,0.02891798855021124,-0.0007026086871822677,0.0006994294623533886,-0.00027023411045471834,-0.0,0.0,0.0,0.0,1.0,0.0,0.0,84.16433139208684,84.56045146509439,83.51238015764685,258.80197636783925,264.5554343994015,260.1902886387698,16196.094448648733,16726.465101756567,16108.947203568829,15267.244938194193,445.7220253259487,16.414849680002376,327.09052206223083,0.003674939342534799,0.09380949979822158,11931.41696694205
2024-10-20 12:20:54.683475,1.0,1.0,1.0,1.0,1.0,1.0,1.0,793056.0,0.05929849643148995,0.040315225390783915,0.03959816335788845,0.02672103991000101,0.03233879467572394,0.029118578158502894,-0.0006739956637223563,0.0007153255864977838,-0.0002893094594279926,-0.0,0.0,0.0,0.0,1.0,0.0,0.0,87.61866830260735,87.79566213166535,87.51917740531304,261.5386128232255,262.57758582819247,259.8869258719073,17023.40408350473,17041.089345481556,16944.81250218403,15895.784370284937,444.5551622389108,17.13268623681528,341.4504482340217,0.003511639930982679,0.10235437478934543,12556.3552745073
2024-10-20 12:20:54.765492,1.0,1.0,1.0,1.0,1.0,1.0,1.0,793057.0,0.06004057494595436,0.03966388649582423,0.04037978143756249,0.02672103991000101,0.03242866644143693,0.02918513499541173,-0.0006994294623533886,0.0007248632609844209,-0.00031474325805902487,-0.0,0.0,0.0,0.0,1.0,0.0,0.0,91.10640415443602,91.74860688081097,90.75363621066367,258.93495351456204,263.1816794367821,261.7646738268978,17363.9645700754,17983.576058299193,17583.59553445976,16505.521244388605,442.6368627515387,17.864225570587084,356.0844812639056,0.0033587522254865656,0.11126546977960261,12282.21403397899
2024-10-20 12:20:54.769492,1.0,1.0,1.0,1.0,1.0,1.0,1.0,793058.0,0.060127276182378155,0.03940033615860651,0.040315225390783915,0.02668470945144587,0.0321582976678794,0.028951516664139216,-0.0007057879120111467,0.0007089671368400258,-0.00031156403323014586,-0.0,0.0,0.0,0.0,1.0,0.0,0.0,95.53533945622608,94.27333505104818,94.4129482448426,261.5311016326006,264.3249217380904,258.28862595464176,18628.62359734646,18377.496002993114,17884.733348065023,17126.00413158893,441.7498417461021,18.57045908020529,370.21245357066175,0.0032221282960086584,0.1205301204844991,12658.636266841853
2024-10-20 12:20:54.850652,1.0,1.0,1.0,1.0,1.0,1.0,1.0,793059.0,0.06055892046154769,0.03926789767914727,0.04025056580563931,0.02668470945144587,0.03224867245309928,0.028850815431501826,-0.0007026086871822677,0.0007121463616689048,-0.00033699783186117815,-0.0,0.0,0.0,0.0,1.0,0.0,0.0,98.01865665028328,98.07517350766483,98.70630048766698,261.66573742992466,261.62492465093493,260.92544050268407,18955.660953231796,18792.7486794651,19091.93388993985,17742.23748412493,439.97737520002374,19.31372941630225,385.07863671286015,0.00309611776008255,0.13016680079779772,12038.194714404195
2024-10-20 12:20:54.933730,1.0,1.0,1.0,1.0,1.0,1.0,1.0,793060.0,0.05986679578279041,0.039729500910396995,0.040315225390783915,0.02657542007977932,0.032398736885968185,0.02858054422421529,-0.0006803541133801144,0.0007216840361555419,-0.0003497147311766943,-0.0,0.0,0.0,0.0,1.0,0.0,0.0,101.52215845920429,101.8434680724057,102.07136693576831,261.822683957313,262.6767111107603,259.71066582998566,19672.5026419309,19544.510852695348,19623.094878613883,18373.80906478514,439.3810178596146,20.026073487083963,399.3275654463833,0.002980874648407574,0.14016006378777784,12517.027355070639
2024-10-20 12:20:54.938727,1.0,1.0,1.0,1.0,1.0,1.0,1.0,793061.0,0.05916657525265935,0.039729500910397,0.040055960801949016,0.02650231011985886,0.032637404840404415,0.02851257612746981,-0.0006835333382089934,0.0007248632609844209,-0.00029566790908575063,-0.0,0.0,0.0,0.0,1.0,0.0,0.0,105.81423249472314,105.56316198684023,104.60626426130607,259.2751500957284,265.75143489227275,259.7230991167586,20280.631248401944,20755.2933729425,19800.21123096591,19002.208613407234,438.6132603144965,20.7450360130998,413.70779738651646,0.0028752007823131358,0.15051319534699642,12516.272909760328
2024-10-20 12:20:55.019290,1.0,1.0,1.0,1.0,1.0,1.0,1.0,793062.0,0.05921058163676667,0.04025056580563931,0.040315225390783915,0.02657542007977932,0.03310957989067469,0.028307692686654416,-0.0006962502375245095,0.0007598347341020903,-0.0002988471339146297,-0.0,0.0,0.0,0.0,1.0,0.0,0.0,108.07408003825967,109.05031819269206,109.39606510446983,260.1791237102259,262.3981633236455,261.65162134541055,20647.956315257223,20921.62345704058,21120.924518505,19584.22584164461,437.586294597528,21.428354382049008,427.37988659255166,0.0027701638382065124,0.1612084740427535,13028.844236111692
2024-10-20 12:20:55.023290,1.0,1.0,1.0,1.0,1.0,1.0,1.0,793063.0,0.0598667957827904,0.03986040571620479,0.04076497090344803,0.026096544458751023,0.03299216966314644,0.02820469285687616,-0.0007057879120111467,0.000731221710642179,-0.00030520558357238775,-0.0,0.0,0.0,0.0,1.0,0.0,0.0,112.40527877144778,112.33156896447552,112.34410414295186,260.4304281374919,263.8075045014561,260.3915367583127,21534.257010018962,21716.941515382827,21392.32323852828,20196.026089011353,436.1497413617618,22.168458971759573,442.182637482702,0.002676194033155404,0.17227419494040339,12122.304572958377
2024-10-20 12:20:55.105164,1.0,1.0,1.0,1.0,1.0,1.0,1.0,793064.0,0.059692510709099,0.03999088202492748,0.040185802182344105,0.026059343378600053,0.03299216966314644,0.028239067876162333,-0.0007216840361555419,0.0007121463616689048,-0.0002829510097702345,-0.0,0.0,0.0,0.0,1.0,0.0,0.0,115.28364856272682,115.9310091110696,116.45785649513216,260.2724139168795,263.1411144623314,260.8287803534236,22054.686076280686,22227.931751503485,22283.147190306358,20797.582279180137,435.4137635875165,22.865296814513993,456.12311335582575,0.002586502471516651,0.18368877941187106,12770.6858241096
2024-10-20 12:20:55.109161,1.0,1.0,1.0,1.0,1.0,1.0,1.0,793065.0,0.06051589458012209,0.039925697169818586,0.039925697169818586,0.026355481787173698,0.03308026640118225,0.028546580404464273,-0.0007661931837598485,0.0007089671368400258,-0.00029566790908575063,-0.0,0.0,0.0,0.0,1.0,0.0,0.0,119.42191898135482,118.55412621835052,119.724146978293,259.1494336890483,262.69691492139793,257.4365099679267,22793.222271258146,22551.80333193205,22284.723281797204,21122.98398391988,428.53139598589036,23.593443920822168,470.69979171409074,0.0024775668746707447,0.1954681485687928,11927.664068401184
2024-10-20 12:20:55.190200,1.0,1.0,1.0,1.0,1.0,1.0,1.0,793066.0,0.06137068118853344,0.03926789767914727,0.040185802182344105,0.026207830867489117,0.03360399710929144,0.02871599779926609,-0.0007884477575620017,0.0006771748885512353,-0.0002797717849413554,-0.0,0.0,0.0,0.0,1.0,0.0,0.0,121.88130149028711,121.79711125529455,121.74672460654361,249.4427401421827,253.4920343263255,249.94726134824393,21408.286577912593,21701.257449325618,21329.347073799672,20079.470707554046,397.1776896241296,24.192868503070695,482.7683580314567,0.002250688110463067,0.20754953633789486,12093.867710685863
2024-10-20 12:20:55.272672,1.0,1.0,1.0,1.0,1.0,1.0,1.0,793067.0,0.06141310821136006,0.03946638873835309,0.039135011011481306,0.026244821472867705,0.033690494027434716,0.02881717015424661,-0.0007884477575620018,0.0006644579892357192,-0.00024480031182368605,-0.0,0.0,0.0,0.0,1.0,0.0,0.0,122.90148237049297,123.46236872126089,124.26737399297754,239.173056333279,242.37546347898905,239.6612969176473,19752.181528474255,19851.14064483203,19819.6913047387,18445.08174283325,357.0934905082612,24.712205859855224,493.2533378182208,0.002004635653535801,0.21989331310670604,11048.878944683589
2024-10-20 12:20:55.276373,1.0,1.0,1.0,1.0,1.0,1.0,1.0,793068.0,0.06191996501781567,0.03959816335788845,0.03986040571620479,0.026244821472867705,0.033546208593426816,0.02891798855021124,-0.000801164656877518,0.0006644579892357192,-0.00025433798631032317,-0.0,0.0,0.0,0.0,1.0,0.0,0.0,124.21732167764638,124.7563513937525,124.38215044388564,225.5970685111577,231.64609168654093,229.31005246869034,17583.315997316375,18361.949148398002,17756.690271787807,16587.18426021488,317.51014876993264,24.987729220519793,498.8689105938794,0.00177221749263467,0.23237762085920677,12546.139756452203
2024-10-20 12:20:55.358316,1.0,1.0,1.0,1.0,1.0,1.0,1.0,793069.0,0.06162480517906942,0.03979500713939933,0.03986040571620479,0.026170787978491077,0.033459338679991214,0.029018456676423974,-0.0007884477575620018,0.0006676372140645982,-0.00023208341250816986,-0.0,0.0,0.0,0.0,1.0,0.0,0.0,124.14312948925274,124.88993819130467,124.7246019352217,211.96090643203038,221.016653847684,217.1185109713833,15608.306045572504,16458.418464805112,15534.965276449442,14611.426835107384,277.84279276521966,25.14840328947517,502.1863154963245,0.0015542742101364887,0.24494494742258605,12057.79352361834
2024-10-20 12:20:55.362316,1.0,1.0,1.0,1.0,1.0,1.0,1.0,793070.0,0.061285739028532536,0.03906839817849146,0.03959816335788845,0.026538890275460948,0.033430331878977426,0.02918513499541173,-0.000801164656877518,0.000648561865091324,-0.00022254573802153274,-0.0,0.0,0.0,0.0,1.0,0.0,0.0,123.95323665610152,124.09298919155412,123.80783023499022,200.35623410424245,207.74002053118576,203.5235820942486,13708.653546519354,14266.007181052955,13383.318734605233,12596.139965695387,239.4724069929477,25.14840328947517,502.2886681412534,0.0013507769070457154,0.25751483538414316,12419.56828494683
2024-10-20 12:20:55.443783,1.0,1.0,1.0,1.0,1.0,1.0,1.0,793071.0,0.06196201593269157,0.03853134997827472,0.03966388649582423,0.02646567940419046,0.03348832035600082,0.028850815431501826,-0.0007820893079042438,0.0006358449657758078,-0.0002511587614814441,-0.0,0.0,0.0,0.0,1.0,0.0,0.0,122.27270039406953,122.68555436770542,122.7953721781799,186.67356852380317,191.77123373298053,191.7459177219195,11362.958435666136,12016.532563826826,11560.1989053749,10531.186587080152,200.63119351522812,25.09117091801944,501.2452069661808,0.0011522208271929739,0.2700586104928831,11003.020682356584
2024-10-20 12:20:55.525974,1.0,1.0,1.0,1.0,1.0,1.0,1.0,793072.0,0.06217184388146426,0.03819186010094626,0.039201510653345636,0.026392265450275895,0.033284918697807614,0.028850815431501826,-0.0007725516334176067,0.0006104111671447755,-0.00023844186216592797,-0.0,0.0,0.0,0.0,1.0,0.0,0.0,120.85330344088543,120.35354609025443,120.09765310790111,171.472440962774,179.60931919861858,175.27142996755208,9429.268254284765,10006.93249656114,8956.138124219593,8430.68028997544,162.2578117124445,24.832059608304355,496.16758451849466,0.000953621356953486,0.2824753169470291,11904.86505504536
2024-10-20 12:20:55.530491,1.0,1.0,1.0,1.0,1.0,1.0,1.0,793073.0,0.0621299349829497,0.037711440220720746,0.038055216156251626,0.02613369258354722,0.03313886745048406,0.02851257612746981,-0.000721684036155542,0.0005531851202249528,-0.00021300806353489565,-0.0,0.0,0.0,0.0,1.0,0.0,0.0,117.19153538411092,117.2838905124799,118.08454708197145,156.94964477362367,161.02833015305592,159.97188685018844,7171.7299186077,7343.817668954312,7045.895588336965,6244.0604739703995,122.51542073706797,24.352259426829626,486.68473735883197,0.0007400774840699954,0.29465471299798673,13000.595609946895
2024-10-20 12:20:55.611818,1.0,1.0,1.0,1.0,1.0,1.0,1.0,793074.0,0.06149787444661349,0.038123599349151736,0.037780445658522906,0.025910004937642474,0.03299216966314644,0.02881717015424661,-0.0006835333382089935,0.0005945150430003804,-0.00021936651319265374,-0.0,0.0,0.0,0.0,1.0,0.0,0.0,114.31487454197391,113.2955535444855,113.69895304912852,139.2130060953508,145.0622043499711,140.44309881240332,5069.158189223932,5148.130716123768,4387.952999063186,4022.847947490574,81.04712659269885,23.711435150961755,473.9880336790777,0.0005074963590881006,0.30651637115665586,13075.028094039584
2024-10-20 12:20:55.615814,1.0,1.0,1.0,1.0,1.0,1.0,1.0,793075.0,0.06017057995189665,0.038666311337125336,0.037503662109375,0.026022089115979988,0.032933307582966455,0.029051868842559465,-0.0006612787644068402,0.0006104111671447755,-0.00021936651319265374,-0.0,0.0,0.0,0.0,1.0,0.0,0.0,109.19932630386941,109.68501984688452,108.99423520069666,120.47902235379412,126.64085387211253,126.10364002350218,2557.0990826504694,3099.311361300531,2474.4325520758207,1960.2299199172712,40.74255248549566,22.978214529292657,459.4414374934346,0.00026732514891864115,0.3180139974430708,12169.002500935454
2024-10-20 12:20:55.700096,1.0,1.0,1.0,1.0,1.0,1.0,1.0,793076.0,0.05907846414606076,0.0387336156723732,0.036873303566316074,0.02613369258354722,0.032637404840404415,0.02918513499541173,-0.000648561865091324,0.0005976942678292594,-0.00021618728836377468,-0.0,0.0,0.0,0.0,1.0,0.0,0.0,104.54981948839881,104.76087654018528,105.02478177669967,118.14293472246906,122.9271995518875,120.92483750875355,2011.0429094958936,2136.339957231918,1758.5546835342866,1276.3153223992263,27.50363041770101,22.161115406139334,443.1383553780514,0.0001894145289997378,0.3291036353980412,12721.664365910932
2024-10-20 12:20:55.780721,1.0,1.0,1.0,1.0,1.0,1.0,1.0,793077.0,0.058234759927219014,0.03893483061427055,0.037780445658522906,0.026207830867489117,0.03296275176192149,0.029118578158502894,-0.0006167696168025336,0.0006104111671447755,-0.00025433798631032317,-0.0,0.0,0.0,0.0,1.0,0.0,0.0,100.2822689335633,100.4866488037765,100.07475518166576,118.23810122123905,121.88499293208478,120.3284926292582,1758.4257337307647,1928.9185781463598,1607.3267835649672,1120.2136266173966,25.046207138585654,21.358914244623612,427.1006823713235,0.00018166307580038006,0.3397919269447706,12343.20528892178
2024-10-20 12:20:55.784721,1.0,1.0,1.0,1.0,1.0,1.0,1.0,793078.0,0.0580106930712157,0.039201510653345636,0.03687330356631608,0.026207830867489117,0.03325575976212062,0.029383900981372436,-0.0005945150430003804,0.000642203415433566,-0.00024797953665256506,-0.0,0.0,0.0,0.0,1.0,0.0,0.0,95.47947205900802,95.58869196754532,96.45782464357387,118.75574155011346,122.17028652826599,119.24225411782602,1852.7808774412877,1683.3475621132543,1567.0862922925194,1100.4115125749568,25.689357832001004,20.456353172145565,409.0470446327041,0.0001955842508528592,0.35002842210813195,13864.396202421553
2024-10-20 12:20:55.866362,1.0,1.0,1.0,1.0,1.0,1.0,1.0,793079.0,0.0580106930712157,0.03966388649582423,0.036943874546794715,0.026538890275460948,0.0333431600699038,0.02908524262592732,-0.0006263072912891707,0.000645382640262445,-0.00026069643596808123,-0.0,0.0,0.0,0.0,1.0,0.0,0.0,91.57301361667758,92.03833720046744,90.90832699846051,118.80310807479391,121.04137166357938,121.01174695438266,1589.8353208576543,1886.8358361956732,1691.0024946641174,1162.1680430594804,28.28408061639386,19.62306293791719,392.37221375152507,0.0002268886541833425,0.3598476258427816,12817.315520227185
2024-10-20 12:20:55.870362,1.0,1.0,1.0,1.0,1.0,1.0,1.0,793080.0,0.05973612964857622,0.03933417265909615,0.03715478325109878,0.026355481787173698,0.03377676944149575,0.02888442151794573,-0.0006326657409469288,0.0006358449657758078,-0.0002893094594279926,-0.0,0.0,0.0,0.0,1.0,0.0,0.0,87.59104638854348,86.58604446088793,87.69072060047988,119.60598663500711,122.7157057226182,119.01113803193432,1919.6787995797297,1671.6952031991293,1532.8824559033058,1185.1860482490201,30.236195621911953,18.720238025633,374.30942785477345,0.0002546245879888056,0.36921480425932895,13930.94262275409
2024-10-20 12:20:55.951134,1.0,1.0,1.0,1.0,1.0,1.0,1.0,793081.0,0.059122536113507464,0.03933417265909615,0.037084613626145846,0.02650231011985886,0.033834164163335345,0.029317795383615314,-0.0006517410899202031,0.0006263072912891707,-0.00029566790908575063,-0.0,0.0,0.0,0.0,1.0,0.0,0.0,82.45663796752979,83.37934683664923,83.60681448227528,120.79972123914874,121.32118779497452,119.31718172176525,1742.2359808850763,1515.0043030677664,1742.908869538047,1179.1605558026924,31.433124438893454,17.916295678291014,358.2257274865898,0.00027959484770034273,0.37817948442246463,12445.14417898541
2024-10-20 12:20:55.955078,1.0,1.0,1.0,1.0,1.0,1.0,1.0,793082.0,0.05885760930142632,0.03946638873835309,0.03743414645719283,0.026207830867489117,0.03357511528435138,0.029317795383615314,-0.0006167696168025336,0.0006358449657758078,-0.00029566790908575063,-0.0,0.0,0.0,0.0,1.0,0.0,0.0,78.71234228042816,79.5787604720594,78.84402699718639,119.22458788303263,121.68568922416611,120.64560745703679,1554.3106050404656,1671.232383665254,1591.8604341441428,1151.5301307182137,32.33333748516206,17.009736720985348,340.0917938158989,0.0003025931720658535,0.38669035877830144,13998.525247569467
2024-10-20 12:20:56.036117,1.0,1.0,1.0,1.0,1.0,1.0,1.0,793083.0,0.058680326942996096,0.03966388649582423,0.03839591423416136,0.026611899740163612,0.03348832035600082,0.029317795383615314,-0.0006580995395779611,0.0006803541133801144,-0.000321101707716783,-0.0,0.0,0.0,0.0,1.0,0.0,0.0,74.95120865388648,75.30903350280634,74.8207636622513,119.46422075535772,122.24282517495254,119.97318753883462,1581.505862195742,1604.7707089208413,1509.1990559672163,1141.802958337069,33.80088277478979,16.134273434652076,322.57782034941084,0.0003336014604769277,0.39476294197170747,13558.152432261573
2024-10-20 12:20:56.119850,1.0,1.0,1.0,1.0,1.0,1.0,1.0,793084.0,0.06047283808617587,0.03906839817849146,0.03900167157440239,0.02700992441274364,0.03340129988750126,0.02918513499541173,-0.0007121463616689048,0.0006549203147490821,-0.000324280932545662,-0.0,0.0,0.0,0.0,1.0,0.0,0.0,70.77973732277145,71.23384264141863,71.09101417096039,119.99598659354818,122.5396059688429,119.49643110077186,1596.322813220045,1493.0068921466784,1475.337161731066,1127.1068504239304,35.34723459111331,15.230386000568004,304.4956054629609,0.00036806207142423307,0.40238301363213275,14018.621721858392
2024-10-20 12:20:56.123793,1.0,1.0,1.0,1.0,1.0,1.0,1.0,793085.0,0.060515894580122104,0.03900167157440239,0.03940033615860651,0.02700992441274364,0.033168129149298335,0.028749761476771198,-0.0006994294623533886,0.0006358449657758078,-0.0003306393822034201,-0.0,0.0,0.0,0.0,1.0,0.0,0.0,66.65778371315793,67.10310591459215,67.518493645714,120.92498902605396,122.44893501938822,119.13080410466375,1617.6517152664655,1382.0198971863874,1501.4633163057324,1132.7564804200367,37.48347032630118,14.435061874087525,288.58127319933794,0.0004155308908926357,0.4096048255144169,12452.90272891885
2024-10-20 12:20:56.204366,1.0,1.0,1.0,1.0,1.0,1.0,1.0,793086.0,0.06085924992897396,0.03906839817849146,0.0398604057162048,0.02679355304171941,0.033168129149298335,0.028376151535570014,-0.0006994294623533886,0.0006580995395779611,-0.00033699783186117815,-0.0,0.0,0.0,0.0,1.0,0.0,0.0,63.07209803481291,62.57294448078043,63.761283184434056,120.33436061655905,123.19598095415458,118.96596473615837,1621.5445931446466,1337.8387691021965,1322.833505513327,1085.5414994935134,38.25655516259162,13.554320763698382,270.9642227453658,0.00045075120595144556,0.41638576670925553,13726.457349765089
2024-10-20 12:20:56.207366,1.0,1.0,1.0,1.0,1.0,1.0,1.0,793087.0,0.061455505943860136,0.03940033615860651,0.03946638873835309,0.026865870455412305,0.03296275176192149,0.028444445621196364,-0.0007630139589309693,0.0006676372140645982,-0.000321101707716783,-0.0,0.0,0.0,0.0,1.0,0.0,0.0,59.97170196216495,58.78171577590897,59.05517701817229,118.76743447566191,123.85335427145714,119.990971499238,1473.4179678185815,1467.4219765320604,1132.4392059642762,1039.415101393041,39.0007424002997,12.7312436813437,254.4998496897252,0.0004910122698069453,0.4227546832302497,12850.092003802858
2024-10-20 12:20:56.290196,1.0,1.0,1.0,1.0,1.0,1.0,1.0,793088.0,0.061285739028532536,0.03933417265909615,0.03953233095432663,0.02708166404617134,0.033021561356871405,0.02847853124831018,-0.0007757308582464856,0.0006517410899202031,-0.000321101707716783,-0.0,0.0,0.0,0.0,1.0,0.0,0.0,55.3821180526916,56.07513146192534,55.050084583583356,119.08846262761168,121.75996520442934,121.82601644392291,1182.819570987717,1392.201261542176,1281.2259026221652,988.5662126685237,39.71978770997662,11.889736673945901,237.6677344833503,0.000534069841286049,0.42870237224658375,13114.444868417017
2024-10-20 12:20:56.372890,1.0,1.0,1.0,1.0,1.0,1.0,1.0,793089.0,0.060902033238250136,0.039201510653345636,0.039729500910396995,0.02715321414192533,0.03305092691301418,0.02871599779926609,-0.0007534762844443322,0.0006580995395779611,-0.0003401770566900572,-0.0,0.0,0.0,0.0,1.0,0.0,0.0,51.721274462426344,51.42869216336467,52.10980520319942,121.1108451267356,121.28791935730678,120.33793700334067,1280.012871051111,1150.9650045506098,1213.5714346787333,937.9548651972902,40.450266088108,11.077862252908412,221.42769523653848,0.0005847239235880693,0.4342436505935728,12660.422765312978
2024-10-20 12:20:56.376887,1.0,1.0,1.0,1.0,1.0,1.0,1.0,793090.0,0.059561462228936886,0.039598163357888454,0.039925697169818586,0.027045818015839475,0.03284481667269478,0.0287834855487486,-0.0007280424858133,0.0006580995395779611,-0.00030202635874350875,-0.0,0.0,0.0,0.0,1.0,0.0,0.0,47.81816824297414,48.25920966918195,47.83922897849662,120.50047380342134,122.76511143540336,119.44172726742907,1161.442086941751,1120.484143514809,1112.728487786129,873.4164037013302,40.85230653978997,10.21462680888338,204.16257949776139,0.0006361303371027307,0.43935286549926855,13394.41578697335
2024-10-20 12:20:56.458194,1.0,1.0,1.0,1.0,1.0,1.0,1.0,793091.0,0.059386281078264554,0.03979500713939933,0.039925697169818586,0.02697398304697218,0.032874340109372714,0.02871599779926609,-0.0007185048113266629,0.0006708164388934773,-0.00029566790908575063,-0.0,0.0,0.0,0.0,1.0,0.0,0.0,44.708919998738125,44.00168812255189,43.916416005614614,118.78421831422659,121.74303594922023,122.42255028187793,1040.7261280323607,1187.6213799014386,982.7384650145685,829.206906965635,42.216677830655264,9.384920348245254,187.5643251023769,0.000714347365522803,0.44404670532019586,12918.17360291056
2024-10-20 12:20:56.461193,1.0,1.0,1.0,1.0,1.0,1.0,1.0,793092.0,0.059561462228936886,0.03933417265909615,0.04012093401707996,0.02700992441274364,0.03310957989067469,0.028546580404464273,-0.0007248632609844209,0.0006549203147490821,-0.00029248868425687163,-0.0,0.0,0.0,0.0,1.0,0.0,0.0,40.30177734328153,40.0635700704007,41.13650907871903,121.52742699362595,123.60432167038596,117.8602815950262,1169.3394522117094,889.3882384329743,953.0419868471693,778.2483261813709,43.484297370068816,8.552164128667995,170.90592543415343,0.0008030548592141379,0.4483236649072463,12977.461038264337
2024-10-20 12:20:56.543244,1.0,1.0,1.0,1.0,1.0,1.0,1.0,793093.0,0.05964885987276111,0.03926789767914727,0.039729500910396995,0.02697398304697218,0.033430331878977426,0.028410319099464804,-0.0007216840361555419,0.0006517410899202031,-0.0002861302345991135,-0.0,0.0,0.0,0.0,1.0,0.0,0.0,36.17946559235905,37.37153961458729,36.987593637327386,121.94115650084167,118.40802847666575,122.65081461505183,828.4530079323284,875.3734509224798,1094.2841086181845,720.9444781800679,44.827703856147494,7.685810507826144,153.5771866862143,0.0009044164578803307,0.452166968872754,13487.92827852571
2024-10-20 12:20:56.547241,1.0,1.0,1.0,1.0,1.0,1.0,1.0,793094.0,0.058901846518720914,0.039532330954326636,0.03986040571620479,0.026829736114304472,0.03360399710929144,0.028410319099464804,-0.0006898917878667515,0.000645382640262445,-0.0002765925601124764,-0.0,0.0,0.0,0.0,1.0,0.0,0.0,33.09017662492743,33.80929276089014,32.74698226041116,116.82128944930697,122.72827503264115,123.28182457260654,727.8815819035806,975.0937065740054,848.2373056764918,651.2828676680543,45.37173774943884,6.860658198877408,137.0741693600452,0.0010129831094464062,0.45559728108277325,12846.848622543757
2024-10-20 12:20:56.628300,1.0,1.0,1.0,1.0,1.0,1.0,1.0,793095.0,0.05947393615339293,0.03966388649582423,0.03999088202492748,0.02664832946254422,0.03389146168814632,0.028273401102065627,-0.0006930710126956305,0.0006549203147490821,-0.0002670548856258393,-0.0,0.0,0.0,0.0,1.0,0.0,0.0,29.70712217764421,30.082194828697777,29.176931405649725,119.54839089531428,125.38641300940404,117.97765924542281,765.0084162342556,849.7088366516118,715.648152924803,588.5439422413007,46.49677176306845,6.050637629412623,120.8724916798126,0.0011590589044538717,0.4586221426303609,12624.673143342514
2024-10-20 12:20:56.711568,1.0,1.0,1.0,1.0,1.0,1.0,1.0,793096.0,0.059386281078264554,0.0398604057162048,0.04037978143756249,0.02664832946254422,0.03411968959808029,0.028376151535570014,-0.0006867125630378724,0.0006708164388934773,-0.00027023411045471834,-0.0,0.0,0.0,0.0,1.0,0.0,0.0,26.027019977441302,26.60101654555046,25.841247744652133,125.54361383458524,121.84868739412796,115.28350491451509,724.4985297293545,671.0910724151817,713.6411666181734,524.5160794420306,48.296086895169374,5.19244601881159,103.70942924081511,0.001343212186620116,0.46121749464365275,13356.311326644765
2024-10-20 12:20:56.715568,1.0,1.0,1.0,1.0,1.0,1.0,1.0,793097.0,0.059122536113507464,0.03933417265909615,0.04089256110871732,0.02664832946254422,0.03426156002122874,0.028066771771894115,-0.0006580995395779611,0.0006580995395779611,-0.00026069643596808123,-0.0,0.0,0.0,0.0,1.0,0.0,0.0,22.288158463949134,23.11816045467193,22.972924110602335,130.54834679693258,115.79082890808955,115.91826348198947,689.9640441553274,496.4081584375461,707.5426000404927,461.0280456866606,50.24558987604944,4.38789656492904,87.6195015992882,0.0015774038567709385,0.46341019256460364,12602.433671887795
2024-10-20 12:20:56.797189,1.0,1.0,1.0,1.0,1.0,1.0,1.0,793098.0,0.05943012477643178,0.03886787470812279,0.04133602555253029,0.02679355304171941,0.03414811083549323,0.02789341142414604,-0.0006644579892357192,0.0006358449657758078,-0.00025751721113920217,-0.0,0.0,0.0,0.0,1.0,0.0,0.0,19.283716611826122,19.098994996917433,20.302088175478406,134.90359868481895,110.67311206448576,115.84127719424741,746.6985167710666,353.81337747797636,567.9770191518501,393.12660145741626,52.56370412724264,3.577639350457701,71.41967209700998,0.0018603735466939692,0.4651974860741958,12718.656273533006
2024-10-20 12:20:56.801188,1.0,1.0,1.0,1.0,1.0,1.0,1.0,793099.0,0.06017057995189665,0.03886787470812279,0.04070102581168387,0.02650231011985886,0.03426156002122874,0.028135816825234642,-0.0006739956637223563,0.0006358449657758078,-0.00023208341250816988,-0.0,0.0,0.0,0.0,1.0,0.0,0.0,17.318956080568217,15.826966627870439,16.543878869752454,137.69381492649356,106.59138956554845,116.4444515769585,697.8361656736502,412.7825205604963,320.7641197946804,319.82964063131425,54.761558055946864,2.7946300603015777,55.77175309925321,0.002162148552236321,0.4665931868581125,12331.558805144296
2024-10-20 12:20:56.883616,1.0,1.0,1.0,1.0,1.0,1.0,1.0,793100.0,0.060558920461547684,0.03819186010094626,0.04044423444177086,0.026611899740163612,0.03423323297213509,0.02789341142414604,-0.0006994294623533886,0.0006135903919736546,-0.00022890418767929085,-0.0,0.0,0.0,0.0,1.0,0.0,0.0,13.577425170682957,14.461913598853105,13.658823121846378,142.48305379935198,102.92385298321037,113.54469677003789,458.55575743699484,430.2042460010598,341.2458047290254,257.9591212434957,61.892659229077964,1.9950897505216854,39.80000514399178,0.0025510097080922727,0.46758919102316904,12772.985812720202
2024-10-20 12:20:56.965772,1.0,1.0,1.0,1.0,1.0,1.0,1.0,793101.0,0.06090203323825013,0.03859888964444313,0.04076497090344802,0.02679355304171941,0.03392007415562166,0.02782376484498668,-0.0007057879120111467,0.0006263072912891707,-0.00024480031182368605,-0.0,0.0,0.0,0.0,1.0,0.0,0.0,11.822868860052372,10.443973767631078,12.976538935130343,142.71686348031616,110.9754486752861,104.86812528167091,460.22047630035075,319.7581889564017,261.68731945022887,198.13398149983385,79.73120905695141,1.189891039380831,23.730232808323922,0.0028400911115300615,0.46818304548698986,13404.758931617087
2024-10-20 12:20:56.974772,1.0,1.0,1.0,1.0,1.0,1.0,1.0,793102.0,0.06090203323825013,0.03900167157440239,0.04076497090344803,0.02733126991297999,0.03406277598114669,0.02775394349316061,-0.000734400935471058,0.0006612787644068402,-0.00024480031182368605,-0.0,0.0,0.0,0.0,1.0,0.0,0.0,10.938802545887265,10.337613771205694,10.218157277540824,137.1102736394416,109.53290002341427,113.19915897818817,259.3230781503163,230.19068922100755,388.3005604125078,143.94246503191155,140.85966005471496,0.48921418838743713,9.758289131932708,0.0026567745205548447,0.4684272488880715,13823.864469665274
2024-10-20 12:20:57.050772,1.0,1.0,1.0,1.0,1.0,1.0,1.0,793103.0,0.06047283808617587,0.039201510653345636,0.04037978143756249,0.027260187166059602,0.033834164163335345,0.027962884536546752,-0.0007153255864977838,0.000645382640262445,-0.00022254573802153277,-0.0,0.0,0.0,0.0,1.0,0.0,0.0,10.805072377179421,10.027451522170358,10.161144952376514,139.66140414336272,109.07799332743399,110.28770686405092,469.66826959717366,197.45839572230668,38.95133392352881,87.73852255828865,127.12389551951614,0.33009065218395056,-6.5907449615187295,0.001676521598998977,0.0,0.0
2024-10-20 12:20:57.055772,1.0,1.0,1.0,1.0,1.0,1.0,1.0,793104.0,0.0605158945801221,0.03979500713939933,0.040055960801949016,0.027472883658460283,0.033690494027434716,0.02792816958270741,-0.0007153255864977838,0.0006803541133801144,-0.00022254573802153277,-0.0,0.0,0.0,0.0,1.0,0.0,0.0,11.337299747685249,9.960177850421523,12.534456440549569,142.61296150538084,108.56913553604636,106.69394318617512,239.38955006831947,80.17224089493202,253.77941227024382,43.597299494231585,20.67926381671257,1.0073086252305647,-20.132416070896117,0.0006828311289416637,0.0,0.0
2024-10-20 12:20:57.136281,1.0,1.0,1.0,1.0,1.0,1.0,1.0,793105.0,0.05964885987276111,0.03999088202492748,0.03953233095432663,0.027788876097916127,0.03363285413230715,0.028066771771894115,-0.0007089671368400258,0.0007026086871822677,-0.00020982883870601662,-0.0,0.0,0.0,0.0,1.0,0.0,0.0,12.829990455500857,13.68856029524256,12.995851048780397,140.51530735988294,101.37065837751062,115.89088294992537,254.31142973017538,54.510490312931225,141.80065198060618,0.0,0.0,1.7883521193301275,0.0,1.0,0.0,0.0
2024-10-20 12:20:57.218987,1.0,1.0,1.0,1.0,1.0,1.0,1.0,793106.0,0.05956146222893687,0.03986040571620479,0.039201510653345636,0.028170275891210916,0.03348832035600082,0.028032185471914422,-0.0007057879120111467,0.0006930710126956305,-0.00021300806353489562,-0.0,0.0,0.0,0.0,1.0,0.0,0.0,16.03428854881092,14.824707063617986,15.844679858610288,134.17065776882396,108.59420126577209,116.63517519254287,45.664663553245155,107.03203087001869,206.22272581061154,-34.39122607626864,-6.714848987530977,2.446064863383583,-48.90832516882831,0.00026516260949458907,0.0,0.0
2024-10-20 12:20:57.222984,1.0,1.0,1.0,1.0,1.0,1.0,1.0,793107.0,0.06004057494595436,0.04044423444177086,0.03893483061427055,0.02820469285687616,0.03319736505550277,0.028239067876162333,-0.0006994294623533886,0.0006994294623533886,-0.00022254573802153274,-0.0,0.0,0.0,0.0,1.0,0.0,0.0,17.64182867024139,18.355300135294883,18.78536279145591,132.21071004304673,112.63292228387286,114.96979154950687,47.94676474067763,219.09272801962337,-11.843784254005005,-73.5855114443303,-10.853211734654144,3.2385475087396967,-64.74487832343175,0.0004025238365630311,0.0,0.0
2024-10-20 12:20:57.305149,1.0,1.0,1.0,1.0,1.0,1.0,1.0,793108.0,0.06008394120292352,0.04057283328598263,0.03886787470812279,0.027962884536546752,0.03305092691301418,0.028273401102065627,-0.0006994294623533886,0.0006867125630378724,-0.00023526263733704888,-0.0,0.0,0.0,0.0,1.0,0.0,0.0,21.012944587470635,21.6610360257467,20.74948301024211,126.9539709715156,117.8271892688118,115.59718000978847,105.26625835096016,91.51601422377637,-22.478646328455287,-106.41176189715513,-13.17343698612633,3.8584870399954374,-77.13685316999457,0.0004261726108352335,0.0,0.0
2024-10-20 12:20:57.308731,1.0,1.0,1.0,1.0,1.0,1.0,1.0,793109.0,0.05991028783050486,0.04070102581168387,0.03926789767914727,0.028307692686654416,0.03257790177388484,0.02820469285687616,-0.0006962502375245095,0.0006517410899202031,-0.000244800311823686,-0.0,0.0,0.0,0.0,1.0,0.0,0.0,24.64000798852333,24.05173168670265,23.68767243302678,120.87793076445136,123.85958118231757,115.52182388303748,9.577397679227376,-3.6989676335745414,97.68115526817952,-136.4068817103696,-14.129323841748812,4.611431955621271,-92.19052407225327,0.000413266860911441,0.0,0.0
2024-10-20 12:20:57.390055,1.0,1.0,1.0,1.0,1.0,1.0,1.0,793110.0,0.059997177343648046,0.04189929789626443,0.03900167157440239,0.028135816825234642,0.032756086704177324,0.028410319099464804,-0.0006867125630378724,0.0007089671368400258,-0.00025751721113920217,-0.0,0.0,0.0,0.0,1.0,0.0,0.0,27.871689766714482,26.74194963276574,27.013254321524993,115.82682553328327,124.81998644336636,119.64409714146035,-47.67878475950107,-81.7935219902433,167.40074730039774,-165.9848056288861,-14.887615226277235,5.325425473745061,-106.46689302135005,0.0003907336020036093,0.0,0.0
2024-10-20 12:20:57.394056,1.0,1.0,1.0,1.0,1.0,1.0,1.0,793111.0,0.05982327211598111,0.041587310697157,0.03906839817849146,0.028135816825234642,0.03290383705573704,0.028066771771894115,-0.0007057879120111467,0.0007089671368400258,-0.0002606964359680812,-0.0,0.0,0.0,0.0,1.0,0.0,0.0,30.87038053502296,29.89193165772288,30.15969625475373,116.84000586510442,119.96254294978533,123.71054310461001,16.86692200869146,-134.52046208453825,75.36195212309612,-201.5885618600586,-15.81364918877825,6.088912895979007,-121.73211524225077,0.0003789073527383149,0.0,0.0
2024-10-20 12:20:57.475788,1.0,1.0,1.0,1.0,1.0,1.0,1.0,793112.0,0.06025709413022506,0.041587310697157,0.03900167157440239,0.02764888086939877,0.03248844283583844,0.02782376484498668,-0.0006867125630378724,0.0006867125630378724,-0.00027977178494135546,-0.0,0.0,0.0,0.0,1.0,0.0,0.0,33.799841482061254,33.18853913445688,33.40803542215694,121.93659922520128,118.41162281830826,120.34145849986213,-30.010905729694418,-31.86831344942313,-60.12762297444539,-238.16320339076043,-16.602894303987043,6.851576237406441,-136.98160232148481,0.00036431344346329355,0.0,0.0
2024-10-20 12:20:57.557995,1.0,1.0,1.0,1.0,1.0,1.0,1.0,793113.0,0.061115500535714865,0.041649895097796784,0.03966388649582423,0.027472883658460283,0.032667115729434024,0.027962884536546752,-0.0007121463616689048,0.0007216840361555419,-0.00029248868425687163,-0.0,0.0,0.0,0.0,1.0,0.0,0.0,37.195020483673076,36.26714722531822,36.38525332606076,118.68680027900946,122.31295393769945,119.70171285234505,-108.42769017708808,-128.9200700267695,39.643121471386095,-274.2579622380588,-17.185015223217587,7.622579422016393,-152.39850464674132,0.0003482009871436899,0.0,0.0
2024-10-20 12:20:57.561995,1.0,1.0,1.0,1.0,1.0,1.0,1.0,793114.0,0.06187788552602544,0.04120980838596827,0.03979500713939933,0.02729575167846423,0.03260766687993288,0.027858609899147853,-0.0007407593851288161,0.0006898917878667515,-0.0003179224828879039,-0.0,0.0,0.0,0.0,1.0,0.0,0.0,39.90171415931613,40.36445196539058,39.2105243492218,120.29295237422942,117.42997767419335,122.9076256470191,88.55742825706412,-185.32359596888108,-204.67225365147655,-320.87203005488914,-18.325337314706168,8.363152831197578,-167.20577244332918,0.0003424795754579957,0.0,0.0
2024-10-20 12:20:57.644414,1.0,1.0,1.0,1.0,1.0,1.0,1.0,793115.0,0.0622974014187429,0.04139898983206046,0.040055960801949016,0.02715321414192533,0.032667115729434024,0.02775394349316061,-0.0007471178347865742,0.0006867125630378724,-0.0003338186070322991,-0.0,0.0,0.0,0.0,1.0,0.0,0.0,42.59733925534312,43.131842141266034,43.29832321629301,120.7628571216385,120.7903932373068,119.00481525526949,-166.6103120660338,-26.500974757902693,-183.20758241764375,-358.8125344167146,-18.831699722276436,9.100420252986225,-181.94891381428963,0.00032685987998944176,0.0,0.0
2024-10-20 12:20:57.647418,1.0,1.0,1.0,1.0,1.0,1.0,1.0,793116.0,0.06258938949995635,0.042023444236177564,0.03966388649582423,0.027045818015839475,0.03218845078999174,0.02782376484498668,-0.0007598347341020905,0.0006739956637223563,-0.000321101707716783,-0.0,0.0,0.0,0.0,1.0,0.0,0.0,46.14242021460162,45.974944718059774,46.574254092413426,121.5475556632226,118.77551818683212,120.30212600820632,-168.48130989863895,-82.52558201327055,-239.75758761547922,-411.2490669931611,-19.94304969484481,9.849065283534701,-196.9176916932943,0.0003229442366782875,0.0,0.0
2024-10-20 12:20:57.728442,1.0,1.0,1.0,1.0,1.0,1.0,1.0,793117.0,0.062255577042481754,0.041587310697157,0.039729500910396995,0.026829736114304472,0.032067668184708895,0.027718966864906235,-0.0007661931837598485,0.0006644579892357192,-0.00031474325805902487,-0.0,0.0,0.0,0.0,1.0,0.0,0.0,49.926754897721615,49.51385415297942,48.77905654297787,118.82888923020784,119.70649238686906,122.06065164980677,-69.83863205657731,-323.90281344538556,-159.16498541795275,-447.0211887771655,-20.14974029162269,10.595783735684156,-211.85076580946352,0.00030629590900844306,0.0,0.0
2024-10-20 12:20:57.811442,1.0,1.0,1.0,1.0,1.0,1.0,1.0,793118.0,0.062004038328795426,0.04127296521748623,0.03946638873835309,0.02715321414192533,0.03260766687993288,0.027788876097916127,-0.0007852685327331227,0.0006803541133801144,-0.00029566790908575063,-0.0,0.0,0.0,0.0,1.0,0.0,0.0,52.30322046192195,52.28826555872276,53.23208483092729,121.09201282744394,120.6012883992086,118.83563200466921,-311.3056892292089,-54.30006294701949,-237.2852246878581,-479.8736381511634,-20.22760313022462,11.33050943384897,-226.54467090209639,0.0002891210464345004,0.0,0.0
2024-10-20 12:20:57.815442,1.0,1.0,1.0,1.0,1.0,1.0,1.0,793119.0,0.06158252400415764,0.041019754451988084,0.03999088202492748,0.02711746269239568,0.03340129988750126,0.02764888086939877,-0.0007948062072197598,0.0006994294623533886,-0.00029566790908575063,-0.0,0.0,0.0,0.0,1.0,0.0,0.0,55.963490844143664,55.967655684310074,55.620088777915655,121.25258694497262,119.22793243546391,119.94813749165215,-170.72278748107883,-179.37306114315047,-301.76822264667373,-513.6368604040586,-20.335797088683123,12.06299935601209,-241.19392497184313,0.00027382140398479917,0.0,0.0
2024-10-20 12:20:57.897862,1.0,1.0,1.0,1.0,1.0,1.0,1.0,793120.0,0.060987509818192606,0.04070102581168387,0.04095620715673985,0.027260187166059602,0.03296275176192149,0.027718966864906235,-0.0007852685327331228,0.0006962502375245095,-0.000321101707716783,-0.0,0.0,0.0,0.0,1.0,0.0,0.0,58.8062461531447,58.84314475537511,59.585752383230364,121.77347865965577,119.07092353618312,119.53585270628716,-289.95839625027145,-99.48443429577165,-366.64194405260076,-566.8318051875998,-21.24900018727205,12.740137518134405,-254.73410391707594,0.0002694101437853951,0.0,0.0
2024-10-20 12:20:57.901866,1.0,1.0,1.0,1.0,1.0,1.0,1.0,793121.0,0.06179364057814277,0.04025056580563931,0.04101975445198809,0.02697398304697218,0.032785690042080325,0.02792816958270741,-0.0007884477575620017,0.0006580995395779611,-0.000321101707716783,-0.0,0.0,0.0,0.0,1.0,0.0,0.0,61.739080459687564,62.92195733592829,62.29402099078888,121.88578096480352,118.01358928997915,120.46115847516424,-148.67093094493657,-162.43309532119403,-509.11823337886267,-607.8318568017462,-21.47873323287007,13.515393971909937,-270.23784930857295,0.0002590754282535881,0.0,0.0
2024-10-20 12:20:57.982682,1.0,1.0,1.0,1.0,1.0,1.0,1.0,793122.0,0.06132822481459091,0.04037978143756249,0.04108320345271294,0.026901956261409284,0.03254810944778678,0.028066771771894115,-0.0007598347341020903,0.0006517410899202031,-0.0003179224828879039,-0.0,0.0,0.0,0.0,1.0,0.0,0.0,65.55750704243381,65.8495057893382,65.14324426639335,121.01627946515057,118.35459631595945,120.88140593797871,-159.89546635949756,-296.32963883840705,-436.68305770673794,-652.4079591475181,-21.857903985825402,14.254801970486767,-285.02445159835435,0.00025110068708482017,0.0,0.0
2024-10-20 12:20:57.986681,1.0,1.0,1.0,1.0,1.0,1.0,1.0,793123.0,0.060987509818192606,0.04057283328598263,0.04108320345271294,0.02711746269239568,0.03242866644143693,0.027788876097916127,-0.0007725516334176065,0.0006580995395779611,-0.000321101707716783,-0.0,0.0,0.0,0.0,1.0,0.0,0.0,68.87324890736421,68.41176408996736,68.71098953827799,120.9839923969711,119.26252886536335,119.74804759051933,-314.97985454308264,-246.37006414509182,-371.79187106520584,-686.7556555707725,-21.871580428518122,14.995736543936074,-299.8426866434062,0.00024021572766424218,0.0,0.0
2024-10-20 12:20:58.068342,1.0,1.0,1.0,1.0,1.0,1.0,1.0,793124.0,0.059692510709099,0.04050858489526056,0.04089256110871732,0.02715321414192533,0.03248844283583844,0.02799755644637631,-0.000734400935471058,0.0006580995395779611,-0.00029248868425687163,-0.0,0.0,0.0,0.0,1.0,0.0,0.0,72.10514580269144,71.18161664955905,72.30171713493483,120.57071750503499,120.27819715330152,119.06592690023662,-461.7976608305616,-231.62928066963454,-304.9577507250406,-730.9364065572543,-22.10079185158261,15.794808710296532,-315.8225541527388,0.0002330514238639037,0.0,0.0
2024-10-20 12:20:58.150712,1.0,1.0,1.0,1.0,1.0,1.0,1.0,793125.0,0.059692510709099006,0.039729500910396995,0.04070102581168386,0.02733126991297999,0.032308781866774994,0.02820469285687616,-0.0007439386099576951,0.0006390241906046868,-0.00027977178494135546,-0.0,0.0,0.0,0.0,1.0,0.0,0.0,75.51875707182057,74.34673952182222,75.23749730050949,119.8792548032385,119.94816213830349,120.1001017068104,-402.6265506487252,-343.80380028568436,-296.7112210578163,-769.2093547076818,-22.334819441106163,16.447544374544883,-328.8769933342917,0.00022463583293429968,0.0,0.0
2024-10-20 12:20:58.154634,1.0,1.0,1.0,1.0,1.0,1.0,1.0,793126.0,0.05916657525265935,0.039729500910396995,0.03999088202492748,0.02764888086939877,0.033021561356871405,0.028066771771894115,-0.0007820893079042436,0.0006898917878667515,-0.00025433798631032317,-0.0,0.0,0.0,0.0,1.0,0.0,0.0,78.20247193185124,77.84661844371128,78.08170622604956,121.64637484313235,119.05891739628235,121.31459047738083,-575.9337983612521,-583.9566674011379,-753.8305245068792,-1083.9820296728108,-30.50974064241134,16.968831096383344,-339.277413598318,0.0002923251719150088,0.0,0.0
2024-10-20 12:20:58.236486,1.0,1.0,1.0,1.0,1.0,1.0,1.0,793127.0,0.05999717734364805,0.03940033615860651,0.03986040571620479,0.02782376484498668,0.033021561356871405,0.027543417493819798,-0.0007820893079042436,0.0006708164388934773,-0.00023844186216592797,-0.0,0.0,0.0,0.0,1.0,0.0,0.0,80.37200452464991,79.80728526885783,80.87310094653809,130.80230847669435,127.70415369039061,127.79193596069524,-2001.1488376946759,-1658.6326813927399,-1949.4459052583086,-2352.5918130659793,-64.20658951901447,17.505267798809513,-349.8955034975874,0.0005993980812367919,0.0,0.0
2024-10-20 12:20:58.240486,1.0,1.0,1.0,1.0,1.0,1.0,1.0,793128.0,0.06055892046154769,0.03959816335788845,0.039925697169818586,0.027543417493819798,0.03251828982682399,0.027788876097916127,-0.0007693724085887276,0.0006612787644068402,-0.00023844186216592791,-0.0,0.0,0.0,0.0,1.0,0.0,0.0,82.25066991832527,81.68598930096144,82.02786019447208,141.81680261203098,138.60623818831738,142.37987810906264,-3287.698736065647,-3271.5615875390804,-3486.1996054401334,-3874.205121632889,-102.50548022019542,18.063003295829198,-360.91664231138213,0.0009506270900178116,0.0,0.0
2024-10-20 12:20:58.322386,1.0,1.0,1.0,1.0,1.0,1.0,1.0,793129.0,0.061455505943860136,0.039532330954326636,0.039135011011481306,0.02708166404617134,0.03185519667586617,0.02764888086939877,-0.0007598347341020903,0.0006549203147490821,-0.00022572496285041177,-0.0,0.0,0.0,0.0,1.0,0.0,0.0,82.44058009355105,82.68128392179544,83.45149793750946,155.26618527683283,152.23012866326584,156.10471628097187,-4801.707881298737,-4678.5591935339,-5135.725557349547,-5440.490475275396,-141.92207020702313,18.32733973879543,-366.066088546222,0.0013114457322715327,0.0,0.0
2024-10-20 12:20:58.404522,1.0,1.0,1.0,1.0,1.0,1.0,1.0,793130.0,0.06191996501781567,0.03933417265909616,0.03839591423416136,0.02740216826792598,0.03197678183797181,0.02768394604629166,-0.0007852685327331228,0.0006390241906046868,-0.00021936651319265368,-0.0,0.0,0.0,0.0,1.0,0.0,0.0,83.02732320751682,83.61473787990832,82.71863323640572,165.71459762746915,166.87249553037142,169.89537577440908,-5996.225849469118,-6488.56340937535,-6463.216430763649,-6922.938341354842,-179.1401647659118,18.48255994345849,-369.0361206891197,0.0016639420673645476,0.0,0.0
2024-10-20 12:20:58.409464,1.0,1.0,1.0,1.0,1.0,1.0,1.0,793131.0,0.061370681188533435,0.04012093401707996,0.03832801689680105,0.02736674204979371,0.03191604715477278,0.027613771165243314,-0.0007693724085887275,0.0006644579892357192,-0.0002257249628504118,-0.0,0.0,0.0,0.0,1.0,0.0,0.0,83.38831887667325,82.2445392100134,82.60072148563745,179.67155632296365,180.8510664628509,179.71089397900857,-7772.485981445262,-7761.792505599471,-7544.4453928866105,-8334.029193567667,-215.7328330522171,18.48255994345849,-368.9012719841511,0.0020287419256664095,0.0,0.0
2024-10-20 12:20:58.489762,1.0,1.0,1.0,1.0,1.0,1.0,1.0,793132.0,0.061455505943860136,0.03979500713939933,0.038463691717159486,0.02733126991297999,0.032398736885968185,0.027613771165243314,-0.000801164656877518,0.0006612787644068402,-0.0002511587614814441,-0.0,0.0,0.0,0.0,1.0,0.0,0.0,81.41877827785235,81.52110636589784,82.37518402581661,192.2390281435752,189.6215464375,193.60696539500435,-8909.937134259684,-8760.496343785482,-9239.229551921448,-9639.392151402788,-251.21132514722262,18.36540796487093,-366.42223237297424,0.002411944581190157,0.0,0.0
2024-10-20 12:20:58.493763,1.0,1.0,1.0,1.0,1.0,1.0,1.0,793133.0,0.06221372454898335,0.03966388649582423,0.03825999906698716,0.02736674204979371,0.03212811624624381,0.02775394349316061,-0.0007852685327331227,0.0006580995395779611,-0.00023844186216592797,-0.0,0.0,0.0,0.0,1.0,0.0,0.0,80.11043494320519,80.38023190294712,80.06145256535619,202.09549838292702,203.6769092041927,203.2858546867805,-10101.03166571089,-10217.259284648462,-10165.717209452323,-10853.80168439497,-287.53925003043315,18.074226756858806,-360.4592115812573,0.002836424400644827,0.0,0.0
2024-10-20 12:20:58.574586,1.0,1.0,1.0,1.0,1.0,1.0,1.0,793134.0,0.0631280701133826,0.03933417265909615,0.038733615672373205,0.02736674204979371,0.03179422973639322,0.027578616763765378,-0.000801164656877518,0.000648561865091324,-0.00026069643596808123,-0.0,0.0,0.0,0.0,1.0,0.0,0.0,77.43936177906689,78.30732768548759,77.82359574659917,213.07320521556343,211.47325096039924,216.84933210002225,-10965.72138444093,-11232.440060471206,-11596.581258005875,-11974.023427441498,-325.72482773613785,17.610900700228477,-351.04324661169335,0.0033353415957336676,0.0,0.0
2024-10-20 12:20:58.658414,1.0,1.0,1.0,1.0,1.0,1.0,1.0,793135.0,0.06333403500029182,0.04012093401707996,0.03906839817849147,0.02711746269239568,0.03191604715477278,0.02729575167846423,-0.0007757308582464856,0.0006644579892357192,-0.00025751721113920217,-0.0,0.0,0.0,0.0,1.0,0.0,0.0,74.83972709629806,74.94727596761447,74.69148956102576,225.5035663451017,223.33775029078413,224.65924907472711,-12299.862392071844,-12186.59055290162,-12413.664539549956,-13020.787334943423,-367.20657250952905,16.997573095538943,-338.6087541639764,0.0039497042879455945,0.0,0.0
2024-10-20 12:20:58.661414,1.0,1.0,1.0,1.0,1.0,1.0,1.0,793136.0,0.06394794952891227,0.04025056580563931,0.040055960801949016,0.026392265450275895,0.03157991857152382,0.027472883658460283,-0.0007280424858133,0.0006326657409469288,-0.0002861302345991135,-0.0,0.0,0.0,0.0,1.0,0.0,0.0,71.30072921722302,71.50747683531252,70.67189657835387,233.26355839998388,235.63821761479724,234.6287517781552,-12908.12959419995,-13121.765925427064,-12905.792422561231,-13706.030408431758,-400.01749764397846,16.435721775405057,-327.19306068124143,0.004628256816613765,0.0,0.0
2024-10-20 12:20:58.743967,1.0,1.0,1.0,1.0,1.0,1.0,1.0,793137.0,0.06386643521977013,0.04076497090344803,0.040055960801949016,0.026170787978491077,0.03170255949350469,0.02820469285687616,-0.0007248632609844209,0.0006644579892357192,-0.00031156403323014586,-0.0,0.0,0.0,0.0,1.0,0.0,0.0,67.43224925267177,67.99035240299882,66.91357051797793,237.11047262246117,241.24391787184047,242.17854267438463,-12360.558231811447,-12893.847581230493,-12617.73013899572,-13348.707255830886,-410.4193781785895,15.608114004198516,-310.58661310007784,0.005047589297043397,0.0,0.0
2024-10-20 12:20:58.746967,1.0,1.0,1.0,1.0,1.0,1.0,1.0,793138.0,0.06362126565754131,0.04050858489526056,0.03953233095432663,0.02613369258354722,0.03139505892336215,0.027613771165243314,-0.000734400935471058,0.0006644579892357192,-0.00030520558357238775,-0.0,0.0,0.0,0.0,1.0,0.0,0.0,63.792816139618154,64.19748277045349,63.05609024219805,239.73277857561303,244.41038899754474,245.19098172031732,-11703.046607470676,-12247.353307522999,-11887.397919285946,-12659.360352332804,-412.96305426464824,14.716125785530599,-292.73317634329607,0.005399992465675363,0.0,0.0
2024-10-20 12:20:58.828405,1.0,1.0,1.0,1.0,1.0,1.0,1.0,793139.0,0.06279712120117678,0.040315225390783915,0.039400336158606504,0.026207830867489117,0.03139505892336215,0.027613771165243314,-0.0007121463616689048,0.0006549203147490821,-0.0002988471339146297,-0.0,0.0,0.0,0.0,1.0,0.0,0.0,60.51674910504466,60.18921568689698,59.406359594303545,241.61888391788375,246.48645553769677,245.92906147983757,-11048.45683416601,-11406.45349191344,-10986.844275142008,-11846.763222701435,-411.0991912120184,13.838368316699773,-275.18481673097745,0.005717977606898373,0.0,0.0
2024-10-20 12:20:58.832401,1.0,1.0,1.0,1.0,1.0,1.0,1.0,793140.0,0.06292143103158183,0.04012093401707996,0.03953233095432663,0.025947420126718565,0.031549183850304155,0.02715321414192533,-0.0007153255864977838,0.0006549203147490821,-0.0002734133352835974,-0.0,0.0,0.0,0.0,1.0,0.0,0.0,56.88684339124001,55.927605438816705,56.307896633367555,244.84622090547407,247.7197183595341,245.89791391973242,-10455.372122384973,-10352.645408705755,-10224.399561782642,-11030.684437501559,-409.29720025974075,12.946505474564036,-257.356456794884,0.006077519140158838,0.0,0.0
2024-10-20 12:20:58.914127,1.0,1.0,1.0,1.0,1.0,1.0,1.0,793141.0,0.0639072053708868,0.040315225390783915,0.03986040571620479,0.025872535641194412,0.03167194378429309,0.026901956261409284,-0.0007121463616689048,0.0006739956637223563,-0.00024797953665256506,-0.0,0.0,0.0,0.0,1.0,0.0,0.0,52.525585735882174,52.678013827417104,52.99911404955211,247.43154619483553,247.21818528676414,246.54765299319877,-9535.587990245163,-9428.70378683036,-9614.037858413922,-10198.844951443962,-406.8802531054864,12.046019650274363,-239.36230507052454,0.006467231418335006,0.0,0.0
2024-10-20 12:20:58.999105,1.0,1.0,1.0,1.0,1.0,1.0,1.0,793142.0,0.06362126565754131,0.04076497090344803,0.03953233095432663,0.026022089115979988,0.031641298451732976,0.026937993727346517,-0.0006867125630378724,0.0006898917878667515,-0.00022254573802153274,-0.0,0.0,0.0,0.0,1.0,0.0,0.0,49.36914414794361,49.086918749123555,48.84235022112576,249.5699713620399,246.2923289824722,248.52806122984896,-8758.771928330645,-8686.177173105016,-8764.799887505402,-9397.399285400235,-404.4815295758443,11.170453232094575,-221.86069411595878,0.006930652202562334,0.0,0.0
2024-10-20 12:20:59.002102,1.0,1.0,1.0,1.0,1.0,1.0,1.0,793143.0,0.06254776037030932,0.04082881584609787,0.03966388649582423,0.02613369258354722,0.03194642892952922,0.026757321039963047,-0.0006835333382089934,0.0006771748885512353,-0.00022254573802153277,-0.0,0.0,0.0,0.0,1.0,0.0,0.0,45.17223957989484,45.627207544019214,45.74950625112474,245.73494996608483,248.35914759578256,253.12388502856217,-7738.086942064546,-7995.412331413376,-8137.992315562901,-8607.18583037998,-403.16042509669813,10.270106935205309,-203.87063100554997,0.007456142902009629,0.0,0.0
2024-10-20 12:20:59.082388,1.0,1.0,1.0,1.0,1.0,1.0,1.0,793144.0,0.06170928061993169,0.04133602555253029,0.040055960801949016,0.026355481787173698,0.0321582976678794,0.026829736114304472,-0.0006994294623533886,0.0007026086871822677,-0.00026069643596808123,-0.0,0.0,0.0,0.0,1.0,0.0,0.0,42.525630303889415,41.50928235937148,41.81266462157063,252.711081652953,251.22848602372167,245.79819451804144,-7446.950928070947,-7078.115839736914,-7027.216499584838,-7824.308900327799,-399.11278201678033,9.436468654750499,-187.20684887201497,0.008067235099798247,0.0,0.0
2024-10-20 12:20:59.086391,1.0,1.0,1.0,1.0,1.0,1.0,1.0,793145.0,0.061370681188533435,0.04120980838596827,0.04025056580563931,0.026611899740163612,0.03221857569203676,0.02679355304171941,-0.0007248632609844209,0.0007057879120111467,-0.0002765925601124764,-0.0,0.0,0.0,0.0,1.0,0.0,0.0,38.266949983224514,39.033792393991256,37.99054376143074,244.02634866428238,250.78311461583309,256.1205603809406,-6080.026146285653,-6697.663065057058,-6457.54030094744,-7041.819251356222,-396.03783661951087,8.564674009933848,-169.79291955224247,0.008760173736292004,0.0,0.0
2024-10-20 12:20:59.167216,1.0,1.0,1.0,1.0,1.0,1.0,1.0,793146.0,0.060944786513602064,0.04095620715673985,0.04050858489526056,0.02708166404617134,0.03203740138402003,0.02664832946254422,-0.0007534762844443322,0.0006962502375245095,-0.0002829510097702345,-0.0,0.0,0.0,0.0,1.0,0.0,0.0,34.32877299790184,34.91912863942982,35.38303766770482,255.9428394805488,245.0935970831939,251.02282464693684,-5571.695974682107,-5384.204205821032,-5959.594860576787,-6259.63607720962,-391.94926508724444,7.699283818699369,-152.5072930175055,0.009600784899572697,0.0,0.0
2024-10-20 12:20:59.251259,1.0,1.0,1.0,1.0,1.0,1.0,1.0,793147.0,0.06004057494595436,0.04089256110871732,0.04050858489526056,0.027472883658460283,0.03227874115189541,0.026207830867489117,-0.0007566555092732113,0.0007057879120111467,-0.00024797953665256506,-0.0,0.0,0.0,0.0,1.0,0.0,0.0,31.340626057475223,30.883423264893157,31.9191239040886,250.77828435889506,256.398516620983,245.87705480742792,-5091.3014741432025,-4707.194356724425,-4864.256853903788,-5501.113070874899,-388.7347319783399,6.829271748695631,-135.13523732980366,0.010617513092709596,0.0,0.0
2024-10-20 12:20:59.255259,1.0,1.0,1.0,1.0,1.0,1.0,1.0,793148.0,0.05947393615339293,0.04133602555253029,0.040185802182344105,0.027613771165243314,0.032368779656366614,0.026757321039963047,-0.0007471178347865742,0.0007280424858133,-0.00024480031182368605,-0.0,0.0,0.0,0.0,1.0,0.0,0.0,28.081052844318908,27.37930543636001,28.300109711859097,242.88644593234264,255.0149654476209,256.7972031624348,-4228.628486880751,-4144.351556599615,-4073.8862761898627,-4757.519491033552,-383.9738325254441,5.986983853271988,-118.31786643489875,0.011874181268786598,0.0,0.0
2024-10-20 12:20:59.336517,1.0,1.0,1.0,1.0,1.0,1.0,1.0,793149.0,0.05969251070909899,0.041774782619765874,0.040055960801949016,0.02792816958270741,0.03242866644143693,0.026611899740163612,-0.0007502970596154532,0.0007502970596154532,-0.0002511587614814441,-0.0,0.0,0.0,0.0,1.0,0.0,0.0,24.5626543350012,24.04886632662815,24.933021037790326,246.87068820167792,242.99810953791857,265.45167403636617,-3353.7597310652945,-3422.77974445641,-3451.6177544331067,-4013.5009579378498,-375.93613791495073,5.166558490869135,-101.94846179502592,0.0133813255458197,0.0,0.0
2024-10-20 12:20:59.341405,1.0,1.0,1.0,1.0,1.0,1.0,1.0,793150.0,0.05885760930142632,0.04152463197171362,0.04012093401707996,0.02775394349316061,0.03224867245309928,0.02733126991297999,-0.0007153255864977838,0.0007216840361555419,-0.00026069643596808123,-0.0,0.0,0.0,0.0,1.0,0.0,0.0,20.924694121647025,21.10133661210254,21.62255216652939,256.43771682014534,229.3642377556409,269.1177648888872,-2418.3870593962642,-2746.2900957616985,-2827.081007375486,-3264.9407084625827,-365.07471784800265,4.3354875988128105,-85.40138671614962,0.01508902090349489,0.0,0.0
2024-10-20 12:20:59.422550,1.0,1.0,1.0,1.0,1.0,1.0,1.0,793151.0,0.057695537575739225,0.04108320345271294,0.03986040571620479,0.028066771771894115,0.03251828982682399,0.02729575167846423,-0.0007185048113266629,0.0007121463616689048,-0.000241621086994807,-0.0,0.0,0.0,0.0,1.0,0.0,0.0,17.803406482800956,18.66181959591152,17.922430228752784,262.4141078034324,218.12957015478736,269.8253515371578,-1477.6450347423624,-2333.324941114347,-2081.177549402314,-2557.9801589653425,-354.4034523795788,3.5056499935304357,-68.92402157430875,0.016958029159987332,0.0,0.0
2024-10-20 12:20:59.425551,1.0,1.0,1.0,1.0,1.0,1.0,1.0,793152.0,0.058547012889045756,0.04114655461363214,0.04025056580563931,0.028066771771894115,0.032067668184708895,0.027578616763765378,-0.0007407593851288161,0.0006994294623533886,-0.000244800311823686,-0.0,0.0,0.0,0.0,1.0,0.0,0.0,15.968737964824738,15.258546806092898,14.393665440468608,262.60377375855694,209.6441145211981,261.85042559642943,-962.6324574476282,-1924.835105236867,-1177.516193874952,-1924.433099592322,-343.5693297491228,2.7267223469617683,-53.488425292227255,0.01918093435830827,0.0,0.0
2024-10-20 12:20:59.507440,1.0,1.0,1.0,1.0,1.0,1.0,1.0,793153.0,0.05881333881054312,0.04082881584609787,0.039729500910396995,0.02764888086939877,0.03179422973639322,0.027613771165243314,-0.0007057879120111467,0.0006867125630378724,-0.00024797953665256506,-0.0,0.0,0.0,0.0,1.0,0.0,0.0,12.886189979232832,11.664260133293814,13.038394468622739,268.0630151029322,190.01574747564658,255.66907043696935,-555.9924671368485,-1167.8118664661802,-766.1933328545992,-1370.9533528133018,-335.72608822466356,1.9928918320755853,-38.99500405270231,0.021647752650748555,0.0,0.0
2024-10-20 12:20:59.590889,1.0,1.0,1.0,1.0,1.0,1.0,1.0,793154.0,0.05907846414606075,0.04063698009803076,0.03926789767914727,0.02775394349316061,0.03191604715477278,0.027718966864906235,-0.0007185048113266629,0.0006835333382089934,-0.00019075348973274234,-0.0,0.0,0.0,0.0,1.0,0.0,0.0,10.2838974692791,10.482041771430877,9.459434696032039,260.44873018767356,173.1178774548101,258.61359478531017,220.84605485303342,-1083.4311041941141,-261.7394857970796,-888.3433830191593,-317.61263662459015,1.368292823872627,-26.70880643913206,0.024009847411932503,0.0,0.0
2024-10-20 12:20:59.593888,1.0,1.0,1.0,1.0,1.0,1.0,1.0,793155.0,0.05903435927679556,0.040185802182344105,0.03893483061427055,0.027472883658460283,0.03194642892952922,0.02768394604629166,-0.0006898917878667515,0.0006676372140645982,-0.00018439504007498428,-0.0,0.0,0.0,0.0,1.0,0.0,0.0,8.409361957526992,6.624973584245781,8.640921792346937,264.4058156160698,154.1070793693961,249.96527459790752,282.5256564379482,-493.90979531486516,211.71787628534506,-485.728636602939,-284.0280483208555,0.8372247251936593,-16.3306646594244,0.02471438264995495,0.0,0.0
2024-10-20 12:20:59.675166,1.0,1.0,1.0,1.0,1.0,1.0,1.0,793156.0,0.059386281078264554,0.03953233095432663,0.038666311337125336,0.027613771165243314,0.03170255949350469,0.027543417493819798,-0.0007026086871822677,0.000648561865091324,-0.00016849891593058908,-0.0,0.0,0.0,0.0,1.0,0.0,0.0,7.29778949519997,5.577696252226248,5.60863333337317,250.26691246736948,140.50589922048556,255.54671133972948,757.090781728089,-565.4023569991629,720.224385469599,-158.42092597109487,-187.69629825176187,0.40952961378910796,-8.059873431390368,0.01595963270913861,0.0,0.0
2024-10-20 12:20:59.678107,1.0,1.0,1.0,1.0,1.0,1.0,1.0,793157.0,0.059736129648576226,0.039598163357888454,0.03859888964444313,0.027543417493819798,0.031178004061435775,0.02792816958270741,-0.0007057879120111467,0.0006294865161180497,-0.00021300806353489562,-0.0,0.0,0.0,0.0,1.0,0.0,0.0,4.959253417972415,4.826409627449419,5.171473555795723,250.9255165814573,93.43806913697321,260.25382347299364,1063.5118980228335,-228.2525678865385,758.6736716324783,121.87681223562298,515.8250504880559,0.1154091522472107,-2.2562646498725645,0.02249318795810839,0.0,0.0
2024-10-20 12:20:59.761113,1.0,1.0,1.0,1.0,1.0,1.0,1.0,793158.0,0.06081643652238848,0.039201510653345636,0.03926789767914727,0.027578616763765378,0.0313331966781849,0.027613771165243314,-0.0007089671368400258,0.0006167696168025336,-0.00023844186216592791,-0.0,0.0,0.0,0.0,1.0,0.0,0.0,4.071178179695709,3.420500984070479,5.390744404935755,251.85575968868963,67.69162235132308,250.0856338789134,997.00109763984,68.93747749987207,999.35846730181,297.8323545957951,2801.5994352639004,0.05583229977178771,1.0151663549750947,0.09087897227541546,0.0,0.0
2024-10-20 12:20:59.844113,1.0,1.0,1.0,1.0,1.0,1.0,1.0,793159.0,0.06128573902853253,0.038733615672373205,0.039135011011481306,0.027543417493819798,0.031115710284795706,0.02764888086939877,-0.0007439386099576951,0.0006008734926581384,-0.00023844186216592791,-0.0,0.0,0.0,0.0,1.0,0.0,0.0,3.899385873948884,2.8976624312275523,5.554738677195814,239.1880084883229,75.94321096651666,242.14768150405837,907.3941806996296,157.8411964650749,1248.4249542069465,369.3517061878494,1522.4902076383432,0.13356355187005414,2.3166316400973024,0.13276054445183308,0.0,0.0
2024-10-20 12:20:59.847113,1.0,1.0,1.0,1.0,1.0,1.0,1.0,793160.0,0.062004038328795426,0.038867874708122786,0.03946638873835309,0.02775394349316061,0.03120910432259612,0.027260187166059602,-0.0007693724085887275,0.0006072319423158965,-0.000244800311823686,-0.0,0.0,0.0,0.0,1.0,0.0,0.0,3.65811877815199,3.0374949535121676,5.76202746419593,217.23061445891125,86.38234562480812,240.25712560047904,773.5146551629065,203.88278927568976,1358.6537088396185,390.9292804952476,1252.052993354817,0.1715079103940197,2.9815827790227463,0.13077397649679764,7.461478599370748e-05,0.0
2024-10-20 12:20:59.928628,1.0,1.0,1.0,1.0,1.0,1.0,1.0,793161.0,0.062046032264072626,0.03900167157440239,0.03926789767914727,0.02764888086939877,0.03086527796111811,0.027788876097916127,-0.0007566555092732113,0.0005817981436848642,-0.0002893094594279926,-0.0,0.0,0.0,0.0,1.0,0.0,0.0,3.1688708794328297,3.369645196126081,5.756128460616549,193.16226928232695,96.96018279439922,241.94679405998528,589.0739151439961,274.5315651903162,1367.2899873028673,374.64614416920665,1193.7560627870291,0.1715079103940197,2.99693317321325,0.12629884932766655,0.00014961371908723785,0.0
2024-10-20 12:20:59.932628,1.0,1.0,1.0,1.0,1.0,1.0,1.0,793162.0,0.06103020321496355,0.03940033615860651,0.03832801689680105,0.028135816825234642,0.031240173622796498,0.027543417493819798,-0.0007757308582464856,0.0006040527174870175,-0.0002734133352835974,-0.0,0.0,0.0,0.0,1.0,0.0,0.0,2.695445181788919,3.691628974520944,5.653021685651471,175.23272117309978,109.74000233599585,247.63120340038577,449.35912687568447,365.217083610435,1375.7517710045768,360.0260619436711,1480.5554141911844,0.13372664254168087,2.322098592907311,0.1317741368614925,0.00020772476359188095,0.0
2024-10-20 12:21:00.013958,1.0,1.0,1.0,1.0,1.0,1.0,1.0,793163.0,0.0612432237691468,0.03946638873835309,0.039135011011481306,0.02847853124831018,0.03151841915858901,0.027718966864906235,-0.0008329569051663083,0.0005913358181715013,-0.00027977178494135546,-0.0,0.0,0.0,0.0,1.0,0.0,0.0,2.237157614758307,3.983668889822432,5.487630183327902,156.86367133700836,125.11701828617574,251.03741344686532,328.0256340108557,467.6918685069486,1356.2739520255054,344.68295627535906,2191.976988212615,0.08743978295559933,1.5016032536587,0.14135007950489056,0.00024530272594378385,0.0
2024-10-20 12:21:00.018954,1.0,1.0,1.0,1.0,1.0,1.0,1.0,793164.0,0.0605158945801221,0.03906839817849147,0.038733615672373205,0.02820469285687616,0.03139505892336215,0.027613771165243314,-0.0008075231065352759,0.0005627227947115899,-0.00029248868425687163,-0.0,0.0,0.0,0.0,1.0,0.0,0.0,1.8367485782282313,4.237987386348561,5.2894072349867445,138.56217521762142,141.22885890269336,252.34410010890386,230.26642265518197,575.0371937715051,1316.4777678184541,0.0,0.0,0.044701942816766094,0.0,1.0,0.0,0.0
2024-10-20 12:21:00.099310,1.0,1.0,1.0,1.0,1.0,1.0,1.0,793165.0,0.06038663299874921,0.03986040571620479,0.03913501101148131,0.028410319099464804,0.031146872746571578,0.027788876097916127,-0.0008234192306796713,0.0005754396940271061,-0.00030202635874350875,-0.0,0.0,0.0,0.0,1.0,0.0,0.0,1.5100218165134185,4.450042352081284,5.069452589351102,120.31986226540003,157.02770908298785,251.25652910399236,154.09538195670132,679.3274450057698,1257.798912013058,0.0,0.0,0.0,0.0,1.0,0.0,0.0
2024-10-20 12:21:00.182198,1.0,1.0,1.0,1.0,1.0,1.0,1.0,793166.0,0.060687815081570395,0.04057283328598263,0.03893483061427055,0.028032185471914422,0.031146872746571578,0.02789341142414604,-0.0007979854320486388,0.0005976942678292594,-0.00031156403323014586,-0.0,0.0,0.0,0.0,1.0,0.0,0.0,1.2685395353794617,4.62519927849538,4.84347376953811,102.64237156505855,171.877396700195,247.8868514172716,97.59600983783288,776.7217341531344,1185.5798885316642,0.0,0.0,0.0,0.0,1.0,0.0,0.0
2024-10-20 12:21:00.186197,1.0,1.0,1.0,1.0,1.0,1.0,1.0,793167.0,0.06060191579565507,0.04012093401707996,0.03853134997827472,0.02775394349316061,0.03145679951185349,0.02764888086939877,-0.0007884477575620018,0.0005754396940271061,-0.00029248868425687163,-0.0,0.0,0.0,0.0,1.0,0.0,0.0,1.1310391894463456,4.753194137890252,4.602795442862869,86.16446423825839,186.1591493340433,242.85918866403532,60.23141073156867,865.857018220476,1103.731024924156,0.0,0.0,0.0,0.0,1.0,0.0,0.0
2024-10-20 12:21:00.267705,1.0,1.0,1.0,1.0,1.0,1.0,1.0,793168.0,0.060601915795655076,0.04063698009803076,0.03825999906698716,0.02792816958270741,0.031641298451732976,0.027613771165243314,-0.0008075231065352759,0.0005754396940271061,-0.0002893094594279926,-0.0,0.0,0.0,0.0,1.0,0.0,0.0,1.0803082859615853,4.830309758190507,4.357581749227335,71.9204360863332,199.9333810082059,237.08919558414382,38.77854134801943,945.4836449415433,1020.4046684921491,0.0,0.0,0.0,0.0,1.0,0.0,0.0
2024-10-20 12:21:00.270705,1.0,1.0,1.0,1.0,1.0,1.0,1.0,793169.0,0.05999717734364805,0.04070102581168386,0.03832801689680105,0.027788876097916127,0.03182472780550264,0.027578616763765378,-0.0007979854320486389,0.0005595435698827109,-0.0002861302345991135,-0.0,0.0,0.0,0.0,1.0,0.0,0.0,1.139122033348771,4.88392451146077,4.114497387278562,61.050526203782084,212.4581252859384,230.66685074944175,32.093979524214255,1017.6002071245813,937.8803723837143,0.0,0.0,0.0,0.0,1.0,0.0,0.0
2024-10-20 12:21:00.354425,1.0,1.0,1.0,1.0,1.0,1.0,1.0,793170.0,0.0598232721159811,0.04050858489526056,0.03798670986099516,0.02764888086939877,0.031641298451732976,0.027613771165243314,-0.0007820893079042436,0.0005436474457383157,-0.0002829510097702345,-0.0,0.0,0.0,0.0,1.0,0.0,0.0,1.6468866098306698,4.84758004942404,3.8667048516097253,55.963449376775955,216.07048766279138,222.89703728683975,45.9408512920627,998.6381793116096,851.4809829177107,0.0,0.0,0.0,0.0,1.0,0.0,0.0
2024-10-20 12:21:00.436897,1.0,1.0,1.0,1.0,1.0,1.0,1.0,793171.0,0.05956146222893687,0.04076497090344802,0.038055216156251626,0.02764888086939877,0.031641298451732976,0.027472883658460283,-0.000801164656877518,0.000569081244369348,-0.00025751721113920217,-0.0,0.0,0.0,0.0,1.0,0.0,0.0,1.7474536940664314,4.633417054239629,3.6313579023804774,57.41701879100627,210.76466879505608,214.3868478518029,58.72842857293229,928.3302449074572,769.1918982131525,0.0,0.0,0.0,0.0,1.0,0.0,0.0
2024-10-20 12:21:00.439894,1.0,1.0,1.0,1.0,1.0,1.0,1.0,793172.0,0.05977971676101446,0.04025056580563931,0.03866631133712533,0.026757321039963047,0.0316106234096681,0.027613771165243314,-0.0007661931837598485,0.0005404682209094367,-0.00027023411045471834,-0.0,0.0,0.0,0.0,1.0,0.0,0.0,1.8311330224827942,4.395241155958779,3.4199030541063027,61.62127957894332,203.97602331068768,206.1943808518236,74.88554720562325,849.1275695078612,696.7513532928774,0.0,0.0,0.0,0.0,1.0,0.0,0.0
2024-10-20 12:21:00.521912,1.0,1.0,1.0,1.0,1.0,1.0,1.0,793173.0,0.05973612964857622,0.04044423444177086,0.03832801689680105,0.02646567940419046,0.03148762440853117,0.027718966864906235,-0.0007248632609844209,0.0005531851202249528,-0.00027023411045471834,-0.0,0.0,0.0,0.0,1.0,0.0,0.0,1.9012145032167462,4.124387217162258,3.233628023025804,67.46763385564611,195.55960084072967,198.49068972403035,92.87301569186974,760.3473101226779,634.2760608856396,0.0,0.0,0.0,0.0,1.0,0.0,0.0
2024-10-20 12:21:00.524912,1.0,1.0,1.0,1.0,1.0,1.0,1.0,793174.0,0.06038663299874921,0.04082881584609787,0.03832801689680105,0.02646567940419046,0.031240173622796498,0.02768394604629166,-0.0007439386099576951,0.000572260469198227,-0.0002638756607969603,-0.0,0.0,0.0,0.0,1.0,0.0,0.0,1.9614231596366973,3.8174991259183275,3.0759701353704862,73.76847272738353,185.499333110059,191.52094479959888,111.53542619109598,663.2151561219573,582.1591891783372,0.0,0.0,0.0,0.0,1.0,0.0,0.0
2024-10-20 12:21:00.607220,1.0,1.0,1.0,1.0,1.0,1.0,1.0,793175.0,0.06021385257881441,0.04070102581168387,0.03812359934915173,0.026207830867489117,0.0313331966781849,0.027962884536546752,-0.0007280424858133,0.0005976942678292594,-0.0002734133352835974,-0.0,0.0,0.0,0.0,1.0,0.0,0.0,2.0044022671832495,3.479938795547339,2.94648847337333,79.88607612363946,173.6152569130089,185.39091500147,128.81890249748884,560.4590874057997,539.8665695251847,0.0,0.0,0.0,0.0,1.0,0.0,0.0
2024-10-20 12:21:00.690109,1.0,1.0,1.0,1.0,1.0,1.0,1.0,793176.0,0.06008394120292352,0.03986040571620479,0.03832801689680105,0.026428997918226275,0.0316106234096681,0.02782376484498668,-0.0007375801602999371,0.000572260469198227,-0.0002670548856258393,-0.0,0.0,0.0,0.0,1.0,0.0,0.0,2.029000811693602,3.1094092991932203,2.8477040450742517,85.48477216669089,159.56763471413933,180.15313687121196,143.72251556984315,453.586552792334,506.8936381841551,0.0,0.0,0.0,0.0,1.0,0.0,0.0
2024-10-20 12:21:00.694109,1.0,1.0,1.0,1.0,1.0,1.0,1.0,793177.0,0.06004057494595436,0.04044423444177085,0.039135011011481306,0.02646567940419046,0.03157991857152382,0.02810131550407159,-0.0007216840361555419,0.0005976942678292594,-0.0002988471339146297,-0.0,0.0,0.0,0.0,1.0,0.0,0.0,2.0388766362215254,2.7135439499356635,2.7765611066410236,90.21946333606499,142.0782296317134,175.86202805217334,154.72992873900532,343.63219466812103,482.18895323584786,0.0,0.0,0.0,0.0,1.0,0.0,0.0
2024-10-20 12:21:00.775118,1.0,1.0,1.0,1.0,1.0,1.0,1.0,793178.0,0.05947393615339293,0.04012093401707996,0.03906839817849146,0.02613369258354722,0.031364143052817484,0.02851257612746981,-0.0007057879120111467,0.0005881565933426223,-0.00029248868425687163,-0.0,0.0,0.0,0.0,1.0,0.0,0.0,2.0461768578665547,2.280975986503293,2.7205717975308636,93.83363383502349,119.68021235774077,172.31364507261492,162.48294492639218,231.59516479096402,462.734393103967,0.0,0.0,0.0,0.0,1.0,0.0,0.0
2024-10-20 12:21:00.779119,1.0,1.0,1.0,1.0,1.0,1.0,1.0,793179.0,0.05951771528052355,0.04025056580563931,0.03926789767914727,0.026318646714264433,0.03139505892336215,0.028410319099464804,-0.0007153255864977838,0.0006199488416314126,-0.00029566790908575063,-0.0,0.0,0.0,0.0,1.0,0.0,0.0,2.0383574772158424,1.7219466802764216,2.680641032901769,96.5125574873101,90.18880534046532,169.56985149496654,167.0802289901494,114.5842201391333,448.43198947497706,0.0,0.0,0.0,0.0,1.0,0.0,0.0
2024-10-20 12:21:00.861188,1.0,1.0,1.0,1.0,1.0,1.0,1.0,793180.0,0.058990221431913355,0.03979500713939933,0.03926789767914727,0.026281760015388615,0.0313331966781849,0.028341942781077132,-0.0007280424858133,0.0006199488416314126,-0.00029566790908575063,-0.0,0.0,0.0,0.0,1.0,0.0,0.0,1.861894792314128,1.6078089684404884,2.6921182805456643,97.47783716620123,71.33270274563118,168.68338262844645,156.579608897703,87.05922652253146,447.5553854631314,0.0,0.0,0.0,0.0,1.0,0.0,0.0
2024-10-20 12:21:00.865188,1.0,1.0,1.0,1.0,1.0,1.0,1.0,793181.0,0.05977971676101448,0.03926789767914727,0.038867874708122786,0.026392265450275895,0.03148762440853117,0.028341942781077132,-0.0007057879120111467,0.0006072319423158965,-0.0002861302345991135,-0.0,0.0,0.0,0.0,1.0,0.0,0.0,1.986513391815373,2.3469544658105193,2.7146606190865286,94.63188803958073,103.63539770296762,169.90587821702536,155.43330397261855,210.94525444023287,454.71189399050843,0.0,0.0,0.0,0.0,1.0,0.0,0.0
2024-10-20 12:21:00.946716,1.0,1.0,1.0,1.0,1.0,1.0,1.0,793182.0,0.0604297509142743,0.03880080326089556,0.039729500910397,0.026829736114304472,0.03142594437984583,0.028376151535570014,-0.0007153255864977838,0.0005945150430003804,-0.00029566790908575063,-0.0,0.0,0.0,0.0,1.0,0.0,0.0,2.028076534458393,2.759623930385355,2.718804288563988,92.3740734924548,128.21829111332406,170.35431698119558,154.59583486430202,319.82455612628263,456.7235651708853,0.0,0.0,0.0,0.0,1.0,0.0,0.0
2024-10-20 12:21:01.028496,1.0,1.0,1.0,1.0,1.0,1.0,1.0,793183.0,0.06060191579565507,0.03900167157440239,0.03959816335788845,0.027045818015839475,0.03139505892336215,0.028066771771894115,-0.0007248632609844209,0.0006072319423158965,-0.0002893094594279926,-0.0,0.0,0.0,0.0,1.0,0.0,0.0,2.05850062997497,3.0925233200192577,2.7089361154858285,90.90486839486685,149.1593102752292,170.01654299981269,155.16450872633428,425.6865984178396,454.22348777976157,0.0,0.0,0.0,0.0,1.0,0.0,0.0
2024-10-20 12:21:01.032496,1.0,1.0,1.0,1.0,1.0,1.0,1.0,793184.0,0.060987509818192606,0.03913501101148131,0.03986040571620479,0.026829736114304472,0.03191604715477278,0.028066771771894115,-0.0007026086871822677,0.0006104111671447755,-0.0002988471339146297,-0.0,0.0,0.0,0.0,1.0,0.0,0.0,2.1112432354872834,3.4141762813601217,2.6832099542385013,90.34142023844578,167.63647335210032,169.00404605993091,159.54883559415387,535.8767832247587,447.21806643284003,0.0,0.0,0.0,0.0,1.0,0.0,0.0
2024-10-20 12:21:01.113899,1.0,1.0,1.0,1.0,1.0,1.0,1.0,793185.0,0.061582524004157646,0.038733615672373205,0.03966388649582423,0.02697398304697218,0.03221857569203676,0.02782376484498668,-0.0007216840361555419,0.0006008734926581384,-0.00027023411045471834,-0.0,0.0,0.0,0.0,1.0,0.0,0.0,2.1838739276044077,3.7114880071279486,2.643734705228441,90.85882279574517,184.48864439783702,167.33835276219477,168.034182688401,647.5987403840679,436.2690221325853,0.0,0.0,0.0,0.0,1.0,0.0,0.0
2024-10-20 12:21:01.118899,1.0,1.0,1.0,1.0,1.0,1.0,1.0,793186.0,0.06175147500477285,0.039400336158606504,0.03986040571620479,0.02672103991000101,0.03194642892952922,0.02820469285687616,-0.0006962502375245095,0.0006072319423158965,-0.00029248868425687163,-0.0,0.0,0.0,0.0,1.0,0.0,0.0,2.248821613091029,3.97028214478081,2.5935121563924777,91.97036169978,199.61270644284286,165.02537463369768,177.23350578820603,754.6238954790144,421.9720184337884,0.0,0.0,0.0,0.0,1.0,0.0,0.0
2024-10-20 12:21:01.199498,1.0,1.0,1.0,1.0,1.0,1.0,1.0,793187.0,0.06217184388146427,0.03893483061427055,0.03959816335788845,0.026865870455412305,0.03197678183797181,0.027788876097916127,-0.0007216840361555419,0.0006040527174870175,-0.0002511587614814441,-0.0,0.0,0.0,0.0,1.0,0.0,0.0,2.3388579375937715,4.214607466688794,2.5288019140142097,94.04688099340635,213.6853869126305,161.99244048298985,191.3534049687686,861.939817646996,403.757908695089,0.0,0.0,0.0,0.0,1.0,0.0,0.0
2024-10-20 12:21:01.282551,1.0,1.0,1.0,1.0,1.0,1.0,1.0,793188.0,0.0621299349829497,0.03979500713939933,0.04012093401707996,0.02679355304171941,0.03194642892952922,0.02740216826792598,-0.0007121463616689048,0.0006358449657758078,-0.00024797953665256506,-0.0,0.0,0.0,0.0,1.0,0.0,0.0,2.442165208061826,4.44622756418818,2.4502042688037458,97.23626976588558,227.01668080073108,158.26868329455232,209.74288484501443,969.9859737812569,382.02217171016275,0.0,0.0,0.0,0.0,1.0,0.0,0.0
2024-10-20 12:21:01.286551,1.0,1.0,1.0,1.0,1.0,1.0,1.0,793189.0,0.0623809660457355,0.03933417265909616,0.04012093401707996,0.02672103991000101,0.03197678183797181,0.02729575167846423,-0.0007089671368400258,0.0006167696168025336,-0.0002352626373370489,-0.0,0.0,0.0,0.0,1.0,0.0,0.0,2.474930459625781,4.595048417963317,2.3884822720537415,98.16025917690557,237.42862159650167,154.5111497314171,213.72917188114033,1049.0077873445366,363.3500654372998,0.0,0.0,0.0,0.0,1.0,0.0,0.0
2024-10-20 12:21:01.368141,1.0,1.0,1.0,1.0,1.0,1.0,1.0,793190.0,0.06263099095985032,0.03986040571620479,0.04044423444177085,0.02700992441274364,0.03170255949350469,0.02715321414192533,-0.0007089671368400258,0.0006199488416314126,-0.0002352626373370489,-0.0,0.0,0.0,0.0,1.0,0.0,0.0,2.444359524195644,4.470381389806476,2.420540004525073,93.68409158300595,241.55398717250827,152.56949764164023,200.45685183216193,1045.4121151929842,362.6838717889577,0.0,0.0,0.0,0.0,1.0,0.0,0.0
2024-10-20 12:21:01.372137,1.0,1.0,1.0,1.0,1.0,1.0,1.0,793191.0,0.06221372454898335,0.039598163357888454,0.04089256110871732,0.02700992441274364,0.03179422973639322,0.026865870455412305,-0.0007121463616689048,0.0006326657409469288,-0.000241621086994807,-0.0,0.0,0.0,0.0,1.0,0.0,0.0,3.1562903323244855,4.295071609759045,2.46361813064438,92.89563081225641,231.54319875688796,151.0381297236158,222.43421798251015,876.3540226469686,363.82122860072707,0.0,0.0,0.0,0.0,1.0,0.0,0.0
2024-10-20 12:21:01.453167,1.0,1.0,1.0,1.0,1.0,1.0,1.0,793192.0,0.06170928061993169,0.03979500713939933,0.039795007139399326,0.026757321039963047,0.0316106234096681,0.026355481787173698,-0.0007057879120111467,0.0006517410899202031,-0.00021618728836377468,-0.0,0.0,0.0,0.0,1.0,0.0,0.0,4.240840802181547,5.23277568450735,2.4503132030971244,97.72760074404258,218.36391227857197,149.7836916745302,317.52496764302566,723.7802542166064,299.8357196372642,0.0,0.0,0.0,0.0,1.0,0.0,0.0
2024-10-20 12:21:01.456167,1.0,1.0,1.0,1.0,1.0,1.0,1.0,793193.0,0.06115810458448309,0.03933417265909616,0.03986040571620479,0.02697398304697218,0.03185519667586617,0.026428997918226275,-0.0007153255864977838,0.000645382640262445,-0.00020664961387713757,-0.0,0.0,0.0,0.0,1.0,0.0,0.0,4.489430554247805,7.020156342234554,4.573228394302038,107.30382182040684,204.82837167772414,144.1742608057557,359.07909783131856,712.2892662386463,151.57295867186633,0.0,0.0,0.0,0.0,1.0,0.0,0.0
2024-10-20 12:21:01.539358,1.0,1.0,1.0,1.0,1.0,1.0,1.0,793194.0,0.060944786513602064,0.039201510653345636,0.040055960801949016,0.026937993727346517,0.03182472780550264,0.026611899740163612,-0.0007089671368400258,0.0006294865161180497,-0.00019711193939050042,-0.0,0.0,0.0,0.0,1.0,0.0,0.0,6.37813475491952,7.42489092880007,7.908505620438387,109.78923087928177,195.13439551447811,136.7471249779957,208.82797379389746,699.7711296560892,202.8450556056403,0.0,0.0,0.0,0.0,1.0,0.0,0.0
2024-10-20 12:21:01.623082,1.0,1.0,1.0,1.0,1.0,1.0,1.0,793195.0,0.06132822481459091,0.03933417265909615,0.04057283328598263,0.02715321414192533,0.03139505892336215,0.02672103991000101,-0.0007216840361555419,0.0006008734926581384,-0.00020347038904825854,-0.0,0.0,0.0,0.0,1.0,0.0,0.0,9.934748434529356,9.52480562176751,8.59267686617401,107.62375415786666,181.48496475179655,137.3416674091161,301.1166716150633,427.1807988909548,256.7680906627151,122.70202991486236,182.9552585670087,0.3212207709989108,-6.404396815259875,0.003116019654658039,0.0,0.0
2024-10-20 12:21:01.625609,1.0,1.0,1.0,1.0,1.0,1.0,1.0,793196.0,0.06060191579565506,0.03906839817849147,0.04025056580563931,0.02708166404617134,0.0316106234096681,0.026865870455412305,-0.0007216840361555419,0.0006040527174870175,-0.00020347038904825854,-0.0,0.0,0.0,0.0,1.0,0.0,0.0,10.74786292647357,12.246623327905425,12.080208541402914,113.20401766114009,166.64679421647335,132.56306807495542,254.66059648662807,501.4116774010734,110.45265812337885,94.3023123049395,55.891522194366964,0.8067361855592519,-16.111938153482004,0.0014122062522357096,0.0,0.0
2024-10-20 12:21:01.707721,1.0,1.0,1.0,1.0,1.0,1.0,1.0,793197.0,0.0598667957827904,0.039135011011481306,0.04050858489526056,0.02668470945144587,0.03157991857152382,0.02711746269239568,-0.0006835333382089934,0.0006104111671447755,-0.0002257249628504118,-0.0,0.0,0.0,0.0,1.0,0.0,0.0,14.809078554492105,14.342878760127675,13.606429937737161,110.20508603092006,151.91266444052064,133.31811675779784,286.8849219180009,224.36129784903147,217.17324310965037,60.50438711519267,21.238546311421118,1.3609860295350997,-27.204043479049655,0.0005759468250271036,0.0,0.0
2024-10-20 12:21:01.710722,1.0,1.0,1.0,1.0,1.0,1.0,1.0,793198.0,0.059692510709099,0.03866631133712533,0.04050858489526056,0.02672103991000101,0.03151841915858901,0.027260187166059602,-0.0006708164388934773,0.000572260469198227,-0.00022890418767929085,-0.0,0.0,0.0,0.0,1.0,0.0,0.0,16.693475899399864,16.653011743726285,17.650074312596402,111.83645870288932,135.23559348862855,130.0032541234055,147.69616456909176,278.8892419200457,170.31353257925235,28.352452158174778,6.609967032448238,2.048386144949026,-40.96026095983704,0.00018214190624823065,0.0,0.0
2024-10-20 12:21:01.792773,1.0,1.0,1.0,1.0,1.0,1.0,1.0,793199.0,0.05934240498725203,0.03880080326089556,0.04089256110871732,0.02697398304697218,0.03120910432259612,0.027508173183166423,-0.0006771748885512353,0.0005754396940271061,-0.0002352626373370489,-0.0,0.0,0.0,0.0,1.0,0.0,0.0,19.327842575154612,20.56403030385372,19.822603587776147,113.97815402647358,117.66072901482192,130.5543442511141,273.4921660324959,165.34802049619353,42.65505145686394,-3.0715256630205117,-0.5238525077898141,2.799578056391839,-55.99077811033027,1.3984562865274396e-05,0.0,0.0
2024-10-20 12:21:01.875172,1.0,1.0,1.0,1.0,1.0,1.0,1.0,793200.0,0.05951771528052354,0.03906839817849146,0.04076497090344803,0.026538890275460948,0.03170255949350469,0.02782376484498668,-0.0006580995395779611,0.0006008734926581384,-0.00024797953665256506,-0.0,0.0,0.0,0.0,1.0,0.0,0.0,23.212278257909222,23.353744751357414,22.335083403527218,118.37637378027452,113.32785030221406,128.23357405245608,305.358168010038,49.96804793003863,90.25910800478871,-19.558685569501662,-2.5400933384903888,3.6767145459494524,-73.52945913278117,6.570793227879945e-05,0.0,0.0
2024-10-20 12:21:01.879171,1.0,1.0,1.0,1.0,1.0,1.0,1.0,793201.0,0.05960517706948519,0.03933417265909615,0.04037978143756249,0.02613369258354722,0.031763702384431956,0.02782376484498668,-0.0006644579892357192,0.0006135903919736546,-0.000241621086994807,-0.0,0.0,0.0,0.0,1.0,0.0,0.0,26.618592540265205,25.932786649591865,25.78396746544833,122.59291201708461,114.55966086277283,122.37683495741786,201.5329727197949,80.63425283841556,108.4295406738763,-45.03964027966293,-4.647274317160403,4.627944705105274,-92.54820218965492,0.00011551469531135822,0.0,0.0
2024-10-20 12:21:01.960241,1.0,1.0,1.0,1.0,1.0,1.0,1.0,793202.0,0.05943012477643178,0.03893483061427055,0.04095620715673985,0.025984781442148438,0.03185519667586617,0.028307692686654416,-0.0006294865161180497,0.0006072319423158965,-0.0002511587614814441,-0.0,0.0,0.0,0.0,1.0,0.0,0.0,29.78087735706466,28.867626803606875,29.374777656016008,122.64314079902444,119.88333779755965,116.92766705314342,53.15287556956146,149.55897276598932,138.5704849772519,-70.14224175768494,-5.901909827670449,5.6753113199296275,-113.49022422820036,0.00014098055146333726,0.0,0.0
2024-10-20 12:21:01.964237,1.0,1.0,1.0,1.0,1.0,1.0,1.0,793203.0,0.05947393615339293,0.03913501101148131,0.04076497090344803,0.02613369258354722,0.031240173622796498,0.028444445621196364,-0.0006517410899202031,0.0006040527174870175,-0.00023844186216592797,-0.0,0.0,0.0,0.0,1.0,0.0,0.0,33.178169838662306,31.941889246457013,32.61817308412588,117.45685538581623,123.47861597028461,118.54950650948176,-11.068720001366545,41.22986910396629,238.45121198098863,-104.20216674816862,-7.635373418636726,6.517199523509759,-130.32203411330767,0.0001684493225064435,0.0,0.0
2024-10-20 12:21:02.046752,1.0,1.0,1.0,1.0,1.0,1.0,1.0,793204.0,0.05947393615339293,0.03906839817849146,0.04057283328598263,0.026538890275460948,0.03086527796111811,0.028273401102065627,-0.0006676372140645982,0.0006008734926581384,-0.00025433798631032317,-0.0,0.0,0.0,0.0,1.0,0.0,0.0,36.52410328091853,35.6659368162508,35.38813987472336,117.73250357096519,118.8356442145761,123.14243959213465,159.2755196667866,-84.15499104946012,127.55358455123077,-137.38722048055465,-9.029127193574121,7.2664288879836265,-145.30211916406216,0.00018206051430652616,0.0,0.0
2024-10-20 12:21:02.128709,1.0,1.0,1.0,1.0,1.0,1.0,1.0,793205.0,0.05947393615339293,0.03880080326089556,0.03966388649582423,0.026207830867489117,0.030896693010431804,0.028307692686654416,-0.0006771748885512353,0.0006135903919736546,-0.00024797953665256506,-0.0,0.0,0.0,0.0,1.0,0.0,0.0,39.25461093647283,39.37102173457908,38.7671774667674,121.71263453100082,118.62448754243553,119.52039544990157,101.7182795614576,47.321457331508846,-47.93099834787022,-183.44444999514243,-10.873000138967763,8.057210895867605,-161.1115090205785,0.00020297902832846696,0.0,0.0
2024-10-20 12:21:02.132711,1.0,1.0,1.0,1.0,1.0,1.0,1.0,793206.0,0.06004057494595437,0.03893483061427055,0.03979500713939933,0.026901956261409284,0.031022035078891817,0.02799755644637631,-0.0007057879120111467,0.0006294865161180497,-0.00022254573802153277,-0.0,0.0,0.0,0.0,1.0,0.0,0.0,42.289419542918395,42.74460892154465,42.13075021001718,118.78810393995155,119.40943492554666,121.66375442694252,101.393358898227,-51.663148916412496,-36.072427097852675,-225.71657285726812,-12.293643943556944,8.768316200352777,-175.329178913582,0.00021181429036516727,0.0,0.0
2024-10-20 12:21:02.214251,1.0,1.0,1.0,1.0,1.0,1.0,1.0,793207.0,0.060515894580122104,0.0387336156723732,0.03933417265909616,0.027224576194402335,0.03130221970899244,0.02782376484498668,-0.0007407593851288161,0.0006072319423158965,-0.0002034703890482585,-0.0,0.0,0.0,0.0,1.0,0.0,0.0,45.26365130879021,45.420021152156934,46.351400229161406,122.07202333488418,119.57210879555217,118.05631850638565,-120.16467009374539,155.0069885790756,-115.52309936213831,-271.3840843729904,-13.544618093907241,9.568720067244843,-191.33260844257458,0.00021838292910967522,0.0,0.0
2024-10-20 12:21:02.218254,1.0,1.0,1.0,1.0,1.0,1.0,1.0,793208.0,0.06073071916263211,0.03832801689680105,0.03940033615860651,0.027224576194402335,0.0316106234096681,0.027962884536546752,-0.0007502970596154533,0.0006294865161180497,-0.00020664961387713757,-0.0,0.0,0.0,0.0,1.0,0.0,0.0,49.50509209443899,48.841692954484664,48.37160028996535,119.21712143481098,118.63596286122362,121.88395548682988,65.72054215992178,-180.03740798147157,-42.187280255586415,-311.8373288526775,-14.506480518199119,10.266021556497975,-205.27564462743095,0.00021812979001697318,0.0,0.0
2024-10-20 12:21:02.299717,1.0,1.0,1.0,1.0,1.0,1.0,1.0,793209.0,0.0605158945801221,0.03846369171715948,0.039598163357888454,0.026865870455412305,0.03170255949350469,0.028170275891210916,-0.0007312217106421791,0.0006135903919736546,-0.00021936651319265368,-0.0,0.0,0.0,0.0,1.0,0.0,0.0,51.9514767424238,52.234138445913565,52.35745378113718,119.98448214196168,120.01048257201505,119.83921831540384,-82.89722324110264,-23.61173241058287,-120.35374909631408,-351.8234224381586,-15.18346635380444,11.065952576624843,-221.27135716612204,0.00021550050049704857,0.0,0.0
2024-10-20 12:21:02.303718,1.0,1.0,1.0,1.0,1.0,1.0,1.0,793210.0,0.05999717734364805,0.03886787470812279,0.03926789767914727,0.02733126991297999,0.0316106234096681,0.028066771771894115,-0.0007471178347865743,0.0006231280664602917,-0.00021618728836377465,-0.0,0.0,0.0,0.0,1.0,0.0,0.0,55.84492903520312,54.98700698393667,55.53945584389411,120.39437222208724,120.14691632359073,119.07306031594564,-184.7591098746627,-78.76004779847298,-87.20806640326313,-410.4890109556753,-16.635296395906288,11.784435812030258,-235.63639729764975,0.00022198323190841587,0.0,0.0
2024-10-20 12:21:02.384969,1.0,1.0,1.0,1.0,1.0,1.0,1.0,793211.0,0.060127276182378155,0.038666311337125336,0.039400336158606504,0.02782376484498668,0.031240173622796498,0.028135816825234642,-0.0007630139589309693,0.0005913358181715013,-0.00022254573802153277,-0.0,0.0,0.0,0.0,1.0,0.0,0.0,58.04551217947464,58.87548027303449,59.228846631268404,122.04377863181492,118.58705993085003,119.04787534577008,-160.14665885608687,44.62405591179434,-341.1075568884926,-464.3882792559046,-17.653867819279004,12.562608662799844,-251.19602428472885,0.00022347655958699812,0.0,0.0
2024-10-20 12:21:02.467905,1.0,1.0,1.0,1.0,1.0,1.0,1.0,793212.0,0.060343484273697845,0.039729500910396995,0.03906839817849146,0.02792816958270741,0.03142594437984583,0.02799755644637631,-0.0008138815561930341,0.0006263072912891707,-0.00021936651319265374,-0.0,0.0,0.0,0.0,1.0,0.0,0.0,61.87455057923632,62.501109435711825,61.59620256688349,121.04542719948266,117.97210642139055,120.62537978085005,-32.404372425216714,-168.6993878174076,-355.0853479615089,-517.268381731267,-18.614929083772267,13.270666000983427,-265.35417724296855,0.00022283273761699888,0.0,0.0
2024-10-20 12:21:02.471905,1.0,1.0,1.0,1.0,1.0,1.0,1.0,793213.0,0.060987509818192606,0.03979500713939933,0.039135011011481306,0.027718966864906235,0.03227874115189541,0.02764888086939877,-0.0007693724085887276,0.000642203415433566,-0.00024480031182368605,-0.0,0.0,0.0,0.0,1.0,0.0,0.0,65.43207354532622,65.03011607719014,65.21644755687994,120.81270650831796,118.6422892265995,120.0579947269107,-162.47006267794828,-167.24739602205236,-277.9761093867016,-554.9058878167592,-18.859431988648666,14.051597721279704,-280.9713942073885,0.00021549228567007323,0.0,0.0
2024-10-20 12:21:02.553415,1.0,1.0,1.0,1.0,1.0,1.0,1.0,793214.0,0.061370681188533435,0.03966388649582423,0.039201510653345636,0.027508173183166423,0.03233879467572394,0.02775394349316061,-0.0007725516334176067,0.0006358449657758078,-0.00023208341250816988,-0.0,0.0,0.0,0.0,1.0,0.0,0.0,68.13486935123588,68.12340136470388,68.93753024757655,121.37939413076803,118.87832383405659,119.08392842103574,-282.55932007217064,-63.270518073291576,-358.1826198723919,-608.0769873732918,-19.626769967984952,14.79599686044241,-295.85650153973904,0.00021436767562015856,0.0,0.0
2024-10-20 12:21:02.557413,1.0,1.0,1.0,1.0,1.0,1.0,1.0,793215.0,0.062129934982949706,0.040055960801949016,0.039925697169818586,0.027613771165243314,0.032667115729434024,0.027437548745241652,-0.0007693724085887275,0.000642203415433566,-0.00025433798631032317,-0.0,0.0,0.0,0.0,1.0,0.0,0.0,71.11022906113502,71.36087219770381,72.27241157200729,121.23837343651911,119.33679161651514,118.66043376333728,-350.15665648333635,-54.146122910610984,-382.4124097267297,-657.8608413818805,-20.230021456581795,15.529980328961898,-310.5339408479621,0.00021141601561907843,0.0,0.0
2024-10-20 12:21:02.638059,1.0,1.0,1.0,1.0,1.0,1.0,1.0,793216.0,0.061751475004772835,0.03979500713939933,0.040185802182344105,0.02708166404617134,0.032398736885968185,0.02715321414192533,-0.0007471178347865742,0.0006167696168025336,-0.0002638756607969603,-0.0,0.0,0.0,0.0,1.0,0.0,0.0,74.6524898293378,74.58584639476165,75.1707973608507,120.56159239714086,119.22003447857803,119.36734359908887,-323.2273184356156,-175.03111801231194,-374.0870327941974,-709.9622004690319,-20.834658233132984,16.273495366960766,-325.4020076029467,0.00020862062739912527,0.0,0.0
2024-10-20 12:21:02.721875,1.0,1.0,1.0,1.0,1.0,1.0,1.0,793217.0,0.06179364057814277,0.04050858489526056,0.03999088202492748,0.02700992441274364,0.03197678183797181,0.02715321414192533,-0.000731221710642179,0.0006358449657758078,-0.0002638756607969603,-0.0,0.0,0.0,0.0,1.0,0.0,0.0,77.74237634918109,78.13454598981511,78.02895503905341,120.30691050481158,118.33642177630423,120.29657263659057,-225.6003383704544,-263.61591151227327,-456.68126665949814,-758.5620865103185,-21.29519247715712,17.011395533565448,-340.1582000436644,0.0002048939121632059,0.0,0.0
2024-10-20 12:21:02.725876,1.0,1.0,1.0,1.0,1.0,1.0,1.0,793218.0,0.061582524004157646,0.04133602555253029,0.03946638873835309,0.02679355304171941,0.032097906445255474,0.026611899740163612,-0.0007280424858133,0.0006549203147490821,-0.00025433798631032317,-0.0,0.0,0.0,0.0,1.0,0.0,0.0,80.64384026394492,81.0607395946802,81.70955450751119,121.46471732005692,118.39469791735065,118.98844789516247,-347.5828020723241,-102.05698957501161,-527.8118827982764,-794.3111951166329,-21.370454158643735,17.750241303811,-354.9345805687814,0.0001978719788543364,0.0,0.0
2024-10-20 12:21:02.807507,1.0,1.0,1.0,1.0,1.0,1.0,1.0,793219.0,0.06254776037030932,0.04152463197171362,0.03913501101148131,0.02679355304171941,0.03218845078999174,0.026281760015388615,-0.0007598347341020903,0.0006612787644068402,-0.00023844186216592797,-0.0,0.0,0.0,0.0,1.0,0.0,0.0,84.80121291354077,83.64261433848009,84.44443183736745,119.47187254590328,119.28108307221724,119.93307584449009,-355.7314326961074,-346.6318419999456,-297.465262592455,-827.8758340001092,-21.418513240762696,18.458659764983114,-369.102737710148,0.00019085239776697515,0.0,0.0
2024-10-20 12:21:02.811506,1.0,1.0,1.0,1.0,1.0,1.0,1.0,793220.0,0.06333403500029182,0.04108320345271294,0.03926789767914727,0.026392265450275895,0.03185519667586617,0.026170787978491077,-0.0007598347341020903,0.0006294865161180497,-0.00023526263733704888,-0.0,0.0,0.0,0.0,1.0,0.0,0.0,87.4631748597402,87.33145238625517,87.15845171555316,120.51454094219542,119.03297560649176,120.31701294325244,-478.33624670240766,-539.9798248848936,-640.1353547999785,-1074.2826116556678,-26.897502999040622,19.07427914229086,-381.3976068977902,0.00023061408342265339,0.0,0.0
2024-10-20 12:21:02.892394,1.0,1.0,1.0,1.0,1.0,1.0,1.0,793221.0,0.06362126565754132,0.04114655461363214,0.03946638873835309,0.026244821472867705,0.032308781866774994,0.025984781442148438,-0.0007471178347865742,0.000645382640262445,-0.00024162108699480697,-0.0,0.0,0.0,0.0,1.0,0.0,0.0,90.3098060236948,90.26717433277845,89.4569648751584,121.58683565489893,121.0282957519938,123.97033003040762,-1064.2841842498524,-1424.3046303157905,-1352.388672232333,-1830.5890448933603,-44.518299738054495,19.640578615058427,-392.6663376349988,0.0003697311291489901,0.0,0.0
2024-10-20 12:21:02.896394,1.0,1.0,1.0,1.0,1.0,1.0,1.0,793222.0,0.06333403500029183,0.04012093401707996,0.03979500713939933,0.026428997918226275,0.032368779656366614,0.025759800744833576,-0.0007471178347865742,0.0006072319423158965,-0.000244800311823686,-0.0,0.0,0.0,0.0,1.0,0.0,0.0,92.0309479439946,92.25867687629894,92.86759570950228,125.97782748946652,123.02743521512578,125.75762014875933,-1963.4248935436694,-1867.3672298844544,-2274.98923645937,-2613.141463686503,-61.757838028954524,20.212957672313003,-404.0566129427423,0.0005010164934824538,0.0,0.0
2024-10-20 12:21:02.978306,1.0,1.0,1.0,1.0,1.0,1.0,1.0,793223.0,0.06296281310184383,0.040315225390783915,0.03986040571620479,0.026059343378600053,0.03203740138402003,0.026244821472867705,-0.0007439386099576951,0.0006008734926581384,-0.00025115876148144406,-0.0,0.0,0.0,0.0,1.0,0.0,0.0,93.88012138528028,94.0956964757217,94.40563360150927,137.81747209856562,131.6976991590211,135.38234936115774,-3509.843220500743,-3225.1522661940094,-3846.2733556544454,-4144.579411832462,-95.94491324528302,20.64111344686991,-412.50564190538756,0.0007669814732271079,0.0,0.0
2024-10-20 12:21:03.060705,1.0,1.0,1.0,1.0,1.0,1.0,1.0,793224.0,0.06250610351562501,0.04037978143756249,0.03946638873835309,0.025835012001953723,0.03203740138402003,0.026244821472867705,-0.0007248632609844209,0.0006167696168025336,-0.00023526263733704888,-0.0,0.0,0.0,0.0,1.0,0.0,0.0,95.64685176396176,95.16062037862257,95.00730754052032,149.39119588524085,145.3464396683811,148.66253207183414,-5167.859559677552,-5062.076136925515,-5360.260543596486,-5857.131559071002,-133.15826049944445,21.024187459482526,-420.03767688280016,0.0010608550454329151,0.0,0.0
2024-10-20 12:21:03.064704,1.0,1.0,1.0,1.0,1.0,1.0,1.0,793225.0,0.06196201593269157,0.04063698009803076,0.03880080326089556,0.025984781442148438,0.03170255949350469,0.026355481787173698,-0.0007216840361555419,0.0006199488416314126,-0.00021300806353489565,-0.0,0.0,0.0,0.0,1.0,0.0,0.0,96.3847844716922,95.46728600658126,95.26968666491558,162.1436051703075,160.44293496015334,161.65562016539738,-6877.5922221533665,-6852.344477410083,-6892.061776670414,-7575.237757962437,-171.22889414382564,21.152089195324688,-422.46486738274456,0.001363734140920666,0.0,0.0
2024-10-20 12:21:03.146337,1.0,1.0,1.0,1.0,1.0,1.0,1.0,793226.0,0.061877885526025446,0.041461858493688546,0.03859888964444313,0.025759800744833576,0.032097906445255474,0.026611899740163612,-0.0007057879120111467,0.0006580995395779611,-0.0002034703890482585,-0.0,0.0,0.0,0.0,1.0,0.0,0.0,96.20480531112898,95.15493233549019,95.19465942257732,174.98738734204923,172.948992776703,174.6701223172632,-8510.986282797783,-8409.488627514429,-8482.551702992323,-9203.760088360748,-208.2570990378341,21.13645492073674,-422.0237158383919,0.0016686397482173993,0.0,0.0
2024-10-20 12:21:03.150336,1.0,1.0,1.0,1.0,1.0,1.0,1.0,793227.0,0.06158252400415764,0.04133602555253029,0.038733615672373205,0.025494814117130813,0.03254810944778678,0.02668470945144587,-0.0006898917878667515,0.0006803541133801144,-0.00021618728836377465,-0.0,0.0,0.0,0.0,1.0,0.0,0.0,95.2663237963488,94.32023836190972,94.51989156472017,187.95195545831933,184.87852236869867,187.51799831256355,-10028.697868398946,-9880.35444568966,-10141.397501636819,-10783.184530457986,-244.09897228695164,21.134402653727104,-421.8445749809131,0.0019955096613061777,0.0,0.0
2024-10-20 12:21:03.231632,1.0,1.0,1.0,1.0,1.0,1.0,1.0,793228.0,0.06183577739898077,0.04089256110871732,0.03866631133712533,0.025380401509347835,0.03179422973639322,0.026865870455412305,-0.0006676372140645982,0.0006580995395779611,-0.00022572496285041177,-0.0,0.0,0.0,0.0,1.0,0.0,0.0,93.39103382691891,93.35007408102314,93.14381999642058,198.61674023022533,195.7046076087065,201.36075294765666,-11266.115585765157,-11391.919432746825,-11804.217442506177,-12277.51313375014,-281.94675439269884,20.8404085156849,-415.82891953927066,0.002349403980469699,0.0,0.0
2024-10-20 12:21:03.314424,1.0,1.0,1.0,1.0,1.0,1.0,1.0,793229.0,0.06120067897500959,0.04114655461363215,0.03825999906698716,0.02522704420499114,0.03185519667586617,0.026937993727346517,-0.0006231280664602917,0.0006803541133801144,-0.00022890418767929085,-0.0,0.0,0.0,0.0,1.0,0.0,0.0,91.03168381288327,91.83665806789497,90.72210597328618,208.43750602112542,207.85954246635765,211.5817939507882,-12529.201860492605,-12861.926431283635,-13076.215911027426,-13627.5224422301,-319.6038781153811,20.414447685565847,-407.17044578420206,0.0027395008288804614,0.0,0.0
2024-10-20 12:21:03.318423,1.0,1.0,1.0,1.0,1.0,1.0,1.0,793230.0,0.0606878150815704,0.04076497090344803,0.03832801689680105,0.025303839037745666,0.03254810944778678,0.027437548745241652,-0.0006167696168025336,0.0006930710126956305,-0.00024480031182368605,-0.0,0.0,0.0,0.0,1.0,0.0,0.0,88.69443541991102,88.59556283782034,88.70289552780298,214.51483285396077,213.2665193795149,215.21436226334964,-13466.195624200587,-13347.747183848347,-13640.345653006989,-14281.874163664652,-341.12224312172236,20.051248092261865,-399.8034573698393,0.003045956216235333,0.0,0.0
2024-10-20 12:21:03.399443,1.0,1.0,1.0,1.0,1.0,1.0,1.0,793231.0,0.0606878150815704,0.04108320345271294,0.03893483061427055,0.025150014882560457,0.032308781866774994,0.027508173183166423,-0.0006072319423158965,0.0006930710126956305,-0.00023208341250816988,-0.0,0.0,0.0,0.0,1.0,0.0,0.0,85.96751260889133,85.50155911654444,86.52325244881979,217.28925453902139,214.6757073459724,217.27155912005946,-13496.801373154653,-13145.038404794832,-13677.70253874189,-14220.13542921417,-348.9384823185465,19.520984349237096,-389.15825447928825,0.003230965413644647,0.0,0.0
2024-10-20 12:21:03.403953,1.0,1.0,1.0,1.0,1.0,1.0,1.0,793232.0,0.06115810458448309,0.041587310697157,0.03900167157440239,0.024917498197257262,0.03227874115189541,0.02789341142414604,-0.0005849773685137433,0.000731221710642179,-0.00025751721113920217,-0.0,0.0,0.0,0.0,1.0,0.0,0.0,83.68271240529214,83.32482727206634,82.65181560543695,217.05663980216414,217.0683224051582,219.26455826921642,-13217.886851881894,-13394.695699697433,-13357.930002783994,-14084.046527328339,-356.7806225101417,18.91287590003714,-376.9620010958129,0.0034249600953795106,0.0,0.0
2024-10-20 12:21:03.485542,1.0,1.0,1.0,1.0,1.0,1.0,1.0,793233.0,0.061582524004157646,0.0419614169784043,0.03859888964444313,0.025034026493987453,0.03197678183797181,0.02768394604629166,-0.0006040527174870175,0.0007439386099576951,-0.00022254573802153277,-0.0,0.0,0.0,0.0,1.0,0.0,0.0,80.92470500590906,80.52827946182128,80.23993067088976,217.7242097210705,218.2435828431103,218.42120593906878,-12787.109626685135,-12825.281075973437,-12761.421421816687,-13532.297283137816,-354.503608696255,18.290385723446267,-364.52074695449966,0.003518153017341594,0.0,0.0
2024-10-20 12:21:03.568357,1.0,1.0,1.0,1.0,1.0,1.0,1.0,793234.0,0.062255577042481754,0.04220897910845451,0.03900167157440239,0.025034026493987453,0.03194642892952922,0.027543417493819798,-0.0006135903919736546,0.0007598347341020903,-0.00023844186216592797,-0.0,0.0,0.0,0.0,1.0,0.0,0.0,77.53233698282493,78.7039560874041,77.98556837311742,215.45915057556817,215.41875800323984,218.84415940807557,-11760.521452577546,-12145.057906510145,-12340.463856245964,-12799.028382375753,-346.6571524649726,17.691387572756266,-352.5723244440013,0.0035481304277605076,0.0,0.0
2024-10-20 12:21:03.571877,1.0,1.0,1.0,1.0,1.0,1.0,1.0,793235.0,0.06166705736447839,0.0420853800755884,0.03979500713939933,0.025150014882560457,0.03203740138402003,0.027508173183166423,-0.0006135903919736546,0.0007630139589309693,-0.00025433798631032317,-0.0,0.0,0.0,0.0,1.0,0.0,0.0,75.94335938769701,76.01250784784487,75.86334950382265,209.91164345224053,209.94888299866076,212.09078859574444,-10944.794760486147,-11077.223609952303,-11179.402304923258,-11748.015850643833,-327.5009346022938,17.186632854641406,-342.549519088696,0.0034420296696236665,0.0,0.0
2024-10-20 12:21:03.652926,1.0,1.0,1.0,1.0,1.0,1.0,1.0,793236.0,0.061582524004157646,0.04139898983206046,0.03966388649582423,0.02564657030330141,0.0316106234096681,0.027437548745241652,-0.0006390241906046868,0.0007439386099576951,-0.00025115876148144406,-0.0,0.0,0.0,0.0,1.0,0.0,0.0,73.46444047424572,74.592013465975,74.23996462128042,203.83018394104195,202.7637567043434,205.86117603008512,-9864.252811543802,-10045.788657036686,-10382.488491323864,-10743.190279540671,-306.2299105655311,16.806002928232875,-335.0094380541851,0.003304237525172262,0.0,0.0
2024-10-20 12:21:03.656880,1.0,1.0,1.0,1.0,1.0,1.0,1.0,793237.0,0.06217184388146426,0.04108320345271294,0.03986040571620479,0.02613369258354722,0.03145679951185349,0.02736674204979371,-0.0006867125630378724,0.000731221710642179,-0.00024480031182368605,-0.0,0.0,0.0,0.0,1.0,0.0,0.0,73.1480099255985,73.16559255839374,72.34813779792377,192.42071217974242,193.5473934343851,195.22641241116293,-8577.329327585274,-8915.233565588449,-8784.257675858342,-9362.824791133464,-269.02372464712636,16.66668244681684,-332.3438887258341,0.0029692778201689946,0.0,0.0
2024-10-20 12:21:03.738606,1.0,1.0,1.0,1.0,1.0,1.0,1.0,793238.0,0.06208799779627258,0.041461858493688546,0.04025056580563931,0.02613369258354722,0.03170255949350469,0.02740216826792598,-0.0007121463616689048,0.0007185048113266629,-0.00023844186216592791,-0.0,0.0,0.0,0.0,1.0,0.0,0.0,72.42559201653167,72.18938119959164,72.30480788141799,182.17302185203923,182.77639524913553,180.76383258340664,-7433.378359468086,-7297.34830298578,-7251.174353932256,-7891.259438649525,-229.0921241944412,16.488442514337724,-328.93307475267324,0.002534428383258302,0.0,0.0
2024-10-20 12:21:03.743604,1.0,1.0,1.0,1.0,1.0,1.0,1.0,793239.0,0.06179364057814277,0.04108320345271294,0.04044423444177086,0.025984781442148438,0.03197678183797181,0.027578616763765378,-0.0006930710126956305,0.0007153255864977838,-0.00025115876148144406,-0.0,0.0,0.0,0.0,1.0,0.0,0.0,72.38217460962623,72.2873821762486,72.22121407580929,171.75755106293644,169.25781380069225,170.45140375148247,-6239.90791046579,-6116.515440048065,-6333.002365558283,-6759.683684824245,-198.96484418781517,16.25669088642173,-324.43030121297227,0.0021637752737549876,0.0,0.0
2024-10-20 12:21:03.824158,1.0,1.0,1.0,1.0,1.0,1.0,1.0,793240.0,0.06300416799175533,0.041649895097796784,0.0402505658056393,0.025797433782787597,0.03151841915858901,0.02700992441274364,-0.0007089671368400258,0.0007057879120111467,-0.0002289041876792908,-0.0,0.0,0.0,0.0,1.0,0.0,0.0,72.58280085969741,72.47041738802655,72.50032940484893,166.78806865302644,165.48265328708158,167.03404463101214,-5794.12530830082,-5783.962364582762,-5931.023037389518,-6356.267129714423,-187.48453126990876,16.22019120762454,-323.7487358944426,0.002019360467650847,0.0,0.0
2024-10-20 12:21:03.907535,1.0,1.0,1.0,1.0,1.0,1.0,1.0,793241.0,0.062339197734359704,0.041712385598201944,0.039925697169818586,0.025872535641194412,0.03148762440853117,0.027260187166059602,-0.0006898917878667515,0.0007153255864977838,-0.00024797953665256506,-0.0,0.0,0.0,0.0,1.0,0.0,0.0,72.93391960222539,72.73817819559387,72.84068950354488,165.97167355416624,164.84932723973353,165.542798893994,-5747.798079824819,-5678.687608247942,-5806.063889421277,-6263.699563100474,-184.50238072305942,16.241546368801814,-324.19053139688555,0.0019714747740425206,0.0,0.0
2024-10-20 12:21:03.910535,1.0,1.0,1.0,1.0,1.0,1.0,1.0,793242.0,0.0623391977343597,0.04294310334623297,0.03966388649582423,0.025984781442148438,0.03212811624624381,0.026865870455412305,-0.0007026086871822677,0.0007566555092732113,-0.0002289041876792908,-0.0,0.0,0.0,0.0,1.0,0.0,0.0,73.05532265399994,73.22481006451356,73.32791734558558,166.21062014978207,164.2057530469934,165.79950837984657,-5712.795195347658,-5643.868224266981,-5897.310200142245,-6273.424539779732,-184.25044724829547,16.288726047679873,-325.1378351145402,0.0019543757970808128,0.0,0.0
2024-10-20 12:21:03.991828,1.0,1.0,1.0,1.0,1.0,1.0,1.0,793243.0,0.06254776037030932,0.04251640472283597,0.04012093401707996,0.025947420126718565,0.03284481667269478,0.02679355304171941,-0.0007121463616689048,0.0007534762844443322,-0.00024797953665256506,-0.0,0.0,0.0,0.0,1.0,0.0,0.0,73.94722703515733,73.9936037187992,73.36848342760477,159.64467399887272,160.36719029438643,162.54506956710188,-5290.760249832165,-5565.119469343048,-5500.458554071911,-5965.21144136285,-173.29919228559834,16.46511404060782,-328.700742903621,0.001826704349122024,0.0,0.0
2024-10-20 12:21:03.995824,1.0,1.0,1.0,1.0,1.0,1.0,1.0,793244.0,0.0622974014187429,0.04269979768643891,0.0402505658056393,0.026022089115979988,0.033168129149298335,0.026901956261409284,-0.0007057879120111467,0.0007693724085887275,-0.0002734133352835974,-0.0,0.0,0.0,0.0,1.0,0.0,0.0,74.89581691515684,73.92735684818118,74.82232750051193,155.84520704586083,155.08570568556675,153.74045391287643,-5237.353658712584,-4941.2388993780305,-5024.975702337828,-5569.949456151174,-160.5705628834311,16.59017788090667,-331.2506250708104,0.0016664455055643724,0.0,0.0
2024-10-20 12:21:04.077701,1.0,1.0,1.0,1.0,1.0,1.0,1.0,793245.0,0.0630454957548034,0.04227064309912445,0.03953233095432663,0.025494814117130813,0.03337224263981984,0.02718891858094095,-0.0006739956637223563,0.0007502970596154533,-0.0002638756607969603,-0.0,0.0,0.0,0.0,1.0,0.0,0.0,74.80772043313107,75.91061193826555,75.55839308941381,153.21009514589284,149.71776236709712,154.313114364003,-4681.581399420736,-4806.847030222828,-5224.230294562005,-5406.203460784317,-155.03133985138123,16.676317874128166,-333.0000263053276,0.0015780797092271575,0.0,0.0
2024-10-20 12:21:04.161008,1.0,1.0,1.0,1.0,1.0,1.0,1.0,793246.0,0.06292143103158183,0.04276075388833108,0.039135011011481306,0.025150014882560457,0.03363285413230715,0.02733126991297999,-0.0006580995395779611,0.0007566555092732115,-0.0002765925601124764,-0.0,0.0,0.0,0.0,1.0,0.0,0.0,76.99315028485925,76.32589958512338,75.84081425489182,150.08941011608186,150.43624645648723,151.02133239143734,-4762.370291206575,-4894.797373822736,-4750.9617716596385,-5306.898658592676,-150.38069071781328,16.87507930198269,-336.992395754194,0.0015087048669453727,0.0,0.0
2024-10-20 12:21:04.165007,1.0,1.0,1.0,1.0,1.0,1.0,1.0,793247.0,0.06296281310184383,0.043003714672582107,0.03926789767914727,0.024956401418756297,0.033546208593426816,0.027543417493819798,-0.000642203415433566,0.0007439386099576953,-0.00029566790908575063,-0.0,0.0,0.0,0.0,1.0,0.0,0.0,77.3922689295955,77.04717721835704,77.5673369753107,150.30668528210697,149.24456665910844,150.01935297720118,-4757.730654392765,-4643.796608959244,-4790.182591052659,-5240.513052312489,-147.1839618401164,17.02495413842711,-340.0045274711988,0.0014524423775895002,0.0,0.0
2024-10-20 12:21:04.246276,1.0,1.0,1.0,1.0,1.0,1.0,1.0,793248.0,0.06333403500029182,0.043003714672582107,0.03880080326089555,0.02507274890923307,0.03406277598114669,0.02764888086939877,-0.000645382640262445,0.0007789100830753646,-0.00029566790908575063,-0.0,0.0,0.0,0.0,1.0,0.0,0.0,78.4649431355347,78.09443348394775,78.2667581021766,151.03878094588578,149.49084965461435,150.70540048682,-4892.599898935635,-4835.231354866254,-4988.688827604974,-5424.0330518875,-151.20897078286632,17.15235346303091,-342.54383211483315,0.0014669623817794486,0.0,0.0
2024-10-20 12:21:04.250272,1.0,1.0,1.0,1.0,1.0,1.0,1.0,793249.0,0.0639072053708868,0.04318503823719134,0.039729500910396995,0.025150014882560457,0.03394866250806731,0.02768394604629166,-0.0006803541133801144,0.0007725516334176067,-0.0002988471339146297,-0.0,0.0,0.0,0.0,1.0,0.0,0.0,78.9561345251172,78.88438766874769,79.66784720470025,153.14969532680092,150.8688399518119,151.75092853903206,-5258.228112294418,-5001.944989529329,-5356.458390744198,-5734.815009552141,-158.35503965894165,17.317606869751675,-345.82700687781255,0.0015161751885538143,0.0,0.0
2024-10-20 12:21:04.330133,1.0,1.0,1.0,1.0,1.0,1.0,1.0,793250.0,0.06279712120117677,0.0436051944382425,0.040185802182344105,0.025150014882560457,0.03403428348265909,0.028066771771894115,-0.0006390241906046868,0.000801164656877518,-0.00030202635874350875,-0.0,0.0,0.0,0.0,1.0,0.0,0.0,79.34578023192856,80.447551708073,79.9431418059853,154.38621301629726,151.64234721687302,155.3434015347935,-5248.816615324349,-5375.944824974295,-5752.006315271863,-5999.011606150543,-163.68241737270705,17.526522164028385,-349.9846957699115,0.001556919009797288,0.0,0.0
2024-10-20 12:21:04.334132,1.0,1.0,1.0,1.0,1.0,1.0,1.0,793251.0,0.06325172952692261,0.0440213406934204,0.03979500713939933,0.025034026493987453,0.034204882463775475,0.02799755644637631,-0.0006771748885512353,0.0008329569051663084,-0.00029566790908575063,-0.0,0.0,0.0,0.0,1.0,0.0,0.0,80.95957297119556,81.04812915622597,79.88713537604971,153.72204267145153,154.49098925281814,155.84607012821388,-5447.967717114907,-5771.243567272127,-5612.420956560131,-6158.7667963548465,-166.1208867107874,17.729365807773753,-354.0306815349279,0.0015698097342632328,0.0,0.0
2024-10-20 12:21:04.416410,1.0,1.0,1.0,1.0,1.0,1.0,1.0,793252.0,0.0639072053708868,0.04294310334623297,0.04025056580563931,0.024917498197257262,0.033661686417184034,0.028170275891210916,-0.0006517410899202031,0.0007820893079042436,-0.00030520558357238775,-0.0,0.0,0.0,0.0,1.0,0.0,0.0,81.96993350586429,80.81932998599748,81.16149400450378,155.32632274041285,155.03339821294858,154.0124435689976,-5802.107723398593,-5618.260382439981,-5581.999106430543,-6221.509676976015,-166.09868289583736,17.912179784176583,-357.68520303285646,0.0015586954167590315,0.0,0.0
2024-10-20 12:21:04.500615,1.0,1.0,1.0,1.0,1.0,1.0,1.0,793253.0,0.06296281310184383,0.04282162331969714,0.040315225390783915,0.024995244090384144,0.033226575237181734,0.028170275891210916,-0.0006294865161180497,0.0007693724085887276,-0.0003179224828879039,-0.0,0.0,0.0,0.0,1.0,0.0,0.0,81.85455763109564,81.56194718244005,82.24709745236858,156.00624167077612,153.19431172181172,154.45114649772034,-5732.001255323794,-5471.372173722071,-5827.594066299219,-6235.0736040771,-164.9317350660737,18.077901116459866,-361.00127761335614,0.0015398488802837145,0.0,0.0
2024-10-20 12:21:04.503563,1.0,1.0,1.0,1.0,1.0,1.0,1.0,793254.0,0.06258938949995635,0.04263875434188018,0.039925697169818586,0.02507274890923307,0.03331405211143558,0.02810131550407159,-0.0006072319423158965,0.0007502970596154532,-0.00031156403323014586,-0.0,0.0,0.0,0.0,1.0,0.0,0.0,82.37000526438881,82.50834404391254,82.48274170089289,155.72825609632787,153.17263155797755,155.11070882713327,-5688.789601034556,-5617.413323933798,-5911.383522535216,-6302.217708097528,-165.62375818045714,18.196137479629627,-363.3642099554834,0.0015347752723193506,0.0,0.0
2024-10-20 12:21:04.585616,1.0,1.0,1.0,1.0,1.0,1.0,1.0,793255.0,0.06217184388146427,0.043003714672582107,0.040055960801949016,0.025188558989287076,0.03310957989067469,0.028032185471914422,-0.0006135903919736546,0.0007757308582464856,-0.0003179224828879039,-0.0,0.0,0.0,0.0,1.0,0.0,0.0,83.02169008633234,82.90738208052632,83.10675921230174,156.09227020486887,154.2850510293518,155.17099938345387,-5855.668893816374,-5721.773189890874,-5954.94222978749,-6413.104566803008,-167.199482972686,18.341902887190063,-366.2728882500121,0.0015406511997834327,0.0,0.0
2024-10-20 12:21:04.588620,1.0,1.0,1.0,1.0,1.0,1.0,1.0,793256.0,0.06292143103158183,0.042882406350036345,0.04012093401707996,0.025494814117130813,0.032874340109372714,0.028170275891210916,-0.0006549203147490821,0.0007789100830753646,-0.000321101707716783,-0.0,0.0,0.0,0.0,1.0,0.0,0.0,83.1289960948895,83.501506427332,83.40542618682345,157.61850742653522,156.39077798663817,159.3119975624957,-5980.3273852386255,-6072.394016914631,-6305.630233773007,-6698.272545102535,-175.78221169848544,18.223150974020754,-363.88090993816445,0.0015971703880423723,0.0,0.0
2024-10-20 12:21:04.670727,1.0,1.0,1.0,1.0,1.0,1.0,1.0,793257.0,0.06175147500477284,0.04251640472283598,0.04037978143756249,0.025608715566353565,0.032815266674204355,0.02820469285687616,-0.0006263072912891707,0.0007725516334176067,-0.00031474325805902487,-0.0,0.0,0.0,0.0,1.0,0.0,0.0,83.38116321735201,83.47607248413084,83.01272397052634,168.3998827983592,167.68626320639603,167.73149500120735,-7131.371572739119,-7119.074591005657,-7219.895779058941,-7763.663530263795,-205.23328120262377,18.09540596913997,-361.235396160872,0.001858823236888549,0.0,0.0
2024-10-20 12:21:04.752730,1.0,1.0,1.0,1.0,1.0,1.0,1.0,793258.0,0.06187788552602544,0.04214722489965788,0.04037978143756249,0.02564657030330141,0.03227874115189541,0.028032185471914422,-0.0006135903919736546,0.0007630139589309693,-0.0003083848084012668,-0.0,0.0,0.0,0.0,1.0,0.0,0.0,82.76144555622068,82.65828230771382,82.61803964971993,180.57726155404157,177.0294417708704,180.07031508726698,-8137.424926762429,-8043.21232280952,-8392.926166228024,-8826.685727325228,-233.40293155712797,18.09540596913997,-361.1293110803062,0.0021519503453566674,0.0,0.0
2024-10-20 12:21:04.757727,1.0,1.0,1.0,1.0,1.0,1.0,1.0,793259.0,0.06191996501781567,0.04251640472283598,0.03966388649582423,0.025797433782787597,0.03224867245309928,0.027788876097916127,-0.0006231280664602917,0.0007789100830753646,-0.00031474325805902487,-0.0,0.0,0.0,0.0,1.0,0.0,0.0,81.97483629828629,81.80765106212131,81.12563828094626,186.91564220436004,188.12132308143367,190.7554396310468,-8633.82604407998,-8992.796338030881,-8887.047859021539,-9494.921179158417,-252.9405788054754,17.96593884329703,-358.46291972625403,0.0023818881583410586,0.0,0.0
2024-10-20 12:21:04.838358,1.0,1.0,1.0,1.0,1.0,1.0,1.0,793260.0,0.06217184388146427,0.04220897910845451,0.039598163357888454,0.026170787978491077,0.032308781866774994,0.027613771165243314,-0.000648561865091324,0.0007725516334176065,-0.00031156403323014586,-0.0,0.0,0.0,0.0,1.0,0.0,0.0,80.79149264022473,79.60061725487726,80.57165222695365,197.8301920286249,195.47103464614125,195.38152314507957,-9420.539207125985,-8979.259177041584,-9220.260384339086,-9879.11476329831,-267.6821607128882,17.66674255241826,-352.427657583984,0.0025675176442104515,0.0,0.0
2024-10-20 12:21:04.842370,1.0,1.0,1.0,1.0,1.0,1.0,1.0,793261.0,0.06208799779627258,0.04164989509779679,0.040055960801949016,0.02613369258354722,0.031641298451732976,0.027472883658460283,-0.0006390241906046868,0.0007216840361555419,-0.0003306393822034201,-0.0,0.0,0.0,0.0,1.0,0.0,0.0,78.63979396352465,78.49865461620126,78.69814977876291,202.3390092406114,203.26315746745746,205.11989996518696,-9383.547574099992,-9492.747046785013,-9580.25645425284,-10170.444410145392,-282.2694905208295,17.251278741289337,-344.0704480663371,0.002768278148458783,0.0,0.0
2024-10-20 12:21:04.924627,1.0,1.0,1.0,1.0,1.0,1.0,1.0,793262.0,0.061370681188533435,0.041461858493688546,0.03966388649582423,0.026207830867489117,0.03142594437984583,0.02715321414192533,-0.0006580995395779611,0.0007185048113266629,-0.00029248868425687163,-0.0,0.0,0.0,0.0,1.0,0.0,0.0,75.92889282927688,76.66262914119262,76.99194984559688,212.17839703010466,207.97118294031188,213.48112548554195,-9560.509119973813,-9501.075302829437,-10153.547718878865,-10435.103019726599,-298.20836837088706,16.7581777121749,-334.1552558707047,0.003008377134169986,0.0,0.0
2024-10-20 12:21:05.006526,1.0,1.0,1.0,1.0,1.0,1.0,1.0,793263.0,0.06221372454898334,0.04189929789626443,0.03946638873835309,0.025910004937642474,0.031240173622796498,0.02711746269239568,-0.0006676372140645982,0.0007280424858133,-0.0002988471339146297,-0.0,0.0,0.0,0.0,1.0,0.0,0.0,74.11193481865597,74.28254372948493,74.20498521085507,220.1001103587392,217.60437335745635,219.03736485145697,-9968.231416177507,-9840.774662878726,-10139.24846737139,-10690.845114183709,-317.2163993828708,16.144700912557852,-321.8309360541945,0.003292356429271463,0.0,0.0
2024-10-20 12:21:05.010530,1.0,1.0,1.0,1.0,1.0,1.0,1.0,793264.0,0.06263099095985032,0.042023444236177564,0.04012093401707996,0.025984781442148438,0.031178004061435775,0.02718891858094095,-0.0007057879120111467,0.0007185048113266629,-0.0002638756607969603,-0.0,0.0,0.0,0.0,1.0,0.0,0.0,71.93518935550472,71.412013771112,70.86593503834443,225.5804899171745,227.14262773757093,226.29411851758059,-10152.833157617082,-10251.73880358463,-10047.185460634986,-10866.813707715954,-337.0664630800144,15.449271578739832,-307.8633990646294,0.0036313443790815573,0.0,0.0
2024-10-20 12:21:05.093032,1.0,1.0,1.0,1.0,1.0,1.0,1.0,793265.0,0.0623809660457355,0.04152463197171362,0.04082881584609787,0.025722112647481858,0.03095942747707764,0.026865870455412305,-0.0006930710126956305,0.0006898917878667515,-0.00027977178494135546,-0.0,0.0,0.0,0.0,1.0,0.0,0.0,68.93862842907717,67.79285373974052,67.76312041454395,231.77174906797185,234.7908214068037,233.22891623646663,-10324.548835395794,-10375.208094567419,-10066.15823035898,-10975.610249103856,-358.20143511787603,14.689399557497614,-292.5989323331618,0.004047336353457631,0.0,0.0
2024-10-20 12:21:05.097032,1.0,1.0,1.0,1.0,1.0,1.0,1.0,793266.0,0.06208799779627258,0.041336025552530284,0.04114655461363215,0.025342149186916324,0.031084516582433108,0.026611899740163612,-0.0006390241906046868,0.0006803541133801144,-0.00027977178494135546,-0.0,0.0,0.0,0.0,1.0,0.0,0.0,65.12435162960429,64.11569789708084,64.85060576251507,237.73432756776083,239.5731865339799,237.65173645133856,-10256.985259879582,-10043.394945170783,-9983.536957489294,-10812.070972866808,-372.76786912583134,13.91071694894783,-276.975782987017,0.004451805023727566,0.0,0.0
2024-10-20 12:21:05.178366,1.0,1.0,1.0,1.0,1.0,1.0,1.0,793267.0,0.06288002172730621,0.041461858493688546,0.04082881584609787,0.024917498197257262,0.031146872746571578,0.026355481787173698,-0.0006549203147490821,0.0006930710126956305,-0.00025751721113920217,-0.0,0.0,0.0,0.0,1.0,0.0,0.0,60.87259791507847,60.88910653755847,61.32199651260848,239.86711633164583,239.96808676838756,239.76727840231433,-9505.45122994044,-9383.816638323904,-9581.852617573582,-10192.291194972162,-374.4818777449047,13.057100277079309,-259.9036623422654,0.0047420299034332735,0.0,0.0
2024-10-20 12:21:05.181358,1.0,1.0,1.0,1.0,1.0,1.0,1.0,793268.0,0.06279712120117677,0.04108320345271294,0.041209808385968265,0.024995244090384144,0.0313331966781849,0.026022089115979988,-0.0006580995395779611,0.0006580995395779611,-0.00025751721113920217,-0.0,0.0,0.0,0.0,1.0,0.0,0.0,57.457822534067375,57.383212793234044,57.0246074968005,240.78319632562014,239.77715420347735,239.76775077587772,-8773.373767439383,-8767.226749686484,-8786.303858819474,-9457.89806486324,-371.8112328445422,12.206751561365126,-242.90894335270787,0.005022171002788698,0.0,0.0
2024-10-20 12:21:05.263442,1.0,1.0,1.0,1.0,1.0,1.0,1.0,793269.0,0.06275562987110939,0.0402505658056393,0.04114655461363214,0.025111411613631566,0.031115710284795706,0.025910004937642474,-0.000648561865091324,0.0006326657409469288,-0.00021300806353489565,-0.0,0.0,0.0,0.0,1.0,0.0,0.0,53.47671257536109,53.08420445887281,53.88515726375789,242.0118083761658,236.92081844836267,242.24660174337927,-8071.3096327221865,-7830.580717769119,-8284.541188135398,-8725.99039871667,-369.1247740189354,11.34785028673564,-225.74228603636368,0.005352201816448896,0.0,0.0
2024-10-20 12:21:05.346536,1.0,1.0,1.0,1.0,1.0,1.0,1.0,793270.0,0.06316931681501517,0.03986040571620479,0.04133602555253029,0.025150014882560457,0.031146872746571578,0.02613369258354722,-0.0006644579892357192,0.0006326657409469288,-0.00021618728836377468,-0.0,0.0,0.0,0.0,1.0,0.0,0.0,49.68997773255534,50.28020141700707,49.17444283235206,235.65315984395468,241.01899203951538,242.2153928888726,-7063.4527385418105,-7603.5232837973035,-7311.659738946394,-7968.839553321127,-365.18470199736015,10.478648593585273,-208.3789707532333,0.005697304894846508,0.0,0.0
2024-10-20 12:21:05.349537,1.0,1.0,1.0,1.0,1.0,1.0,1.0,793271.0,0.06345729305072045,0.03999088202492748,0.04164989509779679,0.02522704420499114,0.031364143052817484,0.02613369258354722,-0.0006549203147490821,0.0006326657409469288,-0.00018439504007498428,-0.0,0.0,0.0,0.0,1.0,0.0,0.0,46.11969781277052,45.45972400381827,46.75976184209178,236.06565636201216,234.56283176134338,233.298783865719,-6708.759966795577,-6252.459002380785,-6571.576944569826,-7116.49999063976,-353.2117364357345,9.67751716430406,-192.39895521928472,0.005948778220944066,0.0,0.0
2024-10-20 12:21:05.431240,1.0,1.0,1.0,1.0,1.0,1.0,1.0,793272.0,0.0632105366019888,0.04037978143756249,0.041461858493688546,0.025150014882560457,0.03151841915858901,0.026281760015388615,-0.000642203415433566,0.000648561865091324,-0.00018757426490386333,-0.0,0.0,0.0,0.0,1.0,0.0,0.0,43.050431553711086,42.82733586329039,42.269964254027606,226.22471225286,228.03232781446428,228.6630836016965,-5622.814695822491,-5810.818393696782,-5643.940700313558,-6255.479806854602,-336.6189135687869,8.927547110112183,-177.45714679855607,0.006125957052910247,0.0,0.0
2024-10-20 12:21:05.435237,1.0,1.0,1.0,1.0,1.0,1.0,1.0,793273.0,0.0633751476531124,0.039729500910396995,0.041587310697157,0.025608715566353565,0.031763702384431956,0.026318646714264433,-0.0006549203147490821,0.000642203415433566,-0.000162140466272831,-0.0,0.0,0.0,0.0,1.0,0.0,0.0,39.70470487562346,39.899784772418066,39.132467195775725,216.172056885471,221.46140012484776,221.77524444635637,-4748.298804025341,-5117.773585469533,-4832.977637726996,-5420.119749381683,-314.76472798086206,8.273146349266502,-164.43497766685257,0.006212565782597283,0.0,0.0
2024-10-20 12:21:05.516807,1.0,1.0,1.0,1.0,1.0,1.0,1.0,793274.0,0.06362126565754131,0.039135011011481306,0.04114655461363214,0.025608715566353565,0.03148762440853117,0.026059343378600053,-0.0006517410899202031,0.000642203415433566,-0.0001843950400749843,-0.0,0.0,0.0,0.0,1.0,0.0,0.0,36.04310673192129,37.0947652087489,37.24784496652284,212.26082531580994,209.6716440008428,213.34861849806123,-4072.138718652463,-4066.7850070572563,-4459.643154400915,-4679.8564783634865,-293.4828154684473,7.661375093484557,-152.2724164213809,0.00623312027316372,0.0,0.0
2024-10-20 12:21:05.599308,1.0,1.0,1.0,1.0,1.0,1.0,1.0,793275.0,0.06358031215110412,0.03893483061427055,0.04063698009803076,0.026059343378600053,0.03212811624624381,0.026244821472867705,-0.0006676372140645982,0.000648561865091324,-0.000162140466272831,-0.0,0.0,0.0,0.0,1.0,0.0,0.0,34.029546520239656,34.73363370701616,34.48174584385605,202.54084846748145,201.59837415463426,206.61250093637273,-3394.2969692362044,-3586.9024964333494,-3753.167815018398,-4021.144269734948,-269.168908093494,7.176985490518413,-142.6580042874058,0.006142589560249779,0.0,0.0
2024-10-20 12:21:05.604306,1.0,1.0,1.0,1.0,1.0,1.0,1.0,793276.0,0.06341623365266504,0.03859888964444313,0.04089256110871732,0.02657542007977932,0.03233879467572394,0.026392265450275895,-0.0007153255864977838,0.000642203415433566,-0.00015896124144395196,-0.0,0.0,0.0,0.0,1.0,0.0,0.0,32.06313674814535,32.27573867667389,32.98736783873351,195.51115257775436,194.1799821974114,195.48798230015836,-3040.264414834843,-2892.848716701714,-3148.222225043401,-3434.5238567452952,-242.43962463555889,6.804257267881146,-135.28022486994413,0.005914829907140019,0.0,0.0
2024-10-20 12:21:05.684826,1.0,1.0,1.0,1.0,1.0,1.0,1.0,793277.0,0.0633751476531124,0.038666311337125336,0.04089256110871732,0.02708166404617134,0.03248844283583844,0.026428997918226275,-0.0007280424858133,0.000648561865091324,-0.00018121581524610522,-0.0,0.0,0.0,0.0,1.0,0.0,0.0,30.122005887975977,31.48330262815896,30.784285278070143,187.3232867408207,182.59946986689042,193.65443961785562,-2275.860858679276,-2612.4645618437803,-2906.2461966171295,-2976.6446075849167,-218.69728220112995,6.535919866966427,-129.97355020332122,0.005698104866400697,0.0,0.0
2024-10-20 12:21:05.689300,1.0,1.0,1.0,1.0,1.0,1.0,1.0,793278.0,0.06263099095985032,0.03880080326089555,0.04076497090344803,0.027224576194402335,0.03254810944778678,0.02672103991000101,-0.0007375801602999371,0.0006803541133801144,-0.0001875742649038633,-0.0,0.0,0.0,0.0,1.0,0.0,0.0,29.635380771552718,29.507536737485918,28.945115907912665,180.67031858123795,187.96275724824739,183.74948789047153,-2270.8779118593316,-2476.7450956111056,-2182.147970909984,-2672.3615161971943,-205.09539985337128,6.256628740253034,-124.42586581719794,0.005647681980201311,0.0,0.0
2024-10-20 12:21:05.770842,1.0,1.0,1.0,1.0,1.0,1.0,1.0,793279.0,0.062255577042481754,0.03893483061427055,0.04089256110871732,0.027472883658460283,0.032696799620819436,0.02718891858094095,-0.0007502970596154532,0.0006867125630378724,-0.00022890418767929085,-0.0,0.0,0.0,0.0,1.0,0.0,0.0,28.32072036855928,28.05185261610887,27.78300708772075,179.64973279815683,180.76917795110015,183.93973759058355,-1991.158292787022,-2152.2561200868977,-2029.3255627176388,-2408.3393634659,-191.52158830921795,6.037819684412956,-120.08018032500995,0.005599814159694762,0.0,0.0
2024-10-20 12:21:05.774839,1.0,1.0,1.0,1.0,1.0,1.0,1.0,793280.0,0.061413108211360055,0.03946638873835309,0.04025056580563931,0.027613771165243314,0.03242866644143693,0.027260187166059602,-0.0007566555092732113,0.0006771748885512353,-0.00023208341250816988,-0.0,0.0,0.0,0.0,1.0,0.0,0.0,26.680787843874786,26.46409538076924,27.430118949777967,186.55798660703763,178.62271372687283,173.40716909110694,-2015.3091913631326,-1552.15300857679,-1931.2310121098292,-2175.0846664517658,-180.48443554767925,5.786173069125667,-115.08210398045136,0.005542155362446537,0.0,0.0
2024-10-20 12:21:05.855750,1.0,1.0,1.0,1.0,1.0,1.0,1.0,793281.0,0.060902033238250136,0.039598163357888454,0.039135011011481306,0.027718966864906235,0.03251828982682399,0.02764888086939877,-0.0007693724085887275,0.0006708164388934773,-0.00023844186216592797,-0.0,0.0,0.0,0.0,1.0,0.0,0.0,25.668209006932592,25.88752420395039,25.096348100822784,175.6773333075713,187.8014811103249,187.39615065902433,-1590.8792994878945,-1912.6961327195972,-1650.391264970763,-2071.530204124945,-180.92025721812914,5.49938885671911,-109.33909010083286,0.005897810197189197,0.0,0.0
2024-10-20 12:21:05.938838,1.0,1.0,1.0,1.0,1.0,1.0,1.0,793282.0,0.060944786513602064,0.03959816335788845,0.039729500910396995,0.02782376484498668,0.03233879467572394,0.028135816825234642,-0.0007820893079042436,0.0006580995395779611,-0.0002734133352835974,-0.0,0.0,0.0,0.0,1.0,0.0,0.0,24.487257549055986,23.71775948637438,23.971916057814536,185.5944881897623,184.6467342975037,198.6705296184816,-1556.615351375358,-1730.871640121419,-1584.3124336661454,-1995.505471083003,-188.09911494705068,5.0985132335992684,-101.30655631607294,0.006508842141848203,0.0,0.0
2024-10-20 12:21:05.941838,1.0,1.0,1.0,1.0,1.0,1.0,1.0,793283.0,0.06012727618237815,0.03986040571620479,0.03946638873835309,0.02768394604629166,0.032097906445255474,0.028307692686654416,-0.0007566555092732113,0.0006326657409469288,-0.00030202635874350875,-0.0,0.0,0.0,0.0,1.0,0.0,0.0,21.858803687337776,22.752278644731373,22.408678758742905,205.76449613336302,179.5879325883993,202.872961755372,-1261.035636282467,-1431.79376671906,-1787.049408781056,-1885.0858707765678,-195.785973045273,4.630875648801247,-91.94348190125083,0.007277576919481747,0.0,0.0
2024-10-20 12:21:06.023482,1.0,1.0,1.0,1.0,1.0,1.0,1.0,793284.0,0.05956146222893687,0.03986040571620479,0.03953233095432663,0.02775394349316061,0.03233879467572394,0.02881717015424661,-0.0007534762844443322,0.0006263072912891707,-0.00030202635874350875,-0.0,0.0,0.0,0.0,1.0,0.0,0.0,20.86173895151493,20.62741979451934,19.74965397569672,219.9789320030947,188.10233820176978,199.69222545933525,-1079.778765321728,-1385.2296509461398,-1474.4764977789862,-1726.5496729655133,-205.70461821579073,4.040642609134676,-80.15053351633394,0.008195709574292706,0.0,0.0
2024-10-20 12:21:06.027404,1.0,1.0,1.0,1.0,1.0,1.0,1.0,793285.0,0.058990221431913355,0.040315225390783915,0.039729500910396995,0.02764888086939877,0.031641298451732976,0.02888442151794573,-0.0007534762844443322,0.0006167696168025336,-0.000321101707716783,-0.0,0.0,0.0,0.0,1.0,0.0,0.0,18.139246848659113,18.096326925990905,18.6610266035808,235.10496163712642,194.66029893010628,192.68823012759043,-922.3842292708292,-958.2615514554507,-1426.151374591116,-1531.7171874528283,-219.05155315325987,3.370181258140844,-66.77342158757617,0.009349698532065945,0.0,0.0
2024-10-20 12:21:06.109686,1.0,1.0,1.0,1.0,1.0,1.0,1.0,793286.0,0.058547012889045756,0.04063698009803076,0.03959816335788845,0.027260187166059602,0.03142594437984583,0.028985005994784836,-0.0007121463616689048,0.0006294865161180497,-0.00032746015737454104,-0.0,0.0,0.0,0.0,1.0,0.0,0.0,15.736359817926846,16.73720342477719,15.156638880248332,238.66017362190397,196.90263048266345,189.85589517201538,-474.9356271915189,-943.5311151603968,-1339.0145445647431,-1347.9049639190112,-235.21425838372352,2.7677083449128834,-54.72263611056454,0.011408911434868252,0.0,0.0
2024-10-20 12:21:06.193624,1.0,1.0,1.0,1.0,1.0,1.0,1.0,793287.0,0.05836878716992206,0.04037978143756249,0.039201510653345636,0.026757321039963047,0.03105329154533826,0.029284686626149053,-0.0006994294623533886,0.0005945150430003804,-0.0003338186070322991,-0.0,0.0,0.0,0.0,1.0,0.0,0.0,13.91764721654573,12.695485060725124,13.100204792372248,242.31787042066594,200.99497148131505,178.22336934685518,-434.1767940474345,-673.384160946567,-921.7405426011283,-1096.2294288905587,-255.4665108194336,2.078348580149699,-40.97687759020327,0.01419622334835223,0.0,0.0
2024-10-20 12:21:06.196620,1.0,1.0,1.0,1.0,1.0,1.0,1.0,793288.0,0.05947393615339293,0.04082881584609786,0.03933417265909615,0.026937993727346517,0.030928076150071922,0.02977745290061739,-0.0007057879120111467,0.0005817981436848642,-0.0003433562815189362,-0.0,0.0,0.0,0.0,1.0,0.0,0.0,10.12912124149769,11.477339928722772,10.317075924524943,244.01224229571307,189.52715118534894,174.01785601202857,219.5120382498831,-395.8682781680539,-888.417966753625,-756.1720632596239,-254.46241878716899,1.4426378537767006,-28.377122783641866,0.016484881865777165,0.0,0.0
2024-10-20 12:21:06.277739,1.0,1.0,1.0,1.0,1.0,1.0,1.0,793289.0,0.0598667957827904,0.04152463197171362,0.038666311337125336,0.026937993727346517,0.0313331966781849,0.029548517961177193,-0.0007185048113266629,0.0006008734926581384,-0.00032746015737454104,-0.0,0.0,0.0,0.0,1.0,0.0,0.0,9.225107087143735,7.569110087389639,8.061052362270422,244.65914378241013,188.31967946100954,153.68205032514848,289.53290445980025,-128.90373033347635,-336.34706063168005,-435.22809917892505,-235.5898350135954,0.8978708842439383,-17.64134773119177,0.017601080468999736,0.0,0.0
2024-10-20 12:21:06.281657,1.0,1.0,1.0,1.0,1.0,1.0,1.0,793290.0,0.05982327211598111,0.04120980838596827,0.03893483061427055,0.02664832946254422,0.031549183850304155,0.029515668014433095,-0.0006708164388934773,0.0006040527174870175,-0.00032746015737454104,-0.0,0.0,0.0,0.0,1.0,0.0,0.0,6.762416902262463,7.114694347481284,4.835728159814005,242.06694191686387,172.42485450012634,155.05228606946454,868.1276431914787,-91.23579527595327,-248.49643594172403,-182.34898635786485,-169.56790652170176,0.521622387725896,-10.26906912114404,0.015660623203516712,0.0,0.0
2024-10-20 12:21:06.362990,1.0,1.0,1.0,1.0,1.0,1.0,1.0,793291.0,0.05982327211598111,0.04050858489526056,0.039400336158606504,0.02664832946254422,0.03167194378429309,0.029251540394105244,-0.0006708164388934773,0.0006104111671447755,-0.0003433562815189362,-0.0,0.0,0.0,0.0,1.0,0.0,0.0,4.568596668784939,5.148841285078226,4.797007156640589,250.62711428513916,154.8294110069972,136.35995846472684,956.6381360961163,285.5829976604475,-178.374586074913,27.828324136989373,60.24879536918994,0.22160918019196155,-4.4107258748249825,0.004841344793492038,0.0,0.0
2024-10-20 12:21:06.366989,1.0,1.0,1.0,1.0,1.0,1.0,1.0,793292.0,0.06038663299874922,0.03979500713939933,0.039532330954326636,0.02664832946254422,0.03167194378429309,0.02881717015424661,-0.0006771748885512353,0.0005817981436848642,-0.00032746015737454104,-0.0,0.0,0.0,0.0,1.0,0.0,0.0,4.443057796264646,3.059061131552312,4.176410076585539,248.25767594473848,154.2293589675721,113.31037196442391,947.2102141908392,352.45352630672954,136.44545570541837,0.0,0.0,0.04579460290999094,0.0,1.0,0.0,0.0
2024-10-20 12:21:06.448576,1.0,1.0,1.0,1.0,1.0,1.0,1.0,793293.0,0.060170579951896654,0.03979500713939933,0.03999088202492748,0.026901956261409284,0.03191604715477278,0.028614467730784514,-0.0007057879120111467,0.0006072319423158965,-0.0003083848084012668,-0.0,0.0,0.0,0.0,1.0,0.0,0.0,4.582277261368802,2.1007484101781504,3.811263400073926,237.45093803666236,148.86068450655384,110.82292740363616,1020.5289940821185,264.3328749906895,343.8848859038896,0.0,0.0,0.04991840612371386,0.0,1.0,0.0,0.0
2024-10-20 12:21:06.531812,1.0,1.0,1.0,1.0,1.0,1.0,1.0,793294.0,0.059910287830504866,0.04037978143756249,0.040055960801949016,0.026901956261409284,0.03157991857152382,0.028444445621196364,-0.0006898917878667515,0.0006294865161180497,-0.00030520558357238775,-0.0,0.0,0.0,0.0,1.0,0.0,0.0,4.647174156764203,1.6350299440517049,3.9620273562750676,225.9955897547965,132.8233028087938,121.27910988316519,1030.0510840969562,170.42431251531247,451.8813892706363,252.576843182488,1229.385495157176,0.11438215202980456,1.9618998236789866,0.14239250229888378,0.0,0.0
2024-10-20 12:21:06.535722,1.0,1.0,1.0,1.0,1.0,1.0,1.0,793295.0,0.05995374832793649,0.040315225390783915,0.04063698009803076,0.026901956261409284,0.0321582976678794,0.028410319099464804,-0.0006644579892357192,0.0006231280664602917,-0.00030202635874350875,-0.0,0.0,0.0,0.0,1.0,0.0,0.0,4.435973851720569,1.2861571573778217,4.168498625958911,216.39133604892734,112.13628920068426,134.26716178915223,939.037884035569,91.89276787943815,528.0147512556924,240.52407465341454,1175.1266685572043,0.11438215202980456,1.9545431026952225,0.1456083540962198,4.891288491104089e-05,0.0
2024-10-20 12:21:06.616453,1.0,1.0,1.0,1.0,1.0,1.0,1.0,793296.0,0.06051589458012211,0.04037978143756248,0.04089256110871732,0.026901956261409284,0.03218845078999174,0.028066771771894115,-0.0006771748885512353,0.0006263072912891707,-0.0002765925601124764,-0.0,0.0,0.0,0.0,1.0,0.0,0.0,4.176613559761545,1.1739839383682098,4.295840474778393,213.97548916567482,94.85325065409451,148.17239626229005,874.715238658003,48.895609093601756,609.5545703908792,235.6286243740786,1591.1116970552932,0.08367911562257536,1.4141606917659977,0.1550097767856437,8.430257729832318e-05,0.0
2024-10-20 12:21:06.620459,1.0,1.0,1.0,1.0,1.0,1.0,1.0,793297.0,0.06021385257881442,0.04101975445198809,0.041461858493688546,0.02715321414192533,0.03218845078999174,0.028307692686654416,-0.0006644579892357192,0.000648561865091324,-0.00025433798631032317,-0.0,0.0,0.0,0.0,1.0,0.0,0.0,3.89203494182528,1.2012246623646243,4.378351445018393,210.0206562381622,78.96908382209497,160.90448218278377,801.2682340059902,24.19022587229624,682.2377400449438,0.0,0.0,0.041069086859065386,0.0,1.0,0.0,0.0
2024-10-20 12:21:06.702069,1.0,1.0,1.0,1.0,1.0,1.0,1.0,793298.0,0.05921058163676667,0.04057283328598263,0.042023444236177564,0.02646567940419046,0.03233879467572394,0.027788876097916127,-0.0006231280664602917,0.0006580995395779611,-0.0002511587614814441,-0.0,0.0,0.0,0.0,1.0,0.0,0.0,3.6088607536233415,1.336358508864018,4.43117033044768,204.46013949595422,65.11791967357978,172.21435425937617,723.9347876398381,15.92989088173547,744.5723494363705,0.0,0.0,0.0,0.0,1.0,0.0,0.0
2024-10-20 12:21:06.784612,1.0,1.0,1.0,1.0,1.0,1.0,1.0,793299.0,0.05890184651872091,0.03979500713939933,0.04276075388833109,0.026244821472867705,0.03194642892952922,0.028032185471914422,-0.0005913358181715013,0.0006358449657758078,-0.0002829510097702345,-0.0,0.0,0.0,0.0,1.0,0.0,0.0,3.3310069075384883,1.5265094414092133,4.4531107073348455,197.73490013278675,54.52197950929831,182.0744321154537,646.6305775135243,21.510136006729397,795.0684764939064,0.0,0.0,0.0,0.0,1.0,0.0,0.0
2024-10-20 12:21:06.788612,1.0,1.0,1.0,1.0,1.0,1.0,1.0,793300.0,0.05881333881054312,0.03986040571620479,0.04269979768643891,0.026538890275460948,0.03188563643118791,0.027613771165243314,-0.0006231280664602917,0.0006326657409469288,-0.0002829510097702345,-0.0,0.0,0.0,0.0,1.0,0.0,0.0,3.0681987242580813,1.7212952840398974,4.451378605583443,189.95450161759788,49.03784913998819,190.53340889430078,571.931414939255,37.27642274121237,834.4135224276017,0.0,0.0,0.0,0.0,1.0,0.0,0.0
2024-10-20 12:21:06.870890,1.0,1.0,1.0,1.0,1.0,1.0,1.0,793301.0,0.0583241456435673,0.03986040571620479,0.0423322172659213,0.026829736114304472,0.03173314566510837,0.02764888086939877,-0.0006104111671447755,0.0006294865161180497,-0.00026069643596808123,-0.0,0.0,0.0,0.0,1.0,0.0,0.0,2.8145826085243746,1.9089502903009297,4.430826888252227,181.32931359125413,49.706447680136165,197.7474883821662,500.6615456578533,61.570948246964484,863.5202922329534,0.0,0.0,0.0,0.0,1.0,0.0,0.0
2024-10-20 12:21:06.873890,1.0,1.0,1.0,1.0,1.0,1.0,1.0,793302.0,0.057785757392499006,0.04076497090344802,0.04214722489965788,0.02679355304171941,0.03203740138402003,0.028135816825234642,-0.0005849773685137433,0.000642203415433566,-0.0002893094594279926,-0.0,0.0,0.0,0.0,1.0,0.0,0.0,2.583243117253644,2.0628152951465437,4.393470083068036,172.09470937908688,56.30414511909113,204.2429652827625,436.12581732834525,91.20659746464807,884.9329933135125,0.0,0.0,0.0,0.0,1.0,0.0,0.0
2024-10-20 12:21:06.956745,1.0,1.0,1.0,1.0,1.0,1.0,1.0,793303.0,0.0580106930712157,0.04082881584609787,0.04251640472283598,0.026096544458751023,0.03188563643118791,0.028135816825234642,-0.0005372889960805577,0.000642203415433566,-0.00031156403323014586,-0.0,0.0,0.0,0.0,1.0,0.0,0.0,2.3682339429361967,2.1917883407304215,4.343730805975949,162.44621700245455,66.21333680114243,209.87801585607954,377.5305764774468,123.94256401725467,899.0494901641998,0.0,0.0,0.0,0.0,1.0,0.0,0.0
2024-10-20 12:21:07.038066,1.0,1.0,1.0,1.0,1.0,1.0,1.0,793304.0,0.057559942705380736,0.04089256110871732,0.042332217265921304,0.025835012001953723,0.03227874115189541,0.028066771771894115,-0.0005531851202249528,0.000648561865091324,-0.000324280932545662,-0.0,0.0,0.0,0.0,1.0,0.0,0.0,2.2631839347190628,2.456376486022933,4.260720570072135,153.78028224995276,74.54828421581803,212.5000260334564,336.8598699443184,149.73999885805011,880.620163587105,0.0,0.0,0.0,0.0,1.0,0.0,0.0
2024-10-20 12:21:07.042066,1.0,1.0,1.0,1.0,1.0,1.0,1.0,793305.0,0.05774066510518515,0.04082881584609787,0.04251640472283597,0.025759800744833576,0.03194642892952922,0.02799755644637631,-0.0005817981436848642,0.0006612787644068402,-0.00030202635874350875,-0.0,0.0,0.0,0.0,1.0,0.0,0.0,2.2024283048112303,2.439099496793824,4.066102882948541,149.14373301063492,74.9084476526864,208.01285802094247,316.91880056440385,152.01421164644245,821.0777761115609,0.0,0.0,0.0,0.0,1.0,0.0,0.0
2024-10-20 12:21:07.124284,1.0,1.0,1.0,1.0,1.0,1.0,1.0,793306.0,0.057151227882926904,0.04089256110871732,0.04202344423617756,0.025797433782787597,0.03179422973639322,0.028614467730784514,-0.000569081244369348,0.000642203415433566,-0.0003179224828879039,-0.0,0.0,0.0,0.0,1.0,0.0,0.0,2.179979848642776,2.396633215479947,3.8610412364977837,145.83582856480078,75.40657126404474,202.3488012157383,305.7116195667539,151.56171548873488,756.6321387965005,0.0,0.0,0.0,0.0,1.0,0.0,0.0
2024-10-20 12:21:07.128283,1.0,1.0,1.0,1.0,1.0,1.0,1.0,793307.0,0.05760517645908501,0.04025056580563931,0.041712385598201944,0.025608715566353565,0.03203740138402003,0.028170275891210916,-0.0005754396940271061,0.0006072319423158965,-0.00032746015737454104,-0.0,0.0,0.0,0.0,1.0,0.0,0.0,2.190530102240763,2.326969566417966,3.6474215333757414,143.7802793415314,75.45790282525189,195.9945270510756,302.28050634429513,147.63118663754773,690.6712267028165,0.0,0.0,0.0,0.0,1.0,0.0,0.0
2024-10-20 12:21:07.208930,1.0,1.0,1.0,1.0,1.0,1.0,1.0,793308.0,0.05774066510518514,0.0402505658056393,0.04133602555253029,0.025872535641194412,0.03203740138402003,0.028444445621196364,-0.0006135903919736546,0.0006040527174870175,-0.0003306393822034201,-0.0,0.0,0.0,0.0,1.0,0.0,0.0,2.22757402440234,2.228249185962973,3.4230323988385485,142.95355894093333,74.78178775599811,188.97147800588706,305.6825456440056,139.76016824505822,623.6360807428272,0.0,0.0,0.0,0.0,1.0,0.0,0.0
2024-10-20 12:21:07.212930,1.0,1.0,1.0,1.0,1.0,1.0,1.0,793309.0,0.057242305594703786,0.04089256110871732,0.04070102581168386,0.025684369248357337,0.03197678183797181,0.028170275891210916,-0.0005945150430003804,0.0005976942678292594,-0.0003179224828879039,-0.0,0.0,0.0,0.0,1.0,0.0,0.0,2.288739783147925,2.0995191427679667,3.1956879703113183,143.27970917424003,73.12550730688592,181.35333243674896,315.39573179836316,127.54751176120352,557.2138279573494,0.0,0.0,0.0,0.0,1.0,0.0,0.0
2024-10-20 12:21:07.294410,1.0,1.0,1.0,1.0,1.0,1.0,1.0,793310.0,0.056831306461113354,0.04082881584609787,0.04082881584609786,0.025456733716313067,0.032308781866774994,0.028273401102065627,-0.0005849773685137433,0.0006135903919736546,-0.00031156403323014586,-0.0,0.0,0.0,0.0,1.0,0.0,0.0,2.3650620225556316,1.949343311711617,2.9618770541155874,144.7552101032066,70.12176569643462,172.95475172379167,330.4575886670918,111.1864842377307,490.92290920607746,0.0,0.0,0.0,0.0,1.0,0.0,0.0
2024-10-20 12:21:07.378436,1.0,1.0,1.0,1.0,1.0,1.0,1.0,793311.0,0.05701433851777478,0.04082881584609787,0.04101975445198809,0.025034026493987453,0.032696799620819436,0.028376151535570014,-0.000569081244369348,0.0006231280664602917,-0.00030520558357238775,-0.0,0.0,0.0,0.0,1.0,0.0,0.0,2.4509659321371475,1.7722415140070473,2.7258127540665105,147.27133279316905,65.24266884901269,163.6782455008708,349.75828807286916,90.29763345004888,425.76848258050126,0.0,0.0,0.0,0.0,1.0,0.0,0.0
2024-10-20 12:21:07.381439,1.0,1.0,1.0,1.0,1.0,1.0,1.0,793312.0,0.057559942705380736,0.03979500713939933,0.04076497090344803,0.025188558989287076,0.03233879467572394,0.02810131550407159,-0.0005849773685137433,0.0006072319423158965,-0.0002861302345991135,-0.0,0.0,0.0,0.0,1.0,0.0,0.0,2.5373757390785783,1.589705042022532,2.484296496449458,150.71278431109266,57.1037741936091,152.9515947205389,371.49252839144873,65.80453800230696,360.34313790742107,0.0,0.0,0.0,0.0,1.0,0.0,0.0
2024-10-20 12:21:07.463210,1.0,1.0,1.0,1.0,1.0,1.0,1.0,793313.0,0.057785757392499006,0.03979500713939933,0.040055960801949016,0.025684369248357337,0.032756086704177324,0.028341942781077132,-0.0006008734926581384,0.0006294865161180497,-0.00024797953665256506,-0.0,0.0,0.0,0.0,1.0,0.0,0.0,2.6214764949597575,1.3886033674582523,2.233803167782157,154.76668924063065,44.27999694228603,140.6782637394089,394.8314021669781,38.13479254244752,295.31577805619315,0.0,0.0,0.0,0.0,1.0,0.0,0.0
2024-10-20 12:21:07.467210,1.0,1.0,1.0,1.0,1.0,1.0,1.0,793314.0,0.05836878716992206,0.03900167157440239,0.04025056580563931,0.025797433782787597,0.03248844283583844,0.02820469285687616,-0.0005786189188559852,0.0005817981436848642,-0.00024797953665256506,-0.0,0.0,0.0,0.0,1.0,0.0,0.0,2.6296675027050225,0.7645662287109588,2.018686439497665,158.18292547548964,28.680645517540977,130.38910307926946,408.4641595010512,16.40772851859966,257.2827846682334,0.0,0.0,0.0,0.0,1.0,0.0,0.0
2024-10-20 12:21:07.548179,1.0,1.0,1.0,1.0,1.0,1.0,1.0,793315.0,0.05836878716992206,0.03946638873835309,0.03933417265909616,0.025456733716313067,0.032368779656366614,0.028444445621196364,-0.0005531851202249528,0.0005881565933426223,-0.0002829510097702345,-0.0,0.0,0.0,0.0,1.0,0.0,0.0,2.6300642214822054,0.7007661685771996,2.016001686312268,158.4087011410051,29.12808515113065,129.89939456559057,409.63150612566557,16.248133126935443,256.65565376426855,0.0,0.0,0.0,0.0,1.0,0.0,0.0
2024-10-20 12:21:07.631991,1.0,1.0,1.0,1.0,1.0,1.0,1.0,793316.0,0.05832414564356729,0.03913501101148131,0.03966388649582423,0.025188558989287076,0.032696799620819436,0.02792816958270741,-0.0005372889960805577,0.0005945150430003804,-0.0002893094594279926,-0.0,0.0,0.0,0.0,1.0,0.0,0.0,2.628525653054762,0.6459947771729362,2.020340026989329,158.35562548948633,28.938299258118878,130.01149818399412,409.72987884837414,16.019569322373712,258.10176525949294,0.0,0.0,0.0,0.0,1.0,0.0,0.0
2024-10-20 12:21:07.634928,1.0,1.0,1.0,1.0,1.0,1.0,1.0,793317.0,0.05810042350855981,0.03999088202492748,0.03933417265909615,0.025303839037745666,0.032667115729434024,0.027858609899147853,-0.0005213928719361625,0.0006231280664602917,-0.0002829510097702345,-0.0,0.0,0.0,0.0,1.0,0.0,0.0,2.6297162566705725,0.6129650857866075,2.0252571684313123,158.33318986330372,28.825290741917815,130.08195185517542,410.10443233326805,15.868663048642151,259.14966289410677,0.0,0.0,0.0,0.0,1.0,0.0,0.0
2024-10-20 12:21:07.716460,1.0,1.0,1.0,1.0,1.0,1.0,1.0,793318.0,0.05774066510518515,0.04025056580563931,0.03933417265909616,0.025188558989287076,0.032815266674204355,0.02740216826792598,-0.00048642139881849305,0.0006167696168025336,-0.0002734133352835974,-0.0,0.0,0.0,0.0,1.0,0.0,0.0,2.6210011841989815,1.4057627481456498,2.2911188718312605,157.85490740218364,31.49614346457794,131.662347984445,402.7972638358746,27.780065252287823,281.31459532765416,0.0,0.0,0.0,0.0,1.0,0.0,0.0
2024-10-20 12:21:07.720460,1.0,1.0,1.0,1.0,1.0,1.0,1.0,793319.0,0.05841339457969607,0.03953233095432663,0.03946638873835309,0.025342149186916324,0.03272645658802371,0.02729575167846423,-0.0005023175229628882,0.0006231280664602917,-0.0002511587614814441,-0.0,0.0,0.0,0.0,1.0,0.0,0.0,2.506724594361227,1.9304692126521763,2.6693070885080337,152.11094018762236,60.75937717844725,148.2105063072109,368.7242438055011,92.035173772274,373.3237378329236,0.0,0.0,0.0,0.0,1.0,0.0,0.0
2024-10-20 12:21:07.802467,1.0,1.0,1.0,1.0,1.0,1.0,1.0,793320.0,0.05872469770694884,0.03999088202492748,0.03880080326089556,0.025456733716313067,0.03254810944778678,0.02775394349316061,-0.0004896006236473721,0.0006326657409469288,-0.00025433798631032317,-0.0,0.0,0.0,0.0,1.0,0.0,0.0,2.3870908208160886,2.249613774253041,2.949092155832846,145.71102133984814,81.18381421438538,162.8488374787574,334.65382552909085,152.38090135657006,457.31913872754086,0.0,0.0,0.0,0.0,1.0,0.0,0.0
2024-10-20 12:21:07.805467,1.0,1.0,1.0,1.0,1.0,1.0,1.0,793321.0,0.059386281078264554,0.040185802182344105,0.03906839817849147,0.02526547079878701,0.03248844283583844,0.02768394604629166,-0.0004959590733051301,0.0006326657409469288,-0.00027977178494135546,-0.0,0.0,0.0,0.0,1.0,0.0,0.0,2.2560046781412386,2.506999225142663,3.177759729015941,138.61651714097275,98.32038272936128,175.9361456542762,299.41107842951226,212.77814626697062,535.684645386179,0.0,0.0,0.0,0.0,1.0,0.0,0.0
2024-10-20 12:21:07.887357,1.0,1.0,1.0,1.0,1.0,1.0,1.0,793322.0,0.05899022143191336,0.04025056580563931,0.03906839817849147,0.025303839037745666,0.03260766687993288,0.027858609899147853,-0.0005054967477917672,0.0006390241906046868,-0.0002829510097702345,-0.0,0.0,0.0,0.0,1.0,0.0,0.0,2.1069993037330472,2.769213643205541,3.3961858040004937,130.76380125150666,113.68902178124789,187.8070181483874,262.10834271113976,279.34361704168043,614.1695658530783,0.0,0.0,0.0,0.0,1.0,0.0,0.0
2024-10-20 12:21:07.970160,1.0,1.0,1.0,1.0,1.0,1.0,1.0,793323.0,0.05850250736160358,0.040185802182344105,0.03979500713939933,0.025188558989287076,0.03248844283583844,0.027718966864906235,-0.0005086759726206463,0.0006231280664602917,-0.00030202635874350875,-0.0,0.0,0.0,0.0,1.0,0.0,0.0,1.9442011867522795,3.0333563403886603,3.5987195298021297,122.05880739222025,127.97199231282494,198.6858594577484,223.5192989854525,351.51601083040623,691.1207118970103,0.0,0.0,0.0,0.0,1.0,0.0,0.0
2024-10-20 12:21:07.973162,1.0,1.0,1.0,1.0,1.0,1.0,1.0,793324.0,0.05827946992223283,0.04095620715673985,0.040185802182344105,0.025150014882560457,0.03245856839932655,0.02789341142414604,-0.0005150344222784043,0.0006644579892357192,-0.00030520558357238775,-0.0,0.0,0.0,0.0,1.0,0.0,0.0,1.7559662201985937,3.322171368909416,3.778143036282077,112.64319756126503,139.16570242672208,207.50199948793306,182.06804639313881,425.1022534101808,759.9986769120906,0.0,0.0,0.0,0.0,1.0,0.0,0.0
2024-10-20 12:21:08.055139,1.0,1.0,1.0,1.0,1.0,1.0,1.0,793325.0,0.05805557562576054,0.04114655461363215,0.04012093401707996,0.025494814117130813,0.032756086704177324,0.027718966864906235,-0.0005372889960805577,0.0006803541133801144,-0.00027023411045471834,-0.0,0.0,0.0,0.0,1.0,0.0,0.0,1.558779764450842,3.6022471248257997,3.924351933648245,101.92700234310462,149.20176717338873,214.72166645834702,139.5972684138544,499.64439364541414,818.640592341181,0.0,0.0,0.0,0.0,1.0,0.0,0.0
2024-10-20 12:21:08.058096,1.0,1.0,1.0,1.0,1.0,1.0,1.0,793326.0,0.05859148461052765,0.04076497090344803,0.03933417265909615,0.025684369248357337,0.03254810944778678,0.02768394604629166,-0.0005754396940271061,0.0006739956637223563,-0.0002670548856258393,-0.0,0.0,0.0,0.0,1.0,0.0,0.0,1.3455270642611532,3.87864037049197,4.041329616106709,89.34955006512808,159.15267410186863,220.85420009291937,96.27515813976349,578.894616362471,868.4799265457757,0.0,0.0,0.0,0.0,1.0,0.0,0.0
2024-10-20 12:21:08.141953,1.0,1.0,1.0,1.0,1.0,1.0,1.0,793327.0,0.05890184651872091,0.040185802182344105,0.03979500713939933,0.025684369248357337,0.03257790177388484,0.02736674204979371,-0.0006104111671447755,0.0006867125630378724,-0.0002734133352835974,-0.0,0.0,0.0,0.0,1.0,0.0,0.0,1.3733875657967376,4.368073154902997,4.15375798320784,74.5356552825546,172.7922082974447,226.59788239921474,59.75831893933968,712.7246156467451,917.1882276943371,0.0,0.0,0.0,0.0,1.0,0.0,0.0
2024-10-20 12:21:08.223503,1.0,1.0,1.0,1.0,1.0,1.0,1.0,793328.0,0.059430124776431774,0.040055960801949016,0.03999088202492748,0.025759800744833576,0.03233879467572394,0.02792816958270741,-0.0006294865161180497,0.0006898917878667515,-0.00029248868425687163,-0.0,0.0,0.0,0.0,1.0,0.0,0.0,2.571026050270948,5.126264429509777,4.033340769112941,65.21725810729548,194.32569977178576,229.61445961906966,101.075916125041,965.7773733785865,911.3591739636071,0.0,0.0,0.0,0.0,1.0,0.0,0.0
2024-10-20 12:21:08.227501,1.0,1.0,1.0,1.0,1.0,1.0,1.0,793329.0,0.0598667957827904,0.04050858489526056,0.03999088202492748,0.02557080478973271,0.03257790177388484,0.028135816825234642,-0.0006549203147490821,0.0006994294623533886,-0.0002988471339146297,-0.0,0.0,0.0,0.0,1.0,0.0,0.0,5.134035583890189,5.927868712036257,4.011631144540245,89.46657758896879,209.50833022396807,217.5819503143475,390.4312423179516,1206.1797489266412,771.2705135569714,0.0,0.0,0.0,0.0,1.0,0.0,0.0
2024-10-20 12:21:08.309503,1.0,1.0,1.0,1.0,1.0,1.0,1.0,793330.0,0.05999717734364805,0.04076497090344803,0.04063698009803076,0.025303839037745666,0.03260766687993288,0.028066771771894115,-0.0006644579892357192,0.0006930710126956305,-0.00030520558357238775,-0.0,0.0,0.0,0.0,1.0,0.0,0.0,7.503629028510573,5.994841805048328,6.144421313183248,127.11500506362168,213.39407783914714,205.46337084560014,892.7605954413634,1214.044144789854,812.1703197075891,0.0,0.0,0.0,0.0,1.0,0.0,0.0
2024-10-20 12:21:08.314502,1.0,1.0,1.0,1.0,1.0,1.0,1.0,793331.0,0.059561462228936886,0.04082881584609787,0.04089256110871732,0.025684369248357337,0.03260766687993288,0.028444445621196364,-0.0006835333382089934,0.0006898917878667515,-0.00029566790908575063,-0.0,0.0,0.0,0.0,1.0,0.0,0.0,8.091174698294903,7.88279003645509,9.467278515849756,149.46558538305058,207.6356531425493,209.14197259272777,1104.1177035070582,1231.120592912809,1339.8620536540552,839.064178455212,1570.0920974549056,0.2635213974941891,5.103186435583824,0.03173205589569745,0.0,0.0
2024-10-20 12:21:08.395030,1.0,1.0,1.0,1.0,1.0,1.0,1.0,793332.0,0.05943012477643178,0.04095620715673985,0.04076497090344803,0.025947420126718565,0.03284481667269478,0.02847853124831018,-0.0006739956637223563,0.0006739956637223563,-0.0002829510097702345,-0.0,0.0,0.0,0.0,1.0,0.0,0.0,10.356659514075877,11.569772283224724,10.143733962903747,151.68793624219904,217.4632948111573,210.73070754177374,1213.4589334443388,1886.1904268831443,1496.5919207682634,1126.881256546449,850.5154035973316,0.6481435478541548,12.652238031085767,0.023963281515781563,0.00031662512933494153,34990.226062478774
2024-10-20 12:21:08.477530,1.0,1.0,1.0,1.0,1.0,1.0,1.0,793333.0,0.05951771528052355,0.04095620715673985,0.04025056580563931,0.026207830867489117,0.03290383705573704,0.028341942781077132,-0.0006898917878667515,0.0006644579892357192,-0.00029566790908575063,-0.0,0.0,0.0,0.0,1.0,0.0,0.0,13.827885458207621,12.279150447199505,13.40521218987891,176.16917605340882,220.90929868484662,201.4478291314447,2015.334838287576,1970.3159484582882,1714.8923783603168,1467.2676384800318,654.4914917006397,1.0912024818269903,21.408030551726192,0.01906241470955391,0.0008523659544437303,25281.108717918185
2024-10-20 12:21:08.482527,1.0,1.0,1.0,1.0,1.0,1.0,1.0,793334.0,0.06012727618237815,0.04050858489526056,0.04025056580563931,0.026318646714264433,0.03305092691301418,0.028273401102065627,-0.0007185048113266629,0.000642203415433566,-0.00029566790908575063,-0.0,0.0,0.0,0.0,1.0,0.0,0.0,15.4572166463553,16.59358417670868,15.49108421788606,182.5074768427393,225.09135805214603,208.47545907302793,2108.2952112032744,2620.0985639686587,2256.0594774393826,1866.6425498188514,543.2488186089339,1.6670555418481148,32.81207932122807,0.015867243245768874,0.0016734956892232018,18416.50640675159
2024-10-20 12:21:08.563073,1.0,1.0,1.0,1.0,1.0,1.0,1.0,793335.0,0.06034348427369785,0.040185802182344105,0.040315225390783915,0.026096544458751023,0.03310957989067469,0.028546580404464273,-0.0007089671368400258,0.0006263072912891707,-0.000324280932545662,-0.0,0.0,0.0,0.0,1.0,0.0,0.0,18.89957382875039,17.95201218509809,19.296405918488198,202.75269950908952,229.02288791140643,204.9953578447118,3001.1730182025985,2780.169367823979,2698.336059286356,2329.7509420986116,491.6900501275736,2.293666325705324,45.246965462708324,0.013654144990020455,0.0028058112729519268,15294.889204511059
2024-10-20 12:21:08.567015,1.0,1.0,1.0,1.0,1.0,1.0,1.0,793336.0,0.06021385257881441,0.04070102581168387,0.041336025552530284,0.025984781442148438,0.03351727697218139,0.028444445621196364,-0.0006898917878667515,0.0006358449657758078,-0.0003306393822034201,-0.0,0.0,0.0,0.0,1.0,0.0,0.0,22.215266046501345,21.704143599097808,20.93283936109215,208.70810690699784,236.78215531203324,207.9298631410504,3393.397602416143,3614.7041875394857,2988.5365472351064,2804.6254994607334,443.64337984385077,3.054963627004523,60.3687599600193,0.01195615839111379,0.0043165531972793525,10990.38353954966
2024-10-20 12:21:08.648180,1.0,1.0,1.0,1.0,1.0,1.0,1.0,793337.0,0.06042975091427429,0.04057283328598263,0.041712385598201944,0.025910004937642474,0.033546208593426816,0.02881717015424661,-0.0006612787644068402,0.0006199488416314126,-0.00035925240566333144,-0.0,0.0,0.0,0.0,1.0,0.0,0.0,23.836587473933054,24.66222714129223,24.33647369292944,218.00868331069165,231.1689707607846,207.76558616838315,3687.272214453977,3750.9165967724834,3596.620702314464,3141.0238965166936,397.0653878624254,3.81654817455024,75.54062803483727,0.010354061052310147,0.0062069745648514665,8514.085278694372
2024-10-20 12:21:08.652133,1.0,1.0,1.0,1.0,1.0,1.0,1.0,793338.0,0.060687815081570395,0.04050858489526056,0.04127296521748623,0.026355481787173698,0.033546208593426816,0.028749761476771198,-0.0006994294623533886,0.0006326657409469288,-0.0003528939560055733,-0.0,0.0,0.0,0.0,1.0,0.0,0.0,26.72171290986132,25.996988395896302,27.145003085128188,223.94253431094072,220.8124287537817,203.726109972332,4211.46201013984,3725.275739957233,3802.579028059593,3384.3401612038274,351.2117604176156,4.643127214356389,92.0187521829343,0.009086463338593349,0.008509764730478885,5076.528139617756
2024-10-20 12:21:08.732780,1.0,1.0,1.0,1.0,1.0,1.0,1.0,793339.0,0.06060191579565507,0.04037978143756249,0.0418370865807396,0.026281760015388615,0.03319736505550277,0.02858054422421529,-0.0006771748885512353,0.0006326657409469288,-0.00036243163049221055,-0.0,0.0,0.0,0.0,1.0,0.0,0.0,29.065178000292217,28.42879333417543,28.49088818262998,217.75821939868575,208.43982888364567,208.8817718182661,4179.134229994869,3984.3957851478767,4024.0461533961316,3549.561615922204,326.0065989731729,5.241005451664159,103.97279296111967,0.008083525956784356,0.01111170748066634,7077.259219484201
2024-10-20 12:21:08.816885,1.0,1.0,1.0,1.0,1.0,1.0,1.0,793340.0,0.06047283808617588,0.03959816335788845,0.0418370865807396,0.026170787978491077,0.03325575976212062,0.028546580404464273,-0.0006708164388934773,0.0006263072912891707,-0.00037514852980772667,-0.0,0.0,0.0,0.0,1.0,0.0,0.0,29.826160631829524,30.994313556397056,30.409786023651613,203.78606545941113,201.67884580736663,214.85029626438813,3841.1856935149026,4210.455486297031,4426.359381742596,3663.872461571609,307.97017239738807,5.722171451904204,113.60647206411164,0.007313281164390059,0.013954735237669337,7833.64647970001
2024-10-20 12:21:08.819886,1.0,1.0,1.0,1.0,1.0,1.0,1.0,793341.0,0.06081643652238849,0.039729500910396995,0.04152463197171362,0.025910004937642474,0.03308026640118225,0.02782376484498668,-0.0006708164388934773,0.0006263072912891707,-0.0003783277546366057,-0.0,0.0,0.0,0.0,1.0,0.0,0.0,31.802508691372132,31.758588986669487,32.0469998588482,196.81712567472573,206.81121092516508,201.19349429333192,4180.796105483174,4295.182884382932,4129.4588234758285,3724.8404605277838,291.3804162849396,6.144790423493082,122.07274169214573,0.0066972729824041006,0.017009633314324448,7808.880091026876
2024-10-20 12:21:08.901886,1.0,1.0,1.0,1.0,1.0,1.0,1.0,793342.0,0.06073071916263212,0.04025056580563931,0.041209808385968265,0.025797433782787597,0.033021561356871405,0.02740216826792598,-0.0006867125630378724,0.0006708164388934773,-0.0003592524056633315,-0.0,0.0,0.0,0.0,1.0,0.0,0.0,33.582870766962266,32.56674198101457,32.98983952816335,199.48945699068193,198.63293467789399,191.25565254019398,4451.070482498275,4146.669990860204,4031.9905743391396,3751.255480336989,280.1920481389044,6.432378300190731,127.84749384469708,0.006219100632605991,0.020209045874716464,9214.031579875265
2024-10-20 12:21:08.905886,1.0,1.0,1.0,1.0,1.0,1.0,1.0,793343.0,0.06085924992897395,0.04082881584609787,0.04133602555253029,0.02557080478973271,0.032637404840404415,0.02718891858094095,-0.0006771748885512353,0.0006867125630378724,-0.0003497147311766944,-0.0,0.0,0.0,0.0,1.0,0.0,0.0,33.46650236368649,34.664080978722794,33.64044876851691,184.99414354927202,191.5427134055893,197.0863542952604,3805.865766317013,4400.577712289127,4290.466382615285,3726.010320873457,268.1137289973658,6.6742418569577415,132.70777952238083,0.0058213174876478825,0.023530088187688255,9242.081729920148
2024-10-20 12:21:08.986738,1.0,1.0,1.0,1.0,1.0,1.0,1.0,793344.0,0.06038663299874921,0.04082881584609787,0.04070102581168387,0.025797433782787597,0.03254810944778678,0.02711746269239568,-0.0006835333382089934,0.0006994294623533886,-0.0003274601573745411,-0.0,0.0,0.0,0.0,1.0,0.0,0.0,34.50849678658017,33.940763422047645,35.06094568937935,190.09618404069235,185.8790780279036,181.83342242061815,4295.9539548244,3838.357938838317,4089.7931628739975,3654.5214241347317,259.3419555601365,6.765336376755929,134.5640695960755,0.005488699287700192,0.026897584581212646,10999.263831163764
2024-10-20 12:21:09.070475,1.0,1.0,1.0,1.0,1.0,1.0,1.0,793345.0,0.060515894580122104,0.04057283328598263,0.04044423444177086,0.026096544458751023,0.03233879467572394,0.02736674204979371,-0.0006898917878667515,0.0006994294623533886,-0.00032428093254566203,-0.0,0.0,0.0,0.0,1.0,0.0,0.0,35.09952693519084,34.91371967697244,34.209700702713,174.8503312859668,185.62235232803894,180.42429487653288,3856.4218885641435,4198.111112360671,3724.343825357906,3527.49770245439,247.03313283746917,6.853590325645611,136.3587198953498,0.005202285106640365,0.030309992505939867,10372.00669387156
2024-10-20 12:21:09.073474,1.0,1.0,1.0,1.0,1.0,1.0,1.0,793346.0,0.06025709413022506,0.04076497090344803,0.04012093401707996,0.026355481787173698,0.03167194378429309,0.027472883658460283,-0.0006994294623533886,0.0006898917878667515,-0.000321101707716783,-0.0,0.0,0.0,0.0,1.0,0.0,0.0,34.211255738903816,35.03573453642151,34.938231666193325,175.5868626194596,174.01000794799785,178.16788573637533,3632.406668405867,3749.541565429272,3964.5265823088353,3400.1988028052183,237.44106863327028,6.871768991185626,136.7476443927446,0.005004063959732019,0.03373213335451713,10889.343404665728
2024-10-20 12:21:09.156390,1.0,1.0,1.0,1.0,1.0,1.0,1.0,793347.0,0.05969251070909899,0.04050858489526056,0.03953233095432663,0.02664832946254422,0.03170255949350469,0.02740216826792598,-0.0007280424858133,0.0007026086871822677,-0.0002893094594279926,-0.0,0.0,0.0,0.0,1.0,0.0,0.0,34.80923472588695,34.0851144882368,34.9905176772993,177.7791046738001,176.588807688028,173.54796912818344,3943.4642531519435,3648.61323788023,3752.0317897104833,3399.4719835494247,237.2569917681068,6.875836099746056,136.82448708102456,0.0050338235514523245,0.037156197208815224,11168.354095923774
2024-10-20 12:21:09.159386,1.0,1.0,1.0,1.0,1.0,1.0,1.0,793348.0,0.05960517706948518,0.04089256110871732,0.03966388649582423,0.026170787978491077,0.032067668184708895,0.027045818015839475,-0.0006867125630378724,0.0007153255864977838,-0.00027023411045471834,-0.0,0.0,0.0,0.0,1.0,0.0,0.0,34.92042438753196,34.66142691295416,33.973168694736074,174.59010107697557,180.5889600210649,176.54465400021508,3816.0729531421816,4023.724206313581,3673.4275480996334,3451.106886004983,241.46420688660106,6.859446821183518,136.4825189939942,0.005149230310340502,0.04057170323409379,11652.55079865374
2024-10-20 12:21:09.241008,1.0,1.0,1.0,1.0,1.0,1.0,1.0,793349.0,0.05947393615339293,0.041019754451988084,0.03933417265909615,0.02650231011985886,0.03248844283583844,0.02718891858094095,-0.0006898917878667515,0.0007121463616689048,-0.0002765925601124764,-0.0,0.0,0.0,0.0,1.0,0.0,0.0,33.81823805361162,34.885729422528854,34.55555032353799,177.7440317142822,177.76725865091868,181.46964771962948,3721.9326175546294,3929.71275099372,4088.817163371041,3520.1371231007734,247.0102916410661,6.840527732483406,136.08677268804843,0.005290395638502543,0.043977305618214474,11995.964776829664
2024-10-20 12:21:09.245005,1.0,1.0,1.0,1.0,1.0,1.0,1.0,793350.0,0.05916657525265935,0.04139898983206046,0.03859888964444313,0.02664832946254422,0.03251828982682399,0.027045818015839475,-0.0006898917878667515,0.0007153255864977838,-0.00025433798631032317,-0.0,0.0,0.0,0.0,1.0,0.0,0.0,34.425872239613284,33.695845239048154,34.86225675790601,183.26497333531216,180.72950576377747,178.529813394922,4168.4629369265795,3806.682021815457,4007.8511490513606,3593.768943413869,252.80943052781754,6.82443429905459,135.7463818846393,0.005438576033733208,0.047374389645196364,12272.317398631354
2024-10-20 12:21:09.326031,1.0,1.0,1.0,1.0,1.0,1.0,1.0,793351.0,0.059342404987252025,0.04127296521748624,0.039201510653345636,0.02711746269239568,0.03260766687993288,0.027045818015839475,-0.0007153255864977838,0.0007057879120111467,-0.0002638756607969603,-0.0,0.0,0.0,0.0,1.0,0.0,0.0,34.80609339920136,34.32538108232846,33.64606133687997,179.9700747765998,186.86258009879302,181.2501161448756,4094.5167446101364,4281.28157869924,3854.323082214454,3668.752312644887,258.91538899746564,6.803514098839041,135.31062818586776,0.0055828045615627184,0.0507605688369315,12676.281621442828
2024-10-20 12:21:09.409130,1.0,1.0,1.0,1.0,1.0,1.0,1.0,793352.0,0.05956146222893688,0.04108320345271295,0.03940033615860651,0.027045818015839475,0.03233879467572394,0.02718891858094095,-0.0007248632609844209,0.0006898917878667515,-0.00029566790908575063,-0.0,0.0,0.0,0.0,1.0,0.0,0.0,33.544324993202785,34.787032979866886,34.292412451094705,182.55338677398532,183.21864333867973,187.99179380538442,3904.2937331790854,4208.811535543246,4353.381833094385,3739.911927861214,264.63087112199366,6.786596897896834,134.9560164746741,0.0057165726426381,0.054137873790081774,12928.301951202808
2024-10-20 12:21:09.413486,1.0,1.0,1.0,1.0,1.0,1.0,1.0,793353.0,0.05973612964857622,0.04044423444177086,0.03886787470812279,0.02718891858094095,0.03242866644143693,0.027613771165243314,-0.000731221710642179,0.0006708164388934773,-0.0002893094594279926,-0.0,0.0,0.0,0.0,1.0,0.0,0.0,34.21738806132289,33.484510098281504,34.775319093401514,189.90432825467641,185.9278943414957,184.05642751468017,4434.220865908164,4001.569604975073,4277.093297935296,3813.7339552314465,270.328096418004,6.775650186303844,134.71953940161697,0.005855263352171228,0.05750926085078823,12977.717140125747
2024-10-20 12:21:09.494778,1.0,1.0,1.0,1.0,1.0,1.0,1.0,793354.0,0.05999717734364805,0.04050858489526056,0.03940033615860651,0.026901956261409284,0.03233879467572394,0.027718966864906235,-0.0006962502375245095,0.0006676372140645982,-0.0003083848084012668,-0.0,0.0,0.0,0.0,1.0,0.0,0.0,34.729477417206056,34.18077734667487,33.45707441995599,185.669829119952,193.66381211356008,186.85210523264726,4356.0566596578265,4556.859615367295,4061.446515160938,3892.180142871825,276.5005164094701,6.761625140741323,134.42138564938043,0.005997945379719034,0.060873186546151134,13534.323612973685
2024-10-20 12:21:09.498744,1.0,1.0,1.0,1.0,1.0,1.0,1.0,793355.0,0.05982327211598111,0.041712385598201944,0.03933417265909615,0.027045818015839475,0.03245856839932655,0.02718891858094095,-0.0007121463616689048,0.0006962502375245095,-0.00029248868425687163,-0.0,0.0,0.0,0.0,1.0,0.0,0.0,33.36020878055589,34.700701890838566,34.2420862790681,188.7851393696598,189.44490750664622,195.08952073277763,4137.475550733143,4471.028044827293,4651.806379078766,3977.494791664356,283.2805769890599,6.7454714255508055,134.08006237718826,0.00614757725224605,0.06422857054913224,13935.308375491379
2024-10-20 12:21:09.579632,1.0,1.0,1.0,1.0,1.0,1.0,1.0,793356.0,0.06107286676663669,0.04133602555253029,0.03946638873835309,0.02672103991000101,0.032756086704177324,0.027472883658460283,-0.0007153255864977838,0.0006994294623533886,-0.00030202635874350875,-0.0,0.0,0.0,0.0,1.0,0.0,0.0,34.233385267466886,33.32023251655828,34.673936448354105,197.75441593539696,193.10755648706868,190.73687474468434,4765.774542922955,4266.69634707251,4547.151837229576,4072.201836466117,290.7339400715215,6.730177526675977,133.75343478275136,0.006315700792427883,0.06757578062240392,14330.001329426983
2024-10-20 12:21:09.663215,1.0,1.0,1.0,1.0,1.0,1.0,1.0,793357.0,0.06132822481459091,0.041712385598201944,0.03966388649582423,0.02672103991000101,0.03245856839932655,0.027472883658460283,-0.0007185048113266629,0.0006739956637223563,-0.00030520558357238775,-0.0,0.0,0.0,0.0,1.0,0.0,0.0,34.633129456859216,34.25036303241239,33.30079821040732,193.2392053542383,202.51217405021055,195.2515028438156,4649.5292238328875,4937.883450893052,4370.662088379235,4184.711162630536,299.7347324814733,6.709749398226455,133.3213794939128,0.006509993285645159,0.07091217841397712,14896.183953139313
2024-10-20 12:21:09.667216,1.0,1.0,1.0,1.0,1.0,1.0,1.0,793358.0,0.061370681188533435,0.0419614169784043,0.040120934017079966,0.02708166404617134,0.03212811624624381,0.027472883658460283,-0.0007280424858133,0.0006580995395779611,-0.0002988471339146297,-0.0,0.0,0.0,0.0,1.0,0.0,0.0,33.255392397424835,34.59973246377406,34.333141115486576,198.48903171593048,197.72955039386332,204.46801044958949,4496.2372201713815,4783.285672881068,5063.735396302774,4298.801968381289,308.94800522653065,6.688423044706854,132.87198578402706,0.006701692642030596,0.07423733002592856,15408.242904045705
2024-10-20 12:21:09.747810,1.0,1.0,1.0,1.0,1.0,1.0,1.0,793359.0,0.06077359295488543,0.0420853800755884,0.04012093401707996,0.02715321414192533,0.03224867245309928,0.027788876097916127,-0.000731221710642179,0.0006771748885512353,-0.0002861302345991135,-0.0,0.0,0.0,0.0,1.0,0.0,0.0,34.35130742882723,33.252222628181784,34.60997186059451,207.0069209723324,203.40059032673315,199.4540524583211,5184.539287530049,4658.982833291435,4872.978903930956,4409.382912926421,317.949460075372,6.66747677760165,132.4314410996301,0.00688487176653625,0.0775514569071302,15888.798956981911
2024-10-20 12:21:09.752809,1.0,1.0,1.0,1.0,1.0,1.0,1.0,793360.0,0.06158252400415764,0.0420853800755884,0.04076497090344803,0.02708166404617134,0.0321582976678794,0.02768394604629166,-0.0007248632609844209,0.0006739956637223563,-0.0002861302345991135,-0.0,0.0,0.0,0.0,1.0,0.0,0.0,34.58126429252779,34.4238119833681,33.283792660301856,201.77601664252424,211.25041188614227,205.20684972748614,4962.612975897534,5344.18254225284,4766.981170887584,4515.554023594553,326.69643551556953,6.646331437923124,131.98908813059026,0.007053068573459506,0.0808545138048483,16362.548421914635
2024-10-20 12:21:09.833601,1.0,1.0,1.0,1.0,1.0,1.0,1.0,793361.0,0.06162480517906941,0.04251640472283598,0.04012093401707996,0.02668470945144587,0.032368779656366614,0.02810131550407159,-0.0006898917878667515,0.0007121463616689048,-0.00029566790908575063,-0.0,0.0,0.0,0.0,1.0,0.0,0.0,33.28291761127206,34.565040710531584,34.534600233642735,207.84739258280342,206.16616379913347,213.53928284825656,4876.982192697399,5109.742281131536,5473.343331531501,4629.7621396482145,335.3688779513292,6.639415368547752,131.8278907153083,0.007232689945837804,0.08415353670065016,16508.700776760394
2024-10-20 12:21:09.917170,1.0,1.0,1.0,1.0,1.0,1.0,1.0,793362.0,0.06196201593269157,0.04245509769062346,0.04057283328598263,0.02650231011985886,0.03254810944778678,0.028376151535570014,-0.0006771748885512353,0.0007153255864977838,-0.00031474325805902487,-0.0,0.0,0.0,0.0,1.0,0.0,0.0,34.59292818212359,33.30749012198719,34.571730030768876,216.6665077268631,213.37325858198207,208.215829984752,5617.006914957943,5062.144276360027,5206.767621691292,4754.804719040415,345.1083557995844,6.627632592903414,131.56749092069313,0.007432223524505438,0.08744604303246974,17224.375449920313
2024-10-20 12:21:09.920170,1.0,1.0,1.0,1.0,1.0,1.0,1.0,793363.0,0.06204603226407262,0.0423322172659213,0.04101975445198809,0.02613369258354722,0.03272645658802371,0.02810131550407159,-0.0006612787644068402,0.0007248632609844209,-0.00032746015737454104,-0.0,0.0,0.0,0.0,1.0,0.0,0.0,34.519018088193214,34.685180931808496,33.38667323608828,210.98229935394883,221.76366659033633,216.23905493045584,5302.472049876055,5811.528511685958,5206.812926082457,4882.467572778435,355.03031642267104,6.6167136417198185,131.32436517367032,0.007631489855918469,0.09073246508726997,17569.625219781363
2024-10-20 12:21:10.002159,1.0,1.0,1.0,1.0,1.0,1.0,1.0,793364.0,0.06267256480509205,0.0420853800755884,0.04108320345271294,0.026096544458751023,0.032756086704177324,0.028239067876162333,-0.0006835333382089934,0.0007057879120111467,-0.0003338186070322991,-0.0,0.0,0.0,0.0,1.0,0.0,0.0,33.40858031147068,34.49988662651368,34.83374049135126,220.23191792338181,216.18423976749008,224.7745819155454,5362.302725661675,5465.9540671418,5975.541763343805,5023.469087606807,365.69666385222865,6.6106820214275945,131.17591968271674,0.00784881758396119,0.09401517225995551,18144.264250185224
2024-10-20 12:21:10.006159,1.0,1.0,1.0,1.0,1.0,1.0,1.0,793365.0,0.06308679644429999,0.04089256110871732,0.04183708658073959,0.026022089115979988,0.032696799620819436,0.028170275891210916,-0.0006708164388934773,0.0006867125630378724,-0.00036243163049221044,-0.0,0.0,0.0,0.0,1.0,0.0,0.0,34.947068053660104,33.497276107400566,34.44787994453649,228.45455751233234,226.9636699437226,219.15974881924208,6135.8183155019615,5608.65616872923,5568.852464277823,5171.050478152935,377.137067286704,6.599995917397367,130.93354898739176,0.00807856075898982,0.09729181405096188,18759.02919529573
2024-10-20 12:21:10.086888,1.0,1.0,1.0,1.0,1.0,1.0,1.0,793366.0,0.0623809660457355,0.041209808385968265,0.041336025552530284,0.026170787978491077,0.03272645658802371,0.02810131550407159,-0.0006644579892357192,0.0007026086871822677,-0.0003369978318611782,-0.0,0.0,0.0,0.0,1.0,0.0,0.0,34.36775336416152,35.059112795780365,33.64760504915719,222.55609227717147,234.00121951995538,230.83709515001019,5669.196838106967,6345.533647192479,5799.590253367069,5316.226823242648,388.55488021739654,6.587358083012012,130.65394165839263,0.00829786378750912,0.10056145860507705,19573.407281707267
2024-10-20 12:21:10.090887,1.0,1.0,1.0,1.0,1.0,1.0,1.0,793367.0,0.06229740141874289,0.041209808385968265,0.041019754451988084,0.026207830867489117,0.03299216966314644,0.028170275891210916,-0.0006644579892357192,0.000734400935471058,-0.00031474325805902487,-0.0,0.0,0.0,0.0,1.0,0.0,0.0,33.74564207750889,34.32598047749963,35.23155486852229,235.78577984514723,228.36630850416975,236.99480602791022,6000.1278683546125,5831.204179280437,6507.497987685345,5467.25108849507,400.2110431505412,6.578654683585149,130.45217778229502,0.00851933976869786,0.10382605397238373,19995.271987710967
2024-10-20 12:21:10.172545,1.0,1.0,1.0,1.0,1.0,1.0,1.0,793368.0,0.06217184388146426,0.04063698009803076,0.04057283328598263,0.026281760015388615,0.03310957989067469,0.028546580404464273,-0.0006803541133801144,0.000731221710642179,-0.00031474325805902487,-0.0,0.0,0.0,0.0,1.0,0.0,0.0,35.305265466236875,33.90462367470043,34.29412785468586,240.7664359299442,243.43588983913355,232.47162921382773,6659.739720056341,6302.293755581312,5968.80141309668,5637.132107969736,413.4182187093912,6.568089654714897,130.2086941373161,0.008778039107262532,0.10708455610619345,20700.82560277281
2024-10-20 12:21:10.256997,1.0,1.0,1.0,1.0,1.0,1.0,1.0,793369.0,0.06275562987110939,0.039990882024927475,0.04057283328598263,0.026096544458751023,0.0333431600699038,0.02851257612746981,-0.0006803541133801144,0.0007089671368400258,-0.0003433562815189362,-0.0,0.0,0.0,0.0,1.0,0.0,0.0,34.233652754589244,35.38873013203023,34.114539083818414,237.88985719674636,247.35698132218326,248.73267715716167,6137.821215486998,6897.356259959685,6571.090682646901,5830.8620146272,429.07443176634627,6.547854643565618,129.76916498534737,0.009071122914528195,0.11033205892318297,21849.954167658278
2024-10-20 12:21:10.260189,1.0,1.0,1.0,1.0,1.0,1.0,1.0,793370.0,0.06304549575480341,0.03946638873835309,0.04050858489526056,0.026281760015388615,0.03337224263981984,0.028614467730784514,-0.0006930710126956305,0.0007026086871822677,-0.00034653550634781527,-0.0,0.0,0.0,0.0,1.0,0.0,0.0,34.26928182191305,34.197479563489985,35.496155322429786,255.35924215494146,246.4192139595843,251.83200057369172,6861.054854837184,6404.993786132582,7094.683141265142,6045.8580561347935,446.23240561702687,6.530421271174647,129.38032058007414,0.009402952676572986,0.11356983082064598,22724.035843918387
2024-10-20 12:21:10.340534,1.0,1.0,1.0,1.0,1.0,1.0,1.0,793371.0,0.062464418880434816,0.03953233095432663,0.04076497090344803,0.026281760015388615,0.033284918697807614,0.02858054422421529,-0.0006930710126956305,0.0006994294623533886,-0.00034653550634781527,-0.0,0.0,0.0,0.0,1.0,0.0,0.0,35.538403135830585,34.49239300149715,34.2159347297799,257.0782489773797,264.1425357917177,252.0486325595474,7290.128320201377,7224.607527828194,6625.591176588453,6268.050342603127,464.48606873982516,6.506529053196982,128.86386861254883,0.009734164260500854,0.11679467839036466,23780.06595012895
2024-10-20 12:21:10.344530,1.0,1.0,1.0,1.0,1.0,1.0,1.0,793372.0,0.06296281310184383,0.039729500910396995,0.040956207156739845,0.026355481787173698,0.03310957989067469,0.0287834855487486,-0.0006898917878667515,0.0007026086871822677,-0.00032746015737454104,-0.0,0.0,0.0,0.0,1.0,0.0,0.0,34.21389884658798,35.59972510387451,34.76027429137065,258.32129705223707,264.1102273947734,269.7731620035894,6836.630948188646,7533.530896175336,7521.331710272751,6481.236918194883,481.19388512963116,6.4962298747307985,128.62019964395571,0.010039652812580725,0.12001342808882086,24294.139849141797
2024-10-20 12:21:10.426874,1.0,1.0,1.0,1.0,1.0,1.0,1.0,793373.0,0.06263099095985032,0.039729500910396995,0.04082881584609787,0.026829736114304472,0.03313886745048406,0.029118578158502894,-0.0007248632609844209,0.0007089671368400258,-0.0003179224828879039,-0.0,0.0,0.0,0.0,1.0,0.0,0.0,34.98249793739279,34.259159366211,35.68154530179569,276.3057514086882,267.47420733990225,268.52317516987137,7820.401716083211,7146.888852932877,7715.963691546489,6704.722753234479,499.3112237657453,6.4784704680421905,128.22741217673092,0.010357361284062588,0.12322234819172997,25526.40204337925
2024-10-20 12:21:10.509140,1.0,1.0,1.0,1.0,1.0,1.0,1.0,793374.0,0.062046032264072626,0.04050858489526056,0.04044423444177085,0.027224576194402335,0.03331405211143558,0.029284686626149053,-0.0007439386099576951,0.000734400935471058,-0.00030202635874350875,-0.0,0.0,0.0,0.0,1.0,0.0,0.0,35.69758433186439,35.243560985168564,34.37779268483923,273.52081542383183,284.8472036202759,273.635082543814,7878.884114146214,8186.130043924824,7404.621875845658,6926.1888964303835,517.0951134924117,6.464266398480021,127.90728485636001,0.010658928858226132,0.12642325703576401,26407.59665093484
2024-10-20 12:21:10.513137,1.0,1.0,1.0,1.0,1.0,1.0,1.0,793375.0,0.06166705736447839,0.040185802182344105,0.03986040571620479,0.02729575167846423,0.03325575976212062,0.029350866793321755,-0.0007693724085887275,0.0007153255864977838,-0.00026069643596808123,-0.0,0.0,0.0,0.0,1.0,0.0,0.0,34.447825171417804,35.70265502955828,35.58571572535537,280.49438871626086,280.5941880745661,289.9634261511536,7663.129265798212,8093.001852489362,8482.362426670452,7142.2000136749375,534.461926399726,6.451124557646487,127.61056089266283,0.010943287853536817,0.12961674029523731,27299.271483800858
2024-10-20 12:21:10.594570,1.0,1.0,1.0,1.0,1.0,1.0,1.0,793376.0,0.06221372454898334,0.03979500713939933,0.04044423444177085,0.02740216826792598,0.033168129149298335,0.029151875571506957,-0.0007820893079042436,0.0007121463616689048,-0.00027023411045471834,-0.0,0.0,0.0,0.0,1.0,0.0,0.0,35.83352389500177,34.60766375795192,35.764938317558745,295.62973671183715,289.9789943508363,285.04361221742863,8753.342196685315,8026.406239502972,8259.868166295691,7366.818571452663,552.1401444893265,6.442813879054205,127.40956464148546,0.011227337672301285,0.13280519357789003,28012.944302391774
2024-10-20 12:21:10.598568,1.0,1.0,1.0,1.0,1.0,1.0,1.0,793377.0,0.062255577042481754,0.039729500910396995,0.04089256110871732,0.02718891858094095,0.0333431600699038,0.029317795383615314,-0.0007820893079042436,0.0007089671368400258,-0.0003179224828879039,-0.0,0.0,0.0,0.0,1.0,0.0,0.0,35.754201506246474,36.09556454510505,34.82756020622479,289.94149351607354,303.4225926270754,296.328918052379,8403.218455673343,9095.824550081112,8328.893399317038,7587.4145643446245,569.8323122168946,6.431490419565181,127.15051505291778,0.011500392925142884,0.13598716408577333,29115.134896274136
2024-10-20 12:21:10.679600,1.0,1.0,1.0,1.0,1.0,1.0,1.0,793378.0,0.062129934982949706,0.03966388649582423,0.041587310697157,0.026901956261409284,0.03360399710929144,0.028985005994784836,-0.0007630139589309693,0.0007089671368400258,-0.0003401770566900572,-0.0,0.0,0.0,0.0,1.0,0.0,0.0,35.01780319199694,35.7745555600842,36.40411288064732,303.11914274404694,297.2567807385019,307.8222221614093,8622.313494151364,8629.234260177296,9354.693375038563,7804.965138494992,586.4365365926035,6.430218065465356,127.09291167317063,0.011752709011954117,0.139167693056,29796.134520231582
2024-10-20 12:21:10.683600,1.0,1.0,1.0,1.0,1.0,1.0,1.0,793379.0,0.06128573902853254,0.040185802182344105,0.0418370865807396,0.02708166404617134,0.03313886745048406,0.028749761476771198,-0.0007566555092732113,0.0007375801602999371,-0.0003179224828879039,-0.0,0.0,0.0,0.0,1.0,0.0,0.0,36.614168932783045,35.269616123223074,35.822898256169736,312.58801889424274,312.54051329900017,302.01735213931966,9575.383825443978,9024.880409360321,8801.911861421719,8026.523523906554,603.7292953249911,6.425019307591585,126.95698928958967,0.01201083442985448,0.14234482053771727,30691.42430487968
2024-10-20 12:21:10.764844,1.0,1.0,1.0,1.0,1.0,1.0,1.0,793380.0,0.06055892046154769,0.04037978143756249,0.04220897910845451,0.02715321414192533,0.033168129149298335,0.028682194376366547,-0.0007693724085887275,0.0007407593851288161,-0.000324280932545662,-0.0,0.0,0.0,0.0,1.0,0.0,0.0,35.796503516293726,36.843596296800605,35.620488831592034,307.3192975092131,319.64057518215367,318.9215196732718,8954.528108428825,9875.65846777864,9384.911429341704,8253.21940660623,621.7318525954593,6.416818695746093,126.76275080646565,0.01226170773298762,0.1455170871572938,31620.22880583618
2024-10-20 12:21:10.848366,1.0,1.0,1.0,1.0,1.0,1.0,1.0,793381.0,0.06158252400415764,0.04025056580563931,0.041774782619765874,0.02733126991297999,0.03299216966314644,0.028341942781077132,-0.0007884477575620017,0.000731221710642179,-0.00030202635874350875,-0.0,0.0,0.0,0.0,1.0,0.0,0.0,35.884913046059445,35.833397053059855,37.073727681370734,325.48089998272286,315.38266950490686,323.35693891973676,9699.317127293138,9214.35279150907,10078.331477066224,8468.174232964953,638.4154748034401,6.4134075232303935,126.66533077583185,0.012495850941721188,0.14868691581848517,32479.02256444777
2024-10-20 12:21:10.851365,1.0,1.0,1.0,1.0,1.0,1.0,1.0,793382.0,0.060558920461547684,0.039729500910396995,0.041649895097796784,0.027543417493819798,0.03337224263981984,0.02789341142414604,-0.0008075231065352759,0.0007216840361555419,-0.0002988471339146297,-0.0,0.0,0.0,0.0,1.0,0.0,0.0,37.22197605279658,36.20525390545072,35.93494213031045,327.4027829420044,334.20339391110446,320.60004321261476,10244.89104074251,10115.662473295073,9430.436121737437,8690.302667817474,655.3146189457468,6.4134075232303935,126.63577950752318,0.01272623758253292,0.15185600495247767,33346.92861607991
2024-10-20 12:21:10.933357,1.0,1.0,1.0,1.0,1.0,1.0,1.0,793383.0,0.061285739028532536,0.04050858489526056,0.041712385598201944,0.027508173183166423,0.033021561356871405,0.027858609899147853,-0.0007916269823908807,0.0007216840361555419,-0.0003083848084012668,-0.0,0.0,0.0,0.0,1.0,0.0,0.0,35.98674024418053,37.3734949699916,36.59835716666844,326.01758003270936,333.56666922066375,339.54913743824017,9613.796568965874,10485.690404308876,10459.744828238545,8904.013231426246,671.1364318510908,6.417541964541371,126.69117501744135,0.012930685008030797,0.15502648037168307,34157.88091571071
2024-10-20 12:21:10.936876,1.0,1.0,1.0,1.0,1.0,1.0,1.0,793384.0,0.06124322376914681,0.03986040571620479,0.041587310697157,0.02697398304697218,0.03290383705573704,0.02736674204979371,-0.0007630139589309693,0.0007026086871822677,-0.0002988471339146297,-0.0,0.0,0.0,0.0,1.0,0.0,0.0,36.902862167379865,36.08681505969968,37.53120616719654,344.94483336739506,334.130652917769,336.5045624215667,10751.275199025687,9913.585041640814,10637.069157661177,9109.775370284056,686.4710776705158,6.420454011017578,126.72339690326164,0.013127446393956514,0.15819776215089687,34941.60373168631
2024-10-20 12:21:11.018588,1.0,1.0,1.0,1.0,1.0,1.0,1.0,793385.0,0.06162480517906942,0.039925697169818586,0.041587310697157,0.02697398304697218,0.032815266674204355,0.02736674204979371,-0.0007439386099576951,0.0007121463616689048,-0.000321101707716783,-0.0,0.0,0.0,0.0,1.0,0.0,0.0,37.59018364024193,37.26387749803256,36.257360009237885,339.7796847653811,352.59363085824657,339.33430982926535,10734.354703295941,11147.131968316038,10168.193276292017,9317.296191571131,701.401477664475,6.428150588594779,126.8512079624559,0.01331490127562385,0.1613722424308857,35703.472598264954
2024-10-20 12:21:11.102997,1.0,1.0,1.0,1.0,1.0,1.0,1.0,793386.0,0.061835777398980774,0.03999088202492748,0.04120980838596827,0.02715321414192533,0.032756086704177324,0.027437548745241652,-0.000731221710642179,0.0007057879120111467,-0.00032746015737454104,-0.0,0.0,0.0,0.0,1.0,0.0,0.0,36.374520436341314,37.66199070071488,37.652853833707,344.86148633642983,345.5340623766303,356.61786782558494,10391.911554228454,10930.287829059547,11448.496744172036,9517.392108592941,716.857570807918,6.4257624627500025,126.78166998104325,0.01348928850083032,0.1645449825071015,36488.46532958721
2024-10-20 12:21:11.105997,1.0,1.0,1.0,1.0,1.0,1.0,1.0,793387.0,0.062464418880434816,0.04037978143756249,0.041774782619765874,0.027224576194402335,0.03284481667269478,0.027224576194402335,-0.0007153255864977838,0.0007089671368400258,-0.00029566790908575063,-0.0,0.0,0.0,0.0,1.0,0.0,0.0,37.9308964956906,36.572108337674365,37.77945879772426,360.42801417998913,352.7599524182368,348.0020997074256,11674.793921356339,10732.828454662853,11050.188702806614,9708.58144207384,730.5504509013325,6.432972606338071,126.90447798724162,0.013640460226666446,0.16772079588155517,37183.67932517817
2024-10-20 12:21:11.187073,1.0,1.0,1.0,1.0,1.0,1.0,1.0,793388.0,0.06271411109059961,0.04082881584609787,0.04120980838596827,0.02736674204979371,0.03242866644143693,0.02711746269239568,-0.0007534762844443322,0.0007185048113266629,-0.00029248868425687163,-0.0,0.0,0.0,0.0,1.0,0.0,0.0,37.80403394277192,38.22718654686436,36.823142736379296,350.5286380683225,366.49865177223273,356.9055045165097,11113.626198900907,11991.759662276596,10987.80625039197,9885.856970963414,742.5210965834058,6.445684001339116,127.13844852634953,0.013770699122575628,0.17090246442187149,37791.186700909915
2024-10-20 12:21:11.191019,1.0,1.0,1.0,1.0,1.0,1.0,1.0,793389.0,0.06341623365266504,0.04127296521748624,0.04082881584609787,0.027224576194402335,0.03248844283583844,0.02718891858094095,-0.0007598347341020903,0.0007185048113266629,-0.0002893094594279926,-0.0,0.0,0.0,0.0,1.0,0.0,0.0,37.00346506521923,37.88643733749691,38.57059023711436,360.8593547480737,355.3710009838391,368.37341728847287,11186.962145811456,11281.941284971319,12196.13441087321,10047.11899864779,752.4504406078125,6.464973730828816,127.50729346445307,0.013860699414578145,0.17409336339050765,38044.76741675163
2024-10-20 12:21:11.273281,1.0,1.0,1.0,1.0,1.0,1.0,1.0,793390.0,0.06415128215499945,0.04101975445198809,0.04057283328598263,0.02700992441274364,0.032308781866774994,0.02718891858094095,-0.0007534762844443322,0.0006962502375245095,-0.0002670548856258393,-0.0,0.0,0.0,0.0,1.0,0.0,0.0,38.81548574938913,37.26439882662259,37.9613501381059,369.78923183010573,366.97072087264735,356.35212055253777,12310.176219046702,11498.992055493862,11333.924338014638,10182.840691591213,760.3250102865421,6.484794916021091,127.89131559725477,0.013913953691185293,0.17729387260020688,38435.05156112343
2024-10-20 12:21:11.355530,1.0,1.0,1.0,1.0,1.0,1.0,1.0,793391.0,0.06358031215110412,0.04108320345271294,0.04070102581168387,0.026829736114304472,0.03245856839932655,0.027437548745241652,-0.0007407593851288161,0.0006962502375245095,-0.0002638756607969603,-0.0,0.0,0.0,0.0,1.0,0.0,0.0,37.99664301797708,39.05199732197977,37.5578548450913,357.1655249437012,373.67006167829163,368.8780331509364,11347.792505989515,12524.08579332321,11691.617261820153,10304.264576097063,766.7081906500848,6.507693961879563,128.338890509729,0.01394494531007466,0.18050558247370968,38717.42906582993
2024-10-20 12:21:11.359471,1.0,1.0,1.0,1.0,1.0,1.0,1.0,793392.0,0.0637848167388594,0.041461858493688546,0.04070102581168386,0.026170787978491077,0.03221857569203676,0.027260187166059602,-0.0006994294623533886,0.0006930710126956305,-0.0002765925601124764,-0.0,0.0,0.0,0.0,1.0,0.0,0.0,37.762228963961455,38.09270187990427,39.32314558820868,370.64167669859694,360.7855399252882,373.3664406896041,11820.075554731215,11480.100689178194,12613.332771542204,10406.458815754804,771.9764889246867,6.527368472861707,128.72718672429852,0.013942699423996473,0.18372700954814217,39026.26463557583
2024-10-20 12:21:11.441741,1.0,1.0,1.0,1.0,1.0,1.0,1.0,793393.0,0.06333403500029182,0.04095620715673985,0.04108320345271294,0.025984781442148438,0.03251828982682399,0.027224576194402335,-0.0006803541133801144,0.0006930710126956305,-0.0002829510097702345,-0.0,0.0,0.0,0.0,1.0,0.0,0.0,39.4809220218652,38.01581923023009,38.1985481099487,373.0217132788818,375.12198184197536,360.59694214641127,12635.799592788064,12071.964611222511,11506.928052584064,10495.421345591081,775.7470618865282,6.551111209669152,129.19661078090024,0.013933616405322632,0.18696018406617076,39164.99722711455
2024-10-20 12:21:11.445741,1.0,1.0,1.0,1.0,1.0,1.0,1.0,793394.0,0.0637848167388594,0.04152463197171362,0.04114655461363215,0.026244821472867705,0.03260766687993288,0.02733126991297999,-0.0006771748885512353,0.0007280424858133,-0.00030202635874350875,-0.0,0.0,0.0,0.0,1.0,0.0,0.0,38.25337793109834,39.64830211742712,38.30312382107701,360.5132154070583,375.68608739194474,375.60989062528665,11501.65439311979,12778.789975144515,12206.645859556815,10577.138340133164,778.2367912675712,6.580866602713026,129.7859882355689,0.01391415393480719,0.19020810788881667,39213.9597707395
2024-10-20 12:21:11.526517,1.0,1.0,1.0,1.0,1.0,1.0,1.0,793395.0,0.0639072053708868,0.041587310697157,0.04139898983206046,0.025947420126718565,0.03290383705573704,0.027858609899147853,-0.0006739956637223563,0.000734400935471058,-0.00031156403323014586,-0.0,0.0,0.0,0.0,1.0,0.0,0.0,38.52300530393526,38.311889435041415,39.825891062542176,376.2459550619921,363.5979073655285,374.39504062929143,12302.226617258259,11616.527001977414,12790.468150583401,10644.007151292779,779.5137953041369,6.6114426443740255,130.39253667905464,0.013887409353754926,0.19347121072397364,39271.73582990335
2024-10-20 12:21:11.530517,1.0,1.0,1.0,1.0,1.0,1.0,1.0,793396.0,0.06362126565754132,0.0423322172659213,0.04139898983206046,0.025797433782787597,0.03310957989067469,0.028135816825234642,-0.0006867125630378724,0.0007375801602999371,-0.0003083848084012668,-0.0,0.0,0.0,0.0,1.0,0.0,0.0,39.91882501078028,38.75546989138402,38.40736875643215,373.4383593164549,380.03652497354125,363.34595414347694,12766.690478398412,12528.932733312893,11647.04563960095,10714.103533470101,782.2213783856339,6.631860728305985,130.79692669632814,0.013874596777469054,0.19674443351112694,39548.31182412198
2024-10-20 12:21:11.611586,1.0,1.0,1.0,1.0,1.0,1.0,1.0,793397.0,0.06292143103158183,0.042023444236177564,0.04082881584609786,0.025872535641194412,0.032756086704177324,0.028341942781077132,-0.0006962502375245095,0.0007375801602999371,-0.000324280932545662,-0.0,0.0,0.0,0.0,1.0,0.0,0.0,38.45512336076696,40.00624164799207,38.996014879139864,363.7802648444449,375.9090503260306,380.203637674649,11663.10354569645,12874.72053243086,12641.083739333351,10783.822450822185,785.5717185387196,6.6465460395000004,131.08659143174955,0.013874344263093466,0.20002490522405064,39796.77521677058
2024-10-20 12:21:11.695664,1.0,1.0,1.0,1.0,1.0,1.0,1.0,793398.0,0.06283858513517705,0.041712385598201944,0.04120980838596827,0.025684369248357337,0.03308026640118225,0.02847853124831018,-0.0006644579892357192,0.0007439386099576951,-0.0003179224828879039,-0.0,0.0,0.0,0.0,1.0,0.0,0.0,39.144596371264555,38.541663663567505,40.12424397858504,380.8555272766482,367.49419207572146,375.02404879559487,12713.610205829558,11817.039287635784,12889.564109681385,10854.127988366077,788.6535850742246,6.663785108088318,131.42562121020228,0.013881607236392547,0.2033138612341546,39921.014721194755
2024-10-20 12:21:11.698665,1.0,1.0,1.0,1.0,1.0,1.0,1.0,793399.0,0.06316931681501517,0.04089256110871732,0.04139898983206046,0.025722112647481858,0.03357511528435138,0.027788876097916127,-0.0006771748885512353,0.000731221710642179,-0.0002988471339146297,-0.0,0.0,0.0,0.0,1.0,0.0,0.0,40.1883809097328,39.31237156935535,38.66590414051286,374.9702054790175,384.48283326247946,367.99046121163855,12888.500679776958,12913.401582000028,11893.707311870321,10934.017497028015,793.0168020663909,6.676033829114279,131.66451918578082,0.013901647625046604,0.2066087957203376,40371.09639286513
2024-10-20 12:21:11.779736,1.0,1.0,1.0,1.0,1.0,1.0,1.0,793400.0,0.06308679644429999,0.04152463197171362,0.04127296521748623,0.026059343378600053,0.033748035476753,0.02782376484498668,-0.0006962502375245095,0.0007502970596154532,-0.0003083848084012668,-0.0,0.0,0.0,0.0,1.0,0.0,0.0,38.99860850732529,40.548001275308735,39.6664757342871,372.3029241959016,385.2925400296711,390.1230240866443,12156.605186744058,13410.436993904506,13225.660660244617,11241.141338631092,813.7181438859977,6.6900969664601675,131.919133681387,0.014071587132858766,0.2099101019920817,41237.56000956339
2024-10-20 12:21:11.784735,1.0,1.0,1.0,1.0,1.0,1.0,1.0,793401.0,0.06288002172730621,0.04120980838596827,0.041649895097796784,0.026022089115979988,0.033748035476753,0.027718966864906235,-0.0006898917878667515,0.0007566555092732113,-0.00030520558357238775,-0.0,0.0,0.0,0.0,1.0,0.0,0.0,40.12898629422231,40.026894413459424,41.252975324468764,395.09876231394327,386.3680277025102,395.7359093980497,13521.493218189511,13042.257174415246,14044.908782529177,11758.82411361206,844.701347157306,6.742488172946216,132.93278072262967,0.014215692242415933,0.21323677501117477,42281.68507014504
2024-10-20 12:21:11.865989,1.0,1.0,1.0,1.0,1.0,1.0,1.0,793402.0,0.06292143103158183,0.04082881584609786,0.041461858493688546,0.026611899740163612,0.033430331878977426,0.028032185471914422,-0.0007280424858133,0.0007471178347865742,-0.00029566790908575063,-0.0,0.0,0.0,0.0,1.0,0.0,0.0,41.88096588354121,41.30889532854462,41.774598662264516,404.32761477248096,404.570689501242,401.21859846577956,14527.692860004354,14237.881564637766,14278.811073162744,12469.003155976123,882.0189951966674,6.847267784740939,134.99732988808591,0.014224840242658599,0.21661511384187562,43450.80287461386
2024-10-20 12:21:11.948424,1.0,1.0,1.0,1.0,1.0,1.0,1.0,793403.0,0.06362126565754131,0.04063698009803076,0.04101975445198809,0.026281760015388615,0.0333431600699038,0.028032185471914422,-0.0007153255864977838,0.0007121463616689048,-0.0002893094594279926,-0.0,0.0,0.0,0.0,1.0,0.0,0.0,43.23067793684633,42.861961545715296,43.73742955554968,415.3307469134151,412.1427906555473,415.27062281186664,15369.010810226058,15012.904136347537,15553.82988985311,13327.96408528735,915.5971985800883,7.049292079595579,139.00510194751465,0.01404920963716528,0.22009374807830182,43853.23684111033
2024-10-20 12:21:11.955423,1.0,1.0,1.0,1.0,1.0,1.0,1.0,793404.0,0.0633751476531124,0.04025056580563931,0.04127296521748623,0.026059343378600053,0.03377676944149575,0.028032185471914422,-0.0007280424858133,0.0006962502375245095,-0.0002829510097702345,-0.0,0.0,0.0,0.0,1.0,0.0,0.0,46.042895835475846,44.31681189884148,45.73699099184951,431.38975198594994,424.35278670172937,419.94999797420616,17143.06517702889,15917.293873789222,16310.886438758494,14363.056743348941,948.8695763794118,7.327882290892272,144.54788321926205,0.013713120099386111,0.22371109167450534,44526.49654569655
2024-10-20 12:21:12.034423,1.0,1.0,1.0,1.0,1.0,1.0,1.0,793405.0,0.0637848167388594,0.04089256110871732,0.04089256110871732,0.026022089115979988,0.03380547898296581,0.027224576194402335,-0.000734400935471058,0.0006930710126956305,-0.00025751721113920217,-0.0,0.0,0.0,0.0,1.0,0.0,0.0,48.39837361071981,47.37848936077202,47.79064422814357,436.00670877668966,439.7768490054754,432.07206855926535,18068.493239438387,17736.35753626634,17426.397720443245,15538.214527067,975.6448050235416,7.706242470109135,152.0830307959466,0.013247822230846544,0.22751700404962086,44590.72943726528
2024-10-20 12:21:12.041926,1.0,1.0,1.0,1.0,1.0,1.0,1.0,793406.0,0.0631280701133826,0.04127296521748624,0.04108320345271294,0.025910004937642474,0.03377676944149575,0.02672103991000101,-0.0007153255864977838,0.0007248632609844209,-0.000241621086994807,-0.0,0.0,0.0,0.0,1.0,0.0,0.0,50.277034161706936,50.423685262234,51.64361098712072,446.27209187541615,442.54988082030826,451.1747185913622,19009.978912951225,18794.36160880225,19871.92838112849,16903.533539775683,998.5226140415505,8.186790768059256,161.65568295059137,0.012704199176002968,0.23156247421831377,44449.226686165246
2024-10-20 12:21:12.119427,1.0,1.0,1.0,1.0,1.0,1.0,1.0,793407.0,0.0623809660457355,0.041587310697157,0.04037978143756249,0.025910004937642474,0.03380547898296581,0.026170787978491077,-0.0007057879120111467,0.0007216840361555419,-0.0002257249628504118,-0.0,0.0,0.0,0.0,1.0,0.0,0.0,53.6516619026029,53.885415805277944,54.59213286803077,458.1654969148183,454.84744345777256,458.1107950670833,20771.722807683516,20542.57130577623,21260.064958915926,18418.50026196722,1015.7732662220325,8.76388830096941,173.15254054288292,0.012124900520869172,0.2358956558585393,44119.105161091444
2024-10-20 12:21:12.126428,1.0,1.0,1.0,1.0,1.0,1.0,1.0,793408.0,0.06263099095985032,0.041774782619765874,0.040185802182344105,0.025947420126718565,0.033546208593426816,0.026318646714264433,-0.0007216840361555419,0.0006962502375245095,-0.0002352626373370489,-0.0,0.0,0.0,0.0,1.0,0.0,0.0,57.803632995129696,58.29465688928583,56.79772897822877,460.31627152816577,475.35499550125905,466.4544513380122,22275.208649408258,23508.81289089757,22159.965297417053,20086.370345077066,1029.8258051163548,9.421428212924022,186.2554878685884,0.011532627223710656,0.2405567417305282,43854.51044243727
2024-10-20 12:21:12.204428,1.0,1.0,1.0,1.0,1.0,1.0,1.0,793409.0,0.062046032264072626,0.0420853800755884,0.039729500910396995,0.026170787978491077,0.03296275176192149,0.026829736114304472,-0.0007216840361555419,0.0007026086871822677,-0.00023844186216592797,-0.0,0.0,0.0,0.0,1.0,0.0,0.0,61.715892504279175,61.01233949489484,61.761859338470295,477.12245562811853,476.9640880781982,478.53379302200256,24710.025629227992,24381.753609573007,24739.118056051742,21922.876366192624,1043.9247661397137,10.138145584435138,200.5394020897331,0.010966056762803666,0.24557528579896956,43887.47133423439
2024-10-20 12:21:12.287427,1.0,1.0,1.0,1.0,1.0,1.0,1.0,793410.0,0.061582524004157646,0.0420853800755884,0.03953233095432663,0.026244821472867705,0.032815266674204355,0.02646567940419046,-0.0007185048113266629,0.0007185048113266629,-0.000241621086994807,-0.0,0.0,0.0,0.0,1.0,0.0,0.0,65.12219393466948,65.52597070553077,65.97664455316661,485.5264842340771,481.0301680947863,483.18976498177653,26389.274294608724,26152.854913630094,26851.70983899547,23694.013377396866,1049.6765268131335,10.890261523113727,215.55322545778142,0.01033953592259215,0.2509695542059857,43811.73311867419
2024-10-20 12:21:12.295427,1.0,1.0,1.0,1.0,1.0,1.0,1.0,793411.0,0.06200403832879543,0.0420853800755884,0.03966388649582423,0.026170787978491077,0.03254810944778678,0.026207830867489117,-0.000731221710642179,0.0006867125630378724,-0.0002638756607969603,-0.0,0.0,0.0,0.0,1.0,0.0,0.0,70.46209326880597,69.1617679440007,69.05986523299715,486.46571361267064,493.7545894526655,479.3966114727797,28780.857638625508,28487.17267956848,27354.13758789097,25377.211108024814,1051.103143258941,11.64107493019698,230.5525551301893,0.009745420793850676,0.2567391842435525,44023.35953677083
2024-10-20 12:21:12.372935,1.0,1.0,1.0,1.0,1.0,1.0,1.0,793412.0,0.061667057364478396,0.04251640472283598,0.03979500713939933,0.025608715566353565,0.03296275176192149,0.025797433782787597,-0.0006835333382089934,0.0006930710126956305,-0.00025433798631032317,-0.0,0.0,0.0,0.0,1.0,0.0,0.0,73.10191908262989,74.31345064992077,73.31134623336628,481.8676028969124,493.64781549042794,490.7736235427282,29157.731079913523,30617.4377257443,29935.91139856885,27023.48105356862,1049.9180873576527,12.403431507906667,245.78606508531507,0.009201345092941573,0.2628900363264141,43935.04617262058
2024-10-20 12:21:12.379934,1.0,1.0,1.0,1.0,1.0,1.0,1.0,793413.0,0.06120067897500959,0.04251640472283598,0.04070102581168386,0.025684369248357337,0.032933307582966455,0.025456733716313067,-0.0006867125630378724,0.0007089671368400258,-0.0002511587614814441,-0.0,0.0,0.0,0.0,1.0,0.0,0.0,77.47209803149126,77.32881042322916,77.90426673332756,488.2244197010145,492.1566396154573,492.29312376729104,31418.951854307204,31572.64240245729,31807.505028571606,28668.826710445417,1049.1996124064408,13.161232621402284,260.9294988098876,0.008719371825499651,0.26941985627644965,44091.47051915398
2024-10-20 12:21:12.457935,1.0,1.0,1.0,1.0,1.0,1.0,1.0,793414.0,0.060902033238250136,0.0419614169784043,0.04082881584609786,0.025608715566353565,0.03227874115189541,0.025111411613631566,-0.0006549203147490821,0.0006771748885512353,-0.00024480031182368605,-0.0,0.0,0.0,0.0,1.0,0.0,0.0,81.85774799212857,81.79121197976,81.10579816569168,487.9779734949539,496.7862128527919,492.8655021530572,33022.91059629363,33854.14164184222,32995.04786000112,30312.29097060443,1048.895990156936,13.913551843520109,275.9673593769598,0.008278538504584806,0.276326002101423,44279.74435916156
2024-10-20 12:21:12.540938,1.0,1.0,1.0,1.0,1.0,1.0,1.0,793415.0,0.06021385257881442,0.041209808385968265,0.04101975445198809,0.02564657030330141,0.032007105962223864,0.025456733716313067,-0.0006040527174870175,0.0006294865161180497,-0.00025433798631032317,-0.0,0.0,0.0,0.0,1.0,0.0,0.0,85.33064576719543,86.47690297996755,85.06006253990628,487.63963096586946,499.39689369153916,496.3695190028656,34260.25703641061,35989.81151512367,34947.71731634296,32034.385702095205,1051.356729139345,14.66393362687793,290.9629448555164,0.007895997557563978,0.2836074158576458,44567.07805351747
2024-10-20 12:21:12.548938,1.0,1.0,1.0,1.0,1.0,1.0,1.0,793416.0,0.06004057494595437,0.03986040571620479,0.04076497090344803,0.025910004937642474,0.03185519667586617,0.025303839037745666,-0.0006358449657758078,0.0005786189188559852,-0.0002511587614814441,-0.0,0.0,0.0,0.0,1.0,0.0,0.0,89.1997463289714,90.27491343258562,89.18726073981169,490.75346533388995,500.67343168389635,496.72167087221715,36115.14851218278,37538.798401143766,36703.74319701571,33704.15509657931,1053.1648789771364,15.396479973186084,305.6035950363066,0.007553688997309497,0.2912552152087058,45036.92218202137
2024-10-20 12:21:12.626441,1.0,1.0,1.0,1.0,1.0,1.0,1.0,793417.0,0.06047283808617587,0.03979500713939933,0.04139898983206046,0.02564657030330141,0.03188563643118791,0.025342149186916324,-0.0006326657409469288,0.0005595435698827109,-0.00026069643596808123,-0.0,0.0,0.0,0.0,1.0,0.0,0.0,93.30938480032734,93.67990172399044,93.51712801108792,496.4595919953556,500.9644842208305,496.061231575057,38346.970663061315,38736.883576221524,38442.10742041847,35373.23094816777,1053.302123897367,16.15167696868601,320.69571099131355,0.007237107289042257,0.29928069818810493,44865.065622381946
2024-10-20 12:21:12.633440,1.0,1.0,1.0,1.0,1.0,1.0,1.0,793418.0,0.059605177069485184,0.03946638873835309,0.04152463197171362,0.025532837723818223,0.03182472780550264,0.025188558989287076,-0.0006104111671447755,0.0005436474457383157,-0.00025751721113920217,-0.0,0.0,0.0,0.0,1.0,0.0,0.0,96.84025092627999,97.39604237029843,97.91036285760579,500.11077055263144,497.957261214129,500.2612956927534,40015.97922339313,39944.417132294315,40833.29958593846,37075.357975207466,1055.5746788551999,16.887758041693694,335.4036397531984,0.006962206217278547,0.3076742504241083,45385.00006850525
2024-10-20 12:21:12.712446,1.0,1.0,1.0,1.0,1.0,1.0,1.0,793419.0,0.059910287830504866,0.039201510653345636,0.041461858493688546,0.024995244090384144,0.03170255949350469,0.02507274890923307,-0.0005976942678292594,0.0005150344222784043,-0.0002734133352835974,-0.0,0.0,0.0,0.0,1.0,0.0,0.0,100.58998087793218,102.11274415315371,101.24425976356618,495.77388206278073,503.09915972501193,504.4116506004925,41005.77981251127,42639.10791359853,42414.29197510872,38774.75975574307,1058.433622799745,17.609463923612758,349.8298551402758,0.0066993048232876174,0.3164288219755501,45864.82961900563
2024-10-20 12:21:12.719445,1.0,1.0,1.0,1.0,1.0,1.0,1.0,793420.0,0.06008394120292352,0.03893483061427055,0.041336025552530284,0.024564596844570415,0.03188563643118791,0.025342149186916324,-0.0005976942678292594,0.0005086759726206463,-0.00026069643596808123,-0.0,0.0,0.0,0.0,1.0,0.0,0.0,105.53323295996304,105.32826124076513,104.56879885440964,500.99313621762707,507.12052408945726,499.22494483206935,43767.64354494519,44220.25251491962,43100.74534139639,40398.5028793546,1058.4561544016058,18.342010203134826,364.47167320198054,0.006456573828290714,0.3255498083483141,45850.769162631346
2024-10-20 12:21:12.796947,1.0,1.0,1.0,1.0,1.0,1.0,1.0,793421.0,0.05916657525265935,0.03880080326089556,0.041587310697157,0.024761274097977876,0.03221857569203676,0.025835012001953723,-0.0005913358181715013,0.0005277513215939206,-0.00027977178494135546,-0.0,0.0,0.0,0.0,1.0,0.0,0.0,109.18736377438334,108.96126577044102,108.8581442216839,502.2291776133051,505.2584327287864,503.3018924921364,45310.422079130876,45570.63411213903,45334.813602778544,42054.82309912407,1059.426671544652,19.07221468632457,379.06727233827525,0.006231634415065093,0.3350360529032982,46071.71786502235
2024-10-20 12:21:12.879947,1.0,1.0,1.0,1.0,1.0,1.0,1.0,793422.0,0.05960517706948518,0.03886787470812279,0.041461858493688546,0.025303839037745666,0.03212811624624381,0.026207830867489117,-0.0006358449657758078,0.0005563643450538319,-0.00029566790908575063,-0.0,0.0,0.0,0.0,1.0,0.0,0.0,113.03428839487142,112.11858412970778,113.33623094210199,506.3278539166912,505.242427590145,500.7553229899954,47562.282995996895,46531.06151493014,46974.92206445856,43625.71151629862,1057.5851413749635,19.814711368193308,393.91141358281874,0.006012739062332134,0.3448937754631911,45938.0211671563
2024-10-20 12:21:12.887947,1.0,1.0,1.0,1.0,1.0,1.0,1.0,793423.0,0.058946050537339326,0.03906839817849147,0.04070102581168387,0.025608715566353565,0.03248844283583844,0.02646567940419046,-0.0006612787644068402,0.0005881565933426223,-0.0003179224828879039,-0.0,0.0,0.0,0.0,1.0,0.0,0.0,116.33228892156565,117.49058374797622,116.1008688371712,498.8343127883069,509.0692834514769,504.5063117640905,47797.42580172675,49623.24164889163,48387.48816290514,45162.96589008735,1055.6472037912424,20.54630287293918,408.5404237485857,0.005805506043960707,0.35511759232390244,46180.842739554246
2024-10-20 12:21:12.964633,1.0,1.0,1.0,1.0,1.0,1.0,1.0,793424.0,0.05903435927679556,0.03979500713939933,0.04044423444177086,0.025835012001953723,0.03251828982682399,0.02679355304171941,-0.0006898917878667515,0.0006072319423158965,-0.0003401770566900572,-0.0,0.0,0.0,0.0,1.0,0.0,0.0,120.36367017535855,119.9447195647313,120.87824749657244,503.51303310184534,504.5261913587744,503.5977068953375,50101.342631498366,49851.85439608676,50335.32672995655,46616.441398663665,1051.5749474000768,21.285425324077547,423.3214434954566,0.005607271054607856,0.36571130755971204,45982.35636330128
2024-10-20 12:21:12.972633,1.0,1.0,1.0,1.0,1.0,1.0,1.0,793425.0,0.05912253611350746,0.039925697169818586,0.04063698009803076,0.025494814117130813,0.03251828982682399,0.026355481787173698,-0.0007089671368400258,0.0006326657409469288,-0.0003401770566900572,-0.0,0.0,0.0,0.0,1.0,0.0,0.0,123.85688429179649,124.27789858426699,124.25796594037422,501.7167248977449,504.96155913750783,503.1058107518347,51185.899043710124,51708.816673469235,51673.2988311042,48005.90585455765,1047.7964696633405,21.994685926972675,437.51114470610185,0.00541624881860632,0.37666012328999593,46333.15532174908
2024-10-20 12:21:13.050136,1.0,1.0,1.0,1.0,1.0,1.0,1.0,793426.0,0.05921058163676667,0.040055960801949016,0.041461858493688546,0.025111411613631566,0.03245856839932655,0.026538890275460948,-0.0006771748885512353,0.0006390241906046868,-0.00037514852980772667,-0.0,0.0,0.0,0.0,1.0,0.0,0.0,128.10135253851658,127.1083017701197,128.35872171508035,502.73930971075276,504.79476199079505,499.72507840573985,53323.14031452308,52662.68866058583,52799.3625650748,49375.599189557826,1042.2866803918428,22.737706598847037,452.3728928122535,0.005236322217316361,0.38798085764089796,45677.570379923825
2024-10-20 12:21:13.133638,1.0,1.0,1.0,1.0,1.0,1.0,1.0,793427.0,0.05991028783050486,0.03953233095432663,0.04108320345271294,0.025188558989287076,0.03227874115189541,0.026829736114304472,-0.0006962502375245095,0.0006263072912891707,-0.00036879008014996856,-0.0,0.0,0.0,0.0,1.0,0.0,0.0,132.3465958909824,131.36326597801724,131.01850880885613,499.8784106016204,507.777847935023,497.5568511624586,54722.456456710956,55021.25181781674,53399.66424521905,50788.77718854543,1038.2755198096247,23.474979883212725,467.11791555860026,0.005072809683976399,0.39967058953378726,45674.999000679694
2024-10-20 12:21:13.141638,1.0,1.0,1.0,1.0,1.0,1.0,1.0,793428.0,0.06004057494595436,0.03999088202492748,0.04012093401707996,0.025456733716313067,0.03248844283583844,0.02668470945144587,-0.0007185048113266629,0.0006612787644068402,-0.0003528939560055733,-0.0,0.0,0.0,0.0,1.0,0.0,0.0,135.33456529714078,135.5515552336336,134.94170280495112,497.8901633433736,505.93745603702894,498.6448224388015,55551.531777842036,56493.27747196285,55283.829463407026,52145.87830585076,1033.2411617244786,24.21584286815603,481.9363340341434,0.004915218813439677,0.411731155713451,45477.477172359424
2024-10-20 12:21:13.218638,1.0,1.0,1.0,1.0,1.0,1.0,1.0,793429.0,0.06008394120292352,0.03979500713939933,0.04037978143756248,0.02564657030330141,0.03245856839932655,0.026611899740163612,-0.0007026086871822677,0.0006612787644068402,-0.00032746015737454104,-0.0,0.0,0.0,0.0,1.0,0.0,0.0,138.73962619923137,138.73412158952286,139.35072452758834,499.49002517724745,502.2396829648267,498.92995834587174,57125.93307169023,57158.75806839194,57316.94134898233,53527.756511889114,1029.63524940669,24.94103216509866,496.4402906599551,0.0047719609723071935,0.4241546867007031,45640.38850284794
2024-10-20 12:21:13.226141,1.0,1.0,1.0,1.0,1.0,1.0,1.0,793430.0,0.06008394120292352,0.03900167157440239,0.04070102581168387,0.025872535641194412,0.032398736885968185,0.02657542007977932,-0.0007057879120111467,0.0006326657409469288,-0.0003274601573745411,-0.0,0.0,0.0,0.0,1.0,0.0,0.0,142.3044669320324,142.0817375390753,143.44199130363083,499.28921918323744,500.43799919708385,498.9100781655923,58602.740375582805,58238.96272985865,59032.23100517307,54908.648150050074,1027.4935694886808,25.63429134022963,510.30875702256515,0.004636503795790389,0.4369252792074232,46117.173607947574
2024-10-20 12:21:13.303643,1.0,1.0,1.0,1.0,1.0,1.0,1.0,793431.0,0.06047283808617587,0.03859888964444313,0.04012093401707996,0.025722112647481858,0.03224867245309928,0.026318646714264433,-0.0007057879120111467,0.0006199488416314126,-0.00029248868425687163,-0.0,0.0,0.0,0.0,1.0,0.0,0.0,145.699929119197,146.1318576944859,147.01090072866432,496.93748817392134,500.21072283608174,500.27000652549106,59549.64161290822,59984.2841526686,60653.658599414564,56299.12047279018,1025.0153128583706,26.3436167289303,524.4965535188303,0.0045092158078025735,0.45005092454270773,45871.95930605628
2024-10-20 12:21:13.387146,1.0,1.0,1.0,1.0,1.0,1.0,1.0,793432.0,0.06008394120292352,0.039135011011481306,0.040315225390783915,0.025608715566353565,0.03224867245309928,0.02613369258354722,-0.0006962502375245095,0.0006104111671447755,-0.0002861302345991135,-0.0,0.0,0.0,0.0,1.0,0.0,0.0,149.74876864549972,149.93285616770106,150.0603317589401,495.43089171022507,502.34833998361904,498.45199737191695,61054.41774532585,61931.2129180848,61437.445735622,57662.68464888533,1022.1311893083137,27.054525318606903,538.7156593878888,0.004389001389382921,0.46353240623071945,45817.70541102926
2024-10-20 12:21:13.395146,1.0,1.0,1.0,1.0,1.0,1.0,1.0,793433.0,0.060300304672981635,0.03880080326089556,0.04012093401707996,0.025608715566353565,0.03242866644143693,0.025872535641194412,-0.0006930710126956305,0.0005913358181715013,-0.00025433798631032317,-0.0,0.0,0.0,0.0,1.0,0.0,0.0,153.3008287617353,153.18860111837967,154.2019267187515,498.21822480653753,499.68215269610954,498.29497964475195,62820.3296059283,62660.1867622252,63294.16699767965,59059.29978642763,1019.3259449789423,27.782922005630745,553.2820709326843,0.004276672517471335,0.4773784156748472,45533.800264926984
2024-10-20 12:21:13.472648,1.0,1.0,1.0,1.0,1.0,1.0,1.0,793434.0,0.05977971676101447,0.03906839817849147,0.04063698009803076,0.025532837723818223,0.03254810944778678,0.02564657030330141,-0.0006676372140645982,0.0006040527174870175,-0.0002352626373370489,-0.0,0.0,0.0,0.0,1.0,0.0,0.0,156.55305039147473,157.98759018817253,157.02732416235435,494.2250952362423,501.3530979556545,499.78930465803757,63289.898944392524,65161.559060793596,64576.26419307715,60424.831857031306,1016.8174958544904,28.49234379798785,567.4711960455509,0.004168979447689179,0.4915795111964715,45806.05131962896
2024-10-20 12:21:13.479648,1.0,1.0,1.0,1.0,1.0,1.0,1.0,793435.0,0.060170579951896654,0.03946638873835309,0.04076497090344803,0.025835012001953723,0.03248844283583844,0.02613369258354722,-0.0006771748885512353,0.0006167696168025336,-0.00024480031182368605,-0.0,0.0,0.0,0.0,1.0,0.0,0.0,161.3490771387298,160.57268244620658,160.48832434234774,497.56907754222567,501.6916916886658,495.63271859365346,65997.58931681848,66062.30600799527,65210.52451903212,61784.57238620245,1014.5074345053599,29.196850612728863,581.562230160149,0.0040668463286122,0.5061332380460898,45879.78898764106
2024-10-20 12:21:13.558154,1.0,1.0,1.0,1.0,1.0,1.0,1.0,793436.0,0.06004057494595438,0.04037978143756249,0.03979500713939933,0.026022089115979988,0.03284481667269478,0.026611899740163612,-0.0006835333382089934,0.0006676372140645982,-0.00022890418767929085,-0.0,0.0,0.0,0.0,1.0,0.0,0.0,164.696497130763,164.20251574749,164.31036408264535,496.53514545516117,500.94058458097084,496.52586704898613,67126.04507729156,67442.88947617005,66877.31455469136,63122.39077929736,1012.1876467096916,29.894470888644893,595.5164861946695,0.003968846926689853,0.5210361733211936,45981.638655809824
2024-10-20 12:21:13.562153,1.0,1.0,1.0,1.0,1.0,1.0,1.0,793437.0,0.059342404987252025,0.04044423444177086,0.039729500910396995,0.026355481787173698,0.03363285413230715,0.026244821472867705,-0.0006771748885512353,0.0006962502375245095,-0.00020347038904825854,-0.0,0.0,0.0,0.0,1.0,0.0,0.0,167.2483600091468,168.27371587831388,168.45855395155215,495.9399144170448,497.3607448312155,499.3075044727732,67724.17242601534,68528.94111535765,69326.47068836428,64446.55880792034,1009.3629161668215,30.604122292574264,609.7106344165214,0.003874986860085983,0.5362943203782367,45771.468426454405
2024-10-20 12:21:13.643657,1.0,1.0,1.0,1.0,1.0,1.0,1.0,793438.0,0.059910287830504866,0.04012093401707996,0.039925697169818586,0.026392265450275895,0.03351727697218139,0.026538890275460948,-0.0006803541133801144,0.0006867125630378724,-0.0002257249628504118,-0.0,0.0,0.0,0.0,1.0,0.0,0.0,172.33325840001095,170.83881716901567,171.59850308655143,497.49465273194886,498.9703896193646,495.00761816179994,70412.08997249126,69767.35300098367,69589.45237993321,65786.97367577761,1006.0980584786379,31.339235973096187,624.4116244924878,0.0037861404334701017,0.5519203630496935,45335.42497045987
2024-10-20 12:21:13.726705,1.0,1.0,1.0,1.0,1.0,1.0,1.0,793439.0,0.059254555338807656,0.04063698009803076,0.03979500713939933,0.026428997918226275,0.03360399710929144,0.02668470945144587,-0.0006898917878667515,0.0007153255864977838,-0.0002511587614814441,-0.0,0.0,0.0,0.0,1.0,0.0,0.0,175.15905766296987,175.3162442424655,175.10118343914883,494.25512189249054,499.16402619649665,496.2322445873022,70860.44457301813,71747.54231878174,71254.32573363214,67096.46234711539,1002.6441705341007,32.07035051808156,639.0343031167781,0.003699222500726234,0.5679123415737057,45333.318887106994
2024-10-20 12:21:13.729705,1.0,1.0,1.0,1.0,1.0,1.0,1.0,793440.0,0.058813338810543125,0.041587310697157,0.04012093401707996,0.02613369258354722,0.033661686417184034,0.02657542007977932,-0.0006676372140645982,0.0007534762844443322,-0.0002734133352835974,-0.0,0.0,0.0,0.0,1.0,0.0,0.0,179.29592019450794,178.39236210751886,178.62838997715048,494.9467011480356,499.2238966267906,494.9508206715135,72795.0608644467,73015.41204011482,72368.27210661901,68474.53400793734,1000.3874281383514,32.800287177303005,653.6303989879895,0.0036209203676033086,0.5842695907108421,45359.56568897937
2024-10-20 12:21:13.811627,1.0,1.0,1.0,1.0,1.0,1.0,1.0,793441.0,0.05921058163676667,0.0418370865807396,0.04044423444177086,0.02646567940419046,0.0337192770263005,0.026281760015388615,-0.0007121463616689048,0.0007630139589309693,-0.00027977178494135546,-0.0,0.0,0.0,0.0,1.0,0.0,0.0,182.64917476787724,182.708540848654,181.51039267365383,491.51559125561664,499.4619810916079,495.05548858429495,73415.66112765594,75086.43167947281,73485.86333461996,69692.63941796843,996.5369446374979,33.51004244280746,667.8284103872677,0.0035398917696548102,0.60098214830681,45578.15561753766
2024-10-20 12:21:13.815627,1.0,1.0,1.0,1.0,1.0,1.0,1.0,793442.0,0.05964885987276111,0.04127296521748623,0.03986040571620479,0.026428997918226275,0.03377676944149575,0.026244821472867705,-0.0007185048113266629,0.0007534762844443322,-0.0002734133352835974,-0.0,0.0,0.0,0.0,1.0,0.0,0.0,185.60228455923686,186.29238210692918,185.55170473237467,491.26064058860095,497.65739069644684,495.67930664326656,74460.6947385578,76142.01655036921,75378.9659686371,70965.02493612643,994.4892655216363,34.18952330300875,681.421201623523,0.003464898319368361,0.6180348685896186,46057.229611601746
2024-10-20 12:21:13.897251,1.0,1.0,1.0,1.0,1.0,1.0,1.0,793443.0,0.05977971676101447,0.041336025552530284,0.03979500713939933,0.02664832946254422,0.033284918697807614,0.02646567940419046,-0.000734400935471058,0.0007566555092732113,-0.0002861302345991135,-0.0,0.0,0.0,0.0,1.0,0.0,0.0,189.33040246045024,188.97714960449062,189.48135897108932,491.5018539100391,495.4358961137866,493.02994642834796,76101.36370254162,76561.0088565639,76431.90264731638,71955.92405938401,988.5201543571053,34.87335956454423,695.108194708121,0.003382233045826485,0.6354301089819107,45769.51675470583
2024-10-20 12:21:13.980290,1.0,1.0,1.0,1.0,1.0,1.0,1.0,793444.0,0.060343484273697845,0.04076497090344803,0.039532330954326636,0.026901956261409284,0.0333431600699038,0.026428997918226275,-0.0007661931837598485,0.000734400935471058,-0.0002988471339146297,-0.0,0.0,0.0,0.0,1.0,0.0,0.0,192.91763348986515,191.6344114554744,193.12626067783165,489.8060810455342,491.82126463174575,489.812716190045,77161.51472832584,76743.63484745251,77123.94590366242,72570.39988247023,975.0748597966901,35.652875869661365,710.7108391160168,0.0032910083968952634,0.6532158090929876,43637.93310822242
2024-10-20 12:21:13.984290,1.0,1.0,1.0,1.0,1.0,1.0,1.0,793445.0,0.059910287830504866,0.04089256110871732,0.039729500910396995,0.02736674204979371,0.03348832035600082,0.026059343378600053,-0.0008138815561930341,0.0007439386099576951,-0.00027977178494135546,-0.0,0.0,0.0,0.0,1.0,0.0,0.0,195.61933370439988,194.8070977315464,196.2864791220953,484.5887036100647,486.43962432748117,486.09757275414455,77067.67176418201,76956.42503191199,77634.02288547817,72774.04977736762,957.634096515367,36.400561298130704,725.6852983637164,0.003194906226648011,0.6713762484465902,43248.66391690846
2024-10-20 12:21:14.065138,1.0,1.0,1.0,1.0,1.0,1.0,1.0,793446.0,0.059473936153392935,0.04050858489526056,0.04070102581168387,0.02733126991297999,0.033226575237181734,0.025947420126718565,-0.0008138815561930341,0.0007216840361555419,-0.00029566790908575063,-0.0,0.0,0.0,0.0,1.0,0.0,0.0,198.40979325644082,198.18936601105247,198.08148016678857,476.9223954659293,483.1550364382438,480.5026752023201,76674.8963832409,77902.47594472324,77102.45572305187,72787.94951425209,937.1545054223943,37.19981830522641,741.6852970788515,0.003106290744102897,0.689937091400733,41380.61755315165
2024-10-20 12:21:14.068137,1.0,1.0,1.0,1.0,1.0,1.0,1.0,793447.0,0.059605177069485184,0.04057283328598263,0.04050858489526056,0.02736674204979371,0.032637404840404415,0.026096544458751023,-0.000817060781021913,0.0007185048113266629,-0.00031156403323014586,-0.0,0.0,0.0,0.0,1.0,0.0,0.0,201.14921503918794,199.7876028117805,200.26587076107018,472.6169429261996,477.2921207644988,472.3099172398649,77495.7006834832,77628.59068219618,76750.70717984135,72871.77663304082,921.1691936127753,37.88638563793666,755.424967104072,0.0030390146960276466,0.7088417727167582,42348.45292202298
2024-10-20 12:21:14.150303,1.0,1.0,1.0,1.0,1.0,1.0,1.0,793448.0,0.05943012477643178,0.04063698009803076,0.041461858493688546,0.027508173183166423,0.03260766687993288,0.026059343378600053,-0.000817060781021913,0.0007153255864977838,-0.0003083848084012668,-0.0,0.0,0.0,0.0,1.0,0.0,0.0,201.98728861785202,202.00600039731697,202.17956734934256,465.8752366283147,470.6327111244459,468.98831500526506,77107.13449836605,78122.47387897347,77801.86442870474,73276.94044114847,910.3060118900376,38.55027264235051,768.6901195991205,0.0030030050232979044,0.7280784174857372,42200.48062162221
2024-10-20 12:21:14.153303,1.0,1.0,1.0,1.0,1.0,1.0,1.0,793449.0,0.059254555338807656,0.04025056580563931,0.04189929789626443,0.02764888086939877,0.03254810944778678,0.026392265450275895,-0.0008202400058507923,0.0006994294623533886,-0.000321101707716783,-0.0,0.0,0.0,0.0,1.0,0.0,0.0,203.78936098983831,202.39818460866692,203.10592390009447,463.2028365314245,467.17002488112485,462.9266272270771,78677.39621602702,78673.75625431216,78081.71136440229,74091.05707230435,906.7016812091513,39.13353432174398,780.3200247452207,0.0030033853706293015,0.7476061032714905,43393.56980661314
2024-10-20 12:21:14.235859,1.0,1.0,1.0,1.0,1.0,1.0,1.0,793450.0,0.05903435927679557,0.03999088202492748,0.041774782619765874,0.027962884536546752,0.032696799620819436,0.026392265450275895,-0.0008329569051663084,0.0007057879120111467,-0.00032746015737454104,-0.0,0.0,0.0,0.0,1.0,0.0,0.0,203.34810052754617,203.44757409349657,203.88021333439198,460.05861807400277,465.21535092020935,465.4629951036205,78984.35700759101,80234.88680969372,80302.73999032426,75445.36032638472,908.1247984174156,39.788026068818716,793.3382317200485,0.003043993250803825,0.7674595726424867,42484.39296726879
2024-10-20 12:21:14.318877,1.0,1.0,1.0,1.0,1.0,1.0,1.0,793451.0,0.058813338810543125,0.03979500713939933,0.04139898983206045,0.027962884536546752,0.03242866644143693,0.026865870455412305,-0.0008011646568775178,0.0006994294623533886,-0.00032746015737454104,-0.0,0.0,0.0,0.0,1.0,0.0,0.0,202.8488538383491,203.24256120976077,204.254069468753,463.8453941663861,468.6842410325893,468.7550830381049,80879.94267871584,82010.18734876478,82514.81153941789,77364.30678537866,917.1979783582053,40.39975871471022,805.4691877414159,0.003126239652352889,0.787616621942171,43845.83062296917
2024-10-20 12:21:14.321877,1.0,1.0,1.0,1.0,1.0,1.0,1.0,793452.0,0.058813338810543125,0.03966388649582423,0.0420853800755884,0.02789341142414604,0.03221857569203676,0.02697398304697218,-0.0007820893079042436,0.0007026086871822677,-0.0003338186070322991,-0.0,0.0,0.0,0.0,1.0,0.0,0.0,203.37509413538308,202.36887666196935,202.49164476806874,472.42817491569326,477.38190402564936,472.54862610673086,84139.18260520026,84609.53765727307,83571.3043157101,79602.54087967344,929.3275813196042,41.03078885142756,817.9551399315029,0.00324224463083379,0.808086135030265,44400.96228474742
2024-10-20 12:21:14.403683,1.0,1.0,1.0,1.0,1.0,1.0,1.0,793453.0,0.05872469770694884,0.03999088202492748,0.04251640472283598,0.02789341142414604,0.03245856839932655,0.026865870455412305,-0.0007852685327331227,0.0006962502375245095,-0.00033699783186117815,-0.0,0.0,0.0,0.0,1.0,0.0,0.0,201.76986148702704,201.51470595183335,201.69089867951396,479.5599255014671,485.6611111914656,484.6473508087268,85861.2161398123,87137.80573402975,86731.09991811452,81989.34673939596,941.9428731675936,41.70082669838056,831.1975292451849,0.0033800345767913487,0.828887041917531,44671.55221365798
2024-10-20 12:21:14.406680,1.0,1.0,1.0,1.0,1.0,1.0,1.0,793454.0,0.05805557562576054,0.040055960801949016,0.0420853800755884,0.028170275891210916,0.032308781866774994,0.02715321414192533,-0.0008011646568775178,0.0007153255864977838,-0.00030520558357238775,-0.0,0.0,0.0,0.0,1.0,0.0,0.0,200.70862453439096,200.51860154172024,199.88248323762588,490.1521108607518,496.3489053323656,493.7321504962029,88576.59606111883,89929.36393133018,88888.7563711102,84451.87098349111,954.2598923636054,42.40533907165726,845.1114520022286,0.003531783375030913,0.8500361478808562,45001.65097671448
2024-10-20 12:21:14.488708,1.0,1.0,1.0,1.0,1.0,1.0,1.0,793455.0,0.05783081452011861,0.03959816335788845,0.041774782619765874,0.028032185471914422,0.032696799620819436,0.027578616763765378,-0.0007884477575620017,0.0007153255864977838,-0.0003306393822034201,-0.0,0.0,0.0,0.0,1.0,0.0,0.0,198.3188029747514,199.2537775639393,198.77805300125416,493.0997020988797,499.19641789763614,499.58195953181,89183.1341973146,91135.6539051243,90898.28040882261,85705.54433188835,952.2817157856273,43.129135039915816,859.4385970887803,0.003644988134617242,0.871543793902856,44683.88716280989
2024-10-20 12:21:14.572898,1.0,1.0,1.0,1.0,1.0,1.0,1.0,793456.0,0.05881333881054312,0.03959816335788845,0.04127296521748624,0.028376151535570014,0.032696799620819436,0.027260187166059602,-0.0008297776803374292,0.0006930710126956305,-0.0003179224828879039,-0.0,0.0,0.0,0.0,1.0,0.0,0.0,196.8566944369817,196.78371282682025,197.52664096697816,495.0932288631181,498.33988559330226,499.7537912018785,90063.19135973901,90829.88851624688,91455.05764246696,86103.57334800588,941.5501685925173,43.82696754821556,873.2711080087817,0.003728575279517234,0.893397601651209,44570.37449038533
2024-10-20 12:21:14.575894,1.0,1.0,1.0,1.0,1.0,1.0,1.0,793457.0,0.05943012477643178,0.03966388649582423,0.042023444236177564,0.028546580404464273,0.03254810944778678,0.027437548745241652,-0.0008615699286262196,0.0006930710126956305,-0.0003338186070322991,-0.0,0.0,0.0,0.0,1.0,0.0,0.0,195.3645304617819,195.53283702506513,195.5170592046168,494.535363535127,499.5759359002353,499.63834437325136,89871.30466189784,91173.53550037542,91078.8894982876,86052.77399236817,926.8975795255944,44.49622257514019,886.5526019389226,0.0037889166413926124,0.9155837818006392,44257.865650197826
2024-10-20 12:21:14.658639,1.0,1.0,1.0,1.0,1.0,1.0,1.0,793458.0,0.05934240498725203,0.03893483061427055,0.04139898983206046,0.02810131550407159,0.03254810944778678,0.02740216826792598,-0.0007948062072197599,0.0006612787644068402,-0.000324280932545662,-0.0,0.0,0.0,0.0,1.0,0.0,0.0,193.633342717585,194.17780650644033,194.83019237726208,493.82378874270006,497.8520923737452,500.21986141380705,88959.03301762867,90210.18586083801,90984.3439832083,85426.86156741883,908.9636627163322,45.04511812747687,897.4687008269207,0.003811358328442457,0.9380431398031696,45215.8464954726
2024-10-20 12:21:14.661639,1.0,1.0,1.0,1.0,1.0,1.0,1.0,793459.0,0.059561462228936886,0.03953233095432663,0.04120980838596827,0.028376151535570014,0.032756086704177324,0.02740216826792598,-0.000807523106535276,0.0006739956637223563,-0.00029566790908575063,-0.0,0.0,0.0,0.0,1.0,0.0,0.0,193.48842564443206,193.18947568727035,193.55081897742375,491.78739101313795,496.271970140354,496.0521466682373,88094.10500698988,88993.9757271356,89010.55233460787,84123.22702201121,885.1864685414988,45.54797765181009,907.5123413118764,0.003784154535550978,0.9607538421891781,44577.74869991501
2024-10-20 12:21:14.743444,1.0,1.0,1.0,1.0,1.0,1.0,1.0,793460.0,0.06025709413022506,0.03966388649582423,0.04076497090344803,0.028239067876162333,0.03251828982682399,0.027543417493819798,-0.000817060781021913,0.0006612787644068402,-0.0002734133352835974,-0.0,0.0,0.0,0.0,1.0,0.0,0.0,192.96229142532417,193.64210495983264,192.8006405362636,485.3243497581701,491.10948464884314,489.9658894363012,85658.13735195898,87352.14424295211,86689.14063746804,82067.14239472666,858.1442438702267,45.83109046908404,913.2304833956849,0.003699809399345952,0.9836076423791005,46554.666854836774
2024-10-20 12:21:14.825936,1.0,1.0,1.0,1.0,1.0,1.0,1.0,793461.0,0.060644880647415536,0.04012093401707996,0.04095620715673985,0.028307692686654416,0.032667115729434024,0.02736674204979371,-0.0008520322541395825,0.0006549203147490821,-0.00027023411045471834,-0.0,0.0,0.0,0.0,1.0,0.0,0.0,194.0181604802977,192.6935037410332,193.61998043580792,478.70255905442133,479.97103007846135,479.8441154617067,83947.99197205355,83659.34278174967,84035.1031537496,79483.9360949723,828.0018864680746,45.99828057663107,916.6835148076384,0.0035676297938084314,1.0065478554640948,46613.96587682975
2024-10-20 12:21:14.829933,1.0,1.0,1.0,1.0,1.0,1.0,1.0,793462.0,0.059953748327936485,0.039925697169818586,0.040185802182344105,0.028850815431501826,0.03272645658802371,0.02736674204979371,-0.0008552114789684616,0.0006390241906046868,-0.00026069643596808123,-0.0,0.0,0.0,0.0,1.0,0.0,0.0,194.35133088663486,194.2551536154,194.45941509981708,463.32529445131706,467.62014065696127,469.3535022354939,79950.40179903632,81095.64853722058,81355.8352548357,76528.02502975456,795.9105802115215,46.06545439175929,918.179537101428,0.003396852126045306,1.0295255068466531,46277.400391179755
2024-10-20 12:21:14.911871,1.0,1.0,1.0,1.0,1.0,1.0,1.0,793463.0,0.06021385257881441,0.03933417265909615,0.040055960801949016,0.028850815431501826,0.03251828982682399,0.02708166404617134,-0.0008615699286262197,0.0006294865161180497,-0.00023208341250816988,-0.0,0.0,0.0,0.0,1.0,0.0,0.0,195.79899950118528,195.24258052726924,195.71069156830123,449.91413017129344,452.76174633261576,451.37921629109434,77172.32263392139,77536.30187431118,77519.32636408659,73276.64559964146,761.2733902409452,46.106320821270394,919.1709976899172,0.003205003872405423,1.052527969755543,44573.33451684818
2024-10-20 12:21:14.915872,1.0,1.0,1.0,1.0,1.0,1.0,1.0,793464.0,0.06017057995189664,0.03953233095432663,0.040185802182344105,0.028614467730784514,0.032368779656366614,0.02700992441274364,-0.0008424945796529455,0.0006135903919736546,-0.0002511587614814441,-0.0,0.0,0.0,0.0,1.0,0.0,0.0,196.9445329579641,197.09725676996362,196.9664206776666,431.0271018969777,436.2347673780107,436.09808563007874,73115.16655749739,74490.61352269578,74216.49446928712,69951.2435140367,727.1704630047348,46.06904899395251,918.6087785810961,0.003008745956876511,1.0755163630035864,43757.587264756425
2024-10-20 12:21:14.997500,1.0,1.0,1.0,1.0,1.0,1.0,1.0,793465.0,0.060644880647415536,0.039201510653345636,0.03999088202492748,0.028376151535570014,0.032007105962223864,0.02664832946254422,-0.0008297776803374294,0.000565902019540469,-0.00023844186216592797,-0.0,0.0,0.0,0.0,1.0,0.0,0.0,199.01292403909682,197.89690730631202,199.10653842889087,424.2966336023639,426.2655381242851,425.0911281007564,71866.94058234814,71746.80509906395,72035.62561334121,67953.79615730135,708.3449395554749,45.93655271841983,916.0945711348489,0.0028697007911203582,1.0984418376394536,44193.79593133129
2024-10-20 12:21:15.001500,1.0,1.0,1.0,1.0,1.0,1.0,1.0,793466.0,0.060170579951896654,0.03853134997827472,0.03959816335788845,0.028341942781077132,0.03194642892952922,0.026901956261409284,-0.000804343881706397,0.0005595435698827109,-0.00023208341250816988,-0.0,0.0,0.0,0.0,1.0,0.0,0.0,200.1319196879389,200.93560348898984,200.21230614747267,416.616796684174,423.39817157725037,421.63406294135115,69931.95172718786,71809.52202390204,70997.59572817448,66996.31248175373,700.0958100151225,45.818688520257794,913.8287201150392,0.0027773059119657654,1.1213106088391034,43459.266986982235
2024-10-20 12:21:15.081513,1.0,1.0,1.0,1.0,1.0,1.0,1.0,793467.0,0.060127276182378155,0.03893483061427055,0.03926789767914727,0.02820469285687616,0.03194642892952922,0.02664832946254422,-0.0008011646568775178,0.000572260469198227,-0.00021618728836377468,-0.0,0.0,0.0,0.0,1.0,0.0,0.0,202.17903659309167,201.45645031581805,202.2863303844129,415.3502483203799,418.5813416142104,417.2977204123023,70278.62951400262,70641.59462925521,70676.88604689494,66618.05688662748,697.8261534470321,45.70543966882992,911.6247363596661,0.002717463211087249,1.144124224844875,43247.92767914461
2024-10-20 12:21:15.166325,1.0,1.0,1.0,1.0,1.0,1.0,1.0,793468.0,0.060127276182378155,0.03926789767914727,0.03900167157440239,0.02881717015424661,0.032067668184708895,0.026392265450275895,-0.000877466052770615,0.0006135903919736546,-0.00019711193939050042,-0.0,0.0,0.0,0.0,1.0,0.0,0.0,203.28042580884323,202.95792935868633,203.3396720639292,412.50949723957035,416.9386137929484,415.68194801165595,70200.13179293784,71061.00011782853,70844.75915883161,66780.90318075298,701.7617425832744,45.55897129911233,908.7281509162821,0.0026902221407404344,1.1668653531422755,44035.22540181363
2024-10-20 12:21:15.168325,1.0,1.0,1.0,1.0,1.0,1.0,1.0,793469.0,0.06030030467298164,0.039201510653345636,0.038867874708122786,0.028682194376366547,0.03227874115189541,0.025984781442148438,-0.0008933621769150101,0.0006199488416314126,-0.00019393271456162142,-0.0,0.0,0.0,0.0,1.0,0.0,0.0,204.09148698576067,204.32482755528585,203.7968332418794,411.51016450033705,417.94853060531113,415.43918001969774,70712.33659684828,72267.11329339707,71359.2316093567,67505.6226894704,711.571329922468,45.418746388255286,905.9263423693245,0.0026955669084850783,1.1895363655446562,44531.72343852638
2024-10-20 12:21:15.250349,1.0,1.0,1.0,1.0,1.0,1.0,1.0,793470.0,0.05995374832793649,0.03913501101148131,0.03859888964444313,0.02888442151794573,0.032696799620819436,0.02564657030330141,-0.0008933621769150101,0.0006104111671447755,-0.0001875742649038633,-0.0,0.0,0.0,0.0,1.0,0.0,0.0,204.81315417480985,203.67349913763493,205.07687144832678,415.4864749818683,418.31378354607375,417.83286484909013,72445.5450247805,72560.1100238667,72939.721147483,68674.8669875744,724.4349745844678,45.3865671216521,905.2526394259398,0.002730657069148221,1.212190518377919,43555.408841736215
2024-10-20 12:21:15.253352,1.0,1.0,1.0,1.0,1.0,1.0,1.0,793471.0,0.05890184651872091,0.03893483061427055,0.03839591423416135,0.029051868842559465,0.03310957989067469,0.025380401509347835,-0.0008711076031128568,0.0006199488416314126,-0.00016849891593058908,-0.0,0.0,0.0,0.0,1.0,0.0,0.0,204.66803999207696,204.9309633418325,204.09190392234,416.4475246175591,424.6717082436531,420.85168228621905,73227.1131179377,75137.56030222062,73748.6020575942,70027.64447375562,738.3842528926452,45.40873497689327,905.6460015839864,0.002784373926256404,1.2348545151884969,43532.664645278
2024-10-20 12:21:15.336487,1.0,1.0,1.0,1.0,1.0,1.0,1.0,793472.0,0.05916657525265935,0.038733615672373205,0.03859888964444313,0.028546580404464273,0.033168129149298335,0.02507274890923307,-0.000883824502428373,0.0006199488416314126,-0.0001716781407594681,-0.0,0.0,0.0,0.0,1.0,0.0,0.0,204.01798767855922,203.5721538307721,205.07361900959114,422.39874784119934,425.8447243102256,426.2752620055631,74909.37246772484,75387.93302640459,76070.48851367224,71409.68633779162,753.0066377201287,45.40873497689327,905.5860064961697,0.0028504351013224865,1.2575170106083808,44753.85226692264
2024-10-20 12:21:15.418944,1.0,1.0,1.0,1.0,1.0,1.0,1.0,793473.0,0.058813338810543125,0.03880080326089556,0.03839591423416136,0.02858054422421529,0.033168129149298335,0.025722112647481858,-0.0008520322541395826,0.0006199488416314126,-0.00021618728836377468,-0.0,0.0,0.0,0.0,1.0,0.0,0.0,204.07420960188603,203.75034118505747,203.10924370803934,426.9133983504776,434.36758656469385,430.21944522845234,76645.09411341939,78140.86160135236,76746.26907660424,73084.54311390493,771.1154532906071,45.38627358802026,905.0602928954995,0.002936106728102433,1.2801663499260483,46293.85057286084
2024-10-20 12:21:15.422944,1.0,1.0,1.0,1.0,1.0,1.0,1.0,793474.0,0.05907846414606075,0.038666311337125336,0.03880080326089556,0.028749761476771198,0.033546208593426816,0.02564657030330141,-0.0008583907037973407,0.0006294865161180497,-0.00020664961387713757,-0.0,0.0,0.0,0.0,1.0,0.0,0.0,202.33994716101444,202.60716840593975,203.45604693526658,433.1053301701639,437.6680551254564,437.9719745932181,77968.84561786822,79060.80858554339,79468.25479856906,74696.52006854593,786.452559519325,45.48691307947641,906.9831554446042,0.003028460229989743,1.3028638093155802,45229.63296678134
2024-10-20 12:21:15.503823,1.0,1.0,1.0,1.0,1.0,1.0,1.0,793475.0,0.05881333881054312,0.03853134997827472,0.038463691717159486,0.028648351067380656,0.033690494027434716,0.025947420126718565,-0.0008361361299951874,0.0006580995395779611,-0.00019711193939050042,-0.0,0.0,0.0,0.0,1.0,0.0,0.0,202.25224211080447,201.75482298656527,201.57783443152456,437.30708824011606,442.7843090878235,440.96416904986893,79544.92119739715,80676.15189631423,80023.36015854661,75919.30431655554,797.0092945244469,45.62286081561182,909.6204504330577,0.00310893029115776,1.3256272676109786,45312.79402568493
2024-10-20 12:21:15.508823,1.0,1.0,1.0,1.0,1.0,1.0,1.0,793476.0,0.05841339457969606,0.03966388649582423,0.03839591423416136,0.028376151535570014,0.03377676944149575,0.025910004937642474,-0.000804343881706397,0.0006644579892357192,-0.0001843950400749843,-0.0,0.0,0.0,0.0,1.0,0.0,0.0,201.2282855525573,200.7965571078898,201.00176440363117,440.89415843870864,446.3794874503383,444.96867936162397,80417.00685485195,81519.20322010342,81134.3724341023,76838.24051062143,804.9552812936165,45.72232087213756,911.5427462824674,0.0031753322063459394,1.348438831796453,46412.32242213698
2024-10-20 12:21:15.592929,1.0,1.0,1.0,1.0,1.0,1.0,1.0,793477.0,0.057875836570160856,0.03900167157440239,0.03819186010094626,0.028307692686654416,0.03380547898296581,0.026355481787173698,-0.0007789100830753647,0.000648561865091324,-0.00020664961387713754,-0.0,0.0,0.0,0.0,1.0,0.0,0.0,200.25725432340047,200.115045431048,200.94835838314813,443.444173545226,447.7234153899356,448.8672170452444,80611.44992896235,81643.92737282986,82100.17364644079,77251.15751525584,808.0459154592212,45.79388666377209,912.9360109049939,0.003211916027183687,1.3712852627454377,47055.05573665911
2024-10-20 12:21:15.593932,1.0,1.0,1.0,1.0,1.0,1.0,1.0,793478.0,0.057242305594703786,0.03906839817849147,0.03886787470812279,0.02789341142414604,0.03380547898296581,0.026538890275460948,-0.0007407593851288162,0.0006517410899202031,-0.00023844186216592791,-0.0,0.0,0.0,0.0,1.0,0.0,0.0,200.81151850547337,200.1972500701067,199.69581167840454,444.1669663050188,450.6607966446886,447.6511378164941,80809.10255055326,82082.33709448967,80984.67620807659,77088.82582849353,803.8850964841499,45.93419501218909,915.7329380590272,0.003212162729717662,1.394201687431476,45664.30202292983
2024-10-20 12:21:15.674588,1.0,1.0,1.0,1.0,1.0,1.0,1.0,793479.0,0.057920823624423516,0.03859888964444313,0.03893483061427055,0.02810131550407159,0.03380547898296581,0.02679355304171941,-0.0007789100830753646,0.0006358449657758078,-0.00023844186216592791,-0.0,0.0,0.0,0.0,1.0,0.0,0.0,199.93355000335765,199.83926879760858,201.2502002890397,443.114965301808,446.2689654890876,448.02843098129324,79628.76559924649,80323.02716764514,81276.00394946667,76224.54801354674,792.784172238216,46.05333221816841,918.144990234961,0.003172033366192092,1.4171784742708575,45324.496928802735
2024-10-20 12:21:15.757666,1.0,1.0,1.0,1.0,1.0,1.0,1.0,793480.0,0.058635922602968446,0.038733615672373205,0.039201510653345636,0.02799755644637631,0.03351727697218139,0.027224576194402335,-0.0007661931837598485,0.0006358449657758078,-0.00025751721113920217,-0.0,0.0,0.0,0.0,1.0,0.0,0.0,201.20189735437296,200.89060980102855,200.30510114105263,437.77049950006796,444.6922642803,441.4019088189426,78337.77994262791,79793.25115490433,78620.47481313997,74772.83392466286,777.7976461863201,46.04314980121831,918.0125077351074,0.003095453179859694,1.440151945705601,46401.834901012684
2024-10-20 12:21:15.762664,1.0,1.0,1.0,1.0,1.0,1.0,1.0,793481.0,0.05991028783050486,0.03906839817849147,0.03880080326089555,0.027718966864906235,0.033284918697807614,0.027508173183166423,-0.0007502970596154532,0.000648561865091324,-0.0002734133352835974,-0.0,0.0,0.0,0.0,1.0,0.0,0.0,201.09995403211923,201.1598279171805,202.21654785405357,431.87139074302854,434.58041719062567,436.3292063396502,76216.73968335551,76912.65620351315,77735.01324135631,72870.11480415249,757.2037252158793,46.08715711941385,918.9843041077175,0.0029930662390513624,1.4631497365652089,44337.29335104252
2024-10-20 12:21:15.843411,1.0,1.0,1.0,1.0,1.0,1.0,1.0,793482.0,0.0605158945801221,0.03906839817849147,0.03853134997827472,0.02799755644637631,0.0337192770263005,0.02764888086939877,-0.0007693724085887276,0.0006676372140645982,-0.0002638756607969603,-0.0,0.0,0.0,0.0,1.0,0.0,0.0,202.83479365970692,202.31396709559567,201.72178854275063,422.6392229768397,429.145407872912,425.42291396709794,74350.9042063495,75639.12068936107,74368.90404231341,70771.45030083896,737.2190487646687,45.968019913434524,916.7120272354581,0.00288066686167873,1.486090663180183,45775.742483694215
2024-10-20 12:21:15.846899,1.0,1.0,1.0,1.0,1.0,1.0,1.0,793483.0,0.06120067897500958,0.03913501101148131,0.03825999906698716,0.02775394349316061,0.03394866250806731,0.027437548745241652,-0.0007661931837598486,0.0006771748885512353,-0.00023844186216592797,-0.0,0.0,0.0,0.0,1.0,0.0,0.0,202.63519660438587,202.73801611076038,203.937097957225,413.6772658681003,417.3411509738725,419.0476566573663,71841.62140042415,72766.26576866602,73499.49871546216,68758.79613233233,717.2023782673691,45.90224571980368,915.499107402205,0.0027730745565355368,1.5090012362009444,43654.32185005764
2024-10-20 12:21:15.929602,1.0,1.0,1.0,1.0,1.0,1.0,1.0,793484.0,0.061413108211360055,0.039201510653345636,0.038123599349151736,0.027437548745241652,0.033834164163335345,0.02733126991297999,-0.0007757308582464857,0.0006898917878667515,-0.0002543379863103231,-0.0,0.0,0.0,0.0,1.0,0.0,0.0,204.31541732593868,203.7658084987826,203.5994320132871,406.8429879335962,412.87402910579874,410.3172669020118,70823.83132311828,72006.31852467578,71110.31811514417,67416.61183886907,704.7112010960859,45.80040715619001,913.5390784742729,0.0026954614629377937,1.531862759052773,43486.889614335974
2024-10-20 12:21:16.011979,1.0,1.0,1.0,1.0,1.0,1.0,1.0,793485.0,0.0621299349829497,0.039729500910396995,0.03866631133712533,0.02775394349316061,0.03377676944149575,0.02718891858094095,-0.000813881556193034,0.0006994294623533886,-0.00027023411045471834,-0.0,0.0,0.0,0.0,1.0,0.0,0.0,204.37895587417125,204.24383359637827,204.96693755181062,403.67513627407993,409.2517134185332,407.95921079862217,70145.9339273766,71259.30344871632,71097.70129475219,66952.45773170757,702.5046503239297,45.62627831586483,910.0991370154471,0.0026590261044869175,1.5546381965885783,44543.597710906906
2024-10-20 12:21:16.015553,1.0,1.0,1.0,1.0,1.0,1.0,1.0,793486.0,0.06288002172730621,0.03819186010094626,0.039795007139399326,0.02782376484498668,0.03431814397393635,0.02700992441274364,-0.0008615699286262197,0.0006898917878667515,-0.0002988471339146297,-0.0,0.0,0.0,0.0,1.0,0.0,0.0,204.65668024998087,204.7543340586204,205.48455287844584,403.53564134060673,408.19332147028706,407.84698782808283,70341.08587289385,71412.25022154798,71508.83588198145,67199.56530168981,707.0559851620407,45.49980925680575,907.5781733696354,0.002657166926604135,1.577350546436779,44038.46552727646
2024-10-20 12:21:16.097287,1.0,1.0,1.0,1.0,1.0,1.0,1.0,793487.0,0.06316931681501517,0.03846369171715948,0.04012093401707996,0.027613771165243314,0.034599675713128386,0.026937993727346517,-0.0008488530293107036,0.0006930710126956305,-0.00030520558357238775,-0.0,0.0,0.0,0.0,1.0,0.0,0.0,205.3020569630126,205.2893931134199,204.7669264524814,404.6711514343768,411.83932057740094,407.85122051292024,71214.42887597102,72734.92792251387,71491.35542035375,67906.3740512131,714.9473112773594,45.471995123901685,907.0012511877277,0.0026814870159767934,1.6000484586763912,42909.96678379008
2024-10-20 12:21:16.101287,1.0,1.0,1.0,1.0,1.0,1.0,1.0,793488.0,0.0637848167388594,0.03880080326089556,0.039400336158606504,0.02764888086939877,0.03443103291031149,0.026829736114304472,-0.0008647491534550987,0.0006898917878667515,-0.00027977178494135546,-0.0,0.0,0.0,0.0,1.0,0.0,0.0,204.4460117195704,204.7298870522263,205.8376691351304,408.2341644521996,412.2900966732136,413.72248935222893,71979.67462503312,73047.73355534286,73665.41848257993,68960.42976258259,726.7505678746311,45.42992414007758,906.1205117365494,0.0027272454355874933,1.6227243302112715,43876.70141677054
2024-10-20 12:21:16.182726,1.0,1.0,1.0,1.0,1.0,1.0,1.0,793489.0,0.0630454957548034,0.039135011011481306,0.03966388649582423,0.02708166404617134,0.03437463478414554,0.026355481787173698,-0.0007916269823908807,0.0007057879120111467,-0.0002829510097702345,-0.0,0.0,0.0,0.0,1.0,0.0,0.0,205.07450225980455,204.61540790530015,204.15564543425484,413.1939770724354,420.60647533761284,416.052137786292,73870.75136831583,75259.02581767204,73855.8984446052,70348.76792407692,742.853627301684,45.342975334990754,904.3251922624918,0.0027946053590439447,1.645355273468698,45602.50769014719
2024-10-20 12:21:16.266329,1.0,1.0,1.0,1.0,1.0,1.0,1.0,793490.0,0.06275562987110939,0.03893483061427055,0.04012093401707996,0.02718891858094095,0.03423323297213509,0.026318646714264433,-0.0007852685327331228,0.0006962502375245095,-0.0002893094594279926,-0.0,0.0,0.0,0.0,1.0,0.0,0.0,203.36658062281236,204.1007643220777,204.8348112522027,418.74722737697704,424.3867953938409,425.35982924974587,74815.96536576738,76402.11067264738,76759.81229722341,71962.065278059,758.3987092415948,45.43578214902699,906.1026817061402,0.0028754443643439526,1.6680306988030191,43620.41395234801
2024-10-20 12:21:16.269281,1.0,1.0,1.0,1.0,1.0,1.0,1.0,793491.0,0.0623809660457355,0.03825999906698716,0.039990882024927475,0.02700992441274364,0.03445919735911931,0.026170787978491077,-0.0007789100830753646,0.0006739956637223563,-0.0002861302345991135,-0.0,0.0,0.0,0.0,1.0,0.0,0.0,204.00245825682055,202.88153724272323,203.28940001730078,426.6641516777015,432.37957029327976,429.04196488050883,77414.8252259092,78173.12774754352,77379.5550007555,73574.23581348079,775.2342803317897,45.44885276040876,906.2837088870189,0.0029630520437499076,1.6907106543836428,46124.346236042315
2024-10-20 12:21:16.351075,1.0,1.0,1.0,1.0,1.0,1.0,1.0,793492.0,0.06263099095985032,0.03853134997827472,0.040315225390783915,0.02672103991000101,0.03403428348265909,0.025947420126718565,-0.0007661931837598486,0.0006708164388934773,-0.0002893094594279926,-0.0,0.0,0.0,0.0,1.0,0.0,0.0,201.93010559760165,202.73970140197665,203.10055913462364,429.60257853133015,435.7136061114632,435.512826424,77752.54037302174,79427.9796149922,79441.86136470849,74763.85753182397,786.9629830022661,45.49877269950305,907.2119843868501,0.0030368616989541633,1.7134138402694086,46085.82033469223
2024-10-20 12:21:16.355075,1.0,1.0,1.0,1.0,1.0,1.0,1.0,793493.0,0.06170928061993169,0.03880080326089556,0.04050858489526056,0.026757321039963047,0.033834164163335345,0.025759800744833576,-0.0007693724085887275,0.0006867125630378724,-0.0002988471339146297,-0.0,0.0,0.0,0.0,1.0,0.0,0.0,202.00129987448452,201.40014119297828,201.9556847977822,434.31218616247725,439.1180632617341,437.79280146063303,79294.46033899691,80122.51644295671,79920.19767276447,75648.10081390054,795.7180526418433,45.53320677527836,907.8418522797143,0.0030991483202377893,1.7361327887422007,46876.60558949045
2024-10-20 12:21:16.436741,1.0,1.0,1.0,1.0,1.0,1.0,1.0,793494.0,0.06124322376914681,0.03859888964444313,0.040315225390783915,0.02668470945144587,0.033748035476753,0.026059343378600053,-0.0007344009354710582,0.0006708164388934773,-0.00031474325805902487,-0.0,0.0,0.0,0.0,1.0,0.0,0.0,201.05786158641806,200.9992973332655,201.33015567794072,436.97765383110936,442.39763177076236,440.83419927060436,79718.0335035211,80842.95549208087,80575.82223132315,76230.1660092784,799.7373555721765,45.65505465869914,910.2294133362501,0.0031449747012683655,1.7589114864725124,45693.131693135634
2024-10-20 12:21:16.439741,1.0,1.0,1.0,1.0,1.0,1.0,1.0,793495.0,0.060644880647415536,0.03886787470812279,0.04050858489526056,0.026355481787173698,0.03348832035600082,0.025835012001953723,-0.0007216840361555419,0.0006708164388934773,-0.00031474325805902487,-0.0,0.0,0.0,0.0,1.0,0.0,0.0,200.35205133052406,200.86565639040472,201.08101720191772,438.760335802471,443.37830350312356,444.3216202532412,79601.13503900687,81001.01991210529,81228.25223062129,76448.33102028845,800.2379044434355,45.758059697728356,912.2634435668185,0.0031663824983957194,1.7817410862711573,46037.1943934657
2024-10-20 12:21:16.521254,1.0,1.0,1.0,1.0,1.0,1.0,1.0,793496.0,0.060944786513602064,0.03953233095432663,0.03933417265909615,0.026392265450275895,0.03272645658802371,0.025984781442148438,-0.0007280424858133,0.0006803541133801144,-0.00031156403323014586,-0.0,0.0,0.0,0.0,1.0,0.0,0.0,201.438001717383,200.43096847435984,200.414698971216,439.7019950279526,444.7705168507328,441.89454056555377,79989.91585650652,80717.33520374123,79955.52338428437,76061.93370053828,795.7186096416721,45.78462158108568,912.8075615841204,0.0031504792853687333,1.8045843027467237,46999.38588382515
2024-10-20 12:21:16.605119,1.0,1.0,1.0,1.0,1.0,1.0,1.0,793497.0,0.06030030467298164,0.03953233095432663,0.039135011011481306,0.026318646714264433,0.033021561356871405,0.025722112647481858,-0.0007057879120111467,0.0006803541133801144,-0.0002988471339146297,-0.0,0.0,0.0,0.0,1.0,0.0,0.0,200.4345526902377,200.91715242235819,201.72641010232624,436.19560043840534,440.21852465767785,441.61529692999824,78176.67101612099,79331.05223142695,79964.56506891052,75024.31213861685,782.6485246061599,45.911788657831075,915.3909899674662,0.0030980966678914785,1.8274921701041336,44531.624344865486
2024-10-20 12:21:16.609919,1.0,1.0,1.0,1.0,1.0,1.0,1.0,793498.0,0.060170579951896654,0.03946638873835309,0.039135011011481306,0.026244821472867705,0.03360399710929144,0.025872535641194412,-0.0006962502375245095,0.0006930710126956305,-0.00031474325805902487,-0.0,0.0,0.0,0.0,1.0,0.0,0.0,202.17786235307474,201.28644897952591,201.0438771892795,431.9154542768388,437.97729503428803,433.6831549249441,77446.43538550888,78360.1663257091,77202.01725043269,73578.12284032947,767.5132183319257,45.911200302411984,915.4491420156966,0.0030219902924182983,1.8504014927297534,45742.76371480424
2024-10-20 12:21:16.690753,1.0,1.0,1.0,1.0,1.0,1.0,1.0,793499.0,0.06025709413022506,0.03926789767914727,0.03926789767914727,0.02613369258354722,0.03337224263981984,0.026207830867489117,-0.0007057879120111467,0.0006676372140645982,-0.0003433562815189362,-0.0,0.0,0.0,0.0,1.0,0.0,0.0,201.5304181552569,202.01953119122447,202.96029548924713,424.69828708832006,428.5486957555188,429.9968160390249,74916.43299646389,75997.37954044118,76674.45684384658,71827.08911435408,748.6363043067238,45.94436072183739,916.196787253416,0.0029279188360247805,1.873329525347195,43969.169312959726
2024-10-20 12:21:16.694752,1.0,1.0,1.0,1.0,1.0,1.0,1.0,793500.0,0.05960517706948519,0.03933417265909615,0.03913501101148131,0.025759800744833576,0.033430331878977426,0.026096544458751023,-0.0007026086871822677,0.0006835333382089934,-0.0003306393822034201,-0.0,0.0,0.0,0.0,1.0,0.0,0.0,203.43738033147784,202.66633307808314,202.38018856454363,418.1293412012184,423.2813663226343,419.5796793101162,73765.39662994481,74579.5453837134,73566.44034190809,69995.04866434287,731.3711711962542,45.825005268122986,913.9046021188037,0.0028319726625994535,1.8962001955112175,45404.346125602824
2024-10-20 12:21:16.775308,1.0,1.0,1.0,1.0,1.0,1.0,1.0,793501.0,0.058946050537339326,0.039925697169818586,0.03953233095432663,0.025984781442148438,0.03325575976212062,0.02657542007977932,-0.0007216840361555419,0.0006962502375245095,-0.0003528939560055733,-0.0,0.0,0.0,0.0,1.0,0.0,0.0,203.05496179169995,203.45574821745922,204.1034178167135,410.298983615086,415.0065852069739,415.6004761970522,71497.94795316615,72755.38265251875,73030.8152689721,68502.61160959683,717.5063068488569,45.71078317349526,911.7017493758323,0.0027498042251115824,1.919015738785204,44456.55905014908
2024-10-20 12:21:16.858612,1.0,1.0,1.0,1.0,1.0,1.0,1.0,793502.0,0.05841339457969607,0.03986040571620479,0.03966388649582423,0.02613369258354722,0.03351727697218139,0.026611899740163612,-0.0007216840361555419,0.0006994294623533886,-0.00036243163049221044,-0.0,0.0,0.0,0.0,1.0,0.0,0.0,204.4600282371614,204.11048267629295,204.05792152600603,407.8221584755473,412.60647255314746,410.5771186369181,71287.66187128029,72257.68793566908,71681.18378437945,67834.58034977844,711.367236312995,45.65354156790216,910.6021383150704,0.0027037256674829584,1.9418037640427355,43155.953861876835
2024-10-20 12:21:16.862612,1.0,1.0,1.0,1.0,1.0,1.0,1.0,793503.0,0.058813338810543125,0.03959816335788845,0.03933417265909615,0.026355481787173698,0.0337192770263005,0.02672103991000101,-0.0007407593851288161,0.0006835333382089934,-0.0003497147311766943,-0.0,0.0,0.0,0.0,1.0,0.0,0.0,204.91298485085943,204.56340843062304,204.67082036371417,406.12146283196194,411.9670106393941,409.4246287834702,71140.22524265652,72267.36010862252,71590.18134453065,67758.65634664347,711.9499953573796,45.5643397728232,908.8384154918068,0.0026867282362309113,1.9645476517361733,43724.54743348503
2024-10-20 12:21:16.943438,1.0,1.0,1.0,1.0,1.0,1.0,1.0,793504.0,0.05876903497087671,0.03979500713939933,0.03933417265909615,0.026244821472867705,0.03380547898296581,0.026538890275460948,-0.0007439386099576951,0.0006739956637223563,-0.00031156403323014586,-0.0,0.0,0.0,0.0,1.0,0.0,0.0,204.62279321376286,204.8221569822835,205.49165185123883,406.44373027018764,410.674646161368,410.5108876733168,71199.19148747611,72238.89417868579,72409.52281032805,68035.23214889695,716.765097080423,45.44315953323254,906.4177548550443,0.002690653373053959,1.987230961847581,44539.994180791175
2024-10-20 12:21:16.946435,1.0,1.0,1.0,1.0,1.0,1.0,1.0,793505.0,0.058635922602968446,0.039400336158606504,0.038733615672373205,0.02668470945144587,0.03392007415562166,0.026865870455412305,-0.0007598347341020903,0.0006835333382089934,-0.00031474325805902487,-0.0,0.0,0.0,0.0,1.0,0.0,0.0,205.51392285660955,204.8677488164273,204.6316118612305,407.52225515004704,414.1854524845014,409.2840729816622,72239.54272651233,73311.87377293693,72017.02584393724,68596.3422815131,723.3493900788839,45.40188212510236,905.5745758714861,0.0027125159963349824,2.009893171213487,43631.92186334799
2024-10-20 12:21:17.028712,1.0,1.0,1.0,1.0,1.0,1.0,1.0,793506.0,0.057785757392499006,0.04025056580563931,0.03900167157440239,0.02650231011985886,0.034515457310635475,0.026757321039963047,-0.0007280424858133,0.0007216840361555419,-0.00031474325805902487,-0.0,0.0,0.0,0.0,1.0,0.0,0.0,204.09247792079776,204.67499765461778,205.53600000531316,410.1080553160264,414.82688482567283,415.14435175771985,72522.98785732235,73786.04613175582,74144.69490102203,69532.95579767635,733.3152995956541,45.39837765072554,905.4642903885247,0.0027569956852261006,2.0325526206601423,43545.19815322378
2024-10-20 12:21:17.031717,1.0,1.0,1.0,1.0,1.0,1.0,1.0,793507.0,0.05819001557952383,0.04012093401707996,0.03906839817849146,0.02697398304697218,0.034204882463775475,0.02672103991000101,-0.0007789100830753646,0.0007185048113266629,-0.0002893094594279926,-0.0,0.0,0.0,0.0,1.0,0.0,0.0,204.90927689916035,204.19001519522328,203.95181794923306,415.1960509816815,421.9630774682153,417.4557048082905,74499.54184287715,75615.01510312837,74348.19880033215,70830.32443889217,747.0645745324185,45.39726187609018,905.3832806066096,0.002821708633206556,2.0552100428186124,44387.484404980445
2024-10-20 12:21:17.114108,1.0,1.0,1.0,1.0,1.0,1.0,1.0,793508.0,0.0587690349708767,0.03986040571620479,0.03946638873835309,0.027224576194402335,0.03423323297213509,0.026428997918226275,-0.0008075231065352759,0.0007057879120111467,-0.0002734133352835974,-0.0,0.0,0.0,0.0,1.0,0.0,0.0,203.09601059260976,203.94753376067814,204.44429131996964,420.27063649134317,425.50962348230865,426.2978463664839,75196.27525572361,76770.04704023249,77048.91160228697,72300.93285273839,762.220681779306,45.421832134737095,905.8046674991917,0.002897257851403714,2.0778780102797425,44972.81098962164
2024-10-20 12:21:17.198496,1.0,1.0,1.0,1.0,1.0,1.0,1.0,793509.0,0.05841339457969607,0.03926789767914727,0.03900167157440239,0.027437548745241652,0.03423323297213509,0.026207830867489117,-0.0007916269823908807,0.0006803541133801144,-0.00023844186216592797,-0.0,0.0,0.0,0.0,1.0,0.0,0.0,203.87775629437542,202.82932097743995,202.94579890447002,427.54840479216546,432.9044243839539,429.4381249560147,77650.68794140282,78392.48056125242,77527.09113963367,73772.04198772655,777.2960882761854,45.45077372469946,906.309859634161,0.0029764233236341604,2.100558620288751,45833.371385517465
2024-10-20 12:21:17.201498,1.0,1.0,1.0,1.0,1.0,1.0,1.0,793510.0,0.05863592260296845,0.03839591423416135,0.039201510653345636,0.02792816958270741,0.03445919735911931,0.026281760015388615,-0.0008170607810219131,0.0006549203147490821,-0.00022254573802153277,-0.0,0.0,0.0,0.0,1.0,0.0,0.0,202.09746087678369,202.64002624018158,202.85889333972034,430.42893534491907,436.0631976220716,435.56151051648925,77991.46858911627,79506.74166801432,79394.23072255736,74850.91322709109,787.7851800003812,45.504459447698764,907.3204069435513,0.003042319416634604,2.1232645194736146,46069.33303063891
2024-10-20 12:21:17.282784,1.0,1.0,1.0,1.0,1.0,1.0,1.0,793511.0,0.059254555338807656,0.038055216156251626,0.03959816335788845,0.027508173183166423,0.03443103291031149,0.025947420126718565,-0.0008107023313641549,0.0006612787644068402,-0.00021300806353489565,-0.0,0.0,0.0,0.0,1.0,0.0,0.0,202.20021148439253,201.5996472255093,201.89631223118894,434.1148617539393,438.97865961248436,436.81670250598427,79230.17655928964,80050.17988885523,79608.91425184575,75501.45485716377,794.5733556935538,45.50996591602794,907.3873166052873,0.003089435092590554,2.1459720930879547,47322.73993116774
2024-10-20 12:21:17.286783,1.0,1.0,1.0,1.0,1.0,1.0,1.0,793512.0,0.058547012889045756,0.038463691717159486,0.039400336158606504,0.02729575167846423,0.03426156002122874,0.02613369258354722,-0.0007820893079042438,0.0006739956637223563,-0.00021618728836377465,-0.0,0.0,0.0,0.0,1.0,0.0,0.0,201.50840875206947,201.13881309833704,201.5954261657157,435.4748686886434,440.8748440137939,439.1970224788457,79373.22770442594,80398.38236404081,80088.75388761603,75815.65449260226,795.8318102789419,45.62841003052816,909.7225836209474,0.003118251312846435,2.1687381072895686,45491.46546645121
2024-10-20 12:21:17.367804,1.0,1.0,1.0,1.0,1.0,1.0,1.0,793513.0,0.058813338810543125,0.039201510653345636,0.039795007139399326,0.026611899740163612,0.03397722680635423,0.02613369258354722,-0.0007439386099576951,0.0007026086871822677,-0.00024797953665256506,-0.0,0.0,0.0,0.0,1.0,0.0,0.0,200.80658047216676,201.22858168795025,201.59462452084728,436.47137551364096,440.90208549083616,440.92756267475596,79034.03344150723,80237.27475470441,80404.01890652123,75750.09241019315,793.0452013321689,45.74933057263124,912.1297217231696,0.003122329544166178,2.1915643606687154,45284.75961473099
2024-10-20 12:21:17.450919,1.0,1.0,1.0,1.0,1.0,1.0,1.0,793514.0,0.05921058163676667,0.039532330954326636,0.03946638873835309,0.02657542007977932,0.03411968959808029,0.026170787978491077,-0.0007439386099576953,0.0007248632609844209,-0.0002670548856258393,-0.0,0.0,0.0,0.0,1.0,0.0,0.0,201.93730119632713,201.08803029967035,201.074797276053,436.08706825567486,441.2607857835555,438.0564105013513,79131.34052629219,79894.50002968284,79103.42264261488,75243.4464863643,787.720302502846,45.74933057263124,912.1536976151848,0.003096126000075871,2.2143912140500035,46951.65549751738
2024-10-20 12:21:17.454917,1.0,1.0,1.0,1.0,1.0,1.0,1.0,793515.0,0.05885760930142632,0.03966388649582423,0.03893483061427055,0.026059343378600053,0.03434640099311143,0.025947420126718565,-0.0007089671368400258,0.0007248632609844209,-0.0002511587614814441,-0.0,0.0,0.0,0.0,1.0,0.0,0.0,201.14470681742293,201.66143588979128,202.34810547713352,432.3940845292061,436.23827073730905,437.4968323513882,77388.12373698805,78537.30512284594,79108.44213409016,74238.09321940687,774.3824436975144,45.91305280150532,915.4669967854372,0.0030427722338010835,2.23730098349529,43419.201914122204
2024-10-20 12:21:17.536651,1.0,1.0,1.0,1.0,1.0,1.0,1.0,793516.0,0.05907846414606075,0.03900167157440239,0.039201510653345636,0.026244821472867705,0.03403428348265909,0.02613369258354722,-0.0007280424858133,0.0007089671368400258,-0.00023526263733704888,-0.0,0.0,0.0,0.0,1.0,0.0,0.0,202.92417258515928,202.07178179391198,201.75151520830815,427.18971647686647,433.2481760846844,429.669312420094,76582.91473354072,77586.79441403822,76482.21873661283,72821.77482728042,759.6406118396758,45.907632129019284,915.4285788184837,0.0029668963912647,2.260209791522231,45258.27752913799
2024-10-20 12:21:17.540605,1.0,1.0,1.0,1.0,1.0,1.0,1.0,793517.0,0.059254555338807656,0.03926789767914727,0.03880080326089555,0.025872535641194412,0.03428986366919591,0.026281760015388615,-0.0007057879120111467,0.0007216840361555419,-0.0002352626373370489,-0.0,0.0,0.0,0.0,1.0,0.0,0.0,202.38876095105476,202.5378329417453,203.585329202973,420.74385712469257,424.1741619689217,425.5734240467499,74386.2499950401,75294.47305699128,75964.73428875401,71206.4608121937,742.5537580926625,45.91834570723087,915.7203848068666,0.0028817777480755033,2.283125902060284,43968.34587385372
2024-10-20 12:21:17.620877,1.0,1.0,1.0,1.0,1.0,1.0,1.0,793518.0,0.058680326942996096,0.03946638873835309,0.03819186010094626,0.025608715566353565,0.03403428348265909,0.026611899740163612,-0.0006739956637223563,0.0007153255864977838,-0.00023208341250816988,-0.0,0.0,0.0,0.0,1.0,0.0,0.0,203.90780132234437,203.24809218726296,203.0592511395644,414.18950161318014,420.1542024308952,416.38727157654967,73319.1115802619,74329.21974892706,73281.59196573883,69687.10197208029,728.6374402007851,45.793198225229425,913.2975718801332,0.00280215482202472,2.3059813811547616,45338.458354201764
2024-10-20 12:21:17.704369,1.0,1.0,1.0,1.0,1.0,1.0,1.0,793519.0,0.05951771528052355,0.03999088202492748,0.037711440220720746,0.02564657030330141,0.034515457310635475,0.02672103991000101,-0.0007026086871822677,0.0007439386099576951,-0.000241621086994807,-0.0,0.0,0.0,0.0,1.0,0.0,0.0,203.62286686198377,203.591024481145,204.4970997772746,408.5261378640863,412.65627283909635,412.99796724781777,71710.55206139169,72651.38471824225,72965.05662890579,68528.09558749903,719.5708279806537,45.596148096693874,909.424178634235,0.0027401254315861942,2.328739927703832,45943.661421875506
2024-10-20 12:21:17.708360,1.0,1.0,1.0,1.0,1.0,1.0,1.0,793520.0,0.059517715280523555,0.04095620715673985,0.03729472643293347,0.02522704420499114,0.03448733880714076,0.026829736114304472,-0.0006835333382089934,0.0007852685327331227,-0.0002638756607969603,-0.0,0.0,0.0,0.0,1.0,0.0,0.0,204.2117705340668,204.28239038686038,204.55711806364044,406.04438640908165,411.3159789400786,409.39130082375357,71348.58190659899,72476.01265688425,72113.240002204,68079.09045758778,714.8602761279016,45.594471984677384,909.4188721366393,0.0027092840966979072,2.3514983414565958,42449.832569367485
2024-10-20 12:21:17.788817,1.0,1.0,1.0,1.0,1.0,1.0,1.0,793521.0,0.05964885987276111,0.041019754451988084,0.03715478325109878,0.024995244090384144,0.03411968959808029,0.026757321039963047,-0.0006644579892357192,0.0007502970596154532,-0.00026069643596808123,-0.0,0.0,0.0,0.0,1.0,0.0,0.0,204.84433184873532,204.6421090041114,204.57437073528897,406.0709246160309,411.5025933692455,409.20639232446206,71617.23290014884,72744.01058393544,72099.72798250992,68246.23677908549,717.2796045913549,45.55213814216327,908.5767275091663,0.0027068272035913068,2.3742356803488534,43286.965173499244
2024-10-20 12:21:17.792814,1.0,1.0,1.0,1.0,1.0,1.0,1.0,793522.0,0.05973612964857622,0.04044423444177085,0.036943874546794715,0.024839508966216593,0.03406277598114669,0.02668470945144587,-0.0006676372140645982,0.0007185048113266629,-0.0002352626373370489,-0.0,0.0,0.0,0.0,1.0,0.0,0.0,204.36127929571984,204.70488249846156,205.3425002314228,407.78301985036705,412.0292979975166,411.64858030902246,71964.8231357051,73015.88072330206,73201.45708028265,68802.27979129806,725.0520953814134,45.43186827626034,906.1602327222853,0.0027262061818134156,2.39691254591042,45042.37614852272
2024-10-20 12:21:17.875122,1.0,1.0,1.0,1.0,1.0,1.0,1.0,793523.0,0.06021385257881441,0.039729500910396995,0.036731754853566174,0.024878534141836748,0.03443103291031149,0.026355481787173698,-0.0006930710126956305,0.0006930710126956305,-0.00022254573802153277,-0.0,0.0,0.0,0.0,1.0,0.0,0.0,205.22072440950217,204.59039757353878,204.24448325517602,410.00084639306937,416.18222974880194,412.1755527808392,73154.79442344501,74227.71115351595,73048.44049349887,69531.53106165945,733.1724955149757,45.4063837017237,905.6220960474961,0.0027590591704429175,2.4195759444795195,43982.625495845314
2024-10-20 12:21:17.879123,1.0,1.0,1.0,1.0,1.0,1.0,1.0,793524.0,0.05973612964857622,0.039135011011481306,0.037224820604963814,0.024956401418756297,0.03445919735911931,0.026207830867489117,-0.0006898917878667515,0.0006898917878667515,-0.0002257249628504118,-0.0,0.0,0.0,0.0,1.0,0.0,0.0,203.7938454834329,204.21557221452707,205.11560592605042,412.93374524284565,417.70696713662574,418.32209853460256,73527.69903623342,74769.83269404146,75173.51966172279,70516.45614153208,742.8690403357226,45.4507230364019,906.4619970574364,0.0028079461668379774,2.442260361762087,43446.32294123521
2024-10-20 12:21:17.960714,1.0,1.0,1.0,1.0,1.0,1.0,1.0,793525.0,0.0598232721159811,0.039201510653345636,0.03784932528846731,0.025188558989287076,0.03473958601181881,0.026207830867489117,-0.0006867125630378724,0.0006898917878667515,-0.00021618728836377468,-0.0,0.0,0.0,0.0,1.0,0.0,0.0,204.5339820458428,203.6545155972962,203.66869049964134,418.3795335238474,424.61229513168473,420.9157988965937,75478.11311387853,76432.86389674936,75426.27302839782,71764.99385797732,756.0700936569966,45.4507230364019,906.4043354666738,0.0028713792509678015,2.464943336050254,44949.77311688711
2024-10-20 12:21:18.043574,1.0,1.0,1.0,1.0,1.0,1.0,1.0,793526.0,0.06073071916263212,0.03893483061427055,0.037224820604963814,0.02507274890923307,0.034767500508899686,0.025872535641194412,-0.0006898917878667515,0.0006644579892357192,-0.00020982883870601662,-0.0,0.0,0.0,0.0,1.0,0.0,0.0,202.78189518239003,203.41521546020033,204.1350068069583,423.47778477816155,428.1693404897704,428.667966962286,76133.79536933322,77435.60959580763,77827.59901466733,73074.45188381338,768.782178551022,45.517938281969776,907.6818289123152,0.0029405294133683507,2.487658279901945,44685.8997216304
2024-10-20 12:21:18.046574,1.0,1.0,1.0,1.0,1.0,1.0,1.0,793527.0,0.06132822481459091,0.03900167157440239,0.03743414645719283,0.024878534141836748,0.03428986366919591,0.026096544458751023,-0.0007026086871822677,0.0006612787644068402,-0.00022254573802153277,-0.0,0.0,0.0,0.0,1.0,0.0,0.0,203.31188270484992,202.61200043560228,202.78111681358112,429.0882752940202,434.46229660318545,431.257726334332,78051.10609997013,78866.58319715182,78161.57432375278,74263.94369076325,780.7487448768982,45.55286831071958,908.3183656283741,0.0030063974976663682,2.510389153229476,45956.927846787825
2024-10-20 12:21:18.127859,1.0,1.0,1.0,1.0,1.0,1.0,1.0,793528.0,0.061370681188533435,0.03913501101148131,0.038055216156251626,0.024800422381866246,0.034204882463775475,0.025984781442148438,-0.0007089671368400258,0.0006676372140645982,-0.00023208341250816988,-0.0,0.0,0.0,0.0,1.0,0.0,0.0,202.04706989631683,202.3830684649142,202.6928154352252,431.6504364472517,436.54345956997565,435.8054101146454,78310.55787648265,79529.6790452892,79508.38355207395,74999.36276987063,786.3289743554841,45.67965395091712,910.8034705207928,0.0030534474938745024,2.5331822168711673,44794.49563611419
2024-10-20 12:21:18.131859,1.0,1.0,1.0,1.0,1.0,1.0,1.0,793529.0,0.06081643652238848,0.03926789767914727,0.038123599349151736,0.02468279125681748,0.0337192770263005,0.026392265450275895,-0.0006771748885512353,0.0006739956637223563,-0.0002352626373370489,-0.0,0.0,0.0,0.0,1.0,0.0,0.0,202.02187560481127,201.93909206130044,202.039725223895,433.7407063331107,439.0301522943566,437.2577931126811,78905.04987469522,80037.98701584851,79651.74761526103,75401.77203825794,789.6711370352313,45.7316966506007,911.8148688705285,0.0030821775135786936,2.5560005909861916,46230.232259329656
2024-10-20 12:21:18.213228,1.0,1.0,1.0,1.0,1.0,1.0,1.0,793530.0,0.06094478651360206,0.03913501101148131,0.038055216156251626,0.024800422381866246,0.033459338679991214,0.026170787978491077,-0.0006962502375245095,0.000642203415433566,-0.00022254573802153277,-0.0,0.0,0.0,0.0,1.0,0.0,0.0,202.28152228736687,201.5057915817951,201.7275413055186,434.8671412948275,439.83446970622657,438.18841999872546,79140.26000501474,80015.55971238328,79577.75770289656,75442.48823646292,788.9308558613844,45.79964976013364,913.1632892372166,0.0030892222760174805,2.5788527096270424,45919.2447104475
2024-10-20 12:21:18.297138,1.0,1.0,1.0,1.0,1.0,1.0,1.0,793531.0,0.06085924992897395,0.03906839817849146,0.03798670986099516,0.025150014882560457,0.0337192770263005,0.026096544458751023,-0.0006898917878667515,0.0006612787644068402,-0.00022254573802153274,-0.0,0.0,0.0,0.0,1.0,0.0,0.0,201.4770130525408,201.68525965417922,202.3436794589472,434.3242879412887,438.6890796679537,438.70995986899624,78379.65382308843,79456.08811447982,79729.49536266821,75058.80672024046,782.8869025827755,45.9177760256149,915.5330155118322,0.0030734339124908936,2.601764131205946,44724.79826301263
2024-10-20 12:21:18.301071,1.0,1.0,1.0,1.0,1.0,1.0,1.0,793532.0,0.061370681188533435,0.03926789767914727,0.038463691717159486,0.025684369248357337,0.033690494027434716,0.026392265450275895,-0.0007216840361555419,0.0006676372140645982,-0.0002289041876792908,-0.0,0.0,0.0,0.0,1.0,0.0,0.0,202.79339518344386,201.80963233503314,201.8609908937305,432.01410419740216,437.1935351073585,434.61366024199725,77996.84169570591,78809.39376544216,78080.99832979213,74188.28895681787,773.6164159487747,45.92695842603221,915.7587142868439,0.003027039378493,2.6246812009479377,46121.395224545406
2024-10-20 12:21:18.381902,1.0,1.0,1.0,1.0,1.0,1.0,1.0,793533.0,0.060127276182378155,0.03979500713939933,0.038463691717159486,0.025910004937642474,0.033546208593426816,0.026937993727346517,-0.0007153255864977838,0.0006930710126956305,-0.00021618728836377465,-0.0,0.0,0.0,0.0,1.0,0.0,0.0,202.05777870035794,202.38323545065552,203.3644304090788,427.3645966376322,431.1207022145071,432.1950716764824,76133.06359629199,77141.73414273659,77797.54503033817,72953.1772859158,758.9915824147142,46.02955851846887,917.8646284091741,0.002961729427742853,2.6476509716689747,43495.971961757255
2024-10-20 12:21:18.385903,1.0,1.0,1.0,1.0,1.0,1.0,1.0,793534.0,0.061115500535714865,0.040055960801949016,0.03819186010094626,0.025835012001953723,0.03360399710929144,0.027224576194402335,-0.0007216840361555419,0.0006898917878667515,-0.00022254573802153274,-0.0,0.0,0.0,0.0,1.0,0.0,0.0,203.6849073492058,203.08411156949123,202.7154905518012,421.9537187241724,427.1959002950727,424.61378255697605,75169.73851299674,76195.36501199324,75330.35237239087,71539.58808013114,744.6006647661701,46.00654897929658,917.4753347785254,0.0028861595428525707,2.670611000228518,44675.91191999301
2024-10-20 12:21:18.467472,1.0,1.0,1.0,1.0,1.0,1.0,1.0,793535.0,0.06081643652238848,0.04037978143756249,0.0387336156723732,0.025872535641194412,0.03305092691301418,0.027508173183166423,-0.0007153255864977838,0.0006898917878667515,-0.0002606964359680812,-0.0,0.0,0.0,0.0,1.0,0.0,0.0,203.4147553597243,203.44560874365965,204.34782522190426,416.1264357375981,419.15943423408925,419.8115479850631,73428.45099450854,74181.52487213958,74707.36920115014,70129.12230810164,731.5461224389356,45.900837050177266,915.4361805228891,0.0028110167989259384,2.6935199984898377,45220.63753985156
2024-10-20 12:21:18.471472,1.0,1.0,1.0,1.0,1.0,1.0,1.0,793536.0,0.05977971676101446,0.040185802182344105,0.03946638873835309,0.025984781442148438,0.03296275176192149,0.027578616763765378,-0.0006930710126956305,0.0006835333382089934,-0.0002829510097702345,-0.0,0.0,0.0,0.0,1.0,0.0,0.0,204.45415946273178,204.19346645920245,204.05040221718124,409.55146933803456,414.8653644646419,412.8729987975845,72289.9953466224,73440.28660721474,72796.64581915249,68911.53361772907,718.9462074553738,45.891412531823576,915.3072453186853,0.0027467070402747555,2.716425770118398,42754.77026257717
2024-10-20 12:21:18.552401,1.0,1.0,1.0,1.0,1.0,1.0,1.0,793537.0,0.058680326942996096,0.03979500713939933,0.03946638873835309,0.026318646714264433,0.033021561356871405,0.027472883658460283,-0.0006867125630378724,0.0006708164388934773,-0.0002988471339146297,-0.0,0.0,0.0,0.0,1.0,0.0,0.0,204.79905672279858,204.48586210851332,204.7973548500008,406.2704415520805,410.48830890840577,409.3463049796539,71671.55500787354,72545.77627297366,72329.66949681717,68276.41346678443,714.7292550491644,45.734937825502165,912.2219601108096,0.002707772784871444,2.739254331784138,45021.70865677541
2024-10-20 12:21:18.636208,1.0,1.0,1.0,1.0,1.0,1.0,1.0,793538.0,0.0586803269429961,0.03946638873835309,0.03906839817849146,0.026281760015388615,0.03296275176192149,0.02733126991297999,-0.0006771748885512353,0.0006580995395779611,-0.00030202635874350875,-0.0,0.0,0.0,0.0,1.0,0.0,0.0,204.79302854936358,204.70576952174392,205.41538076887323,405.44235611688737,409.27412907967016,409.3620650707973,71595.9706178756,72479.80959355377,72704.1372429461,68353.86518854582,717.1382717823208,45.632800832930975,910.1889511898411,0.0027031712099052324,2.762032016940049,44278.744205465206
2024-10-20 12:21:18.639209,1.0,1.0,1.0,1.0,1.0,1.0,1.0,793539.0,0.05903435927679556,0.039729500910396995,0.03953233095432663,0.026281760015388615,0.033021561356871405,0.02697398304697218,-0.0006898917878667515,0.0006708164388934773,-0.00029566790908575063,-0.0,0.0,0.0,0.0,1.0,0.0,0.0,205.32500325211174,205.1399234055897,204.68187257768892,406.69181114020495,411.96944433518337,408.962034089517,72278.08185340559,73412.47338777287,72506.76749597947,68812.95140116714,722.072096236065,45.62613926428159,910.0410960063716,0.0027195915754402583,2.7848060019864245,42898.16517183074
2024-10-20 12:21:18.720357,1.0,1.0,1.0,1.0,1.0,1.0,1.0,793540.0,0.058635922602968446,0.03946638873835309,0.03999088202492748,0.026096544458751023,0.03284481667269478,0.026829736114304472,-0.0006739956637223563,0.0006803541133801144,-0.0002988471339146297,-0.0,0.0,0.0,0.0,1.0,0.0,0.0,204.4888965901257,204.64020356170863,205.72387028487475,409.3667044383038,412.7911471164687,413.4858828982204,72827.55359372645,73655.71146618905,74252.34376075857,69634.88495203115,731.5432676895006,45.57499415971426,908.9881603384696,0.0027555931735430985,2.8075536370786485,44340.63053980249
2024-10-20 12:21:18.724357,1.0,1.0,1.0,1.0,1.0,1.0,1.0,793541.0,0.05787583657016086,0.03953233095432663,0.03959816335788845,0.026318646714264433,0.03296275176192149,0.026901956261409284,-0.0006867125630378724,0.0006898917878667515,-0.00029566790908575063,-0.0,0.0,0.0,0.0,1.0,0.0,0.0,205.04664152127165,204.78409605146976,204.12429396267393,413.0311350877577,419.51536890220643,415.4085053360113,74241.54167286822,75569.22160461982,74282.43221043331,70720.32470023449,744.0079086791517,45.51236287211516,907.6910975117094,0.002808203935462969,2.8302688128791433,45294.93618650093
2024-10-20 12:21:18.806590,1.0,1.0,1.0,1.0,1.0,1.0,1.0,793542.0,0.05746936838852065,0.03933417265909615,0.039598163357888454,0.025835012001953723,0.03305092691301418,0.026829736114304472,-0.0006612787644068402,0.0006835333382089934,-0.0003083848084012668,-0.0,0.0,0.0,0.0,1.0,0.0,0.0,203.58917359412484,204.10736454962262,204.8870653327781,417.71546631948775,422.4416019377235,422.64036551474504,75024.54019323969,76254.60683272117,76613.81981289902,71947.79948067894,755.7914322854853,45.58331029614131,909.048246072937,0.002871621030681191,2.8530179516305143,43835.90980417405
2024-10-20 12:21:18.890067,1.0,1.0,1.0,1.0,1.0,1.0,1.0,793543.0,0.05836878716992206,0.038867874708122786,0.03959816335788845,0.025947420126718565,0.032933307582966455,0.02679355304171941,-0.0006803541133801144,0.0006517410899202031,-0.0003083848084012668,-0.0,0.0,0.0,0.0,1.0,0.0,0.0,204.20952693332177,203.5718964712757,203.25191673620117,423.5476271915176,429.85922151039483,425.67506570016855,77001.82218039193,78088.14966309066,76904.5696200474,73271.6595110207,769.7521070263892,45.58331029614131,908.9845959454145,0.002941438390487809,2.875765497522993,45815.188442725055
2024-10-20 12:21:18.894067,1.0,1.0,1.0,1.0,1.0,1.0,1.0,793544.0,0.05760517645908501,0.03853134997827471,0.040185802182344105,0.02613369258354722,0.032696799620819436,0.026611899740163612,-0.0006708164388934773,0.0006358449657758078,-0.0002893094594279926,-0.0,0.0,0.0,0.0,1.0,0.0,0.0,202.59363382606793,202.9816966009607,203.5850079886755,427.5493557340824,432.97851188754464,432.10720679363504,77562.229503271,78855.11674262107,78887.3247416518,74341.99717850823,781.0600106469936,45.58249710833588,908.9106728546247,0.0030047380967111264,2.898511193473341,46508.82775322841
2024-10-20 12:21:18.974858,1.0,1.0,1.0,1.0,1.0,1.0,1.0,793545.0,0.05760517645908501,0.03839591423416136,0.03999088202492748,0.026355481787173698,0.03296275176192149,0.026281760015388615,-0.0006962502375245095,0.000642203415433566,-0.00026069643596808123,-0.0,0.0,0.0,0.0,1.0,0.0,0.0,202.74535096848993,202.27311691052924,202.42738355566672,430.8303311596943,436.49374637827,433.9797255660338,78646.09772449186,79684.55719477162,79071.88535512927,75022.91267729596,786.4286395276569,45.68808541526682,910.974000508029,0.0030508039152542603,2.92130852466668,45151.45548867432
2024-10-20 12:21:18.978858,1.0,1.0,1.0,1.0,1.0,1.0,1.0,793546.0,0.05760517645908501,0.03859888964444313,0.03926789767914727,0.026059343378600053,0.033168129149298335,0.02650231011985886,-0.0006803541133801144,0.0006517410899202031,-0.00024480031182368605,-0.0,0.0,0.0,0.0,1.0,0.0,0.0,202.0204078770319,201.8050811150642,202.11661630953725,433.2248427968799,438.31642706907667,436.48121626806295,78976.22903751303,79979.63907660871,79667.61145573562,75417.30462136613,789.8139477627644,45.73289421417456,911.8377961663701,0.0030832163211824116,2.944127472542488,46361.50406449974
2024-10-20 12:21:19.060409,1.0,1.0,1.0,1.0,1.0,1.0,1.0,793547.0,0.05836878716992205,0.03893483061427055,0.03979500713939933,0.025608715566353565,0.03340129988750126,0.026170787978491077,-0.0006390241906046868,0.0006580995395779611,-0.000241621086994807,-0.0,0.0,0.0,0.0,1.0,0.0,0.0,201.32693841746666,201.56185931773857,202.11297944889196,433.96777510561583,439.00739885288914,438.6931030723879,78718.16451222212,79946.24260226634,80051.09306475359,75442.98153077354,789.6853413901648,45.756432538237604,912.2967949038381,0.003094489346986999,2.966957906965914,46693.66414516609
2024-10-20 12:21:19.064409,1.0,1.0,1.0,1.0,1.0,1.0,1.0,793548.0,0.05810042350855982,0.03880080326089555,0.039729500910396995,0.025947420126718565,0.033284918697807614,0.026392265450275895,-0.0006644579892357192,0.0006326657409469288,-0.0002511587614814441,-0.0,0.0,0.0,0.0,1.0,0.0,0.0,202.12366572631052,201.58791275171484,201.3552819987581,433.9325184914389,439.8058694412488,436.68673019330487,78729.51318108832,79818.0885731768,78914.95135307971,75031.05418072722,783.9006095970617,45.841592911843854,914.0110120131218,0.003076732334737998,2.9898312400617018,45315.38082129433
2024-10-20 12:21:19.144758,1.0,1.0,1.0,1.0,1.0,1.0,1.0,793549.0,0.05728779015141939,0.03819186010094626,0.039925697169818586,0.02613369258354722,0.03386282504451316,0.026611899740163612,-0.0006803541133801144,0.0006135903919736546,-0.00027023411045471834,-0.0,0.0,0.0,0.0,1.0,0.0,0.0,201.4693798350755,201.6067395421348,202.61617264829485,431.56485046568696,436.15774417922535,436.47987336111305,77480.50487342049,78531.38628313183,78974.7881216016,74224.72361778807,774.3595766580811,45.90585041274131,915.3291586616634,0.0030364861647231072,3.0127375600766455,45069.96946744265
2024-10-20 12:21:19.228713,1.0,1.0,1.0,1.0,1.0,1.0,1.0,793550.0,0.057695537575739225,0.03846369171715948,0.03966388649582423,0.026281760015388615,0.034204882463775475,0.02650231011985886,-0.0006803541133801144,0.0006167696168025336,-0.00026069643596808123,-0.0,0.0,0.0,0.0,1.0,0.0,0.0,202.83049960711833,202.35184915194193,201.7255547899122,427.7602983385699,434.25946758366365,430.09036741283177,76724.35655877774,77948.31545194531,76647.72560749906,73036.72602218582,762.1039085424333,45.89465695186864,915.1630776368428,0.0029742693178784387,3.0356397238762356,45407.14919134124
2024-10-20 12:21:19.232712,1.0,1.0,1.0,1.0,1.0,1.0,1.0,793551.0,0.057650374721400804,0.03859888964444313,0.040055960801949016,0.02664832946254422,0.03434640099311143,0.026392265450275895,-0.0006962502375245095,0.0006326657409469288,-0.0002670548856258393,-0.0,0.0,0.0,0.0,1.0,0.0,0.0,202.4608385979663,202.34896828246232,203.62241423483115,422.1275005088511,426.2577876239111,426.51241374925195,74849.39878404797,75646.85111178162,76172.21914885574,71533.84853519863,746.302302771934,45.89843268529629,915.3099662544911,0.0028962725913366954,3.0585455635968324,44436.75790613442
2024-10-20 12:21:19.314696,1.0,1.0,1.0,1.0,1.0,1.0,1.0,793552.0,0.058234759927219014,0.03859888964444313,0.040055960801949016,0.02697398304697218,0.03454355292563407,0.026355481787173698,-0.0007121463616689048,0.0006135903919736546,-0.0002829510097702345,-0.0,0.0,0.0,0.0,1.0,0.0,0.0,203.69188563182576,203.4016075266532,203.01787176734794,415.98324841725355,421.9580434435999,418.71837391974606,73574.5661011477,74777.91724331173,73780.49826261553,70070.43231529894,732.0785153185744,45.82944460689337,914.0048861600261,0.0028191548032121673,3.0814187433917555,44630.938233552566
2024-10-20 12:21:19.318697,1.0,1.0,1.0,1.0,1.0,1.0,1.0,793553.0,0.05787583657016086,0.03832801689680105,0.040055960801949016,0.026901956261409284,0.03454355292563407,0.026281760015388615,-0.0006994294623533886,0.0006040527174870175,-0.0002861302345991135,-0.0,0.0,0.0,0.0,1.0,0.0,0.0,203.70379784769455,203.60332960862368,204.4200035655246,410.30987261425213,415.2888483242808,414.1183431117174,72158.06714159202,73111.6030367762,73114.30611506103,68863.59194815771,720.7620173622379,45.744284233287125,912.366145296276,0.002753939002102709,3.1042509133244978,44195.92575543238
2024-10-20 12:21:19.399589,1.0,1.0,1.0,1.0,1.0,1.0,1.0,793554.0,0.05805557562576054,0.03846369171715948,0.03900167157440239,0.02711746269239568,0.034823262373934814,0.026207830867489117,-0.0007471178347865742,0.0006072319423158965,-0.00029248868425687163,-0.0,0.0,0.0,0.0,1.0,0.0,0.0,204.2506513280363,204.30293027571304,204.42619654615257,406.9509727788577,411.95529382397086,410.1826111287953,71487.22961799118,72587.1706254127,72201.53515425525,68185.41970745292,714.1864327358322,45.70900364249864,911.6986346267396,0.0027143866913410556,3.127066378651181,42981.680997956595
2024-10-20 12:21:19.484110,1.0,1.0,1.0,1.0,1.0,1.0,1.0,793555.0,0.05827946992223283,0.038666311337125336,0.03886787470812279,0.02711746269239568,0.034515457310635475,0.02657542007977932,-0.0007534762844443322,0.0006072319423158965,-0.00031156403323014586,-0.0,0.0,0.0,0.0,1.0,0.0,0.0,204.7227244597818,204.78660054936515,204.33440826757814,405.41616078187144,412.17625680725195,408.4647821004861,71417.84523338682,72857.53303252239,71772.18195524,68112.43029484889,714.8835907166516,45.61504357839098,909.8345611676544,0.0027033958609803113,3.1498351951163253,43997.11870266634
2024-10-20 12:21:19.486110,1.0,1.0,1.0,1.0,1.0,1.0,1.0,793556.0,0.0583241456435673,0.03880080326089556,0.039925697169818586,0.02718891858094095,0.03457162570793951,0.026281760015388615,-0.0007502970596154532,0.0006294865161180497,-0.00032746015737454104,-0.0,0.0,0.0,0.0,1.0,0.0,0.0,204.63231299180566,204.32960230446054,205.36046309387683,407.22419803651604,410.78706210097886,410.44311198854575,71925.77423927416,72565.94229226683,72872.74469689323,68539.71559734848,720.8753588519239,45.52026433856578,907.9323687360001,0.0027162825955082226,3.172556408783987,44378.14444520627
2024-10-20 12:21:19.568182,1.0,1.0,1.0,1.0,1.0,1.0,1.0,793557.0,0.057785757392499,0.038463691717159486,0.03966388649582423,0.02711746269239568,0.034599675713128386,0.026428997918226275,-0.0007693724085887275,0.0006326657409469288,-0.000324280932545662,-0.0,0.0,0.0,0.0,1.0,0.0,0.0,204.94578697635572,204.92663089555793,204.17921629704742,408.24269227136017,416.0962048408507,411.166189377818,72634.07150999858,74253.6645454578,72745.15662284607,69274.62808759788,729.4516735114287,45.46889654705785,906.8784039869187,0.0027486118468386072,3.195251246744507,44192.81384238697
2024-10-20 12:21:19.572739,1.0,1.0,1.0,1.0,1.0,1.0,1.0,793558.0,0.05796577576438691,0.038666311337125336,0.03999088202492748,0.02664832946254422,0.03493451908670038,0.026355481787173698,-0.0007280424858133,0.0006580995395779611,-0.00032746015737454104,-0.0,0.0,0.0,0.0,1.0,0.0,0.0,204.09876667407693,203.81135670440986,205.21790324897736,412.8749880203669,416.5595066088675,416.4481699166293,73624.63469801018,74229.35523095932,74751.08997286166,70237.70088896724,739.6282054021276,45.46889654705785,906.8348561811345,0.0027964993139769252,3.2179449949113,43945.33392845995
2024-10-20 12:21:19.651914,1.0,1.0,1.0,1.0,1.0,1.0,1.0,793559.0,0.05805557562576054,0.03886787470812279,0.04025056580563931,0.026392265450275895,0.03437463478414554,0.026170787978491077,-0.0007121463616689048,0.0006549203147490821,-0.0003306393822034201,-0.0,0.0,0.0,0.0,1.0,0.0,0.0,204.28533768447687,204.1900110159862,203.53968706696855,416.3240518677709,424.5071526409881,419.2090993543791,74920.40855326298,76550.91189965587,74992.25868375025,71485.03138915412,754.0500380522366,45.39410297417954,905.2870919854015,0.002858264981759112,3.2406000099276855,46094.26359766778
2024-10-20 12:21:19.736485,1.0,1.0,1.0,1.0,1.0,1.0,1.0,793560.0,0.05819001557952383,0.03853134997827472,0.03986040571620479,0.02650231011985886,0.03426156002122874,0.026428997918226275,-0.0007248632609844209,0.000642203415433566,-0.000324280932545662,-0.0,0.0,0.0,0.0,1.0,0.0,0.0,202.94026521588953,203.13284147067026,204.3459518972884,422.2497089158669,426.8215810381213,426.78491853989993,75987.42181812071,76983.15594038932,77461.47539726229,72766.48843135413,765.8833701013978,45.497038064422824,907.2775394318298,0.0029268079527019547,3.2633048363433357,43914.60184914834
2024-10-20 12:21:19.740030,1.0,1.0,1.0,1.0,1.0,1.0,1.0,793561.0,0.058680326942996096,0.038733615672373205,0.03999088202492748,0.025947420126718565,0.03426156002122874,0.02679355304171941,-0.0006898917878667515,0.0006294865161180497,-0.0003306393822034201,-0.0,0.0,0.0,0.0,1.0,0.0,0.0,203.2771359336452,202.98004004626856,202.50227640807262,426.94468355504154,433.87665030508185,429.55909182753373,77583.52078166428,78936.54989117685,77688.53873918844,73987.52151005024,778.7403314867964,45.49980166366482,907.2713431672634,0.002994178003427116,3.2860095076960585,46349.58659038887
2024-10-20 12:21:19.822285,1.0,1.0,1.0,1.0,1.0,1.0,1.0,793562.0,0.058547012889045756,0.03906839817849147,0.04037978143756249,0.02613369258354722,0.03403428348265909,0.02664832946254422,-0.0007121463616689048,0.0006612787644068402,-0.0003083848084012668,-0.0,0.0,0.0,0.0,1.0,0.0,0.0,202.0113425614299,202.1402179104032,202.77912897201892,430.0592799144523,435.36065794237965,434.3004049720918,78104.32436281863,79276.74569576203,79277.13112695799,74783.814150236,787.6654370037417,45.47075529255054,906.6448615964204,0.0030461823613521814,3.308698501205232,47409.15264871106
2024-10-20 12:21:19.825285,1.0,1.0,1.0,1.0,1.0,1.0,1.0,793563.0,0.058190015579523816,0.03933417265909615,0.04057283328598263,0.02613369258354722,0.03406277598114669,0.026538890275460948,-0.0007026086871822677,0.0006517410899202031,-0.0003083848084012668,-0.0,0.0,0.0,0.0,1.0,0.0,0.0,201.95229375433559,201.6874514692999,201.7936410582413,432.56318148575696,437.8611025556084,435.85631110229093,78800.26559682227,79893.82283849023,79427.16290290574,75258.84548710116,790.8737963127614,45.57558419135084,908.7025510141856,0.003081839610696953,3.3314389888592704,45406.55215763776
2024-10-20 12:21:19.909019,1.0,1.0,1.0,1.0,1.0,1.0,1.0,793564.0,0.057695537575739225,0.03946638873835309,0.04108320345271294,0.025835012001953723,0.03360399710929144,0.026611899740163612,-0.0006580995395779611,0.0006517410899202031,-0.00029248868425687163,-0.0,0.0,0.0,0.0,1.0,0.0,0.0,201.70645156486836,201.28812585625994,201.48370400816407,433.6418156120766,439.89736870613245,437.37387201636636,78976.32080725071,80178.31804616103,79542.61637119346,75442.15010129364,791.4141570080129,45.65622270322153,910.2938834069944,0.003099873894338324,3.35421929996774,45841.660207853005
2024-10-20 12:21:19.911016,1.0,1.0,1.0,1.0,1.0,1.0,1.0,793565.0,0.05783081452011861,0.038867874708122786,0.04095620715673985,0.025494814117130813,0.033748035476753,0.026538890275460948,-0.000648561865091324,0.0006294865161180497,-0.00027023411045471834,-0.0,0.0,0.0,0.0,1.0,0.0,0.0,201.1902649309134,200.9550443915926,202.12620818096627,434.6399018752884,438.6690100776258,438.84412869552546,78737.35696326145,79524.98871235653,80003.37646554333,75296.889721173,789.6817203743888,45.66811457799694,910.5343499319025,0.0030961882860376256,3.377005628805592,47055.29970645285
2024-10-20 12:21:19.991281,1.0,1.0,1.0,1.0,1.0,1.0,1.0,793566.0,0.05805557562576054,0.039201510653345636,0.040055960801949016,0.025797433782787597,0.03357511528435138,0.027045818015839475,-0.0006835333382089934,0.0006199488416314126,-0.0002670548856258393,-0.0,0.0,0.0,0.0,1.0,0.0,0.0,201.8400225354206,201.73648894210416,201.22249484312832,432.31581028588823,439.5519791284174,435.7551506101945,78134.01022708928,79654.96675867276,78472.18798949655,74642.56192330437,779.6240718568127,45.85377274770742,914.2662309163769,0.0030632419858101388,3.3998853488123792,43383.35233511787
2024-10-20 12:21:20.077131,1.0,1.0,1.0,1.0,1.0,1.0,1.0,793567.0,0.05760517645908501,0.03926789767914727,0.04044423444177086,0.026207830867489117,0.03325575976212062,0.02708166404617134,-0.0006771748885512353,0.0006231280664602917,-0.0002734133352835974,-0.0,0.0,0.0,0.0,1.0,0.0,0.0,201.6702916250687,201.41333394103162,202.82128731083668,429.6569142771324,433.1224448250471,433.97869777378395,76953.4318042957,77621.91466956868,78332.0824921381,73555.51422858935,767.6163668246295,45.89019437594256,915.0448729674442,0.003006104668902225,3.42278455451328,45099.60797537146
2024-10-20 12:21:20.078130,1.0,1.0,1.0,1.0,1.0,1.0,1.0,793568.0,0.05710563455466223,0.039598163357888454,0.039925697169818586,0.026281760015388615,0.033168129149298335,0.026937993727346517,-0.0006803541133801144,0.0006294865161180497,-0.00025751721113920217,-0.0,0.0,0.0,0.0,1.0,0.0,0.0,202.65246597533164,202.83954722925907,202.03131833916476,423.36203864930343,430.9825042565275,427.5116416997254,75514.84374164217,77315.5432660409,76036.91660113337,72248.73030635959,754.4441987107821,45.85862144180174,914.4805603929169,0.0029349644172513,3.4456696381638796,45396.9818973879
2024-10-20 12:21:20.160460,1.0,1.0,1.0,1.0,1.0,1.0,1.0,793569.0,0.05836878716992206,0.03966388649582423,0.039532330954326636,0.026829736114304472,0.03310957989067469,0.02718891858094095,-0.0007185048113266629,0.0006390241906046868,-0.00025751721113920217,-0.0,0.0,0.0,0.0,1.0,0.0,0.0,202.91179257056305,202.41586566260847,203.77116592376112,418.70598693853833,422.0932725329231,423.26466816508287,74151.92356443842,74784.5198263527,75418.39100303483,70792.79689184393,739.2950433465951,45.851755318122045,914.4135615708713,0.0028587180287659407,3.468553045153746,43997.276438471294
2024-10-20 12:21:20.164460,1.0,1.0,1.0,1.0,1.0,1.0,1.0,793570.0,0.05805557562576054,0.03933417265909615,0.040315225390783915,0.02657542007977932,0.03290383705573704,0.02764888086939877,-0.0006867125630378724,0.0006167696168025336,-0.0002861302345991135,-0.0,0.0,0.0,0.0,1.0,0.0,0.0,203.64433253211504,203.67656611015224,203.29238044370112,411.9274152891483,418.70127178369637,416.2018511241332,72679.7494955489,74248.94654040503,73324.79508216091,69470.99152089871,727.573683414933,45.71734409240491,911.7964506481967,0.0027893475119053863,3.491370958348575,45419.05534860486
2024-10-20 12:21:20.246128,1.0,1.0,1.0,1.0,1.0,1.0,1.0,793571.0,0.05827946992223283,0.03880080326089556,0.03999088202492748,0.026611899740163612,0.03254810944778678,0.027718966864906235,-0.0007153255864977838,0.0006072319423158965,-0.00027977178494135546,-0.0,0.0,0.0,0.0,1.0,0.0,0.0,204.00254106703136,203.61202054075756,204.4944905629326,407.75138650984076,412.965528195016,412.683235994102,71745.8318184657,72785.462886963,72811.10005618824,68532.84367960601,718.5185618265765,45.6659257028868,910.8191282929789,0.0027365981596635548,3.51416441382957,43495.887601048744
2024-10-20 12:21:20.328814,1.0,1.0,1.0,1.0,1.0,1.0,1.0,793572.0,0.05792082362442352,0.038463691717159486,0.03966388649582423,0.02646567940419046,0.03260766687993288,0.028032185471914422,-0.0006803541133801144,0.0005881565933426223,-0.0002861302345991135,-0.0,0.0,0.0,0.0,1.0,0.0,0.0,204.28864443027038,204.15315420537908,204.870439854468,406.8035942562178,412.15432989426336,410.6509387658765,71644.48715594549,72701.9796792519,72526.97854012331,68380.083290011,717.2777954045165,45.6421570341541,910.3609508923803,0.0027191854548464945,3.5369464033170885,42985.868556343295
2024-10-20 12:21:20.332812,1.0,1.0,1.0,1.0,1.0,1.0,1.0,793573.0,0.0580106930712157,0.03859888964444313,0.039925697169818586,0.02613369258354722,0.03257790177388484,0.028239067876162333,-0.0006580995395779611,0.0006135903919736546,-0.0002988471339146297,-0.0,0.0,0.0,0.0,1.0,0.0,0.0,204.59087737598085,204.83799081254728,204.57935640490354,405.7680982908712,413.39965313474096,410.95807700570896,71603.6838562201,73401.95854148618,72480.27592001614,68577.47672383087,720.5206784744241,45.56796867640232,908.8797641569287,0.0027207811135126414,3.5596913257702587,44017.27116365146
2024-10-20 12:21:20.414506,1.0,1.0,1.0,1.0,1.0,1.0,1.0,793574.0,0.0583241456435673,0.038055216156251626,0.039925697169818586,0.026355481787173698,0.03284481667269478,0.02810131550407159,-0.0006708164388934773,0.0006231280664602917,-0.0002988471339146297,-0.0,0.0,0.0,0.0,1.0,0.0,0.0,204.5689136398225,204.17004062594313,205.47864852571286,408.6965695764129,412.527651547381,412.3020702648048,72459.00649466521,73101.89142037673,73481.73447686124,69083.21211711653,726.0757189256657,45.55366151882492,908.5775276474154,0.0027392998124328802,3.5824286846861577,43380.23640321232
2024-10-20 12:21:20.418506,1.0,1.0,1.0,1.0,1.0,1.0,1.0,793575.0,0.05796577576438692,0.03764230828317236,0.040055960801949016,0.02664832946254422,0.03272645658802371,0.028239067876162333,-0.0006771748885512353,0.0006040527174870175,-0.000324280932545662,-0.0,0.0,0.0,0.0,1.0,0.0,0.0,204.5892126239853,205.01681162348277,204.18755759203341,409.0732451611365,417.64823907632945,414.30422050189264,72864.9413931376,74963.11069710998,73591.82985923595,69853.81493083911,734.5678580548118,45.53090072401575,908.0914568881057,0.002774552613755656,3.605153879570946,44048.773400913895
2024-10-20 12:21:20.499590,1.0,1.0,1.0,1.0,1.0,1.0,1.0,793576.0,0.05746936838852065,0.037503662109375,0.03999088202492748,0.026428997918226275,0.03310957989067469,0.02789341142414604,-0.0006517410899202031,0.0006104111671447755,-0.0003083848084012668,-0.0,0.0,0.0,0.0,1.0,0.0,0.0,204.07090783940967,203.56059169548948,205.07597964874412,414.9814154749668,418.8983836099432,418.77227929653355,74283.58758038942,74889.115471363,75357.34076675177,70860.03728436369,745.2774033368125,45.525407552547904,907.9350978029654,0.0028259530076943313,3.6278751615341283,44302.4778697054
2024-10-20 12:21:20.502534,1.0,1.0,1.0,1.0,1.0,1.0,1.0,793577.0,0.057920823624423516,0.03764230828317236,0.039400336158606504,0.026207830867489117,0.033284918697807614,0.028376151535570014,-0.0006708164388934773,0.0006104111671447755,-0.0002893094594279926,-0.0,0.0,0.0,0.0,1.0,0.0,0.0,204.01671193026598,204.11864956323984,203.42754202152832,417.8976323648106,426.5308108302968,422.25176270999805,75329.9424535509,77225.84137671033,75756.96189909618,72082.48364494162,758.1460450449644,45.52751819261488,907.9213951517291,0.0028872304102388296,3.650596100585352,45092.092783275664
2024-10-20 12:21:20.584708,1.0,1.0,1.0,1.0,1.0,1.0,1.0,793578.0,0.0578308145201186,0.037780445658522906,0.039925697169818586,0.02672103991000101,0.033021561356871405,0.02871599779926609,-0.0006835333382089934,0.0006008734926581384,-0.0002988471339146297,-0.0,0.0,0.0,0.0,1.0,0.0,0.0,203.0453758953889,202.75331432228901,204.20479562956442,424.5793193642951,428.7127047355441,428.263321581057,76724.3776164617,77405.03833037037,77860.44237335722,73269.44181196505,770.6800718150963,45.52751819261488,907.8626217356782,0.002951777543911123,3.6733155688184955,45860.84061519138
2024-10-20 12:21:20.667700,1.0,1.0,1.0,1.0,1.0,1.0,1.0,793579.0,0.05696863563386268,0.038123599349151736,0.039925697169818586,0.026207830867489117,0.03308026640118225,0.028376151535570014,-0.0006549203147490821,0.0005976942678292594,-0.00029566790908575063,-0.0,0.0,0.0,0.0,1.0,0.0,0.0,202.92463663610013,202.9243370302187,202.5562691882455,428.0189560484493,435.05483538739423,431.0866066047484,77774.00027811814,79239.42813495453,78127.9217749786,74288.11218107531,780.8734037675612,45.56059927949979,908.4689177173796,0.003010350956742669,3.696050209746236,45991.12776701255
2024-10-20 12:21:20.670701,1.0,1.0,1.0,1.0,1.0,1.0,1.0,793580.0,0.057060004795434646,0.039201510653345636,0.039729500910396995,0.026318646714264433,0.03313886745048406,0.028032185471914422,-0.0006771748885512353,0.0006358449657758078,-0.00029566790908575063,-0.0,0.0,0.0,0.0,1.0,0.0,0.0,202.11311630780438,202.0691508150014,202.87903562425717,431.40263545095746,436.04655970885074,434.79995200629065,78431.23651826917,79345.95644285172,79415.37791264021,74952.9620274861,788.2190218545551,45.541860853318376,908.0573349767303,0.003052007578907118,3.718774550722445,47280.20705149092
2024-10-20 12:21:20.752727,1.0,1.0,1.0,1.0,1.0,1.0,1.0,793581.0,0.05673956902203055,0.039532330954326636,0.04012093401707996,0.026538890275460948,0.033021561356871405,0.02775394349316061,-0.0006612787644068402,0.0006231280664602917,-0.00029566790908575063,-0.0,0.0,0.0,0.0,1.0,0.0,0.0,201.90319247166548,201.97195074159112,202.16293172603716,433.07271930601047,438.54786274348436,436.15039342035686,78813.56287087186,79961.74329766673,79529.76916384604,75311.97065089806,789.6462920830882,45.678471319612235,910.757577658906,0.0030778708788920446,3.7415664658848473,44819.71691127563
2024-10-20 12:21:20.756727,1.0,1.0,1.0,1.0,1.0,1.0,1.0,793582.0,0.05632490157190952,0.040055960801949016,0.03966388649582423,0.026281760015388615,0.033459338679991214,0.027543417493819798,-0.0006612787644068402,0.0006549203147490821,-0.0002893094594279926,-0.0,0.0,0.0,0.0,1.0,0.0,0.0,201.94896516362894,201.92114253560027,201.7320918996952,433.2603880083394,439.26452060608995,437.1056324582276,78657.81726009019,80019.05562653432,79358.11283606772,75219.79481149162,788.240593429032,45.703968643043105,911.2650829509586,0.003078824436323868,3.764371081482409,46554.023661310246
2024-10-20 12:21:20.838459,1.0,1.0,1.0,1.0,1.0,1.0,1.0,793583.0,0.056185999013797665,0.03979500713939933,0.03933417265909615,0.02657542007977932,0.03363285413230715,0.02768394604629166,-0.0006835333382089934,0.000642203415433566,-0.0002829510097702345,-0.0,0.0,0.0,0.0,1.0,0.0,0.0,201.9385771793742,201.4532754387344,202.56543127801743,433.64266705855226,437.21030523367665,436.27713899615895,78481.52535964077,78979.83664588458,79284.06891529258,74797.56772680186,782.3099625242519,45.7909774072657,913.0193814656142,0.0030575528611182933,3.7872195987986017,45174.53850768464
2024-10-20 12:21:20.921560,1.0,1.0,1.0,1.0,1.0,1.0,1.0,793584.0,0.05715122788292689,0.03986040571620479,0.039201510653345636,0.026244821472867705,0.033430331878977426,0.028273401102065627,-0.0006962502375245095,0.0006358449657758078,-0.0003179224828879039,-0.0,0.0,0.0,0.0,1.0,0.0,0.0,202.33561017009072,202.52208790181882,201.91886631740792,429.5058416664833,436.2750961633713,433.3734705665318,77261.79373305224,78880.65317583503,77879.53963014169,73912.9030566455,771.6828152917806,45.87044301743507,914.6455237795541,0.0030121101818190153,3.810108810695406,44643.38020977069
2024-10-20 12:21:20.924561,1.0,1.0,1.0,1.0,1.0,1.0,1.0,793585.0,0.057875836570160856,0.04044423444177086,0.03906839817849146,0.025835012001953723,0.0337192770263005,0.028546580404464273,-0.0006867125630378724,0.0006612787644068402,-0.00031156403323014586,-0.0,0.0,0.0,0.0,1.0,0.0,0.0,202.7427375519952,201.93372819651722,203.43954045750868,426.9508412719028,429.797573491379,429.0694044570174,76480.15197734405,76675.1071870536,77184.24233668447,72722.0339149307,758.9945203380407,45.88294426700141,914.9529430675855,0.0029487452425638262,3.8330057158296906,44959.01864133876
2024-10-20 12:21:21.006561,1.0,1.0,1.0,1.0,1.0,1.0,1.0,793586.0,0.0583241456435673,0.04063698009803076,0.038867874708122786,0.025835012001953723,0.03299216966314644,0.02881717015424661,-0.0007026086871822677,0.0006326657409469288,-0.00031156403323014586,-0.0,0.0,0.0,0.0,1.0,0.0,0.0,203.00834450345957,203.62715442057575,203.00215139900513,419.31541687649377,426.19881205454976,423.98124402129554,74452.34276383085,76275.68539487099,75423.9757694528,71370.29248732633,746.1850749319167,45.79981796449964,913.3606570977388,0.0028774155765172,3.855862773646062,45729.764533082096
2024-10-20 12:21:21.010505,1.0,1.0,1.0,1.0,1.0,1.0,1.0,793587.0,0.059561462228936886,0.04070102581168387,0.03913501101148131,0.026022089115979988,0.032756086704177324,0.028376151535570014,-0.0007216840361555419,0.0006326657409469288,-0.00033699783186117815,-0.0,0.0,0.0,0.0,1.0,0.0,0.0,203.77873624115972,203.1944898323201,204.12761600055163,415.89527320327625,418.4944453214696,417.8631667878691,73688.74273944167,74025.98827933236,74309.07674673766,70040.18619174307,732.105521671735,45.80746836843368,913.5766512487149,0.0028081841363354738,3.8787252367651015,43547.426933116876
2024-10-20 12:21:21.092140,1.0,1.0,1.0,1.0,1.0,1.0,1.0,793588.0,0.0606878150815704,0.04070102581168387,0.03886787470812279,0.025494814117130813,0.032815266674204355,0.028307692686654416,-0.0007407593851288161,0.000648561865091324,-0.00033699783186117815,-0.0,0.0,0.0,0.0,1.0,0.0,0.0,204.0336624291734,204.25165513832448,204.12506477460462,409.4419543957688,415.1595281203621,413.32520417269615,72262.49694870178,73642.36621462996,73103.68864569717,69071.24995945852,724.0302419185076,45.675201786128206,910.9866041607424,0.0027557968693925003,3.9015228833677114,45170.890368803346
2024-10-20 12:21:21.175050,1.0,1.0,1.0,1.0,1.0,1.0,1.0,793589.0,0.06132822481459091,0.04070102581168387,0.03825999906698716,0.025608715566353565,0.03319736505550277,0.028614467730784514,-0.0007534762844443322,0.0006549203147490821,-0.00031156403323014586,-0.0,0.0,0.0,0.0,1.0,0.0,0.0,204.56231669517769,204.37416695651578,204.4584067476725,407.192103129749,411.6513149504397,410.57361285887436,71920.95735758523,72936.25141764042,72627.32110761738,68582.67043123684,719.7394554046185,45.62114545629322,909.9351934322484,0.0027264941166364053,3.9242942181781246,43623.81171085009
2024-10-20 12:21:21.178998,1.0,1.0,1.0,1.0,1.0,1.0,1.0,793590.0,0.061370681188533435,0.03999088202492748,0.03757304914762413,0.025456733716313067,0.03308026640118225,0.02858054422421529,-0.0007280424858133,0.0006358449657758078,-0.0002988471339146297,-0.0,0.0,0.0,0.0,1.0,0.0,0.0,204.86311144687852,204.05485918765547,205.0306910725408,407.2048052024161,410.9531239854723,410.26949303502425,72174.68739592117,72706.13593777589,72818.22429898991,68653.00926380814,720.3810682579169,45.62715409508738,910.0571570176324,0.002724172626386441,3.9470686051549535,42794.5146847798
2024-10-20 12:21:21.260016,1.0,1.0,1.0,1.0,1.0,1.0,1.0,793591.0,0.06175147500477284,0.03966388649582423,0.037503662109375,0.024917498197257262,0.033168129149298335,0.028648351067380656,-0.0007153255864977838,0.000642203415433566,-0.00029248868425687163,-0.0,0.0,0.0,0.0,1.0,0.0,0.0,204.55899097978246,204.97437480150506,204.5570387250165,407.3788747969588,413.53712353890046,412.37222585516616,72225.98332970285,73899.74474927949,73284.857492947,69206.60629422791,728.1804214457193,45.503402348759394,907.5695936295184,0.002745347838520142,3.96978074029321,45307.02835863762
2024-10-20 12:21:21.264016,1.0,1.0,1.0,1.0,1.0,1.0,1.0,793592.0,0.06279712120117678,0.039532330954326636,0.0378493252884673,0.02507274890923307,0.03284481667269478,0.02858054422421529,-0.000734400935471058,0.0006358449657758078,-0.00029566790908575063,-0.0,0.0,0.0,0.0,1.0,0.0,0.0,204.76057783053727,203.7009320633088,205.12364662647326,411.94995703562984,414.72382321154674,414.4790124882594,73650.50505825704,73826.56151864558,74275.41660077259,69965.00119195163,735.533646145167,45.543784044489,908.342603345579,0.002780925649180469,3.9925122201751173,43069.221203188026
2024-10-20 12:21:21.345765,1.0,1.0,1.0,1.0,1.0,1.0,1.0,793593.0,0.06353933224858622,0.03999088202492748,0.037503662109375,0.025150014882560457,0.03242866644143693,0.02820469285687616,-0.0007471178347865742,0.000645382640262445,-0.0002861302345991135,-0.0,0.0,0.0,0.0,1.0,0.0,0.0,203.96996019304817,204.70246159702364,203.95240895243927,413.3669520819671,420.8153316483961,418.54726302652136,73946.08051963542,75970.15260036763,74996.85221370879,70987.28861510212,746.4565080068172,45.535389897281505,908.1288266842745,0.0028318317545686133,4.0152383502475395,44376.70594282789
2024-10-20 12:21:21.349322,1.0,1.0,1.0,1.0,1.0,1.0,1.0,793594.0,0.0630454957548034,0.04044423444177086,0.03729472643293347,0.02526547079878701,0.03221857569203676,0.028170275891210916,-0.0007375801602999371,0.0006358449657758078,-0.0002638756607969603,-0.0,0.0,0.0,0.0,1.0,0.0,0.0,203.81998160691776,203.09248499054394,204.4023555524462,420.3005008011068,423.81028088818647,423.02152332898237,75786.37930990533,76186.52602026744,76527.41962212116,72144.90930612605,758.6752181018655,45.535389897281505,908.0738630462095,0.002892184414542538,4.03796310484244,45126.0772191741
2024-10-20 12:21:21.430700,1.0,1.0,1.0,1.0,1.0,1.0,1.0,793595.0,0.0632105366019888,0.04012093401707996,0.03743414645719283,0.025456733716313067,0.03203740138402003,0.027962884536546752,-0.0007216840361555419,0.0006326657409469288,-0.00024480031182368605,-0.0,0.0,0.0,0.0,1.0,0.0,0.0,203.26566084832734,203.69572815665805,202.8516627202483,423.4811209654137,430.8918492403375,428.0156400012349,76534.36595689469,78417.18869163096,77275.24249093556,73346.78598791728,770.6452792079086,45.57786834195151,908.8620042060411,0.002956876584010869,4.060707582848807,45216.64880398718
2024-10-20 12:21:21.514258,1.0,1.0,1.0,1.0,1.0,1.0,1.0,793596.0,0.06296281310184383,0.03966388649582423,0.03764230828317236,0.025342149186916324,0.03227874115189541,0.02775394349316061,-0.0006962502375245095,0.0006294865161180497,-0.00025433798631032317,-0.0,0.0,0.0,0.0,1.0,0.0,0.0,202.8058461897941,202.23851518721867,203.22494147441867,428.7005753079714,432.8475132234624,431.8452775180958,77877.5618522622,78526.47573614077,78663.00784029935,74266.44780349481,779.3491730418382,45.636412087466944,909.9802257570036,0.003010771297126209,4.083480044603372,45489.08202855214
2024-10-20 12:21:21.518240,1.0,1.0,1.0,1.0,1.0,1.0,1.0,793597.0,0.061835777398980774,0.03933417265909615,0.037503662109375,0.025111411613631566,0.03218845078999174,0.027858609899147853,-0.0006612787644068402,0.0006008734926581384,-0.000241621086994807,-0.0,0.0,0.0,0.0,1.0,0.0,0.0,202.30935574044224,202.16374287662543,202.1762929531448,430.26781837383675,436.46206797144106,434.48921044158186,78236.6976221458,79595.22706356097,78997.18334063054,74837.8820795105,785.5920112133832,45.62396946666183,909.6950091245701,0.0030514444942161363,4.106245368746954,47031.420565441
2024-10-20 12:21:21.599145,1.0,1.0,1.0,1.0,1.0,1.0,1.0,793598.0,0.06115810458448309,0.038666311337125336,0.0378493252884673,0.02507274890923307,0.0321582976678794,0.02799755644637631,-0.000642203415433566,0.0005786189188559852,-0.00025433798631032317,-0.0,0.0,0.0,0.0,1.0,0.0,0.0,201.87409771580602,201.68713007026875,201.95881734311456,432.4860175115714,437.86569341259866,436.1807101427326,78613.63231040533,79728.27200895433,79381.20600174078,75125.72752568359,788.1149778705051,45.6539358919865,910.2705487004712,0.003075495118211326,4.129025095899095,46479.72722190726
2024-10-20 12:21:21.603142,1.0,1.0,1.0,1.0,1.0,1.0,1.0,793599.0,0.0604297509142743,0.038055216156251626,0.038463691717159486,0.025342149186916324,0.03191604715477278,0.02775394349316061,-0.0006231280664602917,0.000565902019540469,-0.00027023411045471834,-0.0,0.0,0.0,0.0,1.0,0.0,0.0,201.6161249169066,201.22925946147706,202.25115164403,433.1888789249426,438.40993625647855,437.1175057697602,78584.78808921196,79480.88251512585,79520.65383788056,75076.72475121134,785.4446898568044,45.779386687913494,912.7694420456269,0.003078123055531343,4.151867358424556,44747.990631469664
2024-10-20 12:21:21.684623,1.0,1.0,1.0,1.0,1.0,1.0,1.0,793600.0,0.0604297509142743,0.038463691717159486,0.03859888964444313,0.025380401509347835,0.032368779656366614,0.02792816958270741,-0.0006358449657758078,0.0005786189188559852,-0.0002861302345991135,-0.0,0.0,0.0,0.0,1.0,0.0,0.0,201.62533964905433,202.15574280488707,201.57829160498912,431.8990881197686,438.87368316943173,436.48657329218224,77887.5212794471,79685.52406892157,78817.95428884798,74683.30507838185,781.4326350391709,45.77242723045122,912.6481262765817,0.003059066890142587,4.174706584995352,46570.22944847759
2024-10-20 12:21:21.768191,1.0,1.0,1.0,1.0,1.0,1.0,1.0,793601.0,0.05977971676101447,0.03853134997827472,0.03819186010094626,0.025532837723818223,0.03248844283583844,0.027858609899147853,-0.000645382640262445,0.0005849773685137433,-0.0002893094594279926,-0.0,0.0,0.0,0.0,1.0,0.0,0.0,202.185789912162,201.3723610973657,202.61715903461888,430.7823734961783,434.82919326373997,433.4618994659987,77516.41686995435,77958.33378896357,78138.15620146519,73781.1554774847,769.7752493285708,45.902181694628354,915.277721245189,0.0030128335356461775,4.19761161777727,43700.67118122078
2024-10-20 12:21:21.772194,1.0,1.0,1.0,1.0,1.0,1.0,1.0,793602.0,0.05903435927679556,0.03819186010094626,0.038055216156251626,0.025303839037745666,0.0321582976678794,0.027858609899147853,-0.0006231280664602917,0.0005563643450538319,-0.0002988471339146297,-0.0,0.0,0.0,0.0,1.0,0.0,0.0,202.25591752151442,202.98209382843027,202.23437462962613,424.7853381498619,431.89687817908754,429.68092631315056,75647.02760076962,77603.74354251019,76685.89934014903,72590.87655118684,757.6173169363695,45.8834996618502,914.9629952926697,0.002949859932529476,4.22050877447077,45390.07826191869
2024-10-20 12:21:21.852635,1.0,1.0,1.0,1.0,1.0,1.0,1.0,793603.0,0.058547012889045756,0.03757304914762413,0.038733615672373205,0.025034026493987453,0.03221857569203676,0.02810131550407159,-0.0006104111671447755,0.0005468266705671948,-0.0003083848084012668,-0.0,0.0,0.0,0.0,1.0,0.0,0.0,203.35597835425474,202.28570430215206,203.41333882593585,421.13264948349087,425.0468161562398,423.79439614200743,74936.71870918151,75326.80605729515,75390.78845176595,71207.54801201848,743.2437111404839,45.87617779464553,914.8842901752394,0.002876510036957724,4.243403961550836,44244.56385361097
2024-10-20 12:21:21.856635,1.0,1.0,1.0,1.0,1.0,1.0,1.0,793604.0,0.05832414564356729,0.03743414645719283,0.0387336156723732,0.024995244090384144,0.03254810944778678,0.028170275891210916,-0.0006104111671447755,0.0005563643450538319,-0.00031156403323014586,-0.0,0.0,0.0,0.0,1.0,0.0,0.0,203.37691012819442,203.8254643658399,203.55946997328508,414.1052260449366,420.08114944231005,418.9475526818242,73040.75783212422,74648.08457323053,74150.93900868553,69978.86359577026,731.7326175996826,45.79072327929759,913.241950844408,0.0028089911638356094,4.266258048716266,44881.60652842859
2024-10-20 12:21:21.939051,1.0,1.0,1.0,1.0,1.0,1.0,1.0,793605.0,0.057650374721400804,0.038055216156251626,0.03880080326089556,0.024956401418756297,0.032308781866774994,0.028066771771894115,-0.0006231280664602917,0.000572260469198227,-0.00033699783186117815,-0.0,0.0,0.0,0.0,1.0,0.0,0.0,204.15364883294043,203.63462944896534,204.25383259023232,410.0993411180299,414.72672969625376,413.2218952272777,72386.51792094312,73188.00221843396,73004.1364635468,68930.66971661498,721.756987535902,45.725703707843884,911.9958938108696,0.002753571997598542,4.289080953021523,43928.37665003842
2024-10-20 12:21:21.942054,1.0,1.0,1.0,1.0,1.0,1.0,1.0,793606.0,0.058234759927219014,0.03798670986099516,0.03933417265909615,0.024956401418756297,0.03221857569203676,0.027962884536546752,-0.0006390241906046868,0.0005817981436848642,-0.0003401770566900572,-0.0,0.0,0.0,0.0,1.0,0.0,0.0,204.5340190231125,204.05793867028453,204.67772583098863,407.53709343747994,411.88377114223226,410.9512323031043,71906.96240821059,72720.69422014197,72638.03534998614,68508.3539749142,719.1480241024396,45.60910915803493,909.6967088358771,0.0027247564913069093,4.311846319700766,44617.64038781935
2024-10-20 12:21:22.024902,1.0,1.0,1.0,1.0,1.0,1.0,1.0,793607.0,0.057875836570160856,0.038666311337125336,0.03900167157440239,0.024995244090384144,0.03245856839932655,0.027858609899147853,-0.000645382640262445,0.0006231280664602917,-0.0003401770566900572,-0.0,0.0,0.0,0.0,1.0,0.0,0.0,204.44912988159368,204.9969878790911,204.7941896462963,406.31367713859277,412.70709150766044,411.4611098993083,71705.37177001906,73412.85266410139,72899.9241267487,68751.54631396868,722.7952561812729,45.540092183549525,908.3193350401789,0.0027256297822212993,4.334577217288048,44065.64173982295
2024-10-20 12:21:22.107236,1.0,1.0,1.0,1.0,1.0,1.0,1.0,793608.0,0.05810042350855981,0.03900167157440239,0.03906839817849147,0.02507274890923307,0.032637404840404415,0.02775394349316061,-0.0006549203147490821,0.0006263072912891707,-0.000324280932545662,-0.0,0.0,0.0,0.0,1.0,0.0,0.0,205.27154468298852,204.08272854608902,205.13374806716809,409.48570226013504,412.83748302097086,411.9973751927916,72959.67056372974,73266.37920541431,73351.3385405881,69256.70747553452,728.2176713494297,45.53394387365761,908.1801585431444,0.002743798051999571,4.357304631951893,43258.016842662844
2024-10-20 12:21:22.111236,1.0,1.0,1.0,1.0,1.0,1.0,1.0,793609.0,0.05774066510518514,0.03906839817849147,0.03893483061427055,0.024722063821441115,0.03251828982682399,0.02775394349316061,-0.0006517410899202031,0.0006231280664602917,-0.0003083848084012668,-0.0,0.0,0.0,0.0,1.0,0.0,0.0,204.33791780976216,205.16323289613956,204.63792409332177,409.50414583249426,416.556882867925,415.5535993542253,72835.04249483976,74873.71886302654,74243.48599141653,70026.58910500027,736.4953706943775,45.52423031482927,907.955018923049,0.0027782868112679656,4.380026412445628,43763.789665742486
2024-10-20 12:21:22.191914,1.0,1.0,1.0,1.0,1.0,1.0,1.0,793610.0,0.05751467337654891,0.03913501101148131,0.039201510653345636,0.02452507212573485,0.03218845078999174,0.027578616763765378,-0.0006358449657758078,0.0006358449657758078,-0.00030202635874350875,-0.0,0.0,0.0,0.0,1.0,0.0,0.0,204.9320295802771,203.4984098179083,204.78574942233618,415.9507471038344,418.666210472307,417.62098694065975,74924.6841210572,74936.33795647854,75132.25799611803,71011.59962439298,746.5719525489725,45.54372767578335,908.2993588358808,0.002827167220609025,4.402756810123861,44100.64240200554
2024-10-20 12:21:22.195914,1.0,1.0,1.0,1.0,1.0,1.0,1.0,793611.0,0.0576503747214008,0.038666311337125336,0.039400336158606504,0.024761274097977876,0.03188563643118791,0.027578616763765378,-0.0006580995395779611,0.0006104111671447755,-0.00030202635874350875,-0.0,0.0,0.0,0.0,1.0,0.0,0.0,203.6743858540437,204.42530486812691,203.86658854851274,417.7576481023692,424.79795701143064,423.4264180647266,75102.89246415035,77092.50113951521,76381.32212362715,72169.43790917321,758.7900892951212,45.54372767578335,908.2450821737997,0.0028867546378571543,4.425485849516304,45134.819845490405
2024-10-20 12:21:22.277791,1.0,1.0,1.0,1.0,1.0,1.0,1.0,793612.0,0.05737865109693919,0.038666311337125336,0.03959816335788845,0.024878534141836748,0.032097906445255474,0.027613771165243314,-0.0006739956637223563,0.0006294865161180497,-0.00030520558357238775,-0.0,0.0,0.0,0.0,1.0,0.0,0.0,203.7555528842719,202.66526543927574,204.03841899940642,425.07045942578105,428.3154048747973,427.64354716714666,77217.06854458054,77436.71035029858,77775.55493198954,73413.79289659076,771.5759991444354,45.564302158259004,908.5949830144891,0.0029530356257229753,4.448223645256727,45633.725190752906
2024-10-20 12:21:22.361416,1.0,1.0,1.0,1.0,1.0,1.0,1.0,793613.0,0.05733323862358267,0.03906839817849147,0.039201510653345636,0.02526547079878701,0.03212811624624381,0.027437548745241652,-0.0006676372140645982,0.0006390241906046868,-0.00029566790908575063,-0.0,0.0,0.0,0.0,1.0,0.0,0.0,202.71587086350596,203.22357593881284,202.79678329938227,427.38971864984836,433.6410664620241,432.2468958356023,77582.34699675614,79274.43831560758,78681.3993047352,74420.09475359671,782.4568500502282,45.549267038841414,908.2412105900911,0.0030122660199967287,4.470952587761908,46880.45906588403
2024-10-20 12:21:22.364419,1.0,1.0,1.0,1.0,1.0,1.0,1.0,793614.0,0.0576503747214008,0.03900167157440239,0.039925697169818586,0.02526547079878701,0.0321582976678794,0.026865870455412305,-0.0006771748885512353,0.0006358449657758078,-0.00030520558357238775,-0.0,0.0,0.0,0.0,1.0,0.0,0.0,202.42700193526179,201.91760899840634,202.70623703719897,430.8391454842667,435.3595444674193,434.52337120266617,78540.95020702374,79333.45635923032,79369.39375040036,74974.29545027603,785.7007284372554,45.70087114905791,911.227083839712,0.003052829269211496,4.493756252423084,44345.4999133476
2024-10-20 12:21:22.445486,1.0,1.0,1.0,1.0,1.0,1.0,1.0,793615.0,0.057060004795434646,0.03906839817849147,0.03979500713939933,0.025456733716313067,0.0321582976678794,0.02664832946254422,-0.0006739956637223563,0.0006040527174870175,-0.0002893094594279926,-0.0,0.0,0.0,0.0,1.0,0.0,0.0,201.9085906116064,201.8172282575575,202.05939973051366,432.5289626143435,437.4379373177483,436.5933778405671,78746.4622111557,79863.6019835129,79687.12289748157,75314.26954123334,789.1886457652679,45.70647449942411,911.3135380618162,0.0030804737813475837,4.516562080620796,47033.14241898209
2024-10-20 12:21:22.449487,1.0,1.0,1.0,1.0,1.0,1.0,1.0,793616.0,0.05660168408182697,0.03906839817849147,0.03953233095432663,0.02564657030330141,0.032308781866774994,0.026829736114304472,-0.0006644579892357192,0.0005976942678292594,-0.00030202635874350875,-0.0,0.0,0.0,0.0,1.0,0.0,0.0,201.5168469662543,201.87381741296403,201.661728873765,432.9287419797221,439.24970821079614,437.72976276220675,78598.13240554486,80193.97902155037,79651.95225060047,75357.75701239689,789.3813795873112,45.72214918931955,911.6171097254263,0.003090268186283029,4.539375505768314,46796.69219362901
2024-10-20 12:21:22.530665,1.0,1.0,1.0,1.0,1.0,1.0,1.0,793617.0,0.05664768302000138,0.03900167157440239,0.039400336158606504,0.025684369248357337,0.03212811624624381,0.02715321414192533,-0.0006549203147490821,0.0005881565933426223,-0.00029566790908575063,-0.0,0.0,0.0,0.0,1.0,0.0,0.0,201.96758783682165,200.9458787335712,201.97675126546827,433.95758892664554,437.61245612983623,436.69805596957525,78711.49292172393,79092.61279771359,79222.45572085967,74893.76647734769,782.4618624098969,45.8416657903416,914.0161621369168,0.0030726999350324433,4.562248967747119,44659.53551376411
2024-10-20 12:21:22.613626,1.0,1.0,1.0,1.0,1.0,1.0,1.0,793618.0,0.056555647730914864,0.03906839817849147,0.03979500713939933,0.025910004937642474,0.03185519667586617,0.02711746269239568,-0.0006771748885512353,0.0006072319423158965,-0.00031156403323014586,-0.0,0.0,0.0,0.0,1.0,0.0,0.0,201.42959872081582,202.30969849517848,201.85408517420248,429.84335862541826,436.74532741569544,435.3253254401648,77110.91344492509,79051.80871546995,78452.12437612182,74108.56705250811,773.9011837544405,45.860975717076464,914.4380460547005,0.0030325001194785014,4.585132987466753,45775.76552587799
2024-10-20 12:21:22.617563,1.0,1.0,1.0,1.0,1.0,1.0,1.0,793619.0,0.05733323862358268,0.039201510653345636,0.04070102581168386,0.02557080478973271,0.031549183850304155,0.027472883658460283,-0.0006676372140645982,0.0006072319423158965,-0.0003497147311766943,-0.0,0.0,0.0,0.0,1.0,0.0,0.0,202.72531583900795,201.45347676967737,202.58476110813078,428.21721747190935,431.27123479327395,430.43365020891207,76841.35916754413,77012.76449617313,77176.34796854881,72947.62744764892,761.0644467295133,45.901164880301586,915.2950616739766,0.0029718591447185365,4.608038454196838,44634.161824137016
2024-10-20 12:21:22.699775,1.0,1.0,1.0,1.0,1.0,1.0,1.0,793620.0,0.058145236799841286,0.03913501101148131,0.04050858489526056,0.025797433782787597,0.03130221970899244,0.027858609899147853,-0.0007026086871822677,0.0005595435698827109,-0.0003401770566900572,-0.0,0.0,0.0,0.0,1.0,0.0,0.0,202.19117177167067,203.23862281960888,202.84169258774563,420.7410681576656,427.29791558909903,426.4892177191485,74475.7397093271,76425.63392822884,76008.97977396211,71615.99286226592,747.5830591739468,45.87263985537847,914.7911362029486,0.002901142067485269,4.630931310077598,44928.08522733062
2024-10-20 12:21:22.702777,1.0,1.0,1.0,1.0,1.0,1.0,1.0,793621.0,0.05836878716992206,0.03999088202492748,0.040185802182344105,0.025722112647481858,0.03167194378429309,0.02858054422421529,-0.0006962502375245095,0.0005913358181715013,-0.0003338186070322991,-0.0,0.0,0.0,0.0,1.0,0.0,0.0,203.71764810935576,202.6660165801259,203.367516910955,416.9631115516957,420.7325071694312,419.71777358607017,73899.15581290227,74380.54472283124,74280.14773854501,70212.05226131104,734.4605993179113,45.77355382343557,912.8817958969,0.0028283586869824353,4.653776384283696,45266.90159841806
2024-10-20 12:21:22.784301,1.0,1.0,1.0,1.0,1.0,1.0,1.0,793622.0,0.058946050537339326,0.040315225390783915,0.039925697169818586,0.025684369248357337,0.031641298451732976,0.028985005994784836,-0.0006771748885512353,0.0006008734926581384,-0.00032746015737454104,-0.0,0.0,0.0,0.0,1.0,0.0,0.0,203.60500741265463,203.84597694897687,203.8853963488532,410.6523630188491,415.84344551934157,414.93899224215494,72190.45587295231,73520.38708230156,73239.85068514863,69049.23750324207,723.267190530183,45.709246761632166,911.6570702435574,0.0027651571270342597,4.676590809452254,44000.24936695736
2024-10-20 12:21:22.788301,1.0,1.0,1.0,1.0,1.0,1.0,1.0,793623.0,0.05921058163676667,0.04070102581168387,0.03979500713939933,0.025303839037745666,0.03170255949350469,0.02921835655994684,-0.0006835333382089934,0.0006072319423158965,-0.000324280932545662,-0.0,0.0,0.0,0.0,1.0,0.0,0.0,204.21901597125338,203.94129650436082,204.34956243544514,407.4169406494969,412.24841101342395,411.88244460975136,71637.69984281159,72724.08711061456,72597.72508514528,68408.38847951283,717.8801202939484,45.62313256880913,909.9736461018348,0.002727788661370443,4.699363106549454,44032.95006287887
2024-10-20 12:21:22.870682,1.0,1.0,1.0,1.0,1.0,1.0,1.0,793624.0,0.05872469770694883,0.04095620715673985,0.038867874708122786,0.025342149186916324,0.03173314566510837,0.029515668014433095,-0.0006612787644068402,0.0006008734926581384,-0.000321101707716783,-0.0,0.0,0.0,0.0,1.0,0.0,0.0,204.7673381442314,203.94728197753554,204.6497587650385,407.7372298482438,411.78237933604925,410.0409360842915,71998.62377326383,72556.61386991129,72358.0042491914,68393.0844846379,720.2796980668683,45.46057836292525,906.7392151892528,0.0027192263696193242,4.72205446127871,45431.60397499472
2024-10-20 12:21:22.952874,1.0,1.0,1.0,1.0,1.0,1.0,1.0,793625.0,0.05973612964857622,0.04044423444177085,0.0387336156723732,0.025150014882560457,0.03188563643118791,0.029548517961177193,-0.0006708164388934773,0.0006199488416314126,-0.0003179224828879039,-0.0,0.0,0.0,0.0,1.0,0.0,0.0,203.98759923496385,204.77226824163344,205.00968385230695,406.524777383219,412.6272984893507,412.93106496097965,71521.62341350548,73286.75197689132,73265.29504081623,68768.58848910684,724.2300853585099,45.461367951184926,906.7445008509268,0.0027307341207129334,4.7447459482828505,43000.05581547322
2024-10-20 12:21:22.956698,1.0,1.0,1.0,1.0,1.0,1.0,1.0,793626.0,0.05999717734364805,0.04050858489526056,0.03859888964444313,0.025150014882560457,0.0316106234096681,0.029744855788601574,-0.0006994294623533886,0.0006390241906046868,-0.00032746015737454104,-0.0,0.0,0.0,0.0,1.0,0.0,0.0,205.09879741958002,203.9026761376606,204.5929328658595,411.19128324028014,414.64028377810234,412.30261258297116,73295.80257477377,73554.76351139275,73267.84101542302,69431.3548544541,731.620719598068,45.437144680730455,906.2354059675553,0.0027592927159849454,4.767424695071948,43869.30412161759
2024-10-20 12:21:23.038946,1.0,1.0,1.0,1.0,1.0,1.0,1.0,793627.0,0.060472838086175866,0.03999088202492748,0.03906839817849146,0.02507274890923307,0.03173314566510837,0.02977745290061739,-0.0007185048113266629,0.0006199488416314126,-0.0003338186070322991,-0.0,0.0,0.0,0.0,1.0,0.0,0.0,203.5899054212535,204.67586681470695,204.57390335140786,411.8775628679209,417.85307625694674,418.2768179135632,73088.29160203322,74991.60843983591,74916.89161796677,70363.57478724631,742.9039085434343,45.34989597539852,904.4543133146084,0.002804423404567233,4.79005886961302,45595.12613546907
2024-10-20 12:21:23.041950,1.0,1.0,1.0,1.0,1.0,1.0,1.0,793628.0,0.06081643652238848,0.03979500713939933,0.038123599349151736,0.025150014882560457,0.03188563643118791,0.029972291094128595,-0.0007280424858133,0.0006231280664602917,-0.000324280932545662,-0.0,0.0,0.0,0.0,1.0,0.0,0.0,204.5623461577343,203.1851136021455,203.96148620545574,419.02020915858657,421.70078337297645,419.7991089096532,75488.87458062531,75542.34950981879,75397.95163768316,71474.1775053993,753.4031760487107,45.42629516451914,905.9267878113945,0.002860805035470297,4.81272989316269,43564.49102656466
2024-10-20 12:21:23.123962,1.0,1.0,1.0,1.0,1.0,1.0,1.0,793629.0,0.06107286676663668,0.03953233095432663,0.03722482060496381,0.025722112647481858,0.03197678183797181,0.02990748606458951,-0.0007534762844443322,0.0006167696168025336,-0.00032746015737454104,-0.0,0.0,0.0,0.0,1.0,0.0,0.0,202.88695178392865,203.8501249160382,203.50112965806764,421.33326165739453,427.4777999270617,427.0416734083651,75615.34870456287,77484.4209382234,77159.78378103125,72710.4217489365,766.4846822969868,45.42629516451914,905.8672641149418,0.002926321820668287,4.835399427118341,45583.33862113221
2024-10-20 12:21:23.206342,1.0,1.0,1.0,1.0,1.0,1.0,1.0,793630.0,0.06060191579565507,0.03906839817849146,0.03757304914762413,0.025910004937642474,0.03218845078999174,0.02984254030701896,-0.0007566555092732115,0.0006358449657758078,-0.0003306393822034201,-0.0,0.0,0.0,0.0,1.0,0.0,0.0,203.44754330316957,202.09224353653914,203.14624514909448,428.4901423770095,431.32559062638063,430.2624350594872,77843.19645570355,77946.6130816085,78046.54906853741,73865.4614639539,777.6637493855208,45.48743028259092,907.0285190771469,0.002989932117260767,4.858098021743078,45320.60594355533
2024-10-20 12:21:23.210340,1.0,1.0,1.0,1.0,1.0,1.0,1.0,793631.0,0.06090203323825013,0.03839591423416136,0.038123599349151736,0.025608715566353565,0.03251828982682399,0.029482781466042968,-0.0007534762844443322,0.0006231280664602917,-0.00035607318083445244,-0.0,0.0,0.0,0.0,1.0,0.0,0.0,202.0789085381668,202.55821475627454,202.5129858066884,430.06899015329935,435.3855658044577,434.7310933372573,77949.24160389946,79404.03369164452,79177.24551381789,74738.90667938073,785.9028663128771,45.545183121779814,908.1325656780404,0.0030421403182708646,4.880824245384667,45884.66789637841
2024-10-20 12:21:23.291868,1.0,1.0,1.0,1.0,1.0,1.0,1.0,793632.0,0.06055892046154769,0.03893483061427055,0.03825999906698716,0.025759800744833576,0.03242866644143693,0.02921835655994684,-0.0007502970596154533,0.0006326657409469288,-0.0003560731808344524,-0.0,0.0,0.0,0.0,1.0,0.0,0.0,201.98215007582624,201.55363585947825,202.12314796509875,433.21124906134247,437.061655565304,436.4947233699987,78821.90320786972,79554.50273882077,79598.90132158712,75207.79382017779,789.7940790329353,45.606730450550224,909.3275675229448,0.003077442145412174,4.903580374218743,46060.43260917083
2024-10-20 12:21:23.295868,1.0,1.0,1.0,1.0,1.0,1.0,1.0,793633.0,0.06042975091427429,0.03900167157440239,0.03853134997827472,0.026207830867489117,0.03254810944778678,0.028985005994784836,-0.0007502970596154532,0.0006517410899202031,-0.00036561085532108955,-0.0,0.0,0.0,0.0,1.0,0.0,0.0,201.70117708661175,201.40637769824826,201.77366428629114,434.8604093282737,438.8838719134844,437.4712051441444,79063.71949529498,79810.60895431293,79673.7131222131,75389.49963823501,791.0092018561921,45.647425259997355,910.1242941164525,0.0030935053482299777,4.926356441316712,46472.898534327134
2024-10-20 12:21:23.377454,1.0,1.0,1.0,1.0,1.0,1.0,1.0,793634.0,0.060644880647415536,0.03926789767914727,0.039201510653345636,0.02613369258354722,0.03212811624624381,0.02891798855021124,-0.0007598347341020905,0.0006771748885512353,-0.00038468620429436373,-0.0,0.0,0.0,0.0,1.0,0.0,0.0,201.26001136142725,201.8606649427652,201.715839290432,433.7378450343201,438.80325127154913,438.7263585498906,78338.70876605519,79837.37622595855,79711.8239067876,75170.92989023837,786.5634803502536,45.77194758262373,912.6148391876749,0.0030849817562404315,4.949194834870551,44822.14634594254
2024-10-20 12:21:23.380458,1.0,1.0,1.0,1.0,1.0,1.0,1.0,793635.0,0.060687815081570395,0.040055960801949016,0.03893483061427055,0.026170787978491077,0.03218845078999174,0.028985005994784836,-0.0007693724085887275,0.0006898917878667515,-0.000400582328438759,-0.0,0.0,0.0,0.0,1.0,0.0,0.0,202.46414095470968,201.2862349800438,201.70966957327397,433.9458133581762,437.1781981007914,435.1025971224394,78590.17984601758,78833.50662489807,78526.54338669099,74539.60619048517,778.9795123186981,45.827898750671146,913.7606260806557,0.0030520152669296927,4.9720619020015295,45481.32462248562
2024-10-20 12:21:23.463419,1.0,1.0,1.0,1.0,1.0,1.0,1.0,793636.0,0.06047283808617587,0.039925697169818586,0.03886787470812279,0.026170787978491077,0.032308781866774994,0.02851257612746981,-0.0007598347341020905,0.0006676372140645982,-0.00036879008014996856,-0.0,0.0,0.0,0.0,1.0,0.0,0.0,201.66729238165937,202.39249429553507,202.48173478517322,428.2525143691201,433.1500038797248,433.8647821271817,76495.17242216005,78023.25117145466,78145.73656692554,73475.3155156684,766.5485324482527,45.90356125416048,915.3204916228585,0.002996209210349353,4.9949680051218595,44389.15035570485
2024-10-20 12:21:23.545948,1.0,1.0,1.0,1.0,1.0,1.0,1.0,793637.0,0.060515894580122104,0.03979500713939933,0.03933417265909616,0.026096544458751023,0.03242866644143693,0.028066771771894115,-0.0007375801602999371,0.0006771748885512353,-0.00037196930497884767,-0.0,0.0,0.0,0.0,1.0,0.0,0.0,203.38006308635414,202.09436310576203,202.5103563711358,425.34967433398947,428.47927263200194,426.18064114305184,76179.40988139488,76368.8502821726,75997.69828648589,72144.59746953307,752.1563199689092,45.93140107294841,915.9401310455668,0.0029259834782011593,5.017889614859428,44289.30490082699
2024-10-20 12:21:23.548951,1.0,1.0,1.0,1.0,1.0,1.0,1.0,793638.0,0.06017057995189664,0.03953233095432663,0.03979500713939933,0.026022089115979988,0.032368779656366614,0.028032185471914422,-0.0006898917878667515,0.0006358449657758078,-0.00037832775463660567,-0.0,0.0,0.0,0.0,1.0,0.0,0.0,202.65640292122583,203.25877098600063,203.67340268367212,417.5608623564986,422.67978768318665,422.78704531820614,73792.89079967306,75193.3440213475,75329.99640533977,70779.87637773014,738.5880069119651,45.88702684631994,915.1218615678176,0.0028533940184787008,5.040790747217533,44638.688689572045
2024-10-20 12:21:23.630487,1.0,1.0,1.0,1.0,1.0,1.0,1.0,793639.0,0.05951771528052355,0.04031522539078392,0.040055960801949016,0.025722112647481858,0.032637404840404415,0.02764888086939877,-0.0006612787644068402,0.0006644579892357192,-0.00034653550634781527,-0.0,0.0,0.0,0.0,1.0,0.0,0.0,204.14081039503694,203.4127891498782,203.6620318297363,413.671969222593,417.43892689759775,415.4665051937426,73305.07230039443,73878.67912218017,73493.61878725425,69608.51169013038,728.294427610503,45.76250452369356,912.6972523820364,0.0027892246265861236,5.063631203180272,45312.88742630762
2024-10-20 12:21:23.634487,1.0,1.0,1.0,1.0,1.0,1.0,1.0,793640.0,0.059648859872761105,0.04082881584609787,0.04025056580563931,0.025418596266109744,0.03308026640118225,0.027437548745241652,-0.0006358449657758078,0.0006867125630378724,-0.00035925240566333144,-0.0,0.0,0.0,0.0,1.0,0.0,0.0,204.03825485181576,204.0569049162429,204.41220176572804,408.4258509892064,413.6739703178031,412.13224043364016,72061.05742083261,73194.92153177371,72927.06187856889,68806.86575375093,720.801162636051,45.70366435295335,911.5650782238788,0.0027439909586002864,5.08644332622765,43771.28658808971
2024-10-20 12:21:23.717523,1.0,1.0,1.0,1.0,1.0,1.0,1.0,793641.0,0.05903435927679557,0.04095620715673985,0.04076497090344803,0.025684369248357337,0.03245856839932655,0.02718891858094095,-0.0006231280664602917,0.0006898917878667515,-0.00036243163049221044,-0.0,0.0,0.0,0.0,1.0,0.0,0.0,204.28655642756843,204.466063266133,204.78703799655761,407.1750650152824,411.51583318829006,410.65123648177826,71816.40587721401,72863.7416127164,72787.12969179064,68576.26015096637,720.0330473395579,45.598208977121054,909.4791542229073,0.0027249154903875436,5.109203248553309,44493.40314594596
2024-10-20 12:21:23.799178,1.0,1.0,1.0,1.0,1.0,1.0,1.0,793642.0,0.05943012477643178,0.04050858489526056,0.04101975445198809,0.02564657030330141,0.03245856839932655,0.027260187166059602,-0.0006358449657758078,0.0006676372140645982,-0.00036879008014996856,-0.0,0.0,0.0,0.0,1.0,0.0,0.0,205.1987446412016,204.44134759308022,204.57846464220296,407.9435963419603,413.22529908057675,409.61516216353664,72587.5530389621,73348.86341685105,72546.67834040184,68905.01307825424,724.3868162669968,45.541755287425744,908.3467442212889,0.002731956104372058,5.131934832061572,43960.97821458971
2024-10-20 12:21:23.803178,1.0,1.0,1.0,1.0,1.0,1.0,1.0,793643.0,0.05991028783050486,0.040185802182344105,0.04095620715673985,0.025303839037745666,0.032933307582966455,0.027613771165243314,-0.000645382640262445,0.0006708164388934773,-0.0003433562815189363,-0.0,0.0,0.0,0.0,1.0,0.0,0.0,204.18542283904748,204.721396171998,205.29246015122035,409.2081107660321,413.62411296715953,413.80506853210494,72588.45809741886,73808.23598304609,74060.89373273203,69544.0830685306,731.538579677882,45.51597083538554,907.8086835576372,0.002758079311494873,5.154652950479563,43903.187692307
2024-10-20 12:21:23.885335,1.0,1.0,1.0,1.0,1.0,1.0,1.0,793644.0,0.059953748327936485,0.04012093401707996,0.04050858489526056,0.025456733716313067,0.03337224263981984,0.02775394349316061,-0.000645382640262445,0.0006708164388934773,-0.000324280932545662,-0.0,0.0,0.0,0.0,1.0,0.0,0.0,205.18155983072015,204.04923689809095,204.29574509382988,413.25451410464535,418.37411718793305,414.1949677098433,74305.5350417796,74845.76717915054,73965.91157009269,70405.18191599882,740.6272609018506,45.51597083538554,907.7710189255605,0.0027994544940796394,5.177370126331585,44015.56280377802
2024-10-20 12:21:23.889336,1.0,1.0,1.0,1.0,1.0,1.0,1.0,793645.0,0.05947393615339293,0.03953233095432663,0.04089256110871732,0.025494814117130813,0.0333431600699038,0.02768394604629166,-0.0006199488416314126,0.0006644579892357192,-0.000324280932545662,-0.0,0.0,0.0,0.0,1.0,0.0,0.0,203.4236377988835,204.24492391572852,204.73080979185366,416.14153341706975,421.3191448219608,421.00990520254635,74461.7417302395,75905.76808476221,76053.28514854122,71472.79216216617,752.6234785822608,45.472161701931,906.8477260860622,0.002853952677213187,5.200064196570671,45506.13233104338
2024-10-20 12:21:23.969436,1.0,1.0,1.0,1.0,1.0,1.0,1.0,793646.0,0.059342404987252025,0.039201510653345636,0.04089256110871732,0.025872535641194412,0.03357511528435138,0.027962884536546752,-0.0006358449657758078,0.0006644579892357192,-0.00032746015737454104,-0.0,0.0,0.0,0.0,1.0,0.0,0.0,204.26685528828952,203.21260993915303,203.5968573064086,422.604726766762,427.8588966587328,423.13322490756366,76674.07695596856,77181.2686437957,76310.86034314403,72680.66209598514,764.8125788258299,45.5065373762792,907.4761812254694,0.00291668675883286,5.222773994042307,44977.05266562282
2024-10-20 12:21:24.053467,1.0,1.0,1.0,1.0,1.0,1.0,1.0,793647.0,0.05881333881054312,0.03979500713939933,0.04076497090344803,0.026207830867489117,0.033834164163335345,0.02792816958270741,-0.0006644579892357192,0.0006867125630378724,-0.00031474325805902487,-0.0,0.0,0.0,0.0,1.0,0.0,0.0,202.54787636980942,203.4508668184391,203.53728020726643,425.7562495454148,432.16175091277825,430.67860495026036,76918.26413732812,78629.96828859257,78333.80815983654,73879.6568677233,776.8799933519969,45.54170030672364,908.1180634113983,0.002981819634294166,5.245499854761381,45712.98118474441
2024-10-20 12:21:24.056467,1.0,1.0,1.0,1.0,1.0,1.0,1.0,793648.0,0.059122536113507464,0.04044423444177086,0.04057283328598263,0.025872535641194412,0.03363285413230715,0.027718966864906235,-0.0006644579892357192,0.0007216840361555419,-0.0002988471339146297,-0.0,0.0,0.0,0.0,1.0,0.0,0.0,203.0278758086001,202.20565337508728,202.6388108069186,430.621315537418,435.6983365205907,432.5680530857864,78515.58297058659,79205.69052033655,78642.26819691446,74682.95523784735,785.9834160395532,45.50597466896567,907.3597163695891,0.0030323238100056086,5.268206737673557,47422.53410094962
2024-10-20 12:21:24.138756,1.0,1.0,1.0,1.0,1.0,1.0,1.0,793649.0,0.05960517706948519,0.03999088202492748,0.04050858489526056,0.025910004937642474,0.03348832035600082,0.027718966864906235,-0.0006898917878667515,0.0006898917878667515,-0.00030520558357238775,-0.0,0.0,0.0,0.0,1.0,0.0,0.0,202.0130893390338,202.10942287455526,202.3308150282067,432.02417262971034,437.85282626726496,436.10215039860043,78523.30172417969,79826.43325330067,79461.80721074334,75151.08984655725,788.6018033295917,45.640756630311714,910.0157299151273,0.003066779450855727,5.29098008792774,44784.91286339497
2024-10-20 12:21:24.142756,1.0,1.0,1.0,1.0,1.0,1.0,1.0,793650.0,0.059430124776431774,0.04076497090344803,0.040315225390783915,0.026244821472867705,0.032933307582966455,0.02768394604629166,-0.0007153255864977838,0.0006898917878667515,-0.00030520558357238775,-0.0,0.0,0.0,0.0,1.0,0.0,0.0,201.83502868146726,201.72689915093835,201.96221340281727,434.16288053429565,438.91911478858293,437.3284935516406,78854.12579382355,79860.47166098417,79605.71562141961,75312.56617587483,789.316335315994,45.698186976422434,911.1455051055558,0.003083529795554986,5.313781711062571,46103.56550878608
2024-10-20 12:21:24.224542,1.0,1.0,1.0,1.0,1.0,1.0,1.0,793651.0,0.060170579951896654,0.04120980838596827,0.03906839817849146,0.026059343378600053,0.033284918697807614,0.027788876097916127,-0.0007089671368400258,0.0007026086871822677,-0.0002765925601124764,-0.0,0.0,0.0,0.0,1.0,0.0,0.0,202.195900428337,201.4207104405768,201.7144170440362,434.59115379061643,440.08467060803486,436.9323666781136,78978.43974390822,79799.53397872623,79133.65774467011,75174.91649838717,787.3558418303504,45.72808185234424,911.744773196215,0.003080015317245914,5.336598331017431,46428.580953155746
2024-10-20 12:21:24.228542,1.0,1.0,1.0,1.0,1.0,1.0,1.0,793652.0,0.05982327211598111,0.041336025552530284,0.039201510653345636,0.026170787978491077,0.033284918697807614,0.027472883658460283,-0.0007057879120111467,0.0007280424858133,-0.00029248868425687163,-0.0,0.0,0.0,0.0,1.0,0.0,0.0,201.37370609034272,201.9587787447596,202.36928281516936,432.32916178930407,437.5245340242309,436.8022041768109,77676.63885923281,79025.40260294906,79064.78539227367,74476.20571030685,777.0126879425914,45.90459045434778,915.2944191613979,0.003046960987855586,5.359503781668493,43383.45881690631
2024-10-20 12:21:24.308985,1.0,1.0,1.0,1.0,1.0,1.0,1.0,793653.0,0.05916657525265936,0.04108320345271294,0.03940033615860651,0.026096544458751023,0.03272645658802371,0.02700992441274364,-0.0006867125630378724,0.0007026086871822677,-0.000321101707716783,-0.0,0.0,0.0,0.0,1.0,0.0,0.0,202.82388995892535,201.97182697863332,201.98629388355639,429.0575528050759,435.4260417256103,431.5158280752223,77177.86862825855,78166.4198107425,77140.16783080166,73412.29298377849,765.8700723241618,45.90459045434778,915.3455449660249,0.002991273959476699,5.382410511754424,45640.63991995912
2024-10-20 12:21:24.392385,1.0,1.0,1.0,1.0,1.0,1.0,1.0,793654.0,0.05876903497087672,0.04082881584609787,0.03926789767914727,0.026059343378600053,0.032785690042080325,0.02657542007977932,-0.0006708164388934773,0.0006962502375245095,-0.00030202635874350875,-0.0,0.0,0.0,0.0,1.0,0.0,0.0,202.18059586189776,202.7361652662973,203.35878125893146,423.691136677065,428.7274982475385,428.7201188409661,75189.98756439493,76528.06234931848,76742.27407539697,72111.35115487372,752.2953943723529,45.90155830223604,915.3487905299918,0.0029218784872912856,5.40531732306133,44805.70928848289
2024-10-20 12:21:24.395384,1.0,1.0,1.0,1.0,1.0,1.0,1.0,793655.0,0.05964885987276112,0.04057283328598263,0.03913501101148131,0.026059343378600053,0.032933307582966455,0.026829736114304472,-0.0006962502375245095,0.0006771748885512353,-0.00030520558357238775,-0.0,0.0,0.0,0.0,1.0,0.0,0.0,203.8055804782056,203.15396671674,202.96797585994275,418.0821332777242,424.4144379944812,421.0213027662995,74308.77041242545,75436.9967941854,74412.58605132201,70724.16322497094,738.0481971093437,45.88419233265466,915.0703342175806,0.002847944251219344,5.428217165935796,44157.641710468815
2024-10-20 12:21:24.476936,1.0,1.0,1.0,1.0,1.0,1.0,1.0,793656.0,0.06008394120292352,0.04120980838596827,0.03880080326089556,0.02557080478973271,0.03290383705573704,0.02679355304171941,-0.0006708164388934773,0.0006962502375245095,-0.00029566790908575063,-0.0,0.0,0.0,0.0,1.0,0.0,0.0,203.56313107057116,203.4844109456356,204.26426280497927,412.3492607368474,417.192975217585,417.56644378600066,72650.61702896499,73782.04547855965,73964.4934756214,69513.61021320078,728.0838253882423,45.713119091057244,911.7165599739604,0.0027845637070982813,5.451033079848363,46059.690864549186
2024-10-20 12:21:24.479934,1.0,1.0,1.0,1.0,1.0,1.0,1.0,793657.0,0.06021385257881441,0.04127296521748624,0.038055216156251626,0.025150014882560457,0.032696799620819436,0.027045818015839475,-0.0006358449657758078,0.0007026086871822677,-0.0002988471339146297,-0.0,0.0,0.0,0.0,1.0,0.0,0.0,204.19538745243764,203.96738066020995,204.40939605937174,407.94604254869967,413.7495438395922,411.92625285880763,71909.59883197401,73064.46665170924,72666.33768809841,68628.20734402516,720.1727879057408,45.624411775541226,909.9914868569042,0.0027361981850895405,5.4738058234145095,44208.34987332093
2024-10-20 12:21:24.562513,1.0,1.0,1.0,1.0,1.0,1.0,1.0,793658.0,0.05964885987276111,0.04076497090344803,0.03812359934915174,0.02507274890923307,0.032785690042080325,0.02715321414192533,-0.0006263072912891707,0.0006994294623533886,-0.0002988471339146297,-0.0,0.0,0.0,0.0,1.0,0.0,0.0,204.65208051105623,204.3227323363795,204.5263769351015,406.6993552378509,412.3727649552924,410.0719724068384,71862.0772861845,72960.60815436691,72372.85614524996,68486.93728469616,719.1999507798322,45.59141883071555,909.3466645206297,0.0027216877181384614,5.496562430155288,43248.8147941554
2024-10-20 12:21:24.645287,1.0,1.0,1.0,1.0,1.0,1.0,1.0,793659.0,0.059473936153392935,0.04082881584609787,0.03750366210937501,0.024995244090384144,0.03296275176192149,0.02736674204979371,-0.0006199488416314126,0.0007153255864977838,-0.00029248868425687163,-0.0,0.0,0.0,0.0,1.0,0.0,0.0,204.157799189111,204.48627306015538,205.39439916125377,407.27455663313833,411.93799268088577,411.3222617065967,71968.6693254303,73036.87802535047,73257.67555829554,68833.8927798813,725.122798975209,45.4485180320187,906.488195129844,0.002730744167258835,5.519247503050566,45415.37982953329
2024-10-20 12:21:24.649287,1.0,1.0,1.0,1.0,1.0,1.0,1.0,793660.0,0.05921058163676667,0.03986040571620479,0.03750366210937501,0.024722063821441115,0.03310957989067469,0.02768394604629166,-0.0006008734926581384,0.0006962502375245095,-0.00030520558357238775,-0.0,0.0,0.0,0.0,1.0,0.0,0.0,204.95438853746958,204.7223801026215,204.2714356625672,408.75879793764966,415.698569008054,411.4194616039958,72899.54621906095,74258.75874898362,72985.69436790755,69443.70152558434,731.1980315325077,45.471359955344965,906.9205239431974,0.0027563230637521617,5.541943395072555,43071.69728414535
2024-10-20 12:21:24.731299,1.0,1.0,1.0,1.0,1.0,1.0,1.0,793661.0,0.05863592260296845,0.03986040571620479,0.03812359934915174,0.024917498197257262,0.03299216966314644,0.02775394349316061,-0.0006231280664602917,0.0006867125630378724,-0.0003083848084012668,-0.0,0.0,0.0,0.0,1.0,0.0,0.0,203.79028793671344,204.13232284763396,205.25094589810843,411.98423639567994,416.6525402777177,417.05186151878365,73412.98921712002,74546.43909405927,75022.6756971981,70362.91643082029,740.8228893049533,45.47670762369802,906.9864974744738,0.0028010547955311786,5.564640938097143,44020.06674829031
2024-10-20 12:21:24.734299,1.0,1.0,1.0,1.0,1.0,1.0,1.0,793662.0,0.05907846414606076,0.03959816335788845,0.037918079796158174,0.02507274890923307,0.03308026640118225,0.02792816958270741,-0.0006390241906046868,0.0006676372140645982,-0.0002829510097702345,-0.0,0.0,0.0,0.0,1.0,0.0,0.0,204.50653094652174,203.89397639081955,203.58457220320744,416.71280017095467,423.7621180228894,419.07419365642204,75163.44031203393,76387.94187891079,75048.20802782848,71531.62823991504,753.7740506872768,45.440420231591496,906.2088734480062,0.0028603731772010163,5.587319020903914,45449.90171779219
2024-10-20 12:21:24.818188,1.0,1.0,1.0,1.0,1.0,1.0,1.0,793663.0,0.059692510709099006,0.03966388649582423,0.038055216156251626,0.025418596266109744,0.033168129149298335,0.027962884536546752,-0.0006898917878667515,0.0006676372140645982,-0.00027977178494135546,-0.0,0.0,0.0,0.0,1.0,0.0,0.0,202.8435125776448,203.34968222381133,204.31092937133297,421.8221436586889,426.84324497862707,426.50394982402275,75926.21014385392,77146.16851624676,77478.28598354368,72807.17693650468,765.9577483997957,45.51809166866726,907.6967072572314,0.0029275459695385364,5.610034337089564,44338.779550123356
2024-10-20 12:21:24.820191,1.0,1.0,1.0,1.0,1.0,1.0,1.0,793664.0,0.05964885987276112,0.039729500910396995,0.03839591423416136,0.025532837723818223,0.03313886745048406,0.028376151535570014,-0.0007089671368400258,0.0006612787644068402,-0.00027977178494135546,-0.0,0.0,0.0,0.0,1.0,0.0,0.0,203.4153226378632,202.62784712750786,202.77414224073718,427.23359638225156,433.66965766476994,429.2943477475539,77789.67611633519,78738.24535009147,77722.41544580314,74001.51273068233,778.5745954642189,45.51809166866726,907.6360787505699,0.0029941442213971153,5.63274813603307,46343.14637715299
2024-10-20 12:21:24.901546,1.0,1.0,1.0,1.0,1.0,1.0,1.0,793665.0,0.05890184651872091,0.040055960801949016,0.038463691717159486,0.025456733716313067,0.033021561356871405,0.028273401102065627,-0.0006835333382089934,0.0006739956637223563,-0.00024480031182368605,-0.0,0.0,0.0,0.0,1.0,0.0,0.0,201.82968648018587,202.2201427062158,202.95512421880443,430.1789536224672,435.85062037879084,434.4616321435425,78055.29187161879,79326.72235689641,79336.1739719617,74801.08085214073,786.6958286283578,45.5373108763372,907.9718996597397,0.003046203007615427,5.655470338971073,46567.32209103888
2024-10-20 12:21:24.985100,1.0,1.0,1.0,1.0,1.0,1.0,1.0,793666.0,0.05850250736160358,0.03999088202492748,0.039400336158606504,0.02557080478973271,0.032785690042080325,0.028066771771894115,-0.0006867125630378726,0.0006612787644068402,-0.00027023411045471834,-0.0,0.0,0.0,0.0,1.0,0.0,0.0,201.8615836584219,201.716282001605,201.99766850028902,432.5674141454696,438.7047621257928,435.6299378481567,78823.21965669464,79962.26717578834,79373.66231174656,75268.80742682093,790.7356664290055,45.589533269942,908.9815930557414,0.003080830337158346,5.678217809715555,46268.0995751834
2024-10-20 12:21:24.987610,1.0,1.0,1.0,1.0,1.0,1.0,1.0,793667.0,0.058234759927219014,0.03946638873835309,0.03946638873835309,0.025872535641194412,0.03313886745048406,0.028170275891210916,-0.0007089671368400258,0.0006104111671447755,-0.00025751721113920217,-0.0,0.0,0.0,0.0,1.0,0.0,0.0,201.63777860889448,201.40099018900437,201.5297835667188,434.3657690483408,439.7847257007783,437.28751984425304,79070.70123056746,80119.09014915524,79599.27287652473,75470.54501687334,791.0687452563069,45.69336225440489,911.0341195479589,0.003100150000305341,5.701016645401518,45446.04935699147
2024-10-20 12:21:25.069348,1.0,1.0,1.0,1.0,1.0,1.0,1.0,793668.0,0.05850250736160358,0.03959816335788845,0.04012093401707996,0.02613369258354722,0.03325575976212062,0.028032185471914422,-0.0007280424858133,0.0005976942678292594,-0.00027023411045471834,-0.0,0.0,0.0,0.0,1.0,0.0,0.0,201.04030950944406,201.35579632826688,201.85795801098644,434.4878575143595,439.8435684912846,438.3930150231477,78603.29879346081,79814.2303594572,79745.70803504613,75261.41914321027,788.338293702023,45.724332963717224,911.6563518311433,0.0030949685427308854,5.723831052591642,46469.033486836306
2024-10-20 12:21:25.073286,1.0,1.0,1.0,1.0,1.0,1.0,1.0,793669.0,0.05903435927679556,0.039201510653345636,0.04095620715673985,0.026392265450275895,0.03296275176192149,0.02799755644637631,-0.0007375801602999371,0.0005849773685137433,-0.0002861302345991135,-0.0,0.0,0.0,0.0,1.0,0.0,0.0,202.0990183792194,201.4227339785491,201.1562798615707,433.31902123957906,439.69422432812433,435.8302022639849,78366.92376496135,79464.6923894887,78371.22964735268,74620.49814640166,780.4998524234533,45.78880429915941,912.9704072924872,0.0030637169212481136,5.746678344318033,45427.48261048906
2024-10-20 12:21:25.154963,1.0,1.0,1.0,1.0,1.0,1.0,1.0,793670.0,0.05929849643148995,0.03926789767914727,0.04070102581168387,0.02650231011985886,0.032815266674204355,0.02764888086939877,-0.0007598347341020905,0.0005976942678292594,-0.00027023411045471834,-0.0,0.0,0.0,0.0,1.0,0.0,0.0,201.49064073399802,201.5373695544105,202.65888982638376,430.3753118120222,434.8359740013903,434.238811978397,77004.50358842046,77877.83148547722,78275.39473591409,73632.17720259757,769.3541703447844,45.834518463809935,913.9295339487113,0.003011742481452534,5.76954963840676,45045.87617764906
2024-10-20 12:21:25.240333,1.0,1.0,1.0,1.0,1.0,1.0,1.0,793671.0,0.05912253611350746,0.03946638873835309,0.04095620715673985,0.02646567940419046,0.032667115729434024,0.027472883658460283,-0.000734400935471058,0.0006135903919736546,-0.00030202635874350875,-0.0,0.0,0.0,0.0,1.0,0.0,0.0,202.8352907026212,202.42272657347448,201.9300581078446,425.2282821805206,431.4916199293044,427.4871217900938,75902.99711253999,77080.44475228942,75915.22046323467,72254.60219309389,754.9593813575747,45.83122656309937,913.9307928983336,0.002938758752119747,5.7924209640009865,44955.58606493152
2024-10-20 12:21:25.242334,1.0,1.0,1.0,1.0,1.0,1.0,1.0,793672.0,0.058547012889045756,0.04057283328598263,0.04076497090344803,0.026096544458751023,0.032368779656366614,0.02740216826792598,-0.0007026086871822677,0.0006358449657758078,-0.00030520558357238775,-0.0,0.0,0.0,0.0,1.0,0.0,0.0,202.60071002159583,202.5851220015785,203.68953754210744,419.9050886502013,423.7026014568186,423.20411522720707,74206.43921012394,74909.1936996805,75328.68170474788,70816.28338792257,740.7601857339894,45.776401960519046,912.9077212552892,0.002862083784295381,5.815266686995065,44920.22768183115
2024-10-20 12:21:25.323929,1.0,1.0,1.0,1.0,1.0,1.0,1.0,793673.0,0.05814523679984129,0.04114655461363214,0.03999088202492748,0.025947420126718565,0.03218845078999174,0.02736674204979371,-0.0006771748885512353,0.0006326657409469288,-0.0002829510097702345,-0.0,0.0,0.0,0.0,1.0,0.0,0.0,203.70566665633353,203.60404106197893,203.2142396597718,413.44003896275365,419.27279742005476,416.2820006539344,72880.26767417173,74114.1080691016,73226.8341075674,69454.997820684,727.4868099091041,45.71229517036047,911.6953936509035,0.0027897415200883544,5.838082071215592,44249.55663583723
2024-10-20 12:21:25.326929,1.0,1.0,1.0,1.0,1.0,1.0,1.0,793674.0,0.05859148461052765,0.04095620715673985,0.040185802182344105,0.025797433782787597,0.03188563643118791,0.02708166404617134,-0.0006676372140645982,0.0006294865161180497,-0.00029566790908575063,-0.0,0.0,0.0,0.0,1.0,0.0,0.0,204.0356117522926,203.85973071751536,204.16468534657318,409.1850505848654,413.75759166820274,412.0130716040927,71919.8041189474,72833.78980491159,72548.35824433216,68515.5892156202,719.2663504584344,45.60695901247762,909.6431130612059,0.002736498159922956,5.860846096648405,44420.08301300922
2024-10-20 12:21:25.408929,1.0,1.0,1.0,1.0,1.0,1.0,1.0,793675.0,0.058055575625760546,0.040956207156739845,0.040185802182344105,0.02557080478973271,0.031641298451732976,0.026757321039963047,-0.0006612787644068402,0.0006231280664602917,-0.00030520558357238775,-0.0,0.0,0.0,0.0,1.0,0.0,0.0,204.35846418436662,204.17300677136,204.72284646386106,407.18737786322987,411.56655657477563,410.737840886233,71591.90044372481,72511.29892586227,72465.59092982537,68279.7505581914,717.2783708130503,45.57499131783751,909.0244672036926,0.0027156989847727485,5.883594640328175,43106.23012590027
2024-10-20 12:21:25.412929,1.0,1.0,1.0,1.0,1.0,1.0,1.0,793676.0,0.05819001557952383,0.04120980838596827,0.040315225390783915,0.02564657030330141,0.0316106234096681,0.026901956261409284,-0.0006708164388934773,0.0006612787644068402,-0.00030520558357238775,-0.0,0.0,0.0,0.0,1.0,0.0,0.0,204.80471591707612,204.7764635372714,204.25342333085206,407.13185297925037,413.45106476039507,409.8087196950679,71873.92229121538,73234.22083726621,72140.05187266735,68499.02850063541,720.3374106156803,45.52735241751257,908.0710363398221,0.002719257631898659,5.906319324184106,43561.87031917997
2024-10-20 12:21:25.494489,1.0,1.0,1.0,1.0,1.0,1.0,1.0,793677.0,0.05907846414606075,0.041774782619765874,0.04050858489526056,0.02557080478973271,0.030802351742838057,0.026611899740163612,-0.0006835333382089934,0.0006867125630378724,-0.000321101707716783,-0.0,0.0,0.0,0.0,1.0,0.0,0.0,204.43421896656588,204.1000704694818,205.47188721739232,409.6388844400506,412.96734376598187,413.1069792034447,72499.47049833245,73048.46669467486,73604.69616697085,69115.14434227436,727.5534908374648,45.482303650438816,907.1511857021829,0.00274270112368112,5.929020988568984,43968.1014210835
2024-10-20 12:21:25.577516,1.0,1.0,1.0,1.0,1.0,1.0,1.0,793678.0,0.05938628107826456,0.041712385598201944,0.04012093401707996,0.025532837723818223,0.030676112065162197,0.02668470945144587,-0.0006771748885512353,0.0006835333382089934,-0.00031474325805902487,-0.0,0.0,0.0,0.0,1.0,0.0,0.0,204.68076664677267,204.8071932110175,204.03446944126782,410.9939214327955,418.6881566155905,414.5722272305863,73260.29924454226,74984.01216549036,73601.7634143518,69988.08098513469,737.543544847123,45.434735950297444,906.1660798841867,0.0027827157667741835,5.951698000457105,44625.36988017391
2024-10-20 12:21:25.581516,1.0,1.0,1.0,1.0,1.0,1.0,1.0,793679.0,0.05885760930142632,0.04239370200023552,0.03946638873835309,0.02564657030330141,0.030612797008878905,0.026757321039963047,-0.0006676372140645982,0.0006962502375245095,-0.00029248868425687163,-0.0,0.0,0.0,0.0,1.0,0.0,0.0,203.7403476339278,203.66503730082957,205.02941218393417,416.3805462783935,419.8462835219017,420.26217553725013,74416.57918631719,75091.30510294568,75741.0070177086,71089.55139044327,748.8697780926295,45.45432065411731,906.5063515949403,0.002838081672190167,5.974383527722044,44227.77409732155
2024-10-20 12:21:25.662472,1.0,1.0,1.0,1.0,1.0,1.0,1.0,793680.0,0.059122536113507464,0.04220897910845451,0.03979500713939933,0.025418596266109744,0.03073929670896773,0.02718891858094095,-0.000645382640262445,0.0007026086871822677,-0.00026069643596808123,-0.0,0.0,0.0,0.0,1.0,0.0,0.0,203.97128246899726,203.98335701233557,203.16024401808198,420.17087940941633,428.1070991142326,423.5665718829419,75750.54718221084,77480.52827935846,75956.08351540576,72360.80153443424,763.5135805552596,45.38273820495381,905.0195996714137,0.0029032673345553233,5.99703184868254,46621.60160357656
2024-10-20 12:21:25.666472,1.0,1.0,1.0,1.0,1.0,1.0,1.0,793681.0,0.058813338810543125,0.041712385598201944,0.03946638873835309,0.025342149186916324,0.03086527796111811,0.02715321414192533,-0.000645382640262445,0.0006771748885512353,-0.00022890418767929085,-0.0,0.0,0.0,0.0,1.0,0.0,0.0,202.70784844532363,202.90252155798208,203.9663326632555,426.08075163368807,431.10780984023904,430.6600728357158,76923.64059464414,78013.12522935623,78325.35182886287,73676.08709040888,775.8486773914086,45.47618639760614,906.8196252547273,0.002973097473206184,6.019725215691942,44678.99288174289
2024-10-20 12:21:25.748503,1.0,1.0,1.0,1.0,1.0,1.0,1.0,793682.0,0.058680326942996096,0.04063698009803076,0.039135011011481306,0.025456733716313067,0.031115710284795706,0.02708166404617134,-0.0006517410899202031,0.000648561865091324,-0.00020982883870601662,-0.0,0.0,0.0,0.0,1.0,0.0,0.0,202.95442224753512,202.64610511045802,202.2700770827771,429.6461194518748,436.80450202908423,433.2723779127845,78186.30588154183,79653.35729999778,78515.82680257082,74677.95028278617,785.3464430650861,45.5398266158771,908.0347940016999,0.0030322231341995123,6.042448992575133,45757.59198928735
2024-10-20 12:21:25.831863,1.0,1.0,1.0,1.0,1.0,1.0,1.0,793683.0,0.0589018465187209,0.040055960801949016,0.03999088202492748,0.025494814117130813,0.031240173622796498,0.02708166404617134,-0.000648561865091324,0.0006549203147490821,-0.00021936651319265374,-0.0,0.0,0.0,0.0,1.0,0.0,0.0,201.89930840319892,201.84175526252096,202.56383476748485,432.55027746859116,438.36932209136774,436.9680628838025,78696.51098253104,79885.7612711718,79774.61283713397,75327.23275221535,792.0341327657593,45.54989009223886,908.1958172750413,0.0030757314277397854,6.065176799102298,47175.32108643243
2024-10-20 12:21:25.834867,1.0,1.0,1.0,1.0,1.0,1.0,1.0,793684.0,0.05899022143191336,0.04025056580563931,0.039729500910396995,0.025872535641194412,0.03127121205432006,0.02733126991297999,-0.0006676372140645982,0.0006517410899202031,-0.0002352626373370489,-0.0,0.0,0.0,0.0,1.0,0.0,0.0,201.60443623646478,201.48144545302586,202.00697674678338,434.5001528773227,440.1844711285649,438.76732382584424,79062.52936934785,80240.99187797961,80031.72329948073,75642.68286716385,793.5374094366306,45.65518976670466,910.2714057744599,0.0031019360275432437,6.087956547702911,45570.97905275812
2024-10-20 12:21:25.916495,1.0,1.0,1.0,1.0,1.0,1.0,1.0,793685.0,0.05943012477643178,0.04012093401707996,0.039729500910396995,0.026207830867489117,0.03145679951185349,0.027788876097916127,-0.0006803541133801144,0.0006549203147490821,-0.0002511587614814441,-0.0,0.0,0.0,0.0,1.0,0.0,0.0,201.63059370550172,201.50841739718223,201.40577908924948,435.2917410892797,441.6393882472913,438.58520887595404,79108.32770242287,80392.46208802146,79599.37494448232,75562.14982272513,791.4092419397468,45.72934535451065,911.7474765996744,0.003104604350364384,6.110773235311056,45951.4997260983
2024-10-20 12:21:25.920495,1.0,1.0,1.0,1.0,1.0,1.0,1.0,793686.0,0.05982327211598111,0.04012093401707996,0.039201510653345636,0.02613369258354722,0.03142594437984583,0.027858609899147853,-0.0006835333382089934,0.000645382640262445,-0.00024480031182368605,-0.0,0.0,0.0,0.0,1.0,0.0,0.0,201.38930107323813,201.20673434294156,202.41078256962604,434.73638221244244,439.1321715724686,439.0403909251856,78565.5471318563,79395.40970321289,79830.26836437733,75133.24030253457,786.119616035103,45.77468424300901,912.6722962317449,0.0030818220541478794,6.133613066740468,46092.392902094034
2024-10-20 12:21:26.001315,1.0,1.0,1.0,1.0,1.0,1.0,1.0,793687.0,0.05943012477643178,0.039729500910396995,0.03859888964444313,0.026611899740163612,0.031641298451732976,0.027858609899147853,-0.0006898917878667515,0.0006580995395779611,-0.00022890418767929085,-0.0,0.0,0.0,0.0,1.0,0.0,0.0,202.14929376257584,202.3023714455091,201.44985555890628,431.24539450489397,438.45915373392853,434.49692637037435,77628.93336826355,79267.44054876169,77965.08526781769,74182.00363302493,774.0343509229232,45.89852687108483,915.1867138128487,0.003032584920063945,6.156515822040729,44057.12330343773
2024-10-20 12:21:26.085352,1.0,1.0,1.0,1.0,1.0,1.0,1.0,793688.0,0.0598667957827904,0.039201510653345636,0.03853134997827472,0.026318646714264433,0.03191604715477278,0.027962884536546752,-0.0006739956637223563,0.0006612787644068402,-0.00022254573802153277,-0.0,0.0,0.0,0.0,1.0,0.0,0.0,202.32414755354094,201.79455419011563,203.20471229185029,427.92715311724845,431.4451491033535,431.07826513149126,76512.34161284033,76960.35861800838,77464.25099799733,72911.83013721055,760.7293373851477,45.89852687108483,915.2489017527073,0.002964839891957406,6.1794201336083034,45323.457141388375
2024-10-20 12:21:26.088354,1.0,1.0,1.0,1.0,1.0,1.0,1.0,793689.0,0.05956146222893688,0.038733615672373205,0.037918079796158174,0.02613369258354722,0.03221857569203676,0.02851257612746981,-0.0006644579892357192,0.0006739956637223563,-0.00023208341250816986,-0.0,0.0,0.0,0.0,1.0,0.0,0.0,203.08402828073037,203.32010873286305,202.5122264480344,420.7692411900327,427.9688694345408,424.3291312734901,74765.77296600433,76448.83978371273,75217.79966189506,71457.74985583352,745.8461457824277,45.877279667536364,914.8954520519311,0.0028882938548244405,6.202315600016869,44697.5933586333
2024-10-20 12:21:26.170340,1.0,1.0,1.0,1.0,1.0,1.0,1.0,793690.0,0.058990221431913355,0.03886787470812279,0.037711440220720746,0.02650231011985886,0.03248844283583844,0.028135816825234642,-0.0006644579892357192,0.0006708164388934773,-0.0002765925601124764,-0.0,0.0,0.0,0.0,1.0,0.0,0.0,203.52532766185746,202.88335561794474,204.1882919831793,415.7386480493632,419.79591837532445,419.08138321536165,73558.21910534326,74091.7565057435,74389.204153673,70041.9411101498,731.8425338770713,45.82530909366895,913.9278439346004,0.002813224820271536,6.225186851812609,44336.09884511406
2024-10-20 12:21:26.174340,1.0,1.0,1.0,1.0,1.0,1.0,1.0,793691.0,0.05956146222893688,0.03913501101148131,0.037084613626145846,0.026318646714264433,0.03221857569203676,0.02858054422421529,-0.000648561865091324,0.0006803541133801144,-0.00029248868425687163,-0.0,0.0,0.0,0.0,1.0,0.0,0.0,203.93172737223617,204.07767876929694,203.96725836134763,410.2361824760276,415.72802439030374,413.4230646915125,72256.71149002844,73495.84107045642,72904.70467218134,68953.54135681454,723.6735456714621,45.61981199167388,909.8823923800568,0.002755214613641561,6.247956865264703,46342.73739051264
2024-10-20 12:21:26.255544,1.0,1.0,1.0,1.0,1.0,1.0,1.0,793692.0,0.059692510709099,0.03926789767914727,0.037084613626145846,0.026022089115979988,0.031763702384431956,0.029151875571506957,-0.000645382640262445,0.0006803541133801144,-0.00032746015737454104,-0.0,0.0,0.0,0.0,1.0,0.0,0.0,204.36304104487687,204.3910007733615,204.49519719367163,407.14735195881553,412.6824256908006,410.699128760871,71688.98559645045,72896.55495805835,72414.60328216573,68420.0288184097,719.6475431197325,45.51853824692894,907.8932511101282,0.002721433863946484,6.270677100004896,44374.328727957334
2024-10-20 12:21:26.259545,1.0,1.0,1.0,1.0,1.0,1.0,1.0,793693.0,0.0589018465187209,0.03880080326089555,0.03666077555081008,0.025947420126718565,0.031364143052817484,0.029515668014433095,-0.0006231280664602917,0.0006517410899202031,-0.000321101707716783,-0.0,0.0,0.0,0.0,1.0,0.0,0.0,204.67814827601327,204.30712074267186,205.04453328951794,408.01369792932184,410.9482652817543,410.154914524265,72051.63478324057,72547.2471923471,72700.17879512862,68518.0767240791,720.5502023469517,45.526512442625325,908.05530825757,0.002718131108829804,6.293401390261998,42786.45115610515
2024-10-20 12:21:26.342369,1.0,1.0,1.0,1.0,1.0,1.0,1.0,793694.0,0.05890184651872091,0.03859888964444313,0.03637547335010834,0.025418596266109744,0.03127121205432006,0.02958133142821319,-0.0005913358181715013,0.0006676372140645982,-0.0003179224828879039,-0.0,0.0,0.0,0.0,1.0,0.0,0.0,204.67690479689088,205.3244929721278,204.41552479754867,407.20669832023293,414.4315630825885,411.3349138119116,72112.97588224884,73983.19959462332,72829.23732355819,69044.60099985433,728.1351452490236,45.39927630447165,905.501371384257,0.002735896810905036,6.316061767668991,45338.58890267776
2024-10-20 12:21:26.423365,1.0,1.0,1.0,1.0,1.0,1.0,1.0,793695.0,0.05925455533880765,0.03906839817849147,0.0361600194902826,0.025111411613631566,0.03120910432259612,0.029679554160349852,-0.0005786189188559852,0.0006676372140645982,-0.00030202635874350875,-0.0,0.0,0.0,0.0,1.0,0.0,0.0,204.84110547073433,204.03382901590396,205.2594583126192,412.16606250269984,414.69419922533126,414.0149314406491,73534.7732638107,73720.49464469746,74085.04898375944,69825.7557254133,736.1326074142144,45.41567348396953,905.7971947089828,0.0027702715575668516,6.338729548121849,43476.62576649298
2024-10-20 12:21:26.427675,1.0,1.0,1.0,1.0,1.0,1.0,1.0,793696.0,0.058946050537339326,0.03986040571620479,0.03587073468713995,0.02507274890923307,0.03130221970899244,0.029875030834123562,-0.0005500058953960738,0.0006549203147490821,-0.00030202635874350875,-0.0,0.0,0.0,0.0,1.0,0.0,0.0,204.3247729945544,204.90804328478794,203.90232948297125,413.31731577034657,421.13664984702655,417.81494503575783,73918.69269065044,75904.26544806673,74615.92581291457,70828.25460515969,745.9484624491537,45.46380817144261,906.711447112944,0.0028206131635923125,6.361420207948692,43576.07950472314
2024-10-20 12:21:26.508668,1.0,1.0,1.0,1.0,1.0,1.0,1.0,793697.0,0.05907846414606076,0.040185802182344105,0.036447008273383014,0.024995244090384144,0.03142594437984583,0.03013369393635788,-0.0005404682209094367,0.0006580995395779611,-0.00033699783186117815,-0.0,0.0,0.0,0.0,1.0,0.0,0.0,203.86339508663667,203.23774696215042,204.72680114661702,420.52332122315687,423.31120711999404,423.28867524234397,75688.27934499353,75983.20295585223,76579.54278434113,72059.21316284928,758.960737493823,45.46380817144261,906.654012805771,0.0028837780297606913,6.384109430468958,45129.57283680344
2024-10-20 12:21:26.512668,1.0,1.0,1.0,1.0,1.0,1.0,1.0,793698.0,0.05836878716992206,0.04070102581168387,0.03608791569074071,0.02522704420499114,0.03145679951185349,0.02977745290061739,-0.0005627227947115899,0.0006612787644068402,-0.00033699783186117815,-0.0,0.0,0.0,0.0,1.0,0.0,0.0,203.4669564241961,203.86376788163497,202.96736796116068,423.59709000877547,431.40684091656135,427.7707052287849,76565.86543769887,78461.16554392879,77148.49350143402,73325.81830234565,770.7691398176823,45.55725996678923,908.4561773064971,0.0029512552239178477,6.406843752565024,44381.4140450239
2024-10-20 12:21:26.596912,1.0,1.0,1.0,1.0,1.0,1.0,1.0,793699.0,0.058813338810543125,0.04133602555253029,0.03729472643293347,0.02557080478973271,0.031115710284795706,0.029449858193388034,-0.0005881565933426223,0.0006676372140645982,-0.0003528939560055733,-0.0,0.0,0.0,0.0,1.0,0.0,0.0,202.62828787416183,202.47306913738464,203.6064866889122,429.7374615900059,433.78787568732497,433.457894255518,77930.1649796155,78679.49391962505,79070.96175170741,74457.0760405802,782.6740849735606,45.559351920256034,908.4403274009851,0.0030144316022571167,6.429577678013605,46603.09991407104
2024-10-20 12:21:26.677934,1.0,1.0,1.0,1.0,1.0,1.0,1.0,793700.0,0.058901846518720914,0.04095620715673985,0.03722482060496381,0.025303839037745666,0.031084516582433108,0.02964684940754005,-0.0005881565933426223,0.0006517410899202031,-0.0003338186070322991,-0.0,0.0,0.0,0.0,1.0,0.0,0.0,202.37543656448952,202.62245791437164,202.127662252462,432.15566447412357,438.6611882507652,435.8911230163422,78600.97026834931,80144.63589878686,79266.36839893785,75211.4639370469,789.6858209517463,45.61451860808508,909.4966082839378,0.0030623625580350543,6.4523380371311045,46170.32082746633
2024-10-20 12:21:26.679934,1.0,1.0,1.0,1.0,1.0,1.0,1.0,793701.0,0.05885760930142632,0.04076497090344803,0.03722482060496381,0.025494814117130813,0.03095942747707764,0.029449858193388034,-0.0006104111671447755,0.0006294865161180497,-0.00032746015737454104,-0.0,0.0,0.0,0.0,1.0,0.0,0.0,201.97060735671113,201.90684784935692,202.1683454118556,434.3743408878997,439.98319043181834,438.5655006409508,79045.19567745022,80276.69687398005,79972.36924967515,75625.0134061505,793.2836713468115,45.65863143411576,910.349863968223,0.003091162202447381,6.475119749165829,46568.15085423964
2024-10-20 12:21:26.763098,1.0,1.0,1.0,1.0,1.0,1.0,1.0,793702.0,0.05925455533880766,0.04050858489526056,0.03729472643293347,0.02557080478973271,0.03145679951185349,0.029251540394105244,-0.0006135903919736546,0.000642203415433566,-0.0003179224828879039,-0.0,0.0,0.0,0.0,1.0,0.0,0.0,201.78950584878086,201.49269764594064,202.20083801394435,435.94071203377933,440.59138890334543,439.5492344384244,79231.5794829416,80107.38611768177,80126.4596662651,75676.03767280195,791.2126066670389,45.80941566705654,913.3486019620574,0.003099484393898847,6.497976505299693,44694.1337041064
2024-10-20 12:21:26.766096,1.0,1.0,1.0,1.0,1.0,1.0,1.0,793703.0,0.060170579951896654,0.04070102581168387,0.037503662109375,0.025608715566353565,0.03173314566510837,0.02908524262592732,-0.0006390241906046868,0.0006580995395779611,-0.0003497147311766943,-0.0,0.0,0.0,0.0,1.0,0.0,0.0,201.87065230505493,202.09614188707187,201.66639004079204,434.2494159306449,441.7416214709533,438.78303614962095,78579.36749930988,80317.31908989111,79328.53621277136,75268.03066648952,786.477357750344,45.83590918413851,913.893758235834,0.0030810182422579624,6.520846904093083,46441.49320259979
2024-10-20 12:21:26.847402,1.0,1.0,1.0,1.0,1.0,1.0,1.0,793704.0,0.06025709413022506,0.04164989509779679,0.03798670986099516,0.025759800744833576,0.03182472780550264,0.02888442151794573,-0.0006676372140645982,0.0006771748885512353,-0.0003338186070322991,-0.0,0.0,0.0,0.0,1.0,0.0,0.0,202.1810232986541,201.38265632436386,202.8153090252201,433.30103693956835,437.133225594403,436.1622813330567,78090.006310061,78485.13815525195,78830.94232151097,74352.85802154784,775.2549629731294,45.931915405029805,915.8503036283854,0.003034931645704346,6.543766265879142,44600.97393766717
2024-10-20 12:21:26.851403,1.0,1.0,1.0,1.0,1.0,1.0,1.0,793705.0,0.06047283808617588,0.04089256110871732,0.03886787470812279,0.025722112647481858,0.03148762440853117,0.02810131550407159,-0.0006612787644068402,0.0006580995395779611,-0.0003433562815189362,-0.0,0.0,0.0,0.0,1.0,0.0,0.0,202.27672461966216,203.03756652732372,202.38533785656884,426.5680840715189,434.928875845307,432.03820353080806,76155.17879367246,78297.55098087227,77209.8947673689,73141.42338776735,762.4564883284359,45.939030543019015,916.0511521748059,0.0029707404066988746,6.566690653945676,45437.70882937439
2024-10-20 12:21:26.933459,1.0,1.0,1.0,1.0,1.0,1.0,1.0,793706.0,0.059692510709099006,0.03999088202492748,0.038733615672373205,0.026096544458751023,0.031364143052817484,0.02789341142414604,-0.0006867125630378724,0.000642203415433566,-0.0003401770566900572,-0.0,0.0,0.0,0.0,1.0,0.0,0.0,203.27776672879048,202.40558015594087,203.617784721669,423.4667962259617,427.2616519831198,425.7959621841743,75449.91202796671,75826.34690986945,75949.37691639396,71708.78457067766,747.7330032553382,45.92258527508434,915.7927343997069,0.0028950581571704683,6.5896085750487154,44743.648980686216
2024-10-20 12:21:27.015857,1.0,1.0,1.0,1.0,1.0,1.0,1.0,793707.0,0.06004057494595437,0.039729500910396995,0.03966388649582423,0.025684369248357337,0.031084516582433108,0.027613771165243314,-0.0006580995395779611,0.0006072319423158965,-0.00031474325805902487,-0.0,0.0,0.0,0.0,1.0,0.0,0.0,203.34224137326675,204.05816674606842,203.49912668117722,415.0819813811263,423.1426222323286,420.12707020455935,73299.13524948122,75312.36192882551,74279.21834084712,70312.20485115598,734.5880911415438,45.83058041308065,914.025296355792,0.0028216006458024064,6.612482265613421,45168.52050913466
2024-10-20 12:21:27.020853,1.0,1.0,1.0,1.0,1.0,1.0,1.0,793708.0,0.059473936153392935,0.040315225390783915,0.039729500910396995,0.025835012001953723,0.031115710284795706,0.027718966864906235,-0.0006580995395779611,0.0006135903919736546,-0.0003179224828879039,-0.0,0.0,0.0,0.0,1.0,0.0,0.0,204.27962757361104,203.65285414255268,204.27210088376972,411.5256142720546,415.97387791260826,414.7878761926585,72669.97586606038,73432.77551662186,73264.10327680715,69179.59983730622,723.6351463577919,45.77213286437748,912.9138072392087,0.0027624341385115267,6.635328140910628,43941.11028493826
2024-10-20 12:21:27.101997,1.0,1.0,1.0,1.0,1.0,1.0,1.0,793709.0,0.05921058163676667,0.03959816335788845,0.03940033615860651,0.025342149186916324,0.0313331966781849,0.02764888086939877,-0.0006580995395779611,0.0005817981436848642,-0.00030520558357238775,-0.0,0.0,0.0,0.0,1.0,0.0,0.0,204.49883641134173,204.1335109649988,204.64066603492526,407.62768379788906,413.22661021518945,410.99745238576475,71951.10876705145,72972.72016673803,72543.0373072744,68571.09093049681,719.4511981719448,45.63175813665542,910.1460754410324,0.0027273629087684304,6.658104753091191,45028.41512558853
2024-10-20 12:21:27.104997,1.0,1.0,1.0,1.0,1.0,1.0,1.0,793710.0,0.059561462228936886,0.039729500910396995,0.03966388649582423,0.025188558989287076,0.031146872746571578,0.027613771165243314,-0.0006326657409469288,0.000572260469198227,-0.00031474325805902487,-0.0,0.0,0.0,0.0,1.0,0.0,0.0,204.46061013589855,204.75971340372632,204.747332711118,406.0740759859095,412.2904289893326,410.9175703895011,71657.71434884088,73204.44833053173,72696.95790110406,68604.23550516396,721.0087814889829,45.55495084960969,908.6188804917513,0.0027221371708096233,6.680843146871409,44082.787796116696
2024-10-20 12:21:27.186852,1.0,1.0,1.0,1.0,1.0,1.0,1.0,793711.0,0.05960517706948519,0.03959816335788845,0.040315225390783915,0.025456733716313067,0.03179422973639322,0.02733126991297999,-0.000648561865091324,0.0005976942678292594,-0.0003083848084012668,-0.0,0.0,0.0,0.0,1.0,0.0,0.0,204.94877639334555,203.9511550300998,205.05767958611548,409.10662889909855,413.33652402661454,411.295678706968,72784.54736946512,73200.21793226393,73093.47497981787,69096.04733545013,726.6943488325081,45.52347097498733,907.972726020175,0.002742204654104086,6.70356537048927,43696.89902230199
2024-10-20 12:21:27.270385,1.0,1.0,1.0,1.0,1.0,1.0,1.0,793712.0,0.05956146222893687,0.039400336158606504,0.04076497090344802,0.025380401509347835,0.03182472780550264,0.02711746269239568,-0.0006549203147490821,0.0005754396940271061,-0.00029566790908575063,-0.0,0.0,0.0,0.0,1.0,0.0,0.0,204.03220867623597,205.0018508215826,204.40754970363858,409.4995766936286,417.22969064709713,415.38827359561407,72712.34694381397,74864.05234349181,74016.2556853116,69910.3115751836,735.5829820418942,45.505096889793556,907.5717028742778,0.0027801665028000383,6.726277558411855,44035.760434897726
2024-10-20 12:21:27.274381,1.0,1.0,1.0,1.0,1.0,1.0,1.0,793713.0,0.05921058163676667,0.03986040571620479,0.04063698009803076,0.025494814117130813,0.032007105962223864,0.027045818015839475,-0.0006612787644068402,0.0005976942678292594,-0.0002893094594279926,-0.0,0.0,0.0,0.0,1.0,0.0,0.0,204.47166038854243,203.37603183367403,204.60235915481664,416.1753129643951,420.0125429080845,418.6091469893612,74753.1048623146,75088.73048491725,75161.00507437257,71012.49854740348,747.6730641569567,45.47757345684401,906.9731710505524,0.0028346917945991723,6.748974767939659,44935.070429431384
2024-10-20 12:21:27.354984,1.0,1.0,1.0,1.0,1.0,1.0,1.0,793714.0,0.05943012477643178,0.039201510653345636,0.04044423444177086,0.025188558989287076,0.03212811624624381,0.02715321414192533,-0.0006294865161180497,0.0005786189188559852,-0.00030202635874350875,-0.0,0.0,0.0,0.0,1.0,0.0,0.0,203.4316683698477,204.18599158450735,203.3811873021425,418.70322302128784,426.83742224268224,424.84560181217654,75154.88048506298,77370.86855513412,76334.70816760497,72257.24018283654,760.8285369335345,45.47757345684401,906.9136914049326,0.0029000862748876236,6.771670488975827,45246.7432046387
2024-10-20 12:21:27.358914,1.0,1.0,1.0,1.0,1.0,1.0,1.0,793715.0,0.05859148461052764,0.03999088202492748,0.040315225390783915,0.02522704420499114,0.03260766687993288,0.02768394604629166,-0.000642203415433566,0.0006231280664602917,-0.00030202635874350875,-0.0,0.0,0.0,0.0,1.0,0.0,0.0,203.35960472560907,202.38268763729124,203.62011773378558,426.8857020626295,430.2984391102988,429.34136007716404,77324.19583326137,77634.72488366626,77870.46342360416,73537.6640537188,773.6967821757203,45.51682734025977,907.6333008392202,0.0029695017468674817,6.794384218401471,45448.44255349028
2024-10-20 12:21:27.441288,1.0,1.0,1.0,1.0,1.0,1.0,1.0,793716.0,0.05964885987276111,0.04050858489526057,0.04082881584609786,0.024761274097977876,0.032696799620819436,0.02764888086939877,-0.0006294865161180497,0.0006580995395779611,-0.0002861302345991135,-0.0,0.0,0.0,0.0,1.0,0.0,0.0,202.53223837293717,202.76203794285618,202.28856757612394,429.20849858133715,435.9890891793228,433.75669046655213,77826.62085844431,79496.03233414375,78638.13326558733,74551.04682743723,784.8760125927013,45.48958232877562,907.0350545738412,0.003029915708774801,6.8170829765784955,47218.671065187074
2024-10-20 12:21:27.523310,1.0,1.0,1.0,1.0,1.0,1.0,1.0,793717.0,0.05876903497087671,0.04108320345271294,0.03933417265909615,0.024722063821441115,0.03296275176192149,0.027718966864906235,-0.000648561865091324,0.0006803541133801144,-0.00025433798631032317,-0.0,0.0,0.0,0.0,1.0,0.0,0.0,202.03203537831615,201.51174520032168,202.36646660777404,433.14798774109863,437.4319001334982,436.60892848425175,78792.91055008207,79525.00247289527,79608.23323306831,75188.83741213799,788.9404775229627,45.64441389978406,910.0819755411493,0.0030740918929240326,6.83985798464451,44482.85360850484
2024-10-20 12:21:27.527281,1.0,1.0,1.0,1.0,1.0,1.0,1.0,793718.0,0.058680326942996096,0.04120980838596827,0.03900167157440239,0.02468279125681748,0.032933307582966455,0.028066771771894115,-0.0006612787644068402,0.0007121463616689048,-0.00023844186216592797,-0.0,0.0,0.0,0.0,1.0,0.0,0.0,201.45077452720295,201.32106768854692,201.800281567077,434.68954639823784,440.13630224709823,438.68359199558427,79008.4879016897,80120.17701965172,79906.51369245803,75546.17059847908,792.4047743728687,45.662182277656555,910.4094425928207,0.0031034466805337645,6.862641187647842,46950.14084388134
2024-10-20 12:21:27.608362,1.0,1.0,1.0,1.0,1.0,1.0,1.0,793719.0,0.0586803269429961,0.04127296521748624,0.03880080326089556,0.024722063821441115,0.032756086704177324,0.028032185471914422,-0.000642203415433566,0.0007185048113266629,-0.0002352626373370489,-0.0,0.0,0.0,0.0,1.0,0.0,0.0,201.18705997840252,201.53282053079855,201.2778832481455,435.6636463433458,441.4156470528551,440.351238561008,78891.71217706686,80406.31731462816,79974.07177816787,75616.85416457154,792.8811081401177,45.67787771480461,910.7138004269675,0.0031128349338820638,6.885432007275076,47001.722758785094
2024-10-20 12:21:27.612365,1.0,1.0,1.0,1.0,1.0,1.0,1.0,793720.0,0.05876903497087671,0.041587310697157,0.038123599349151736,0.024956401418756297,0.032756086704177324,0.027858609899147853,-0.0006771748885512353,0.000734400935471058,-0.00024162108699480697,-0.0,0.0,0.0,0.0,1.0,0.0,0.0,201.57141332493458,200.7546631020989,201.7558972695066,436.6497392327905,440.3495381336312,439.2516572918819,78986.3003021443,79410.73726374203,79562.26645697032,75184.83968230135,785.7028871957212,45.830975335071315,913.7834982675199,0.0030939865594962223,6.908299646787724,44300.91258315907
2024-10-20 12:21:27.694236,1.0,1.0,1.0,1.0,1.0,1.0,1.0,793721.0,0.05850250736160358,0.041587310697157,0.038055216156251626,0.024445830974727203,0.03257790177388484,0.02782376484498668,-0.000648561865091324,0.0007185048113266629,-0.00024162108699480697,-0.0,0.0,0.0,0.0,1.0,0.0,0.0,201.41400770079844,202.14965146953395,201.46688844886665,432.2243445002974,438.7653390878359,437.5836360768691,77393.22380450786,79296.37145410418,78626.45737399635,74325.39664883292,776.685551102343,45.830975335071315,913.8257502386952,0.003047891128549865,6.9311683436655445,46290.440964829206
2024-10-20 12:21:27.698237,1.0,1.0,1.0,1.0,1.0,1.0,1.0,793722.0,0.057650374721400804,0.0423322172659213,0.03757304914762413,0.024800422381866246,0.03251828982682399,0.027508173183166423,-0.0006199488416314126,0.0007375801602999371,-0.00024480031182368605,-0.0,0.0,0.0,0.0,1.0,0.0,0.0,202.6166182093061,201.31272877356577,202.55272518452165,429.86169604650644,433.38197516538855,431.9361836481844,76977.12920252273,77153.56044774574,77255.40633977241,73052.43801426285,762.624851650246,45.87341379464049,914.7346764054643,0.0029795030075404102,6.954059786627053,44681.625889090705
2024-10-20 12:21:27.780265,1.0,1.0,1.0,1.0,1.0,1.0,1.0,793723.0,0.05715122788292689,0.04220897910845452,0.03715478325109878,0.024564596844570415,0.03224867245309928,0.027437548745241652,-0.000569081244369348,0.0007121463616689048,-0.00023208341250816988,-0.0,0.0,0.0,0.0,1.0,0.0,0.0,202.32503526695984,203.15349167164464,202.73579375892865,421.8857339838232,428.34367251429126,427.45342620036774,74526.40859903216,76410.2837635941,75906.70443575874,71585.44202987554,747.5350475596058,45.855998700781086,914.4596221675798,0.002900767536872418,6.97694434629381,44732.21594523119
2024-10-20 12:21:27.862978,1.0,1.0,1.0,1.0,1.0,1.0,1.0,793724.0,0.05632490157190952,0.041712385598201944,0.0373645014732293,0.024761274097977876,0.03251828982682399,0.02711746269239568,-0.0005786189188559852,0.0006771748885512353,-0.00021618728836377465,-0.0,0.0,0.0,0.0,1.0,0.0,0.0,203.6805460420896,202.69764026258932,203.6111361019955,417.9815580492053,421.6056641039364,419.8708619674147,73940.23747486794,74301.55794501943,74226.35843156675,70174.65587566861,734.1011259383178,45.77141209957833,912.8423565439796,0.0028247822483181977,6.999788433521147,45002.48232304015
2024-10-20 12:21:27.866978,1.0,1.0,1.0,1.0,1.0,1.0,1.0,793725.0,0.05701433851777478,0.04133602555253029,0.036731754853566174,0.024917498197257262,0.03242866644143693,0.027508173183166423,-0.000565902019540469,0.000645382640262445,-0.0002289041876792908,-0.0,0.0,0.0,0.0,1.0,0.0,0.0,203.67967510922614,203.94758742047426,204.11679451544245,410.73860803249397,416.33048468365183,415.66652439992015,72115.7398700241,73541.32078923914,73298.59330466048,69044.90112094385,724.2164554995531,45.6462915717652,910.4049397311278,0.002761332429615855,7.022571523839343,45050.23142090331
2024-10-20 12:21:27.948975,1.0,1.0,1.0,1.0,1.0,1.0,1.0,793726.0,0.0559537284906058,0.04095620715673985,0.036447008273383014,0.025188558989287076,0.03254810944778678,0.02775394349316061,-0.000569081244369348,0.000642203415433566,-0.00023844186216592797,-0.0,0.0,0.0,0.0,1.0,0.0,0.0,204.30440837407545,204.33245655054958,204.52253250104005,408.5111045231681,413.65372923837697,412.38256093925173,71833.81557457469,73027.21653923512,72708.33041021608,68598.58619850995,720.3455766032366,45.5934850452454,909.380533778593,0.0027297399221017722,7.045328978165991,43633.43542084137
2024-10-20 12:21:27.952976,1.0,1.0,1.0,1.0,1.0,1.0,1.0,793727.0,0.05646346242475854,0.04108320345271294,0.036943874546794715,0.025342149186916324,0.032368779656366614,0.02782376484498668,-0.0005881565933426223,0.0006580995395779611,-0.0002829510097702345,-0.0,0.0,0.0,0.0,1.0,0.0,0.0,205.04802682726472,204.16594832907376,204.93836257109916,408.9731826165206,413.0475041593418,411.91665144077456,72320.28302137392,72909.37554926983,72801.39737240125,68747.16880712044,724.070444469872,45.457038078464805,906.6619268436201,0.0027265686794168817,7.068018398736851,45236.89225986189
2024-10-20 12:21:28.033330,1.0,1.0,1.0,1.0,1.0,1.0,1.0,793728.0,0.05696863563386268,0.04012093401707996,0.03764230828317236,0.02522704420499114,0.03203740138402003,0.02764888086939877,-0.0005563643450538319,0.0006040527174870175,-0.00031156403323014586,-0.0,0.0,0.0,0.0,1.0,0.0,0.0,204.4435689013523,205.15616624731402,205.05571502445096,408.17056958245627,414.7396387912672,413.8256005345799,72096.69357245408,73911.12093430712,73498.11254252342,69225.54188441297,729.004918998413,45.464187781625874,906.791180031257,0.0027412516563945634,7.090711053898077,43293.32802932073
2024-10-20 12:21:28.116019,1.0,1.0,1.0,1.0,1.0,1.0,1.0,793729.0,0.057060004795434646,0.04082881584609787,0.037503662109375,0.025188558989287076,0.03233879467572394,0.02729575167846423,-0.0005468266705671948,0.0006358449657758078,-0.0003083848084012668,-0.0,0.0,0.0,0.0,1.0,0.0,0.0,205.4401889675462,204.00768071490123,205.06551657188464,412.6811027078647,416.71264372153024,414.23939277467645,73904.25979837507,74127.05510783037,73882.18385928946,70006.03139378395,737.0093042318025,45.478943310969576,907.0555184521385,0.0027741934877414482,7.113410324188302,43568.259830660776
2024-10-20 12:21:28.120016,1.0,1.0,1.0,1.0,1.0,1.0,1.0,793730.0,0.05751467337654892,0.04070102581168387,0.03798670986099516,0.024995244090384144,0.03224867245309928,0.02711746269239568,-0.0005341097712516786,0.0006263072912891707,-0.0003083848084012668,-0.0,0.0,0.0,0.0,1.0,0.0,0.0,203.96797608340316,204.9019030554893,204.73784144250962,413.60615733724256,421.21786288609223,419.81088403960564,73821.67252022056,75909.69227861051,75358.31097517477,71034.67114661753,748.451769570675,45.443983559320635,906.3124308231477,0.0028246207332527262,7.136090998541898,45095.86333367884
2024-10-20 12:21:28.202016,1.0,1.0,1.0,1.0,1.0,1.0,1.0,793731.0,0.05737865109693919,0.04127296521748624,0.03798670986099516,0.025150014882560457,0.03224867245309928,0.02715321414192533,-0.0005436474457383157,0.0006390241906046868,-0.0003083848084012668,-0.0,0.0,0.0,0.0,1.0,0.0,0.0,204.59286337978668,203.20730537183093,204.53262172727605,421.3420032718231,424.7789217161523,422.72296191846164,76226.36213575794,76294.11998900729,76324.41296551321,72248.25683626332,760.6562558047282,45.481605590842626,907.006321253421,0.0028866511299683205,7.158789037661055,44663.312987715406
2024-10-20 12:21:28.206013,1.0,1.0,1.0,1.0,1.0,1.0,1.0,793732.0,0.05836878716992206,0.04133602555253029,0.038055216156251626,0.025111411613631566,0.032308781866774994,0.027578616763765378,-0.000565902019540469,0.0006549203147490821,-0.0003179224828879039,-0.0,0.0,0.0,0.0,1.0,0.0,0.0,203.14915880857484,204.01874414916398,203.49006163350265,424.38614562679663,431.2585149773596,429.5809530724587,76606.7813194274,78556.03478410405,77868.12535210895,73600.30868141189,774.9473870458686,45.481605590842626,906.940507359324,0.0029590033405400952,7.18148542977257,46113.41786116403
2024-10-20 12:21:28.286827,1.0,1.0,1.0,1.0,1.0,1.0,1.0,793733.0,0.058547012889045756,0.04127296521748624,0.03853134997827472,0.025342149186916324,0.032398736885968185,0.027260187166059602,-0.0006072319423158965,0.0006771748885512353,-0.00031156403323014586,-0.0,0.0,0.0,0.0,1.0,0.0,0.0,203.21304894332587,202.2162227700095,203.28610648710497,430.69154525339593,434.2744925289687,432.6582942126516,78503.95258884208,78815.55419152623,78868.36756015495,74623.29632455709,784.6525348581278,45.5462365052749,908.1726715134057,0.0030211701374860352,7.204212657071795,45702.32139220379
2024-10-20 12:21:28.290826,1.0,1.0,1.0,1.0,1.0,1.0,1.0,793734.0,0.05916657525265935,0.04139898983206045,0.038733615672373205,0.02564657030330141,0.032067668184708895,0.02736674204979371,-0.0006263072912891707,0.0006771748885512353,-0.0003179224828879039,-0.0,0.0,0.0,0.0,1.0,0.0,0.0,202.20353245618477,202.44738300580408,202.23533756045714,432.30114186767605,437.7208520972016,435.99858249365593,78711.27669540174,80063.17222745022,79563.19079685793,75322.70878833577,792.4746297786163,45.52154409853846,907.6364830064465,0.0030693147823300663,7.226926466131896,47640.19265304154
2024-10-20 12:21:28.373241,1.0,1.0,1.0,1.0,1.0,1.0,1.0,793735.0,0.05947393615339293,0.04127296521748624,0.03933417265909616,0.025722112647481858,0.032007105962223864,0.02700992441274364,-0.0006580995395779611,0.0006739956637223563,-0.00032746015737454104,-0.0,0.0,0.0,0.0,1.0,0.0,0.0,201.81872370894695,201.53470962023502,201.82868431466818,434.9355777594316,439.9047204944247,437.965704466469,79331.53038883966,80288.00074973624,79944.76112842119,75719.8701340116,794.8428514766931,45.62681629544273,909.7037181411472,0.0031041041186895234,7.249692008220595,45652.379931480034
2024-10-20 12:21:28.455172,1.0,1.0,1.0,1.0,1.0,1.0,1.0,793736.0,0.05977971676101448,0.04114655461363215,0.039532330954326636,0.025418596266109744,0.03203740138402003,0.02672103991000101,-0.0006263072912891707,0.0006612787644068402,-0.00033699783186117815,-0.0,0.0,0.0,0.0,1.0,0.0,0.0,201.56701663086452,200.86623131269164,201.6322429893082,436.6090997999925,440.7513127674037,439.23411643330064,79530.0925716411,80120.2492452162,80058.87061622168,75763.63663123726,794.467042913036,45.67542510608685,910.6600998022403,0.00311809065036705,7.272481483977503,46558.665120771104
2024-10-20 12:21:28.459173,1.0,1.0,1.0,1.0,1.0,1.0,1.0,793737.0,0.058946050537339326,0.04037978143756249,0.03926789767914727,0.02557080478973271,0.0321582976678794,0.026829736114304472,-0.0006231280664602917,0.000645382640262445,-0.00031474325805902487,-0.0,0.0,0.0,0.0,1.0,0.0,0.0,200.96392680683147,201.64069005806553,201.332157308781,435.3536735939867,441.4777007038754,439.4265377757427,78720.43479614255,80331.94163541943,79765.93723454444,75470.23076253843,791.0733318820144,45.69323478300179,911.025043928707,0.0031072999589702175,7.295280092544034,46843.69512778412
2024-10-20 12:21:28.540826,1.0,1.0,1.0,1.0,1.0,1.0,1.0,793738.0,0.05916657525265936,0.04076497090344802,0.03979500713939933,0.025722112647481858,0.03224867245309928,0.026865870455412305,-0.0006708164388934773,0.0006676372140645982,-0.00032746015737454104,-0.0,0.0,0.0,0.0,1.0,0.0,0.0,201.9281594881562,200.76389274552474,201.67563657336203,435.58271939503453,438.81855713034975,436.66737765889576,78776.11278691386,78909.6994484697,78831.74576631124,74720.27557997558,781.665127511032,45.78202631289897,912.8283293595373,0.0030712892426626704,7.318123828737895,45092.43536179672
2024-10-20 12:21:28.544822,1.0,1.0,1.0,1.0,1.0,1.0,1.0,793739.0,0.058635922602968446,0.03979500713939933,0.04012093401707996,0.025797433782787597,0.03251828982682399,0.02672103991000101,-0.0006676372140645982,0.000648561865091324,-0.0003306393822034201,-0.0,0.0,0.0,0.0,1.0,0.0,0.0,201.18851860311412,202.36120747261742,201.87503533528425,429.9151614202216,435.8140686670728,434.2539432282204,76652.03304864254,78418.48811382925,77967.83324793942,73592.67743389802,769.8239495270519,45.78202631289897,912.8818397635987,0.00301284883670985,7.340968904041767,45858.94846388168
2024-10-20 12:21:28.625954,1.0,1.0,1.0,1.0,1.0,1.0,1.0,793740.0,0.05872469770694884,0.03986040571620479,0.04044423444177086,0.025722112647481858,0.03284481667269478,0.02679355304171941,-0.0006771748885512353,0.0006676372140645982,-0.00030520558357238775,-0.0,0.0,0.0,0.0,1.0,0.0,0.0,202.91955254785307,201.68157291603143,202.3038703571163,426.7701207206045,429.96904781058976,427.470873184052,76251.89850386507,76385.00100785727,76086.56610337345,72198.22840643187,755.0788715358879,45.7882448337844,913.0732192245049,0.002939266902404843,7.363818768660099,44954.48804958298
2024-10-20 12:21:28.709774,1.0,1.0,1.0,1.0,1.0,1.0,1.0,793741.0,0.05836878716992206,0.03959816335788845,0.040185802182344105,0.026059343378600053,0.03305092691301418,0.02708166404617134,-0.0006930710126956305,0.0006835333382089934,-0.00029248868425687163,-0.0,0.0,0.0,0.0,1.0,0.0,0.0,202.36590678339974,203.27278570758685,202.95993936022506,418.77346878243293,424.26707477471774,422.933889179057,73789.28522101277,75391.63718625177,75019.14187320907,70739.29334515358,740.1720324280483,45.762945262393465,912.6398496665634,0.0028615461333278483,7.3866577881068505,44393.067335994005
2024-10-20 12:21:28.712772,1.0,1.0,1.0,1.0,1.0,1.0,1.0,793742.0,0.057559942705380736,0.03866631133712533,0.04044423444177086,0.025797433782787597,0.033021561356871405,0.02708166404617134,-0.0006771748885512353,0.0006644579892357192,-0.00029248868425687163,-0.0,0.0,0.0,0.0,1.0,0.0,0.0,203.82193769555266,202.95082272055095,203.4802552930658,414.32582476818465,418.56722867293894,416.19379436366665,73177.1800742141,73713.22125897741,73343.26690089454,69460.52652320964,728.7582661221156,45.636300534573984,910.1772145729929,0.0027925095687324803,7.40943517955126,45347.80069286713
2024-10-20 12:21:28.793792,1.0,1.0,1.0,1.0,1.0,1.0,1.0,793743.0,0.057695537575739225,0.03913501101148131,0.04076497090344803,0.025872535641194412,0.03308026640118225,0.02782376484498668,-0.0006835333382089934,0.0006644579892357192,-0.0003306393822034201,-0.0,0.0,0.0,0.0,1.0,0.0,0.0,203.83353570888,203.78310564189434,204.08801843795877,410.16986050445814,415.0905815021108,412.9899183006794,72122.81598720902,73112.73144515295,72770.63240364981,68742.4165758555,721.2964122367746,45.62974010347944,910.0859407467752,0.0027491514493881426,7.432210286847446,42850.96593724083
2024-10-20 12:21:28.797792,1.0,1.0,1.0,1.0,1.0,1.0,1.0,793744.0,0.05819001557952383,0.03933417265909615,0.04044423444177086,0.025797433782787597,0.03308026640118225,0.02820469285687616,-0.0006867125630378724,0.0006962502375245095,-0.0003338186070322991,-0.0,0.0,0.0,0.0,1.0,0.0,0.0,203.97077495410494,204.33073571499028,204.5008254124738,408.30061442721353,414.24626806633586,412.55891667852165,71751.57703089036,73155.53781492038,72779.48373194964,68638.15284132966,720.7536718549204,45.59417595795,909.3898569768398,0.0027346279757967996,7.454967974489247,43386.9830508767
2024-10-20 12:21:28.879988,1.0,1.0,1.0,1.0,1.0,1.0,1.0,793745.0,0.05783081452011861,0.03933417265909615,0.04044423444177086,0.025797433782787597,0.03310957989067469,0.028066771771894115,-0.0006739956637223563,0.0007057879120111467,-0.000321101707716783,-0.0,0.0,0.0,0.0,1.0,0.0,0.0,204.88004438934317,204.1021933989508,204.47858960091597,410.59566771460214,414.919414472867,411.64082858716995,72778.43807318449,73302.92625723405,72744.87919930977,69006.43880098886,726.4653492491217,45.478823205546114,907.0810481213618,0.0027434922604330217,7.477667883665241,45049.11611629175
2024-10-20 12:21:28.961998,1.0,1.0,1.0,1.0,1.0,1.0,1.0,793746.0,0.05841339457969606,0.03906839817849146,0.04037978143756249,0.025835012001953723,0.033168129149298335,0.02820469285687616,-0.0007026086871822677,0.0007026086871822677,-0.00030520558357238775,-0.0,0.0,0.0,0.0,1.0,0.0,0.0,203.87541888805467,204.8595281113008,204.74039886485562,410.01937446918333,416.7044364620335,415.6188529035625,72430.65986251607,74300.74281202615,73933.31175123189,69601.90332489734,732.5841920998001,45.48922825437972,907.2666663207946,0.002767576922518286,7.500372437978819,43517.33181736859
2024-10-20 12:21:28.966001,1.0,1.0,1.0,1.0,1.0,1.0,1.0,793747.0,0.05964885987276112,0.039400336158606504,0.04082881584609786,0.02557080478973271,0.03319736505550277,0.027962884536546752,-0.0007057879120111467,0.000734400935471058,-0.0003306393822034201,-0.0,0.0,0.0,0.0,1.0,0.0,0.0,204.97567985992714,203.76383342450146,204.19729097928985,415.25756162079745,419.91005753219866,416.07382065846525,74414.23798448825,74829.4838463645,74108.69909757744,70472.12723053903,741.1381493838197,45.52824190693115,908.0078315978894,0.002808154272638658,7.523095540121733,43436.29041799134
2024-10-20 12:21:29.049137,1.0,1.0,1.0,1.0,1.0,1.0,1.0,793748.0,0.05956146222893688,0.039201510653345636,0.04044423444177086,0.025380401509347835,0.033546208593426816,0.02764888086939877,-0.0006708164388934773,0.000734400935471058,-0.00030520558357238775,-0.0,0.0,0.0,0.0,1.0,0.0,0.0,203.4079158060282,204.37522653521964,204.09882525545015,416.92434249179695,424.299395485033,422.7836887252803,74456.00595684504,76486.58229641653,75926.07874798332,71609.27274102982,753.826674520654,45.486774884369645,907.129194004531,0.002864902699177251,7.545796654159384,45545.84859229346
2024-10-20 12:21:29.053134,1.0,1.0,1.0,1.0,1.0,1.0,1.0,793749.0,0.06025709413022506,0.03953233095432663,0.04044423444177086,0.025456733716313067,0.03319736505550277,0.028170275891210916,-0.0006994294623533886,0.0007185048113266629,-0.00030202635874350875,-0.0,0.0,0.0,0.0,1.0,0.0,0.0,204.14987021006857,202.71222870027736,203.62675591518283,424.1682192833527,428.6506792202307,425.73162246884,76793.34486733994,77106.87792378366,76701.57936295347,72814.88021201812,764.8825000611251,45.58693861557504,909.0688921862486,0.002928338912782426,7.568546309584428,43912.22506549492
2024-10-20 12:21:29.133110,1.0,1.0,1.0,1.0,1.0,1.0,1.0,793750.0,0.059692510709099,0.03986040571620479,0.03999088202492748,0.02557080478973271,0.03310957989067469,0.02820469285687616,-0.0006803541133801144,0.0007185048113266629,-0.00030520558357238775,-0.0,0.0,0.0,0.0,1.0,0.0,0.0,202.50646159767552,203.3523391870987,203.06309790675132,426.99540530601416,434.2519565447763,432.31663566130123,77038.2779177171,78986.5922652757,78352.8031190864,74033.67474712925,777.5708067942915,45.59668757338094,909.2027520817477,0.002994734410779213,7.5912993148837495,46297.54148401007
2024-10-20 12:21:29.137111,1.0,1.0,1.0,1.0,1.0,1.0,1.0,793751.0,0.06060191579565507,0.039729500910396995,0.04005596080194901,0.025835012001953723,0.03308026640118225,0.027718966864906235,-0.0007057879120111467,0.0007121463616689048,-0.00031156403323014586,-0.0,0.0,0.0,0.0,1.0,0.0,0.0,202.67665686803164,201.82909606457338,202.59400061358545,432.17588476105163,437.1042893033014,434.81359199138694,78666.01060527482,79326.2111319109,79030.98960520695,74891.42570706176,786.1076223550086,45.626566622212756,909.7487614306973,0.0030492881883898435,7.614065984190996,46375.50499263134
2024-10-20 12:21:29.218267,1.0,1.0,1.0,1.0,1.0,1.0,1.0,793752.0,0.06154021377999141,0.04082881584609787,0.040055960801949016,0.026244821472867705,0.03299216966314644,0.027718966864906235,-0.0007534762844443322,0.0007153255864977838,-0.00029566790908575063,-0.0,0.0,0.0,0.0,1.0,0.0,0.0,201.6911545989127,202.01116438181668,201.94408814419126,433.64079075764823,439.7722071179406,437.4651494655865,78805.29625144324,80239.51649187098,79682.97671494083,75445.5085022417,791.0076154770015,45.681166295558,910.8022762819407,0.003087760074870908,7.6368590179465885,46267.13416964393
2024-10-20 12:21:29.301968,1.0,1.0,1.0,1.0,1.0,1.0,1.0,793753.0,0.06187788552602544,0.04063698009803076,0.03953233095432663,0.026207830867489117,0.032874340109372714,0.02764888086939877,-0.0007502970596154532,0.0007057879120111467,-0.00027023411045471834,-0.0,0.0,0.0,0.0,1.0,0.0,0.0,201.41442349264705,201.603276028773,201.56596749172184,435.20450108108884,441.3022363056732,439.4839120325644,79033.37179686701,80475.88007949044,79978.45927002127,75688.95108527913,792.4095620314091,45.74848275650933,912.1245840432223,0.0031094704299888132,7.659685142754128,46144.17026735131
2024-10-20 12:21:29.305646,1.0,1.0,1.0,1.0,1.0,1.0,1.0,793754.0,0.06162480517906942,0.04063698009803076,0.039925697169818586,0.025872535641194412,0.033021561356871405,0.02718891858094095,-0.0007280424858133,0.0007057879120111467,-0.0002765925601124764,-0.0,0.0,0.0,0.0,1.0,0.0,0.0,201.8076974255172,200.97361657137515,201.41527991895256,437.2315813372662,441.7122745800853,439.06942248677774,79495.41647562177,80081.01949282382,79668.09314369339,75604.89586806577,791.5135180929469,45.74944834560076,912.1430745750826,0.0031103023531938033,7.682511730291426,47184.74380735031
2024-10-20 12:21:29.386690,1.0,1.0,1.0,1.0,1.0,1.0,1.0,793755.0,0.061115500535714865,0.04089256110871732,0.039201510653345636,0.026170787978491077,0.033168129149298335,0.02715321414192533,-0.0007280424858133,0.0007153255864977838,-0.0002670548856258393,-0.0,0.0,0.0,0.0,1.0,0.0,0.0,201.10593874256,201.8874819251992,201.68288032607092,434.03887509077805,440.55358125102305,439.0862472531969,78123.49170698963,79890.2226317464,79449.29792575979,75024.26393564903,783.0996747334829,45.88451608371225,914.8630379334535,0.0030808690840645643,7.705406385529317,44441.08610542171
2024-10-20 12:21:29.390688,1.0,1.0,1.0,1.0,1.0,1.0,1.0,793756.0,0.06124322376914681,0.04089256110871732,0.03906839817849147,0.026244821472867705,0.03308026640118225,0.02697398304697218,-0.000734400935471058,0.0007153255864977838,-0.0002765925601124764,-0.0,0.0,0.0,0.0,1.0,0.0,0.0,202.52772971157273,201.29746688451795,201.82627889778934,433.0258771035334,437.3497845264596,433.8035472668735,78134.29657103845,78458.54008567554,77876.25256092238,74053.54696753535,771.9411906434459,45.943163154044726,916.0792192120464,0.0030298783080232117,7.7283314759798305,45013.145586361694
2024-10-20 12:21:29.472484,1.0,1.0,1.0,1.0,1.0,1.0,1.0,793757.0,0.060127276182378155,0.04089256110871732,0.03825999906698716,0.02657542007977932,0.03331405211143558,0.027260187166059602,-0.0007121463616689048,0.0007026086871822677,-0.00026069643596808123,-0.0,0.0,0.0,0.0,1.0,0.0,0.0,201.69412062856418,202.66128623520981,202.73131732701134,426.181661194626,432.3821018260818,431.3084487751187,75783.70069314788,77492.35868860601,77285.58080280715,72790.49237386287,758.8866707204929,45.93328379004505,915.9444052741892,0.002962198978795444,7.751253192680941,45217.02313248186
2024-10-20 12:21:29.555508,1.0,1.0,1.0,1.0,1.0,1.0,1.0,793758.0,0.06073071916263212,0.04076497090344802,0.03859888964444313,0.02657542007977932,0.03284481667269478,0.02697398304697218,-0.0007153255864977838,0.0006898917878667515,-0.00026069643596808123,-0.0,0.0,0.0,0.0,1.0,0.0,0.0,203.48027665600517,202.4444592371695,202.76882111347675,422.73531883128646,426.66920245599886,423.5697444004234,75351.75381232615,75740.84787741327,75177.42278949749,71405.52930608107,745.4914220443404,45.86556845538771,914.6618687033039,0.0028883326792595388,7.774142813613173,45443.4769152515
2024-10-20 12:21:29.559506,1.0,1.0,1.0,1.0,1.0,1.0,1.0,793759.0,0.06025709413022506,0.040956207156739845,0.03819186010094626,0.026611899740163612,0.03299216966314644,0.02711746269239568,-0.0006962502375245095,0.0007121463616689048,-0.00024797953665256506,-0.0,0.0,0.0,0.0,1.0,0.0,0.0,202.8771832433589,203.5391566049674,203.6673680402688,415.193443887362,421.0156317353433,419.6902622221606,73166.7349581768,74666.76703804029,74412.07740075374,70109.98547243721,733.3981054255464,45.772889602541895,912.8753400499861,0.002820940542836487,7.796987726260236,45099.801784896714
2024-10-20 12:21:29.640545,1.0,1.0,1.0,1.0,1.0,1.0,1.0,793760.0,0.06064488064741554,0.04063698009803076,0.03859888964444313,0.02664832946254422,0.032785690042080325,0.027045818015839475,-0.0006803541133801144,0.0007057879120111467,-0.0002511587614814441,-0.0,0.0,0.0,0.0,1.0,0.0,0.0,204.08490171935378,203.67377427990965,203.7692062150196,411.625245089059,416.16085673322823,414.1740201660318,72734.04976076267,73590.42054641063,73118.43702623312,69209.82234121137,726.0872719058721,45.63782186443041,910.228213245169,0.0027698780749762174,7.8197663939579956,45336.96823690635
2024-10-20 12:21:29.644545,1.0,1.0,1.0,1.0,1.0,1.0,1.0,793761.0,0.060644880647415536,0.04120980838596827,0.03832801689680105,0.026244821472867705,0.03251828982682399,0.027260187166059602,-0.000648561865091324,0.0007280424858133,-0.00025433798631032317,-0.0,0.0,0.0,0.0,1.0,0.0,0.0,204.44657089584226,204.02118301377524,204.19577069944052,409.36687580206615,415.0779319780069,411.9653052708023,72417.68558039996,73409.8123343276,72709.69095576408,68917.49735317501,723.8959838613024,45.58158732658522,909.1273288275609,0.0027471813192899803,7.842517511773257,43912.22341635242
2024-10-20 12:21:29.725854,1.0,1.0,1.0,1.0,1.0,1.0,1.0,793762.0,0.06038663299874921,0.04057283328598263,0.038123599349151736,0.025722112647481858,0.032815266674204355,0.02697398304697218,-0.0006231280664602917,0.0007375801602999371,-0.0002511587614814441,-0.0,0.0,0.0,0.0,1.0,0.0,0.0,204.10992142699413,204.39684331728077,204.73790870271577,409.44390894187165,414.5297860626218,413.50069219199634,72334.18884568439,73557.72082016355,73417.7934116736,69167.18068101195,727.082281407586,45.54646623645211,908.4225254782926,0.002751914097721294,7.865250991724681,43773.46747762223
2024-10-20 12:21:29.729852,1.0,1.0,1.0,1.0,1.0,1.0,1.0,793763.0,0.060644880647415536,0.04025056580563931,0.03819186010094626,0.025759800744833576,0.032815266674204355,0.02646567940419046,-0.000642203415433566,0.0007407593851288161,-0.0002352626373370489,-0.0,0.0,0.0,0.0,1.0,0.0,0.0,205.064724286722,204.08722542759145,204.30293554598006,411.85573205525503,417.37408268015724,412.8066635688469,73581.55932472572,74220.2256248495,73262.03188207587,69735.14741298664,733.9867595267212,45.489470071932644,907.2665091540879,0.002773050862733241,7.887955542105126,44559.17127436727
2024-10-20 12:21:29.811255,1.0,1.0,1.0,1.0,1.0,1.0,1.0,793764.0,0.06047283808617587,0.040315225390783915,0.03764230828317236,0.026318646714264433,0.032815266674204355,0.02650231011985886,-0.0006803541133801144,0.000734400935471058,-0.0002257249628504118,-0.0,0.0,0.0,0.0,1.0,0.0,0.0,203.65467386798795,204.4704506779245,204.83947848839554,412.8135083009877,418.75110004297983,418.3394653601698,73417.16888350897,75029.12379980212,75018.85682780504,70512.93699497975,742.1676628837488,45.49147163128868,907.2733590471399,0.002809398648773994,7.9106602639057,44105.31063786227
2024-10-20 12:21:29.894871,1.0,1.0,1.0,1.0,1.0,1.0,1.0,793765.0,0.06077359295488543,0.04012093401707996,0.03893483061427055,0.025797433782787597,0.03254810944778678,0.026281760015388615,-0.0006644579892357192,0.0007216840361555419,-0.00022890418767929085,-0.0,0.0,0.0,0.0,1.0,0.0,0.0,204.5883165227591,203.50683560082126,203.84639989270627,418.0954462730863,423.8564386211106,419.6063240303531,75356.13085090938,76032.15225892115,75133.06279272387,71500.48589586056,752.5998695757376,45.49147163128868,907.227563317033,0.0028597330614285278,7.933363839657731,44744.93035945699
2024-10-20 12:21:29.898870,1.0,1.0,1.0,1.0,1.0,1.0,1.0,793766.0,0.060902033238250136,0.04050858489526056,0.03900167157440239,0.025947420126718565,0.03245856839932655,0.026355481787173698,-0.0006898917878667515,0.0007407593851288161,-0.00022890418767929085,-0.0,0.0,0.0,0.0,1.0,0.0,0.0,202.9504153947154,203.88000026984932,203.89294684095057,421.11626839711613,428.00101133630454,427.36740154432164,75573.04755995293,77492.40274597988,77237.56081088637,72720.16170095364,766.0948292625845,45.45530374171141,906.4496525806761,0.0029220157329126603,7.956047948016964,46208.52477459122
2024-10-20 12:21:29.980109,1.0,1.0,1.0,1.0,1.0,1.0,1.0,793767.0,0.062255577042481754,0.04082881584609787,0.040055960801949016,0.025494814117130813,0.03191604715477278,0.026022089115979988,-0.0006962502375245095,0.0007248632609844209,-0.0002511587614814441,-0.0,0.0,0.0,0.0,1.0,0.0,0.0,203.66774843925455,202.46777477589376,202.98419752254264,428.06112961527043,433.1207370604446,429.94166370966013,77798.39472236033,78350.59345767883,77743.4244390282,73878.53010746076,777.7009637697618,45.49313107079277,907.1455844393261,0.002986205733236272,7.978749472228968,45708.889326047065
2024-10-20 12:21:29.984109,1.0,1.0,1.0,1.0,1.0,1.0,1.0,793768.0,0.06196201593269157,0.04152463197171362,0.03906839817849146,0.025456733716313067,0.03185519667586617,0.02657542007977932,-0.0007057879120111467,0.000734400935471058,-0.0002511587614814441,-0.0,0.0,0.0,0.0,1.0,0.0,0.0,202.1704286034203,202.6739107490046,202.65314641790516,429.85810268356863,436.68295751756824,435.1587788255711,77860.42889697352,79572.9535541065,79104.62977111107,74735.07081614145,784.8416609599317,45.60426215080533,909.3138043791234,0.003038574144472025,8.001505256637245,44950.80120935343
2024-10-20 12:21:30.064492,1.0,1.0,1.0,1.0,1.0,1.0,1.0,793769.0,0.062339197734359704,0.041461858493688546,0.040055960801949016,0.025111411613631566,0.03167194378429309,0.026244821472867705,-0.0007026086871822677,0.0007248632609844209,-0.0002765925601124764,-0.0,0.0,0.0,0.0,1.0,0.0,0.0,202.34676432854357,201.66006249286445,202.10000325758244,434.0123357311994,439.1538860843428,436.8178549539373,79045.49944646574,79857.74135619181,79432.32272024287,75315.39887809748,790.9296279166853,45.606415112980294,909.3212037556646,0.0030775259324673653,8.0242612262166,47119.27577815647
2024-10-20 12:21:30.147989,1.0,1.0,1.0,1.0,1.0,1.0,1.0,793770.0,0.06162480517906942,0.04164989509779679,0.03959816335788845,0.025150014882560457,0.03194642892952922,0.02613369258354722,-0.0007248632609844209,0.000731221710642179,-0.0002765925601124764,-0.0,0.0,0.0,0.0,1.0,0.0,0.0,201.81216218035195,201.4622455669086,201.9069696113311,435.36436639476045,441.3582208224046,438.9284149527943,79177.24588417367,80266.08558354058,79814.35531716031,75610.21628904199,793.2082575310175,45.654438012436714,910.2582750289494,0.003099901502471522,8.047040646217324,46493.176974463895
2024-10-20 12:21:30.151986,1.0,1.0,1.0,1.0,1.0,1.0,1.0,793771.0,0.061962015932691586,0.04164989509779679,0.04025056580563931,0.024761274097977876,0.032007105962223864,0.026022089115979988,-0.0006962502375245095,0.0007216840361555419,-0.0002670548856258393,-0.0,0.0,0.0,0.0,1.0,0.0,0.0,201.28059985761556,201.63861219570705,201.89749836621422,435.816711384621,441.213521260101,440.1766166955123,78809.24460617652,80132.73538989853,80005.32761469534,75505.10461269869,790.1006144486696,45.77027455999164,912.5681267442458,0.003099571154929377,8.06987787078166,45188.7241817309
2024-10-20 12:21:30.233076,1.0,1.0,1.0,1.0,1.0,1.0,1.0,793772.0,0.06162480517906942,0.04114655461363214,0.04037978143756249,0.025034026493987453,0.03167194378429309,0.026096544458751023,-0.0006930710126956305,0.0006803541133801144,-0.0002734133352835974,-0.0,0.0,0.0,0.0,1.0,0.0,0.0,202.23115909592946,201.36068185491894,201.63981097083692,435.43967709649377,440.83582804840063,437.4929051241284,78841.5799641805,79572.66442448775,78884.06468609559,74966.18216057392,784.3640810243132,45.77470899608964,912.6811447052711,0.003072695903716232,8.09271792364613,46750.801033002615
2024-10-20 12:21:30.237072,1.0,1.0,1.0,1.0,1.0,1.0,1.0,793773.0,0.062046032264072626,0.04152463197171362,0.04089256110871732,0.024995244090384144,0.03182472780550264,0.026207830867489117,-0.0006898917878667515,0.0006771748885512353,-0.0002893094594279926,-0.0,0.0,0.0,0.0,1.0,0.0,0.0,201.50236150535312,202.23573401432094,202.512323086809,431.2053297319566,436.56022836846097,436.82911173683425,77025.70943786339,78583.54657397729,78705.84031752254,73997.8121458804,772.4648787907528,45.87707620457574,914.7691684912892,0.0030215042343404116,8.115610229779918,44309.93246903834
2024-10-20 12:21:30.318076,1.0,1.0,1.0,1.0,1.0,1.0,1.0,793774.0,0.06187788552602544,0.04189929789626443,0.04133602555253029,0.02507274890923307,0.03182472780550264,0.026170787978491077,-0.0006708164388934773,0.0006994294623533886,-0.0002861302345991135,-0.0,0.0,0.0,0.0,1.0,0.0,0.0,203.22782918205664,202.19944353201797,202.23842666094882,427.74597954264044,433.42730960415565,429.7588746248387,76621.95126411173,77422.10575769938,76483.06541811806,72772.6435535277,759.6252505971487,45.87707620457574,914.8294584181081,0.0029557961162487993,8.138504044682813,45251.37885281591
2024-10-20 12:21:30.402074,1.0,1.0,1.0,1.0,1.0,1.0,1.0,793775.0,0.062255577042481754,0.0420853800755884,0.04012093401707996,0.025494814117130813,0.03227874115189541,0.02646567940419046,-0.0006994294623533886,0.0007185048113266629,-0.0002893094594279926,-0.0,0.0,0.0,0.0,1.0,0.0,0.0,202.60453114971045,202.92943701789284,203.6208092446902,421.2998131001637,426.19633889735934,426.923346350822,74451.1522427767,75768.192657747,76057.72072535437,71401.10749993964,746.5920717453504,45.79490846121991,913.256888004608,0.0028838153722121015,8.16135850565407,45737.40603447002
2024-10-20 12:21:30.405075,1.0,1.0,1.0,1.0,1.0,1.0,1.0,793776.0,0.062380966045735495,0.041774782619765874,0.04089256110871732,0.024995244090384144,0.032097906445255474,0.025947420126718565,-0.0006644579892357192,0.000648561865091324,-0.00029248868425687163,-0.0,0.0,0.0,0.0,1.0,0.0,0.0,203.9943908099792,203.35453484194642,203.4984291558888,416.3352440631052,421.74491857312006,418.93549784774615,73714.87011361071,74649.48569124259,73933.6676884504,70119.70290296477,734.3259252100851,45.72108370720335,911.8482904126697,0.002814219964554105,8.184177716150774,44833.71152511081
2024-10-20 12:21:30.486469,1.0,1.0,1.0,1.0,1.0,1.0,1.0,793777.0,0.0621299349829497,0.041712385598201944,0.04037978143756249,0.02526547079878701,0.0321582976678794,0.02613369258354722,-0.0006835333382089934,0.0006676372140645982,-0.0002734133352835974,-0.0,0.0,0.0,0.0,1.0,0.0,0.0,203.8590685066459,203.8301230326843,204.36369199135595,410.9886974850652,416.42676407081245,415.86602274425985,72318.08514633012,73565.2070140723,73448.11344782615,69166.10649505084,726.0521061984998,45.61090724565799,909.697332943061,0.00276338722722799,8.206943098448441,44918.9128433891
2024-10-20 12:21:30.490470,1.0,1.0,1.0,1.0,1.0,1.0,1.0,793778.0,0.06154021377999141,0.041461858493688546,0.04076497090344803,0.025532837723818223,0.032398736885968185,0.026244821472867705,-0.0006898917878667515,0.0006676372140645982,-0.0002765925601124764,-0.0,0.0,0.0,0.0,1.0,0.0,0.0,204.09790784313793,204.33556920793487,204.7047197460611,409.20435954836455,414.7232673076357,413.4589000797689,72017.73590101121,73319.69705102121,73084.94369365655,68873.91769900211,724.6164823250646,45.5071962885369,907.6490573381539,0.0027411801166189265,8.229657222184048,44725.782193553394
2024-10-20 12:21:30.572655,1.0,1.0,1.0,1.0,1.0,1.0,1.0,793779.0,0.06191996501781567,0.041587310697157,0.04025056580563931,0.025947420126718565,0.032667115729434024,0.025759800744833576,-0.0007248632609844209,0.0006898917878667515,-0.00024797953665256506,-0.0,0.0,0.0,0.0,1.0,0.0,0.0,204.92441361356,204.51591645466704,204.2897767479383,409.07106744080556,415.50458458394326,412.5508022016472,72485.82869115827,73781.89615858033,72807.60577020825,69087.43831318751,726.9806122320545,45.49996885862198,907.5021089770429,0.0027442526424099065,8.252367668503554,43175.798277185466
2024-10-20 12:21:30.576598,1.0,1.0,1.0,1.0,1.0,1.0,1.0,793780.0,0.062422706409084934,0.041712385598201944,0.04050858489526056,0.026096544458751023,0.03260766687993288,0.025835012001953723,-0.0007216840361555419,0.0007057879120111467,-0.00024480031182368605,-0.0,0.0,0.0,0.0,1.0,0.0,0.0,204.08034113074046,204.47382913945629,205.20458810381217,410.32447761194,415.50499611832635,415.67586190580613,72625.9046306243,73970.61204227184,74174.99768476619,69637.81694569388,733.6102717256011,45.448985245708606,906.4651807804526,0.002766314935444009,8.275052165459513,44429.846442369366
2024-10-20 12:21:30.657710,1.0,1.0,1.0,1.0,1.0,1.0,1.0,793781.0,0.061370681188533435,0.042023444236177564,0.040185802182344105,0.026428997918226275,0.03248844283583844,0.025947420126718565,-0.0007534762844443322,0.0007121463616689048,-0.0002638756607969603,-0.0,0.0,0.0,0.0,1.0,0.0,0.0,204.97597189329093,204.26670763550786,203.96415911782165,413.31985128274255,420.2787880313198,416.33481571574634,74023.09708162391,75280.12580437404,74016.8339466181,70463.2872529031,742.9533228011775,45.41117392432014,905.6757776265964,0.0028051475436996743,8.297716907422318,44790.6283419942
2024-10-20 12:21:30.740011,1.0,1.0,1.0,1.0,1.0,1.0,1.0,793782.0,0.062046032264072626,0.042393702000235525,0.04037978143756249,0.02657542007977932,0.032696799620819436,0.025872535641194412,-0.0007852685327331227,0.0007471178347865742,-0.0002765925601124764,-0.0,0.0,0.0,0.0,1.0,0.0,0.0,203.4827840872962,203.93150920392563,204.89449943764356,416.41035761265186,422.47016902535245,423.2583087161178,74415.4565291729,75992.44035041958,76329.86411459955,71568.40119766798,753.8973980772955,45.456279071206,906.5263932871359,0.002858997909741453,8.320402936235155,44114.47840565605
2024-10-20 12:21:30.745011,1.0,1.0,1.0,1.0,1.0,1.0,1.0,793783.0,0.06154021377999141,0.04214722489965788,0.04044423444177086,0.026281760015388615,0.03245856839932655,0.025947420126718565,-0.0007439386099576951,0.000731221710642179,-0.0002734133352835974,-0.0,0.0,0.0,0.0,1.0,0.0,0.0,204.1815224897786,203.21617259707907,203.3588207124826,422.4849285612909,429.32018663673284,425.5458386089804,76483.12112606119,77545.89283938492,76506.67188315144,72794.67537024476,766.865488644994,45.456279071206,906.466590620639,0.0029247783340512344,8.343087468472685,45612.701603207766
2024-10-20 12:21:30.829286,1.0,1.0,1.0,1.0,1.0,1.0,1.0,793784.0,0.06217184388146426,0.042023444236177564,0.04082881584609787,0.025418596266109744,0.03224867245309928,0.025910004937642474,-0.0007089671368400258,0.0007248632609844209,-0.0002829510097702345,-0.0,0.0,0.0,0.0,1.0,0.0,0.0,202.38919036909755,203.0910422542026,203.69097044695928,426.65179577874994,432.77953694837345,432.9040149220933,76949.74474183813,78610.80188402972,78750.08404710045,74013.41024161676,779.1580156022352,45.49119035893123,907.1022713617446,0.0029912778665570627,8.365787908765087,45847.704514146855
2024-10-20 12:21:30.830286,1.0,1.0,1.0,1.0,1.0,1.0,1.0,793785.0,0.061285739028532536,0.042455097690623465,0.04152463197171362,0.025150014882560457,0.03167194378429309,0.025947420126718565,-0.0006930710126956305,0.0007026086871822677,-0.00027977178494135546,-0.0,0.0,0.0,0.0,1.0,0.0,0.0,202.8750147843552,202.2127238614837,202.43759496014698,431.18665543884066,437.09429930687526,434.46649605698946,78549.23604910543,79557.03273795945,78905.3842870969,74888.87464237312,787.836235111315,45.52469438090777,907.721735868541,0.0030446681601193903,8.388503851297418,46400.08438343538
2024-10-20 12:21:30.910775,1.0,1.0,1.0,1.0,1.0,1.0,1.0,793786.0,0.060515894580122104,0.042577623479846755,0.04120980838596827,0.025456733716313067,0.032097906445255474,0.026937993727346517,-0.0007057879120111467,0.0007566555092732113,-0.00031156403323014586,-0.0,0.0,0.0,0.0,1.0,0.0,0.0,201.7013738809057,201.87725517350106,202.19167244555658,433.3605034637894,438.82289792738607,438.3206253467909,78702.5228290356,80045.79590049703,79960.37616629734,75439.51552806268,791.9711852189374,45.62189072208984,909.6218669190444,0.0030861802066752975,8.4112673450407,45613.50505451059
2024-10-20 12:21:30.995404,1.0,1.0,1.0,1.0,1.0,1.0,1.0,793787.0,0.060170579951896654,0.04214722489965789,0.04127296521748623,0.025342149186916324,0.03242866644143693,0.02697398304697218,-0.0007121463616689048,0.0007439386099576951,-0.00030520558357238775,-0.0,0.0,0.0,0.0,1.0,0.0,0.0,201.52785930575737,201.41169283493798,201.70681204895664,435.50614613352735,440.97684087592944,439.9142132887162,79169.52250251234,80378.40971336637,80150.04923034164,75757.08013135004,795.4571691712011,45.61432964945633,909.447868048684,0.0031116591674787823,8.434026484422747,47398.73600275047
2024-10-20 12:21:30.999405,1.0,1.0,1.0,1.0,1.0,1.0,1.0,793788.0,0.06081643652238848,0.04189929789626443,0.04164989509779679,0.025380401509347835,0.03221857569203676,0.02668470945144587,-0.0007185048113266629,0.0007375801602999371,-0.00029566790908575063,-0.0,0.0,0.0,0.0,1.0,0.0,0.0,201.8707237035349,201.0387517956872,201.30975886781226,436.41411161442755,441.6690519036337,440.3894070406038,79334.60416169527,80290.07964501585,79880.02342659606,75689.63946108954,793.3509071858035,45.694805474119626,911.0505945325282,0.003113608779312887,8.456825732398938,45958.8639516089
2024-10-20 12:21:31.082235,1.0,1.0,1.0,1.0,1.0,1.0,1.0,793789.0,0.060127276182378155,0.042023444236177564,0.04214722489965788,0.025342149186916324,0.03194642892952922,0.027224576194402335,-0.0006962502375245095,0.000731221710642179,-0.00030520558357238775,-0.0,0.0,0.0,0.0,1.0,0.0,0.0,201.06106692650715,201.27928417192507,202.14249989119065,435.24880521331227,440.106539661029,440.6231709265358,78392.74670283092,79589.9977247078,79979.54158118347,75184.25353214369,786.7409856436009,45.76994933980185,912.5706536714449,0.0030897271740396915,8.479663020200201,45636.45607288165
2024-10-20 12:21:31.084235,1.0,1.0,1.0,1.0,1.0,1.0,1.0,793790.0,0.05951771528052355,0.0420853800755884,0.04220897910845451,0.024800422381866246,0.03173314566510837,0.02711746269239568,-0.0006739956637223563,0.0007407593851288161,-0.0002861302345991135,-0.0,0.0,0.0,0.0,1.0,0.0,0.0,202.3803096696097,201.55180525509266,201.49812614476824,432.83342754908693,438.44633077980524,436.2968753789906,77941.714168815,78953.94763596634,78215.83661869382,74258.09100170585,776.0790533919663,45.824935538722734,913.7117304610624,0.0030408993276566775,8.502528863707198,45306.41178781067
2024-10-20 12:21:31.165909,1.0,1.0,1.0,1.0,1.0,1.0,1.0,793791.0,0.060515894580122104,0.04127296521748624,0.04251640472283598,0.024722063821441115,0.031763702384431956,0.02718891858094095,-0.0006676372140645982,0.0007185048113266629,-0.0002893094594279926,-0.0,0.0,0.0,0.0,1.0,0.0,0.0,201.73823380774607,201.99942028842517,203.0691455033816,428.27971535525165,432.27768010201027,433.7296102094471,76161.99175184683,77217.5233787355,77926.56857297549,73026.4955845719,762.361310056481,45.872772369826,914.7259386577745,0.002975085870917279,8.525420088004587,44578.09075357807
2024-10-20 12:21:31.168909,1.0,1.0,1.0,1.0,1.0,1.0,1.0,793792.0,0.05982327211598111,0.04189929789626443,0.0420853800755884,0.024800422381866246,0.03203740138402003,0.027260187166059602,-0.000642203415433566,0.0007502970596154532,-0.0002638756607969603,-0.0,0.0,0.0,0.0,1.0,0.0,0.0,203.27007511402937,202.77011350030878,202.4009825025153,422.9036082593231,428.14030539394724,426.35082668192155,75118.66357958487,76257.90587785964,75493.09224546976,71593.58006688312,747.9776751374695,45.833984706477565,914.0223731299734,0.0028988544380282857,8.548293705414903,45110.20191065943
2024-10-20 12:21:31.251812,1.0,1.0,1.0,1.0,1.0,1.0,1.0,793793.0,0.05960517706948519,0.041649895097796784,0.0419614169784043,0.024917498197257262,0.03224867245309928,0.027224576194402335,-0.0006580995395779611,0.0007439386099576951,-0.0002861302345991135,-0.0,0.0,0.0,0.0,1.0,0.0,0.0,203.08654509040323,203.07969875177588,203.96257905717647,417.558737784919,421.0049693459831,422.0040909943746,73541.84280900803,74412.45241334685,74913.66042241271,70303.30203986503,736.348802913301,45.7155320755399,911.7242799383873,0.0028287558461934496,8.571109812521332,45693.367370916145
2024-10-20 12:21:31.333444,1.0,1.0,1.0,1.0,1.0,1.0,1.0,793794.0,0.05951771528052355,0.041461858493688546,0.042023444236177564,0.025111411613631566,0.03242866644143693,0.02711746269239568,-0.0006867125630378724,0.0007089671368400259,-0.0002829510097702345,-0.0,0.0,0.0,0.0,1.0,0.0,0.0,204.0232891404163,203.74456042464212,203.82500995072783,412.17769918335586,417.2357960420608,416.2744002522379,72557.42950935474,73699.75146263138,73319.48159011596,69243.74465215694,725.0221066976468,45.72732290907223,912.0122659249837,0.002770982527776849,8.593933126542462,42859.21369091724
2024-10-20 12:21:31.338439,1.0,1.0,1.0,1.0,1.0,1.0,1.0,793795.0,0.05999717734364805,0.04114655461363214,0.041712385598201944,0.02526547079878701,0.032756086704177324,0.026901956261409284,-0.0007089671368400258,0.0007185048113266629,-0.0002861302345991135,-0.0,0.0,0.0,0.0,1.0,0.0,0.0,204.4699044739967,204.1605148663473,204.2567001543621,410.34541200336974,415.3758088250826,413.6840088370066,72317.79239006112,73369.18787376606,72902.71763733141,68925.52364901392,722.9121200698185,45.64887175815921,910.4706497004175,0.0027457255417474157,8.616717861267558,44229.35065147361
2024-10-20 12:21:31.419275,1.0,1.0,1.0,1.0,1.0,1.0,1.0,793796.0,0.06017057995189665,0.04057283328598263,0.041712385598201944,0.025188558989287076,0.032874340109372714,0.026428997918226275,-0.0007089671368400258,0.0007026086871822677,-0.00025751721113920217,-0.0,0.0,0.0,0.0,1.0,0.0,0.0,204.41840176555507,204.2612605759644,205.20025865329703,410.39919228431256,414.22366883165023,414.58518144116715,72386.87334520885,73228.1064127235,73590.95366919618,69124.24570310395,726.512940914444,45.55352756212923,908.570083607906,0.0027445378749958492,8.639455033894679,44728.99395942441
2024-10-20 12:21:31.423278,1.0,1.0,1.0,1.0,1.0,1.0,1.0,793797.0,0.06103020321496356,0.04031522539078391,0.042023444236177564,0.025034026493987453,0.032398736885968185,0.026207830867489117,-0.0006835333382089934,0.0006835333382089934,-0.0002734133352835974,-0.0,0.0,0.0,0.0,1.0,0.0,0.0,205.03730844252289,204.87606088595987,204.27499188208876,411.300111687622,417.63952949326193,414.00812088327035,73074.88955256704,74430.49447825947,73270.25589251985,69632.67936495364,731.6909886367253,45.56465551252708,908.7758597913509,0.0027622840893626543,8.66219735611751,43476.73082817409
2024-10-20 12:21:31.504472,1.0,1.0,1.0,1.0,1.0,1.0,1.0,793798.0,0.06081643652238849,0.04037978143756249,0.04214722489965788,0.024878534141836748,0.032696799620819436,0.026355481787173698,-0.0006612787644068402,0.0006930710126956306,-0.00029248868425687163,-0.0,0.0,0.0,0.0,1.0,0.0,0.0,204.2242367740269,204.2284840672325,205.4125338196408,414.48607561249406,417.5770389176632,418.37354562101706,73738.86083409707,74440.3477670508,75103.26031099189,70445.44745370034,740.4997619130656,45.54979186922944,908.4465727533644,0.002798327419961718,8.684931437857452,44286.548992486896
2024-10-20 12:21:31.586502,1.0,1.0,1.0,1.0,1.0,1.0,1.0,793799.0,0.06081643652238848,0.040185802182344105,0.041774782619765874,0.024722063821441115,0.03245856839932655,0.025759800744833576,-0.000645382640262445,0.0006612787644068402,-0.00030202635874350875,-0.0,0.0,0.0,0.0,1.0,0.0,0.0,204.71906084670744,204.49164727971163,203.73431934274592,417.3591887959578,424.3859415168867,419.9973361869801,74992.96877099322,76454.29028562707,75045.81176133348,71484.52167386032,752.9956280914515,45.45694553363767,906.5482896195125,0.002849532698280315,8.707618014630977,46332.2540187012
2024-10-20 12:21:31.591499,1.0,1.0,1.0,1.0,1.0,1.0,1.0,793800.0,0.06162480517906942,0.03959816335788845,0.04196141697840431,0.024956401418756297,0.032398736885968185,0.026022089115979988,-0.0006739956637223563,0.0006072319423158965,-0.0003433562815189362,-0.0,0.0,0.0,0.0,1.0,0.0,0.0,203.4006745162046,203.5994565259796,204.6025045713971,422.316896944356,426.6588401027123,426.93232369750893,75893.67111313855,76914.70496126372,77370.63619938445,72675.36396354364,764.2614642338377,45.53579869877456,908.0643698865006,0.002911559876803044,8.730342531657401,44214.87184718485
2024-10-20 12:21:31.671759,1.0,1.0,1.0,1.0,1.0,1.0,1.0,793801.0,0.061115500535714865,0.03946638873835309,0.0420853800755884,0.025034026493987453,0.03221857569203676,0.026022089115979988,-0.0006867125630378724,0.0005945150430003804,-0.00034653550634781527,-0.0,0.0,0.0,0.0,1.0,0.0,0.0,203.87820721760355,203.28988179533488,202.83635546556368,427.7216913847284,434.42425058561844,429.7852432548631,77719.62450366533,78909.76891987928,77569.3812212225,73972.50120726344,778.1376813518154,45.525204225419934,907.7896754379844,0.002981215698642058,8.753060174392882,46545.16486879628
2024-10-20 12:21:31.675699,1.0,1.0,1.0,1.0,1.0,1.0,1.0,793802.0,0.06137068118853344,0.03853134997827472,0.04288240635003635,0.024643456106314375,0.03188563643118791,0.026059343378600053,-0.0006835333382089934,0.0005404682209094367,-0.0003751485298077266,-0.0,0.0,0.0,0.0,1.0,0.0,0.0,202.28565993162698,202.50833239541302,203.28144425726623,431.59641483474394,436.7396047294117,435.64606632531144,78305.9155828966,79424.45051781452,79522.10658525066,74961.91978299832,788.1598765003966,45.55027003895234,908.2340093304393,0.003042124060117935,8.775788936684904,46570.12312758066
2024-10-20 12:21:31.758271,1.0,1.0,1.0,1.0,1.0,1.0,1.0,793803.0,0.06120067897500958,0.03880080326089555,0.04324531047620408,0.024800422381866246,0.03227874115189541,0.026207830867489117,-0.0006898917878667515,0.0005627227947115899,-0.00036243163049221044,-0.0,0.0,0.0,0.0,1.0,0.0,0.0,202.43244098080422,201.97122823344773,201.99250290025716,434.3087330326368,440.1237047181991,437.01101783353363,79259.00694811733,80309.14993180532,79548.08943009694,75568.18072991003,793.081999094341,45.63563923823245,909.8970485292443,0.0030850189483548384,8.79855931691046,45880.73869851339
2024-10-20 12:21:31.762271,1.0,1.0,1.0,1.0,1.0,1.0,1.0,793804.0,0.061072866766636695,0.03853134997827472,0.04214722489965788,0.024995244090384144,0.03248844283583844,0.02650231011985886,-0.0006994294623533886,0.0005817981436848642,-0.00035925240566333144,-0.0,0.0,0.0,0.0,1.0,0.0,0.0,201.66075657942523,201.50581861383716,201.86432172553504,436.4821458837663,441.9034304309248,439.51249623203046,79558.27017509185,80591.32180019967,80209.6381918419,75969.59415678486,797.2326786465399,45.6406368960778,909.9679497782934,0.003116507937586637,8.82133147145587,47513.31987320308
2024-10-20 12:21:31.843721,1.0,1.0,1.0,1.0,1.0,1.0,1.0,793805.0,0.06064488064741554,0.037780445658522906,0.041774782619765874,0.024761274097977876,0.03242866644143693,0.02672103991000101,-0.0006644579892357192,0.000565902019540469,-0.0003656108553210895,-0.0,0.0,0.0,0.0,1.0,0.0,0.0,201.1625386472063,201.1678826770778,201.87538144409106,437.49505850181976,442.4627225273777,441.7239347683599,79436.45087353548,80511.57405594227,80595.38327615074,76024.62291168635,798.0556171164905,45.627121149602935,909.6880673663183,0.0031279155399499556,8.844096621880375,47792.670557996054
2024-10-20 12:21:31.926960,1.0,1.0,1.0,1.0,1.0,1.0,1.0,793806.0,0.060429750914274306,0.03846369171715948,0.041587310697157,0.024643456106314375,0.03188563643118791,0.02664832946254422,-0.000648561865091324,0.0005627227947115899,-0.0003433562815189362,-0.0,0.0,0.0,0.0,1.0,0.0,0.0,201.68133241193786,201.394125812977,200.9892927856768,437.0639935575776,443.50588830978364,439.7684628198546,79302.48715647332,80571.04973283067,79494.68256682143,75640.00307610493,791.3138823777437,45.7823811577765,912.7968549376377,0.0031133900703721657,8.866939570419682,44603.82284000037
2024-10-20 12:21:31.929960,1.0,1.0,1.0,1.0,1.0,1.0,1.0,793807.0,0.05973612964857622,0.03853134997827471,0.04095620715673985,0.02522704420499114,0.03212811624624381,0.02715321414192533,-0.0006803541133801144,0.000569081244369348,-0.0003401770566900572,-0.0,0.0,0.0,0.0,1.0,0.0,0.0,201.25521718724178,201.13469602253014,202.35924794739148,434.8642448238952,439.1955229747898,439.4676057204586,78198.29087331724,79076.8773242785,79584.46799380424,74824.37818239609,782.5693115267576,45.79286703991593,913.0439547857371,0.0030718605259299593,8.88978870268879,46644.20552353005
2024-10-20 12:21:32.012029,1.0,1.0,1.0,1.0,1.0,1.0,1.0,793808.0,0.060257094130225064,0.03819186010094626,0.04114655461363215,0.025034026493987453,0.03157991857152382,0.026901956261409284,-0.0006898917878667515,0.0005436474457383157,-0.0003401770566900572,-0.0,0.0,0.0,0.0,1.0,0.0,0.0,202.40009659529235,202.13704915600826,201.4412966508717,430.56908201081944,437.2429020459008,433.3753126928811,77225.35311479567,78613.94555429633,77367.10033429944,73641.6896817109,768.9787531265811,45.862708656725935,914.4938439063284,0.003009339514648785,8.912674118762329,44621.68829813729
2024-10-20 12:21:32.016029,1.0,1.0,1.0,1.0,1.0,1.0,1.0,793809.0,0.060127276182378155,0.037711440220720746,0.04057283328598263,0.02507274890923307,0.03179422973639322,0.027045818015839475,-0.0007026086871822677,0.0005595435698827109,-0.0003338186070322991,-0.0,0.0,0.0,0.0,1.0,0.0,0.0,202.24979606720834,201.857943112672,203.3461353011729,426.035171199547,429.33903731709006,430.12205696099693,75719.72450565059,76276.2339652055,77000.9538889457,72281.98944282574,754.7260548463024,45.862708656725935,914.5598598965557,0.0029373681983431606,8.935561186901012,44947.43416967094
2024-10-20 12:21:32.096759,1.0,1.0,1.0,1.0,1.0,1.0,1.0,793810.0,0.059386281078264554,0.038733615672373205,0.03959816335788845,0.025303839037745666,0.0321582976678794,0.02736674204979371,-0.0007185048113266629,0.0006199488416314126,-0.0003083848084012668,-0.0,0.0,0.0,0.0,1.0,0.0,0.0,203.20227950417936,203.1727152302597,202.65645880980676,419.9775685952454,425.59478312666414,422.6771051397534,74367.00614450153,75632.05645961952,74724.25053793873,70903.8696505181,741.5545661511092,45.7840209452758,913.0576646134912,0.0028642681855747315,8.958410662261672,45367.42677799156
2024-10-20 12:21:32.180162,1.0,1.0,1.0,1.0,1.0,1.0,1.0,793811.0,0.05973612964857621,0.03893483061427055,0.03933417265909616,0.025722112647481858,0.03233879467572394,0.027437548745241652,-0.0007089671368400258,0.0006231280664602917,-0.0002988471339146297,-0.0,0.0,0.0,0.0,1.0,0.0,0.0,203.45194964318023,203.16647315870745,204.10073662202342,414.6172128276825,418.6586966855798,418.4782613390435,73104.41359102634,73878.46597603273,74142.31021720424,69745.99658442262,731.4098341797632,45.65807076183425,910.60466500808,0.002799888591375086,8.98119875075027,45506.95659090969
2024-10-20 12:21:32.183951,1.0,1.0,1.0,1.0,1.0,1.0,1.0,793812.0,0.059342404987252025,0.038733615672373205,0.038666311337125336,0.026428997918226275,0.03227874115189541,0.02764888086939877,-0.0007471178347865742,0.0006326657409469288,-0.0002638756607969603,-0.0,0.0,0.0,0.0,1.0,0.0,0.0,204.06676949742376,203.9357421500152,204.08091271323673,411.9619785242029,416.3067925299613,414.8715157036384,72574.58397916434,73518.69261158362,73232.13455729246,69164.31202593181,725.9602784720851,45.61547634204215,909.7887973412485,0.002763020033697779,9.003966421965268,43809.44782109062
2024-10-20 12:21:32.265630,1.0,1.0,1.0,1.0,1.0,1.0,1.0,793813.0,0.05916657525265935,0.038733615672373205,0.037711440220720746,0.026170787978491077,0.03185519667586617,0.027578616763765378,-0.0007280424858133,0.0006135903919736546,-0.00024480031182368605,-0.0,0.0,0.0,0.0,1.0,0.0,0.0,204.48396704557314,204.40632853476916,204.13612108559332,410.76639118313267,416.8319189622301,414.3574182926208,72527.35007497758,73870.30974096178,73080.20711213029,69212.26072712106,727.974316418313,45.52049643614563,907.9007186530959,0.002756132145149872,9.02668684358242,44801.81539728439
2024-10-20 12:21:32.269630,1.0,1.0,1.0,1.0,1.0,1.0,1.0,793814.0,0.05890184651872091,0.03933417265909616,0.037918079796158174,0.026207830867489117,0.031549183850304155,0.02764888086939877,-0.0007185048113266629,0.0006326657409469288,-0.00024480031182368605,-0.0,0.0,0.0,0.0,1.0,0.0,0.0,204.52736914235493,203.98042722672105,205.0472461714672,412.7982131829092,415.73021068891273,415.51313044386166,73115.58315093191,73564.66573281933,73927.59932473146,69578.00127310788,732.4578690972619,45.48137947769074,907.1115186502707,0.002766045063318995,9.049387515290318,44160.57573410239
2024-10-20 12:21:32.350500,1.0,1.0,1.0,1.0,1.0,1.0,1.0,793815.0,0.05973612964857622,0.040055960801949016,0.03825999906698716,0.026244821472867705,0.03139505892336215,0.02789341142414604,-0.000731221710642179,0.000648561865091324,-0.00024480031182368605,-0.0,0.0,0.0,0.0,1.0,0.0,0.0,204.7147953921995,204.7522166392341,204.0228212255284,413.2079232607533,420.17988881569784,416.5256090894611,73575.93742992825,75141.14118948382,73908.53981254522,70231.42960940863,739.1253339905691,45.49562098886641,907.3708072539567,0.002793249622852051,9.072094675754393,43705.21819350181
2024-10-20 12:21:32.433080,1.0,1.0,1.0,1.0,1.0,1.0,1.0,793816.0,0.059910287830504866,0.040120934017079966,0.037918079796158174,0.02613369258354722,0.0316106234096681,0.027858609899147853,-0.0007153255864977838,0.0006676372140645982,-0.00025433798631032317,-0.0,0.0,0.0,0.0,1.0,0.0,0.0,204.1748177507474,203.59298269200653,205.09017489162827,418.0361381196473,420.445364990409,421.17719157223,74686.32385970172,74992.80270702406,75745.32860938706,71136.54895799828,749.3049553990728,45.45787098658098,906.5788223808713,0.0028362495809684894,9.094782016617204,45191.266126821276
2024-10-20 12:21:32.437023,1.0,1.0,1.0,1.0,1.0,1.0,1.0,793817.0,0.05947393615339293,0.04076497090344803,0.03859888964444313,0.025494814117130813,0.03173314566510837,0.027718966864906235,-0.0006390241906046868,0.0006867125630378724,-0.0002638756607969603,-0.0,0.0,0.0,0.0,1.0,0.0,0.0,204.19855225219283,204.10152281444732,203.39736629348482,421.134092310889,427.5805622754328,424.21662126608845,75747.63810194426,77174.4475156275,76024.1054466749,72274.43888324028,761.4853730045594,45.44889469243306,906.3470907188574,0.002894243245745554,9.11746355834256,45281.42481582824
2024-10-20 12:21:32.518955,1.0,1.0,1.0,1.0,1.0,1.0,1.0,793818.0,0.05881333881054312,0.04127296521748624,0.037780445658522906,0.025910004937642474,0.03191604715477278,0.027858609899147853,-0.0006358449657758078,0.0007057879120111467,-0.0002511587614814441,-0.0,0.0,0.0,0.0,1.0,0.0,0.0,203.05319276173495,202.9671624306071,204.2183650240705,426.8664873862239,430.11209635657514,431.0180558065992,76872.80640600124,77566.59484957482,78246.84798517458,73480.89474088144,774.2466144695795,45.44889469243306,906.2885702513614,0.002958623763569009,9.14014363557993,46063.79336345374
2024-10-20 12:21:32.522955,1.0,1.0,1.0,1.0,1.0,1.0,1.0,793819.0,0.0598232721159811,0.04108320345271294,0.03846369171715948,0.026059343378600053,0.03227874115189541,0.028066771771894115,-0.0006612787644068402,0.0007057879120111467,-0.0002511587614814441,-0.0,0.0,0.0,0.0,1.0,0.0,0.0,203.2431385093967,202.99580089745075,202.45230569499256,430.7135141541237,436.5437502757165,433.63544264548875,78141.73730495272,79393.27760299601,78420.3278172247,74537.21208083874,783.5086588606384,45.559979818648394,908.4493665358056,0.003018251816736631,9.162877787234914,44866.62274201406
2024-10-20 12:21:32.603549,1.0,1.0,1.0,1.0,1.0,1.0,1.0,793820.0,0.06017057995189665,0.039729500910396995,0.03893483061427055,0.025984781442148438,0.03170255949350469,0.027578616763765378,-0.0006549203147490821,0.000645382640262445,-0.0002511587614814441,-0.0,0.0,0.0,0.0,1.0,0.0,0.0,202.21267544548147,202.0428679679423,202.79381723644147,434.05560715809264,438.04879214128056,438.21091875560603,78757.20972666913,79638.05813111755,79908.41805236108,75298.34279535073,792.6225887189502,45.498221380202686,907.1734997013131,0.003067073632855252,9.185580010032686,48256.41939626185
2024-10-20 12:21:32.612553,1.0,1.0,1.0,1.0,1.0,1.0,1.0,793821.0,0.05991028783050486,0.039729500910396995,0.03839591423416135,0.025608715566353565,0.03182472780550264,0.02736674204979371,-0.0006549203147490821,0.0006549203147490821,-0.0002511587614814441,-0.0,0.0,0.0,0.0,1.0,0.0,0.0,202.02874196168125,201.70184870937373,201.84651089922556,436.26252830010327,440.93629776772417,439.7327496402285,79321.30633702158,80312.23250517578,80002.2314569892,75729.49307236972,795.9004406095698,45.571826533892235,908.6103647144658,0.0031007819724727273,9.208318190703643,46227.947843198315
2024-10-20 12:21:32.688566,1.0,1.0,1.0,1.0,1.0,1.0,1.0,793822.0,0.06017057995189665,0.04044423444177086,0.0373645014732293,0.025380401509347835,0.03173314566510837,0.027508173183166423,-0.0006263072912891707,0.0006676372140645982,-0.00025433798631032317,-0.0,0.0,0.0,0.0,1.0,0.0,0.0,201.76448599875405,201.35981210169464,201.5720450383538,437.1508684393312,442.39524677710466,441.3040660007046,79425.11775893845,80527.29649447357,80179.33046308265,75887.76822153978,797.0842702814782,45.5999884310175,909.1570778385809,0.003116986297123079,9.23107005299466,47043.03077495086
2024-10-20 12:21:32.772271,1.0,1.0,1.0,1.0,1.0,1.0,1.0,793823.0,0.060300304672981635,0.04063698009803076,0.037503662109375,0.025342149186916324,0.03142594437984583,0.02768394604629166,-0.0006358449657758078,0.0006676372140645982,-0.00026069643596808123,-0.0,0.0,0.0,0.0,1.0,0.0,0.0,201.4084120298543,201.0456713944233,202.2063146451418,437.91665357558327,441.0035522522295,441.7131554168049,79211.5571866634,79783.32865493518,80386.92136414691,75640.17510560638,793.2769773519985,45.6689026727691,910.5400591288283,0.0031071409213494256,9.253856524706462,46131.08689521557
2024-10-20 12:21:32.776269,1.0,1.0,1.0,1.0,1.0,1.0,1.0,793824.0,0.0604297509142743,0.04063698009803076,0.037780445658522906,0.025150014882560457,0.031549183850304155,0.027718966864906235,-0.0006263072912891707,0.0006644579892357192,-0.0002638756607969603,-0.0,0.0,0.0,0.0,1.0,0.0,0.0,201.9134699614932,201.910085415671,201.40242705852557,435.01574228635985,441.45745494473215,439.1793534858257,78412.75636813717,79915.61914441602,79024.21979302025,74978.83967221533,783.7818320728635,45.81648383496288,913.5133635007563,0.00307347155736133,9.27671740403524,44260.07584130582
2024-10-20 12:21:32.858007,1.0,1.0,1.0,1.0,1.0,1.0,1.0,793825.0,0.060558920461547684,0.040315225390783915,0.03764230828317236,0.025380401509347835,0.03185519667586617,0.027508173183166423,-0.0006231280664602917,0.0006644579892357192,-0.00025751721113920217,-0.0,0.0,0.0,0.0,1.0,0.0,0.0,201.95094308362064,201.44500671901034,202.87267383345338,432.7741249067432,435.5330243312508,436.5123373636331,77493.44700765666,77921.43919916186,78675.6971706892,73922.68414898454,772.8901511421184,45.80513197474297,913.337599518855,0.003018264391781523,9.299573884830465,46052.077272643335
2024-10-20 12:21:32.862006,1.0,1.0,1.0,1.0,1.0,1.0,1.0,793826.0,0.06179364057814277,0.039400336158606504,0.03866631133712533,0.025380401509347835,0.031549183850304155,0.02736674204979371,-0.0006358449657758078,0.0006263072912891707,-0.0002893094594279926,-0.0,0.0,0.0,0.0,1.0,0.0,0.0,202.60025384809663,202.94927563993735,202.1517529730556,425.94956308247515,433.42192304746635,430.34323197416353,75870.74147942718,77694.98491496775,76509.84584849954,72626.2008126222,759.4752078077638,45.79350575133672,913.1688886075542,0.0029493553451095593,9.32242614359683,45225.66459495411
2024-10-20 12:21:32.942241,1.0,1.0,1.0,1.0,1.0,1.0,1.0,793827.0,0.062129934982949706,0.03893483061427055,0.03846369171715948,0.025608715566353565,0.03120910432259612,0.02733126991297999,-0.0006962502375245095,0.0005881565933426223,-0.00027023411045471834,-0.0,0.0,0.0,0.0,1.0,0.0,0.0,203.14811407011757,202.51205221964696,203.73031932429936,421.805749731,425.3231886706876,425.3131363079754,74834.93178610838,75355.4789426275,75740.21321246098,71290.31684284622,745.4512405019536,45.79350575133672,913.2352892044032,0.002876855330359088,9.345280064053208,44364.3390499182
2024-10-20 12:21:33.026065,1.0,1.0,1.0,1.0,1.0,1.0,1.0,793828.0,0.06141310821136006,0.039729500910396995,0.037780445658522906,0.025608715566353565,0.03148762440853117,0.02775394349316061,-0.0006930710126956305,0.0006294865161180497,-0.0002511587614814441,-0.0,0.0,0.0,0.0,1.0,0.0,0.0,203.5698565637647,203.74391558486116,203.47690174965885,415.319307337262,422.2391905276823,419.4423910162594,73392.41289993872,74952.90242420317,74082.98948094808,70163.26981452493,735.999384665953,45.645574202744605,910.3402622713024,0.002816507217292337,9.368061535803287,46152.175774259
2024-10-20 12:21:33.030063,1.0,1.0,1.0,1.0,1.0,1.0,1.0,793829.0,0.06137068118853344,0.04057283328598263,0.037711440220720746,0.025494814117130813,0.031084516582433108,0.02799755644637631,-0.0006771748885512353,0.0006390241906046868,-0.00027977178494135546,-0.0,0.0,0.0,0.0,1.0,0.0,0.0,204.01853687469693,203.7513630448537,204.25567570345672,412.16823404343273,417.4788584471945,416.011583324575,72810.44889529973,73849.83895759149,73584.44815121357,69462.63793735536,729.7666116464545,45.57386216247351,908.947217767915,0.002775741797497295,9.390808146298387,44512.53692061349
2024-10-20 12:21:33.112659,1.0,1.0,1.0,1.0,1.0,1.0,1.0,793830.0,0.06170928061993169,0.04139898983206046,0.03832801689680105,0.025342149186916324,0.031146872746571578,0.028135816825234642,-0.0006549203147490821,0.0006644579892357192,-0.0002893094594279926,-0.0,0.0,0.0,0.0,1.0,0.0,0.0,204.32281335582155,203.95476504906037,204.82327745914142,411.223594207583,416.62716116515384,414.5742423399282,72832.55209092985,73732.86433982861,73540.06830461329,69418.5965465903,729.4560602397327,45.56380790993155,908.7576388845828,0.0027637278682092342,9.413550012538888,43339.40786509956
2024-10-20 12:21:33.114660,1.0,1.0,1.0,1.0,1.0,1.0,1.0,793831.0,0.061667057364478396,0.041712385598201944,0.038666311337125336,0.025494814117130813,0.030833830904597324,0.02820469285687616,-0.0006549203147490821,0.0006771748885512353,-0.0002861302345991135,-0.0,0.0,0.0,0.0,1.0,0.0,0.0,204.3796747904451,204.83039156930306,204.38218074115215,411.2872824734962,418.4921567581943,415.467873267708,72983.65272724416,74719.87110664441,73740.23708714654,69851.62395196255,735.4554354976425,45.47462466974839,906.9670871977704,0.0027767202209338358,9.436247069816895,45171.05499839369
2024-10-20 12:21:33.196901,1.0,1.0,1.0,1.0,1.0,1.0,1.0,793832.0,0.061793640578142774,0.041712385598201944,0.04012093401707996,0.025418596266109744,0.03064447088906264,0.027788876097916127,-0.0006644579892357192,0.0006676372140645982,-0.0003083848084012668,-0.0,0.0,0.0,0.0,1.0,0.0,0.0,204.4739195504672,203.86982027865875,205.10345988085678,415.1276868100459,419.04757677387045,417.44480426895103,74147.87497598787,74609.89615451943,74761.49001188969,70523.29037391546,741.7652428682528,45.522654330152044,907.8988567363174,0.0028054491816305216,9.458967444839157,43316.142882592816
2024-10-20 12:21:33.200901,1.0,1.0,1.0,1.0,1.0,1.0,1.0,793833.0,0.06187788552602544,0.04164989509779679,0.039729500910396995,0.025797433782787597,0.031178004061435775,0.02718891858094095,-0.0006930710126956305,0.0006994294623533886,-0.00030202635874350875,-0.0,0.0,0.0,0.0,1.0,0.0,0.0,204.16909378162862,204.70123006295333,203.84264896660608,416.3738579759415,424.809621174336,420.4442680810525,74608.86915293174,76614.9349993616,75155.9382037297,71448.68356349104,752.036384537699,45.49214359274599,907.249548054404,0.002850298530370055,9.481671570764233,45247.523869173376
2024-10-20 12:21:33.282275,1.0,1.0,1.0,1.0,1.0,1.0,1.0,793834.0,0.061582524004157646,0.04139898983206046,0.039925697169818586,0.026281760015388615,0.03095942747707764,0.027045818015839475,-0.0007280424858133,0.0006962502375245095,-0.00030202635874350875,-0.0,0.0,0.0,0.0,1.0,0.0,0.0,203.788673688868,203.1842098922955,204.57289749402392,422.74206416320163,426.8871537205722,425.3697782624769,76202.81345274892,76706.72180839466,76942.18824470126,72569.75229203123,763.8802803940512,45.49214359274599,907.1972474749424,0.0029077816201205707,9.504374387855432,45436.825862080485
2024-10-20 12:21:33.365185,1.0,1.0,1.0,1.0,1.0,1.0,1.0,793835.0,0.06107286676663669,0.0419614169784043,0.040055960801949016,0.026059343378600053,0.031178004061435775,0.02672103991000101,-0.0007248632609844209,0.000734400935471058,-0.00029566790908575063,-0.0,0.0,0.0,0.0,1.0,0.0,0.0,203.49693789348288,203.6322246389872,202.97164019023862,426.2746480822461,434.3029650830345,429.6241268489265,77193.98156741158,78918.62612274739,77495.61324059774,73781.0744511183,776.2363890704976,45.51820820655488,907.6582497958749,0.0029723427633000896,9.52708874163438,45818.47970447658
2024-10-20 12:21:33.368184,1.0,1.0,1.0,1.0,1.0,1.0,1.0,793836.0,0.05951771528052355,0.04330549882888886,0.039532330954326636,0.026207830867489117,0.03151841915858901,0.027437548745241652,-0.0007216840361555419,0.0008011646568775178,-0.0002670548856258393,-0.0,0.0,0.0,0.0,1.0,0.0,0.0,202.55928011544117,202.26763308439695,203.4683163379627,431.34574601446656,436.1650487388055,434.6585022379286,78280.10682905032,79060.7659127661,79225.15444912844,74738.30055200709,786.2781394203008,45.522548819838164,907.6917727797539,0.003030589991708517,9.54980393433361,46816.64209166627
2024-10-20 12:21:33.450475,1.0,1.0,1.0,1.0,1.0,1.0,1.0,793837.0,0.05956146222893688,0.04336560364453033,0.039925697169818586,0.026355481787173698,0.03212811624624381,0.027437548745241652,-0.0007248632609844209,0.0008265984555085502,-0.0002765925601124764,-0.0,0.0,0.0,0.0,1.0,0.0,0.0,202.1419258338625,202.1662193040817,202.10136344490323,433.39860968855237,440.2140498811525,436.8730728266538,78831.72951676037,80241.13722792084,79409.62512513626,75360.86879376399,791.8775880729233,45.57926386054742,908.7809756113046,0.003076291017142956,9.572546384580997,46270.372168956106
2024-10-20 12:21:33.454472,1.0,1.0,1.0,1.0,1.0,1.0,1.0,793838.0,0.0606878150815704,0.042882406350036345,0.040315225390783915,0.02650231011985886,0.03227874115189541,0.02764888086939877,-0.0007757308582464856,0.0007916269823908807,-0.0003083848084012668,-0.0,0.0,0.0,0.0,1.0,0.0,0.0,201.57165066541623,201.44384580221038,201.97747925870263,435.85905634333886,441.6810503858124,439.50828772968765,79287.67225834513,80416.0768437583,80107.49009723411,75790.7122493494,796.0766740743865,45.59896653253937,909.1435702947592,0.0031094568272776713,9.595297908842662,47133.41204144595
2024-10-20 12:21:33.535532,1.0,1.0,1.0,1.0,1.0,1.0,1.0,793839.0,0.060127276182378155,0.04276075388833108,0.04037978143756249,0.026428997918226275,0.03227874115189541,0.02789341142414604,-0.0007534762844443322,0.0007916269823908807,-0.00029248868425687163,-0.0,0.0,0.0,0.0,1.0,0.0,0.0,201.22084798596984,201.0857231073336,201.75374619610648,437.4573195620492,443.1291319686279,441.3504751896942,79430.61680583918,80530.50852673905,80358.25141235179,75950.53256418226,797.1103283506178,45.636643058053636,909.8792670066551,0.0031264286362907285,9.618067844081578,46895.708026840366
2024-10-20 12:21:33.619456,1.0,1.0,1.0,1.0,1.0,1.0,1.0,793840.0,0.05929849643148995,0.04263875434188018,0.039925697169818586,0.02657542007977932,0.032398736885968185,0.02799755644637631,-0.0007725516334176065,0.0007725516334176065,-0.0002893094594279926,-0.0,0.0,0.0,0.0,1.0,0.0,0.0,201.27981285400372,201.42581318081247,200.95233585972383,437.2523245848171,443.98728604787294,441.55158947988247,79078.17733565407,80690.77073658635,79819.07718685314,75708.1767761989,793.996665672766,45.66915218544916,910.5325818614742,0.0031207737729989065,9.640854128673066,46779.40644199022
2024-10-20 12:21:33.623457,1.0,1.0,1.0,1.0,1.0,1.0,1.0,793841.0,0.059473936153392935,0.04251640472283598,0.040185802182344105,0.02679355304171941,0.032637404840404415,0.028376151535570014,-0.0008011646568775178,0.0007725516334176065,-0.0003083848084012668,-0.0,0.0,0.0,0.0,1.0,0.0,0.0,201.37123692342806,200.7208409270719,202.08114162595325,436.58352297379145,441.0224807972594,440.1417624601546,78651.41895646478,79249.25467621034,79559.28673416823,75014.61975030683,785.4703962766482,45.74038882155355,911.9845326327438,0.0030861606897806854,9.663676748662262,45608.89602151546
2024-10-20 12:21:33.703771,1.0,1.0,1.0,1.0,1.0,1.0,1.0,793842.0,0.060300304672981635,0.04227064309912445,0.040185802182344105,0.026244821472867705,0.032785690042080325,0.02851257612746981,-0.0007820893079042436,0.0007661931837598485,-0.00031474325805902487,-0.0,0.0,0.0,0.0,1.0,0.0,0.0,201.72280173608945,202.08687574193132,201.46902796525038,431.5721794313544,439.0532741185311,436.7599584297189,77130.65593480012,79036.78119691237,78067.83008187817,73969.22263563976,773.8800479407095,45.77590604346203,912.7435796118834,0.0030305694601902903,9.686518363974447,45478.07611721145
2024-10-20 12:21:33.707981,1.0,1.0,1.0,1.0,1.0,1.0,1.0,793843.0,0.059910287830504866,0.04251640472283598,0.03986040571620479,0.026355481787173698,0.032368779656366614,0.028850815431501826,-0.0007566555092732113,0.0007566555092732113,-0.00031474325805902487,-0.0,0.0,0.0,0.0,1.0,0.0,0.0,202.2505363896627,201.47892552300672,202.9931064044468,428.1263659311537,432.2928320272416,431.97487353317,76212.36425478474,76744.34677344048,77172.88100409528,72642.45613833748,760.0320984025775,45.77068480333259,912.7040289786843,0.002960046479106142,9.709358989523055,45255.27981936783
2024-10-20 12:21:33.788632,1.0,1.0,1.0,1.0,1.0,1.0,1.0,793844.0,0.05982327211598111,0.04269979768643891,0.038867874708122786,0.025947420126718565,0.032785690042080325,0.029051868842559465,-0.0007375801602999371,0.0007725516334176065,-0.0002861302345991135,-0.0,0.0,0.0,0.0,1.0,0.0,0.0,202.54537509256056,203.10257517346076,202.6178562052932,420.98328616246596,427.91035644883675,426.7671529463763,74274.90627744555,76172.16896163402,75498.60312244689,71293.20759128804,747.5083969978891,45.66985228283653,910.7589781680142,0.0028881935859773416,9.732150939733517,46076.960077793476
2024-10-20 12:21:33.872157,1.0,1.0,1.0,1.0,1.0,1.0,1.0,793845.0,0.059692510709099006,0.04227064309912445,0.03846369171715948,0.025947420126718565,0.03257790177388484,0.029284686626149053,-0.000731221710642179,0.0007407593851288161,-0.00030202635874350875,-0.0,0.0,0.0,0.0,1.0,0.0,0.0,203.3401098909625,202.8849393196921,203.66260810518526,416.92887655193437,421.4258276836161,420.6581915330322,73502.78410934903,74319.37865033928,74336.79402292917,70073.99995302988,734.7642239710789,45.66436759382181,910.7103838946513,0.0028216398447763504,9.754941673861254,43683.64653290432
2024-10-20 12:21:33.876120,1.0,1.0,1.0,1.0,1.0,1.0,1.0,793846.0,0.0598667957827904,0.04227064309912445,0.03839591423416136,0.026281760015388615,0.032933307582966455,0.028444445621196364,-0.0007407593851288161,0.0007439386099576951,-0.0003083848084012668,-0.0,0.0,0.0,0.0,1.0,0.0,0.0,203.80769794408326,203.74471851364586,203.92743304312262,413.2496680297576,418.36985781199434,417.467924534047,72709.83520050546,73906.0658323051,73620.28163123086,69453.88974358789,729.8370464095801,45.56395525253155,908.7450348565706,0.002780783823546305,9.777683224683093,44988.35277563156
2024-10-20 12:21:33.956945,1.0,1.0,1.0,1.0,1.0,1.0,1.0,793847.0,0.05947393615339293,0.04220897910845451,0.03825999906698716,0.025797433782787597,0.03257790177388484,0.02847853124831018,-0.0006962502375245095,0.0007439386099576951,-0.000321101707716783,-0.0,0.0,0.0,0.0,1.0,0.0,0.0,204.13103879649952,204.31580426281067,204.12512751828916,411.84940877348976,418.18487048293133,416.09832794145655,72562.39894093669,74072.33243645728,73376.19327158801,69380.51853263743,730.6778520259342,45.462836862440135,906.7404286141829,0.0027674346876258456,9.800374609778585,45052.68149932103
2024-10-20 12:21:33.960945,1.0,1.0,1.0,1.0,1.0,1.0,1.0,793848.0,0.059122536113507464,0.041774782619765874,0.03839591423416135,0.02507274890923307,0.03242866644143693,0.028032185471914422,-0.0006294865161180497,0.0007344009354710582,-0.00030520558357238775,-0.0,0.0,0.0,0.0,1.0,0.0,0.0,204.61688918652652,203.67342492543887,204.81960675522853,413.9127941072894,417.2850167917788,416.3421535353449,73374.0823180284,73721.24317357819,73879.42495515356,69692.9315839273,733.5939440434445,45.48636742179504,907.2027911525745,0.002775070231390538,9.823077565601576,43196.44971049166
2024-10-20 12:21:34.043503,1.0,1.0,1.0,1.0,1.0,1.0,1.0,793849.0,0.059122536113507464,0.041587310697157,0.03832801689680105,0.024995244090384144,0.032368779656366614,0.02775394349316061,-0.000642203415433566,0.0007248632609844211,-0.00031156403323014586,-0.0,0.0,0.0,0.0,1.0,0.0,0.0,204.08390775253432,204.8772276067882,204.29767653895743,413.0990186962967,420.97050247526016,418.39805713291247,73242.78197272249,75308.6908392645,74339.61207398197,70313.92886398689,740.4220969734426,45.46954905913675,906.8456540661673,0.0027989359574001767,9.845771583987894,44289.387245997794
2024-10-20 12:21:34.046503,1.0,1.0,1.0,1.0,1.0,1.0,1.0,793850.0,0.05960517706948518,0.04183708658073959,0.03798670986099516,0.025034026493987453,0.03245856839932655,0.02799755644637631,-0.0006326657409469288,0.0007439386099576951,-0.00031156403323014586,-0.0,0.0,0.0,0.0,1.0,0.0,0.0,204.46154428261852,203.46013750516866,204.87251441695207,418.6341278862303,421.8483334543448,420.6022206210327,74978.6342193834,75165.06970572818,75435.63532494182,71184.38732848935,750.0976756723098,45.44048847075725,906.2297470106973,0.0028389025858602084,9.868450189160312,45090.87093359636
2024-10-20 12:21:34.128616,1.0,1.0,1.0,1.0,1.0,1.0,1.0,793851.0,0.05907846414606075,0.041774782619765874,0.038055216156251626,0.024878534141836748,0.03248844283583844,0.027508173183166423,-0.0005913358181715013,0.0007280424858133,-0.0002893094594279926,-0.0,0.0,0.0,0.0,1.0,0.0,0.0,203.63661948314342,204.45702004455822,203.61802640473158,420.03230442346745,427.84016532744994,425.3704961977372,75227.45215303636,77361.67683446083,76296.28671752356,72253.35387639837,760.759769065278,45.47892809977628,906.9468885184987,0.002893288811967451,9.891146740961783,44649.85998766325
2024-10-20 12:21:34.214667,1.0,1.0,1.0,1.0,1.0,1.0,1.0,793852.0,0.057650374721400804,0.041649895097796784,0.03764230828317236,0.025303839037745666,0.032667115729434024,0.027578616763765378,-0.0005786189188559852,0.0007375801602999372,-0.0002670548856258393,-0.0,0.0,0.0,0.0,1.0,0.0,0.0,203.5139405788888,202.75576594182783,204.05045537249296,427.40103888853923,430.67634173302656,430.0839835380797,77218.81620314954,77554.27733346907,77920.3417274809,73482.32896565818,773.8429116538779,45.47345877363358,906.7790665519617,0.002957889055790989,9.91383909298044,46043.99776330234
2024-10-20 12:21:34.215609,1.0,1.0,1.0,1.0,1.0,1.0,1.0,793853.0,0.05810042350855981,0.041336025552530284,0.03859888964444313,0.024839508966216593,0.03308026640118225,0.027437548745241652,-0.000565902019540469,0.0007471178347865743,-0.0002829510097702345,-0.0,0.0,0.0,0.0,1.0,0.0,0.0,202.90737820604014,203.3152346415503,202.47422247988186,430.46666170942734,437.2379447070845,434.4925557079181,77952.32059624743,79694.8599376777,78628.86732530483,74639.76222365866,785.6755770834918,45.49702715516187,907.1902542672478,0.003022492905536424,9.93654173506503,46434.30310470518
2024-10-20 12:21:34.297224,1.0,1.0,1.0,1.0,1.0,1.0,1.0,793854.0,0.057875836570160856,0.041336025552530284,0.039925697169818586,0.02507274890923307,0.033021561356871405,0.027224576194402335,-0.0005404682209094367,0.0007534762844443322,-0.00031474325805902487,-0.0,0.0,0.0,0.0,1.0,0.0,0.0,202.4101762335071,201.79774252997828,202.76463410634926,434.57346240820436,438.7290117377272,437.76802645025384,79069.62153358177,79691.01824263835,79802.40048097579,75382.57530863042,791.9344512504958,45.588894479866,908.9774638106257,0.0030713903228460453,9.959289102474216,45698.231763453565
2024-10-20 12:21:34.301224,1.0,1.0,1.0,1.0,1.0,1.0,1.0,793855.0,0.05746936838852065,0.041209808385968265,0.040185802182344105,0.024878534141836748,0.033021561356871405,0.027578616763765378,-0.0005341097712516786,0.0007502970596154532,-0.00030520558357238775,-0.0,0.0,0.0,0.0,1.0,0.0,0.0,201.81747814352008,201.70835454687304,201.8089854912972,436.5138670131799,441.761229866384,440.3519169354322,79411.78443044811,80577.75167111358,80205.60435729906,75911.37814156174,797.442698766838,45.593398463606,909.0311632545374,0.0031109832927315676,9.982037813724178,47516.30293609991
2024-10-20 12:21:34.380818,1.0,1.0,1.0,1.0,1.0,1.0,1.0,793856.0,0.05810042350855981,0.041209808385968265,0.039925697169818586,0.024445830974727203,0.032785690042080325,0.02782376484498668,-0.0005118551974495253,0.0007471178347865742,-0.0002861302345991135,-0.0,0.0,0.0,0.0,1.0,0.0,0.0,201.38927967757954,201.24691602062998,201.52609430354838,438.0003695672229,443.58690582813205,442.3773846505936,79610.55842018429,80820.67494960496,80523.10430369205,76154.46013986596,798.9996959251135,45.6513183185674,910.164959879311,0.003133980131821445,10.004814898492096,46685.136791085504
2024-10-20 12:21:34.465024,1.0,1.0,1.0,1.0,1.0,1.0,1.0,793857.0,0.05819001557952383,0.040956207156739845,0.039925697169818586,0.024643456106314375,0.03284481667269478,0.02775394349316061,-0.0005213928719361625,0.0007280424858133,-0.00027023411045471834,-0.0,0.0,0.0,0.0,1.0,0.0,0.0,201.30934483325177,200.6967374000377,201.70944495186077,439.3907049442119,443.0460275204039,442.959251326414,79704.09673245954,80276.78877030007,80599.1203056691,76028.96844524701,795.879372085303,45.75476432129346,912.227649363567,0.0031337032381648124,10.027643602532677,45745.20403533357
2024-10-20 12:21:34.469012,1.0,1.0,1.0,1.0,1.0,1.0,1.0,793858.0,0.058145236799841286,0.04076497090344802,0.04076497090344803,0.02468279125681748,0.03272645658802371,0.027613771165243314,-0.0005086759726206463,0.0007312217106421791,-0.0002829510097702345,-0.0,0.0,0.0,0.0,1.0,0.0,0.0,201.1176808882125,201.8208232541907,201.17821391888006,436.75199210106723,443.50133247246396,441.78252399060324,78670.18161551768,80527.12977205675,79781.78691554644,75505.94540826028,790.5546462965452,45.74486030910539,912.054176205069,0.00310748569110057,10.050467965368082,47124.861430081444
2024-10-20 12:21:34.550609,1.0,1.0,1.0,1.0,1.0,1.0,1.0,793859.0,0.059342404987252025,0.04114655461363214,0.04057283328598263,0.024722063821441115,0.03296275176192149,0.02789341142414604,-0.0005372889960805577,0.0007375801602999371,-0.0002829510097702345,-0.0,0.0,0.0,0.0,1.0,0.0,0.0,202.02486119588104,200.86672552972726,202.0918899085757,436.19849437348194,438.3630591295592,438.5599746945634,78464.22826380015,78525.06978017697,79022.39058826797,74543.23664084142,779.1198626709911,45.82214134885313,913.6405182730198,0.0030578107237594493,10.073332026773905,45123.73020065681
2024-10-20 12:21:34.554606,1.0,1.0,1.0,1.0,1.0,1.0,1.0,793860.0,0.059254555338807656,0.04082881584609787,0.04082881584609787,0.024485483605775776,0.032756086704177324,0.02740216826792598,-0.0005245720967650415,0.000731221710642179,-0.0002670548856258393,-0.0,0.0,0.0,0.0,1.0,0.0,0.0,201.81999759521102,202.6181962961331,201.8921286162946,429.3864562758806,435.9176246958592,434.6148070985331,76382.47697773721,78285.38409230088,77591.52793502827,73329.39677988974,766.117155888232,45.83803975167894,914.017070243157,0.0029928469948601526,10.096205511478274,45330.445803334114
2024-10-20 12:21:34.635670,1.0,1.0,1.0,1.0,1.0,1.0,1.0,793861.0,0.05951771528052355,0.04120980838596827,0.04031522539078391,0.02420655117653563,0.032785690042080325,0.027578616763765378,-0.0005404682209094367,0.0007375801602999371,-0.0002765925601124764,-0.0,0.0,0.0,0.0,1.0,0.0,0.0,203.04151833718674,201.84649998005077,202.97788222376164,425.9782335327595,428.84290503397796,428.5310140007863,75776.25439135118,75979.64736936486,76249.77800333043,71957.00481566218,752.3802490884962,45.798052234344475,913.2865744714343,0.002919851483825215,10.119060715360103,45395.872672033554
2024-10-20 12:21:34.638669,1.0,1.0,1.0,1.0,1.0,1.0,1.0,793862.0,0.05921058163676667,0.0423322172659213,0.039729500910396995,0.024722063821441115,0.033021561356871405,0.027788876097916127,-0.0005500058953960738,0.0007757308582464857,-0.0002861302345991135,-0.0,0.0,0.0,0.0,1.0,0.0,0.0,202.87783107999817,203.3731065597196,203.18086584817294,418.83187986987525,424.692868303031,423.1077661852691,73833.12787353953,75359.8324906775,74871.86643022017,70687.6433361082,740.521809882205,45.707471842530595,911.5427285725519,0.0028515122068449817,10.141872279102383,45488.98468398431
2024-10-20 12:21:34.721280,1.0,1.0,1.0,1.0,1.0,1.0,1.0,793863.0,0.05916657525265935,0.04214722489965788,0.03953233095432663,0.024722063821441115,0.03272645658802371,0.02820469285687616,-0.0005341097712516786,0.0007439386099576951,-0.00029566790908575063,-0.0,0.0,0.0,0.0,1.0,0.0,0.0,203.6948119102428,203.24161502160638,203.8354097572645,415.2498047114137,419.54280636837194,418.9779667972132,73178.20649860728,74014.2588630544,73985.4239667836,69757.68498335648,731.727650799641,45.645895619628895,910.3616930383118,0.0028000538926515038,10.164654287162273,44471.23519094552
2024-10-20 12:21:34.804458,1.0,1.0,1.0,1.0,1.0,1.0,1.0,793864.0,0.05907846414606075,0.0419614169784043,0.03933417265909615,0.02452507212573485,0.03310957989067469,0.028444445621196364,-0.0005436474457383157,0.0007534762844443322,-0.0002893094594279926,-0.0,0.0,0.0,0.0,1.0,0.0,0.0,204.0010619295266,203.75004520894674,204.1891621830144,413.87751903606244,418.0776708422633,416.5738722103677,72949.49122585433,73761.76824175214,73590.90630925536,69474.46024109227,730.2828726304105,45.54946554541805,908.4592434313164,0.0027772746032791538,10.18738868598881,44960.8730541571
2024-10-20 12:21:34.807461,1.0,1.0,1.0,1.0,1.0,1.0,1.0,793865.0,0.05977971676101447,0.04227064309912445,0.03906839817849146,0.024761274097977876,0.033168129149298335,0.02792816958270741,-0.0005531851202249528,0.0007471178347865742,-0.00029566790908575063,-0.0,0.0,0.0,0.0,1.0,0.0,0.0,203.88608365147456,204.61332964145558,204.34612237243164,412.4045057235076,418.40851820416344,417.6984251656562,72639.38772003265,74368.79665264714,73972.76026545395,69693.98141888561,733.2296514438732,45.50976998463416,907.6671919686619,0.002777653814637005,10.210103263547662,44215.6233610148
2024-10-20 12:21:34.890064,1.0,1.0,1.0,1.0,1.0,1.0,1.0,793866.0,0.059122536113507464,0.04183708658073959,0.03906839817849147,0.024995244090384144,0.03310957989067469,0.02782376484498668,-0.0005817981436848642,0.0007216840361555419,-0.00031156403323014586,-0.0,0.0,0.0,0.0,1.0,0.0,0.0,204.78125682231973,203.78714359090776,204.49335658095234,415.9929734875003,419.2021094416419,416.9659651879366,74050.10714699003,74301.5692063258,74106.34110877696,70172.41331316966,738.6592189024612,45.48615965737121,907.1804286750447,0.0027950968948941275,10.232805659744576,44291.63562871469
2024-10-20 12:21:34.893064,1.0,1.0,1.0,1.0,1.0,1.0,1.0,793867.0,0.058635922602968446,0.04214722489965788,0.03913501101148131,0.025188558989287076,0.033226575237181734,0.027508173183166423,-0.0005881565933426223,0.0007216840361555419,-0.00031156403323014586,-0.0,0.0,0.0,0.0,1.0,0.0,0.0,203.758889887381,204.72142918302654,204.24931310735704,415.83360942243894,422.5056230350711,421.42356918111415,73826.59991167624,75785.59979065915,75231.50337821947,70944.55914607337,747.2025795155677,45.46244882997659,906.6759871915831,0.0028297963200037603,10.255495432178837,44825.49306497554
2024-10-20 12:21:34.975480,1.0,1.0,1.0,1.0,1.0,1.0,1.0,793868.0,0.058547012889045756,0.04263875434188018,0.03900167157440239,0.025456733716313067,0.033021561356871405,0.02736674204979371,-0.0006231280664602917,0.0007439386099576951,-0.00030520558357238775,-0.0,0.0,0.0,0.0,1.0,0.0,0.0,204.44976497790762,203.15944658038558,204.26391505919128,422.26434009144634,425.2017775272769,423.06116459874005,75935.08607461452,75969.18169516664,75949.44345579078,71917.928000217,757.2208809123769,45.47866138072762,906.9554757420432,0.0028780001357060657,10.278192198877527,44794.69334767699
2024-10-20 12:21:35.057957,1.0,1.0,1.0,1.0,1.0,1.0,1.0,793869.0,0.057242305594703786,0.04282162331969714,0.03900167157440239,0.025494814117130813,0.03260766687993288,0.02711746269239568,-0.0005976942678292594,0.0007471178347865742,-0.00030520558357238775,-0.0,0.0,0.0,0.0,1.0,0.0,0.0,203.06446084318668,204.07114924541278,203.47846470065136,423.899440298499,431.36067272260436,429.26953811032007,76048.03208328378,78125.27112338123,77317.11753759967,73092.0274776165,769.6299098914197,45.47866138072762,906.9001080256221,0.0029388723280046954,10.300887579986544,45786.68326322544
2024-10-20 12:21:35.060957,1.0,1.0,1.0,1.0,1.0,1.0,1.0,793870.0,0.05751467337654891,0.04276075388833108,0.03906839817849146,0.026022089115979988,0.032785690042080325,0.027224576194402335,-0.0006326657409469288,0.0007407593851288161,-0.000324280932545662,-0.0,0.0,0.0,0.0,1.0,0.0,0.0,203.27508975898596,202.29616817731286,203.52436299847815,431.6265668793015,434.747222263022,433.12633703450115,78224.06643799921,78397.49054928454,78564.45338695137,74283.82225020451,781.7546659633394,45.50630903301163,907.3924097384939,0.0030037273730060053,10.323595281057699,46128.606979179734
2024-10-20 12:21:35.143301,1.0,1.0,1.0,1.0,1.0,1.0,1.0,793871.0,0.057242305594703786,0.04251640472283598,0.03946638873835309,0.026096544458751023,0.03257790177388484,0.02711746269239568,-0.000645382640262445,0.000734400935471058,-0.00032746015737454104,-0.0,0.0,0.0,0.0,1.0,0.0,0.0,202.17352059823114,202.91514893694992,202.39333832850815,433.7036980659886,440.2798034124871,438.07501272772834,78501.74847386307,80269.13122265767,79533.99685635378,75291.23686980555,792.5521670850504,45.49776069440427,907.1684881063279,0.003062486745749259,10.34629737843917,47196.35595248811
2024-10-20 12:21:35.147298,1.0,1.0,1.0,1.0,1.0,1.0,1.0,793872.0,0.05810042350855981,0.0418370865807396,0.04025056580563931,0.025456733716313067,0.032308781866774994,0.026829736114304472,-0.0006263072912891707,0.0006994294623533886,-0.00033699783186117815,-0.0,0.0,0.0,0.0,1.0,0.0,0.0,202.09802287588042,201.64993283273242,202.22406336017272,437.90622442552365,441.83542759126715,440.45894034418757,79644.27248842237,80313.14974116962,80250.20172594908,75907.28237180373,797.1083128605222,45.6097569176649,909.363433643587,0.0031042751607105075,10.369054404831058,45682.39092823796
2024-10-20 12:21:35.228686,1.0,1.0,1.0,1.0,1.0,1.0,1.0,793873.0,0.058190015579523816,0.042393702000235525,0.04057283328598263,0.025456733716313067,0.0321582976678794,0.02679355304171941,-0.0006517410899202031,0.0007248632609844209,-0.000321101707716783,-0.0,0.0,0.0,0.0,1.0,0.0,0.0,201.62442670417465,201.64108234653713,201.72288055009193,439.3771857521602,444.53092473943616,442.380423105039,79880.0289570482,80984.00129241665,80557.6208370918,76297.76450703232,801.2500696393072,45.60864640922164,909.3165912825664,0.0031313546078939264,10.391810258982225,47753.22839556971
2024-10-20 12:21:35.311030,1.0,1.0,1.0,1.0,1.0,1.0,1.0,793874.0,0.05796577576438691,0.04227064309912445,0.040055960801949016,0.025532837723818223,0.031146872746571578,0.026428997918226275,-0.000648561865091324,0.0006835333382089934,-0.0003179224828879039,-0.0,0.0,0.0,0.0,1.0,0.0,0.0,201.4379139385786,201.62270484242927,201.5384773348355,439.8069709816683,445.3160629671306,443.83004350840866,79745.13626210141,81095.83243962166,80669.12755829951,76321.68010007085,800.2334103506,45.68115206269834,910.7572237717063,0.0031367613915767364,10.414602165288521,46512.980176208024
2024-10-20 12:21:35.315028,1.0,1.0,1.0,1.0,1.0,1.0,1.0,793875.0,0.05696863563386268,0.042023444236177564,0.04037978143756249,0.025456733716313067,0.03095942747707764,0.026865870455412305,-0.000645382640262445,0.0006930710126956305,-0.00029566790908575063,-0.0,0.0,0.0,0.0,1.0,0.0,0.0,201.9211790608146,200.93675034932173,201.79729031383675,440.25074624377254,444.27470151910717,441.6868413796803,79835.06672098102,80175.13692517056,79971.31053520324,75822.88529092146,793.3803070887783,45.77362971827044,912.6206097416707,0.0031153140370249596,10.437440703251784,45760.65192977725
2024-10-20 12:21:35.396354,1.0,1.0,1.0,1.0,1.0,1.0,1.0,793876.0,0.057151227882926904,0.041587310697157,0.04044423444177086,0.025150014882560457,0.03070772063827226,0.02697398304697218,-0.0006167696168025336,0.0006644579892357192,-0.00030202635874350875,-0.0,0.0,0.0,0.0,1.0,0.0,0.0,201.3755331570294,202.24231281616852,201.9900349814098,435.4880622933415,441.9404230116734,440.51634934618403,78092.45199896849,79882.45492183366,79426.34603362254,74986.18071085587,783.474159812124,45.83880577511145,913.9615779984399,0.0030700379909518304,10.460312799250131,45597.96298796949
2024-10-20 12:21:35.400354,1.0,1.0,1.0,1.0,1.0,1.0,1.0,793877.0,0.05692289605552585,0.04276075388833108,0.03986040571620479,0.025418596266109744,0.03095942747707764,0.02733126991297999,-0.000645382640262445,0.0007407593851288161,-0.0002988471339146297,-0.0,0.0,0.0,0.0,1.0,0.0,0.0,202.7628286182375,201.68969695081736,202.44108534534436,433.712741202382,437.3756727666864,434.06114268362717,77928.02581778934,78092.2900088816,77759.15897471817,73814.97022895429,770.3079563978405,45.89121669358496,915.0639524267103,0.0030075269777872014,10.483212482418832,44997.00993116444
2024-10-20 12:21:35.482283,1.0,1.0,1.0,1.0,1.0,1.0,1.0,793878.0,0.05696863563386268,0.04282162331969713,0.03893483061427055,0.026022089115979988,0.03130221970899244,0.02764888086939877,-0.0006803541133801144,0.000734400935471058,-0.00030202635874350875,-0.0,0.0,0.0,0.0,1.0,0.0,0.0,202.23243836957323,203.197763016961,202.94087112478104,425.8463368561204,432.2551097758435,430.9931610378418,75477.76795400509,77283.91121313836,76867.26071149818,72475.92471979951,756.2622240244847,45.89231244905807,915.1509601732054,0.002936536278214187,10.506114342976144,45047.73297255043
2024-10-20 12:21:35.486356,1.0,1.0,1.0,1.0,1.0,1.0,1.0,793879.0,0.05627863881127268,0.04245509769062346,0.03859888964444313,0.026244821472867705,0.03142594437984583,0.027472883658460283,-0.0006771748885512353,0.000734400935471058,-0.0002861302345991135,-0.0,0.0,0.0,0.0,1.0,0.0,0.0,203.7798027378286,202.85599109792616,203.21347854773379,422.814614305122,426.48245557488684,423.6529050089499,75157.22667438918,75521.7530704194,75073.74167910717,71227.19248941404,745.7869064076002,45.73204704810364,912.0159930283787,0.002869921754139891,10.528937750268883,46969.64662013847
2024-10-20 12:21:35.567680,1.0,1.0,1.0,1.0,1.0,1.0,1.0,793880.0,0.05600025966579119,0.04245509769062346,0.03893483061427055,0.025947420126718565,0.031549183850304155,0.02740216826792598,-0.0006739956637223563,0.0007439386099576951,-0.00029566790908575063,-0.0,0.0,0.0,0.0,1.0,0.0,0.0,203.5743339908464,203.72042056157952,203.88626615636494,415.996816851851,421.61015315503334,419.94325570011296,73428.20110461101,74698.72028057124,74331.19909805946,70169.28843915772,735.3467455582708,45.689849521430865,911.2263711608123,0.002813118553388223,10.551741397095107,44377.90758963545
2024-10-20 12:21:35.649869,1.0,1.0,1.0,1.0,1.0,1.0,1.0,793881.0,0.05623233798993316,0.042023444236177564,0.038666311337125336,0.025797433782787597,0.03179422973639322,0.02764888086939877,-0.0006739956637223563,0.0007502970596154532,-0.0002893094594279926,-0.0,0.0,0.0,0.0,1.0,0.0,0.0,204.0722408966575,204.0131090656962,204.26759752155724,413.93787963939644,418.95614530056406,416.9478498916443,73152.53524349716,74179.19677402824,73816.54168091508,69748.86487503118,732.0615814108594,45.618596204762845,909.831377725012,0.002784551237440071,10.574510133893876,44663.64812867511
2024-10-20 12:21:35.653865,1.0,1.0,1.0,1.0,1.0,1.0,1.0,793882.0,0.05567372475581981,0.04196141697840431,0.03832801689680105,0.02564657030330141,0.03203740138402003,0.027718966864906235,-0.0006835333382089934,0.0007630139589309696,-0.0002988471339146297,-0.0,0.0,0.0,0.0,1.0,0.0,0.0,204.63354772588428,203.9167348730701,204.48546149428103,413.703970225787,418.9950806066092,416.2199212382868,73466.29129775842,74217.40996111488,73746.82332856188,69840.74602507931,734.9813636958339,45.497101339795535,907.4107596325728,0.002781789486360063,10.597218294175295,45667.463570572116
2024-10-20 12:21:35.734878,1.0,1.0,1.0,1.0,1.0,1.0,1.0,793883.0,0.05534526333605729,0.0419614169784043,0.0373645014732293,0.02564657030330141,0.03221857569203676,0.027224576194402335,-0.0006612787644068402,0.0007693724085887275,-0.0002765925601124764,-0.0,0.0,0.0,0.0,1.0,0.0,0.0,203.74481624478645,204.59121783737967,204.7803016225651,413.71107750862564,419.9141883302161,418.6543365168707,73234.45093822478,74873.5349898966,74656.02105405493,70273.18525274408,738.4638023743406,45.56369581454813,908.7236040948559,0.0027986230599982872,10.619959308687458,42806.14340242738
2024-10-20 12:21:35.738879,1.0,1.0,1.0,1.0,1.0,1.0,1.0,793884.0,0.055580076708435434,0.04220897910845452,0.037711440220720746,0.025759800744833576,0.032756086704177324,0.027437548745241652,-0.0006771748885512353,0.0007789100830753646,-0.0002829510097702345,-0.0,0.0,0.0,0.0,1.0,0.0,0.0,204.76046462785723,203.78829426019539,204.25561117289183,417.82008041604405,422.8793164078452,418.96120609179866,74905.09808781266,75436.57951677385,74746.97309800923,71025.56955877173,746.7025090027084,45.544958097586296,908.3192043610583,0.0028323196446241503,10.642690203004465,44728.13919267649
2024-10-20 12:21:35.821479,1.0,1.0,1.0,1.0,1.0,1.0,1.0,793885.0,0.05618599901379766,0.042393702000235525,0.037711440220720746,0.026059343378600053,0.03284481667269478,0.026829736114304472,-0.0006930710126956305,0.0007916269823908807,-0.0002861302345991135,-0.0,0.0,0.0,0.0,1.0,0.0,0.0,203.30445948779428,204.41579317002314,204.2596010263919,419.36216805830907,426.4406967619679,425.24662581763874,74859.33804223056,76861.66548536785,76470.4432208789,72027.77771199966,757.4305371654493,45.53567584744847,908.089360037377,0.0028814296293567993,10.665415345415088,45049.83426044835
2024-10-20 12:21:35.904478,1.0,1.0,1.0,1.0,1.0,1.0,1.0,793886.0,0.05641731328552001,0.042577623479846755,0.037711440220720746,0.026318646714264433,0.033168129149298335,0.02679355304171941,-0.0007185048113266629,0.000807523106535276,-0.0002829510097702345,-0.0,0.0,0.0,0.0,1.0,0.0,0.0,204.09436091829798,202.88527335866672,203.67096241725613,426.13811809311744,430.9681817891367,428.13992207801704,77055.81034825751,77512.26455303324,77109.82815355793,73151.94380101205,768.4322443585746,45.586979580666295,909.0581665346291,0.0029409988371263485,10.688164732428266,44933.238828961046
2024-10-20 12:21:35.907478,1.0,1.0,1.0,1.0,1.0,1.0,1.0,793887.0,0.057060004795434646,0.04114655461363215,0.038055216156251626,0.025759800744833576,0.03290383705573704,0.026757321039963047,-0.0006803541133801144,0.000734400935471058,-0.0002829510097702345,-0.0,0.0,0.0,0.0,1.0,0.0,0.0,202.6220244184478,203.38827994793184,203.18894084717883,428.90640890208834,436.1926799291421,435.33393218809056,77270.34389155892,79289.88226986011,78820.13237652258,74344.97519894771,781.0148996309432,45.586979580666295,908.9995826621055,0.0030052538865533327,10.710912653366732,46506.97204906146
2024-10-20 12:21:35.989406,1.0,1.0,1.0,1.0,1.0,1.0,1.0,793888.0,0.057060004795434646,0.04063698009803076,0.03839591423416136,0.025532837723818223,0.03284481667269478,0.02664832946254422,-0.0006580995395779611,0.0007089671368400258,-0.0002861302345991135,-0.0,0.0,0.0,0.0,1.0,0.0,0.0,202.9204018549719,201.83552069549273,202.79625279878127,435.0925488812985,439.6646605378744,438.2274621033192,79131.73534203664,79674.85146348106,79596.18278985118,75320.62329202879,791.7898825673125,45.559364059781494,908.396263525367,0.0030630560016165105,10.733645476106823,47661.77343801181
2024-10-20 12:21:35.993344,1.0,1.0,1.0,1.0,1.0,1.0,1.0,793889.0,0.05774066510518514,0.04089256110871732,0.038867874708122786,0.025188558989287076,0.03305092691301418,0.02668470945144587,-0.000642203415433566,0.0007057879120111467,-0.0002734133352835974,-0.0,0.0,0.0,0.0,1.0,0.0,0.0,201.80024637797743,202.05905383115757,202.30816097049444,436.59468900638547,442.68506258915943,441.8998028663311,79171.7115797579,80669.55510156302,80452.0084738071,75931.70996427584,797.1700338738159,45.62085864553377,909.5856440695723,0.003103326992487803,10.756408063365072,46520.74502323089
2024-10-20 12:21:36.074558,1.0,1.0,1.0,1.0,1.0,1.0,1.0,793890.0,0.05760517645908501,0.04070102581168387,0.03880080326089556,0.025150014882560457,0.03299216966314644,0.02679355304171941,-0.0006263072912891707,0.0007057879120111467,-0.00025751721113920217,-0.0,0.0,0.0,0.0,1.0,0.0,0.0,201.63231267016704,201.57342375693827,201.88997300566152,439.45989408970536,445.028358401993,443.665925126548,79783.4408053868,80981.9602288759,80724.26879012639,76314.30894374284,799.8122427265084,45.700532973002076,911.1488057973054,0.003131094405864836,10.779209769100463,46389.655668415646
2024-10-20 12:21:36.078558,1.0,1.0,1.0,1.0,1.0,1.0,1.0,793891.0,0.05737865109693919,0.04114655461363214,0.03853134997827471,0.025456733716313067,0.03272645658802371,0.026611899740163612,-0.0006199488416314126,0.0006898917878667515,-0.00025751721113920217,-0.0,0.0,0.0,0.0,1.0,0.0,0.0,201.7412386040328,201.2076852227983,201.73421501487968,440.54057689300134,445.61162862139105,444.2737422446725,79902.70383373377,80811.84587417789,80614.78335767047,76257.0737831961,799.1657767351734,45.703302446415115,911.2019502061997,0.003133360795382954,10.802012804786754,47645.216700209654
2024-10-20 12:21:36.159970,1.0,1.0,1.0,1.0,1.0,1.0,1.0,793892.0,0.05774066510518514,0.04108320345271294,0.03853134997827472,0.025759800744833576,0.03227874115189541,0.02700992441274364,-0.0006517410899202031,0.0006676372140645982,-0.00021618728836377468,-0.0,0.0,0.0,0.0,1.0,0.0,0.0,201.26632476686703,201.95953934633573,201.8074267839165,438.9234358608003,444.54733409039176,443.84805806976186,78966.5509980424,80565.70601855303,80331.60117004535,75778.51960369284,791.5050471739879,45.854969218793094,914.2475605057772,0.0031096126752124323,10.824892057562277,44682.06071471187
2024-10-20 12:21:36.243286,1.0,1.0,1.0,1.0,1.0,1.0,1.0,793893.0,0.05805557562576053,0.041712385598201944,0.03866631133712533,0.02613369258354722,0.03248844283583844,0.02711746269239568,-0.0007121463616689048,0.0006835333382089934,-0.00023208341250816988,-0.0,0.0,0.0,0.0,1.0,0.0,0.0,202.63146096902074,201.4592981702262,201.90241292275226,437.18967498598965,441.7871052348953,439.6118302620485,78810.37151571065,79353.58224827657,78904.81156556019,74871.92513417255,782.2598635039823,45.83961214137361,913.9855595198296,0.0030614169454427987,10.847764753703641,46852.0890458718
2024-10-20 12:21:36.246285,1.0,1.0,1.0,1.0,1.0,1.0,1.0,793894.0,0.05746936838852065,0.04189929789626443,0.03798670986099515,0.026611899740163612,0.032667115729434024,0.02700992441274364,-0.0007280424858133,0.0007026086871822677,-0.00020982883870601662,-0.0,0.0,0.0,0.0,1.0,0.0,0.0,201.88298947648525,202.57315648759658,202.77673084527714,431.5458232612673,436.973624189923,436.7927378318251,76750.25252670916,78267.66981755421,78276.57245624837,73651.80762193745,768.5488612265945,45.89411919988842,915.1310873307208,0.0029974392307916893,10.870666116938558,44853.7196956222
2024-10-20 12:21:36.327796,1.0,1.0,1.0,1.0,1.0,1.0,1.0,793895.0,0.05719678486734939,0.0420853800755884,0.03715478325109878,0.026937993727346517,0.032815266674204355,0.027437548745241652,-0.0007630139589309693,0.0007057879120111467,-0.00021618728836377468,-0.0,0.0,0.0,0.0,1.0,0.0,0.0,203.5200770749769,202.46517227690924,202.81417799573236,427.48612991321886,431.98000762698797,429.69761781810786,76183.26906531844,76757.65619005992,76255.15399928033,72329.7253168046,755.976528850363,45.81657949918586,913.6500574287318,0.002926377944727585,10.89353041706392,46242.55677711802
2024-10-20 12:21:36.331796,1.0,1.0,1.0,1.0,1.0,1.0,1.0,793896.0,0.05678545626691201,0.04288240635003635,0.036231979799249525,0.02672103991000101,0.03331405211143558,0.027718966864906235,-0.0007566555092732115,0.0007407593851288161,-0.00021618728836377465,-0.0,0.0,0.0,0.0,1.0,0.0,0.0,203.08563880680992,203.4058337231378,203.80397586924653,421.4504362495635,425.8762956216706,425.2318935295423,74372.56369540923,75472.12319779416,75507.379443821,71092.78839304298,743.8064649742886,45.76683917844735,912.7187694984638,0.0028601648240065922,10.916371411497382,45029.56813494427
2024-10-20 12:21:36.414545,1.0,1.0,1.0,1.0,1.0,1.0,1.0,793897.0,0.05669364463650366,0.04318503823719134,0.03666077555081008,0.02711746269239568,0.03310957989067469,0.027508173183166423,-0.0007630139589309696,0.0007566555092732113,-0.0002352626373370489,-0.0,0.0,0.0,0.0,1.0,0.0,0.0,204.0134444001751,203.78332733160792,203.9926261890405,416.88508987293045,421.69452161358555,419.9402022888337,73651.56516530091,74623.64493688774,74253.22239867528,70186.25774395064,737.1860522505699,45.586646972354345,909.1726428872836,0.002808165032795634,10.939123663307276,46752.072285664915
2024-10-20 12:21:36.498463,1.0,1.0,1.0,1.0,1.0,1.0,1.0,793898.0,0.057242305594703786,0.04390284427203976,0.03637547335010834,0.026901956261409284,0.03340129988750126,0.02799755644637631,-0.0007598347341020905,0.0007916269823908807,-0.00023844186216592797,-0.0,0.0,0.0,0.0,1.0,0.0,0.0,204.46312609304223,204.13716916070854,204.25538107134489,414.6689065010768,419.7241610636746,416.85349692260036,73412.903603598,74325.45935094764,73720.45157240138,69844.93610031782,734.3862599057178,45.5367952885582,908.200556344581,0.002783847008245851,10.961851588430733,44440.63552538301
2024-10-20 12:21:36.499516,1.0,1.0,1.0,1.0,1.0,1.0,1.0,793899.0,0.05742402765689541,0.04318503823719134,0.036231979799249525,0.027045818015839475,0.03331405211143558,0.02782376484498668,-0.0007566555092732115,0.0007661931837598485,-0.00026069643596808123,-0.0,0.0,0.0,0.0,1.0,0.0,0.0,204.03441592141996,204.45870215197806,204.89604740961494,413.8275151427963,419.22343687692,418.4320221836823,73151.16773031627,74491.09925907677,74437.62893449924,70046.91044919088,737.0443307216723,45.50392067084912,907.5420499107508,0.002786972494720056,10.984563034281173,44338.05064160238
2024-10-20 12:21:36.581710,1.0,1.0,1.0,1.0,1.0,1.0,1.0,793900.0,0.057650374721400804,0.04384347596324186,0.03608791569074071,0.02715321414192533,0.033748035476753,0.027788876097916127,-0.0007534762844443324,0.0007948062072197598,-0.0002638756607969603,-0.0,0.0,0.0,0.0,1.0,0.0,0.0,205.0661726322622,204.24522895742749,204.1550802472456,416.41823958760426,421.92924004138786,417.2958474562014,74460.52246784486,75217.95021141475,74125.50754199908,70606.64650228099,743.7191297309704,45.45688335504136,906.5839258467157,0.0028089709034443055,11.007250502859376,44985.98605434472
2024-10-20 12:21:36.585710,1.0,1.0,1.0,1.0,1.0,1.0,1.0,793901.0,0.05751467337654892,0.043664886724146465,0.036447008273383014,0.02668470945144587,0.03389146168814632,0.02764888086939877,-0.000718504811326663,0.0008075231065352759,-0.00024480031182368605,-0.0,0.0,0.0,0.0,1.0,0.0,0.0,203.72601302281802,204.30132447094576,204.93911298823144,418.0608549164773,423.2559752092267,423.002255474964,74530.12923878446,75869.24018170379,76048.97272226098,71462.53278966897,753.0875466818484,45.43737807911475,906.1588169493978,0.0028486949977501157,11.029927332990905,45115.844791964395
2024-10-20 12:21:36.667961,1.0,1.0,1.0,1.0,1.0,1.0,1.0,793902.0,0.057695537575739225,0.043784027154931265,0.03729472643293347,0.02657542007977932,0.03417650843776925,0.027045818015839475,-0.0007026086871822678,0.0008075231065352759,-0.0002765925601124764,-0.0,0.0,0.0,0.0,1.0,0.0,0.0,204.56350162280557,203.538743679704,203.7142960775511,423.6695551924283,429.11013437790626,424.4103505703079,76533.4438357149,77146.64375146522,76134.0248896374,72549.60923199476,764.5862204226959,45.43737807911475,906.1080584691077,0.0029045504216719566,11.052602892879941,45469.280342339276
2024-10-20 12:21:36.750002,1.0,1.0,1.0,1.0,1.0,1.0,1.0,793903.0,0.05783081452011861,0.04251640472283598,0.03764230828317236,0.026392265450275895,0.034091244666417886,0.02715321414192533,-0.0006739956637223563,0.0007757308582464856,-0.0002893094594279926,-0.0,0.0,0.0,0.0,1.0,0.0,0.0,202.7918517173246,203.6322616955947,204.06522918751415,427.25427213243796,432.9557496040936,432.7673301728294,76826.68018675271,78414.93012728365,78525.67922127435,73823.70321926397,778.1344442214136,45.433327939294436,905.9673971726949,0.0029704643437084483,11.075274932688098,46299.06986070101
2024-10-20 12:21:36.754002,1.0,1.0,1.0,1.0,1.0,1.0,1.0,793904.0,0.05899022143191336,0.04245509769062346,0.03893483061427055,0.025722112647481858,0.03394866250806731,0.02718891858094095,-0.0006644579892357192,0.0007661931837598485,-0.00031156403323014586,-0.0,0.0,0.0,0.0,1.0,0.0,0.0,203.47871991874885,202.46772663163523,202.87622180986435,433.88020302354073,438.57061136585975,435.5882948665481,78972.9318321806,79537.66491586795,78960.91347140307,75018.59404516833,790.4794294489064,45.45072094808752,906.2535687550989,0.0030371907739427774,11.097954134005077,46822.87423169201
2024-10-20 12:21:36.835548,1.0,1.0,1.0,1.0,1.0,1.0,1.0,793905.0,0.05921058163676667,0.0423322172659213,0.039532330954326636,0.024878534141836748,0.0337192770263005,0.02700992441274364,-0.0006072319423158965,0.0007439386099576951,-0.00032746015737454104,-0.0,0.0,0.0,0.0,1.0,0.0,0.0,201.9009469509275,202.44165928547736,202.61060072952372,435.9788556326504,441.6503429994488,440.8521816681497,79044.74789007983,80539.65615178896,80387.60059622522,75828.36781541297,796.974391393193,45.569370624571,908.5706914609731,0.003090585838514975,11.120691321843857,45565.11865756932
2024-10-20 12:21:36.839545,1.0,1.0,1.0,1.0,1.0,1.0,1.0,793906.0,0.05903435927679557,0.04183708658073959,0.04050858489526056,0.025418596266109744,0.03296275176192149,0.027045818015839475,-0.0006263072912891707,0.0007121463616689048,-0.0003401770566900572,-0.0,0.0,0.0,0.0,1.0,0.0,0.0,202.01967827642662,201.52496088208807,201.78435396018705,439.5541825596839,444.5086581901391,442.9724456547063,80067.55055818107,81021.98877222593,80663.59213974628,76403.42985467117,804.151279130343,45.5070728774205,907.2907433807482,0.003132166043002418,11.143396478691328,48969.04140407804
2024-10-20 12:21:36.921407,1.0,1.0,1.0,1.0,1.0,1.0,1.0,793907.0,0.05890184651872091,0.041774782619765874,0.039925697169818586,0.025759800744833576,0.033284918697807614,0.02708166404617134,-0.0006358449657758078,0.0007280424858133,-0.0003083848084012668,-0.0,0.0,0.0,0.0,1.0,0.0,0.0,201.5358035772909,201.11829511207802,201.43760023409908,441.45697744219837,446.6886182668234,444.7655118188323,80345.27671682842,81321.56029287526,80940.35759703038,76676.63499548183,805.1013479403701,45.617052946456795,909.460567448047,0.0031572529295896333,11.166155935878725,46195.04219764346
2024-10-20 12:21:36.925407,1.0,1.0,1.0,1.0,1.0,1.0,1.0,793908.0,0.05890184651872091,0.04139898983206045,0.04012093401707996,0.025684369248357337,0.033168129149298335,0.026757321039963047,-0.0006231280664602917,0.0007216840361555419,-0.00030202635874350875,-0.0,0.0,0.0,0.0,1.0,0.0,0.0,200.89791049163546,201.1592331679136,201.54601647028255,441.60599420251424,446.95538637292685,446.7725794449459,79834.44740012461,81197.23402178677,81211.6575787159,76551.96280007169,802.2063696536442,45.70725168600346,911.2585297679918,0.003157599555434622,11.188960387481396,46343.44851271972
2024-10-20 12:21:37.005933,1.0,1.0,1.0,1.0,1.0,1.0,1.0,793909.0,0.05894605053733933,0.04152463197171362,0.04037978143756249,0.025418596266109744,0.03299216966314644,0.026829736114304472,-0.0006358449657758078,0.0007248632609844209,-0.00031156403323014586,-0.0,0.0,0.0,0.0,1.0,0.0,0.0,201.93564354274545,200.94801313150305,201.17059062917684,441.74162576178975,446.75675817957944,443.8018620214959,80006.32515602147,80675.17846459462,80004.25070202092,76042.16298224861,796.65404515044,45.71809824412979,911.4987512356616,0.003131378772193218,11.211770850680836,47493.96866520056
2024-10-20 12:21:37.089828,1.0,1.0,1.0,1.0,1.0,1.0,1.0,793910.0,0.05827946992223283,0.04114655461363214,0.03986040571620479,0.025947420126718565,0.032785690042080325,0.02708166404617134,-0.0006708164388934773,0.0007153255864977838,-0.0002988471339146297,-0.0,0.0,0.0,0.0,1.0,0.0,0.0,201.04106199022914,201.6165432014316,202.32231232662477,437.0301192134839,442.3757096739231,443.4702769405394,78042.45338373282,79540.31912671513,79943.42551375713,75017.17519201722,784.2288744913918,45.81400345273305,913.4594226470016,0.003078367087662919,11.234630380127502,45125.88734562734
2024-10-20 12:21:37.093769,1.0,1.0,1.0,1.0,1.0,1.0,1.0,793911.0,0.059122536113507464,0.04057283328598263,0.04063698009803076,0.025910004937642474,0.03257790177388484,0.02700992441274364,-0.0006739956637223563,0.0006771748885512353,-0.000324280932545662,-0.0,0.0,0.0,0.0,1.0,0.0,0.0,202.69530636807278,201.90876425295443,201.7821953496548,433.509873456647,439.1341047564175,436.0763665256452,77516.56378475968,78469.5097774809,77569.50747420778,73733.69970564572,770.7502765764827,45.81448411719571,913.5319029192035,0.0030097244112322562,11.257491723409435,45922.47698981973
2024-10-20 12:21:37.175079,1.0,1.0,1.0,1.0,1.0,1.0,1.0,793912.0,0.059254555338807656,0.039663886495824224,0.040315225390783915,0.025494814117130813,0.032667115729434024,0.02679355304171941,-0.0006644579892357192,0.0006612787644068402,-0.0003083848084012668,-0.0,0.0,0.0,0.0,1.0,0.0,0.0,202.172546007948,202.5237076026097,203.31458011981712,426.4726179594071,432.1094697385155,432.858651101639,75318.54005525523,76768.83966452001,77056.99676122618,72310.96021502414,756.9324771201342,45.74717749298532,912.25945027981,0.002933623151185632,11.280321223275166,46114.323131458186
2024-10-20 12:21:37.179079,1.0,1.0,1.0,1.0,1.0,1.0,1.0,793913.0,0.05964885987276111,0.039663886495824224,0.04127296521748624,0.02522704420499114,0.032815266674204355,0.026611899740163612,-0.0006549203147490821,0.0006644579892357192,-0.00030202635874350875,-0.0,0.0,0.0,0.0,1.0,0.0,0.0,203.5975691067243,203.02291515503305,202.93385830293025,421.7293678500991,427.2693463292436,424.890455563596,74547.82792512103,75610.9084220209,74850.91060353357,70980.11494813695,743.4207064143695,45.7181386475303,911.745077135121,0.0028628635077058364,11.303137850836166,44651.05628904255
2024-10-20 12:21:37.260002,1.0,1.0,1.0,1.0,1.0,1.0,1.0,793914.0,0.05929849643148995,0.039729500910396995,0.04095620715673985,0.02526547079878701,0.032308781866774994,0.02657542007977932,-0.0006294865161180497,0.0006517410899202031,-0.00031156403323014586,-0.0,0.0,0.0,0.0,1.0,0.0,0.0,203.588651770664,203.3550281668402,204.0025712479021,416.500857044253,422.56178598252376,421.4090950922528,73329.04585306671,74558.31359794406,74339.37161509933,70086.0687031391,736.1574390023703,45.585366497758166,909.1433721921693,0.0028122596789039002,11.325889370140269,45906.93937250016
2024-10-20 12:21:37.342684,1.0,1.0,1.0,1.0,1.0,1.0,1.0,793915.0,0.05938628107826456,0.03966388649582423,0.04095620715673985,0.025111411613631566,0.03254810944778678,0.026355481787173698,-0.0006326657409469288,0.0006676372140645982,-0.0002988471339146297,-0.0,0.0,0.0,0.0,1.0,0.0,0.0,203.812812298018,203.7422250962982,204.48316194968106,415.34916235663474,420.4715117557452,419.44566936187056,73138.45169592653,74193.12518963913,74165.18162861487,69851.61501745932,735.2005535849846,45.49108612902423,907.2814016886322,0.00279210841949054,11.348594293209773,45217.58675038019
2024-10-20 12:21:37.346684,1.0,1.0,1.0,1.0,1.0,1.0,1.0,793916.0,0.0598232721159811,0.039400336158606504,0.04070102581168387,0.02507274890923307,0.032637404840404415,0.026244821472867705,-0.0006390241906046868,0.0006676372140645982,-0.0002861302345991135,-0.0,0.0,0.0,0.0,1.0,0.0,0.0,204.52632208994277,204.1274855586949,204.14414421116055,415.02848847553116,421.9701804037387,418.37458047701256,73548.66725787235,74826.95532764909,73855.49582282505,70090.10983921234,737.3490029484453,45.51351687793822,907.7265228399169,0.002794570595005652,11.37131035553715,43445.95443408083
2024-10-20 12:21:37.428123,1.0,1.0,1.0,1.0,1.0,1.0,1.0,793917.0,0.06103020321496355,0.03933417265909615,0.04089256110871732,0.024604058069758756,0.03242866644143693,0.026281760015388615,-0.0006612787644068402,0.0006326657409469288,-0.0002988471339146297,-0.0,0.0,0.0,0.0,1.0,0.0,0.0,203.76286789094004,203.99185938118706,205.16545058341282,417.1191957576082,421.39835541221845,421.8180286838473,73860.07512333994,74866.91022036601,75388.81183376392,70700.57423578165,744.8772388358159,45.44701064872857,906.3785506438626,0.002818295740624794,11.393992684554272,45377.337346474786
2024-10-20 12:21:37.433124,1.0,1.0,1.0,1.0,1.0,1.0,1.0,793918.0,0.06034348427369785,0.03966388649582423,0.04076497090344802,0.024485483605775776,0.032308781866774994,0.026059343378600053,-0.0006612787644068402,0.000642203415433566,-0.00027023411045471834,-0.0,0.0,0.0,0.0,1.0,0.0,0.0,204.55675160051288,204.11648340313783,203.72101628602678,419.65767178820244,426.7928960493384,422.49767584212964,75126.58190371787,76460.88491614201,75172.2378035158,71556.52784607591,755.0082485599719,45.38183943228192,905.0424393839893,0.0028583562214578146,11.41664157708376,45975.596713210405
2024-10-20 12:21:37.513498,1.0,1.0,1.0,1.0,1.0,1.0,1.0,793919.0,0.060773592954885436,0.03979500713939933,0.04012093401707996,0.024800422381866246,0.03242866644143693,0.026059343378600053,-0.0006898917878667515,0.000645382640262445,-0.00024480031182368605,-0.0,0.0,0.0,0.0,1.0,0.0,0.0,203.18934324744637,203.45828152719213,204.594819416288,423.9327612567437,428.03185000256974,429.012021743424,75769.41761945818,76814.66136906922,77432.10415173849,72609.56498505842,764.5446119943218,45.477784765124504,906.9062290280119,0.0029129236265151475,11.439337111372252,43933.649811408344
2024-10-20 12:21:37.516498,1.0,1.0,1.0,1.0,1.0,1.0,1.0,793920.0,0.06124322376914681,0.03933417265909615,0.04044423444177086,0.02404570852370771,0.03224867245309928,0.02557080478973271,-0.0006549203147490821,0.0006263072912891707,-0.0002670548856258393,-0.0,0.0,0.0,0.0,1.0,0.0,0.0,203.90094970566557,202.97638602344605,202.94010944587646,429.43483449378135,435.69495624695435,431.63177928959607,77734.12560753406,78676.55683387392,77596.94395101827,73896.76055753807,778.1509226260689,45.477784765124504,906.8447556306769,0.0029805098091453775,11.462031107275017,46309.04741957508
2024-10-20 12:21:37.598604,1.0,1.0,1.0,1.0,1.0,1.0,1.0,793921.0,0.06103020321496355,0.03986040571620479,0.039729500910396995,0.024166440873625895,0.032696799620819436,0.025418596266109744,-0.0006549203147490821,0.0006739956637223563,-0.00025433798631032317,-0.0,0.0,0.0,0.0,1.0,0.0,0.0,202.1871888342199,202.4818198102797,203.4694911355386,434.25094400863657,439.104874738654,439.5499518858017,78374.29956444487,79558.39084544574,79992.19947992737,75159.05943777328,789.8222354507021,45.57431726668153,908.7059308351778,0.0030504181578662856,11.484771679509842,45504.621287469825
2024-10-20 12:21:37.683083,1.0,1.0,1.0,1.0,1.0,1.0,1.0,793922.0,0.06141310821136006,0.04076497090344803,0.039400336158606504,0.025034026493987453,0.03251828982682399,0.025418596266109744,-0.0006835333382089934,0.0007057879120111467,-0.00025433798631032317,-0.0,0.0,0.0,0.0,1.0,0.0,0.0,202.57163882699552,201.72891597341686,202.09531155415857,439.01597203526626,444.32118002487374,441.6124578982694,79980.6366128166,80758.19100985337,80191.35724517971,76130.5585122611,799.3232978812595,45.61739293864289,909.5109380414721,0.003109472668902304,11.507532397232778,46970.43538491987
2024-10-20 12:21:37.686083,1.0,1.0,1.0,1.0,1.0,1.0,1.0,793923.0,0.060687815081570395,0.04139898983206046,0.03853134997827472,0.02526547079878701,0.03227874115189541,0.025494814117130813,-0.0006835333382089934,0.0007089671368400258,-0.00024480031182368605,-0.0,0.0,0.0,0.0,1.0,0.0,0.0,201.3119466012526,201.34046967448037,202.11086504360944,441.28082310979306,446.21853101384966,445.8635213548041,80164.43540305157,81249.501633483,81423.41534664358,76747.6525269285,805.1415144261739,45.65683242024911,910.2574927389272,0.003153039220454037,11.530311797656516,47384.12654653406
2024-10-20 12:21:37.767172,1.0,1.0,1.0,1.0,1.0,1.0,1.0,793924.0,0.06111550053571487,0.04076497090344803,0.03825999906698716,0.02526547079878701,0.032667115729434024,0.025494814117130813,-0.0006930710126956305,0.0007026086871822677,-0.00023844186216592797,-0.0,0.0,0.0,0.0,1.0,0.0,0.0,201.15847257343302,201.08053563625003,201.5136889383757,443.5979940305432,448.3392234361072,447.38996891050573,80601.76689651914,81620.30604526102,81562.54155355561,77050.03753929111,808.0203681192793,45.67450968646934,910.5880116614119,0.00317702596907652,11.553099469391332,47909.126010523134
2024-10-20 12:21:37.771984,1.0,1.0,1.0,1.0,1.0,1.0,1.0,793925.0,0.061962015932691586,0.041461858493688546,0.03832801689680105,0.02564657030330141,0.03245856839932655,0.02557080478973271,-0.0007121463616689048,0.0007216840361555419,-0.0002352626373370489,-0.0,0.0,0.0,0.0,1.0,0.0,0.0,201.47833738689937,200.9626753992928,201.0566639031599,443.97135240194984,449.4227481980706,447.9252596015319,80619.35387460953,81712.87319970886,81234.59529331452,76973.60225472022,804.9923019350372,45.80082988667784,913.1065668811935,0.0031768320132663196,11.575950168542345,45936.606081378835
2024-10-20 12:21:37.852341,1.0,1.0,1.0,1.0,1.0,1.0,1.0,793926.0,0.06191996501781567,0.04183708658073959,0.038463691717159486,0.025380401509347835,0.032368779656366614,0.02526547079878701,-0.0006867125630378724,0.0007280424858133,-0.00023208341250816986,-0.0,0.0,0.0,0.0,1.0,0.0,0.0,200.89252766535625,200.95045163099513,201.84200097964654,443.4716385766245,447.16744856159704,447.989618202054,79864.80106065887,80766.50024753307,81314.48056761044,76443.39138662869,798.9809598723779,45.82644993252618,913.639564664999,0.003152583267718696,11.598814206083912,47217.9498155071
2024-10-20 12:21:37.936104,1.0,1.0,1.0,1.0,1.0,1.0,1.0,793927.0,0.06073071916263212,0.0419614169784043,0.03853134997827472,0.02557080478973271,0.032667115729434024,0.024956401418756297,-0.0006708164388934773,0.0007630139589309693,-0.0002257249628504118,-0.0,0.0,0.0,0.0,1.0,0.0,0.0,202.10299571966138,201.46204242145103,201.1253521805785,439.68311752975626,446.02406283429553,443.2846631096428,79133.23151941778,80362.80704909214,79376.8602998305,75447.45102274498,786.9029055094505,45.92118748581014,915.576853755256,0.0030997630035442003,11.62172672472481,45330.72491752401
2024-10-20 12:21:37.938638,1.0,1.0,1.0,1.0,1.0,1.0,1.0,793928.0,0.06034348427369785,0.042023444236177564,0.03866631133712533,0.025759800744833576,0.03245856839932655,0.025111411613631566,-0.0006580995395779611,0.0007598347341020903,-0.00024797953665256506,-0.0,0.0,0.0,0.0,1.0,0.0,0.0,201.69843781585195,201.51461356068444,202.85956211564041,435.60826574885766,438.91802820146995,439.8201649880261,77573.87670240835,78221.97392889108,78965.37717614713,74119.04616087227,772.4686234659974,45.95237479763349,916.2634350762166,0.0030292894422907805,11.64465642521915,45486.54287272705
2024-10-20 12:21:38.021472,1.0,1.0,1.0,1.0,1.0,1.0,1.0,793929.0,0.05977971676101448,0.04245509769062346,0.03805521615625162,0.026059343378600053,0.03290383705573704,0.025684369248357337,-0.000642203415433566,0.0007884477575620017,-0.00024797953665256506,-0.0,0.0,0.0,0.0,1.0,0.0,0.0,202.82069134194666,202.64928312465514,202.19074086260468,428.6627660026449,435.7469512363513,432.503470124669,76139.34163416941,77631.05462232693,76532.90141760177,72681.76671828661,758.5664969869857,45.88359729673042,914.9622999550253,0.0029527392567542873,11.667553564511667,46266.16225521303
2024-10-20 12:21:38.025472,1.0,1.0,1.0,1.0,1.0,1.0,1.0,793930.0,0.05973612964857622,0.0440213406934204,0.037503662109375,0.026318646714264433,0.032637404840404415,0.02613369258354722,-0.0006644579892357192,0.0008234192306796712,-0.0002257249628504118,-0.0,0.0,0.0,0.0,1.0,0.0,0.0,202.87665303583537,202.72272347853888,203.6740259068513,424.08872975798687,427.72470207847323,427.6449501361083,74834.74111368888,75545.7151564793,75909.45206979914,71390.73676343942,746.8444757738059,45.772732644738156,912.8156409084751,0.0028827337082651863,11.69039698317416,46224.10061257273
2024-10-20 12:21:38.106896,1.0,1.0,1.0,1.0,1.0,1.0,1.0,793931.0,0.059386281078264554,0.044139519001880914,0.03764230828317236,0.02657542007977932,0.03224867245309928,0.026428997918226275,-0.0006930710126956305,0.0008043438817063969,-0.00022890418767929085,-0.0,0.0,0.0,0.0,1.0,0.0,0.0,203.48854883465003,203.50335524753453,203.43032741235865,418.63953156854194,424.21547672621193,421.926253582866,73777.34501974635,74989.77352748353,74402.56504351938,70390.03040082689,737.746272982364,45.685276033713606,911.119854585686,0.002829868081215096,11.713197964398908,45274.44951661613
2024-10-20 12:21:38.109893,1.0,1.0,1.0,1.0,1.0,1.0,1.0,793932.0,0.0587690349708767,0.043843475963241854,0.03764230828317236,0.026022089115979988,0.03191604715477278,0.026901956261409284,-0.0006580995395779611,0.0007757308582464856,-0.00024480031182368605,-0.0,0.0,0.0,0.0,1.0,0.0,0.0,204.0118253578078,203.8077005862275,203.70578018700675,416.93862132599816,421.9812423106874,419.5746285408608,73566.54638614788,74596.81779032691,73986.76309397384,70062.5398053986,736.2240963170126,45.56563621796806,908.7558740376041,0.00280567828519521,11.735939786473715,45710.40462414111
2024-10-20 12:21:38.191188,1.0,1.0,1.0,1.0,1.0,1.0,1.0,793933.0,0.05947393615339293,0.043784027154931265,0.03694387454679471,0.025835012001953723,0.03151841915858901,0.026865870455412305,-0.0006739956637223563,0.0007566555092732113,-0.0002352626373370489,-0.0,0.0,0.0,0.0,1.0,0.0,0.0,204.02006389491794,203.57565991829657,204.57275004429513,417.71810625757433,421.31366082346943,420.6199137240988,73890.19151876679,74452.06511833664,74698.89720281774,70350.81681762428,740.1240919237888,45.5122853297393,907.6867273411451,0.0028113060408865463,11.758654852909698,44868.0340237787
2024-10-20 12:21:38.273974,1.0,1.0,1.0,1.0,1.0,1.0,1.0,793934.0,0.05951771528052355,0.044316195568033935,0.03673175485356617,0.025872535641194412,0.03120910432259612,0.026757321039963047,-0.0006644579892357192,0.0007566555092732113,-0.0002257249628504118,-0.0,0.0,0.0,0.0,1.0,0.0,0.0,204.27065393123706,204.20163518017526,203.60835456462718,418.5713408034933,425.34200678053304,421.53013644487413,74400.81880359247,75837.46316934326,74651.0253378238,70948.11681372969,746.9829740189666,45.478406291851684,906.9880214174399,0.0028366258076812823,11.781352434071305,44975.70803140573
2024-10-20 12:21:38.278971,1.0,1.0,1.0,1.0,1.0,1.0,1.0,793935.0,0.05885760930142632,0.04354542032592321,0.03608791569074071,0.025759800744833576,0.0313331966781849,0.02697398304697218,-0.0006612787644068402,0.000734400935471058,-0.0002352626373370489,-0.0,0.0,0.0,0.0,1.0,0.0,0.0,203.62182060705825,203.21473091232417,204.63808557550468,422.7101180673799,425.7644720054968,425.88658856324156,75327.54576162012,75747.27312401029,76393.64193722325,71782.1141922431,755.7941981826382,45.478406291851684,906.9515214660315,0.0028767546890389774,11.80404910181334,44938.22149206255
2024-10-20 12:21:38.359877,1.0,1.0,1.0,1.0,1.0,1.0,1.0,793936.0,0.058813338810543125,0.04336560364453033,0.035725213865335635,0.02564657030330141,0.03188563643118791,0.027224576194402335,-0.0006644579892357192,0.0007471178347865742,-0.00024480031182368605,-0.0,0.0,0.0,0.0,1.0,0.0,0.0,203.76470625184908,203.73561330599213,203.07936601989903,425.308518475128,433.2301453264449,428.79438571401636,76336.05707494577,77986.42885415937,76590.73275737226,72893.16727207419,767.962050822789,45.45309257323022,906.3969666114688,0.0029314670380702307,11.826731891694234,46137.856646826454
2024-10-20 12:21:38.363876,1.0,1.0,1.0,1.0,1.0,1.0,1.0,793937.0,0.059386281078264554,0.04354542032592321,0.035725213865335635,0.02507274890923307,0.03170255949350469,0.02740216826792598,-0.000645382640262445,0.000734400935471058,-0.00026069643596808123,-0.0,0.0,0.0,0.0,1.0,0.0,0.0,202.5904963600541,202.6170217490786,203.85519263362323,431.26696783345693,435.5465506798622,435.94837060195147,77422.94276530376,78299.98475085327,78898.2321552561,74087.68438627146,780.4058138502186,45.46426760479595,906.5607392748436,0.0029964332041586264,11.84941878002321,46444.52160710387
2024-10-20 12:21:38.445873,1.0,1.0,1.0,1.0,1.0,1.0,1.0,793938.0,0.059605177069485184,0.04263875434188018,0.035725213865335635,0.024761274097977876,0.03185519667586617,0.027260187166059602,-0.0006358449657758078,0.0007026086871822677,-0.00023844186216592797,-0.0,0.0,0.0,0.0,1.0,0.0,0.0,202.90244277385156,202.57716932318834,202.06840963473962,436.096900978049,443.07762847116345,439.4451660357996,78958.9950854048,80358.91375471237,79188.64040701506,75338.98617731464,792.5477893596408,45.52695538512504,907.748823626625,0.003064430788608704,11.872135400432837,46219.166530239825
2024-10-20 12:21:38.528178,1.0,1.0,1.0,1.0,1.0,1.0,1.0,793939.0,0.05973612964857622,0.04276075388833108,0.036943874546794715,0.024406113920105138,0.0313331966781849,0.026355481787173698,-0.0006390241906046868,0.0006930710126956305,-0.00023208341250816988,-0.0,0.0,0.0,0.0,1.0,0.0,0.0,201.73435253336086,201.72219535727936,202.53229416339923,440.50824430217835,445.4601507992263,445.36084355418876,79734.45030379886,80821.49961209546,81074.8939371868,76346.70631618923,803.2054979126964,45.526427753781164,907.6847006588204,0.00312330063780021,11.894850416150636,47855.91701905805
2024-10-20 12:21:38.532176,1.0,1.0,1.0,1.0,1.0,1.0,1.0,793940.0,0.059692510709099,0.041774782619765874,0.037780445658522906,0.024406113920105138,0.03148762440853117,0.026244821472867705,-0.0006390241906046868,0.0006771748885512353,-0.00021618728836377468,-0.0,0.0,0.0,0.0,1.0,0.0,0.0,201.7796701766112,201.3532746746464,201.49289140280007,443.0176463744088,449.0990151746443,447.43125859912743,80489.02821225423,81722.83716659552,81214.77625580928,76925.75043583613,806.5273969697861,45.68458073287336,910.8020492979354,0.003162517104433476,11.917643444225902,45511.81301683255
2024-10-20 12:21:38.613084,1.0,1.0,1.0,1.0,1.0,1.0,1.0,793941.0,0.059910287830504866,0.04214722489965788,0.0378493252884673,0.024564596844570415,0.03157991857152382,0.025947420126718565,-0.0006580995395779611,0.0006962502375245095,-0.00021618728836377468,-0.0,0.0,0.0,0.0,1.0,0.0,0.0,201.43336481580704,201.0222679452571,201.40311549157795,445.0519087760214,450.54865955955705,449.1476927491817,80774.34970795824,81844.74788767651,81554.30584318998,77162.44425215124,807.8534614293367,45.75078132653997,912.1048563971684,0.0031811152173071267,11.94046907534462,47109.476292438056
2024-10-20 12:21:38.617083,1.0,1.0,1.0,1.0,1.0,1.0,1.0,793942.0,0.06038663299874921,0.042455097690623465,0.0378493252884673,0.024917498197257262,0.03167194378429309,0.025797433782787597,-0.0006898917878667515,0.0007057879120111467,-0.00021936651319265368,-0.0,0.0,0.0,0.0,1.0,0.0,0.0,201.02813274065815,200.85471015659434,201.89785895807506,444.9511240119582,450.17422070005534,449.7618899613992,80442.17482259891,81460.35264836192,81707.54635734991,76975.90985502655,805.0268882682498,45.800116862406725,913.0947100744287,0.003174257374103413,11.96331947777635,47205.39382954334
2024-10-20 12:21:38.699089,1.0,1.0,1.0,1.0,1.0,1.0,1.0,793943.0,0.059692510709099,0.04282162331969714,0.03819186010094626,0.025034026493987453,0.03221857569203676,0.025872535641194412,-0.0006708164388934773,0.000734400935471058,-0.0002289041876792908,-0.0,0.0,0.0,0.0,1.0,0.0,0.0,201.59764061987454,201.56635881418728,201.12134629597068,442.37277157811144,449.55570769525275,446.4511538062179,79703.55721102945,81275.71321256932,80248.50552372688,76202.7834227428,793.64940356731,45.988336613182284,916.8821601511153,0.0031361996594845573,11.986264662006166,44224.6450041718
2024-10-20 12:21:38.781615,1.0,1.0,1.0,1.0,1.0,1.0,1.0,793944.0,0.05921058163676667,0.042332217265921304,0.037918079796158174,0.02468279125681748,0.03221857569203676,0.025835012001953723,-0.0006739956637223563,0.0007121463616689048,-0.00022254573802153277,-0.0,0.0,0.0,0.0,1.0,0.0,0.0,201.58980972140432,201.25149723497566,202.54641223857737,439.14352660669203,443.3834884527629,443.7301978604156,78569.84871242131,79332.1323832731,79865.31500414317,75084.95752877784,781.9610467565535,45.988336613182284,916.9363762134126,0.0030772542112577953,12.00921120300525,46647.057600648885
2024-10-20 12:21:38.785615,1.0,1.0,1.0,1.0,1.0,1.0,1.0,793945.0,0.059122536113507464,0.04220897910845452,0.03859888964444313,0.024643456106314375,0.03188563643118791,0.026059343378600053,-0.0006771748885512353,0.0007026086871822677,-0.00021300806353489562,-0.0,0.0,0.0,0.0,1.0,0.0,0.0,202.2851006370746,202.53767226712938,201.79430665795113,432.94200071052245,440.27654291818857,437.1601578261298,77036.24337693854,78799.72015409975,77657.95006676769,73707.20066495618,768.5595401402994,45.92841331912116,915.8066263924765,0.003006461349707633,12.032129471758564,46747.60825239284
2024-10-20 12:21:38.867165,1.0,1.0,1.0,1.0,1.0,1.0,1.0,793946.0,0.05907846414606075,0.04214722489965789,0.03866631133712533,0.024643456106314375,0.031641298451732976,0.026022089115979988,-0.0006676372140645982,0.0007057879120111467,-0.00019075348973274234,-0.0,0.0,0.0,0.0,1.0,0.0,0.0,202.70418282590185,202.05233226157978,203.1606582163551,427.91660980778147,432.207112989584,431.4458508743681,75870.93944295726,76497.54573177232,76675.41340051412,72277.86448536924,753.7013920705061,45.9222472495427,915.7509483195885,0.0029332151981002756,12.055046347155463,44896.13755096569
2024-10-20 12:21:38.871161,1.0,1.0,1.0,1.0,1.0,1.0,1.0,793947.0,0.05890184651872091,0.04183708658073959,0.03839591423416136,0.025303839037745666,0.03127121205432006,0.026022089115979988,-0.0006867125630378724,0.0006867125630378724,-0.00019075348973274234,-0.0,0.0,0.0,0.0,1.0,0.0,0.0,202.97536683609482,203.11157882726468,203.0153271328938,422.0973756401659,427.7176668134541,425.17769745514386,74541.98950382957,75794.32918253464,75167.55772120928,71143.59798971566,744.2759427462993,45.7712914869397,912.7949438450805,0.002873947629885108,12.077889247869244,46736.575022037105
2024-10-20 12:21:38.952601,1.0,1.0,1.0,1.0,1.0,1.0,1.0,793948.0,0.05885760930142632,0.042332217265921304,0.038055216156251626,0.02557080478973271,0.031178004061435775,0.026318646714264433,-0.0007089671368400258,0.0007153255864977838,-0.00021300806353489562,-0.0,0.0,0.0,0.0,1.0,0.0,0.0,203.25320329963225,203.13699810754107,203.44828494462624,417.7706051844328,423.2809962328408,421.2308935338711,73761.2743701121,74864.97107727482,74467.43652407645,70375.2007195188,738.0627077008688,45.656284108431166,910.537352617623,0.0028345819217932087,12.100675651849988,45753.190197214404
2024-10-20 12:21:38.955600,1.0,1.0,1.0,1.0,1.0,1.0,1.0,793949.0,0.05850250736160358,0.04196141697840431,0.037711440220720746,0.025684369248357337,0.03139505892336215,0.02668470945144587,-0.0006930710126956305,0.0007185048113266629,-0.0002289041876792908,-0.0,0.0,0.0,0.0,1.0,0.0,0.0,203.41529083237035,202.9233301499198,203.78788808791703,417.44622245919857,420.86321169835537,419.3126264052446,73856.15183485158,74309.62925036663,74377.34094884577,70203.66734757023,737.3010600753125,45.59158792067783,909.2563095246535,0.002824478161831067,12.123429997436478,44885.43385592912
2024-10-20 12:21:39.037616,1.0,1.0,1.0,1.0,1.0,1.0,1.0,793950.0,0.058234759927219014,0.04164989509779679,0.03757304914762413,0.025722112647481858,0.031641298451732976,0.026318646714264433,-0.0006930710126956305,0.0007153255864977838,-0.00022890418767929085,-0.0,0.0,0.0,0.0,1.0,0.0,0.0,203.0878027182966,203.7499093179465,203.0671668482708,416.9594672433403,424.3089068331785,421.1530195510843,73841.62395943706,75685.97064603178,74641.52129948119,70730.8608139178,745.3630914140498,45.43821097971921,906.1757624454059,0.0028483264340377597,12.146107251632891,46837.79890202622
2024-10-20 12:21:39.121676,1.0,1.0,1.0,1.0,1.0,1.0,1.0,793951.0,0.05796577576438692,0.04108320345271294,0.03722482060496381,0.02557080478973271,0.03151841915858901,0.026829736114304472,-0.0006549203147490821,0.0006994294623533886,-0.00023208341250816988,-0.0,0.0,0.0,0.0,1.0,0.0,0.0,203.20165108818492,202.36568025288724,203.53415704019,422.3722673719744,425.61515612185866,424.19688519894896,75339.89259625124,75596.11055548374,75790.1502769872,71556.41334272237,754.3521728560376,45.4226962801487,905.828124042101,0.0028904069726266852,12.168775806099333,45126.11015970927
2024-10-20 12:21:39.125673,1.0,1.0,1.0,1.0,1.0,1.0,1.0,793952.0,0.057196784867349394,0.04120980838596827,0.03694387454679471,0.025494814117130813,0.03185519667586617,0.02697398304697218,-0.0006549203147490821,0.0007248632609844209,-0.00020982883870601657,-0.0,0.0,0.0,0.0,1.0,0.0,0.0,202.54705370104435,203.141624478571,202.158735976844,424.33463995203437,432.85703839018134,429.3264144040138,75761.03955980967,77889.95846232923,76538.04242211569,72671.8330399708,765.6822421275294,45.450822348228556,906.3353554907599,0.002949442205104347,12.191457054147941,45119.4097399136
2024-10-20 12:21:39.206758,1.0,1.0,1.0,1.0,1.0,1.0,1.0,793953.0,0.05774066510518514,0.04089256110871732,0.036802597262395625,0.025608715566353565,0.03170255949350469,0.027508173183166423,-0.0006676372140645982,0.0007089671368400258,-0.00021936651319265368,-0.0,0.0,0.0,0.0,1.0,0.0,0.0,202.07873691433804,201.26665183333068,202.64994957368893,432.2630842641993,435.4367163914358,434.8749194895844,77649.57503061378,77924.51964556784,78370.70498387003,73882.33181191499,778.4906986837012,45.450822348228556,906.2719697155487,0.0030191722693103805,12.214136715953133,46324.042297233056
2024-10-20 12:21:39.209758,1.0,1.0,1.0,1.0,1.0,1.0,1.0,793954.0,0.05733323862358269,0.041461858493688546,0.036802597262395625,0.026355481787173698,0.03197678183797181,0.027788876097916127,-0.0006771748885512353,0.0007566555092732113,-0.00021300806353489565,-0.0,0.0,0.0,0.0,1.0,0.0,0.0,201.4787424753663,201.6588676917969,200.90381478553195,435.3918469361605,443.5875057482343,439.3710052139226,78449.45779242466,80263.09909891205,78887.82523757566,75060.19174497988,789.6181376358421,45.52791525554669,907.745147400482,0.0030894866310720837,12.236853244364367,45803.447685310966
2024-10-20 12:21:39.293492,1.0,1.0,1.0,1.0,1.0,1.0,1.0,793955.0,0.057060004795434646,0.0420853800755884,0.03608791569074071,0.026829736114304472,0.03212811624624381,0.027718966864906235,-0.0006803541133801144,0.0007757308582464856,-0.00022572496285041177,-0.0,0.0,0.0,0.0,1.0,0.0,0.0,200.55779348192064,200.13019847936835,201.37207113091614,441.73115088864057,446.3707496933426,445.23947738349545,79798.0139276174,80478.09343153053,80739.34907466114,76159.9754242965,800.2465501371505,45.58457559380507,908.812656733602,0.0031577075194822325,12.259596487439032,46802.5902189282
2024-10-20 12:21:39.374500,1.0,1.0,1.0,1.0,1.0,1.0,1.0,793956.0,0.05673956902203054,0.042023444236177564,0.03630379747090976,0.027045818015839475,0.03203740138402003,0.02782376484498668,-0.0007089671368400258,0.0007502970596154532,-0.00023844186216592797,-0.0,0.0,0.0,0.0,1.0,0.0,0.0,200.03750328367698,200.1617546477922,199.8901656557073,445.3946878235431,451.9572975183638,448.7207367749867,80506.73690979317,81905.80051645661,81081.45440177944,76955.35076321552,807.8956214105747,45.627104143924356,909.6094208273001,0.0032137280090537394,12.282359669716042,47504.92101587259
2024-10-20 12:21:39.378499,1.0,1.0,1.0,1.0,1.0,1.0,1.0,793957.0,0.05687711969423726,0.042393702000235525,0.03594327416403232,0.02715321414192533,0.03221857569203676,0.02792816958270741,-0.0007248632609844209,0.0007757308582464856,-0.00023208341250816988,-0.0,0.0,0.0,0.0,1.0,0.0,0.0,199.55360294671027,199.46415405769986,199.69978490720186,448.18957299459,454.18192266554286,451.93830575473794,80948.92695946511,82152.14686796341,81723.03691246342,77379.64603922736,811.2526398462173,45.69037567954373,910.8397968981963,0.003247638751640861,12.305153642433575,47365.12021606742
2024-10-20 12:21:39.460021,1.0,1.0,1.0,1.0,1.0,1.0,1.0,793958.0,0.05733323862358267,0.043003714672582107,0.0361600194902826,0.027613771165243314,0.032067668184708895,0.02789341142414604,-0.0007630139589309693,0.0007884477575620017,-0.00024480031182368605,-0.0,0.0,0.0,0.0,1.0,0.0,0.0,199.3375829538697,199.10546032824334,199.66050803339093,449.60444166340426,454.97153362036477,452.88288696861065,80991.67042220733,81952.56782626153,81737.8136223317,77326.86347557484,806.97842223059,45.901275331949876,915.0395264779377,0.0032526113266633508,12.328052714337362,44684.84877110493
2024-10-20 12:21:39.464021,1.0,1.0,1.0,1.0,1.0,1.0,1.0,793959.0,0.05728779015141939,0.042943103346232976,0.03630379747090976,0.02789341142414604,0.03203740138402003,0.028066771771894115,-0.0007979854320486388,0.0007852685327331227,-0.000241621086994807,-0.0,0.0,0.0,0.0,1.0,0.0,0.0,199.3064163984332,199.63594275437598,199.09897171766738,447.41957651094185,455.3113727295156,451.849122652617,80139.38274808523,81960.07204860597,80862.67517078816,76766.08210145804,800.3478219360688,45.944839538028425,915.9293817048404,0.003229317030558059,12.350974055070239,47030.16455610889
2024-10-20 12:21:39.544867,1.0,1.0,1.0,1.0,1.0,1.0,1.0,793960.0,0.057287790151419396,0.04354542032592321,0.03630379747090976,0.028066771771894115,0.0321582976678794,0.028410319099464804,-0.000813881556193034,0.0007979854320486388,-0.0002893094594279926,-0.0,0.0,0.0,0.0,1.0,0.0,0.0,199.76835101469612,198.9265559849414,200.0260575063383,445.56995874608975,450.1674230078407,447.68482976855125,79517.62438776447,79966.48321899184,79901.16345030666,75610.11888444038,786.3495800807024,46.055911470018714,918.1965227467565,0.0031719127473133885,12.373952131522428,45049.12430352635
2024-10-20 12:21:39.548807,1.0,1.0,1.0,1.0,1.0,1.0,1.0,793961.0,0.05774066510518515,0.04384347596324186,0.0361600194902826,0.028066771771894115,0.03221857569203676,0.028135816825234642,-0.0008520322541395825,0.0008043438817063969,-0.0002861302345991135,-0.0,0.0,0.0,0.0,1.0,0.0,0.0,199.56500824158275,200.2873605613798,199.91068523082876,438.05965325213384,446.2271063002181,443.01543230766606,77360.65309590797,79337.6230330105,78391.17027626277,74227.73227170361,772.4075676587673,46.026703402141365,917.6795515884279,0.0031009351565537296,12.396917270654004,46495.5091667433
2024-10-20 12:21:39.631158,1.0,1.0,1.0,1.0,1.0,1.0,1.0,793962.0,0.05805557562576054,0.04384347596324186,0.036447008273383014,0.02789341142414604,0.03188563643118791,0.027858609899147853,-0.0008107023313641549,0.0007916269823908809,-0.0002893094594279926,-0.0,0.0,0.0,0.0,1.0,0.0,0.0,200.4120953725614,199.70416349048412,200.4797254835591,433.97926910086807,438.35531886821803,435.6658151732963,76534.69331408049,77029.29887004517,76788.17696649015,72708.50039564213,757.2039147774735,45.986480289184364,916.9459124758661,0.003026643146329368,12.419864050300221,45731.87736579339
2024-10-20 12:21:39.714393,1.0,1.0,1.0,1.0,1.0,1.0,1.0,793963.0,0.057695537575739225,0.04336560364453033,0.037084613626145846,0.028066771771894115,0.03188563643118791,0.027224576194402335,-0.0007852685327331227,0.0007916269823908807,-0.00030202635874350875,-0.0,0.0,0.0,0.0,1.0,0.0,0.0,200.2147619893902,200.76033534695443,200.68257580389655,426.5602427204288,433.6299603353014,430.4806597235649,74683.9357039896,76289.14542287632,75569.951691597,71488.86737654034,746.2621979583214,45.87511622601107,914.7835693791457,0.0029632133547971627,12.442756716819497,46221.399832754745
2024-10-20 12:21:39.717396,1.0,1.0,1.0,1.0,1.0,1.0,1.0,793964.0,0.05783081452011861,0.043664886724146465,0.037503662109375,0.02768394604629166,0.031549183850304155,0.02700992441274364,-0.0007948062072197598,0.0007852685327331227,-0.00031474325805902487,-0.0,0.0,0.0,0.0,1.0,0.0,0.0,200.63674157657675,200.80474329800754,200.78643554698334,423.66292453986915,429.1330565865053,426.76410560515615,74210.31301927654,75407.51197524494,74882.8419066419,70839.60287577561,741.4569803298915,45.75153220906595,912.3501373738708,0.002929417527700907,12.465588486150347,46125.74676982407
2024-10-20 12:21:39.799636,1.0,1.0,1.0,1.0,1.0,1.0,1.0,793965.0,0.05850250736160358,0.043003714672582107,0.037711440220720746,0.02775394349316061,0.03191604715477278,0.026865870455412305,-0.0008107023313641549,0.0007693724085887275,-0.0003083848084012668,-0.0,0.0,0.0,0.0,1.0,0.0,0.0,201.10747795445198,200.44471715819458,200.85712476008558,422.64143603451083,427.4898694973737,424.3543229195326,74388.20467660525,75030.65801099633,74510.925598113,70663.36238239036,743.1339972963491,45.53427889233522,908.0265572212626,0.0029198009610838047,12.488312056906237,47748.8215742995
2024-10-20 12:21:39.803187,1.0,1.0,1.0,1.0,1.0,1.0,1.0,793966.0,0.058946050537339326,0.04336560364453033,0.03757304914762413,0.02799755644637631,0.03170255949350469,0.026757321039963047,-0.0008107023313641549,0.0007757308582464857,-0.00030520558357238775,-0.0,0.0,0.0,0.0,1.0,0.0,0.0,200.2814872846417,201.0344105973954,200.82231342953014,421.50543679400977,428.2466652683175,426.65097836634146,73994.9237649163,75761.6652265304,75240.33439815675,71013.3089256603,747.0472609132075,45.52086920992629,907.7433034435878,0.0029372030909670557,12.51102853917203,44643.48181309314
2024-10-20 12:21:39.885332,1.0,1.0,1.0,1.0,1.0,1.0,1.0,793967.0,0.05885760930142632,0.043003714672582107,0.0378493252884673,0.02764888086939877,0.03173314566510837,0.02679355304171941,-0.0007757308582464856,0.0007630139589309693,-0.00029566790908575063,-0.0,0.0,0.0,0.0,1.0,0.0,0.0,200.9862751445533,199.66086276281848,200.53976393094788,427.09284546888733,430.8136474596998,427.9668635480125,75807.77863937653,75925.72155542769,75645.32246975206,71781.95467675617,755.9930576971861,45.47103646358903,906.710938304427,0.0029796890263579946,12.533719186265824,45801.72436238404
2024-10-20 12:21:39.967471,1.0,1.0,1.0,1.0,1.0,1.0,1.0,793968.0,0.0583241456435673,0.04276075388833108,0.03798670986099516,0.027543417493819798,0.032097906445255474,0.02708166404617134,-0.000731221710642179,0.0007566555092732113,-0.0002893094594279926,-0.0,0.0,0.0,0.0,1.0,0.0,0.0,199.26362536390616,200.312443184071,199.94588055283043,429.34090753281413,436.7154791092411,435.01239050382407,75776.40585121165,77797.32084960848,77204.37831014146,72875.46743495886,768.5845769935345,45.41037667087738,905.442905277324,0.0030440488968644453,12.556378100545215,46756.23749280068
2024-10-20 12:21:39.971471,1.0,1.0,1.0,1.0,1.0,1.0,1.0,793969.0,0.05872469770694884,0.04263875434188018,0.038055216156251626,0.02740216826792598,0.03194642892952922,0.027045818015839475,-0.0007407593851288161,0.0007534762844443322,-0.0002988471339146297,-0.0,0.0,0.0,0.0,1.0,0.0,0.0,199.67403670370936,198.5324174628211,199.5543643523097,438.2132932568509,441.9120446825677,439.26251943143063,78234.83790764704,78380.39758867995,78274.46963934993,74195.84286782409,781.7653701028665,45.45709593237679,906.3053136567007,0.003120090420046751,12.579058596790105,45812.16631345857
2024-10-20 12:21:40.052612,1.0,1.0,1.0,1.0,1.0,1.0,1.0,793970.0,0.05916657525265935,0.04269979768643891,0.03729472643293347,0.02715321414192533,0.031641298451732976,0.026865870455412305,-0.0007185048113266629,0.0007407593851288161,-0.0002734133352835974,-0.0,0.0,0.0,0.0,1.0,0.0,0.0,198.06802631021537,199.0621732889352,198.40497344756957,442.1933730025532,449.6228857725993,447.55974567557683,78600.62309726293,80654.93949984861,79871.55240160269,75554.64740033228,796.1494693886382,45.45709593237679,906.2289986749848,0.0032040321899185673,12.601737183235251,47407.2857060005
2024-10-20 12:21:40.055615,1.0,1.0,1.0,1.0,1.0,1.0,1.0,793971.0,0.0586803269429961,0.04269979768643891,0.0373645014732293,0.027224576194402335,0.03203740138402003,0.02700992441274364,-0.0007026086871822677,0.0007471178347865742,-0.00026069643596808123,-0.0,0.0,0.0,0.0,1.0,0.0,0.0,198.128328110369,197.22066155524237,198.008253957777,450.83059600839874,454.4384432863331,452.26231799815935,80809.93915252802,81099.69774969704,81024.20135711787,76774.67845125013,807.1072802584217,45.56759209147739,908.3602548519902,0.003282581808966242,12.624469104850114,46338.900602964735
2024-10-20 12:21:40.140836,1.0,1.0,1.0,1.0,1.0,1.0,1.0,793972.0,0.05894605053733933,0.04245509769062346,0.03722482060496381,0.027613771165243314,0.032368779656366614,0.02733126991297999,-0.0007375801602999371,0.0007566555092732113,-0.0002638756607969603,-0.0,0.0,0.0,0.0,1.0,0.0,0.0,197.10563002936172,197.39284593322964,197.0808163087826,453.70037997583177,459.9527873456417,457.60239498713213,81122.11029397564,82602.11612063086,81937.75622104661,77647.46849081702,815.2209301062741,45.629663974603865,909.5432641020175,0.0033421409718877725,12.647230631540053,47634.465015891874
2024-10-20 12:21:40.221025,1.0,1.0,1.0,1.0,1.0,1.0,1.0,793973.0,0.05885760930142632,0.043003714672582107,0.03729472643293347,0.027718966864906235,0.032667115729434024,0.02775394349316061,-0.0007725516334176065,0.0007820893079042436,-0.0002734133352835974,-0.0,0.0,0.0,0.0,1.0,0.0,0.0,196.87941951662827,196.56651965262486,196.76093180802457,457.52308713344604,462.66776395878907,460.09728319438227,81893.07553023486,82802.4344833016,82353.3310846309,78087.38069669808,816.7121224238216,45.806055154380786,913.0261904839571,0.003378278912283468,12.670079319253476,45857.294868201294
2024-10-20 12:21:40.225022,1.0,1.0,1.0,1.0,1.0,1.0,1.0,793974.0,0.059122536113507464,0.042577623479846755,0.03729472643293347,0.027962884536546752,0.032933307582966455,0.02789341142414604,-0.0007884477575620017,0.0007852685327331227,-0.00025433798631032317,-0.0,0.0,0.0,0.0,1.0,0.0,0.0,196.71669782972728,196.09426797460114,196.7406573086234,458.3968044592288,463.5914677170679,460.6924875752666,81795.72743230156,82491.60688015346,82147.05738368108,77880.42839493671,813.3451545024883,45.873729488760205,914.376024536628,0.0033772763552342637,12.692961786870539,47432.15289902578
2024-10-20 12:21:40.306573,1.0,1.0,1.0,1.0,1.0,1.0,1.0,793975.0,0.05890184651872091,0.04318503823719134,0.03764230828317236,0.02768394604629166,0.032933307582966455,0.02792816958270741,-0.0007693724085887275,0.0008011646568775178,-0.000241621086994807,-0.0,0.0,0.0,0.0,1.0,0.0,0.0,196.18880655368417,196.89486431183425,196.6249938618356,456.00346515804716,462.35815178550746,459.80634770999063,80570.29109776071,82160.5666250821,81575.01432988138,77188.31617591996,804.4871248031113,45.96517526843401,916.2286149460266,0.0033448044140988254,12.715890615983215,46489.50271019687
2024-10-20 12:21:40.310524,1.0,1.0,1.0,1.0,1.0,1.0,1.0,793976.0,0.05850250736160359,0.0434855640497593,0.038463691717159486,0.02733126991297999,0.03290383705573704,0.02820469285687616,-0.0007407593851288162,0.0008265984555085503,-0.000241621086994807,-0.0,0.0,0.0,0.0,1.0,0.0,0.0,197.20974842917076,196.23168371054314,196.87872253204196,453.517132833409,458.29277439972714,454.9686765575412,80030.61743940624,80483.58702492945,80039.94131928109,75976.47689920623,791.5032227868855,45.98289799834646,916.6379751157386,0.0032838130942716023,12.73882968942708,46891.74664852878
2024-10-20 12:21:40.391986,1.0,1.0,1.0,1.0,1.0,1.0,1.0,793977.0,0.05796577576438692,0.044725726870264354,0.038055216156251626,0.027508173183166423,0.03296275176192149,0.02858054422421529,-0.0007566555092732113,0.0008679283782839778,-0.0002352626373370489,-0.0,0.0,0.0,0.0,1.0,0.0,0.0,196.62606692000003,197.53763720373476,197.401806435597,446.19651233641525,452.3954094728628,450.28106238936397,77684.26820163148,79303.63757294473,78899.24883253282,74476.53958934639,775.7360280245939,45.98753583953471,916.8048659703028,0.003202879613587367,12.761772939352472,46262.524332481225
2024-10-20 12:21:40.395985,1.0,1.0,1.0,1.0,1.0,1.0,1.0,793978.0,0.05827946992223283,0.04443358966925187,0.03771144022072075,0.02715321414192533,0.033021561356871405,0.028239067876162333,-0.0007757308582464857,0.0008647491534550987,-0.00023208341250816988,-0.0,0.0,0.0,0.0,1.0,0.0,0.0,198.15286042350718,197.4070275908265,197.50330859613007,440.5892843471865,445.6587379475087,442.035418691168,76884.36655019135,77564.10608356915,76809.32889718411,72994.31973023225,760.6863971941056,45.960222046469134,916.3361021479365,0.0031204579239696396,12.78470445835678,45720.36428473992
2024-10-20 12:21:40.476372,1.0,1.0,1.0,1.0,1.0,1.0,1.0,793979.0,0.057875836570160856,0.044198489661446745,0.03757304914762413,0.026901956261409284,0.03331405211143558,0.028376151535570014,-0.000731221710642179,0.0008488530293107036,-0.00023844186216592797,-0.0,0.0,0.0,0.0,1.0,0.0,0.0,197.87969703767914,197.94850185137128,198.26610446869861,433.4942460517829,438.61368554360865,436.66093699771784,75120.33176972017,76171.89714118079,75903.3329528846,71698.3624035145,748.7403841986735,45.86134893598921,914.4276731107024,0.0030519224510697357,12.807588218491134,46159.71459646939
2024-10-20 12:21:40.560167,1.0,1.0,1.0,1.0,1.0,1.0,1.0,793980.0,0.05733323862358268,0.0434855640497593,0.0378493252884673,0.02664832946254422,0.03325575976212062,0.028614467730784514,-0.0007089671368400258,0.0008202400058507923,-0.00026069643596808123,-0.0,0.0,0.0,0.0,1.0,0.0,0.0,198.20533368045452,198.15387412300126,198.435722365426,428.8658001865944,434.07072953396056,431.80399833413725,74393.45649726897,75402.24058579846,75039.8770996498,70951.93026900529,743.9310350023976,45.67543479852961,910.7578439058348,0.0030113036437322788,12.830380140316427,47285.445886773545
2024-10-20 12:21:40.564165,1.0,1.0,1.0,1.0,1.0,1.0,1.0,793981.0,0.05733323862358267,0.04324531047620408,0.038055216156251626,0.026611899740163612,0.032933307582966455,0.02891798855021124,-0.0007057879120111467,0.000804343881706397,-0.0002893094594279926,-0.0,0.0,0.0,0.0,1.0,0.0,0.0,198.6056853664425,198.22886315336905,198.17446996769746,427.3978976348539,432.8632301239266,428.7308275151347,74464.4274276605,75328.87480494118,74462.61409491775,70774.69739216802,743.5496300267683,45.584238112154296,908.9488432984168,0.003000948417672138,12.853126791490796,45702.898703806975
2024-10-20 12:21:40.645114,1.0,1.0,1.0,1.0,1.0,1.0,1.0,793982.0,0.05632490157190952,0.04354542032592321,0.037711440220720746,0.02664832946254422,0.03310957989067469,0.029284686626149053,-0.0006930710126956305,0.0008170607810219131,-0.0003083848084012668,-0.0,0.0,0.0,0.0,1.0,0.0,0.0,197.5754579521178,198.2362552570937,198.7315293788674,428.112975159638,433.3207890375025,432.83498442835327,74328.67367040135,75653.90735264005,75790.33034626718,71265.27204829034,750.6912100640776,45.46473896244944,906.5421439773568,0.00302721992301037,12.87581321446823,46611.25968561273
2024-10-20 12:21:40.649139,1.0,1.0,1.0,1.0,1.0,1.0,1.0,793983.0,0.05641731328552001,0.043003714672582107,0.03694387454679471,0.02650231011985886,0.032756086704177324,0.029018456676423974,-0.0006867125630378724,0.0007884477575620018,-0.0002638756607969603,-0.0,0.0,0.0,0.0,1.0,0.0,0.0,198.40745126629636,197.68828206298278,197.44246299224181,433.8524117954586,438.89761567912296,434.3231023893372,76127.36383318236,76807.94657517438,75743.81081773051,72197.86092173544,760.6902820277553,45.45661532607282,906.3331070084146,0.0030789792563331512,12.898494406248059,45232.5079730437
2024-10-20 12:21:40.730532,1.0,1.0,1.0,1.0,1.0,1.0,1.0,793984.0,0.05609320621882168,0.042943103346232976,0.036589658557456724,0.026392265450275895,0.032667115729434024,0.02871599779926609,-0.0006517410899202031,0.0007820893079042438,-0.00027023411045471834,-0.0,0.0,0.0,0.0,1.0,0.0,0.0,196.7353095990922,197.58491113886743,197.79829383619952,438.00750485764627,443.3588906667995,443.9190422688512,76461.1758617803,78035.18911543573,78204.54716365965,73486.35734712383,774.613986576193,45.43950838645258,905.9260915213354,0.0031515264022641152,12.921165412372911,46419.20140200548
2024-10-20 12:21:40.813087,1.0,1.0,1.0,1.0,1.0,1.0,1.0,793985.0,0.0559537284906058,0.042943103346232976,0.036518403069078165,0.026170787978491077,0.032308781866774994,0.028682194376366547,-0.000645382640262445,0.0007820893079042438,-0.0002893094594279926,-0.0,0.0,0.0,0.0,1.0,0.0,0.0,197.4434502664943,196.32226794614556,196.49008461959966,446.71803257337797,451.84823708570514,447.5885049060824,78973.58337412743,79471.69692241051,78587.00385587204,74871.13854243692,789.2763844785723,45.43950838645258,905.8508802453952,0.0032342861840167366,12.943834536318507,46981.529314298314
2024-10-20 12:21:40.817088,1.0,1.0,1.0,1.0,1.0,1.0,1.0,793986.0,0.05650957387582858,0.04214722489965789,0.03557909785889397,0.026281760015388615,0.032368779656366614,0.02851257612746981,-0.0006708164388934773,0.0007598347341020903,-0.0002893094594279926,-0.0,0.0,0.0,0.0,1.0,0.0,0.0,195.59194351365264,196.45833367953125,196.45199962472728,451.65673321177826,458.5950854199117,457.64849837177405,79414.13339912331,81244.02625637162,80992.0303280181,76346.26582252092,805.0269824371649,45.43216376901414,905.6257137227408,0.003320953050886799,12.966498025420751,47945.71360185635
2024-10-20 12:21:40.899423,1.0,1.0,1.0,1.0,1.0,1.0,1.0,793987.0,0.05710563455466223,0.04120980838596827,0.036518403069078165,0.026059343378600053,0.032067668184708895,0.02820469285687616,-0.0006835333382089934,0.0007057879120111467,-0.0003083848084012668,-0.0,0.0,0.0,0.0,1.0,0.0,0.0,196.0681712386682,195.0372940246774,195.61639834734382,460.02708008361225,465.37481385697305,462.3049530464392,81674.51844353299,82262.09415181405,81755.93727382184,77635.4027760456,817.324283513843,45.50783792160503,907.0616175222426,0.003400667941190689,12.98919744834159,47528.00840590568
2024-10-20 12:21:40.902434,1.0,1.0,1.0,1.0,1.0,1.0,1.0,793988.0,0.05746936838852065,0.04114655461363215,0.03729472643293347,0.026096544458751023,0.03167194378429309,0.028341942781077132,-0.0006644579892357192,0.0006803541133801144,-0.00030202635874350875,-0.0,0.0,0.0,0.0,1.0,0.0,0.0,194.89148119484986,195.1553392969171,195.3359410263943,463.64538705802016,470.12448408231546,468.01929705596893,81965.83264089121,83371.82291287076,82979.860555858,78469.1751628959,822.0993792538947,45.731908887245915,911.4779129637326,0.003455207598022749,13.012007390058544,45399.75999935554
2024-10-20 12:21:40.985120,1.0,1.0,1.0,1.0,1.0,1.0,1.0,793989.0,0.057785757392499006,0.041774782619765874,0.03715478325109878,0.02646567940419046,0.0313331966781849,0.028376151535570014,-0.0006930710126956305,0.0006930710126956305,-0.0002861302345991135,-0.0,0.0,0.0,0.0,1.0,0.0,0.0,194.81155530839933,194.90498674042217,195.04946180614974,466.6563120796902,472.74118345011425,470.5441254561763,82418.00809466424,83679.32017607568,83271.16475681239,78795.59272551115,822.7491348932854,45.88693564278703,914.5466736526546,0.003478156863573128,13.03489412820848,46587.327000800695
2024-10-20 12:21:40.988121,1.0,1.0,1.0,1.0,1.0,1.0,1.0,793990.0,0.058635922602968446,0.0420853800755884,0.038055216156251626,0.02679355304171941,0.031549183850304155,0.028239067876162333,-0.0007089671368400258,0.0007121463616689048,-0.0002765925601124764,-0.0,0.0,0.0,0.0,1.0,0.0,0.0,195.39114270619515,194.79978189065838,194.93885251779227,467.28329262253516,473.0676256584961,469.6426967349731,82460.37015896218,83325.50173026479,82631.24253288323,78478.52202696318,818.1951845801101,45.95580864581743,915.9363151383435,0.003459690811353409,13.057815642452104,47714.187374037094
2024-10-20 12:21:41.069127,1.0,1.0,1.0,1.0,1.0,1.0,1.0,793991.0,0.05890184651872091,0.0419614169784043,0.038123599349151736,0.026281760015388615,0.03167194378429309,0.02782376484498668,-0.0006930710126956305,0.0006930710126956305,-0.00025751721113920217,-0.0,0.0,0.0,0.0,1.0,0.0,0.0,194.9085518955384,195.53243972952603,195.85166935828832,463.3100564246898,469.5967849558667,468.8119036069325,80832.1032895708,82395.08839289239,82365.11310304872,77562.22106326082,805.3110367332397,46.1433303536203,919.7249497148057,0.0034042377668929433,13.080831968136188,44969.19047982258
2024-10-20 12:21:41.152875,1.0,1.0,1.0,1.0,1.0,1.0,1.0,793992.0,0.059342404987252025,0.04108320345271294,0.03812359934915173,0.025797433782787597,0.031084516582433108,0.027260187166059602,-0.0006739956637223563,0.000648561865091324,-0.00025433798631032317,-0.0,0.0,0.0,0.0,1.0,0.0,0.0,196.6747942037951,195.78376507701418,195.6685677613283,459.416943650724,465.38221208356777,461.10635966638057,80264.801497785,81071.80366042042,80041.88722713193,76204.67149590759,791.149992032663,46.1433303536203,919.801575737135,0.0033212073248529163,13.103850211403879,47242.93136052146
2024-10-20 12:21:41.156876,1.0,1.0,1.0,1.0,1.0,1.0,1.0,793993.0,0.058946050537339326,0.041587310697157,0.03839591423416136,0.025910004937642474,0.03127121205432006,0.027508173183166423,-0.0006739956637223563,0.0006708164388934773,-0.0002734133352835974,-0.0,0.0,0.0,0.0,1.0,0.0,0.0,196.32095437363893,196.49276764441407,197.46385718217883,451.33902841062735,456.8914068323455,456.65221999244886,77922.7048963207,79088.77706901112,79430.61426635213,74620.56568036223,774.8797323318655,46.128423068570925,919.5929165887695,0.003225283442082647,13.126863232929006,46238.34580011423
2024-10-20 12:21:41.238562,1.0,1.0,1.0,1.0,1.0,1.0,1.0,793994.0,0.05960517706948519,0.04127296521748623,0.038666311337125336,0.025684369248357337,0.031641298451732976,0.02789341142414604,-0.0006835333382089934,0.0006580995395779611,-0.00029566790908575063,-0.0,0.0,0.0,0.0,1.0,0.0,0.0,197.79020013629446,197.46607909394143,197.2233359600198,444.57983002154145,450.634303069415,446.2780811480529,76865.65091416978,77885.15718920442,76887.43543291425,73085.50241632095,759.2486063504831,46.10531748576909,919.2182018343514,0.00313212015286732,13.149866877132327,45582.82982347526
2024-10-20 12:21:41.242563,1.0,1.0,1.0,1.0,1.0,1.0,1.0,793995.0,0.059254555338807656,0.04082881584609787,0.03866631133712533,0.025797433782787597,0.031641298451732976,0.02792816958270741,-0.0006898917878667515,0.000642203415433566,-0.0002893094594279926,-0.0,0.0,0.0,0.0,1.0,0.0,0.0,197.97209034125103,197.94752247989564,198.51588666898022,437.7786712011977,442.9616391674346,441.50865494796363,75471.28360642592,76476.62187175194,76408.16917016942,72042.47499808714,751.8277683458432,45.892800203438995,915.043297781906,0.0030644308850250185,13.172766043413851,48235.48058611707
2024-10-20 12:21:41.323468,1.0,1.0,1.0,1.0,1.0,1.0,1.0,793996.0,0.059166575252659344,0.04089256110871732,0.03893483061427055,0.025608715566353565,0.03212811624624381,0.02789341142414604,-0.0006676372140645982,0.0006580995395779611,-0.00029248868425687163,-0.0,0.0,0.0,0.0,1.0,0.0,0.0,198.46433583841744,198.5316895732439,198.64479456286904,434.1103726514072,438.6320898120784,436.0158767637583,75053.56704376698,75961.70386203888,75576.70312412566,71489.45573719396,747.138064415615,45.82463745236983,913.7186928166802,0.0030268174337435526,13.19563206115538,45570.15600013298
2024-10-20 12:21:41.405994,1.0,1.0,1.0,1.0,1.0,1.0,1.0,793997.0,0.058990221431913355,0.04095620715673985,0.038867874708122786,0.025342149186916324,0.032398736885968185,0.027788876097916127,-0.0006358449657758078,0.0006771748885512353,-0.0002893094594279926,-0.0,0.0,0.0,0.0,1.0,0.0,0.0,198.96276236184985,198.84906186168243,198.40030225313615,431.6178233205667,437.6290397646057,433.6746393207353,75007.98403994286,76186.15779919495,75160.89490145647,71424.12747335565,748.1790267236873,45.71863586562589,911.6136008133548,0.0030174965273159974,13.218445398491577,46259.415032045705
2024-10-20 12:21:41.409931,1.0,1.0,1.0,1.0,1.0,1.0,1.0,793998.0,0.058234759927219014,0.04076497090344802,0.038463691717159486,0.025380401509347835,0.032756086704177324,0.027543417493819798,-0.0006231280664602917,0.0007026086871822677,-0.0002893094594279926,-0.0,0.0,0.0,0.0,1.0,0.0,0.0,198.44705227592394,198.49672908158544,199.2900981649482,433.40225357773886,437.4101478248245,436.6414136911998,75437.0516085515,76250.70104598747,76502.2624186113,72019.15110196393,757.4716970595707,45.5351245861557,907.9312618270604,0.003042958508667679,13.241166584458592,48097.601112646866
2024-10-20 12:21:41.491250,1.0,1.0,1.0,1.0,1.0,1.0,1.0,793999.0,0.058190015579523816,0.04050858489526056,0.03906839817849146,0.024800422381866246,0.03319736505550277,0.02729575167846423,-0.0005881565933426223,0.0007185048113266629,-0.0002734133352835974,-0.0,0.0,0.0,0.0,1.0,0.0,0.0,199.0211465206129,198.54814394698374,198.04080256225308,437.388417455638,443.94781375282554,438.7776108618507,76872.63402896089,77966.91224221587,76623.00915204275,73070.91275631322,769.2528972215681,45.49495409168721,907.0824695032018,0.003095521675729081,13.26386652920499,46467.43733004797
2024-10-20 12:21:41.495250,1.0,1.0,1.0,1.0,1.0,1.0,1.0,794000.0,0.05805557562576054,0.04063698009803076,0.03859888964444313,0.024406113920105138,0.03299216966314644,0.02733126991297999,-0.000565902019540469,0.0007185048113266629,-0.00026069643596808123,-0.0,0.0,0.0,0.0,1.0,0.0,0.0,197.59143811697007,198.0021443629696,198.83351651825936,443.1399144644025,447.74515153190174,447.14578391252525,77727.63402907296,78794.89315446262,79128.45464822576,74413.5545230196,783.3325061863029,45.501432181040364,907.1461946373079,0.0031674266559684203,13.286568068687336,46630.17166409519
2024-10-20 12:21:41.577125,1.0,1.0,1.0,1.0,1.0,1.0,1.0,794001.0,0.057650374721400804,0.04139898983206046,0.0378493252884673,0.024800422381866246,0.03290383705573704,0.02768394604629166,-0.0005563643450538319,0.0007820893079042436,-0.00025751721113920217,-0.0,0.0,0.0,0.0,1.0,0.0,0.0,198.1823662497441,197.36556675626989,197.39120398447056,450.4715362739749,456.37563820642043,451.546272648014,79898.03272321234,80659.23637194802,79632.93202107602,75865.93449329962,798.6862144108097,45.501432181040364,907.0725100070894,0.003248396228448368,13.30926776419508,47571.918541069936
2024-10-20 12:21:41.659632,1.0,1.0,1.0,1.0,1.0,1.0,1.0,794002.0,0.058234759927219014,0.041774782619765874,0.03893483061427055,0.02468279125681748,0.03299216966314644,0.02768394604629166,-0.000572260469198227,0.0007916269823908807,-0.00024480031182368605,-0.0,0.0,0.0,0.0,1.0,0.0,0.0,196.574525500225,197.22738230748408,197.59738979789208,455.89787927916973,461.6161673372513,460.3225921018013,80571.78983945161,81987.75286025988,81939.53507372385,77243.82731340213,811.133048002711,45.62056086275603,909.3751243796161,0.003327548826765088,13.332025083150292,46454.71092431187
2024-10-20 12:21:41.663160,1.0,1.0,1.0,1.0,1.0,1.0,1.0,794003.0,0.05885760930142631,0.041649895097796784,0.03880080326089555,0.024485483605775776,0.032696799620819436,0.02768394604629166,-0.000569081244369348,0.0007789100830753647,-0.000241621086994807,-0.0,0.0,0.0,0.0,1.0,0.0,0.0,196.8649939515607,196.52637198481722,196.62205177486692,461.676702803693,467.1848116325569,463.87624365114453,82191.38172010459,83129.09430305928,82486.03862802294,78301.89656207705,822.1499030434202,45.62869027327089,909.4789535479653,0.0033913442385889543,13.354785000454015,49039.203156428084
2024-10-20 12:21:41.744675,1.0,1.0,1.0,1.0,1.0,1.0,1.0,794004.0,0.05850250736160358,0.04189929789626443,0.03900167157440239,0.02452507212573485,0.032667115729434024,0.027613771165243314,-0.0005500058953960738,0.0008011646568775178,-0.00024797953665256506,-0.0,0.0,0.0,0.0,1.0,0.0,0.0,196.44388755131175,196.22267584354435,196.36372481562583,464.9301743949254,470.4497791933889,467.90512327862336,82696.3310269289,83758.84653456217,83262.31792432338,78908.02776032279,825.7527748110774,45.78308173037806,912.520288210558,0.0034306847401654795,13.377621027848184,46773.7953637193
2024-10-20 12:21:41.748675,1.0,1.0,1.0,1.0,1.0,1.0,1.0,794005.0,0.05814523679984129,0.04220897910845451,0.03933417265909615,0.024604058069758756,0.032933307582966455,0.027788876097916127,-0.0005468266705671948,0.000820240005850792,-0.00025433798631032317,-0.0,0.0,0.0,0.0,1.0,0.0,0.0,196.0055929639143,196.3118377023764,196.4688599269558,466.14113707592685,471.22749709422607,469.65805022152983,82486.85309127765,83694.18472332114,83508.28603841431,78888.65127470296,822.9568688074598,45.927460567508675,915.3956383460894,0.0034332107252573597,13.400529011532324,46769.26510574825
2024-10-20 12:21:41.831170,1.0,1.0,1.0,1.0,1.0,1.0,1.0,794006.0,0.05765037472140081,0.04214722489965788,0.039135011011481306,0.024722063821441115,0.03260766687993288,0.027858609899147853,-0.0005309305464227996,0.0008075231065352759,-0.00025433798631032317,-0.0,0.0,0.0,0.0,1.0,0.0,0.0,197.21836276851687,196.1767968607352,196.25625885050772,465.20680148176456,470.6117150477256,466.9997507650334,82420.5954115911,83123.06165349467,82273.5611945641,78276.9090878897,815.7475410154833,45.972332395369826,916.3244546799871,0.0033957307196838273,13.423460239056102,47949.98928068804
2024-10-20 12:21:41.834163,1.0,1.0,1.0,1.0,1.0,1.0,1.0,794007.0,0.05742402765689541,0.042023444236177564,0.03933417265909616,0.024956401418756297,0.032756086704177324,0.02789341142414604,-0.0005372889960805577,0.0008107023313641551,-0.00026069643596808123,-0.0,0.0,0.0,0.0,1.0,0.0,0.0,196.45476386082433,196.86942803797024,197.64430292198873,460.6210266180661,465.29337796399,464.9634666709573,80513.14613061171,81635.10835487209,81978.98543733802,77083.99668345327,801.568008637999,46.069404175791156,918.322510871919,0.0033271242582242812,13.446441468389727,46210.61299219081
2024-10-20 12:21:41.916542,1.0,1.0,1.0,1.0,1.0,1.0,1.0,794008.0,0.05796577576438691,0.042393702000235525,0.03906839817849147,0.024839508966216593,0.03257790177388484,0.028032185471914422,-0.0005277513215939206,0.000813881556193034,-0.0002734133352835974,-0.0,0.0,0.0,0.0,1.0,0.0,0.0,198.13569691625807,197.54944367791208,197.13533901327887,454.7223418077949,460.6169270309676,456.4836494593337,79461.9544248891,80455.20246664874,79319.1172739088,75510.97853300608,785.138976263782,46.069404175791156,918.4064876073301,0.003235982711124345,13.469424799260223,46858.00477080245
2024-10-20 12:21:41.999519,1.0,1.0,1.0,1.0,1.0,1.0,1.0,794009.0,0.05751467337654891,0.042577623479846755,0.03825999906698716,0.025111411613631566,0.032308781866774994,0.02820469285687616,-0.0005436474457383157,0.0008107023313641551,-0.00027977178494135546,-0.0,0.0,0.0,0.0,1.0,0.0,0.0,197.95455065941044,197.92427751394467,198.92828600398227,447.25311268569965,450.6887909758734,450.5773543656598,77398.59177444161,78063.80977807035,78556.06996302119,73840.12889972125,769.2487645873274,45.97617496091153,916.636234254171,0.0031399577786910783,13.492363829138633,47330.02760901058
2024-10-20 12:21:42.002510,1.0,1.0,1.0,1.0,1.0,1.0,1.0,794010.0,0.057605176459085,0.04276075388833108,0.038463691717159486,0.02526547079878701,0.03218845078999174,0.028307692686654416,-0.000565902019540469,0.000820240005850792,-0.00029566790908575063,-0.0,0.0,0.0,0.0,1.0,0.0,0.0,199.08208211795971,198.900774169888,198.56462555173883,439.24926695970123,444.74173465693565,441.86915635208953,76051.19037980548,77167.57882544004,76352.28238431213,72422.40923693332,755.8529896831774,45.88887656225327,914.9703377250754,0.0030586862550250507,13.51526116957817,46401.728064987954
2024-10-20 12:21:42.085265,1.0,1.0,1.0,1.0,1.0,1.0,1.0,794011.0,0.057920823624423516,0.042393702000235525,0.03859888964444313,0.02522704420499114,0.03224867245309928,0.028648351067380656,-0.0005913358181715013,0.0007884477575620017,-0.00029566790908575063,-0.0,0.0,0.0,0.0,1.0,0.0,0.0,199.36218991406892,199.0392053155809,199.3281245069161,433.8476874934494,437.9164457828253,436.1491228694516,75191.43012927142,75924.25847012679,75672.05644784035,71544.5444131987,749.7314906272426,45.70042310417869,911.2596739207421,0.0030073990306013704,13.538065649813523,47681.09588813807
2024-10-20 12:21:42.088206,1.0,1.0,1.0,1.0,1.0,1.0,1.0,794012.0,0.0580106930712157,0.04276075388833109,0.0373645014732293,0.02557080478973271,0.032368779656366614,0.0287834855487486,-0.0005913358181715013,0.0008075231065352759,-0.0002893094594279926,-0.0,0.0,0.0,0.0,1.0,0.0,0.0,199.41387370124,199.0035037092077,199.7646921771962,430.7931292496927,434.41724525924667,433.1696612774556,74893.80970897131,75446.8635653396,75533.61344543967,71266.12199854113,749.0370161672598,45.56398861339638,908.5550123353428,0.0029900366665702874,13.560802445278625,46777.03473136938
2024-10-20 12:21:42.170337,1.0,1.0,1.0,1.0,1.0,1.0,1.0,794013.0,0.057920823624423516,0.04324531047620407,0.037084613626145846,0.025380401509347835,0.03260766687993288,0.02871599779926609,-0.0005786189188559852,0.0007884477575620018,-0.00027023411045471834,-0.0,0.0,0.0,0.0,1.0,0.0,0.0,199.5266758374226,199.3363377973501,198.88946681210504,430.83590515598394,436.7897864411221,432.4061311041008,75280.32699389939,76396.10733817457,75280.78889695944,71622.80352701963,754.2539876305165,45.47619627425824,906.7865790330184,0.0030096475479589953,13.583494985298826,46304.52128828718
2024-10-20 12:21:42.252948,1.0,1.0,1.0,1.0,1.0,1.0,1.0,794014.0,0.058145236799841286,0.043664886724146465,0.03694387454679471,0.025188558989287076,0.032007105962223864,0.02881717015424661,-0.0005595435698827109,0.0007693724085887275,-0.0002511587614814441,-0.0,0.0,0.0,0.0,1.0,0.0,0.0,198.54022137133867,198.3484701308544,199.6883942773601,434.7771229926039,437.6590588614937,437.88739727966816,76010.78457697082,76457.90485827865,77150.2400649577,72482.42739189637,764.6241562428579,45.40009557921314,905.2240774137161,0.0030592822934700985,13.606148423361248,46754.468505580815
2024-10-20 12:21:42.255949,1.0,1.0,1.0,1.0,1.0,1.0,1.0,794015.0,0.05881333881054312,0.04342562526999594,0.03651840306907817,0.025494814117130813,0.03197678183797181,0.028682194376366547,-0.0005817981436848642,0.0007757308582464856,-0.00024480031182368605,-0.0,0.0,0.0,0.0,1.0,0.0,0.0,198.67485765132722,198.3936980776941,197.83464396506508,438.70679264404305,445.87982130603785,440.623682437439,77309.35152853989,78597.20678099718,77181.75679022219,73598.941109662,778.5582205599728,45.27741662892151,902.7174827470493,0.003126116773160236,13.62873913332303,48362.98782912807
2024-10-20 12:21:42.338217,1.0,1.0,1.0,1.0,1.0,1.0,1.0,794016.0,0.05885760930142631,0.043784027154931265,0.036231979799249525,0.025494814117130813,0.03167194378429309,0.02858054422421529,-0.0005913358181715013,0.0007693724085887275,-0.00023844186216592797,-0.0,0.0,0.0,0.0,1.0,0.0,0.0,196.72629134561345,196.89977195533274,198.12973367260517,439.42893236552555,442.84532004685076,442.6448622133359,77119.8123255383,77759.67743475769,78394.70034608772,73679.36326521254,780.7943195683536,45.19878801348751,901.1157924922951,0.0031637660025328343,13.651289760622534,47735.271676744975
2024-10-20 12:21:42.342217,1.0,1.0,1.0,1.0,1.0,1.0,1.0,794017.0,0.05916657525265936,0.04390284427203976,0.03587073468713995,0.025684369248357337,0.03157991857152382,0.02881717015424661,-0.0006040527174870175,0.0007820893079042436,-0.00023208341250816988,-0.0,0.0,0.0,0.0,1.0,0.0,0.0,195.91588544965347,195.96465898932405,195.21183666448434,432.20601251038534,439.19812799277946,435.3146020311837,75916.6382995887,77403.69322309607,76190.26951018895,72511.09592749437,770.1341848790086,45.097767586038906,899.1030061353056,0.0031624021965506927,13.673790017486464,47400.31425456988
2024-10-20 12:21:42.423476,1.0,1.0,1.0,1.0,1.0,1.0,1.0,794018.0,0.05925455533880765,0.04342562526999594,0.03601566753881429,0.025722112647481858,0.03182472780550264,0.028614467730784514,-0.0006326657409469288,0.0007757308582464856,-0.00021300806353489562,-0.0,0.0,0.0,0.0,1.0,0.0,0.0,193.77166091395637,193.0995056199544,194.25271782599245,427.55353531310544,430.65328311324413,429.38345484804773,74681.46711909967,74925.49877250848,75222.09064178486,71047.75257521441,756.971511049936,44.95599038207949,896.2768759076353,0.0031619053543172,13.696219549799794,47235.89278773708
2024-10-20 12:21:42.427478,1.0,1.0,1.0,1.0,1.0,1.0,1.0,794019.0,0.059866795782790395,0.04318503823719134,0.036518403069078165,0.02564657030330141,0.031549183850304155,0.028850815431501826,-0.0006104111671447755,0.0007502970596154532,-0.0002257249628504118,-0.0,0.0,0.0,0.0,1.0,0.0,0.0,191.33008537029934,191.54550003570225,191.5982911360125,419.30084050413944,424.5967732779148,422.9404089120903,72427.69797143934,73588.76436328235,73265.51583556255,69304.81493271636,743.2750177119868,44.66093643878791,890.4002109930939,0.0031554620294710267,13.718502017239379,48849.3922676554
2024-10-20 12:21:42.509284,1.0,1.0,1.0,1.0,1.0,1.0,1.0,794020.0,0.0598667957827904,0.042882406350036345,0.03637547335010834,0.02557080478973271,0.03157991857152382,0.02891798855021124,-0.0006104111671447755,0.000731221710642179,-0.00023208341250816988,-0.0,0.0,0.0,0.0,1.0,0.0,0.0,188.90678566048632,188.65293023334647,189.5479648397916,412.61591245599453,415.53333898248746,414.663825373346,70416.2995767573,70798.15611756177,71113.10744746428,67107.08825398763,725.5863070547557,44.29799488675187,883.1829962844278,0.0031343421499199246,13.740603872242259,48793.710355808325
2024-10-20 12:21:42.591729,1.0,1.0,1.0,1.0,1.0,1.0,1.0,794021.0,0.060127276182378155,0.042577623479846755,0.03687330356631608,0.025532837723818223,0.0313331966781849,0.02810131550407159,-0.0006231280664602917,0.0007153255864977838,-0.00021936651319265374,-0.0,0.0,0.0,0.0,1.0,0.0,0.0,185.80209817504573,186.88516100579477,186.80190331382133,401.13940246836154,406.33861483365683,406.4319014600329,66942.27633223252,68447.0272561866,68463.45462619011,64418.118079438296,704.5115417388547,43.79305445360548,873.1549145425074,0.0030897302818520523,13.762454772222737,49706.50755709465
2024-10-20 12:21:42.595729,1.0,1.0,1.0,1.0,1.0,1.0,1.0,794022.0,0.05938628107826455,0.04171238559820194,0.0373645014732293,0.026096544458751023,0.03151841915858901,0.028170275891210916,-0.0006294865161180497,0.0006962502375245095,-0.00023844186216592797,-0.0,0.0,0.0,0.0,1.0,0.0,0.0,183.92614083488814,183.74130909651697,183.97786042957495,391.4963663362801,394.79486112584743,392.8759111268584,64396.54405426269,64892.82533434963,64734.38890092493,61294.16391367691,679.3821368615106,43.207662350637385,861.5418604862549,0.003021902116922072,13.78401505288879,49349.370275939866
2024-10-20 12:21:42.676619,1.0,1.0,1.0,1.0,1.0,1.0,1.0,794023.0,0.0589018465187209,0.04101975445198809,0.037918079796158174,0.02650231011985886,0.0316106234096681,0.028032185471914422,-0.0006358449657758078,0.0007153255864977838,-0.0002734133352835974,-0.0,0.0,0.0,0.0,1.0,0.0,0.0,180.78843488265207,181.0665911228416,181.95834062309433,377.6798467613377,380.100211672458,381.553041787714,60533.8615041541,61109.652630304765,61800.16782291214,57930.40270539691,653.2713086227303,42.46502317810836,846.8068158669984,0.0029361195503294717,13.805206585717752,50151.00467786118
2024-10-20 12:21:42.680619,1.0,1.0,1.0,1.0,1.0,1.0,1.0,794024.0,0.05881333881054312,0.04037978143756248,0.03764230828317236,0.02711746269239568,0.03218845078999174,0.027788876097916127,-0.0007057879120111467,0.0007280424858133,-0.0002861302345991135,-0.0,0.0,0.0,0.0,1.0,0.0,0.0,179.15373220883455,178.27625576115096,178.18972252820603,364.1260594762886,367.9969930646302,363.31746097558914,57559.95131569068,57803.61032191311,57012.73522287796,54412.30369014362,626.1014033899853,41.61298074625236,829.8962804186158,0.0028396602022367503,13.825974928557693,50091.882870162466
2024-10-20 12:21:42.758670,1.0,1.0,1.0,1.0,1.0,1.0,1.0,794025.0,0.05956146222893688,0.04012093401707996,0.03819186010094626,0.026901956261409284,0.03170255949350469,0.02792816958270741,-0.0006994294623533886,0.0006676372140645982,-0.0002861302345991135,-0.0,0.0,0.0,0.0,1.0,0.0,0.0,175.2342883761796,175.74902132182106,175.75345549655077,347.28799902473406,350.421687493639,350.8422074751503,53122.2291747036,53953.89682803827,54060.98267496374,50842.43011404835,598.6699045921307,40.66043136203364,810.9802088983843,0.002740278776738969,13.846269892413071,49858.97617545419
2024-10-20 12:21:42.845359,1.0,1.0,1.0,1.0,1.0,1.0,1.0,794026.0,0.059692510709099,0.03953233095432663,0.03832801689680105,0.02711746269239568,0.03203740138402003,0.02799755644637631,-0.0007185048113266629,0.0006644579892357192,-0.0002893094594279926,-0.0,0.0,0.0,0.0,1.0,0.0,0.0,172.9431727740492,172.56084345723096,172.73224327503166,341.4000305927957,342.92023837458333,341.1702593209803,51206.52497552085,51319.383460232704,51237.25248135376,48493.98526293558,584.3401487042208,39.7317276565728,792.4895267186326,0.002699387289880954,13.866102122748714,48466.526992987376
2024-10-20 12:21:42.849356,1.0,1.0,1.0,1.0,1.0,1.0,1.0,794027.0,0.05916657525265936,0.03966388649582423,0.038463691717159486,0.02672103991000101,0.03227874115189541,0.028066771771894115,-0.0007057879120111467,0.0006708164388934773,-0.0002988471339146297,-0.0,0.0,0.0,0.0,1.0,0.0,0.0,170.25330246765515,170.12365074152146,170.15275786902214,341.6912491602514,344.10781881707624,342.1870341536891,50078.89115620385,50417.46248388189,50230.49920669468,47521.59048507479,585.9544895043394,38.82886775970121,774.459057632914,0.0027277354238341507,13.885483136501788,48007.22787300096
2024-10-20 12:21:42.930980,1.0,1.0,1.0,1.0,1.0,1.0,1.0,794028.0,0.05854701288904576,0.039729500910396995,0.03825999906698716,0.02650231011985886,0.032067668184708895,0.028239067876162333,-0.0006867125630378724,0.0006580995395779611,-0.0003083848084012668,-0.0,0.0,0.0,0.0,1.0,0.0,0.0,167.60892462464133,167.689860736401,167.92029472488687,343.80897633139244,345.2365594474052,343.6739463438153,49307.460537331055,49483.589264067305,49552.57773548658,46758.0568537737,590.5846652661824,37.9068807916995,756.0415617255361,0.00276474094501708,13.904403248238209,48396.56560529272
2024-10-20 12:21:42.934980,1.0,1.0,1.0,1.0,1.0,1.0,1.0,794029.0,0.0583241456435673,0.039925697169818586,0.03819186010094626,0.02650231011985886,0.032398736885968185,0.027788876097916127,-0.0006994294623533886,0.0006771748885512353,-0.0003083848084012668,-0.0,0.0,0.0,0.0,1.0,0.0,0.0,165.1901252799344,165.66628855262306,165.12787606935174,344.10916669718875,347.23207258856536,345.3087539155465,48329.49801414406,49022.00486993822,48664.52670112732,46013.73890857335,595.0016735015267,37.02795614330114,738.4833680559925,0.0028029562339290763,13.922883962191579,47796.731529753466
2024-10-20 12:21:43.015786,1.0,1.0,1.0,1.0,1.0,1.0,1.0,794030.0,0.05810042350855982,0.03986040571620479,0.03743414645719283,0.02657542007977932,0.032815266674204355,0.02740216826792598,-0.0007026086871822677,0.0006962502375245095,-0.00027977178494135546,-0.0,0.0,0.0,0.0,1.0,0.0,0.0,163.37777445920264,163.14452407657268,162.43958262807766,345.55563007117553,349.3179082707858,345.75079976622413,47864.41994133841,48406.98528952935,47631.22776848005,45338.666477625804,600.5257573702308,36.15059179397803,720.9555421610627,0.0028440664681462246,13.940926038322349,47917.21238683408
2024-10-20 12:21:43.098786,1.0,1.0,1.0,1.0,1.0,1.0,1.0,794031.0,0.05890184651872091,0.039729500910396995,0.03798670986099516,0.026392265450275895,0.03257790177388484,0.027437548745241652,-0.0006549203147490821,0.0006676372140645982,-0.00029248868425687163,-0.0,0.0,0.0,0.0,1.0,0.0,0.0,161.3059531566031,160.40278689567762,160.14052648375542,348.0507423445456,350.69352836596994,346.0368611720702,47509.27866848581,47509.61316665964,46793.14341046435,44670.57094502017,606.0008523912959,35.29764284443617,703.9140768778833,0.0028879832285477647,13.958541647915256,47682.95507214624
2024-10-20 12:21:43.102847,1.0,1.0,1.0,1.0,1.0,1.0,1.0,794032.0,0.05964885987276111,0.04050858489526056,0.038666311337125336,0.02557080478973271,0.032067668184708895,0.02711746269239568,-0.0006580995395779611,0.0006708164388934773,-0.00030202635874350875,-0.0,0.0,0.0,0.0,1.0,0.0,0.0,158.94832233825764,158.0496946433583,157.7201407578416,349.2775699904025,352.3932896237392,347.2652829466015,46839.252973191775,46887.71974515978,46068.65601044626,44026.5347459502,612.0122021611088,34.44866453420931,686.9510712971529,0.002935120148162764,13.975732754442168,47799.26555274239
2024-10-20 12:21:43.184788,1.0,1.0,1.0,1.0,1.0,1.0,1.0,794033.0,0.05999717734364805,0.04012093401707996,0.03859888964444313,0.02557080478973271,0.03212811624624381,0.02718891858094095,-0.0006771748885512353,0.0006549203147490821,-0.00029248868425687163,-0.0,0.0,0.0,0.0,1.0,0.0,0.0,156.31211449899556,155.93161015369284,155.1197409335078,349.9381223402341,353.5679759833663,348.74423423119526,45924.667587913034,46296.020390392136,45368.67683159525,43321.905557275975,617.120672137625,33.61832268095897,670.3611521925892,0.002982453118825432,13.992508694476857,47638.82490840755
2024-10-20 12:21:43.188785,1.0,1.0,1.0,1.0,1.0,1.0,1.0,794034.0,0.059517715280523555,0.03999088202492748,0.03839591423416136,0.02507274890923307,0.03167194378429309,0.02740216826792598,-0.0006326657409469288,0.0006167696168025336,-0.0002765925601124764,-0.0,0.0,0.0,0.0,1.0,0.0,0.0,153.12077586346027,153.74115286480472,152.97216483030076,349.15923849963764,353.42151961298504,350.38417672068766,44651.54055251007,45465.06150312004,44875.406388937125,42493.78341579079,621.1775851466581,32.76170829692801,653.2523880142356,0.0030245338649060784,14.00885648380355,48100.60076325772
2024-10-20 12:21:43.270208,1.0,1.0,1.0,1.0,1.0,1.0,1.0,794035.0,0.058234759927219014,0.03999088202492748,0.03764230828317236,0.02507274890923307,0.031763702384431956,0.02700992441274364,-0.0006104111671447755,0.000648561865091324,-0.00024480031182368605,-0.0,0.0,0.0,0.0,1.0,0.0,0.0,150.5773387767877,150.6351695093671,150.78116199582166,350.31089923198,351.9170810892401,350.0914480835867,43946.48577389512,44105.52862534984,44115.029984038694,41594.10711416781,624.2198674558028,31.913135165112152,636.3053881346344,0.003066629394890154,14.024780170610551,47981.23008938698
2024-10-20 12:21:43.273211,1.0,1.0,1.0,1.0,1.0,1.0,1.0,794036.0,0.058813338810543125,0.04063698009803076,0.0378493252884673,0.025111411613631566,0.03151841915858901,0.026901956261409284,-0.000648561865091324,0.0006517410899202031,-0.0002352626373370489,-0.0,0.0,0.0,0.0,1.0,0.0,0.0,147.83960293139793,148.13296018106107,147.8938434117095,349.1584033961993,350.60634571514095,349.35786656809785,42825.47906436509,43136.48096130983,43088.02457735461,40604.050605992656,625.4285588645065,31.094554349568828,619.9590925521397,0.0031066443620916943,14.040294787659283,47430.86058820863
2024-10-20 12:21:43.355040,1.0,1.0,1.0,1.0,1.0,1.0,1.0,794037.0,0.05960517706948519,0.04025056580563931,0.037711440220720746,0.025380401509347835,0.03127121205432006,0.02650231011985886,-0.0006517410899202031,0.0006390241906046868,-0.00023208341250816986,-0.0,0.0,0.0,0.0,1.0,0.0,0.0,145.41954662045612,144.56618568546816,145.42926334983133,349.0534236588282,349.63386572852966,347.3073336358974,42193.74483099432,41793.515469510865,41938.36241834946,39612.06429105067,626.6307098652393,30.278079504444875,603.6527484601398,0.003152184121317006,14.055401334744865,47310.755677358226
2024-10-20 12:21:43.438294,1.0,1.0,1.0,1.0,1.0,1.0,1.0,794038.0,0.06004057494595436,0.041649895097796784,0.037918079796158174,0.025418596266109744,0.0313331966781849,0.025947420126718565,-0.000645382640262445,0.0006676372140645982,-0.00023208341250816988,-0.0,0.0,0.0,0.0,1.0,0.0,0.0,141.80819237803328,142.87751859084284,141.93643190077432,344.88263429076625,349.77850688044754,348.50450387944977,40354.78569577112,41490.57399942088,41030.81705904355,38644.83477344873,628.620912927034,29.44684165040794,587.0485393677484,0.0032062753330698605,14.070092357728033,47488.18041601741
2024-10-20 12:21:43.442095,1.0,1.0,1.0,1.0,1.0,1.0,1.0,794039.0,0.060170579951896654,0.04127296521748623,0.03825999906698716,0.025342149186916324,0.031146872746571578,0.026096544458751023,-0.0006358449657758078,0.000645382640262445,-0.00021936651319265374,-0.0,0.0,0.0,0.0,1.0,0.0,0.0,139.8754216755678,138.62690672363763,138.98108052738715,346.94291085273494,350.07289559914267,344.5970237711465,40346.60511367288,40104.70718615433,39529.82378360203,37726.38512824443,631.5932694072751,28.613599900331625,570.3994297263649,0.003272164786657542,14.084366732962355,47528.2496898652
2024-10-20 12:21:43.523070,1.0,1.0,1.0,1.0,1.0,1.0,1.0,794040.0,0.059910287830504866,0.04114655461363215,0.03859888964444313,0.02526547079878701,0.03073929670896773,0.02613369258354722,-0.0006167696168025336,0.000642203415433566,-0.00021618728836377468,-0.0,0.0,0.0,0.0,1.0,0.0,0.0,135.60973576694263,135.8478433900802,136.63320893141798,345.7133216770313,348.57342230797786,347.26777448326413,38845.05087852288,39081.11404020487,39328.108348110676,36860.30023010031,635.8096411471893,27.7734940100696,553.6089992174594,0.0033501024092574055,14.098220923861037,47707.84311312049
2024-10-20 12:21:43.527647,1.0,1.0,1.0,1.0,1.0,1.0,1.0,794041.0,0.058547012889045756,0.04152463197171362,0.03819186010094626,0.02564657030330141,0.030833830904597324,0.02664832946254422,-0.0006390241906046868,0.0006708164388934773,-0.00023208341250816986,-0.0,0.0,0.0,0.0,1.0,0.0,0.0,132.44690344036226,133.09004862923342,132.87193274069085,343.72224225262175,350.59640911818946,347.10558973092554,37713.48020646648,38661.34739977155,38109.70159807678,35980.265913817064,639.2335741790386,26.9675083862024,537.4971595913956,0.003435630956548433,14.11167191231499,47237.86985855485
2024-10-20 12:21:43.608479,1.0,1.0,1.0,1.0,1.0,1.0,1.0,794042.0,0.05827946992223283,0.04120980838596827,0.03757304914762413,0.025797433782787597,0.03130221970899244,0.02650231011985886,-0.0006263072912891707,0.0006739956637223563,-0.00019711193939050042,-0.0,0.0,0.0,0.0,1.0,0.0,0.0,129.32798390064903,129.4431556827524,129.66276246360945,345.07733128318677,349.5458884386101,346.6740076221828,36980.66424536238,37417.57342941531,37163.55943660115,35049.58058884382,642.3019065833453,26.146829535592342,521.0927086004276,0.0035260147103288583,14.12471237565837,47470.04643673307
2024-10-20 12:21:43.692120,1.0,1.0,1.0,1.0,1.0,1.0,1.0,794043.0,0.058234759927219014,0.042393702000235525,0.037503662109375,0.02526547079878701,0.03130221970899244,0.026538890275460948,-0.0006008734926581384,0.0007057879120111467,-0.0001875742649038633,-0.0,0.0,0.0,0.0,1.0,0.0,0.0,125.72589819081747,125.83368553993878,126.61457163334563,345.6751807641862,348.0254206862181,346.38136133480924,35995.604494937616,36112.10090935095,36311.368804586855,34048.42537015241,644.2614000116896,25.325087077086586,504.66862072353825,0.0036191796944540213,14.137341822473653,47437.76497798092
2024-10-20 12:21:43.695116,1.0,1.0,1.0,1.0,1.0,1.0,1.0,794044.0,0.058946050537339326,0.04282162331969714,0.038055216156251626,0.025188558989287076,0.031115710284795706,0.026428997918226275,-0.0006199488416314126,0.0007185048113266629,-0.00019711193939050042,-0.0,0.0,0.0,0.0,1.0,0.0,0.0,122.27500457968094,122.07749410735573,123.29084990558589,345.41530376838847,346.3366721713679,345.466537758456,34986.49421017887,34801.87630497692,35278.32053888424,32981.35963134126,645.6183616746862,24.482208125621025,487.82501181690895,0.0037152504508114865,14.149549754151815,47662.960907360226
2024-10-20 12:21:43.776670,1.0,1.0,1.0,1.0,1.0,1.0,1.0,794045.0,0.058813338810543125,0.043425625269995945,0.0387336156723732,0.024839508966216593,0.03148762440853117,0.026428997918226275,-0.0006104111671447755,0.0007439386099576951,-0.00021936651319265368,-0.0,0.0,0.0,0.0,1.0,0.0,0.0,119.29906036287437,118.29030876397086,119.48149380691471,344.86458322802105,346.24272098367356,343.84789130978646,34126.969477503255,33771.31118973021,33906.33193460938,31941.73049853698,647.385210309934,23.648282339420504,471.15852065735425,0.0038208401462703195,14.161340603104694,47473.678993211775
2024-10-20 12:21:43.780670,1.0,1.0,1.0,1.0,1.0,1.0,1.0,794046.0,0.05774066510518515,0.04318503823719134,0.038666311337125336,0.024406113920105138,0.03151841915858901,0.02650231011985886,-0.000565902019540469,0.0007375801602999371,-0.00023208341250816988,-0.0,0.0,0.0,0.0,1.0,0.0,0.0,115.82436070593656,115.1827676107059,115.06540699137632,342.486979563457,348.20894163742037,341.9684463483482,32903.24125488884,33192.93398424494,32342.469713430757,30867.87116324863,648.4721944316177,22.81762415384128,454.55527504868394,0.003938201488517312,14.172715952066559,47332.95208300832
2024-10-20 12:21:43.862200,1.0,1.0,1.0,1.0,1.0,1.0,1.0,794047.0,0.05710563455466223,0.043425625269995945,0.038123599349151736,0.024286573051581467,0.03130221970899244,0.02657542007977932,-0.0005627227947115899,0.0007185048113266629,-0.00023208341250816986,-0.0,0.0,0.0,0.0,1.0,0.0,0.0,111.48779492147861,111.99575798867815,111.60961831894657,341.41381931996875,347.4485869320591,342.5142844051558,31520.987134626568,32186.802540772496,31546.57389642752,29850.442532323857,650.6739514639256,21.993792734692022,438.08535489805513,0.004070466193311683,14.183679137537267,47203.96535260946
2024-10-20 12:21:43.865779,1.0,1.0,1.0,1.0,1.0,1.0,1.0,794048.0,0.05746936838852065,0.04227064309912445,0.03853134997827472,0.024485483605775776,0.031240173622796498,0.027224576194402335,-0.000572260469198227,0.0006803541133801144,-0.0002511587614814441,-0.0,0.0,0.0,0.0,1.0,0.0,0.0,108.1291375707239,107.95640827244773,107.84208104615583,341.2540187239527,346.90009536546927,342.63867194876246,30631.623171344694,31088.25999698483,30499.152760683588,28879.827519511105,653.8346303989862,21.179046946425398,421.7917276024421,0.004224012842957118,14.194234571285541,47098.19160795242
2024-10-20 12:21:43.947155,1.0,1.0,1.0,1.0,1.0,1.0,1.0,794049.0,0.05715122788292689,0.04245509769062346,0.037918079796158174,0.024917498197257262,0.03148762440853117,0.02708166404617134,-0.0006040527174870175,0.0007185048113266629,-0.00024797953665256506,-0.0,0.0,0.0,0.0,1.0,0.0,0.0,103.5419337013449,104.47395253292483,104.5547762741092,342.6403592077402,344.02917985418657,345.34941575892105,29346.365945347592,29794.591105702722,30122.7325128191,27930.630982228784,657.9372192778948,20.35880969344358,405.38499913802065,0.004399065460658416,14.204379422928955,47250.89756705032
2024-10-20 12:21:44.030241,1.0,1.0,1.0,1.0,1.0,1.0,1.0,794050.0,0.0578308145201186,0.0420853800755884,0.03832801689680105,0.025034026493987453,0.03142594437984583,0.027260187166059602,-0.0006104111671447755,0.0006835333382089934,-0.00027023411045471834,-0.0,0.0,0.0,0.0,1.0,0.0,0.0,101.0886869258546,100.14084593307354,99.77076852800434,343.3590472932493,347.9288362035621,340.9592923720693,28952.329819574574,28997.64341300724,28143.529364452115,26911.709121620384,660.1309656741462,19.55454846675233,389.29834440198397,0.004583652074888326,14.214121702385231,46918.291410902726
2024-10-20 12:21:44.034240,1.0,1.0,1.0,1.0,1.0,1.0,1.0,794051.0,0.05885760930142632,0.04220897910845451,0.03839591423416136,0.025188558989287076,0.03167194378429309,0.026865870455412305,-0.000645382640262445,0.0006898917878667515,-0.00025751721113920217,-0.0,0.0,0.0,0.0,1.0,0.0,0.0,96.12875115522336,96.0931570643269,97.26290406827832,345.10669450488274,342.72396641923575,345.3459025568219,27609.1067315906,27273.02326502952,28127.844302496418,25918.150738104763,663.204512510282,18.749171090154473,373.1882152149509,0.004787429213553888,14.223460822200904,46939.77344713942
2024-10-20 12:21:44.116591,1.0,1.0,1.0,1.0,1.0,1.0,1.0,794052.0,0.05894605053733932,0.042393702000235525,0.03825999906698716,0.02507274890923307,0.03145679951185349,0.027224576194402335,-0.000648561865091324,0.0006867125630378724,-0.00027023411045471834,-0.0,0.0,0.0,0.0,1.0,0.0,0.0,92.31511898177776,93.10952857049091,92.52621154274405,342.0062762036576,347.37659354967747,343.66534844469936,26294.55185284593,26928.078912292665,26512.01088388732,24862.160568078354,665.4048087729334,17.92958592127646,356.7995630495387,0.004997760081742185,14.232389812275201,47091.8380602301
2024-10-20 12:21:44.120591,1.0,1.0,1.0,1.0,1.0,1.0,1.0,794053.0,0.05912253611350746,0.04239370200023552,0.038463691717159486,0.025456733716313067,0.031146872746571578,0.02736674204979371,-0.0006739956637223563,0.0006898917878667515,-0.0002988471339146297,-0.0,0.0,0.0,0.0,1.0,0.0,0.0,88.74718350218917,88.9494300310587,88.64074943789736,344.42558770410864,345.9034199411333,342.7349721844704,25456.233454268397,25575.69352036773,25369.940024605075,23785.540775337635,667.8374302575916,17.094614655614368,340.10550026062594,0.005226186397464541,14.240901029637929,47269.846869904824
2024-10-20 12:21:44.202074,1.0,1.0,1.0,1.0,1.0,1.0,1.0,794054.0,0.05956146222893687,0.04220897910845451,0.03893483061427055,0.025797433782787597,0.031641298451732976,0.027508173183166423,-0.0006739956637223563,0.0006867125630378724,-0.00031474325805902487,-0.0,0.0,0.0,0.0,1.0,0.0,0.0,84.62276492237793,85.27143088690504,84.80655679924149,343.0508552313512,344.48576733234574,345.2019775249462,24075.69614649947,24492.02183834848,24501.883552623487,22708.37907025799,670.0839167912928,16.269852119339905,323.61476120267275,0.00547725071823708,14.248999562511617,47084.727170096616
2024-10-20 12:21:44.283856,1.0,1.0,1.0,1.0,1.0,1.0,1.0,794055.0,0.060687815081570395,0.041774782619765874,0.03913501101148131,0.026318646714264433,0.031641298451732976,0.028032185471914422,-0.0007185048113266629,0.000645382640262445,-0.0003179224828879039,-0.0,0.0,0.0,0.0,1.0,0.0,0.0,80.51500342721617,81.68079037534825,80.68090156488852,340.1208725491978,346.0586632431646,345.63901009723844,22694.32360382248,23647.717321109663,23287.73291491142,21595.87633777638,671.2378224948981,15.450466833455662,307.23153741097775,0.005753221819440194,14.256688101490218,46912.539161098066
2024-10-20 12:21:44.287856,1.0,1.0,1.0,1.0,1.0,1.0,1.0,794056.0,0.06158252400415764,0.04152463197171362,0.03953233095432663,0.02672103991000101,0.03173314566510837,0.028341942781077132,-0.0007407593851288161,0.000648561865091324,-0.0003338186070322991,-0.0,0.0,0.0,0.0,1.0,0.0,0.0,76.50101799489867,77.86464759152462,76.82036083798455,339.26034782621497,345.88316197619037,345.64668441989113,21524.256163363123,22555.140986811097,22219.841806846456,20517.875852058994,674.3591667322607,14.615811103141278,290.54440346008005,0.006061307820147929,14.263959041152992,47122.318704316735
2024-10-20 12:21:44.369651,1.0,1.0,1.0,1.0,1.0,1.0,1.0,794057.0,0.06179364057814277,0.04108320345271294,0.03979500713939933,0.026937993727346517,0.03179422973639322,0.028273401102065627,-0.0007693724085887275,0.0006549203147490821,-0.000324280932545662,-0.0,0.0,0.0,0.0,1.0,0.0,0.0,72.40096533675352,73.51135200152132,73.4273841756833,340.20907560232513,345.0103403684859,346.2099668505879,20528.48744738052,21200.88109987891,21321.544141532624,19461.807630215037,678.9985287429444,13.773802074028811,273.7068863686673,0.006422174147705877,14.270808618127708,47300.146259359004
2024-10-20 12:21:44.373650,1.0,1.0,1.0,1.0,1.0,1.0,1.0,794058.0,0.06166705736447839,0.04139898983206045,0.040315225390783915,0.02708166404617134,0.03185519667586617,0.028341942781077132,-0.0007948062072197599,0.0006612787644068402,-0.00030202635874350875,-0.0,0.0,0.0,0.0,1.0,0.0,0.0,69.0816049400251,68.85277761528859,69.50769615931165,342.4361732277314,344.080555420296,345.3108613284054,19803.22964185717,19809.386159407204,20068.059533595468,18364.594451598314,682.1971996149676,12.94146308540375,257.06490614439684,0.006816677341791943,14.277241725768858,47169.88586365296
2024-10-20 12:21:44.454154,1.0,1.0,1.0,1.0,1.0,1.0,1.0,794059.0,0.06229740141874289,0.041461858493688546,0.04063698009803076,0.026829736114304472,0.03170255949350469,0.0287834855487486,-0.000807523106535276,0.000642203415433566,-0.000324280932545662,-0.0,0.0,0.0,0.0,1.0,0.0,0.0,65.33989543766648,65.45828172003134,64.99974320264636,343.2149416892822,344.28471515030674,345.4739103900737,18669.41791514354,18915.383925995513,18816.39895787067,17293.719025972296,685.7646629609173,12.128770494375374,240.8156339414103,0.007254552087176613,14.28326819168384,46929.363327194136
2024-10-20 12:21:44.458158,1.0,1.0,1.0,1.0,1.0,1.0,1.0,794060.0,0.06183577739898077,0.041774782619765874,0.04037978143756249,0.026829736114304472,0.03194642892952922,0.02888442151794573,-0.000801164656877518,0.0006612787644068402,-0.00031474325805902487,-0.0,0.0,0.0,0.0,1.0,0.0,0.0,61.11274381787325,61.11192045823651,61.951398585667505,348.19527064225315,342.8088103479468,343.3065111661512,17826.33185696055,17351.786485293058,17923.540171765577,16214.25412190605,688.7178045580421,11.328552966908367,224.8159122622485,0.007746563400664535,14.288894260931169,46758.78545777985
2024-10-20 12:21:44.539862,1.0,1.0,1.0,1.0,1.0,1.0,1.0,794061.0,0.06166705736447839,0.04152463197171362,0.04012093401707996,0.02697398304697218,0.032067668184708895,0.02921835655994684,-0.0007693724085887276,0.0006612787644068402,-0.00031156403323014586,-0.0,0.0,0.0,0.0,1.0,0.0,0.0,58.07777634852509,57.676570615390425,56.683201420574264,342.070786938036,352.73153250114916,340.93553609623046,16643.179456031135,17061.34725853161,15990.892555192982,15098.097292647082,691.4211617806428,10.513359003871972,208.52154503504977,0.008301985320518374,14.29411255993911,46939.480536719704
2024-10-20 12:21:44.622791,1.0,1.0,1.0,1.0,1.0,1.0,1.0,794062.0,0.06179364057814277,0.041649895097796784,0.04037978143756249,0.027260187166059602,0.032756086704177324,0.02918513499541173,-0.0007630139589309696,0.0006867125630378724,-0.000321101707716783,-0.0,0.0,0.0,0.0,1.0,0.0,0.0,53.08634074725382,53.164148267923565,54.33815685875379,346.1076529979242,340.15948724941296,350.02492884190013,15277.944443811233,14998.589633038817,15951.020881524531,13962.23044272636,693.0592429430646,9.705704004169785,192.37818534343631,0.00894265237850658,14.298926867705525,46768.9009852995
2024-10-20 12:21:44.626791,1.0,1.0,1.0,1.0,1.0,1.0,1.0,794063.0,0.061835777398980774,0.04057283328598263,0.040055960801949016,0.027437548745241652,0.032874340109372714,0.029151875571506957,-0.0007661931837598486,0.0006517410899202031,-0.00031156403323014586,-0.0,0.0,0.0,0.0,1.0,0.0,0.0,49.53140690198745,50.25463070617967,49.18024107157859,342.6143390251754,351.900088056775,341.0044372827876,14122.274211477876,14708.797338552135,13973.445829680617,12842.587876679838,698.016809705734,8.870490071201592,175.6944515586087,0.0096688562393644,14.303323661246043,47218.035321968535
2024-10-20 12:21:44.710549,1.0,1.0,1.0,1.0,1.0,1.0,1.0,794064.0,0.06175147500477284,0.03999088202492748,0.039201510653345636,0.02729575167846423,0.03305092691301418,0.028951516664139216,-0.0007693724085887276,0.0006676372140645982,-0.00027977178494135546,-0.0,0.0,0.0,0.0,1.0,0.0,0.0,46.1075548951056,45.73320367124746,45.46942265325194,345.03867592916765,341.4841346072757,346.7257579421288,13122.695240636622,13071.994691358233,13106.67580208079,11698.771042815464,700.8828047051245,8.054198828911211,159.39188923441384,0.01050438026024703,14.30731247946301,46953.10661147579
2024-10-20 12:21:44.713549,1.0,1.0,1.0,1.0,1.0,1.0,1.0,794065.0,0.06183577739898077,0.03986040571620479,0.03853134997827472,0.02711746269239568,0.032815266674204355,0.02851257612746981,-0.0007502970596154533,0.0006867125630378724,-0.0002670548856258393,-0.0,0.0,0.0,0.0,1.0,0.0,0.0,42.42882516459641,41.69478715099516,41.632352311074065,337.1399250191568,351.729550607603,342.16193063391,11965.655479140594,12236.04018752328,11674.141037169784,10578.925885680144,706.044814586129,7.237279156440117,143.0805789541065,0.011502970513540408,14.310893103436836,47059.12381241475
2024-10-20 12:21:44.793356,1.0,1.0,1.0,1.0,1.0,1.0,1.0,794066.0,0.06107286676663669,0.03986040571620479,0.038123599349151736,0.02679355304171941,0.03290383705573704,0.02820469285687616,-0.0007248632609844209,0.0006835333382089934,-0.00025751721113920217,-0.0,0.0,0.0,0.0,1.0,0.0,0.0,38.74867456786457,37.39434634274,38.0586605888872,350.7184317861226,348.2909956715063,330.6243999718727,11370.092416509156,10703.230531474792,10408.802198133346,9466.337080885505,711.3584546947777,6.4356961086413556,127.07638429996365,0.012722305755430915,14.314073218805795,46965.571659051
2024-10-20 12:21:44.877459,1.0,1.0,1.0,1.0,1.0,1.0,1.0,794067.0,0.06154021377999141,0.03986040571620479,0.038463691717159486,0.02664832946254422,0.033430331878977426,0.028273401102065627,-0.0007057879120111467,0.0006739956637223563,-0.00024797953665256506,-0.0,0.0,0.0,0.0,1.0,0.0,0.0,34.91811988806742,33.33464180153588,34.53818688750359,358.18674905660015,331.7389941918455,338.888475009397,10305.628194420451,9124.231790999742,9648.461010294735,8348.218232050354,722.0592648145839,5.599682243143845,110.40591228881034,0.014176988131876093,14.316836151827756,47766.87391965633
2024-10-20 12:21:44.881459,1.0,1.0,1.0,1.0,1.0,1.0,1.0,794068.0,0.06170928061993169,0.03986040571620479,0.037780445658522906,0.02646567940419046,0.03351727697218139,0.027788876097916127,-0.0006803541133801144,0.0006739956637223563,-0.00024797953665256506,-0.0,0.0,0.0,0.0,1.0,0.0,0.0,31.265259470575963,29.690254211291588,30.624954640273437,351.60563077923354,323.16515448628985,354.71856526960033,8985.317325060747,7994.9161619501065,8727.885925361645,7237.099699274582,734.238461633321,4.782437665077515,94.12366017107166,0.015944725653354763,14.319191617793692,47947.87861693492
2024-10-20 12:21:44.961472,1.0,1.0,1.0,1.0,1.0,1.0,1.0,794069.0,0.06141310821136006,0.03893483061427055,0.03757304914762413,0.02668470945144587,0.03331405211143558,0.02733126991297999,-0.0006708164388934773,0.0006390241906046868,-0.00023844186216592797,-0.0,0.0,0.0,0.0,1.0,0.0,0.0,27.453465085988533,26.588445383089127,26.517652176634225,336.0338111313085,322.07519904180594,370.3415049223577,7480.9477495298,7102.351403385533,7686.977648796338,6108.0065226127535,750.3401692092106,3.9581305469201724,77.7342973549623,0.018042780127003655,14.321136936234058,48642.171885269316
2024-10-20 12:21:44.966005,1.0,1.0,1.0,1.0,1.0,1.0,1.0,794070.0,0.0614978744466135,0.03893483061427055,0.037711440220720746,0.026757321039963047,0.03310957989067469,0.02708166404617134,-0.0006962502375245095,0.0006358449657758078,-0.0002352626373370489,-0.0,0.0,0.0,0.0,1.0,0.0,0.0,22.90002309781783,23.760709921274028,23.573298608159117,317.92756686919523,323.65140985798286,396.8891844887522,5860.318271009691,6144.8244783222835,7237.509551304545,5087.740295662852,787.3285002748397,3.150863737730153,61.70783988690118,0.02077898279163901,14.322681188937585,50054.7021812801
2024-10-20 12:21:45.047896,1.0,1.0,1.0,1.0,1.0,1.0,1.0,794071.0,0.06090203323825013,0.03886787470812279,0.037711440220720746,0.02657542007977932,0.03305092691301418,0.026757321039963047,-0.0007185048113266629,0.0006263072912891707,-0.0002352626373370489,-0.0,0.0,0.0,0.0,1.0,0.0,0.0,19.66012769134295,19.16848149598283,21.51559592759471,309.37181899024824,319.03123548718185,416.20422691038084,5040.837740728906,4670.216314186779,6765.11378436608,4160.8307750469485,842.9858360574649,2.4159746760925507,47.13365920699492,0.024541530310532727,14.323860719460626,51708.689737927656
2024-10-20 12:21:45.130440,1.0,1.0,1.0,1.0,1.0,1.0,1.0,794072.0,0.060687815081570395,0.038733615672373205,0.03715478325109878,0.02668470945144587,0.03290383705573704,0.026865870455412305,-0.0007375801602999371,0.0006231280664602917,-0.00023844186216592797,-0.0,0.0,0.0,0.0,1.0,0.0,0.0,17.572007125148694,16.720247821720637,17.16287073303662,290.1878081401418,331.7876710177484,429.7355651210895,4161.498232584894,4351.879352944572,5612.310082176594,3367.1544669328223,936.0612957891316,1.7700136846865198,34.350268298265654,0.02966094004100052,14.324720342723792,55132.46645986149
2024-10-20 12:21:45.134368,1.0,1.0,1.0,1.0,1.0,1.0,1.0,794073.0,0.060902033238250136,0.03859888964444313,0.03757304914762413,0.026428997918226275,0.032756086704177324,0.02679355304171941,-0.000734400935471058,0.0006104111671447755,-0.00021618728836377465,-0.0,0.0,0.0,0.0,1.0,0.0,0.0,13.051578519262891,13.622473191561783,16.202757633325643,272.0867435331937,326.302153387126,455.0264503878389,2964.373891214028,3337.7309461313416,5813.608440726298,2692.3280777414097,1082.2928265298053,1.235102822362334,23.75497526144856,0.03834017575907862,14.325314816373119,61507.14999860693
2024-10-20 12:21:45.215561,1.0,1.0,1.0,1.0,1.0,1.0,1.0,794074.0,0.06060191579565507,0.03900167157440239,0.03839591423416136,0.026428997918226275,0.03251828982682399,0.027045818015839475,-0.0007153255864977838,0.0006008734926581384,-0.00021936651319265374,-0.0,0.0,0.0,0.0,1.0,0.0,0.0,11.673764628642592,11.66903104270982,12.340192309386518,251.14806408366266,343.661520022117,464.74231988530835,2401.096375375062,3270.2438925045612,4869.5358634049935,2146.1459368787305,1355.4486623088483,0.7970401975482087,15.119852663501664,0.05149999272231533,14.325693194118886,0.0
2024-10-20 12:21:45.219561,1.0,1.0,1.0,1.0,1.0,1.0,1.0,794075.0,0.06047283808617587,0.03900167157440239,0.03819186010094626,0.026318646714264433,0.032637404840404415,0.02708166404617134,-0.0007185048113266629,0.0005945150430003804,-0.00020982883870601657,-0.0,0.0,0.0,0.0,1.0,0.0,0.0,9.122810041484419,7.630234619901183,12.089534873412578,243.67759562534724,338.7864471213509,483.02882287328464,1960.7371939469494,2311.13404027435,5031.256583617121,1691.4952459789374,1833.4817555872821,0.47857723850072376,8.809790295221958,0.07958532223334783,14.325913661121229,0.0
2024-10-20 12:21:45.300937,1.0,1.0,1.0,1.0,1.0,1.0,1.0,794076.0,0.060987509818192606,0.03966388649582423,0.03819186010094626,0.02700992441274364,0.032368779656366614,0.026865870455412305,-0.0007439386099576951,0.0006199488416314126,-0.00019711193939050045,-0.0,0.0,0.0,0.0,1.0,0.0,0.0,4.77004959883722,7.416343367733913,11.159342783177692,199.47570402138032,350.7308080488117,505.977294488726,881.1307864871932,2365.1622749789703,5200.769601025731,1357.7736920996435,3243.960978448006,0.2318604017387833,3.9968987814614985,0.1380807694009666,14.326013684420705,0.0
2024-10-20 12:21:45.303937,1.0,1.0,1.0,1.0,1.0,1.0,1.0,794077.0,0.06081643652238848,0.03966388649582423,0.03819186010094626,0.027224576194402335,0.03188563643118791,0.026901956261409284,-0.0007598347341020903,0.0006231280664602917,-0.00020029116421937945,-0.0,0.0,0.0,0.0,1.0,0.0,0.0,2.4191942766086023,7.485711552412126,9.644646495654063,153.06644206833155,376.1540202913993,513.5504897009674,362.39394114983,2704.6201497900483,4830.160392924689,1074.7593323526994,6554.2381066552525,0.1037162656840026,1.5658869048811743,0.24511025606531284,14.326052871096024,0.0
2024-10-20 12:21:45.386644,1.0,1.0,1.0,1.0,1.0,1.0,1.0,794078.0,0.06047283808617588,0.03906839817849146,0.0378493252884673,0.02711746269239568,0.03170255949350469,0.027224576194402335,-0.0007693724085887275,0.0006231280664602917,-0.00020982883870601662,-0.0,0.0,0.0,0.0,1.0,0.0,0.0,1.9466531795472326,7.344702002791732,8.953774654418723,128.42436547490473,395.993748686236,513.6580190898571,244.04614592710786,2882.3169924699932,4566.749485742609,934.0635614654216,12665.825317295146,0.05152006135591447,0.7042296695798245,0.31654810665420596,0.0,0.0
2024-10-20 12:21:45.470195,1.0,1.0,1.0,1.0,1.0,1.0,1.0,794079.0,0.06004057494595437,0.040055960801949016,0.037918079796158174,0.02711746269239568,0.03179422973639322,0.027472883658460283,-0.0007757308582464856,0.0006517410899202031,-0.00020029116421937945,-0.0,0.0,0.0,0.0,1.0,0.0,0.0,1.7962701714423943,7.568165093749112,8.854093012665038,116.0814917596711,411.2933439225539,512.6179359028191,201.64283410129346,3092.415525814906,4511.7551002584,0.0,0.0,0.035638704171097664,0.0,1.0,0.0,0.0
2024-10-20 12:21:45.474185,1.0,1.0,1.0,1.0,1.0,1.0,1.0,794080.0,0.06021385257881441,0.04025056580563931,0.03825999906698716,0.02711746269239568,0.032097906445255474,0.027437548745241652,-0.0007757308582464856,0.0006835333382089934,-0.00020982883870601662,-0.0,0.0,0.0,0.0,1.0,0.0,0.0,1.623787556862518,7.87177017466974,8.76193206840529,104.57814878821844,422.78478800490353,504.6032120511176,161.43560538451152,3307.85611222519,4395.803302255387,0.0,0.0,0.035638704171097664,0.0,1.0,0.0,0.0
2024-10-20 12:21:45.555710,1.0,1.0,1.0,1.0,1.0,1.0,1.0,794081.0,0.06124322376914681,0.04063698009803076,0.03825999906698716,0.02708166404617134,0.03188563643118791,0.027613771165243314,-0.0007884477575620017,0.0007026086871822677,-0.00020982883870601657,-0.0,0.0,0.0,0.0,1.0,0.0,0.0,1.5346423019554236,8.181631343094699,8.640794212676042,93.52288307416316,436.01281125318314,495.70726007045005,132.90782806954934,3546.5593595035357,4258.968173530476,0.0,0.0,0.03208874386648908,0.0,1.0,0.0,0.0
2024-10-20 12:21:45.559709,1.0,1.0,1.0,1.0,1.0,1.0,1.0,794082.0,0.06081643652238848,0.04070102581168387,0.03819186010094626,0.02715321414192533,0.03151841915858901,0.02733126991297999,-0.0007916269823908807,0.0006994294623533886,-0.0001875742649038633,-0.0,0.0,0.0,0.0,1.0,0.0,0.0,1.559921640351719,8.495633281215463,8.471275892937012,85.50023271569886,449.2140573081459,484.5920814315294,120.55215890247545,3794.9001097439777,4081.9889561036557,0.0,0.0,0.02500917215455742,0.0,1.0,0.0,0.0
2024-10-20 12:21:45.640710,1.0,1.0,1.0,1.0,1.0,1.0,1.0,794083.0,0.060170579951896654,0.04152463197171362,0.03825999906698716,0.026829736114304472,0.03139505892336215,0.027260187166059602,-0.0007566555092732113,0.0007375801602999371,-0.00020029116421937945,-0.0,0.0,0.0,0.0,1.0,0.0,0.0,1.7414955608910956,8.808554230775822,8.25000124538167,83.28388113943451,462.3710901816173,471.3014394109293,131.4545143222319,4050.1425470688405,3866.4719004545927,0.0,0.0,0.015775908323484307,0.0,1.0,0.0,0.0
2024-10-20 12:21:45.722741,1.0,1.0,1.0,1.0,1.0,1.0,1.0,794084.0,0.05977971676101447,0.041649895097796784,0.03722482060496381,0.02700992441274364,0.031549183850304155,0.027260187166059602,-0.0007661931837598485,0.0007439386099576951,-0.00020982883870601657,-0.0,0.0,0.0,0.0,1.0,0.0,0.0,2.0867864017503925,9.089839356362582,7.9701350292129485,90.19465793045993,475.47676918478345,456.2691524001639,176.26520884051536,4298.121073791856,3616.056070517383,0.0,0.0,0.0,0.0,1.0,0.0,0.0
2024-10-20 12:21:45.726737,1.0,1.0,1.0,1.0,1.0,1.0,1.0,794085.0,0.05943012477643178,0.04196141697840431,0.0378493252884673,0.02697398304697218,0.03148762440853117,0.027472883658460283,-0.0007375801602999371,0.0007502970596154532,-0.00022254573802153277,-0.0,0.0,0.0,0.0,1.0,0.0,0.0,2.530290477909654,9.345763975093488,7.641873764021243,105.96191017176078,487.5109819439375,438.70078966108304,257.97346886236903,4531.18189369284,3333.3669812729872,0.0,0.0,0.0,0.0,1.0,0.0,0.0
2024-10-20 12:21:45.809291,1.0,1.0,1.0,1.0,1.0,1.0,1.0,794086.0,0.05947393615339293,0.04120980838596827,0.038123599349151736,0.026281760015388615,0.0316106234096681,0.027718966864906235,-0.0006962502375245095,0.000734400935471058,-0.0002352626373370489,-0.0,0.0,0.0,0.0,1.0,0.0,0.0,3.0693032146983596,9.587400018143192,7.259105172263125,127.88058541697143,498.2074987204881,418.31421344596436,383.6020049228474,4750.595001627716,3018.792578695097,0.0,0.0,0.0,0.0,1.0,0.0,0.0
2024-10-20 12:21:45.813288,1.0,1.0,1.0,1.0,1.0,1.0,1.0,794087.0,0.059517715280523555,0.041209808385968265,0.03825999906698716,0.026318646714264433,0.031641298451732976,0.028032185471914422,-0.0006771748885512353,0.0007407593851288161,-0.00025433798631032317,-0.0,0.0,0.0,0.0,1.0,0.0,0.0,3.64859145072444,9.778922002130614,6.823267067488161,153.95964698200856,507.6115328533772,395.7751763730675,553.4295053094078,4937.009890877539,2683.925870965711,0.0,0.0,0.0,0.0,1.0,0.0,0.0
2024-10-20 12:21:45.894000,1.0,1.0,1.0,1.0,1.0,1.0,1.0,794088.0,0.059997177343648046,0.041209808385968265,0.03832801689680105,0.026207830867489117,0.03170255949350469,0.02782376484498668,-0.0006676372140645982,0.0007407593851288161,-0.0002352626373370489,-0.0,0.0,0.0,0.0,1.0,0.0,0.0,4.259655299753726,9.916128118004105,6.338572380426043,182.91038557410872,515.2931321646372,371.29782583058477,765.7843802356562,5074.78838282339,2337.901685032722,0.0,0.0,0.0,0.0,1.0,0.0,0.0
2024-10-20 12:21:45.898000,1.0,1.0,1.0,1.0,1.0,1.0,1.0,794089.0,0.06008394120292352,0.04108320345271294,0.037918079796158174,0.026096544458751023,0.03233879467572394,0.028307692686654416,-0.000645382640262445,0.0007566555092732113,-0.0002352626373370489,-0.0,0.0,0.0,0.0,1.0,0.0,0.0,4.686158459273997,9.599880130535272,5.834073788481472,185.37889923770058,495.25407475828683,344.48627019911106,778.4296245923667,4612.383121758762,1995.8356092339197,0.0,0.0,0.0,0.0,1.0,0.0,0.0
2024-10-20 12:21:45.979361,1.0,1.0,1.0,1.0,1.0,1.0,1.0,794090.0,0.060170579951896654,0.04070102581168387,0.0373645014732293,0.026392265450275895,0.03212811624624381,0.02847853124831018,-0.0006549203147490821,0.0007248632609844209,-0.00021300806353489565,-0.0,0.0,0.0,0.0,1.0,0.0,0.0,4.735986063279207,9.162396813897907,5.33263086631163,187.93095987802533,471.15634911869705,317.4277354985429,791.4951428662353,4168.988937753878,1679.9717735968677,0.0,0.0,0.0,0.0,1.0,0.0,0.0
2024-10-20 12:21:46.061683,1.0,1.0,1.0,1.0,1.0,1.0,1.0,794091.0,0.05899022143191336,0.04057283328598263,0.03701431097784901,0.026244821472867705,0.032308781866774994,0.028273401102065627,-0.0006072319423158965,0.0007248632609844209,-0.00020664961387713757,-0.0,0.0,0.0,0.0,1.0,0.0,0.0,4.750669639910888,8.663359244296815,4.828735617765028,189.61789612234287,444.22615097441735,290.4651284267747,797.9817674768713,3699.0022981832035,1391.2028392625846,0.0,0.0,0.0,0.0,1.0,0.0,0.0
2024-10-20 12:21:46.065680,1.0,1.0,1.0,1.0,1.0,1.0,1.0,794092.0,0.05943012477643178,0.04070102581168387,0.0373645014732293,0.026059343378600053,0.032696799620819436,0.028648351067380656,-0.0005881565933426223,0.000731221710642179,-0.00021300806353489565,-0.0,0.0,0.0,0.0,1.0,0.0,0.0,4.726805073618227,8.094661203443655,4.332088848826556,189.9985445695957,414.35163194870086,264.37247709196964,792.7134688025396,3204.4932228284647,1135.2684622833003,0.0,0.0,0.0,0.0,1.0,0.0,0.0
2024-10-20 12:21:46.147388,1.0,1.0,1.0,1.0,1.0,1.0,1.0,794093.0,0.05973612964857621,0.039925697169818586,0.03764230828317236,0.026355481787173698,0.03299216966314644,0.028273401102065627,-0.0006167696168025336,0.0007026086871822677,-0.0001939327145616214,-0.0,0.0,0.0,0.0,1.0,0.0,0.0,4.648301094874187,7.445522874291377,3.8623503252976814,188.33716081750168,381.0909793243139,239.97261727150635,768.0391337311106,2689.2401032405646,918.2787395155761,0.0,0.0,0.0,0.0,1.0,0.0,0.0
2024-10-20 12:21:46.151389,1.0,1.0,1.0,1.0,1.0,1.0,1.0,794094.0,0.05964885987276111,0.04012093401707996,0.03853134997827472,0.026392265450275895,0.03313886745048406,0.028170275891210916,-0.0006263072912891707,0.0007375801602999371,-0.000162140466272831,-0.0,0.0,0.0,0.0,1.0,0.0,0.0,4.498557941743477,6.7185799534360315,3.4487610610981316,183.65747086833917,343.33718012629106,217.9472820464157,717.0151769815653,2160.5811370881484,744.1792045932249,0.0,0.0,0.0,0.0,1.0,0.0,0.0
2024-10-20 12:21:46.234133,1.0,1.0,1.0,1.0,1.0,1.0,1.0,794095.0,0.06008394120292352,0.03979500713939933,0.03832801689680105,0.026318646714264433,0.033021561356871405,0.02792816958270741,-0.000648561865091324,0.0007248632609844209,-0.0001780365904172262,-0.0,0.0,0.0,0.0,1.0,0.0,0.0,4.275550065835338,5.892043698425878,3.110756434966142,174.87142953596975,299.74798586717395,198.99071633959346,637.4964309954418,1622.4580464382666,612.2141709682568,0.0,0.0,0.0,0.0,1.0,0.0,0.0
2024-10-20 12:21:46.316432,1.0,1.0,1.0,1.0,1.0,1.0,1.0,794096.0,0.059692510709099,0.04044423444177085,0.03859888964444313,0.02697398304697218,0.033226575237181734,0.028170275891210916,-0.0006962502375245095,0.000731221710642179,-0.0001716781407594681,-0.0,0.0,0.0,0.0,1.0,0.0,0.0,3.933880898300396,4.9011955124785604,2.852978015697454,160.45090629755234,247.97749746092236,183.87359797238437,520.836393771916,1073.960892492766,518.2256335384421,0.0,0.0,0.0,0.0,1.0,0.0,0.0
2024-10-20 12:21:46.319431,1.0,1.0,1.0,1.0,1.0,1.0,1.0,794097.0,0.05872469770694884,0.04025056580563931,0.038123599349151736,0.02650231011985886,0.03348832035600082,0.027613771165243314,-0.0006867125630378724,0.000731221710642179,-0.0001367066676417987,-0.0,0.0,0.0,0.0,1.0,0.0,0.0,3.4409877724428832,3.6866099496341524,2.7041038234358687,137.83322394748654,182.5947178107765,173.5703263763615,364.13917158587043,534.3912365637798,463.1293877681454,0.0,0.0,0.0,0.0,1.0,0.0,0.0
2024-10-20 12:21:46.400616,1.0,1.0,1.0,1.0,1.0,1.0,1.0,794098.0,0.05890184651872091,0.041398989832060445,0.03853134997827472,0.026829736114304472,0.033546208593426816,0.027788876097916127,-0.0006930710126956305,0.0007630139589309693,-0.00015260279178619387,-0.0,0.0,0.0,0.0,1.0,0.0,0.0,2.695401321026595,1.8570922881251555,2.657566153698792,100.53640831652723,75.07896470178056,168.33736766643253,167.60214917184814,14.086541388120885,441.4349063264317,0.0,0.0,0.0,0.0,1.0,0.0,0.0
2024-10-20 12:21:46.404408,1.0,1.0,1.0,1.0,1.0,1.0,1.0,794099.0,0.05907846414606075,0.04108320345271294,0.03886787470812279,0.02672103991000101,0.03310957989067469,0.02733126991297999,-0.0006962502375245095,0.0007407593851288161,-0.00015578201661507293,-0.0,0.0,0.0,0.0,1.0,0.0,0.0,1.923528216556266,1.2887474355044668,2.6603772992942,100.8227278183276,67.08904497901204,168.2174225218829,171.67175441799992,65.67498782442418,441.8042956189714,0.0,0.0,0.0,0.0,1.0,0.0,0.0
2024-10-20 12:21:46.486102,1.0,1.0,1.0,1.0,1.0,1.0,1.0,794100.0,0.05859148461052765,0.04127296521748623,0.03893483061427055,0.02664832946254422,0.0333431600699038,0.027613771165243314,-0.0006835333382089934,0.0007439386099576951,-0.0001716781407594681,-0.0,0.0,0.0,0.0,1.0,0.0,0.0,1.832922051145869,1.1788113599444707,2.673254991445797,100.37375586336594,67.59867891426875,168.27858584117672,171.12356015088548,67.59678644220875,444.3254999557449,0.0,0.0,0.0,0.0,1.0,0.0,0.0
2024-10-20 12:21:46.569252,1.0,1.0,1.0,1.0,1.0,1.0,1.0,794101.0,0.05960517706948518,0.04070102581168387,0.039598163357888454,0.026937993727346517,0.03337224263981984,0.027613771165243314,-0.0007280424858133,0.0007057879120111467,-0.00017485736558834716,-0.0,0.0,0.0,0.0,1.0,0.0,0.0,1.7681957077023838,1.1481725038608048,2.68318844398405,99.99957428163708,68.04560018377292,168.33484971829756,168.5511514923642,70.14015303751525,446.176399666769,0.0,0.0,0.0,0.0,1.0,0.0,0.0
2024-10-20 12:21:46.573249,1.0,1.0,1.0,1.0,1.0,1.0,1.0,794102.0,0.05977971676101447,0.04044423444177085,0.03953233095432663,0.027224576194402335,0.03299216966314644,0.02733126991297999,-0.0007502970596154532,0.0006771748885512353,-0.00016531969110171005,-0.0,0.0,0.0,0.0,1.0,0.0,0.0,1.7254663180831618,1.1389671628048743,2.6930438373819787,99.5340967661329,68.60439039324429,168.41828389646398,165.89416052870033,72.56095405208568,448.0704948158701,0.0,0.0,0.0,0.0,1.0,0.0,0.0
2024-10-20 12:21:46.654220,1.0,1.0,1.0,1.0,1.0,1.0,1.0,794103.0,0.0598232721159811,0.0402505658056393,0.039532330954326636,0.02740216826792598,0.03299216966314644,0.02775394349316061,-0.0007153255864977838,0.0006739956637223563,-0.0001875742649038633,-0.0,0.0,0.0,0.0,1.0,0.0,0.0,1.6968866800522542,1.1375725343916616,2.7028401672642994,98.89463355697536,69.36459545812265,168.50767510262895,163.37506102379788,74.6951391739245,449.9787436720538,0.0,0.0,0.0,0.0,1.0,0.0,0.0
2024-10-20 12:21:46.658216,1.0,1.0,1.0,1.0,1.0,1.0,1.0,794104.0,0.059298496431489954,0.04025056580563931,0.03913501101148131,0.027437548745241652,0.03290383705573704,0.02789341142414604,-0.0006994294623533886,0.0006644579892357192,-0.00023208341250816986,-0.0,0.0,0.0,0.0,1.0,0.0,0.0,1.6877510851498134,1.140577073870246,2.71120131547597,98.14899836952067,70.21051841543486,168.58651317073588,161.81758333081066,76.38016078991983,451.6056063278817,0.0,0.0,0.0,0.0,1.0,0.0,0.0
2024-10-20 12:21:46.740058,1.0,1.0,1.0,1.0,1.0,1.0,1.0,794105.0,0.05943012477643178,0.04025056580563931,0.039532330954326636,0.02764888086939877,0.03310957989067469,0.02782376484498668,-0.0007026086871822677,0.0006612787644068402,-0.00023844186216592791,-0.0,0.0,0.0,0.0,1.0,0.0,0.0,1.6748080236644487,1.1478619149225322,2.717125588850512,97.35737918610306,71.07817687496295,168.6640652503448,159.57012456672607,78.20623993525243,452.8083610475675,0.0,0.0,0.0,0.0,1.0,0.0,0.0
2024-10-20 12:21:46.745061,1.0,1.0,1.0,1.0,1.0,1.0,1.0,794106.0,0.059692510709099,0.03979500713939933,0.038463691717159486,0.02729575167846423,0.03313886745048406,0.02740216826792598,-0.0006739956637223563,0.000648561865091324,-0.00020982883870601662,-0.0,0.0,0.0,0.0,1.0,0.0,0.0,1.6491811951806126,1.1706657484692793,2.7225050281731407,96.6681705262457,71.85678667924864,168.74481258916498,156.09686021005626,80.92079557112828,453.9523433596749,0.0,0.0,0.0,0.0,1.0,0.0,0.0
2024-10-20 12:21:46.824756,1.0,1.0,1.0,1.0,1.0,1.0,1.0,794107.0,0.060687815081570395,0.03966388649582423,0.038733615672373205,0.027613771165243314,0.032696799620819436,0.027578616763765378,-0.0007026086871822677,0.0006263072912891707,-0.00022254573802153277,-0.0,0.0,0.0,0.0,1.0,0.0,0.0,1.6346022124014599,1.186489599217725,2.727635078755679,96.04524081909221,72.53092022826452,168.79867476205024,153.77568873389552,82.96092503797148,454.95577169212777,0.0,0.0,0.0,0.0,1.0,0.0,0.0
2024-10-20 12:21:46.908157,1.0,1.0,1.0,1.0,1.0,1.0,1.0,794108.0,0.059692510709099006,0.038666311337125336,0.038733615672373205,0.02768394604629166,0.03260766687993288,0.02782376484498668,-0.0007089671368400258,0.0005976942678292594,-0.00023844186216592797,-0.0,0.0,0.0,0.0,1.0,0.0,0.0,1.6323500739215495,1.1944568693222626,2.7335535015063073,95.46308404959437,73.17245062420825,168.86420914992297,152.65518242349123,84.29058043012441,456.1731028674868,0.0,0.0,0.0,0.0,1.0,0.0,0.0
2024-10-20 12:21:46.911156,1.0,1.0,1.0,1.0,1.0,1.0,1.0,794109.0,0.05973612964857621,0.038867874708122786,0.03900167157440239,0.02782376484498668,0.032637404840404415,0.02782376484498668,-0.0006994294623533886,0.0005754396940271061,-0.00024797953665256506,-0.0,0.0,0.0,0.0,1.0,0.0,0.0,1.6188754034909751,1.2149584659008994,2.73735479984159,94.92198761601914,73.75947859496921,168.91389236532535,150.52698176975773,86.53335231031683,456.9275404469095,0.0,0.0,0.0,0.0,1.0,0.0,0.0
2024-10-20 12:21:46.993111,1.0,1.0,1.0,1.0,1.0,1.0,1.0,794110.0,0.0598232721159811,0.03839591423416136,0.03933417265909616,0.027578616763765378,0.03248844283583844,0.02775394349316061,-0.0007026086871822677,0.000569081244369348,-0.0002734133352835974,-0.0,0.0,0.0,0.0,1.0,0.0,0.0,1.60841801299504,1.22827729901354,2.740699212420199,94.45240401759477,74.26450892595095,168.96594521691406,148.83259296730984,88.12721394167173,457.64418621492814,0.0,0.0,0.0,0.0,1.0,0.0,0.0
2024-10-20 12:21:46.997111,1.0,1.0,1.0,1.0,1.0,1.0,1.0,794111.0,0.05854701288904575,0.03880080326089555,0.03900167157440239,0.027472883658460283,0.03248844283583844,0.028066771771894115,-0.0006676372140645982,0.0005881565933426223,-0.00025433798631032317,-0.0,0.0,0.0,0.0,1.0,0.0,0.0,1.6070846925267526,1.2353765617392571,2.743001517249756,94.07687436774691,74.66888202849655,169.00614769775916,148.10673107648196,89.13396541775165,458.14992134570747,0.0,0.0,0.0,0.0,1.0,0.0,0.0
2024-10-20 12:21:47.079314,1.0,1.0,1.0,1.0,1.0,1.0,1.0,794112.0,0.05845796795098914,0.03859888964444313,0.03893483061427055,0.02708166404617134,0.03257790177388484,0.02768394604629166,-0.000645382640262445,0.0005817981436848642,-0.00024480031182368605,-0.0,0.0,0.0,0.0,1.0,0.0,0.0,1.5984442310726343,1.242701280924014,2.7455273592920513,93.74659046919982,75.01244761071983,169.0246395788695,146.75382705187042,90.1465254931909,458.64997246825726,0.0,0.0,0.0,0.0,1.0,0.0,0.0
2024-10-20 12:21:47.161717,1.0,1.0,1.0,1.0,1.0,1.0,1.0,794113.0,0.05774066510518514,0.03966388649582423,0.03893483061427055,0.027224576194402335,0.032785690042080325,0.027613771165243314,-0.0006867125630378724,0.0006231280664602917,-0.000241621086994807,-0.0,0.0,0.0,0.0,1.0,0.0,0.0,1.5969674875834605,1.247359753156231,2.7462096742241275,93.60174887848285,75.15422998811917,169.02382691203408,146.40949722105947,90.6711134692588,458.76060059383695,0.0,0.0,0.0,0.0,1.0,0.0,0.0
2024-10-20 12:21:47.165717,1.0,1.0,1.0,1.0,1.0,1.0,1.0,794114.0,0.058547012889045756,0.039201510653345636,0.03880080326089556,0.026865870455412305,0.03245856839932655,0.02718891858094095,-0.0006676372140645982,0.0005976942678292594,-0.0002257249628504118,-0.0,0.0,0.0,0.0,1.0,0.0,0.0,1.5961965570740142,1.2484581285603984,2.7495774191991718,93.4969029158336,75.25818775602701,169.03577578366912,146.16926501375588,90.85987171575738,459.3708748734852,0.0,0.0,0.0,0.0,1.0,0.0,0.0
2024-10-20 12:21:47.248924,1.0,1.0,1.0,1.0,1.0,1.0,1.0,794115.0,0.05701433851777478,0.03906839817849146,0.038055216156251626,0.02700992441274364,0.03224867245309928,0.02729575167846423,-0.0006326657409469288,0.0006008734926581384,-0.00020982883870601662,-0.0,0.0,0.0,0.0,1.0,0.0,0.0,1.597024481422407,1.250464557345199,2.752271364105228,93.45179842053574,75.3229361961066,169.05382375444267,146.16823883063054,91.11853015927173,459.87155434711354,0.0,0.0,0.0,0.0,1.0,0.0,0.0
2024-10-20 12:21:47.250924,1.0,1.0,1.0,1.0,1.0,1.0,1.0,794116.0,0.05710563455466222,0.03933417265909616,0.039201510653345636,0.026829736114304472,0.032007105962223864,0.02740216826792598,-0.0006390241906046868,0.0006040527174870175,-0.00023526263733704888,-0.0,0.0,0.0,0.0,1.0,0.0,0.0,1.597068788422958,1.2539841069696092,2.7528305086006584,93.45092859475088,75.32043543830812,169.05407466404776,146.1891722598927,91.39982802680017,459.97220732257205,0.0,0.0,0.0,0.0,1.0,0.0,0.0
2024-10-20 12:21:47.333000,1.0,1.0,1.0,1.0,1.0,1.0,1.0,794117.0,0.05673956902203055,0.039135011011481306,0.039201510653345636,0.027045818015839475,0.03191604715477278,0.02708166404617134,-0.000642203415433566,0.0005945150430003804,-0.0002352626373370489,-0.0,0.0,0.0,0.0,1.0,0.0,0.0,1.5962737031401144,1.256194585349564,2.753233612174192,93.43710067261777,75.35688648282846,169.08286647807282,146.11192124720557,91.59125248646612,460.1200221470968,0.0,0.0,0.0,0.0,1.0,0.0,0.0
2024-10-20 12:21:47.337000,1.0,1.0,1.0,1.0,1.0,1.0,1.0,794118.0,0.056555647730914864,0.039201510653345636,0.03893483061427055,0.027260187166059602,0.032007105962223864,0.026937993727346517,-0.0006199488416314126,0.0005881565933426223,-0.00022254573802153274,-0.0,0.0,0.0,0.0,1.0,0.0,0.0,1.595509148821228,1.257805391756552,2.752927017348515,93.43142297515874,75.36185729058995,169.08652477597508,146.0409178528662,91.7479990971361,460.0593583026005,0.0,0.0,0.0,0.0,1.0,0.0,0.0
2024-10-20 12:21:47.418436,1.0,1.0,1.0,1.0,1.0,1.0,1.0,794119.0,0.05696863563386268,0.03880080326089555,0.03946638873835309,0.026937993727346517,0.03194642892952922,0.026757321039963047,-0.0006294865161180497,0.0005913358181715013,-0.0002289041876792908,-0.0,0.0,0.0,0.0,1.0,0.0,0.0,1.5948846844717295,1.2543118094894599,2.753157146872191,93.43078990936014,75.35998975087035,169.08856315248718,145.97846268759727,91.4978552968733,460.1063108989575,0.0,0.0,0.0,0.0,1.0,0.0,0.0
2024-10-20 12:21:47.501034,1.0,1.0,1.0,1.0,1.0,1.0,1.0,794120.0,0.05678545626691201,0.03966388649582423,0.03906839817849147,0.02711746269239568,0.03245856839932655,0.026428997918226275,-0.0006199488416314126,0.0006199488416314126,-0.00021300806353489562,-0.0,0.0,0.0,0.0,1.0,0.0,0.0,1.5940325911314617,1.252609643884274,2.7542201124554975,93.43364434313641,75.3528853474578,169.08073749406952,145.89698931109018,91.34573485993775,460.28232026255,0.0,0.0,0.0,0.0,1.0,0.0,0.0
2024-10-20 12:21:47.505035,1.0,1.0,1.0,1.0,1.0,1.0,1.0,794121.0,0.05733323862358269,0.03926789767914727,0.039598163357888454,0.026757321039963047,0.03254810944778678,0.026096544458751023,-0.0006072319423158965,0.0006294865161180497,-0.00024480031182368605,-0.0,0.0,0.0,0.0,1.0,0.0,0.0,1.5904462482416113,1.249824677809363,2.7573350891371966,93.43351151421108,75.35185673727165,169.0796143247817,145.56866466949757,91.12584250884586,460.81265660512383,0.0,0.0,0.0,0.0,1.0,0.0,0.0
2024-10-20 12:21:47.587075,1.0,1.0,1.0,1.0,1.0,1.0,1.0,794122.0,0.056785456266912004,0.03979500713939933,0.039729500910397,0.026757321039963047,0.03248844283583844,0.02646567940419046,-0.0006135903919736546,0.0006580995395779611,-0.0002797717849413554,-0.0,0.0,0.0,0.0,1.0,0.0,0.0,1.589642661937167,1.2510925489492202,2.7614908406166028,93.43000467540676,75.36053105229853,169.08318453089927,145.48543265178932,91.21236998653414,461.52623468611785,0.0,0.0,0.0,0.0,1.0,0.0,0.0
2024-10-20 12:21:47.590075,1.0,1.0,1.0,1.0,1.0,1.0,1.0,794123.0,0.05746936838852065,0.039201510653345636,0.039201510653345636,0.026244821472867705,0.032308781866774994,0.026392265450275895,-0.0005976942678292594,0.0006358449657758078,-0.00027977178494135546,-0.0,0.0,0.0,0.0,1.0,0.0,0.0,1.5886695331046587,1.2507320796662178,2.765521289695801,93.43092787557651,75.36907403977558,169.09509112547855,145.38571476373093,91.19200687488157,462.2507442246975,0.0,0.0,0.0,0.0,1.0,0.0,0.0
2024-10-20 12:21:47.672567,1.0,1.0,1.0,1.0,1.0,1.0,1.0,794124.0,0.058100423508559804,0.03913501101148131,0.03979500713939933,0.02646567940419046,0.03251828982682399,0.02668470945144587,-0.0006294865161180497,0.0006326657409469288,-0.00027023411045471834,-0.0,0.0,0.0,0.0,1.0,0.0,0.0,1.5883462390532657,1.25044000234996,2.7669756745027785,93.44196600617676,75.36232214912474,169.09733729689236,145.37904192406234,91.12149986855854,462.4844620279085,0.0,0.0,0.0,0.0,1.0,0.0,0.0
2024-10-20 12:21:47.755582,1.0,1.0,1.0,1.0,1.0,1.0,1.0,794125.0,0.058547012889045756,0.03926789767914727,0.04025056580563931,0.026318646714264433,0.032667115729434024,0.02700992441274364,-0.0006326657409469288,0.0006231280664602917,-0.00029248868425687163,-0.0,0.0,0.0,0.0,1.0,0.0,0.0,1.5862961765447736,1.2524737411819176,2.767244557033869,93.43343869533102,75.38266025923078,169.10517450983485,145.17920220976862,91.29033615238949,462.5613023949272,0.0,0.0,0.0,0.0,1.0,0.0,0.0
2024-10-20 12:21:47.759577,1.0,1.0,1.0,1.0,1.0,1.0,1.0,794126.0,0.058680326942996096,0.03859888964444313,0.039729500910397,0.026244821472867705,0.032815266674204355,0.026757321039963047,-0.0006390241906046868,0.0006008734926581384,-0.0002893094594279926,-0.0,0.0,0.0,0.0,1.0,0.0,0.0,1.585039559911464,1.250317344140911,2.7688896161375416,93.43033742004343,75.38945155816901,169.11361623623338,145.0339682429532,91.18519975922251,462.86605974144123,0.0,0.0,0.0,0.0,1.0,0.0,0.0
2024-10-20 12:21:47.840285,1.0,1.0,1.0,1.0,1.0,1.0,1.0,794127.0,0.05836878716992206,0.03819186010094626,0.039729500910396995,0.026281760015388615,0.03313886745048406,0.02711746269239568,-0.0006358449657758078,0.0006135903919736546,-0.00027977178494135546,-0.0,0.0,0.0,0.0,1.0,0.0,0.0,1.5855952587696007,1.2526290432070437,2.7703249209581,93.43318885653976,75.38319364111378,169.10171258678986,145.07039509454805,91.3643556954069,463.0464244201672,0.0,0.0,0.0,0.0,1.0,0.0,0.0
2024-10-20 12:21:47.844793,1.0,1.0,1.0,1.0,1.0,1.0,1.0,794128.0,0.05916657525265935,0.03729472643293347,0.040185802182344105,0.025797433782787597,0.03299216966314644,0.02664832946254422,-0.0006549203147490821,0.0005849773685137433,-0.00027977178494135546,-0.0,0.0,0.0,0.0,1.0,0.0,0.0,1.5847066679900883,1.2527108207159257,2.772315859726273,93.42338683675537,75.39138683926843,169.10421922371495,144.9467275759829,91.35411779875439,463.4071887280656,0.0,0.0,0.0,0.0,1.0,0.0,0.0
2024-10-20 12:21:47.925563,1.0,1.0,1.0,1.0,1.0,1.0,1.0,794129.0,0.0583241456435673,0.038055216156251626,0.03940033615860651,0.025722112647481858,0.03296275176192149,0.026428997918226275,-0.0006263072912891707,0.0006231280664602917,-0.0002511587614814441,-0.0,0.0,0.0,0.0,1.0,0.0,0.0,1.584881248665999,1.2540020920611832,2.772215492190493,93.42192785770715,75.39256042032655,169.10752146683674,144.9753800748178,91.45105470194694,463.3894869219675,0.0,0.0,0.0,0.0,1.0,0.0,0.0
2024-10-20 12:21:48.008970,1.0,1.0,1.0,1.0,1.0,1.0,1.0,794130.0,0.05841339457969606,0.03819186010094626,0.03959816335788845,0.025380401509347835,0.032368779656366614,0.02668470945144587,-0.0006072319423158965,0.0006040527174870175,-0.00023844186216592797,-0.0,0.0,0.0,0.0,1.0,0.0,0.0,1.5827872038160267,1.2553736638618533,2.771502315725691,93.4166353607742,75.40052993410538,169.112599835125,144.78069317747733,91.59156560016119,463.23397317137125,0.0,0.0,0.0,0.0,1.0,0.0,0.0
2024-10-20 12:21:48.011971,1.0,1.0,1.0,1.0,1.0,1.0,1.0,794131.0,0.059122536113507464,0.038463691717159486,0.039729500910397,0.025380401509347835,0.03221857569203676,0.026538890275460948,-0.0006199488416314126,0.0005976942678292594,-0.00022254573802153277,-0.0,0.0,0.0,0.0,1.0,0.0,0.0,1.5847314135966861,1.2569864487083873,2.7703342633038774,93.40659232522431,75.40633432856265,169.10997412812753,144.93023101990485,91.75932659950557,463.00157585666983,0.0,0.0,0.0,0.0,1.0,0.0,0.0
2024-10-20 12:21:48.094143,1.0,1.0,1.0,1.0,1.0,1.0,1.0,794132.0,0.05885760930142632,0.03839591423416136,0.03999088202492748,0.025456733716313067,0.03242866644143693,0.026829736114304472,-0.0006104111671447755,0.0005945150430003804,-0.00019711193939050045,-0.0,0.0,0.0,0.0,1.0,0.0,0.0,1.5868182420248045,1.259081338358982,2.768008360041376,93.41451759435067,75.39593571890606,169.1076813134411,145.15203149463943,91.91119928399196,462.55993587914816,0.0,0.0,0.0,0.0,1.0,0.0,0.0
2024-10-20 12:21:48.098141,1.0,1.0,1.0,1.0,1.0,1.0,1.0,794133.0,0.059254555338807656,0.038463691717159486,0.04063698009803076,0.025684369248357337,0.032785690042080325,0.02672103991000101,-0.0006072319423158965,0.0006104111671447755,-0.0001939327145616214,-0.0,0.0,0.0,0.0,1.0,0.0,0.0,1.5877021876803823,1.2630366114635767,2.766449786908744,93.40899161978092,75.40759171427821,169.11128392336562,145.23778039867054,92.23338277762596,462.30051377826027,0.0,0.0,0.0,0.0,1.0,0.0,0.0
2024-10-20 12:21:48.179651,1.0,1.0,1.0,1.0,1.0,1.0,1.0,794134.0,0.05819001557952383,0.038666311337125336,0.04057283328598263,0.025797433782787597,0.03260766687993288,0.026392265450275895,-0.0005881565933426223,0.0006104111671447755,-0.00019711193939050045,-0.0,0.0,0.0,0.0,1.0,0.0,0.0,1.5889975879021445,1.2648053033234536,2.7630359010599372,93.40388190110521,75.42028638738847,169.11371858619194,145.36208941415674,92.42477976601388,461.7703598121712,0.0,0.0,0.0,0.0,1.0,0.0,0.0
2024-10-20 12:21:48.182651,1.0,1.0,1.0,1.0,1.0,1.0,1.0,794135.0,0.05845796795098914,0.0387336156723732,0.04076497090344803,0.025759800744833576,0.03227874115189541,0.02613369258354722,-0.0006040527174870175,0.0006294865161180497,-0.00017485736558834716,-0.0,0.0,0.0,0.0,1.0,0.0,0.0,1.5893093684406046,1.2660801250982965,2.76263877725752,93.40152081872232,75.40707987750392,169.10823778043877,145.38831466314656,92.50548312880048,461.7118983210061,0.0,0.0,0.0,0.0,1.0,0.0,0.0
2024-10-20 12:21:48.264241,1.0,1.0,1.0,1.0,1.0,1.0,1.0,794136.0,0.05876903497087671,0.0387336156723732,0.04120980838596827,0.025835012001953723,0.032398736885968185,0.025947420126718565,-0.0005913358181715013,0.000642203415433566,-0.0001780365904172262,-0.0,0.0,0.0,0.0,1.0,0.0,0.0,1.5913129927486402,1.2687272018979565,2.7616948965599004,93.40421282367681,75.39971349396968,169.09827128072519,145.5785493210496,92.66671271351727,461.514459880272,0.0,0.0,0.0,0.0,1.0,0.0,0.0
2024-10-20 12:21:48.347674,1.0,1.0,1.0,1.0,1.0,1.0,1.0,794137.0,0.058635922602968446,0.03959816335788845,0.04082881584609786,0.025418596266109744,0.03248844283583844,0.025947420126718565,-0.0005627227947115899,0.0006739956637223563,-0.00018439504007498428,-0.0,0.0,0.0,0.0,1.0,0.0,0.0,1.5894913639092207,1.2685529036212195,2.761437960270224,93.40513015088999,75.40211551082399,169.1038710925758,145.40066683472475,92.64507991997527,461.51523961880395,0.0,0.0,0.0,0.0,1.0,0.0,0.0
2024-10-20 12:21:48.351673,1.0,1.0,1.0,1.0,1.0,1.0,1.0,794138.0,0.05890184651872091,0.04037978143756249,0.04082881584609786,0.025608715566353565,0.032667115729434024,0.026059343378600053,-0.000572260469198227,0.0007089671368400258,-0.0001748573655883472,-0.0,0.0,0.0,0.0,1.0,0.0,0.0,1.588671263721346,1.2704433017839263,2.7604656917119432,93.41801892499512,75.40304594944165,169.10609986813137,145.3723660817925,92.79910477566317,461.2947701500938,0.0,0.0,0.0,0.0,1.0,0.0,0.0
2024-10-20 12:21:48.432824,1.0,1.0,1.0,1.0,1.0,1.0,1.0,794139.0,0.05885760930142632,0.039925697169818586,0.04044423444177085,0.025722112647481858,0.03254810944778678,0.026318646714264433,-0.0005817981436848642,0.0006898917878667515,-0.0001716781407594681,-0.0,0.0,0.0,0.0,1.0,0.0,0.0,1.5893178359256392,1.2727125225580147,2.759441000993118,93.43185496669378,75.38998167725353,169.09761453253248,145.45507043649093,92.94882501139662,461.07450363031245,0.0,0.0,0.0,0.0,1.0,0.0,0.0
2024-10-20 12:21:48.436824,1.0,1.0,1.0,1.0,1.0,1.0,1.0,794140.0,0.0586803269429961,0.038867874708122786,0.04127296521748624,0.025797433782787597,0.03248844283583844,0.025984781442148438,-0.0006199488416314126,0.0006708164388934773,-0.0001780365904172262,-0.0,0.0,0.0,0.0,1.0,0.0,0.0,1.592079925722488,1.276082709343083,2.7593598231849428,93.4334886298986,75.39311945790523,169.0996529015798,145.71318207436136,93.20715003370705,461.08044640893996,0.0,0.0,0.0,0.0,1.0,0.0,0.0
2024-10-20 12:21:48.519037,1.0,1.0,1.0,1.0,1.0,1.0,1.0,794141.0,0.057785757392499006,0.039135011011481306,0.04108320345271294,0.02613369258354722,0.032637404840404415,0.026355481787173698,-0.0006326657409469288,0.0006803541133801144,-0.00019075348973274234,-0.0,0.0,0.0,0.0,1.0,0.0,0.0,1.5923585701552234,1.2814028150948453,2.756866390372795,93.43948167904195,75.38259802519133,169.10044767176655,145.76755353063203,93.58628442833218,460.7302591044958,0.0,0.0,0.0,0.0,1.0,0.0,0.0
2024-10-20 12:21:48.601219,1.0,1.0,1.0,1.0,1.0,1.0,1.0,794142.0,0.05850250736160358,0.03859888964444313,0.04101975445198809,0.026244821472867705,0.03224867245309928,0.026428997918226275,-0.000648561865091324,0.0006517410899202031,-0.00020664961387713757,-0.0,0.0,0.0,0.0,1.0,0.0,0.0,1.593093844653927,1.2821249049148449,2.75485639226719,93.44131758383972,75.37670526017678,169.09876529149057,145.85629320210913,93.61515592361175,460.42826611499703,0.0,0.0,0.0,0.0,1.0,0.0,0.0
2024-10-20 12:21:48.605163,1.0,1.0,1.0,1.0,1.0,1.0,1.0,794143.0,0.057785757392499006,0.03839591423416136,0.04089256110871732,0.025910004937642474,0.0316106234096681,0.026538890275460948,-0.0006326657409469288,0.0006231280664602917,-0.00022254573802153274,-0.0,0.0,0.0,0.0,1.0,0.0,0.0,1.593990469264553,1.2798963385595088,2.7553616851328204,93.44928672373985,75.36015437604135,169.09210428893954,145.9465749742518,93.42309446672127,460.4946613491066,0.0,0.0,0.0,0.0,1.0,0.0,0.0
2024-10-20 12:21:48.686722,1.0,1.0,1.0,1.0,1.0,1.0,1.0,794144.0,0.05814523679984129,0.038055216156251626,0.04063698009803076,0.02564657030330141,0.03157991857152382,0.02668470945144587,-0.0006390241906046868,0.0006104111671447755,-0.00023526263733704888,-0.0,0.0,0.0,0.0,1.0,0.0,0.0,1.5955354500603072,1.2778324081966863,2.75518957302939,93.45944777027981,75.34521684691873,169.0863065951578,146.09448443538435,93.2539726624277,460.40906799159393,0.0,0.0,0.0,0.0,1.0,0.0,0.0
2024-10-20 12:21:48.690721,1.0,1.0,1.0,1.0,1.0,1.0,1.0,794145.0,0.05783081452011861,0.03853134997827472,0.04070102581168387,0.02564657030330141,0.03170255949350469,0.026611899740163612,-0.0006358449657758078,0.0006135903919736546,-0.00025433798631032317,-0.0,0.0,0.0,0.0,1.0,0.0,0.0,1.5956024709129701,1.2767946558480634,2.7566059444051874,93.46779193840634,75.33943724556984,169.08064471751848,146.11655417258743,93.16276481489388,460.6188733057184,0.0,0.0,0.0,0.0,1.0,0.0,0.0
2024-10-20 12:21:48.772196,1.0,1.0,1.0,1.0,1.0,1.0,1.0,794146.0,0.05796577576438692,0.039201510653345636,0.04057283328598263,0.025532837723818223,0.03151841915858901,0.02733126991297999,-0.0006263072912891707,0.0006263072912891707,-0.0002511587614814441,-0.0,0.0,0.0,0.0,1.0,0.0,0.0,1.5958052394624682,1.2744541289514428,2.756442639461089,93.47299660770057,75.32593893340707,169.06676576318714,146.1582180905935,92.96936311919048,460.55447903198063,0.0,0.0,0.0,0.0,1.0,0.0,0.0
2024-10-20 12:21:48.776197,1.0,1.0,1.0,1.0,1.0,1.0,1.0,794147.0,0.05814523679984129,0.03926789767914727,0.04057283328598263,0.025380401509347835,0.03105329154533826,0.027613771165243314,-0.0006294865161180497,0.0006104111671447755,-0.00025751721113920217,-0.0,0.0,0.0,0.0,1.0,0.0,0.0,1.598660940751328,1.2738212963899465,2.756557529877804,93.48085531258712,75.31071000620013,169.05938296542976,146.47481554322215,92.90448589134348,460.52120571489127,0.0,0.0,0.0,0.0,1.0,0.0,0.0
2024-10-20 12:21:48.856776,1.0,1.0,1.0,1.0,1.0,1.0,1.0,794148.0,0.05876903497087671,0.039532330954326636,0.04089256110871732,0.025188558989287076,0.031022035078891817,0.02789341142414604,-0.0006072319423158965,0.0006040527174870175,-0.0002765925601124764,-0.0,0.0,0.0,0.0,1.0,0.0,0.0,1.600804458263313,1.2754352361632095,2.7578829230327893,93.46384891838579,75.32220615978706,169.06258619388078,146.66102892327567,93.02298005835908,460.76990357552637,0.0,0.0,0.0,0.0,1.0,0.0,0.0
2024-10-20 12:21:48.940343,1.0,1.0,1.0,1.0,1.0,1.0,1.0,794149.0,0.05977971676101447,0.03999088202492748,0.041774782619765874,0.02522704420499114,0.03105329154533826,0.028032185471914422,-0.0006135903919736546,0.0006040527174870175,-0.00030520558357238775,-0.0,0.0,0.0,0.0,1.0,0.0,0.0,1.6019004799609096,1.2740798257428576,2.7577775326837797,93.44756697059645,75.33167587618723,169.06420730641733,146.75355293204072,92.9373817722069,460.78916662912957,0.0,0.0,0.0,0.0,1.0,0.0,0.0
