time,event_type,event_num,Event_Abnormal1,Detection_Abnormal1,Event_Abnormal2,Detection_Judgement2,Detection_Abnormal2,index,voltage11,voltage12,voltage13,current11,current12,current13,power11,power12,power13,powerout1,torque1,frequence1,motor_speed1,slip_rate1,heigh1,weight1,voltage21,voltage22,voltage23,current21,current22,current23,power21,power122,power23,powerout2,torque2,frequence2,motor_speed2,slip_rate2,heigh2,weight2
2024-10-05 03:39:25.383433,0.0,1.0,0.0,0.0,0.0,0.0,0.0,702913.0,0.042943103346232976,0.0378493252884673,0.044958069872003174,0.028850815431501826,0.032815266674204355,0.03170255949350469,-4.4509147604306555e-05,0.00030202635874350875,-0.0003910446539521219,-0.0,0.0,0.0,0.0,1.0,0.0,0.0,34.051398586203156,33.69854792721774,33.52885940981868,114.34336270869753,116.08843017935162,113.29553565885841,2352.3012908461287,2286.0297637574927,2018.0015381269634,2027.4718933625963,187.00087781529126,5.208082044346066,103.53390130946923,0.006026590711388253,0.0313960713605974,6911.76099354896
2024-10-05 03:39:25.383433,0.0,1.0,0.0,0.0,0.0,0.0,0.0,702914.0,0.04318503823719134,0.038055216156251626,0.04553374081900145,0.02908524262592732,0.032667115729434024,0.031364143052817484,-1.907534897327424e-05,0.0003179224828879039,-0.0003560731808344524,-0.0,0.0,0.0,0.0,1.0,0.0,0.0,33.25673495741264,34.012510947512936,35.09717012564916,116.31172687906356,115.22449412220121,116.84794131237628,2228.7283379681585,2334.226881111686,2324.1371057371384,2099.1783396730607,193.73068005354037,5.205396351722144,103.47187418061196,0.006109552576342221,0.033677051342534445,6427.722375776064
2024-10-05 03:39:25.383433,0.0,1.0,0.0,0.0,0.0,0.0,0.0,702915.0,0.0434855640497593,0.03853134997827472,0.04518921828443541,0.029151875571506957,0.03254810944778678,0.03130221970899244,-6.358449657758082e-06,0.0003083848084012668,-0.00033699783186117815,-0.0,0.0,0.0,0.0,1.0,0.0,0.0,33.94392799893218,33.322136065650966,34.97160387880787,117.77840899687088,118.34388376740206,115.69187675660692,2427.958205224168,2361.5684390823853,2427.6844965349896,2205.315563771848,203.4472421250063,5.209151927384917,103.5119088523556,0.006441832612085641,0.0359589138665686,6823.529482560867
2024-10-05 03:39:25.383433,0.0,1.0,0.0,0.0,0.0,0.0,0.0,702916.0,0.04336560364453033,0.038055216156251626,0.045932417826860104,0.029416898073163358,0.03248844283583844,0.031240173622796498,3.1792248288790362e-06,0.00033699783186117815,-0.00035289395600557344,-0.0,0.0,0.0,0.0,1.0,0.0,0.0,33.84175636015261,33.670985315856285,33.13001544196394,118.68734452779186,117.29878011114249,119.31255154878569,2452.107688929583,2448.9686908069484,2482.9269572564062,2258.548357765741,209.24949372953964,5.188954215722899,103.07096918908977,0.006823293248787769,0.03823105612069253,7369.418267211102
2024-10-05 03:39:25.383433,0.0,1.0,0.0,0.0,0.0,0.0,0.0,702917.0,0.043664886724146465,0.038055216156251626,0.044550674429986614,0.029548517961177193,0.032696799620819436,0.030802351742838057,6.358449657758079e-06,0.0003528939560055733,-0.00031474325805902487,-0.0,0.0,0.0,0.0,1.0,0.0,0.0,33.50259841957821,33.566157719874624,33.33960481484773,119.76003353239467,120.72721269937504,119.19545429009672,2573.8974629622594,2547.728636610877,2316.1195343422637,2272.9569794960844,212.80102000391167,5.135336971430666,101.9973509662809,0.006906931972321926,0.040479531057549215,7956.747196243963
2024-10-05 03:39:25.383433,0.0,1.0,0.0,0.0,0.0,0.0,0.0,702918.0,0.04306424069081518,0.03729472643293347,0.04390284427203976,0.029810014367864183,0.032933307582966455,0.030833830904597324,-3.179224828879043e-06,0.0003497147311766943,-0.0002829510097702345,-0.0,0.0,0.0,0.0,1.0,0.0,0.0,33.162741542493144,33.585875124866895,34.944654969923576,121.16085715775334,120.79816498990215,121.1743680569477,2507.5558167918875,2582.842138315521,2548.3084712856535,2335.498147110653,219.13425954256311,5.124189463222738,101.77488690373183,0.006917214574235105,0.04272310189773815,7457.928088478871
2024-10-05 03:39:25.383433,0.0,1.0,0.0,0.0,0.0,0.0,0.0,702919.0,0.04306424069081518,0.036873303566316074,0.0434855640497593,0.029972291094128595,0.032815266674204355,0.030581090322992784,2.3129646346357427e-21,0.0003528939560055733,-0.00025433798631032317,-0.0,0.0,0.0,0.0,1.0,0.0,0.0,33.66096471456108,33.26150211714589,34.706848887265856,122.3305964384644,122.17293887201542,120.7216871897356,2620.8762391358496,2584.3021149863534,2692.3994485061617,2418.9558212868233,226.06159312772417,5.146019831778059,102.18156142813585,0.007178705403181936,0.04497563765188728,7453.934019169732
2024-10-05 03:39:25.383433,0.0,1.0,0.0,0.0,0.0,0.0,0.0,702920.0,0.04396213240745474,0.037711440220720746,0.0440804694516948,0.029712222914499722,0.032785690042080325,0.030198013527012933,-6.358449657758078e-06,0.00036879008014996856,-0.00022254573802153277,-0.0,0.0,0.0,0.0,1.0,0.0,0.0,33.76994015314556,33.413177239550215,32.96603388227234,122.89921087545396,122.04122403867196,123.45198295180907,2689.0541474077527,2658.478869948248,2649.561248800233,2449.981748012608,229.07538565449403,5.145132577100448,102.13058148532143,0.007502917030008185,0.047227049581519256,7862.494264673616
2024-10-05 03:39:25.383433,0.0,1.0,0.0,0.0,0.0,0.0,0.0,702921.0,0.04443358966925187,0.037780445658522906,0.04443358966925187,0.02964684940754005,0.032756086704177324,0.029972291094128595,3.179224828879042e-06,0.0003815069794654847,-0.00025751721113920217,-0.0,0.0,0.0,0.0,1.0,0.0,0.0,33.28026430333888,33.55119912717977,33.19108961275126,124.53587728479208,125.84937167158132,124.01799501137812,2777.623789628427,2788.24910472593,2528.0639799219643,2476.992698522438,233.36882718191563,5.106737034401294,101.35688730999334,0.007615952934256868,0.04946140585288622,8578.841442587487
2024-10-05 03:39:25.383433,0.0,1.0,0.0,0.0,0.0,0.0,0.0,702922.0,0.04437493143949452,0.03764230828317236,0.044958069872003174,0.02958133142821319,0.033021561356871405,0.029810014367864183,2.8613023459911357e-05,0.0003560731808344524,-0.00026069643596808123,-0.0,0.0,0.0,0.0,1.0,0.0,0.0,33.10108050034593,33.315969077930696,34.851344392535474,127.65705278285938,126.56394896812012,127.28202930655655,2788.430070837741,2830.4009374307952,2833.2553040065536,2588.0264817179655,244.2149589417589,5.099464086067163,101.19704604574318,0.007767832680346317,0.05169223851238349,8474.753104089048
2024-10-05 03:39:25.383433,0.0,1.0,0.0,0.0,0.0,0.0,0.0,702923.0,0.04372449751876115,0.03729472643293347,0.045590908124401384,0.02958133142821319,0.03296275176192149,0.0300692367632191,6.358449657758082e-06,0.0003338186070322991,-0.0002861302345991135,-0.0,0.0,0.0,0.0,1.0,0.0,0.0,33.37571228104873,33.261399076312244,34.58359378287309,129.4971835295665,130.27653383361726,128.47366239962227,2911.616199430153,2935.038470225296,3040.04178255376,2724.966361076168,256.12848712736997,5.121784843822309,101.59554003270311,0.008201797511627409,0.05393185575043775,8678.557828024153
2024-10-05 03:39:25.383433,0.0,1.0,0.0,0.0,0.0,0.0,0.0,702924.0,0.04384347596324186,0.03722482060496381,0.044958069872003174,0.02984254030701896,0.033284918697807614,0.0303262434606198,-3.1792248288790375e-06,0.00034653550634781527,-0.00030202635874350875,-0.0,0.0,0.0,0.0,1.0,0.0,0.0,33.75507519000548,33.07786226652908,32.89964819830326,132.82393774046574,130.78900969241565,132.07098460097333,3113.4559261148365,2997.20110751121,3026.1071897910574,2801.2611863067386,265.33203438734796,5.085176276778206,100.81735491644277,0.008713273354633958,0.05615431832992911,9874.07122090695
2024-10-05 03:39:25.383433,0.0,1.0,0.0,0.0,0.0,0.0,0.0,702925.0,0.0436051944382425,0.03644700827338301,0.04507379225100918,0.029875030834123562,0.033284918697807614,0.03013369393635788,1.2716899315516158e-05,0.0003497147311766943,-0.00030520558357238775,-0.0,0.0,0.0,0.0,1.0,0.0,0.0,33.03153017553318,33.58253818562684,32.95525329905641,133.83805258400193,135.45432227484497,134.6049681810182,3142.4762086285746,3223.7088115662127,2959.389792062157,2856.020124535292,273.18552080676045,5.036643309506733,99.83319446375438,0.008931263056509646,0.05835508563899676,10333.16745333081
2024-10-05 03:39:25.383433,0.0,1.0,0.0,0.0,0.0,0.0,0.0,702926.0,0.04384347596324186,0.03658965855745672,0.044725726870264354,0.02984254030701896,0.033430331878977426,0.03039015553037446,-6.358449657758077e-06,0.0003401770566900572,-0.000324280932545662,-0.0,0.0,0.0,0.0,1.0,0.0,0.0,33.12674344365975,33.042851338702135,34.70803723893165,138.8267892692466,136.94055006168594,137.52858355854028,3273.2373092588864,3245.1427538931234,3259.7366619996865,2995.2927585526295,286.1327379068965,5.0442735045401585,99.96388082361823,0.009135004935353408,0.06055873385626408,10167.76157181854
2024-10-05 03:39:25.383433,0.0,1.0,0.0,0.0,0.0,0.0,0.0,702927.0,0.043962132407454745,0.03658965855745672,0.04513154216867338,0.029810014367864183,0.03331405211143558,0.03070772063827226,6.358449657758077e-06,0.0003497147311766943,-0.00033699783186117815,-0.0,0.0,0.0,0.0,1.0,0.0,0.0,33.05646355086248,33.32915686347845,34.542139303386485,140.81876987877627,143.0509547294535,141.31797128803328,3359.544760927756,3481.210839699062,3573.9842643827005,3192.6449869448247,303.64085787971555,5.0697899758840395,100.40649366320471,0.009756872170069958,0.06277213922768406,10565.544917902442
2024-10-05 03:39:25.383433,0.0,1.0,0.0,0.0,0.0,0.0,0.0,702928.0,0.044316195568033935,0.03701431097784901,0.044958069872003174,0.029515668014433095,0.0333431600699038,0.03070772063827226,3.497147311766943e-05,0.00034653550634781527,-0.0003306393822034201,-0.0,0.0,0.0,0.0,1.0,0.0,0.0,33.8542035893417,32.72897826348486,32.81823625206636,148.87046799299043,145.0509911149716,146.5883251509362,3779.202139496861,3541.4181823004055,3597.123145706574,3342.8599133093826,319.4999188534716,5.049079356393967,99.91226561361339,0.01058927220971282,0.06497464961632193,11856.248233340793
2024-10-05 03:39:25.383433,0.0,1.0,0.0,0.0,0.0,0.0,0.0,702929.0,0.043962132407454745,0.03757304914762413,0.04507379225100918,0.029350866793321755,0.033168129149298335,0.030928076150071922,2.8613023459911357e-05,0.0003751485298077266,-0.0003656108553210895,-0.0,0.0,0.0,0.0,1.0,0.0,0.0,32.59626659973142,33.61491880799832,32.75875092704858,150.49145522084373,154.82290975677327,154.15238159637366,3767.096250909921,3998.874856803821,3679.3977425027583,3496.434065083214,337.9912315358819,4.995347360134266,98.78506530317605,0.011229268143217938,0.06715231150033861,13035.837358242401
2024-10-05 03:39:25.383433,0.0,1.0,0.0,0.0,0.0,0.0,0.0,702930.0,0.04312468176012514,0.03729472643293347,0.04449217056439318,0.02961410853680346,0.03348832035600082,0.03073929670896773,1.5896124144395205e-05,0.0003878654291232428,-0.0003497147311766944,-0.0,0.0,0.0,0.0,1.0,0.0,0.0,33.282773086474215,32.68075397463716,34.215133077068344,162.34245708884058,158.99915872916014,157.08023122835223,4222.588770277529,4039.8330999664136,3967.0122090545583,3732.446061345368,364.8319039034234,4.9427683007389795,97.69494950379806,0.01173852829403351,0.0693059423871779,14081.538118483375
2024-10-05 03:39:25.383433,0.0,1.0,0.0,0.0,0.0,0.0,0.0,702931.0,0.043003714672582107,0.03673175485356617,0.0440213406934204,0.03013369393635788,0.03406277598114669,0.030676112065162197,1.5896124144395198e-05,0.00037196930497884756,-0.00031156403323014586,-0.0,0.0,0.0,0.0,1.0,0.0,0.0,32.45180856720664,33.32117843916304,34.75601807929797,163.0724955823442,166.16664717004267,167.63379691630328,4105.896575091829,4386.8718013158605,4608.678001656615,3996.5623230368324,390.6494970514137,4.9467424802335564,97.69463222973398,0.012535697783873668,0.0714595662798867,14358.186938921666
2024-10-05 03:39:25.383433,0.0,1.0,0.0,0.0,0.0,0.0,0.0,702932.0,0.043003714672582107,0.03694387454679471,0.04413951900188092,0.0303262434606198,0.03428986366919591,0.03054935072925873,3.179224828879038e-06,0.0003910446539521219,-0.0003179224828879039,-0.0,0.0,0.0,0.0,1.0,0.0,0.0,34.10419990681683,32.55656623379728,32.626893381131055,176.00976244924178,172.51296680422544,168.91847261058564,4861.116885422369,4501.3831192232765,4391.302551862739,4185.450932602059,413.046519784682,4.9046622079195545,96.76419092059443,0.01354887636961662,0.07359267911084735,15890.476855595893
2024-10-05 03:39:25.383433,0.0,1.0,0.0,0.0,0.0,0.0,0.0,702933.0,0.043003714672582107,0.03764230828317236,0.04396213240745474,0.030676112065162197,0.03473958601181881,0.03054935072925873,3.179224828879039e-06,0.0004228369022409122,-0.0003083848084012668,-0.0,0.0,0.0,0.0,1.0,0.0,0.0,32.30609680605648,33.429718835099344,32.97416030463468,177.26911853929022,179.78522210055132,184.50393046454454,4665.709552873429,4900.65819658265,4809.699827979988,4359.183150508249,433.7290780922449,4.868721794377311,95.97496427464374,0.014372063880489803,0.07570839387885728,16612.901957557217
2024-10-05 03:39:25.383433,0.0,1.0,0.0,0.0,0.0,0.0,0.0,702934.0,0.04336560364453033,0.038055216156251626,0.04443358966925187,0.030676112065162197,0.034515457310635475,0.030004641120915988,6.358449657758079e-06,0.00041329922775427513,-0.00029248868425687163,-0.0,0.0,0.0,0.0,1.0,0.0,0.0,33.543436629621546,32.94531165864017,33.31893297514198,192.36224370011274,191.9863322722998,183.8781308711239,5373.178081158905,5253.446303329585,4746.954936596561,4650.419076338744,465.3273799307186,4.844746129170478,95.43438216229886,0.015073446390892399,0.07781219181452395,17692.61796090536
2024-10-05 03:39:25.383433,0.0,1.0,0.0,0.0,0.0,0.0,0.0,702935.0,0.04318503823719134,0.03859888964444313,0.044958069872003174,0.030612797008878905,0.03499001478345783,0.0303262434606198,3.1792248288790396e-06,0.0004419122512141864,-0.0002765925601124764,-0.0,0.0,0.0,0.0,1.0,0.0,0.0,32.105019478335436,32.95942394727104,35.39017817187969,197.1479774087976,195.6884599095421,203.60341584776157,5230.784568413779,5390.387593861214,6006.5647353573095,5020.303328370917,503.6523283801968,4.8374687101985945,95.18543394018893,0.016164861805573947,0.07991050182493878,19005.46136985205
2024-10-05 03:39:25.383433,0.0,1.0,0.0,0.0,0.0,0.0,0.0,702936.0,0.04245509769062346,0.03880080326089556,0.0451892182844354,0.03070772063827226,0.03496227794613525,0.03013369393635788,3.1792248288790384e-06,0.0004355538015564284,-0.0002734133352835974,-0.0,0.0,0.0,0.0,1.0,0.0,0.0,34.11658566744577,33.07604283572149,32.441949303132006,210.48870636824284,213.63631050292273,202.3294091667731,6121.163350496789,6050.863927756131,5530.315054556653,5325.906919272438,539.8539840351374,4.794740509915705,94.20818640408876,0.01758826980039204,0.08198726895633558,20921.65147195775
2024-10-05 03:39:25.383433,0.0,1.0,0.0,0.0,0.0,0.0,0.0,702937.0,0.041774782619765874,0.03886787470812279,0.04587567609077438,0.030802351742838057,0.03526618335153976,0.030036956306502573,-3.1792248288790396e-06,0.0004482707008719445,-0.0002638756607969603,-0.0,0.0,0.0,0.0,1.0,0.0,0.0,32.58028348508606,32.73468605708798,33.55392776640871,220.34401867456862,212.60261984530882,224.46613790953796,6199.7327553016075,5929.092110946206,6410.951351106735,5550.9694112811985,568.7656725368686,4.749109941526019,93.19805291519694,0.018784003079429092,0.08404176825615503,22072.585358430417
2024-10-05 03:39:25.383433,0.0,1.0,0.0,0.0,0.0,0.0,0.0,702938.0,0.0420853800755884,0.03866631133712533,0.04610222401715648,0.031115710284795706,0.035730771463385984,0.029972291094128595,-1.2716899315516157e-05,0.0004482707008719446,-0.0002734133352835974,-0.0,0.0,0.0,0.0,1.0,0.0,0.0,33.35985182627452,33.906661769247755,32.49938935577003,226.9121602081522,237.27143459639063,224.10950161008014,6595.318080917729,7076.941259672013,5945.983875736214,5853.161141463512,606.3526296874995,4.7010081864813955,92.17997740266318,0.019572251886909205,0.08607382464689818,23540.17879477441
2024-10-05 03:39:25.383433,0.0,1.0,0.0,0.0,0.0,0.0,0.0,702939.0,0.042332217265921304,0.03880080326089556,0.04632766410980066,0.03157991857152382,0.03610888539489512,0.030004641120915988,1.2716899315516158e-05,0.0004228369022409122,-0.00025751721113920217,-0.0,0.0,0.0,0.0,1.0,0.0,0.0,32.88057757156668,32.317818137644586,35.75324329318943,245.10402726693738,231.3260931654036,241.73600758119892,7046.751512577258,6462.182261697002,7448.263845902416,6238.341414905539,649.4034469949025,4.682583612441755,91.73307078718648,0.02048656917252749,0.08809602922958461,24825.773034772745
2024-10-05 03:39:25.383433,0.0,1.0,0.0,0.0,0.0,0.0,0.0,702940.0,0.04245509769062346,0.03933417265909616,0.04632766410980066,0.03157991857152382,0.035947323576018514,0.03026219641244205,4.6259292692714854e-21,0.00041329922775427513,-0.00030520558357238775,-0.0,0.0,0.0,0.0,1.0,0.0,0.0,33.45529307954151,34.251560791640856,33.282355875763486,243.60902641447512,257.27690165980084,248.1891008225359,7096.198281707783,7873.848777239269,7230.276170436671,6586.3814247725695,690.1316542604831,4.658237619861199,91.13523378067298,0.021784189452871715,0.09010505482759411,26498.944406091032
2024-10-05 03:39:25.383433,0.0,1.0,0.0,0.0,0.0,0.0,0.0,702941.0,0.041649895097796784,0.040315225390783915,0.04671956673942694,0.031178004061435775,0.035512898874331005,0.030453933471522428,-9.537674486637114e-06,0.0004228369022409122,-0.00030520558357238775,-0.0,0.0,0.0,0.0,1.0,0.0,0.0,34.14658679467882,32.29426784239991,33.836869562069424,269.7483650700429,253.07569445554742,259.03282004201816,8276.293954646735,7159.212950149962,7723.864074955943,6835.915119132627,720.8639909986694,4.6350902625019,90.5554747096742,0.02315306087702009,0.09210129995897182,27667.601610966798
2024-10-05 03:39:25.383433,0.0,1.0,0.0,0.0,0.0,0.0,0.0,702942.0,0.04189929789626443,0.04070102581168386,0.046215081527563005,0.03077084037730748,0.03543085125095238,0.03016587087444806,-9.53767448663711e-06,0.0004387330263853075,-0.0002829510097702345,-0.0,0.0,0.0,0.0,1.0,0.0,0.0,32.8097596276645,34.89168659504891,33.119305937057014,262.34116014219603,277.01919803590744,275.38105823095947,7632.766615782552,8737.870420142071,7864.160748035458,7122.4826970133,755.539561065492,4.611910495552242,90.02136116215097,0.024033952426351386,0.09408577085392412,28964.723317999556
2024-10-05 03:39:25.383433,0.0,1.0,0.0,0.0,0.0,0.0,0.0,702943.0,0.041774782619765874,0.04044423444177086,0.04643997376336176,0.03064447088906264,0.03537604711721689,0.03026219641244205,-6.358449657758077e-06,0.000410120002925396,-0.0003179224828879039,-0.0,0.0,0.0,0.0,1.0,0.0,0.0,34.52145396167888,32.70937887399324,35.09243095190635,292.53037684635274,279.1717883055495,274.7201313143941,9161.570801320757,8148.399313245632,8339.510648636926,7519.018779694949,803.3348998199333,4.582383345457496,89.3790875703878,0.024753268853106265,0.09605608318436468,30857.014921055725
2024-10-05 03:39:25.383433,0.0,1.0,0.0,0.0,0.0,0.0,0.0,702944.0,0.04120980838596827,0.04012093401707996,0.04699749641733918,0.03073929670896773,0.03562200173928452,0.03073929670896773,-3.179224828879038e-05,0.00041647845258315413,-0.00034653550634781527,-0.0,0.0,0.0,0.0,1.0,0.0,0.0,32.888767580549654,34.772876245450675,35.469068882216135,284.1403208748324,292.09778143234655,300.63787547492404,8256.918998959234,9214.38880009526,9588.205656137217,7911.595348313215,847.8362797263163,4.573447655750012,89.10938615413039,0.025796370030640572,0.09802045009691795,32299.648085755558
2024-10-05 03:39:25.383433,0.0,1.0,0.0,0.0,0.0,0.0,0.0,702945.0,0.041712385598201944,0.03966388649582423,0.04666378216223114,0.03077084037730748,0.03540345978860444,0.030581090322992784,-2.861302345991135e-05,0.0004005823284387589,-0.0003878654291232428,-0.0,0.0,0.0,0.0,1.0,0.0,0.0,35.67070073900074,33.495199806213854,33.678122341170145,311.00450573566087,305.31916853772003,291.7334730643076,10143.227348191393,9245.734279099439,8754.625922045954,8193.021639562365,881.6650180931393,4.56047592470102,88.73845730765727,0.027092141556751468,0.09997664008912231,33642.435240054576
2024-10-05 03:39:25.383433,0.0,1.0,0.0,0.0,0.0,0.0,0.0,702946.0,0.04214722489965789,0.03900167157440239,0.04598908955455483,0.031022035078891817,0.03543085125095238,0.030612797008878905,-2.225457380215327e-05,0.000406940778096517,-0.0003783277546366057,-0.0,0.0,0.0,0.0,1.0,0.0,0.0,33.31731366882581,34.8023688126451,34.94143959103022,308.7858869198518,306.35444407485164,323.39264823343717,9291.210887788933,9664.423416792539,10142.578941564445,8434.260625679646,910.1875050273283,4.551731421397859,88.48864189990965,0.027967231503145687,0.10192732303944921,34635.930887785486
2024-10-05 03:39:25.383433,0.0,1.0,0.0,0.0,0.0,0.0,0.0,702947.0,0.042393702000235525,0.03893483061427055,0.045590908124401384,0.031146872746571578,0.03567642805328406,0.030612797008878905,-3.179224828879038e-05,0.00038468620429436373,-0.0003783277546366057,-0.0,0.0,0.0,0.0,1.0,0.0,0.0,35.48938686987514,34.86205500099508,34.309097757698,324.49947811546133,330.5996704720405,311.2443925116256,10559.548409954521,10574.63817312073,9242.379602237434,8786.649844401918,948.0876803872402,4.554101179855774,88.50059661463054,0.028341783378720366,0.10387826952482061,35895.09367648628
2024-10-05 03:39:25.383433,0.0,1.0,0.0,0.0,0.0,0.0,0.0,702948.0,0.04214722489965788,0.03853134997827472,0.04638385292864447,0.031022035078891817,0.0350730936850165,0.03054935072925873,-3.179224828879038e-05,0.00036879008014996856,-0.00040694077809651707,-0.0,0.0,0.0,0.0,1.0,0.0,0.0,34.090269754914615,34.528925279445225,37.55789928527575,332.53839212235533,319.62720082904195,337.89940493155433,10276.782539072557,9991.222420061087,11494.182778636086,9179.417075618068,989.8635107604647,4.5592270093653635,88.55460897822499,0.028841854152907905,0.1058304066827406,37455.19743421387
2024-10-05 03:39:25.383433,0.0,1.0,0.0,0.0,0.0,0.0,0.0,702949.0,0.04189929789626443,0.038055216156251626,0.04638385292864447,0.031022035078891817,0.03465570761333854,0.030230122003416366,-2.8613023459911357e-05,0.00036243163049221044,-0.00042919535189867036,-0.0,0.0,0.0,0.0,1.0,0.0,0.0,36.11622441256919,35.91755017478138,34.64964210194586,333.8786619017958,346.42617342720837,329.6128886913542,10977.748185652972,11489.805717111833,10272.530822957058,9446.326688988913,1018.1141221812945,4.5647574680809235,88.60084859990393,0.02951198152973574,0.10778356316743182,38505.89337786
2024-10-05 03:39:25.383433,0.0,1.0,0.0,0.0,0.0,0.0,0.0,702950.0,0.0419614169784043,0.037780445658522906,0.04705288535396545,0.03070772063827226,0.034515457310635475,0.03013369393635788,3.1792248288790384e-06,0.0003528939560055733,-0.0004260161270697913,-0.0,0.0,0.0,0.0,1.0,0.0,0.0,35.62247923005656,34.84733924628137,36.35549805666812,348.73556375784926,331.0181384197441,346.33455825723405,11424.30242150276,10428.967857026757,11448.607011177646,9587.943097812307,1029.160731255149,4.585677157132213,88.96386104275084,0.02998120022052541,0.10974472205975201,38684.42034003709
2024-10-05 03:39:25.383433,0.0,1.0,0.0,0.0,0.0,0.0,0.0,702951.0,0.04220897910845451,0.03757304914762413,0.04716346808075751,0.030833830904597324,0.034515457310635475,0.030198013527012933,2.2254573802153274e-05,0.0003338186070322991,-0.0004355538015564284,-0.0,0.0,0.0,0.0,1.0,0.0,0.0,35.938187619935846,37.2307698829179,35.248548049258076,339.14583779682823,355.4724780810868,342.87980137741835,11116.518518811137,12248.494389085312,10666.86115652128,9799.861672245252,1045.1388733016013,4.614128874886388,89.54004869195307,0.02971881453833704,0.11171858268869463,39143.149727320924
2024-10-05 03:39:25.383433,0.0,1.0,0.0,0.0,0.0,0.0,0.0,702952.0,0.042023444236177564,0.03750366210937501,0.047603230210664246,0.031084516582433108,0.03428986366919591,0.030517578125,9.537674486637117e-06,0.0003306393822034201,-0.0004355538015564284,-0.0,0.0,0.0,0.0,1.0,0.0,0.0,36.454618529230075,35.41298344774748,38.799063899640416,357.6411709328429,338.98059863904643,347.83759766854917,11974.04166851453,10869.85163775377,12140.462871022026,10094.738002782013,1065.3961807273472,4.6605010641491855,90.48056383664816,0.029282875475899514,0.11371317645149362,39664.927226334
2024-10-05 03:39:25.383433,0.0,1.0,0.0,0.0,0.0,0.0,0.0,702953.0,0.04282162331969714,0.037084613626145846,0.04721866232794234,0.030833830904597324,0.03426156002122874,0.030230122003416366,9.537674486637117e-06,0.0003083848084012668,-0.00037196930497884756,-0.0,0.0,0.0,0.0,1.0,0.0,0.0,36.71797490806587,37.817362097266496,37.18032348562801,341.8952774817035,356.5598559762604,350.6947727674167,11340.988384556453,12439.798761920874,11819.311918870471,10282.864584858826,1072.2798967406206,4.716667902439797,91.57508591550612,0.029239626260978265,0.11573189834545322,39827.31960409252
2024-10-05 03:39:25.383433,0.0,1.0,0.0,0.0,0.0,0.0,0.0,702954.0,0.04276075388833108,0.0373645014732293,0.04621508152756301,0.030581090322992784,0.033748035476753,0.03016587087444806,1.9075348973274234e-05,0.00030520558357238775,-0.0003528939560055733,-0.0,0.0,0.0,0.0,1.0,0.0,0.0,38.081776602358396,36.28632714189943,37.192804005913445,361.08580764913023,344.652023992348,347.6961187965203,12672.032779568233,11323.603327186676,11703.260843995919,10303.416339207883,1063.8794826842438,4.764288545572151,92.48263555085974,0.029418194697595112,0.11777062666692995,39641.63530545736
2024-10-05 03:39:25.383433,0.0,1.0,0.0,0.0,0.0,0.0,0.0,702955.0,0.04245509769062346,0.037780445658522906,0.04615868726430257,0.03013369393635788,0.033661686417184034,0.030422061214259163,-1.9075348973274238e-05,0.00031474325805902487,-0.0003528939560055733,-0.0,0.0,0.0,0.0,1.0,0.0,0.0,36.806188448107335,38.524640170570606,37.028955603811404,342.4774505395355,353.47830294696735,355.44194809012924,11438.662225544012,12536.585417679402,11707.6422669909,10307.09917776471,1056.8115515528907,4.7955184493008804,93.13443521709448,0.02894299957627952,0.1198237235499379,39547.789002163314
2024-10-05 03:39:25.383433,0.0,1.0,0.0,0.0,0.0,0.0,0.0,702956.0,0.042882406350036345,0.03819186010094626,0.04643997376336176,0.029482781466042968,0.03394866250806731,0.03064447088906264,-3.497147311766943e-05,0.0003083848084012668,-0.00035925240566333144,-0.0,0.0,0.0,0.0,1.0,0.0,0.0,38.01938017001303,36.93101820566456,38.734407724672565,355.2980264320808,346.362636705196,339.0800512601003,12401.039343812341,11628.687632789617,11639.489935530175,10333.251734024789,1058.4551320338905,4.796530513492845,93.22576131438434,0.02819589021547672,0.12187883366602388,40027.29439953343
2024-10-05 03:39:25.383433,0.0,1.0,0.0,0.0,0.0,0.0,0.0,702957.0,0.04220897910845451,0.03853134997827472,0.04581886408620406,0.029018456676423974,0.033834164163335345,0.03077084037730748,-2.5433798631032317e-05,0.0003179224828879039,-0.00035925240566333144,-0.0,0.0,0.0,0.0,1.0,0.0,0.0,36.29580442569453,37.48835444591487,39.11226300501298,335.8577046150561,335.4889389022735,348.91592769777196,10940.103279905552,11483.234139974058,12431.502702732565,10118.509159246827,1036.1608578364828,4.796530513492845,93.25255266507416,0.027916611780632553,0.12393453438255174,39201.61540778957
2024-10-05 03:39:25.383433,0.0,1.0,0.0,0.0,0.0,0.0,0.0,702958.0,0.042393702000235525,0.03893483061427055,0.044900096837092805,0.02908524262592732,0.033748035476753,0.031084516582433108,-2.5433798631032317e-05,0.0003401770566900572,-0.00034653550634781527,-0.0,0.0,0.0,0.0,1.0,0.0,0.0,37.5343628615217,36.48983890935178,35.63912267119012,335.8889806093735,340.6914213445595,321.4171624739623,11539.425931012613,11346.253618033026,10253.948895934747,9611.897454387583,997.1869259617373,4.73560452893799,92.04579116695449,0.028151626635124247,0.1259636327122766,38524.2141154726
2024-10-05 03:39:25.383433,0.0,1.0,0.0,0.0,0.0,0.0,0.0,702959.0,0.04263875434188018,0.03900167157440239,0.04530435023736206,0.028444445621196364,0.03389146168814632,0.031364143052817484,-3.1792248288790396e-05,0.00037196930497884756,-0.0003497147311766943,-0.0,0.0,0.0,0.0,1.0,0.0,0.0,35.23425413723597,34.486324121757555,35.824504920405836,333.94093115151037,310.93226575615637,330.06938848046843,10704.293452883869,9643.24129662115,10603.77921086634,8953.485292092031,962.6616914745123,4.570600904667536,88.81571510055822,0.028402206262869524,0.12792152580960445,38526.235583845366
2024-10-05 03:39:25.383433,0.0,1.0,0.0,0.0,0.0,0.0,0.0,702960.0,0.04306424069081518,0.038733615672373205,0.04530435023736206,0.028614467730784514,0.033546208593426816,0.03197678183797181,-2.5433798631032317e-05,0.0003528939560055733,-0.0003751485298077266,-0.0,0.0,0.0,0.0,1.0,0.0,0.0,33.63989007848508,34.027194431505215,33.59178304510789,311.51170027813316,317.4006787453935,322.6523295905573,9453.357174225766,9868.005234681063,9356.195176947427,8267.705915799601,940.5690398639177,4.3205393333283135,83.93937342781278,0.028600749213057587,0.12977192266383533,38737.96438442977
2024-10-05 03:39:25.383433,0.0,1.0,0.0,0.0,0.0,0.0,0.0,702961.0,0.042882406350036345,0.038123599349151736,0.044958069872003174,0.028307692686654416,0.033284918697807614,0.03212811624624381,-4.132992277542751e-05,0.00037514852980772667,-0.0003878654291232428,-0.0,0.0,0.0,0.0,1.0,0.0,0.0,31.317129434280776,31.331037138211066,32.85482997490701,300.987278819496,306.2400146466184,319.19592861852766,8492.16344225072,8538.536925100258,9019.179780697517,7467.535766221361,926.9038007834203,3.962589015171074,76.93324132915214,0.029255355089723406,0.13146787322824685,39557.47816048836
2024-10-05 03:39:25.383433,0.0,1.0,0.0,0.0,0.0,0.0,0.0,702962.0,0.04214722489965788,0.037503662109375,0.04547650165015325,0.02810131550407159,0.032933307582966455,0.03245856839932655,-3.4971473117669426e-05,0.0003560731808344524,-0.00042283690224091225,-0.0,0.0,0.0,0.0,1.0,0.0,0.0,29.584591884256685,30.345828561807558,27.787426407060767,281.9514407894226,320.5124604447934,297.91286770908,7396.271781772051,8599.142321362502,6850.065477211127,6479.597714337613,907.666729009296,3.5157626050258126,68.16995528365673,0.030509693882527746,0.1329706420202777,39920.20253919127
2024-10-05 03:39:25.383433,0.0,1.0,0.0,0.0,0.0,0.0,0.0,702963.0,0.041712385598201944,0.037503662109375,0.04564800383634771,0.028307692686654416,0.032637404840404415,0.03248844283583844,-2.861302345991135e-05,0.0003783277546366057,-0.0004578083753585817,-0.0,0.0,0.0,0.0,1.0,0.0,0.0,26.393525892798344,26.74053723397016,26.524424276981826,285.6073341318756,313.82137879043756,283.92881210701125,6508.469704161568,6971.812559756015,6055.529785042686,5441.817480373276,900.2100145228601,2.9807544353110624,57.72600642735661,0.03168798906219697,0.1342431797619652,40653.510817416114
2024-10-05 03:39:25.383433,0.0,1.0,0.0,0.0,0.0,0.0,0.0,702964.0,0.041774782619765874,0.03701431097784901,0.04638385292864447,0.02858054422421529,0.03290383705573704,0.032696799620819436,-2.8613023459911346e-05,0.0003497147311766943,-0.0004514499257008236,-0.0,0.0,0.0,0.0,1.0,0.0,0.0,23.37861374231759,25.46368129278654,23.02737695106145,276.55800901202525,333.6434122660254,256.8766017502481,5114.943672567865,6952.390828474237,4426.949234498243,4490.172274119921,917.73085128175,2.4155033215493726,46.72174494922574,0.03287765054164619,0.1352731346728459,41579.30723608923
2024-10-05 03:39:25.383433,0.0,1.0,0.0,0.0,0.0,0.0,0.0,702965.0,0.041336025552530284,0.03715478325109878,0.04610222401715648,0.029151875571506957,0.033226575237181734,0.03290383705573704,-9.537674486637117e-06,0.0003433562815189362,-0.00043237457672754936,-0.0,0.0,0.0,0.0,1.0,0.0,0.0,20.403853919379976,20.521277403242895,22.011912858645417,289.2940841800961,330.7060736112087,237.6557929353009,4495.340236606852,5239.599962197911,3917.8784379411563,3586.5263349108436,955.1189947412048,1.8590812122444704,35.858153667124036,0.03559474887510545,0.13606360774924117,42773.071154558565
2024-10-05 03:39:25.383433,0.0,1.0,0.0,0.0,0.0,0.0,0.0,702966.0,0.04063698009803076,0.03743414645719283,0.04610222401715648,0.02958133142821319,0.032933307582966455,0.03308026640118225,-3.1792248288790362e-06,0.0003338186070322991,-0.0004419122512141865,-0.0,0.0,0.0,0.0,1.0,0.0,0.0,16.940300004949542,19.633676101113675,15.147142337116472,284.45700798523757,349.95086464067873,215.74424876331128,3263.0700122706767,5350.007759262973,2330.678562312239,2713.794862078923,1003.1894146870128,1.3495658014797123,25.832441641462257,0.04293508278223112,0.13663306957387075,43905.20873477354
2024-10-05 03:39:25.383433,0.0,1.0,0.0,0.0,0.0,0.0,0.0,702967.0,0.041774782619765874,0.03764230828317236,0.046775284787538986,0.02964684940754005,0.03260766687993288,0.033021561356871405,-1.5896124144395195e-05,0.00036243163049221044,-0.0004578083753585817,-0.0,0.0,0.0,0.0,1.0,0.0,0.0,14.992842984330977,14.842820623570436,11.257934062270413,305.8164845313953,357.97630684609805,189.06421741416156,3230.26738900954,4310.641821510764,1251.5378989683145,1997.7752095200817,1090.2605408020297,0.9272621423033762,17.497971606731895,0.05647115263080538,0.13701880263684582,45860.41372911372
2024-10-05 03:39:25.383433,0.0,1.0,0.0,0.0,0.0,0.0,0.0,702968.0,0.04120980838596827,0.03798670986099516,0.04699749641733918,0.029482781466042968,0.032637404840404415,0.03290383705573704,-2.5433798631032317e-05,0.00036879008014996856,-0.0004737044995029769,-0.0,0.0,0.0,0.0,1.0,0.0,0.0,8.751425313007262,13.847686476498257,10.217769352863026,309.8715621451929,370.65268427053593,184.2638347118773,2063.47004991436,4148.879183257115,1034.5766414111222,1460.6289252944064,1296.5003673570002,0.5825235969503113,10.758175747724858,0.0765888451517509,0.13725596064444012,51663.78764154887
2024-10-05 03:39:25.383433,0.0,1.0,0.0,0.0,0.0,0.0,0.0,702969.0,0.04114655461363215,0.037780445658522906,0.04688652224495428,0.029350866793321755,0.033021561356871405,0.03299216966314644,-3.1792248288790396e-05,0.0003338186070322991,-0.00047688372433185594,-0.0,0.0,0.0,0.0,1.0,0.0,0.0,6.282529660397809,13.074576855884903,6.941274039148754,319.90746617832326,393.3437828075954,148.8776098789864,1671.4781458887287,4397.620171449924,187.56403872154087,1114.8672362779596,1783.3803389468771,0.33684334462367976,5.969673243665475,0.1138798882408122,0.1373875587746116,63610.37476283255
2024-10-05 03:39:25.383433,0.0,1.0,0.0,0.0,0.0,0.0,0.0,702970.0,0.04070102581168387,0.037711440220720746,0.04627140705916456,0.029118578158502894,0.03319736505550277,0.03251828982682399,-2.8613023459911357e-05,0.0003465355063478153,-0.0004514499257008236,-0.0,0.0,0.0,0.0,1.0,0.0,0.0,6.335926566915952,10.83859382946141,5.86678645961719,342.6348604445486,406.01686925601274,98.37477832850641,1878.3110541927888,4071.2336382138874,-284.1148137034793,931.9010596579425,3176.781167685668,0.16386226038918164,2.801263019797885,0.14523850301322105,0.1374493110616258,0.0
2024-10-05 03:39:25.383433,0.0,1.0,0.0,0.0,0.0,0.0,0.0,702971.0,0.04076497090344803,0.03764230828317236,0.04621508152756302,0.029548517961177193,0.033284918697807614,0.032308781866774994,-2.8613023459911357e-05,0.00032746015737454104,-0.00044509147604306553,-0.0,0.0,0.0,0.0,1.0,0.0,0.0,5.769947424377274,9.268908538241833,6.159074915268765,362.91043688701836,412.0816807549126,62.882846439114886,1980.1093943143596,3734.073668920576,-311.5227068730845,840.9508865620328,5969.258725289705,0.08158935901154855,1.345307650279778,0.17556182167740975,0.1374789676213831,0.0
2024-10-05 03:39:25.383433,0.0,1.0,0.0,0.0,0.0,0.0,0.28358617424964905,702972.0,0.04120980838596827,0.03743414645719283,0.04553374081900147,0.030004641120915988,0.033430331878977426,0.03188563643118791,-9.53767448663712e-06,0.00032746015737454104,-0.00040694077809651707,-0.0,0.0,0.0,0.0,1.0,0.0,0.0,5.494854420918873,8.804423092540967,6.3321792362389715,377.70314798769834,417.1250736042733,45.851686882969915,2042.0008746041656,3642.029005197024,-253.02521016672847,825.7397716888872,8415.50183508191,0.058116174719819724,0.9369891584409382,0.19386542304427432,0.0,0.0
2024-10-05 03:39:25.383433,1.0,1.0,0.0,0.0,16.021797016263008,1.0,31.760007858276367,702973.0,0.04114655461363215,0.03757304914762413,0.045590908124401384,0.029875030834123562,0.033546208593426816,0.03167194378429309,3.1792248288790384e-06,0.0003179224828879039,-0.00039740310360987996,-0.0,0.0,0.0,0.0,1.0,0.0,0.0,5.596415190537481,8.750388562026071,6.49207148491029,386.5134138472021,418.7135184744963,37.749887834549305,2134.627827096023,3635.7694041006757,-207.56344018559406,856.0244863734517,8741.036320732896,0.058116174719819724,0.9351787825721732,0.19542297210655593,0.0,0.0
2024-10-05 03:39:25.434933,1.0,1.0,1.0,1.0,1.0,1.0,1.0,702974.0,0.04101975445198809,0.03798670986099516,0.04501596824740669,0.029712222914499722,0.03386282504451316,0.031115710284795706,-2.3129646346357427e-21,0.0003497147311766944,-0.0004005823284387589,-0.0,0.0,0.0,0.0,1.0,0.0,0.0,5.814601260675073,8.750720214422321,6.755815267904229,391.84494768579265,416.1556863061285,32.22185841042378,2243.418499710613,3605.813644876848,-155.19923568259898,902.921604047142,7621.909371348921,0.06970764555829033,1.1312475352862903,0.18857714514233012,0.0,0.0
2024-10-05 03:39:25.511434,1.0,1.0,1.0,1.0,1.0,1.0,1.0,702975.0,0.04063698009803076,0.03729472643293347,0.04507379225100919,0.02964684940754005,0.03351727697218139,0.030990747087997286,1.5896124144395195e-05,0.00032746015737454104,-0.00041012000292539613,-0.0,0.0,0.0,0.0,1.0,0.0,0.0,6.061194843179842,8.750188689024545,7.043713950322305,397.09785249395435,411.88765480989116,31.142470496761334,2365.2094495308106,3560.42779213317,-83.36389439704699,951.1914276456207,9322.644633738915,0.059527016739861445,0.9743167748037779,0.18161800459308083,0.0,0.0
2024-10-05 03:39:25.593893,1.0,1.0,1.0,1.0,1.0,1.0,1.0,702976.0,0.04089256110871732,0.03673175485356617,0.04518921828443541,0.029416898073163358,0.03337224263981984,0.03073929670896773,2.2254573802153277e-05,0.00035925240566333144,-0.000400582328438759,-0.0,0.0,0.0,0.0,1.0,0.0,0.0,6.312968427116062,8.696829529880823,7.41814899037795,402.31111277986855,405.971604619357,36.44742939963498,2493.578477299163,3478.78943199083,12.457098950354052,992.3507112527301,6636.25024862656,0.08641762519916325,1.4279526695906342,0.17380704092499147,0.0,0.0
2024-10-05 03:39:25.644562,1.0,1.0,1.0,1.0,1.0,1.0,1.0,702977.0,0.040315225390783915,0.0361600194902826,0.04541919034616077,0.029548517961177193,0.03331405211143558,0.030581090322992784,6.358449657758082e-06,0.00030520558357238775,-0.00039740310360987996,-0.0,0.0,0.0,0.0,1.0,0.0,0.0,6.560781475052028,8.60832114770931,7.8408586637999935,407.2785001690111,398.02977737586343,46.70357100181787,2624.889209113694,3365.9465501649865,133.36294830768517,1028.7109490717378,5462.324162140192,0.10784454473254465,1.7984040605899148,0.1662053629833705,3.964481840233768e-05,0.0
2024-10-05 03:39:25.695128,1.0,1.0,1.0,1.0,1.0,1.0,1.0,702978.0,0.04089256110871732,0.03630379747090976,0.04553374081900146,0.029744855788601574,0.033459338679991214,0.030358216314476834,9.537674486637117e-06,0.00031156403323014586,-0.00038468620429436373,-0.0,0.0,0.0,0.0,1.0,0.0,0.0,6.814560229093711,8.49954483981657,8.306001008623268,412.54054539596666,387.38121171722753,62.17082850514468,2766.5408318597592,3221.3189655304664,293.4537458096233,1065.0933864929452,4748.29200759043,0.12738994933645328,2.142010774112364,0.15927010518897491,8.686425591165913e-05,0.0
2024-10-05 03:39:25.745847,1.0,1.0,1.0,1.0,1.0,1.0,1.0,702979.0,0.04063698009803076,0.0361600194902826,0.044958069872003174,0.029972291094128595,0.03290383705573704,0.03010148260279399,1.58961241443952e-05,0.00034653550634781527,-0.00037196930497884756,-0.0,0.0,0.0,0.0,1.0,0.0,0.0,7.080128303318969,8.339356170898052,8.841947769473101,417.6443649731778,374.51560005847716,78.54319443562733,2915.5099899161764,3040.9962129181613,486.5699201588512,1105.3008669231094,4192.635959816798,0.14851613840466088,2.5174725150559962,0.1524582640989977,0.00014236053891022687,0.0
2024-10-05 03:39:25.796018,1.0,1.0,1.0,1.0,1.0,1.0,1.0,702980.0,0.041336025552530284,0.03666077555081008,0.045590908124401384,0.029939906113202793,0.03257790177388484,0.0300692367632191,9.537674486637117e-06,0.0003528939560055733,-0.0003751485298077266,-0.0,0.0,0.0,0.0,1.0,0.0,0.0,7.323611328636681,8.114731823133209,9.415007606581746,422.699111610627,359.16456357293026,97.07090498003085,3058.547993005437,2824.019123098872,722.0238551082801,1144.52151548005,3551.9856896081083,0.1803782955964266,3.0769761915979092,0.14707693034137242,0.00021019076962278523,0.0
2024-10-05 03:39:25.848564,1.0,1.0,1.0,1.0,1.0,1.0,1.0,702981.0,0.041209808385968265,0.03715478325109878,0.04536180663361167,0.02958133142821319,0.032696799620819436,0.030230122003416366,2.2254573802153277e-05,0.0003497147311766943,-0.00037196930497884756,-0.0,0.0,0.0,0.0,1.0,0.0,0.0,7.539809164491444,7.8405727046257345,9.975253595773685,427.8824748518382,341.7745633239851,117.08800097134043,3191.876622787622,2584.0691063437243,992.8889560164682,1182.7516794512014,3097.833826068869,0.21288818410980997,3.6459175050156105,0.14370130022457975,0.00029056299551112933,0.0
2024-10-05 03:39:25.899171,1.0,1.0,1.0,1.0,1.0,1.0,1.0,702982.0,0.04214722489965789,0.037711440220720746,0.04553374081900145,0.02921835655994684,0.03257790177388484,0.0303262434606198,-1.2716899315516152e-05,0.0003497147311766943,-0.0003910446539521218,-0.0,0.0,0.0,0.0,1.0,0.0,0.0,7.691567367500024,7.483287010475524,10.53468777483699,432.8457244128349,322.67887039356765,138.91116136711912,3296.4536684579507,2318.6652328285927,1305.172622358945,1214.5602843647785,2774.7289853563925,0.2437384279145365,4.179938450780069,0.14253601975193955,0.00038270741647054775,0.0
2024-10-05 03:39:25.949622,1.0,1.0,1.0,1.0,1.0,1.0,1.0,702983.0,0.04220897910845451,0.037711440220720746,0.04564800383634771,0.029317795383615314,0.032874340109372714,0.030676112065162197,-5.404682209094366e-05,0.00037196930497884756,-0.00042283690224091225,-0.0,0.0,0.0,0.0,1.0,0.0,0.0,7.800639580535197,7.09396437606066,11.054086819552763,438.3747085616956,302.532834411371,161.65016063710704,3384.952453352004,2045.2341579792947,1647.120564458476,1244.1789460678715,3102.1154023802596,0.22357075953949868,3.829978005440301,0.14345283494829034,0.0004671371538349206,0.0
2024-10-05 03:39:26.000857,1.0,1.0,1.0,1.0,1.0,1.0,1.0,702984.0,0.042023444236177564,0.037780445658522906,0.045590908124401384,0.029284686626149053,0.032756086704177324,0.030928076150071922,-6.358449657758077e-05,0.00036243163049221044,-0.00042283690224091225,-0.0,0.0,0.0,0.0,1.0,0.0,0.0,7.685776098568592,6.649864052404608,11.385943589967603,439.6032446380714,281.64406246864775,179.6894211651065,3333.009860559584,1766.4160637079024,1928.9032922391445,1229.6640812438825,4007.3613133727913,0.1715131156129452,2.9302141968496658,0.145775474261018,0.0005317320979076954,0.0
2024-10-05 03:39:26.051305,1.0,1.0,1.0,1.0,1.0,1.0,1.0,702985.0,0.04306424069081518,0.03832801689680105,0.04604569153235155,0.029416898073163358,0.032756086704177324,0.031022035078891817,-8.901829520861308e-05,0.00037196930497884756,-0.00042919535189867036,-0.0,0.0,0.0,0.0,1.0,0.0,0.0,7.342495934635158,6.197442010515117,11.284423711646705,434.54809199048134,262.03350804077843,188.64565551341718,3070.3111650226183,1516.6299707348728,2024.6849060130696,1135.2254287655978,3713.269860547786,0.1712610191014032,2.9194226969274064,0.14766865447681812,0.0005960891493599618,0.0
2024-10-05 03:39:26.101791,1.0,1.0,1.0,1.0,1.0,1.0,1.0,702986.0,0.042882406350036345,0.038666311337125336,0.04699749641733917,0.02984254030701896,0.03308026640118225,0.03077084037730748,-8.265984555085502e-05,0.00036879008014996856,-0.00042919535189867036,-0.0,0.0,0.0,0.0,1.0,0.0,0.0,6.9371951491060795,5.816122048958402,10.955063810526815,432.4379578589691,249.82929949417954,193.60134232372317,2716.3761128797782,1349.2989770662425,2025.0561551941878,1001.5030429854871,6217.4645869164815,0.09036712062569403,1.538191244207143,0.14892096065646357,0.0006299977207878171,0.0
2024-10-05 03:39:26.152223,1.0,1.0,1.0,1.0,1.0,1.0,1.0,702987.0,0.04306424069081518,0.03839591423416135,0.04671956673942695,0.029939906113202793,0.03296275176192149,0.03120910432259612,-7.948062072197598e-05,0.0003815069794654847,-0.0004419122512141865,-0.0,0.0,0.0,0.0,1.0,0.0,0.0,6.544377812394316,5.642519381615316,10.626391291930071,438.331610647224,254.43922638886866,194.96744442971652,2484.5924463009783,1328.1797656736892,1993.6148609034583,0.0,0.0,0.006893489424504565,0.0,1.0,0.0,0.0
2024-10-05 03:39:26.203045,1.0,1.0,1.0,1.0,1.0,1.0,1.0,702988.0,0.042943103346232976,0.038123599349151736,0.04694204212496726,0.029744855788601574,0.03305092691301418,0.03127121205432006,-6.040527174870173e-05,0.0003751485298077266,-0.0004705252746740978,-0.0,0.0,0.0,0.0,1.0,0.0,0.0,6.322415028495577,5.684798238742448,10.382226551374362,441.9114848929782,266.7753094926876,191.92328099997832,2408.0682299234372,1413.2048741713395,1913.2709173645383,0.0,0.0,0.035108885138901376,0.0,1.0,0.0,0.0
2024-10-05 03:39:26.253640,1.0,1.0,1.0,1.0,1.0,1.0,1.0,702989.0,0.04354542032592321,0.03866631133712533,0.04716346808075751,0.029679554160349852,0.033226575237181734,0.031115710284795706,-7.948062072197598e-05,0.00034653550634781527,-0.00045462915052970265,-0.0,0.0,0.0,0.0,1.0,0.0,0.0,6.197359571811753,5.9037747739181885,10.160807342287056,440.87087999385795,276.434438695215,186.74080215506706,2354.559183109094,1521.3511130559662,1796.6438150388708,825.8833738050942,6762.39107943398,0.06932577894178628,-1.1662450735058132,0.15886623179155068,0.0,0.0
2024-10-05 03:39:26.304221,1.0,1.0,1.0,1.0,1.0,1.0,1.0,702990.0,0.042882406350036345,0.03839591423416136,0.04710820916537822,0.029712222914499722,0.03360399710929144,0.031022035078891817,-8.265984555085502e-05,0.00036243163049221044,-0.0004514499257008236,-0.0,0.0,0.0,0.0,1.0,0.0,0.0,6.10558841270387,6.1248607202073595,9.912730588028028,440.0373992325358,285.95068866703775,179.78708376273124,2315.70900064199,1635.6461782170504,1662.2619912143361,806.9244987104253,7008.235088699816,0.06531977146266392,-1.099500981741808,0.15837046186676343,0.0,0.0
2024-10-05 03:39:26.355091,1.0,1.0,1.0,1.0,1.0,1.0,1.0,702991.0,0.04324531047620408,0.03839591423416136,0.047712537427396506,0.029972291094128595,0.03377676944149575,0.03077084037730748,-0.00010173519452412925,0.0003656108553210895,-0.0004482707008719446,-0.0,0.0,0.0,0.0,1.0,0.0,0.0,6.472263038708716,6.5037500529953265,9.84214205510433,446.29580100985976,299.7810104801894,172.71392525978155,2485.042573011017,1827.1599214794805,1562.9675279456244,861.2570314298048,7030.6134814077495,0.06923585173494803,-1.169798176394066,0.15520778102626476,0.0,0.0
2024-10-05 03:39:26.405916,1.0,1.0,1.0,1.0,1.0,1.0,1.0,702992.0,0.04245509769062346,0.03825999906698716,0.0479304040281651,0.029972291094128595,0.034005767111097776,0.03073929670896773,-0.00010491441935300828,0.0003910446539521218,-0.0004609876001874607,-0.0,0.0,0.0,0.0,1.0,0.0,0.0,7.696575407345118,6.832575198925461,10.425329736899684,462.3888892382821,312.03873819333063,174.0647558727868,3033.843442677957,2012.3770843847303,1674.0521633429667,1057.7754879084757,8546.47052255888,0.06923585173494803,-1.1818927858304011,0.14647342654570136,0.0,0.0
2024-10-05 03:39:26.456197,1.0,1.0,1.0,1.0,1.0,1.0,1.0,702993.0,0.0423322172659213,0.03839591423416136,0.0480931562928653,0.02977745290061739,0.03426156002122874,0.030358216314476834,-9.219752003749214e-05,0.0003656108553210895,-0.0004419122512141864,-0.0,0.0,0.0,0.0,1.0,0.0,0.0,9.403442563170529,6.752382644348697,12.705714417983513,479.53506421956064,312.5191744039157,202.65613742673312,3819.4235633831154,1988.6702569385268,2441.8310098350435,0.0,0.0,0.01778137650828187,0.0,1.0,0.0,0.0
2024-10-05 03:39:26.507009,1.0,1.0,1.0,1.0,1.0,1.0,1.0,702994.0,0.04276075388833108,0.037918079796158174,0.04814728479203762,0.029810014367864183,0.03448733880714076,0.03039015553037446,-8.265984555085502e-05,0.00035925240566333144,-0.0004578083753585817,-0.0,0.0,0.0,0.0,1.0,0.0,0.0,10.214024958951303,8.292914437326534,16.861049137405967,484.56702198634,312.6490059082802,264.6768314097497,4228.677856795763,2187.5234108763407,4338.844142184459,2078.569779978766,5641.711597675535,0.19711060317084966,3.51823714471354,0.10754746621519014,0.0,0.0
2024-10-05 03:39:26.557476,1.0,1.0,1.0,1.0,1.0,1.0,1.0,702995.0,0.04276075388833108,0.0373645014732293,0.04830930639899937,0.029515668014433095,0.03443103291031149,0.03016587087444806,-0.00010173519452412927,0.00036243163049221044,-0.0004705252746740978,-0.0,0.0,0.0,0.0,1.0,0.0,0.0,11.338273914552271,13.869493477773052,19.71737053960913,474.0954067890438,347.40307941927335,312.2118649250648,4277.963743703422,3914.022386600163,6042.341029324515,3036.1885840231903,2994.71872176125,0.5278976850430557,9.681532047636443,0.08301056038474464,0.00021342399536123006,0.0
2024-10-05 03:39:26.608164,1.0,1.0,1.0,1.0,1.0,1.0,1.0,702996.0,0.04312468176012514,0.03743414645719283,0.04743879714519196,0.029350866793321755,0.03417650843776925,0.030612797008878905,-0.00010809364418188734,0.00035925240566333144,-0.0004705252746740978,-0.0,0.0,0.0,0.0,1.0,0.0,0.0,18.07564121578493,17.02403604464014,20.270909810224122,482.50631455051763,380.95977843032,315.3259232328076,6479.947497351041,5523.32472031898,6236.458918441862,4221.39897752666,2349.3926593324895,0.9199149406511319,17.158217755579322,0.0674019413450099,0.0005916673734397787,0.0
2024-10-05 03:39:26.659313,1.0,1.0,1.0,1.0,1.0,1.0,1.0,702997.0,0.043003714672582107,0.03750366210937501,0.04749367142281465,0.029317795383615314,0.034599675713128386,0.03010148260279399,-0.00010173519452412925,0.0003815069794654847,-0.00046416682501633976,-0.0,0.0,0.0,0.0,1.0,0.0,0.0,20.856016152570692,19.511738025185316,24.304651814709764,482.9061893331381,370.6397381243247,354.8691584147809,7956.221141231762,5872.839884313701,8411.728088397562,5435.930125903431,1986.36551852968,1.3886926909037838,26.132808139362183,0.05908599107141083,0.0011677506106452739,65636.10254271215
2024-10-05 03:39:26.710082,1.0,1.0,1.0,1.0,1.0,1.0,1.0,702998.0,0.04318503823719134,0.037084613626145846,0.04738385931883414,0.029679554160349852,0.03457162570793951,0.029712222914499722,-0.00012398976832628253,0.00037832775463660567,-0.0004387330263853075,-0.0,0.0,0.0,0.0,1.0,0.0,0.0,25.316700755270578,25.403853800505782,25.599415243240784,471.9644152988711,389.22363646788347,371.7365441540117,9226.233628536465,8383.364213994893,8940.584826443459,6788.4473216252345,1754.3937585975143,1.943351424358693,36.950027045899596,0.04932204791284394,0.001982293429079327,57424.738312308815
2024-10-05 03:39:26.760503,1.0,1.0,1.0,1.0,1.0,1.0,1.0,702999.0,0.04306424069081518,0.036589658557456724,0.047603230210664246,0.030004641120915988,0.034711649066398086,0.029744855788601574,-0.00013352744281291964,0.00035925240566333144,-0.0004482707008719446,-0.0,0.0,0.0,0.0,1.0,0.0,0.0,27.736396724311582,28.103479468482572,32.367931783162874,469.743325562142,379.4270766281169,395.84496217036536,10298.219341118509,8862.23999187954,11576.59337464669,8139.1504545938315,1588.5420731812628,2.5532563035045945,48.92735480992616,0.04186362444756216,0.0030608697840003663,51261.00865015234
2024-10-05 03:39:26.810875,1.0,1.0,1.0,1.0,1.0,1.0,1.0,703000.0,0.042882406350036345,0.03666077555081008,0.04776709723644845,0.03039015553037446,0.034767500508899686,0.029972291094128595,-0.00015896124144395196,0.0003465355063478153,-0.00044509147604306553,-0.0,0.0,0.0,0.0,1.0,0.0,0.0,33.114638795724105,31.510463010824527,33.70837213572246,463.1775856374851,385.91590459895224,402.7097112485064,11998.913799691587,10417.125237390133,12159.99228728513,9382.58077763816,1443.995044633113,3.2230630772830944,62.04802912323802,0.03743694064557576,0.004428684114894858,45579.681783322
2024-10-05 03:39:26.861065,1.0,1.0,1.0,1.0,1.0,1.0,1.0,703001.0,0.04324531047620407,0.0361600194902826,0.04705288535396546,0.030294236862297798,0.03445919735911931,0.030358216314476834,-0.000162140466272831,0.0003528939560055733,-0.0004705252746740978,-0.0,0.0,0.0,0.0,1.0,0.0,0.0,34.43809493977137,35.43242271509225,36.5120389479318,443.59391656577236,380.27590942290624,423.00330659359855,12214.312508776296,11605.196817326545,13897.265735302175,10426.73551196082,1336.767863901204,3.857828944765029,74.48412885378943,0.034636709918639826,0.006070645355405061,42218.81852396979
2024-10-05 03:39:26.912197,1.0,1.0,1.0,1.0,1.0,1.0,1.0,703002.0,0.0434855640497593,0.035725213865335635,0.04699749641733918,0.030612797008878905,0.034851109849295854,0.029810014367864183,-0.00014624434212843582,0.0003497147311766943,-0.00044509147604306553,-0.0,0.0,0.0,0.0,1.0,0.0,0.0,38.18541828350397,37.05586907413122,39.51139247164307,423.74669037188795,379.5689774887809,423.5832370753742,13540.974801599652,12381.499995408785,14570.728670693752,11399.584525167362,1271.818365152858,4.419743084453811,85.59242150066945,0.03170365488283901,0.007957482736042042,40751.858984376624
2024-10-05 03:39:26.962478,1.0,1.0,1.0,1.0,1.0,1.0,1.0,703003.0,0.0434855640497593,0.035505814366342106,0.04671956673942695,0.030928076150071922,0.03443103291031149,0.03010148260279399,-0.0001367066676417987,0.0003656108553210895,-0.0004705252746740978,-0.0,0.0,0.0,0.0,1.0,0.0,0.0,39.65367200862679,41.06020949725582,41.31184991601548,384.6800747282717,393.55907114938066,419.9012561292809,13083.051489126205,14410.77093253482,15169.062768171909,12196.752586540517,1225.886428697045,4.894090138081124,95.0091338826547,0.0293483446148183,0.010051906309633008,40195.774875403324
2024-10-05 03:39:27.012988,1.0,1.0,1.0,1.0,1.0,1.0,1.0,703004.0,0.043425625269995945,0.035725213865335635,0.04743879714519196,0.031022035078891817,0.034767500508899686,0.03026219641244205,-0.00011445209383964543,0.0003910446539521218,-0.0004673460498452188,-0.0,0.0,0.0,0.0,1.0,0.0,0.0,42.3604549614896,41.84537274325237,42.121475904096705,375.0699886550486,396.7283817857782,388.1833373968952,14279.57703332629,14647.806049311454,14315.12714182107,12498.457518529396,1170.5646435179874,5.242837311121535,101.96060368540171,0.02761999243124955,0.012299571173097863,39770.32382868732
2024-10-05 03:39:27.063816,1.0,1.0,1.0,1.0,1.0,1.0,1.0,703005.0,0.043425625269995945,0.0361600194902826,0.04716346808075751,0.03130221970899244,0.03510074295512457,0.030581090322992784,-9.219752003749214e-05,0.00040376155326763796,-0.000483242173989614,-0.0,0.0,0.0,0.0,1.0,0.0,0.0,43.78836872499533,43.47689412908039,41.60065795166635,376.68394614181653,379.66462393569583,356.79697314385237,14854.335626433374,14634.084067739052,12980.44937810533,12380.751106445954,1116.4807078058193,5.435622885034832,105.89297552595235,0.025935226140382035,0.014633922989136634,39728.01075654728
2024-10-05 03:39:27.114424,1.0,1.0,1.0,1.0,1.0,1.0,1.0,703006.0,0.043843475963241854,0.03587073468713995,0.047218662327942335,0.031022035078891817,0.03554020599014928,0.030358216314476834,-9.219752003749214e-05,0.00041012000292539613,-0.0004737044995029769,-0.0,0.0,0.0,0.0,1.0,0.0,0.0,42.959712440514174,42.84548315323116,44.384963798625016,358.59855149405456,341.1541348691991,360.2547882507522,13800.569650746489,13106.614410144046,13999.483890592639,12015.81083731404,1076.5304720071204,5.462316409820184,106.5855025794224,0.024356201813919613,0.0169835411793319,40333.524466228046
2024-10-05 03:39:27.164992,1.0,1.0,1.0,1.0,1.0,1.0,1.0,703007.0,0.04390284427203976,0.035505814366342106,0.046775284787538986,0.031115710284795706,0.0352936813544323,0.03039015553037446,-9.855596969525021e-05,0.0003846862042943638,-0.0004737044995029769,-0.0,0.0,0.0,0.0,1.0,0.0,0.0,42.38540572279635,43.61669526912809,43.42712473239425,325.2712088957307,345.93282372480996,331.7701921158862,12398.420016378781,13704.938561787392,12641.213075720581,11453.24192056782,1024.980902806795,5.462316409820184,106.70482119778265,0.02326400383957901,0.0193357896821808,38863.00858176867
2024-10-05 03:39:27.215735,1.0,1.0,1.0,1.0,1.0,1.0,1.0,703008.0,0.0440804694516948,0.03630379747090976,0.04716346808075752,0.03073929670896773,0.0352936813544323,0.031084516582433108,-8.265984555085502e-05,0.00039740310360987996,-0.0004896006236473721,-0.0,0.0,0.0,0.0,1.0,0.0,0.0,41.4917980347756,40.841506757321405,42.79754502022362,320.98709740004153,311.6796242048027,313.51534557644396,11975.057261063715,11390.274852231667,12163.312383027896,10535.700874571241,968.7880787306923,5.313601351343433,103.84988688068348,0.02279188808144952,0.021625102744083868,38596.07551552181
2024-10-05 03:39:27.266969,1.0,1.0,1.0,1.0,1.0,1.0,1.0,703009.0,0.0440213406934204,0.0361600194902826,0.046830936544030206,0.03070772063827226,0.03510074295512457,0.03145679951185349,-8.265984555085502e-05,0.000400582328438759,-0.0005054967477917672,-0.0,0.0,0.0,0.0,1.0,0.0,0.0,40.42723418621144,39.09763699450507,38.39400598102819,308.638930128343,302.38726443871235,295.5831332700516,11241.041880356128,10630.890110460594,10046.070339070553,9443.91104701173,922.8904366549224,5.001290694512913,97.71767474587517,0.023075434776420926,0.023779234596259604,38966.6457456058
2024-10-05 03:39:27.317267,1.0,1.0,1.0,1.0,1.0,1.0,1.0,703010.0,0.04390284427203976,0.03601566753881429,0.04632766410980066,0.030676112065162197,0.03479539261166803,0.031178004061435775,-4.4509147604306555e-05,0.00039740310360987996,-0.0004959590733051301,-0.0,0.0,0.0,0.0,1.0,0.0,0.0,36.12197936192355,36.76316691583768,37.329563167727514,290.6357437097975,278.6537538661345,304.409792228363,9303.553944073277,9141.98224365996,9814.718289117733,8321.162893887302,889.0722870534622,4.5758607528759425,89.37546875232123,0.023402660404947002,0.02574946715186633,39085.35385276408
2024-10-05 03:39:27.367608,1.0,1.0,1.0,1.0,1.0,1.0,1.0,703011.0,0.043003714672582107,0.03630379747090976,0.047218662327942335,0.03064447088906264,0.034711649066398086,0.031178004061435775,-3.1792248288790396e-05,0.0003783277546366057,-0.0005023175229628882,-0.0,0.0,0.0,0.0,1.0,0.0,0.0,34.70478859506161,33.208750605472765,34.4229142410945,276.3593528584302,276.0474030538551,289.27654935831293,8555.571387837921,8047.007885041018,8046.193834778748,7210.2454932099035,870.3155734613518,4.051562452703423,79.11242171065501,0.02368009090089539,0.027493456537132324,39564.148124046325
2024-10-05 03:39:27.417857,1.0,1.0,1.0,1.0,1.0,1.0,1.0,703012.0,0.042882406350036345,0.036447008273383014,0.04694204212496726,0.03073929670896773,0.03417650843776925,0.03188563643118791,-2.5433798631032314e-05,0.0003592524056633315,-0.0005372889960805577,-0.0,0.0,0.0,0.0,1.0,0.0,0.0,30.153220252417587,31.482122893217525,30.47810257582135,243.01958693603603,280.95210087994064,294.36677882915683,6338.508960239917,7407.946488559009,6965.106531975379,5974.026868504174,846.9027597860942,3.4529352871175356,67.360453981261,0.024591421788668938,0.028978380322674788,39586.07018509745
2024-10-05 03:39:27.468240,1.0,1.0,1.0,1.0,1.0,1.0,1.0,703013.0,0.04336560364453033,0.036303797470909754,0.04705288535396545,0.030802351742838057,0.03406277598114669,0.032007105962223864,-1.5896124144395195e-05,0.0003592524056633315,-0.0005404682209094367,-0.0,0.0,0.0,0.0,1.0,0.0,0.0,27.576381898181886,26.187958914768085,26.728271919045085,234.01965042408773,286.04562264658756,285.9444238789052,5668.3846811285375,5713.154375240321,5225.0319417053,4663.961987438971,807.2852833791849,2.831558449663912,55.16953820239195,0.025809652473530495,0.030194562142603073,38347.27023740939
2024-10-05 03:39:27.519304,1.0,1.0,1.0,1.0,1.0,1.0,1.0,703014.0,0.0436051944382425,0.036589658557456724,0.04705288535396546,0.030453933471522428,0.03325575976212062,0.031763702384431956,-1.5896124144395198e-05,0.0003560731808344524,-0.0005309305464227996,-0.0,0.0,0.0,0.0,1.0,0.0,0.0,22.801932427739246,24.467602093924032,22.60096716422379,201.0836387339486,299.06716736465,282.72805992383513,3812.3741921777378,5404.227984129528,3808.001335453385,3543.9107792450714,791.2397461037195,2.1973266874793094,42.77067130443935,0.026756659622965435,0.03113741783002538,37836.68958713497
2024-10-05 03:39:27.569575,1.0,1.0,1.0,1.0,1.0,1.0,1.0,703015.0,0.043064240690815186,0.036447008273383014,0.04655201246361906,0.030358216314476834,0.03260766687993288,0.03145679951185349,-1.2716899315516153e-05,0.0003560731808344524,-0.0005182136471072835,-0.0,0.0,0.0,0.0,1.0,0.0,0.0,19.370049390161125,18.29523859424375,21.163658344533015,191.29706393778562,293.94571909258696,284.68722925389824,3134.675386586725,3584.5647150682266,3137.573248923479,2539.9881756771656,789.7127561005559,1.5803849933479532,30.713826294266823,0.02828024742245307,0.03181448706744566,37526.939460484515
2024-10-05 03:39:27.620502,1.0,1.0,1.0,1.0,1.0,1.0,1.0,703016.0,0.042023444236177564,0.03666077555081008,0.04671956673942695,0.030833830904597324,0.032398736885968185,0.03179422973639322,-1.589612414439519e-05,0.00036879008014996856,-0.0005341097712516786,-0.0,0.0,0.0,0.0,1.0,0.0,0.0,15.886089952483024,17.23626744875075,14.129606519353997,164.71929879993542,298.0201734532339,291.8813405531777,2077.9031697524024,3216.5959271802412,1453.422645146089,1562.2912027488362,794.8769390017538,0.9663225028642168,18.76866885422961,0.028861027317559306,0.032228231945298905,37646.46364690655
2024-10-05 03:39:27.670869,1.0,1.0,1.0,1.0,1.0,1.0,1.0,703017.0,0.0420853800755884,0.03757304914762413,0.04738385931883414,0.030581090322992784,0.03233879467572394,0.031763702384431956,-6.358449657758077e-06,0.00038786542912324284,-0.0005436474457383157,-0.0,0.0,0.0,0.0,1.0,0.0,0.0,13.950441202908243,12.082239952518027,12.233534687529245,180.2177712726889,283.6423708061487,293.10890822542706,1827.7377598715902,1995.8230764696161,-78.35593177504542,595.9730407190397,767.332617328094,0.37772054680719247,7.416761902567685,0.01822101481368829,0.03239173034101773,36515.53398890945
2024-10-05 03:39:27.721162,1.0,1.0,1.0,1.0,1.0,1.0,1.0,703018.0,0.041774782619765874,0.03715478325109878,0.047218662327942335,0.030833830904597324,0.03212811624624381,0.03127121205432006,-6.358449657758079e-06,0.0003910446539521218,-0.0005245720967650415,-0.0,0.0,0.0,0.0,1.0,0.0,0.0,9.67960846756013,10.701746804320905,13.905790759396961,180.0468695778906,277.85835373751917,294.41226753838237,172.69502521746435,1401.819745702495,-471.79939286437144,-262.0985083654057,-587.3978254517875,0.2152977884902104,-4.260922125608784,0.010458454894317593,0.0,0.0
2024-10-05 03:39:27.771564,1.0,1.0,1.0,1.0,1.0,1.0,1.0,703019.0,0.04108320345271294,0.03757304914762413,0.04738385931883414,0.031115710284795706,0.03251828982682399,0.030802351742838057,1.2716899315516158e-05,0.00043237457672754936,-0.0005118551974495253,-0.0,0.0,0.0,0.0,1.0,0.0,0.0,9.552568252818581,13.21361557085474,12.69044971804732,158.39526500751077,292.1959071126653,288.21831978794273,-717.9881473921743,621.6191202329751,-1052.8030862007254,-958.0410198375523,-606.6230375690711,0.7819502815057171,-15.08122387863508,0.03566606245125965,0.0,0.0
2024-10-05 03:39:27.822175,1.0,1.0,1.0,1.0,1.0,1.0,1.0,703020.0,0.04114655461363215,0.0378493252884673,0.04749367142281466,0.031115710284795706,0.03310957989067469,0.031178004061435775,-2.8912057932946787e-21,0.00046416682501633976,-0.0004927798484762511,-0.0,0.0,0.0,0.0,1.0,0.0,0.0,11.050979358789437,14.125573390476282,14.469021278801522,170.67774619869837,288.6361242126117,281.893132234882,-1225.1559307801426,100.50449383936466,-2175.761830141287,-1635.6131472504667,-595.5224313236649,1.3756159671239534,-26.22731608538078,0.0467064677863867,0.0,0.0
2024-10-05 03:39:27.872717,1.0,1.0,1.0,1.0,1.0,1.0,1.0,703021.0,0.0420853800755884,0.037918079796158174,0.047548482371721275,0.031364143052817484,0.0333431600699038,0.030802351742838057,-2.225457380215327e-05,0.0004991382981340092,-0.0005054967477917672,-0.0,0.0,0.0,0.0,1.0,0.0,0.0,15.913927903343186,15.530184687012728,15.172207615526203,191.73425114697704,295.2585837833394,269.87131058719837,-2193.058686314915,-1147.5766424100912,-2486.865095974618,-2462.486487331464,-621.379318142963,1.9875276697355988,-37.84325148706967,0.04798176993168691,0.0,0.0
2024-10-05 03:39:27.922958,1.0,1.0,1.0,1.0,1.0,1.0,1.0,703022.0,0.0418370865807396,0.0378493252884673,0.0482553596413579,0.03127121205432006,0.0333431600699038,0.030485772407004817,-1.9075348973274234e-05,0.0005023175229628882,-0.00048006294916073494,-0.0,0.0,0.0,0.0,1.0,0.0,0.0,16.743294081603338,17.626767340664255,19.769421106215066,209.4675280781007,278.4563799539808,278.66384034275814,-2508.888072561395,-2112.4512282266405,-3977.8860079401693,-3366.9354653236196,-652.3812576657987,2.58363208759583,-49.283858119557785,0.04622917565986861,0.0,0.0
2024-10-05 03:39:27.973184,1.0,1.0,1.0,1.0,1.0,1.0,1.0,703023.0,0.041461858493688546,0.038666311337125336,0.04911139729519536,0.03095942747707764,0.03348832035600082,0.030358216314476834,-2.8613023459911357e-05,0.0005245720967650415,-0.0004673460498452188,-0.0,0.0,0.0,0.0,1.0,0.0,0.0,19.794781419480966,19.267505128800853,21.312761697077352,231.31180811470645,271.11306975299533,268.01207612598165,-3577.685464121279,-3434.8397422888534,-4120.11543086218,-4188.27007984771,-661.1326056834424,3.166263877271117,-60.49472197994888,0.044698668133639936,0.0,0.0
2024-10-05 03:39:28.024548,1.0,1.0,1.0,1.0,1.0,1.0,1.0,703024.0,0.04152463197171362,0.03819186010094626,0.04873873090097101,0.03127121205432006,0.03363285413230715,0.03054935072925873,-3.497147311766943e-05,0.0004959590733051301,-0.0004737044995029769,-0.0,0.0,0.0,0.0,1.0,0.0,0.0,20.618622312022648,21.502464141086374,22.942556188276637,249.34921879624733,256.60502273463976,284.1641024673279,-4022.234549271475,-4226.635357160956,-5095.907931992269,-4927.895086698677,-667.5428559140925,3.6894435918156194,-70.49424813444111,0.04464933017514907,0.0,0.0
2024-10-05 03:39:28.074910,1.0,1.0,1.0,1.0,1.0,1.0,1.0,703025.0,0.04164989509779679,0.03798670986099516,0.049638924753086684,0.031115710284795706,0.03357511528435138,0.030676112065162197,-2.8613023459911357e-05,0.00047688372433185594,-0.0004609876001874607,-0.0,0.0,0.0,0.0,1.0,0.0,0.0,23.68045273135058,22.974062844728962,23.482608582996164,272.47852363990694,269.8888036257776,276.84186909929514,-5252.323903427953,-5160.068785170562,-5205.391602619338,-5707.960602970543,-689.0381709095935,4.1373836129852055,-79.10593490668185,0.04401014860687115,0.0,0.0
2024-10-05 03:39:28.125177,1.0,1.0,1.0,1.0,1.0,1.0,1.0,703026.0,0.0419614169784043,0.037711440220720746,0.050523081967037,0.030676112065162197,0.0333431600699038,0.030612797008878905,-2.5433798631032314e-05,0.0004673460498452188,-0.0004673460498452188,-0.0,0.0,0.0,0.0,1.0,0.0,0.0,24.227873689550496,24.47130251099721,26.46547086445713,288.3175832114427,270.82798857977565,288.4685312465446,-5707.44767198052,-5547.293830307528,-6457.30144109751,-6436.893330964687,-713.5651545404645,4.499515454014712,-86.14182337180178,0.042765557178591755,0.0,0.0
2024-10-05 03:39:28.175443,1.0,1.0,1.0,1.0,1.0,1.0,1.0,703027.0,0.04227064309912445,0.03757304914762413,0.05088268139452947,0.03095942747707764,0.033834164163335345,0.03073929670896773,-6.358449657758079e-06,0.00048006294916073494,-0.00046416682501633976,-0.0,0.0,0.0,0.0,1.0,0.0,0.0,26.31068762514455,25.787616131213138,26.59714033183952,296.602144879403,299.5095460855406,281.5180394682939,-6692.237454916569,-6576.283263510546,-5962.945005545615,-6983.155830642299,-727.3512002089569,4.785919478470848,-91.68091853083543,0.042180724694009505,0.0,0.0
2024-10-05 03:39:28.225854,1.0,1.0,1.0,1.0,1.0,1.0,1.0,703028.0,0.04214722489965788,0.0373645014732293,0.05093384549131161,0.031022035078891817,0.033690494027434716,0.030928076150071922,-3.1792248288790396e-05,0.00045462915052970265,-0.0004673460498452188,-0.0,0.0,0.0,0.0,1.0,0.0,0.0,26.379108507360638,27.25324086144106,26.846417801361586,300.4415448589382,301.0063423548947,308.7560773791623,-6710.201145650203,-6999.248604136335,-6774.8993346007765,-7438.524576964874,-747.4809995381015,4.965789186908156,-95.0294086243858,0.04315905239269883,0.0,0.0
2024-10-05 03:39:28.276763,1.0,1.0,1.0,1.0,1.0,1.0,1.0,703029.0,0.04282162331969714,0.03666077555081008,0.05129056512636666,0.030676112065162197,0.03331405211143558,0.031084516582433108,-5.0867597262064634e-05,0.0004387330263853075,-0.0004737044995029769,-0.0,0.0,0.0,0.0,1.0,0.0,0.0,27.96202867815215,27.175925657953726,27.118016845724476,315.8043043382048,316.02155076723704,310.05118610086396,-7610.685213918006,-7274.699532864127,-7045.812925016617,-7953.286150551849,-785.7051213759789,5.057531403723388,-96.6625852559961,0.044369895708087165,0.0,0.0
2024-10-05 03:39:28.327778,1.0,1.0,1.0,1.0,1.0,1.0,1.0,703030.0,0.042943103346232976,0.03666077555081008,0.051239757223726694,0.030833830904597324,0.032815266674204355,0.03095942747707764,-5.404682209094367e-05,0.00041965767741203314,-0.0005086759726206463,-0.0,0.0,0.0,0.0,1.0,0.0,0.0,27.854455419117627,27.4209957733716,28.791388282642156,322.25020596931665,321.2207183929707,324.33995687635087,-7579.456892692005,-7569.756163226526,-7952.92492198253,-8376.006195002677,-820.0359468731082,5.1057606204165245,-97.53836726691405,0.0448204046534703,0.0,0.0
2024-10-05 03:39:28.378047,1.0,1.0,1.0,1.0,1.0,1.0,1.0,703031.0,0.04276075388833108,0.03687330356631608,0.05072887948684035,0.030990747087997286,0.03296275176192149,0.030928076150071922,-3.815069794654847e-05,0.00041965767741203324,-0.0004609876001874607,-0.0,0.0,0.0,0.0,1.0,0.0,0.0,27.31059780070693,27.522218312250534,29.30723674505406,326.8617721138326,327.2541297456502,326.6703291139442,-7595.064064520408,-7734.0487610530845,-7866.689869381393,-8429.34140820426,-825.1172944826219,5.108616544645482,-97.55495572052838,0.04519203126745624,0.0,0.0
2024-10-05 03:39:28.428304,1.0,1.0,1.0,1.0,1.0,1.0,1.0,703032.0,0.04354542032592321,0.03701431097784902,0.049796093245850395,0.030676112065162197,0.032785690042080325,0.031240173622796498,-3.815069794654847e-05,0.00042919535189867025,-0.0004355538015564284,-0.0,0.0,0.0,0.0,1.0,0.0,0.0,27.34404358424642,27.563328284720914,27.633851019778277,330.6194319128829,327.6485293012963,330.48224431710287,-7717.421429277188,-7712.837938810505,-7379.107920406063,-8308.666608248568,-814.5921007945332,5.108616544645482,-97.40079924041954,0.04670082018086981,0.0,0.0
2024-10-05 03:39:28.478802,1.0,1.0,1.0,1.0,1.0,1.0,1.0,703033.0,0.043425625269995945,0.036589658557456724,0.04852449368406469,0.031115710284795706,0.032637404840404415,0.03120910432259612,-5.0867597262064634e-05,0.00041012000292539613,-0.00041012000292539613,-0.0,0.0,0.0,0.0,1.0,0.0,0.0,27.644987130492385,27.254234988853092,26.906052543511507,332.2300162957601,330.72079826376216,330.6825010204906,-7836.881385385089,-7621.27648962145,-7416.2596842371395,-8328.554510521111,-820.8993084136465,5.087904417412063,-96.88379114763303,0.04790083304166619,0.0,0.0
2024-10-05 03:39:28.529085,1.0,1.0,1.0,1.0,1.0,1.0,1.0,703034.0,0.04269979768643891,0.03701431097784902,0.04803896680377672,0.030896693010431804,0.032874340109372714,0.031641298451732976,-9.219752003749215e-05,0.00046416682501633976,-0.00040694077809651707,-0.0,0.0,0.0,0.0,1.0,0.0,0.0,27.446792676142422,27.056665319178787,28.1167555253397,330.0150489195767,331.24504359651405,330.74639259032915,-7595.411466508502,-7621.543764927023,-7846.235774025048,-8392.385244009809,-832.8896541288805,5.049016764974684,-96.22088035030102,0.04713249302526856,0.0,0.0
2024-10-05 03:39:28.579354,1.0,1.0,1.0,1.0,1.0,1.0,1.0,703035.0,0.04306424069081518,0.037503662109375,0.047657915157139484,0.030802351742838057,0.03319736505550277,0.03194642892952922,-9.219752003749215e-05,0.0004705252746740978,-0.0004355538015564284,-0.0,0.0,0.0,0.0,1.0,0.0,0.0,26.783357195576052,26.71484611908845,28.95210085767397,330.9425322222643,326.6433177384362,329.02954124561546,-7452.184994648313,-7375.552279551154,-7771.022618615727,-8239.930172111663,-821.5175918114961,5.021996181353549,-95.78070858338045,0.046388078320230536,0.0,0.0
2024-10-05 03:39:28.629539,1.0,1.0,1.0,1.0,1.0,1.0,1.0,703036.0,0.04318503823719134,0.038123599349151736,0.04632766410980066,0.031022035078891817,0.033284918697807614,0.03170255949350469,-0.00012398976832628253,0.0004609876001874607,-0.00041965767741203324,-0.0,0.0,0.0,0.0,1.0,0.0,0.0,26.66747652236728,27.19651593506954,26.937414416716955,325.67986024958594,328.6171562402192,328.0827482367767,-7288.800197822504,-7571.743030244076,-6980.682119325025,-7983.773652352492,-802.6403840810069,4.983700444069983,-94.9857794225185,0.0470356265539556,0.0,0.0
2024-10-05 03:39:28.680253,1.0,1.0,1.0,1.0,1.0,1.0,1.0,703037.0,0.043003714672582107,0.038463691717159486,0.045989089554554836,0.031146872746571578,0.032667115729434024,0.03167194378429309,-0.00013988589247067773,0.00045462915052970265,-0.000403761553267638,-0.0,0.0,0.0,0.0,1.0,0.0,0.0,27.044057517387476,26.400923054952226,26.54739489704033,330.5570020379911,322.30613048773256,325.7986450274457,-7549.661818415093,-7036.318399689469,-7095.758692405887,-7919.175469498283,-802.8418099805132,4.945692432304364,-94.19359372028657,0.04772087013507815,0.0,0.0
2024-10-05 03:39:28.730523,1.0,1.0,1.0,1.0,1.0,1.0,1.0,703038.0,0.04312468176012514,0.03880080326089556,0.04581886408620406,0.031022035078891817,0.033021561356871405,0.03151841915858901,-0.00014942356695731485,0.0004482707008719446,-0.00040694077809651707,-0.0,0.0,0.0,0.0,1.0,0.0,0.0,26.942783535506617,26.78575246182541,27.253998983552687,320.0718927372829,327.39348738975565,323.09928577539205,-7106.261794548471,-7390.769410872835,-7303.171967016558,-7951.614890984534,-809.2094502559456,4.920172967402866,-93.8351979253109,0.04642378888925336,0.0,0.0
2024-10-05 03:39:28.781787,1.0,1.0,1.0,1.0,1.0,1.0,1.0,703039.0,0.042577623479846755,0.039201510653345636,0.044900096837092805,0.03095942747707764,0.03348832035600082,0.031549183850304155,-0.00014306511729955676,0.0004514499257008236,-0.0003846862042943638,-0.0,0.0,0.0,0.0,1.0,0.0,0.0,26.348289863713408,26.072720395839816,28.785793312140484,325.7154404691102,315.245782126207,321.1493864818581,-7121.92386151161,-6794.7518380847105,-7493.130065245108,-7820.389026381562,-796.3609149450218,4.910780616560724,-93.77558946645445,0.04520689490573917,0.0,0.0
2024-10-05 03:39:28.832010,1.0,1.0,1.0,1.0,1.0,1.0,1.0,703040.0,0.04276075388833108,0.03906839817849147,0.04507379225100918,0.03105329154533826,0.033546208593426816,0.03167194378429309,-0.00014306511729955676,0.00044509147604306553,-0.00035289395600557344,-0.0,0.0,0.0,0.0,1.0,0.0,0.0,26.41411287892374,27.03115865956212,26.581513538760422,315.55666718557586,322.9563859358081,318.6810290019713,-6884.942934649524,-7338.5313389987805,-6543.83132526975,-7603.70877198974,-777.3406264481755,4.892460236941002,-93.40830485777164,0.04538514025639858,0.0,0.0
2024-10-05 03:39:28.882311,1.0,1.0,1.0,1.0,1.0,1.0,1.0,703041.0,0.0423322172659213,0.03906839817849147,0.04553374081900146,0.030581090322992784,0.033459338679991214,0.03173314566510837,-0.00013034821798404061,0.00044509147604306553,-0.00036561085532108955,-0.0,0.0,0.0,0.0,1.0,0.0,0.0,26.58952576680997,26.14432224285768,26.54352266394981,324.9856531044482,312.09923422244196,319.2324039167643,-7214.458789824776,-6604.259481687442,-6878.856833946249,-7572.733272309016,-778.1348676443547,4.87174275085635,-92.9328307818713,0.046205479902077504,0.0,0.0
2024-10-05 03:39:28.933364,1.0,1.0,1.0,1.0,1.0,1.0,1.0,703042.0,0.04214722489965788,0.03933417265909615,0.04632766410980066,0.030581090322992784,0.03380547898296581,0.031240173622796498,-0.00015260279178619387,0.0004260161270697913,-0.00036243163049221055,-0.0,0.0,0.0,0.0,1.0,0.0,0.0,26.99324682243003,26.325468476537498,26.344590806198827,314.59625200918373,328.0057502228546,317.92326826869174,-6959.828791772797,-7231.5445364720445,-6785.278880248831,-7669.1385260132865,-792.6868216094603,4.843883979727998,-92.38816181098522,0.04634212754025168,0.0,0.0
2024-10-05 03:39:28.984055,1.0,1.0,1.0,1.0,1.0,1.0,1.0,703043.0,0.04263875434188018,0.039201510653345636,0.046775284787538986,0.03039015553037446,0.03437463478414554,0.03157991857152382,-0.00015896124144395196,0.0004355538015564284,-0.0003592524056633315,-0.0,0.0,0.0,0.0,1.0,0.0,0.0,25.143279065180344,25.656885116877216,28.110992565441613,328.0310241349898,310.6838598168887,328.9901804631884,-6556.081262200449,-6445.117866342489,-7677.760422702336,-7583.7645343519625,-793.1482618783639,4.790245770841955,-91.30653151999647,0.04695358142398589,0.0,0.0
2024-10-05 03:39:29.034771,1.0,1.0,1.0,1.0,1.0,1.0,1.0,703044.0,0.043425625269995945,0.038867874708122786,0.047548482371721275,0.03039015553037446,0.03397722680635423,0.031115710284795706,-0.00012716899315516158,0.0003974031036098799,-0.00035289395600557344,-0.0,0.0,0.0,0.0,1.0,0.0,0.0,25.613060283528693,24.712222554842462,25.91653423460492,328.94844798150126,336.49654217417316,313.2253412454788,-6944.728046470364,-6715.766997480586,-6035.903774134284,-7276.734795554324,-778.5864930674765,4.692375866317639,-89.24852839805635,0.0490049077409639,0.0,0.0
2024-10-05 03:39:29.085182,1.0,1.0,1.0,1.0,1.0,1.0,1.0,703045.0,0.04306424069081518,0.038666311337125336,0.047657915157139484,0.030422061214259163,0.033748035476753,0.03070772063827226,-0.00014942356695731485,0.00039740310360987996,-0.0003306393822034201,-0.0,0.0,0.0,0.0,1.0,0.0,0.0,23.615504435574646,24.550265479616144,24.4816424692991,318.34447636400915,330.6154945579427,345.8109104445227,-5818.854208860375,-6586.454075409355,-6117.23707307864,-6910.60876162936,-769.5997995052036,4.5248159206299805,-85.74775187529431,0.05247248308660656,0.0,0.0
2024-10-05 03:39:29.135420,1.0,1.0,1.0,1.0,1.0,1.0,1.0,703046.0,0.043003714672582107,0.037918079796158174,0.0479304040281651,0.030676112065162197,0.03386282504451316,0.030612797008878905,-0.00010491441935300828,0.0003878654291232428,-0.0003179224828879039,-0.0,0.0,0.0,0.0,1.0,0.0,0.0,23.23104211670108,22.530487224960567,23.499537440669542,340.31660770095186,322.6565139563769,342.42917467583317,-5923.211111882942,-5770.194259762434,-5506.946808906174,-6492.820479113873,-766.6793600649022,4.280970015974935,-80.87066335828708,0.05546332891250304,0.0,0.0
2024-10-05 03:39:29.185810,1.0,1.0,1.0,1.0,1.0,1.0,1.0,703047.0,0.04245509769062346,0.03715478325109878,0.0480931562928653,0.030485772407004817,0.03397722680635423,0.030990747087997286,-0.00012716899315516158,0.0003656108553210895,-0.00030202635874350875,-0.0,0.0,0.0,0.0,1.0,0.0,0.0,20.61905769086023,21.780757715221252,22.767319241680887,341.92065391335024,317.84589356837205,339.06410397210635,-5054.5838777070385,-5187.851767690555,-5275.333652351123,-5928.020171312687,-758.8616444130201,3.961532957205006,-74.59650016250241,0.05848946647243426,0.0,0.0
2024-10-05 03:39:29.236125,1.0,1.0,1.0,1.0,1.0,1.0,1.0,703048.0,0.04220897910845451,0.03701431097784901,0.04841701959046651,0.030294236862297798,0.03403428348265909,0.0313331966781849,-0.00010173519452412925,0.0003815069794654847,-0.0002861302345991135,-0.0,0.0,0.0,0.0,1.0,0.0,0.0,20.223403059057105,19.31838261574268,20.17529336792984,343.75333259685834,326.6740463913609,317.49540977401074,-5244.847008800201,-4461.013378202484,-3996.8583516648587,-5299.029155753544,-751.0741346377163,3.6009078572021562,-67.37284468993603,0.06450196225954542,0.0,0.0
2024-10-05 03:39:29.286531,1.0,1.0,1.0,1.0,1.0,1.0,1.0,703049.0,0.042577623479846755,0.03722482060496381,0.049375865536358574,0.030230122003416366,0.03397722680635423,0.031115710284795706,-9.219752003749214e-05,0.0003942238787810009,-0.00029248868425687163,-0.0,0.0,0.0,0.0,1.0,0.0,0.0,17.989445174424386,18.68222547836474,17.313929206859584,322.2158524135914,329.9179341378266,323.97249180955697,-4161.250422798558,-4291.943796675971,-3714.408447489513,-4744.53837015607,-763.274528189455,3.205475884762524,-59.35872662414379,0.07410430216758043,0.0,0.0
2024-10-05 03:39:29.337232,1.0,1.0,1.0,1.0,1.0,1.0,1.0,703050.0,0.04282162331969714,0.03757304914762413,0.0490052103659938,0.030004641120915988,0.03434640099311143,0.030896693010431804,-0.0001208105434974035,0.000410120002925396,-0.00030202635874350875,-0.0,0.0,0.0,0.0,1.0,0.0,0.0,17.270206512626878,15.384478290783186,16.621737734291028,318.16505718794656,323.85962645621447,319.60280764558604,-3923.4085363496242,-3496.7445173294223,-3483.469587320892,-4277.723070203358,-788.6040852334061,2.8273929333643824,-51.79943532244813,0.0839717622691596,0.0,0.0
2024-10-05 03:39:29.387539,1.0,1.0,1.0,1.0,1.0,1.0,1.0,703051.0,0.043003714672582107,0.03729472643293347,0.048898792845469,0.030517578125,0.034204882463775475,0.03064447088906264,-0.00013352744281291964,0.0003878654291232428,-0.0003083848084012668,-0.0,0.0,0.0,0.0,1.0,0.0,0.0,13.73073298696784,14.904366881650443,15.834868149736481,302.7366977134076,310.68990852474496,329.50312026862497,-2550.358047451026,-3301.2645603809874,-3577.7654117803436,-3742.8856570806233,-796.0424965637771,2.4814605835499455,-44.899519032480086,0.09530057962380742,0.0,0.0
2024-10-05 03:39:29.437831,1.0,1.0,1.0,1.0,1.0,1.0,1.0,703052.0,0.04245509769062346,0.03722482060496381,0.04895203052356151,0.03013369393635788,0.03423323297213509,0.03073929670896773,-0.0001303482179840406,0.0004005823284387589,-0.000324280932545662,-0.0,0.0,0.0,0.0,1.0,0.0,0.0,11.78319970949123,11.439241869527933,15.073487672483033,315.68741231215347,287.9222881842692,312.8223506587753,-2485.1384445338945,-2103.85848960067,-3076.0468845026517,-3085.911340261956,-759.1963154879238,2.196405864914748,-38.81510226485063,0.11639504144291635,0.0,0.0
2024-10-05 03:39:29.488877,1.0,1.0,1.0,1.0,1.0,1.0,1.0,703053.0,0.0419614169784043,0.03715478325109878,0.04879214322483564,0.0303262434606198,0.03377676944149575,0.03073929670896773,-0.00010173519452412923,0.000410120002925396,-0.00033699783186117815,-0.0,0.0,0.0,0.0,1.0,0.0,0.0,10.601658791988335,10.650063571572929,11.580471686842062,298.94935464131186,291.18685938064914,295.6704922963785,-1953.0935054941926,-2076.0421169438964,-2079.231666762786,-2493.8748564551543,-708.9477386825511,1.9603940562047508,-33.591687161173624,0.1432414555927122,0.0,0.0
2024-10-05 03:39:29.539560,1.0,1.0,1.0,1.0,1.0,1.0,1.0,703054.0,0.04108320345271294,0.036802597262395625,0.04863173026498286,0.030198013527012933,0.03403428348265909,0.030294236862297798,-0.0001144520938396454,0.00040376155326763796,-0.0003306393822034201,-0.0,0.0,0.0,0.0,1.0,0.0,0.0,8.746946190256885,9.168059924331576,11.3444943656548,291.433023414679,268.4796696243397,287.12755575593366,-1551.776783512922,-1433.2791698183853,-2100.0767150675856,-2087.2056735803058,-646.6961876673,1.8416475909128573,-30.820262113929736,0.16324213530307066,0.0,0.0
2024-10-05 03:39:29.589826,1.0,1.0,1.0,1.0,1.0,1.0,1.0,703055.0,0.041019754451988084,0.037084613626145846,0.04857814156521883,0.030453933471522428,0.034599675713128386,0.03016587087444806,-9.855596969525021e-05,0.000410120002925396,-0.000324280932545662,-0.0,0.0,0.0,0.0,1.0,0.0,0.0,9.02842994216603,8.235722101401876,11.287706746012164,281.628498964964,261.32217755378366,251.29591841838513,-1595.3217180436332,-1192.6621452263503,-1731.906867139201,-1884.5343956892034,-584.9685284101517,1.8035820052049343,-30.764010362998807,0.14714134776746096,0.0,0.0
2024-10-05 03:39:29.640132,1.0,1.0,1.0,1.0,1.0,1.0,1.0,703056.0,0.04063698009803076,0.03757304914762413,0.048845497142607545,0.030453933471522428,0.03457162570793951,0.030036956306502573,-0.0001303482179840406,0.00043873302638530737,-0.0003528939560055733,-0.0,0.0,0.0,0.0,1.0,0.0,0.0,8.797241862041597,9.410234975569285,11.346219797215925,247.44403733945828,260.86816041122034,237.20888225968096,-1265.8518706987836,-1431.7918885075778,-1665.9039989962796,-1825.2537242097205,-549.1875916392142,1.8035820052049343,-31.737587341089366,0.12015125318676192,0.0,0.0
2024-10-05 03:39:29.690689,1.0,1.0,1.0,1.0,1.0,1.0,1.0,703057.0,0.04127296521748623,0.03798670986099516,0.04879214322483563,0.0303262434606198,0.03465570761333854,0.029482781466042968,-0.00010809364418188733,0.0004641668250163397,-0.0003528939560055733,-0.0,0.0,0.0,0.0,1.0,0.0,0.0,9.229200088970336,9.872091477398959,12.011456015094371,229.9131863077688,244.47330858510446,241.16716896241402,-1196.7457547010647,-1403.5364362678856,-1846.3608447788965,-1846.0816846528312,-530.2718352963851,1.849438657786287,-33.24480078784767,0.10121915512351912,0.0,0.0
2024-10-05 03:39:29.741343,1.0,1.0,1.0,1.0,1.0,1.0,1.0,703058.0,0.042023444236177564,0.03853134997827472,0.04863173026498286,0.030230122003416366,0.03468368961839258,0.029051868842559465,-9.53767448663712e-05,0.00047688372433185583,-0.0003592524056633315,-0.0,0.0,0.0,0.0,1.0,0.0,0.0,11.184500741717168,10.248219260340644,12.203021462240205,226.81335901801384,229.03178969291432,238.38373799017816,-1396.381282077386,-1482.3531693644939,-1826.2708505624064,-1931.1057720123683,-513.7904791967682,1.9583970667842283,-35.891482037138424,0.08365155754461563,0.0,0.0
2024-10-05 03:39:29.791866,1.0,1.0,1.0,1.0,1.0,1.0,1.0,703059.0,0.04227064309912445,0.03798670986099516,0.047548482371721275,0.030453933471522428,0.03468368961839258,0.02964684940754005,-9.537674486637117e-05,0.0004641668250163397,-0.00037196930497884756,-0.0,0.0,0.0,0.0,1.0,0.0,0.0,12.061376654626406,11.935254949388414,12.816239418043484,226.28571635702033,214.8111263273198,233.3746057824014,-1353.702300560291,-1705.8870402659725,-1965.0874219690782,-2035.519883706013,-498.2986111282949,2.0935095560181467,-39.00830273479238,0.0683514526442826,0.0,0.0
2024-10-05 03:39:29.842428,1.0,1.0,1.0,1.0,1.0,1.0,1.0,703060.0,0.04245509769062346,0.037711440220720746,0.04771253742739651,0.030198013527012933,0.03454355292563407,0.029712222914499722,-6.040527174870174e-05,0.0004578083753585816,-0.00038468620429436373,-0.0,0.0,0.0,0.0,1.0,0.0,0.0,11.988409121577819,12.845674458616205,15.222425185097805,231.9574382510189,202.4704691879833,218.84173844111842,-1487.3636977110632,-1574.8698760052227,-2230.063722966784,-2117.1664178280134,-479.277712338033,2.2353948785696858,-42.183163381630536,0.05647177181014738,0.0,0.0
2024-10-05 03:39:29.892897,1.0,1.0,1.0,1.0,1.0,1.0,1.0,703061.0,0.04220897910845452,0.0378493252884673,0.04782159479808185,0.02977745290061739,0.03465570761333854,0.02984254030701896,-6.040527174870173e-05,0.00045144992570082354,-0.00038468620429436373,-0.0,0.0,0.0,0.0,1.0,0.0,0.0,13.580610140204998,12.760828569154619,16.83895743749696,227.87784860268854,208.43992255653876,193.4080802757843,-1994.3312652248278,-1575.7896556711994,-1873.5433261435023,-2155.577050631696,-450.18746852146637,2.3990090045112726,-45.72371735937707,0.047029059219977395,0.0,0.0
2024-10-05 03:39:29.943257,1.0,1.0,1.0,1.0,1.0,1.0,1.0,703062.0,0.042455097690623465,0.037780445658522906,0.048363192981729496,0.030230122003416366,0.034599675713128386,0.030036956306502573,-5.404682209094367e-05,0.0004546291505297026,-0.00036879008014996856,-0.0,0.0,0.0,0.0,1.0,0.0,0.0,15.214008483836253,15.013631708218062,16.228253574454936,202.86975133539153,214.81522135335317,186.73725818671366,-2000.307660315286,-2115.01881071043,-1410.557940675109,-2167.875344907882,-419.65920804523347,2.566777272963075,-49.329751932231794,0.0390722161240393,0.0,0.0
2024-10-05 03:39:29.993554,1.0,1.0,1.0,1.0,1.0,1.0,1.0,703063.0,0.04227064309912445,0.03743414645719283,0.04847078642501301,0.02984254030701896,0.034767500508899686,0.02977745290061739,-6.676372140645982e-05,0.00043555380155642836,-0.00037196930497884756,-0.0,0.0,0.0,0.0,1.0,0.0,0.0,15.477544172772285,17.142960415813484,16.792222802414344,183.9511239337168,199.89077402078547,194.12328836551717,-1879.7178794460262,-2169.4311585030923,-1668.0682589689202,-2208.730668247209,-392.48529037271277,2.7814342826526777,-53.739145761573,0.03396700585854737,0.0,0.0
2024-10-05 03:39:30.044326,1.0,1.0,1.0,1.0,1.0,1.0,1.0,703064.0,0.042577623479846755,0.03812359934915173,0.047493671422814646,0.029939906113202793,0.03473958601181881,0.030198013527012933,-6.994294623533886e-05,0.0004737044995029768,-0.00037196930497884756,-0.0,0.0,0.0,0.0,1.0,0.0,0.0,18.434337566758497,17.49677123815148,17.286572586499165,181.4643060448316,184.16019689225095,191.31383309446556,-2244.994244382728,-2111.0074315330044,-1837.4058554859305,-2347.450940131515,-387.13245622542894,2.9852128129064135,-57.90396771642835,0.030153437200799764,0.0,0.0
2024-10-05 03:39:30.094661,1.0,1.0,1.0,1.0,1.0,1.0,1.0,703065.0,0.04282162331969714,0.03839591423416136,0.047657915157139484,0.03026219641244205,0.03434640099311143,0.030581090322992784,-9.855596969525022e-05,0.0004800629491607349,-0.00036879008014996856,-0.0,0.0,0.0,0.0,1.0,0.0,0.0,19.54938826477294,19.642413851432963,18.837279226853312,182.95704798376048,176.18868378976265,187.77275264055234,-2224.8588943628865,-2263.2846919230924,-2389.2687937301052,-2567.3204003471424,-397.99970313428815,3.1654285116955125,-61.598297033610514,0.027014876405843283,0.0,0.0
2024-10-05 03:39:30.144921,1.0,1.0,1.0,1.0,1.0,1.0,1.0,703066.0,0.04324531047620408,0.03819186010094626,0.0480931562928653,0.02977745290061739,0.03431814397393635,0.030802351742838057,-9.855596969525022e-05,0.0004609876001874607,-0.00036879008014996856,-0.0,0.0,0.0,0.0,1.0,0.0,0.0,20.66389404327064,19.530471386346058,22.457993223487602,185.55956927500938,175.6329510504326,171.21164492629632,-2613.4428194242223,-2068.9594390059256,-2673.6217481865524,-2716.6752540369134,-396.39252673736485,3.352610459495005,-65.44608179384967,0.023953385212136625,0.0,0.0
2024-10-05 03:39:30.195509,1.0,1.0,1.0,1.0,1.0,1.0,1.0,703067.0,0.04269979768643891,0.03859888964444313,0.04738385931883414,0.02990748606458951,0.034767500508899686,0.031115710284795706,-9.53767448663712e-05,0.00047688372433185594,-0.0003974031036098799,-0.0,0.0,0.0,0.0,1.0,0.0,0.0,22.205189028558966,21.33225590452593,22.71171119139686,166.53279540532668,181.6501653072358,167.94571088298673,-2437.8752600439166,-2650.650685288824,-2388.334641236544,-2747.1690362334202,-379.77635210917845,3.5288873708442274,-69.0762648907407,0.021274163331892436,0.0,0.0
2024-10-05 03:39:30.245768,1.0,1.0,1.0,1.0,1.0,1.0,1.0,703068.0,0.04189929789626443,0.03764230828317236,0.046775284787538986,0.030358216314476834,0.034767500508899686,0.03145679951185349,-0.00012398976832628253,0.0004514499257008236,-0.000410120002925396,-0.0,0.0,0.0,0.0,1.0,0.0,0.0,21.423966603413785,23.001751211281377,23.944303860829756,160.44558271024275,163.28582130062483,175.04395009426182,-2089.3975224190185,-2503.4432806570894,-2784.896661859417,-2702.232838336427,-354.6381736468238,3.7101154424091405,-72.76267681799854,0.019401445218230885,0.0,0.0
2024-10-05 03:39:30.296254,1.0,1.0,1.0,1.0,1.0,1.0,1.0,703069.0,0.041712385598201944,0.03839591423416136,0.0479304040281651,0.030422061214259163,0.03493451908670038,0.03095942747707764,-0.00013034821798404061,0.0004355538015564284,-0.0004355538015564284,-0.0,0.0,0.0,0.0,1.0,0.0,0.0,23.55246486354409,22.688783168443976,24.17002716118168,165.55532552919246,154.852773449959,159.95073523740234,-2535.0717392732654,-2246.2945248437463,-2472.5138089799602,-2648.053545950126,-333.63125877406384,3.858011127666671,-75.793403704188,0.01771403456231153,0.0,0.0
2024-10-05 03:39:30.346735,1.0,1.0,1.0,1.0,1.0,1.0,1.0,703070.0,0.04120980838596827,0.03819186010094626,0.048578141565218835,0.030453933471522428,0.03468368961839258,0.030896693010431804,-0.00014624434212843582,0.0004355538015564284,-0.0004514499257008236,-0.0,0.0,0.0,0.0,1.0,0.0,0.0,24.270658453876596,24.33898799820222,24.25019308087421,155.63559589560433,156.63463172847418,150.57590083227996,-2426.8465186496896,-2465.7321775297373,-2272.717846875593,-2607.023374768804,-316.5383386872242,3.9967593487571946,-78.6484174848517,0.01609766035441081,0.0,0.0
2024-10-05 03:39:30.397033,1.0,1.0,1.0,1.0,1.0,1.0,1.0,703071.0,0.041336025552530284,0.038055216156251626,0.0479304040281651,0.030422061214259163,0.034599675713128386,0.03070772063827226,-0.00014624434212843582,0.0004355538015564284,-0.00042919535189867036,-0.0,0.0,0.0,0.0,1.0,0.0,0.0,24.80719393761876,24.62157504872682,25.736161780105313,146.45697402851627,151.23578193333958,149.84143902241857,-2353.722843515652,-2406.2302750433005,-2290.972213628589,-2559.570744091772,-303.5224524570435,4.0864939690558275,-80.52814534501555,0.014703729470799405,0.0,0.0
2024-10-05 03:39:30.447363,1.0,1.0,1.0,1.0,1.0,1.0,1.0,703072.0,0.041899297896264426,0.0373645014732293,0.047657915157139484,0.03054935072925873,0.03468368961839258,0.03073929670896773,-0.00014306511729955676,0.00043237457672754936,-0.00046416682501633976,-0.0,0.0,0.0,0.0,1.0,0.0,0.0,25.332446988931977,25.48432137245173,25.886470260289787,145.59930055076916,143.8232987535513,147.72931672609735,-2265.712587474308,-2331.9464663465274,-2342.6628901839804,-2516.6610285989036,-291.89115255277835,4.174247646127964,-82.33323400560948,0.013795526937867696,0.0,0.0
2024-10-05 03:39:30.498110,1.0,1.0,1.0,1.0,1.0,1.0,1.0,703073.0,0.04183708658073959,0.037711440220720746,0.047603230210664246,0.030896693010431804,0.03443103291031149,0.030517578125,-0.00016849891593058908,0.0004387330263853075,-0.00045462915052970265,-0.0,0.0,0.0,0.0,1.0,0.0,0.0,25.824187982280762,25.37437924852521,26.497515656468856,144.3809436508012,144.68137278763388,140.35468240617234,-2399.5187811646224,-2193.878101959826,-2255.6421991666443,-2481.5693117500227,-283.2598099091005,4.238911301747034,-83.65903148425711,0.01320143865976044,0.0,0.0
2024-10-05 03:39:30.498616,1.0,1.0,1.0,1.0,1.0,1.0,1.0,703074.0,0.042393702000235525,0.038055216156251626,0.04852449368406469,0.03105329154533826,0.03434640099311143,0.03010148260279399,-0.00015578201661507293,0.000400582328438759,-0.00044509147604306553,-0.0,0.0,0.0,0.0,1.0,0.0,0.0,26.406003127479067,26.193724668011253,26.29134534042672,135.7692209058787,140.57077897756423,142.86488151430697,-2075.228441961338,-2351.7791855974556,-2235.4139600255135,-2413.6166965268203,-273.34935309471086,4.268793430353416,-84.31825946519294,0.012387682364239032,0.0,0.0
2024-10-05 03:39:30.498616,1.0,1.0,1.0,1.0,1.0,1.0,1.0,703075.0,0.042455097690623465,0.037711440220720746,0.04884549714260755,0.030676112065162197,0.03443103291031149,0.02958133142821319,-0.00011763131866852446,0.00037196930497884756,-0.0004482707008719446,-0.0,0.0,0.0,0.0,1.0,0.0,0.0,25.8926874367976,26.232014444581175,28.003889849200934,139.08617425047373,131.3087335357927,134.30381723231585,-2095.9214659839317,-1909.0192317938904,-2256.9421571168878,-2272.331224008386,-254.93474901812618,4.304160151256794,-85.11654406530769,0.01122935631874583,0.0,0.0
2024-10-05 03:39:30.498616,1.0,1.0,1.0,1.0,1.0,1.0,1.0,703076.0,0.043003714672582107,0.037711440220720746,0.0483631929817295,0.031115710284795706,0.034711649066398086,0.02921835655994684,-9.53767448663712e-05,0.0003497147311766943,-0.0004419122512141865,-0.0,0.0,0.0,0.0,1.0,0.0,0.0,27.271492823591306,26.463812019125225,27.187535274122308,127.86424714865771,134.28457277784452,129.66651798342946,-2018.8374065606777,-2117.4624624013554,-1710.7887779015718,-2127.1440802441025,-235.53201057023884,4.356757437074926,-86.24190679301827,0.010251224234782703,0.0,0.0
2024-10-05 03:39:30.539265,1.0,1.0,1.0,1.0,1.0,1.0,1.0,703077.0,0.04312468176012515,0.03715478325109878,0.049375865536358574,0.031115710284795706,0.03437463478414554,0.029051868842559465,-9.855596969525022e-05,0.0003083848084012668,-0.0004387330263853075,-0.0,0.0,0.0,0.0,1.0,0.0,0.0,26.2880061022118,27.5721227817786,27.4819536230995,129.25400958872729,122.28394197168959,129.595166395186,-1771.9241312920299,-1775.6125861746677,-2003.8846079168525,-2022.2338937332918,-221.5467479873674,4.4004803505957115,-87.1640472810666,0.009607584439425576,0.0,0.0
2024-10-05 03:39:30.542765,1.0,1.0,1.0,1.0,1.0,1.0,1.0,703078.0,0.043425625269995945,0.03798670986099516,0.04969136948483319,0.03086527796111811,0.03417650843776925,0.02851257612746981,-8.583907037973405e-05,0.0002988471339146297,-0.00042601612706979125,-0.0,0.0,0.0,0.0,1.0,0.0,0.0,28.341804650198604,26.53214997219814,27.642305449722187,123.43674574513355,127.17227472038151,118.79328228401774,-1984.9440110068504,-1741.6995469707106,-1605.1905444839613,-1942.3933276128087,-210.44566227521463,4.446628220140764,-88.1390938190993,0.008922160167584937,0.0,0.0
2024-10-05 03:39:30.624014,1.0,1.0,1.0,1.0,1.0,1.0,1.0,703079.0,0.044080469451694804,0.0378493252884673,0.04932308533363413,0.0303262434606198,0.03414811083549323,0.028307692686654416,-6.994294623533886e-05,0.0003179224828879039,-0.00037832775463660567,-0.0,0.0,0.0,0.0,1.0,0.0,0.0,27.417728566036473,28.639161827165736,28.558298610067357,117.79602290363825,116.06544785193731,123.480070931577,-1394.638786531657,-1724.6184692424765,-1915.495996975506,-1838.0982994128262,-196.0965336431474,4.511484777287012,-89.50971997477149,0.0079793638514915,0.0,0.0
2024-10-05 03:39:30.707006,1.0,1.0,1.0,1.0,1.0,1.0,1.0,703080.0,0.04443358966925187,0.037918079796158174,0.04895203052356152,0.030485772407004817,0.03417650843776925,0.028170275891210916,-5.722604691982271e-05,0.00031156403323014586,-0.0003497147311766943,-0.0,0.0,0.0,0.0,1.0,0.0,0.0,28.4740675565118,27.279366177628276,30.355698260797485,119.83344017770352,116.5369081115545,111.67824008347031,-1778.7161081427025,-1414.9988706415095,-1515.2635787313761,-1725.785402610581,-181.23272828234585,4.579628901790379,-90.93300536095269,0.007201158532703576,0.0,0.0
2024-10-05 03:39:30.710455,1.0,1.0,1.0,1.0,1.0,1.0,1.0,703081.0,0.044316195568033935,0.038123599349151736,0.04911139729519536,0.030485772407004817,0.03423323297213509,0.028273401102065627,-6.676372140645982e-05,0.0003338186070322991,-0.00033699783186117815,-0.0,0.0,0.0,0.0,1.0,0.0,0.0,28.63024865021833,29.75570094278559,28.353115905240365,111.72866732348558,113.89818654071246,117.78484330198955,-1348.8248516525882,-1722.4910129352697,-1428.8929805104572,-1654.4021734817015,-171.7306794162806,4.631194304931803,-91.9950767096165,0.006788846975713663,0.0,0.0
2024-10-05 03:39:30.792663,1.0,1.0,1.0,1.0,1.0,1.0,1.0,703082.0,0.0436051944382425,0.03900167157440239,0.04873873090097101,0.03054935072925873,0.03431814397393635,0.02768394604629166,-7.630139589309694e-05,0.0003433562815189362,-0.0003083848084012668,-0.0,0.0,0.0,0.0,1.0,0.0,0.0,29.32778030615487,28.618601164682385,29.750788603076213,118.31944282189747,111.8051905163429,110.44389498702107,-1725.0100633700674,-1274.201055401814,-1545.6133261276862,-1668.020698140375,-171.00154168589867,4.688735045108342,-93.14784065851266,0.0066847479930454996,0.0,0.0
2024-10-05 03:39:30.796163,1.0,1.0,1.0,1.0,1.0,1.0,1.0,703083.0,0.04413951900188092,0.03866631133712533,0.048845497142607545,0.030453933471522428,0.034204882463775475,0.02736674204979371,-5.404682209094367e-05,0.000324280932545662,-0.00031474325805902487,-0.0,0.0,0.0,0.0,1.0,0.0,0.0,30.441886690954938,30.040282523365466,29.502867086202848,109.37349133289958,113.9697603412395,113.34085966353483,-1419.7174873709757,-1681.7401405638486,-1540.1928150417812,-1699.5504903490967,-171.54665371812968,4.761051232987194,-94.60698499584666,0.0064485723199406726,0.0,0.0
2024-10-05 03:39:30.877275,1.0,1.0,1.0,1.0,1.0,1.0,1.0,703084.0,0.044550674429986614,0.0378493252884673,0.04814728479203763,0.030358216314476834,0.03411968959808029,0.027858609899147853,-6.040527174870175e-05,0.00031156403323014586,-0.00032746015737454104,-0.0,0.0,0.0,0.0,1.0,0.0,0.0,29.548487984359472,29.722261457884326,32.51047182668747,113.78060840899404,107.9351167074708,110.17927755900007,-1493.334628159805,-1329.9700249987152,-1694.2977274545308,-1657.237154893753,-165.59688693165458,4.807273932845766,-95.5661027078661,0.00602603426747373,0.0,0.0
2024-10-05 03:39:30.960942,1.0,1.0,1.0,1.0,1.0,1.0,1.0,703085.0,0.044667452282818626,0.0378493252884673,0.04749367142281465,0.030230122003416366,0.03414811083549323,0.028170275891210916,-9.219752003749214e-05,0.0003306393822034201,-0.0003338186070322991,-0.0,0.0,0.0,0.0,1.0,0.0,0.0,30.620150431799154,30.621488616688513,30.652738003448366,108.73863514392883,110.99578911800461,110.23864275764282,-1440.652396835632,-1596.5009889126625,-1277.6490526221437,-1589.1814043690097,-157.3212084813248,4.851055641208198,-96.46229332330826,0.005759772121646163,0.0,0.0
2024-10-05 03:39:30.964442,1.0,1.0,1.0,1.0,1.0,1.0,1.0,703086.0,0.04413951900188092,0.038123599349151736,0.047273792133441635,0.029875030834123562,0.03392007415562166,0.028170275891210916,-9.219752003749214e-05,0.00035925240566333144,-0.00033699783186117815,-0.0,0.0,0.0,0.0,1.0,0.0,0.0,30.444391497639582,30.7788006105068,30.58121691861177,112.32092031131792,107.95470690330761,109.91959740770439,-1515.095640482555,-1352.4071485995084,-1480.8453174503538,-1600.2951688352553,-157.10814888182318,4.891864834471753,-97.26862228557924,0.005812450089059283,0.0,0.0
2024-10-05 03:39:31.046015,1.0,1.0,1.0,1.0,1.0,1.0,1.0,703087.0,0.044609101569099904,0.037918079796158174,0.04688652224495428,0.03026219641244205,0.03426156002122874,0.028273401102065627,-9.855596969525021e-05,0.0003910446539521218,-0.0003433562815189362,-0.0,0.0,0.0,0.0,1.0,0.0,0.0,31.72794092274328,30.842573787915654,30.858204289158255,109.30073010401726,110.95951076317208,109.41086378883678,-1513.4420666841063,-1526.323168227123,-1509.097682938186,-1667.7588213050371,-162.8431812358554,4.91868522363702,-97.7991433039012,0.005840597057096678,0.0,0.0
2024-10-05 03:39:31.050016,1.0,1.0,1.0,1.0,1.0,1.0,1.0,703088.0,0.04513154216867338,0.03743414645719283,0.046942042124967255,0.030612797008878905,0.034878935091133,0.028410319099464804,-9.855596969525021e-05,0.0004164784525831542,-0.00035289395600557344,-0.0,0.0,0.0,0.0,1.0,0.0,0.0,30.977592097820004,31.117342034627676,33.05013655423016,110.21429237923061,107.8123417129736,109.65890944692975,-1438.1958221803175,-1455.0036216948117,-1660.1640675584172,-1669.7330477687144,-161.1460725953175,4.975303079598454,-98.94610420831638,0.005627369576225772,0.0,0.0
2024-10-05 03:39:31.131810,1.0,1.0,1.0,1.0,1.0,1.0,1.0,703089.0,0.04513154216867338,0.03694387454679471,0.04649602686012361,0.030833830904597324,0.03445919735911931,0.0287834855487486,-0.0001208105434974035,0.000403761553267638,-0.00037196930497884767,-0.0,0.0,0.0,0.0,1.0,0.0,0.0,31.208492602771965,31.327436183302858,32.32268389996298,109.29766653442239,108.91539203391994,109.18728347067109,-1483.1890306195203,-1520.391226977952,-1392.5967628600752,-1617.4011227743254,-155.3177758349574,4.999495690890537,-99.44156704591893,0.00548402084725205,0.0,0.0
2024-10-05 03:39:31.135810,1.0,1.0,1.0,1.0,1.0,1.0,1.0,703090.0,0.044725726870264354,0.03729472643293347,0.04683093654403021,0.03073929670896773,0.03462770299655218,0.029018456676423974,-0.00015896124144395196,0.0003942238787810009,-0.000403761553267638,-0.0,0.0,0.0,0.0,1.0,0.0,0.0,31.389140744869366,31.574770190050593,31.008132174754916,109.40600510485122,108.65590401535881,109.44569980532816,-1488.6175867401628,-1447.8387659696655,-1388.3567462008134,-1592.981060158383,-151.88161225014528,5.035531624379261,-100.1559594554799,0.005507591585959641,0.0,0.0
2024-10-05 03:39:31.217224,1.0,1.0,1.0,1.0,1.0,1.0,1.0,703091.0,0.045590908124401384,0.037780445658522906,0.04688652224495428,0.03054935072925873,0.03462770299655218,0.029018456676423974,-0.00014306511729955676,0.0003815069794654848,-0.00041329922775427513,-0.0,0.0,0.0,0.0,1.0,0.0,0.0,32.01256987078895,31.374704237710652,31.434819112206508,108.77161823244437,108.56926037069321,108.26434571100906,-1462.0026340753393,-1422.0274175100335,-1509.0081381027892,-1615.0577398685111,-153.81514163379515,5.040992728369236,-100.26753671268816,0.005478264743254833,0.0,0.0
2024-10-05 03:39:31.299381,1.0,1.0,1.0,1.0,1.0,1.0,1.0,703092.0,0.04547650165015325,0.037711440220720746,0.04688652224495428,0.030358216314476834,0.03448733880714076,0.029051868842559465,-0.00014306511729955676,0.0003974031036098799,-0.00041965767741203324,-0.0,0.0,0.0,0.0,1.0,0.0,0.0,31.59335547315869,31.433513686350814,33.21907874452696,106.1705878269721,106.78216037489187,107.88314989525114,-1325.099063591262,-1415.6342266584868,-1501.880434319586,-1563.6696340299127,-147.49247984674514,5.088065324471624,-101.23868764447283,0.005135732460489953,0.0,0.0
2024-10-05 03:39:31.302882,1.0,1.0,1.0,1.0,1.0,1.0,1.0,703093.0,0.04478392562861249,0.038463691717159486,0.046552012463619064,0.030198013527012933,0.034767500508899686,0.029449858193388034,-0.00014942356695731485,0.000410120002925396,-0.0004164784525831542,-0.0,0.0,0.0,0.0,1.0,0.0,0.0,31.380652162504347,31.71040262375199,32.80895763550934,106.4363925682221,104.57392924945601,106.14200173732246,-1292.1038530353355,-1322.6059095007683,-1282.6015174339352,-1446.7916950545534,-135.71086629206502,5.114633277685195,-101.80351338853598,0.004781888931334322,0.0,0.0
2024-10-05 03:39:31.385119,1.0,1.0,1.0,1.0,1.0,1.0,1.0,703094.0,0.044316195568033935,0.03893483061427055,0.047273792133441635,0.030294236862297798,0.034851109849295854,0.02964684940754005,-0.00013988589247067773,0.0004387330263853075,-0.00044509147604306553,-0.0,0.0,0.0,0.0,1.0,0.0,0.0,31.835132805704564,31.813814388853114,31.242513594992687,105.2024697483319,105.42571350582442,105.60202256246778,-1305.5805560286371,-1280.6397983233826,-1169.7352006566575,-1398.4205374335788,-131.64329314448347,5.09608273248991,-101.44027959381339,0.004722990983994705,0.0,0.0
2024-10-05 03:39:31.388619,1.0,1.0,1.0,1.0,1.0,1.0,1.0,703095.0,0.044609101569099904,0.038733615672373205,0.047328857722445154,0.03039015553037446,0.034851109849295854,0.029515668014433095,-0.00013352744281291964,0.00043237457672754936,-0.0004482707008719446,-0.0,0.0,0.0,0.0,1.0,0.0,0.0,32.1547214051726,31.720254236652806,31.799619608775522,105.31405632748437,104.12719165240642,104.37661607324102,-1250.3466522265928,-1196.3462886004293,-1339.1307611119419,-1407.4609648174098,-131.88732218874256,5.119268489008726,-101.90715803859085,0.004670703857498512,0.0,0.0
2024-10-05 03:39:31.470397,1.0,1.0,1.0,1.0,1.0,1.0,1.0,703096.0,0.04443358966925187,0.03893483061427055,0.047438797145191954,0.030358216314476834,0.03490673815261534,0.03010148260279399,-0.00013988589247067773,0.00045462915052970265,-0.0004578083753585817,-0.0,0.0,0.0,0.0,1.0,0.0,0.0,31.960098375748544,31.63761005460829,33.39789529203326,101.22217689406254,102.99576706281283,103.62358262881285,-1097.9856326162687,-1209.8352417504607,-1229.118999835698,-1322.602758398212,-122.77631933977841,5.165470805679774,-102.86939755711582,0.004259229923396465,0.0,0.0
2024-10-05 03:39:31.553869,1.0,1.0,1.0,1.0,1.0,1.0,1.0,703097.0,0.045304350237362054,0.03893483061427055,0.046830936544030206,0.02961410853680346,0.03445919735911931,0.0300692367632191,-0.00012716899315516158,0.00041647845258315413,-0.0004419122512141864,-0.0,0.0,0.0,0.0,1.0,0.0,0.0,31.497722053742166,31.87844795702188,32.98452437007279,102.15194925591973,99.43283492856531,102.43100156916145,-1023.0915763941172,-1076.3424086287507,-1054.5244374244069,-1192.7848072163279,-110.87343516116506,5.1566570144650985,-102.73205543101197,0.0038890007340501333,0.0,0.0
2024-10-05 03:39:31.557814,1.0,1.0,1.0,1.0,1.0,1.0,1.0,703098.0,0.04518921828443541,0.03913501101148131,0.04666378216223113,0.029251540394105244,0.034091244666417886,0.03013369393635788,-0.00013988589247067773,0.0004355538015564284,-0.00041965767741203324,-0.0,0.0,0.0,0.0,1.0,0.0,0.0,31.663173241858132,31.82252069291626,31.168758449076385,104.21974783255051,101.86281181170362,101.57133742821782,-1136.4448843537464,-1045.3433237353165,-1001.3730259656777,-1203.1200186121807,-114.1484072011701,5.053048713444668,-100.64923521402174,0.004074164709476473,0.0,0.0
2024-10-05 03:39:31.639196,1.0,1.0,1.0,1.0,1.0,1.0,1.0,703099.0,0.04501596824740669,0.03953233095432663,0.047273792133441635,0.02921835655994684,0.03428986366919591,0.030517578125,-0.00010809364418188734,0.0004323745767275493,-0.0004419122512141865,-0.0,0.0,0.0,0.0,1.0,0.0,0.0,31.767073395318484,30.81108729077097,31.08585241245841,103.4218081632233,109.94909459008464,105.59913315451469,-1266.937190629303,-1226.1087598047657,-1159.9019394194795,-1365.014680037024,-131.7370723512639,4.970885045422528,-98.94655916215675,0.004739012690785012,0.0,0.0
2024-10-05 03:39:31.641696,1.0,1.0,1.0,1.0,1.0,1.0,1.0,703100.0,0.044725726870264354,0.03940033615860651,0.046271407059164556,0.02964684940754005,0.03414811083549323,0.03054935072925873,-9.855596969525022e-05,0.00041965767741203324,-0.00042919535189867036,-0.0,0.0,0.0,0.0,1.0,0.0,0.0,30.193021168259765,30.722403396027975,31.317843704239234,110.5357001761283,105.90539944931867,114.41161583795294,-1062.8222330431176,-1291.5928742591996,-1601.4968960056287,-1471.8643285648056,-145.7508618915933,4.84733088176999,-96.43352241414108,0.005292554126935824,0.0,0.0
2024-10-05 03:39:31.724278,1.0,1.0,1.0,1.0,1.0,1.0,1.0,703101.0,0.044198489661446745,0.038666311337125336,0.04643997376336176,0.029679554160349852,0.03437463478414554,0.030990747087997286,-0.00011763131866852446,0.0003942238787810009,-0.00046416682501633976,-0.0,0.0,0.0,0.0,1.0,0.0,0.0,28.956106271368373,28.345028036534043,31.30542249782317,118.84208621238338,115.97153620636608,108.10094548169948,-1461.9003579121604,-1130.5169487536232,-1347.8380394076207,-1471.7112854212794,-151.7094000439337,4.658702088171271,-92.63636629414904,0.005770657353703444,0.0,0.0
2024-10-05 03:39:31.727778,1.0,1.0,1.0,1.0,1.0,1.0,1.0,703102.0,0.04443358966925187,0.03880080326089556,0.045932417826860104,0.030004641120915988,0.03431814397393635,0.03194642892952922,-0.00012081054349740349,0.0003592524056633315,-0.00046416682501633976,-0.0,0.0,0.0,0.0,1.0,0.0,0.0,27.737324716656815,27.961148532476518,27.771168433893944,113.69926992525578,125.14539216160756,118.14894607109584,-1234.2975267771021,-1448.6858293203823,-1132.5301587829492,-1436.0227167082642,-156.86098043508207,4.399239427445101,-87.42140197866213,0.006403226961519321,0.0,0.0
2024-10-05 03:39:31.809475,1.0,1.0,1.0,1.0,1.0,1.0,1.0,703103.0,0.04478392562861249,0.03906839817849147,0.04615868726430257,0.030517578125,0.03406277598114669,0.032007105962223864,-9.855596969525022e-05,0.000324280932545662,-0.0004578083753585817,-0.0,0.0,0.0,0.0,1.0,0.0,0.0,26.065587257443703,25.161325974347733,27.112131655256565,115.33877646925072,127.04615045583125,128.54200009252554,-1278.1166058122406,-1332.0405941723595,-1039.7511921374085,-1387.369042519741,-166.20286975168813,4.014093637685391,-79.71221243276177,0.007095752769665246,0.0,0.0
2024-10-05 03:39:31.893077,1.0,1.0,1.0,1.0,1.0,1.0,1.0,703104.0,0.04437493143949452,0.038666311337125336,0.04598908955455482,0.03026219641244205,0.03434640099311143,0.03194642892952922,-0.00010173519452412927,0.000324280932545662,-0.00044509147604306553,-0.0,0.0,0.0,0.0,1.0,0.0,0.0,23.720517885038145,24.261710061277732,25.08427681130717,119.6144310979636,122.24202083697095,141.25895924641304,-932.6620167678155,-1415.3478283996749,-898.3421392961208,-1259.603478443307,-167.537108797749,3.6168339081879637,-71.79500280335199,0.007488253181615681,0.0,0.0
2024-10-05 03:39:31.896577,1.0,1.0,1.0,1.0,1.0,1.0,1.0,703105.0,0.044080469451694804,0.03893483061427055,0.04615868726430257,0.0300692367632191,0.03397722680635423,0.03203740138402003,-9.537674486637117e-05,0.00032746015737454104,-0.000403761553267638,-0.0,0.0,0.0,0.0,1.0,0.0,0.0,21.287935256224372,20.867314845476,23.843852651083164,128.55825797240584,119.05451100920064,146.0421336483366,-1016.1770289373468,-1166.407744704529,-500.37927954564833,-1077.055233437589,-168.35950316994243,3.0790589461370947,-61.090224605221316,0.00797247350747424,0.0,0.0
2024-10-05 03:39:31.978199,1.0,1.0,1.0,1.0,1.0,1.0,1.0,703106.0,0.04425738174574523,0.03832801689680105,0.04638385292864447,0.03039015553037446,0.03428986366919591,0.03167194378429309,-0.00010491441935300828,0.0002861302345991135,-0.00036561085532108955,-0.0,0.0,0.0,0.0,1.0,0.0,0.0,18.896958392709358,19.834971747501687,19.238092765135143,132.46454205903927,114.96523350963227,148.4686347613405,-763.4558311625362,-1199.7900634200928,-371.0487331366935,-957.7333613458364,-177.84848582112372,2.595529357104075,-51.42399652775739,0.009373629564086794,0.0,0.0
2024-10-05 03:39:31.981201,1.0,1.0,1.0,1.0,1.0,1.0,1.0,703107.0,0.04324531047620408,0.03819186010094626,0.04649602686012361,0.03073929670896773,0.03377676944149575,0.0316106234096681,-0.00013034821798404061,0.00027977178494135546,-0.00037196930497884767,-0.0,0.0,0.0,0.0,1.0,0.0,0.0,16.508425602530384,15.212615772287858,18.685825430324414,136.59485531689802,113.69302614551887,145.57913796222678,-870.5753035782416,-991.7398812718532,-188.62499218695007,-858.6386697256725,-194.98793026942533,2.126755156974594,-42.05078389042779,0.011386342416422217,0.0,0.0
2024-10-05 03:39:32.063628,1.0,1.0,1.0,1.0,1.0,1.0,1.0,703108.0,0.043003714672582107,0.037780445658522906,0.046552012463619064,0.03095942747707764,0.03351727697218139,0.031641298451732976,-0.00012398976832628253,0.0002670548856258393,-0.00036561085532108955,-0.0,0.0,0.0,0.0,1.0,0.0,0.0,13.266623757363943,13.829160363702334,16.337757555385945,135.37644293606647,106.89299014528547,147.70692595759104,-462.38948200229675,-1053.6109485706609,19.814287693280864,-667.2442945582741,-203.13762741386117,1.5877334401139438,-31.366486577828674,0.012224414207158942,0.0,0.0
2024-10-05 03:39:32.146575,1.0,1.0,1.0,1.0,1.0,1.0,1.0,703109.0,0.04214722489965789,0.0373645014732293,0.046045691532351565,0.03120910432259612,0.033690494027434716,0.031146872746571578,-0.00013352744281291964,0.0002861302345991135,-0.0003338186070322991,-0.0,0.0,0.0,0.0,1.0,0.0,0.0,8.833253019189671,9.802583887350353,15.81547512205189,139.6505684633455,94.21062717705522,142.8015894946288,-396.1026940481231,-586.535768092117,349.5109219440775,-369.18856467250276,-158.34312940775723,1.1258719890229711,-22.264882052186643,0.011216094313348402,0.0,0.0
2024-10-05 03:39:32.149574,1.0,1.0,1.0,1.0,1.0,1.0,1.0,703110.0,0.042393702000235525,0.03715478325109878,0.04643997376336176,0.03070772063827226,0.0337192770263005,0.031146872746571578,-0.00011763131866852446,0.0002988471339146297,-0.000317922482887904,-0.0,0.0,0.0,0.0,1.0,0.0,0.0,8.174902901854983,7.267003616513394,11.813526849127708,133.61926266566928,91.87500341094061,139.0005092930087,-277.0277202855245,-586.2157814218133,989.8586231048897,-107.59912447398888,-76.22347238794842,0.6777226389276348,-13.480046496887011,0.00548943457041812,0.0,0.0
2024-10-05 03:39:32.231596,1.0,1.0,1.0,1.0,1.0,1.0,1.0,703111.0,0.04245509769062346,0.0373645014732293,0.046496026860123614,0.031022035078891817,0.03337224263981984,0.030990747087997286,-9.855596969525021e-05,0.0003306393822034201,-0.00029248868425687163,-0.0,0.0,0.0,0.0,1.0,0.0,0.0,4.896396407481981,6.761968954094479,9.550149684037148,129.15301160329312,72.70003324755048,142.86581457786437,31.507739738190974,-458.56373452691565,1088.5446964448995,86.21170331768892,99.012205403895,0.4190013063734682,-8.314743831476585,0.007790225829820024,0.0,0.0
2024-10-05 03:39:32.235597,1.0,1.0,1.0,1.0,1.0,1.0,1.0,703112.0,0.042332217265921304,0.037503662109375,0.04705288535396546,0.03086527796111811,0.03331405211143558,0.030485772407004817,-8.583907037973405e-05,0.0003497147311766943,-0.00031474325805902487,-0.0,0.0,0.0,0.0,1.0,0.0,0.0,2.2680535900432512,4.673760832729818,9.759987032235246,132.82608760262733,44.65360070077658,138.90239204353946,59.59456493624795,-174.30340957819246,1103.229766280311,210.08151814985393,562.2604500855099,0.1845909373118271,-3.5679741010466626,0.03354570029098187,0.0,0.0
2024-10-05 03:39:32.316526,1.0,1.0,1.0,1.0,1.0,1.0,1.0,703113.0,0.04227064309912445,0.03637547335010834,0.04671956673942695,0.0303262434606198,0.033284918697807614,0.030294236862297798,-8.265984555085502e-05,0.00036243163049221044,-0.00030520558357238775,-0.0,0.0,0.0,0.0,1.0,0.0,0.0,1.8290629775317233,2.603186579895716,10.292268059254297,132.74758292739799,29.401494510407993,129.3310950770815,10.858904951600401,-34.6430740466508,1196.8262749262867,278.1594881993319,1851.7066434646827,0.07630276432174002,-1.4344753043171692,0.06001092026723495,0.0,0.0
2024-10-05 03:39:32.399952,1.0,1.0,1.0,1.0,1.0,1.0,1.0,703114.0,0.042393702000235525,0.03651840306907817,0.0459324178268601,0.030485772407004817,0.03284481667269478,0.0300692367632191,-7.630139589309694e-05,0.00034653550634781527,-0.00029248868425687163,-0.0,0.0,0.0,0.0,1.0,0.0,0.0,1.9610344043651065,1.780110311453967,10.664378109919095,126.55018880473119,28.796669871869355,120.82282536095677,-17.306914674969896,-3.2583698064841933,1236.924618535912,0.0,0.0,0.013211308753838342,0.0,1.0,0.0,0.0
2024-10-05 03:39:32.403454,1.0,1.0,1.0,1.0,1.0,1.0,1.0,703115.0,0.0419614169784043,0.03666077555081008,0.04536180663361167,0.030358216314476834,0.03313886745048406,0.03026219641244205,-5.72260469198227e-05,0.00036243163049221044,-0.00031156403323014586,-0.0,0.0,0.0,0.0,1.0,0.0,0.0,2.0767347346561493,1.749133302776554,10.763454015810273,118.05017754073695,31.79582963622931,115.43373179449914,-42.83592774849733,5.8063308766951085,1211.336427495477,293.1427407304897,1615.929222431541,0.09234518522646053,1.7323202862273828,0.06204081892349437,0.0,0.0
2024-10-05 03:39:32.485195,1.0,1.0,1.0,1.0,1.0,1.0,1.0,703116.0,0.04220897910845452,0.037084613626145846,0.04501596824740669,0.030294236862297798,0.032667115729434024,0.03054935072925873,-4.7688372433185584e-05,0.00037196930497884756,-0.00035925240566333144,-0.0,0.0,0.0,0.0,1.0,0.0,0.0,2.2081234502359046,1.7754471350300531,10.689221068835199,111.54678202741576,32.86574808947281,118.28653387764562,-69.21072333623071,15.77830435933235,1228.4461660659076,295.01728386605123,1624.907712688723,0.09234518522646053,1.7337646436719794,0.061258776285833025,3.821987836716897e-05,0.0
2024-10-05 03:39:32.488695,1.0,1.0,1.0,1.0,1.0,1.0,1.0,703117.0,0.041774782619765874,0.037711440220720746,0.04536180663361167,0.03026219641244205,0.03337224263981984,0.030990747087997286,-3.815069794654847e-05,0.00041965767741203314,-0.0003497147311766943,-0.0,0.0,0.0,0.0,1.0,0.0,0.0,2.406968041537816,1.8068510727483964,10.596518357136759,105.61068961110291,34.814511501535385,122.30351334245398,-88.34731028373673,30.724249729146486,1256.9981734181658,302.55415772834226,2101.464292979102,0.07324105075105614,1.3748410548686727,0.06142727284067022,0.0,0.0
2024-10-05 03:39:32.570346,1.0,1.0,1.0,1.0,1.0,1.0,1.0,703118.0,0.04108320345271294,0.03886787470812279,0.044609101569099904,0.030485772407004817,0.03357511528435138,0.03170255949350469,-2.861302345991135e-05,0.00041965767741203314,-0.00035607318083445244,-0.0,0.0,0.0,0.0,1.0,0.0,0.0,2.5619170084434417,1.806756379548765,10.498566431725251,99.56720209464896,38.683187914421346,125.58647203449388,-99.33421940192021,46.40483723919161,1277.1673758176776,0.0,0.0,0.03319107558938519,0.0,1.0,0.0,0.0
2024-10-05 03:39:32.574346,1.0,1.0,1.0,1.0,1.0,1.0,1.0,703119.0,0.04095620715673985,0.03886787470812279,0.04443358966925187,0.03064447088906264,0.033168129149298335,0.03224867245309928,-4.450914760430655e-05,0.00042283690224091225,-0.00037832775463660567,-0.0,0.0,0.0,0.0,1.0,0.0,0.0,2.7977140541176544,1.8137142177891126,10.403905058531787,93.26479860072692,43.839291425142235,127.94238984866813,-109.70527302926456,60.25352064373237,1280.4923600181228,0.0,0.0,0.0,0.0,1.0,0.0,0.0
2024-10-05 03:39:32.656263,1.0,1.0,1.0,1.0,1.0,1.0,1.0,703120.0,0.04050858489526056,0.03853134997827471,0.04413951900188092,0.030612797008878905,0.033226575237181734,0.03224867245309928,-2.5433798631032317e-05,0.00041012000292539613,-0.00037196930497884767,-0.0,0.0,0.0,0.0,1.0,0.0,0.0,2.947787236031388,1.8145783276993053,10.357054301621941,87.23491065346686,49.53905622433418,129.86688221817647,-111.10384195063347,73.02732603359009,1286.0974635840576,0.0,0.0,0.0,0.0,1.0,0.0,0.0
2024-10-05 03:39:32.739060,1.0,1.0,1.0,1.0,1.0,1.0,1.0,703121.0,0.03999088202492748,0.038463691717159486,0.04372449751876115,0.030676112065162197,0.03337224263981984,0.032067668184708895,-2.2254573802153277e-05,0.0003846862042943638,-0.00035607318083445244,-0.0,0.0,0.0,0.0,1.0,0.0,0.0,3.1357524122222937,1.8524916488818783,10.357898491287994,81.37908658361903,55.1426939687752,131.09281799461215,-110.54470852598566,84.03275881061924,1284.8312088948037,0.0,0.0,0.0,0.0,1.0,0.0,0.0
2024-10-05 03:39:32.742557,1.0,1.0,1.0,1.0,1.0,1.0,1.0,703122.0,0.040185802182344105,0.037711440220720746,0.0434855640497593,0.030358216314476834,0.03325575976212062,0.03197678183797181,-1.5896124144395198e-05,0.0003592524056633315,-0.0003401770566900572,-0.0,0.0,0.0,0.0,1.0,0.0,0.0,3.150211665238114,1.8200013836255844,10.261111720936405,75.61238976736662,61.07212971266438,132.08761797713026,-108.03958984099442,91.30043002541962,1278.6209265602256,0.0,0.0,0.0,0.0,1.0,0.0,0.0
2024-10-05 03:39:32.823954,1.0,1.0,1.0,1.0,1.0,1.0,1.0,703123.0,0.04037978143756249,0.03819186010094626,0.04378402715493127,0.03010148260279399,0.03363285413230715,0.03194642892952922,-2.5433798631032317e-05,0.0003592524056633315,-0.0003528939560055733,-0.0,0.0,0.0,0.0,1.0,0.0,0.0,3.0838648003170266,1.7798736814983158,10.14390678907742,69.77928278252821,67.31719582278656,132.67295889908334,-103.84173711064149,98.10046329464116,1271.3306801976835,0.0,0.0,0.0,0.0,1.0,0.0,0.0
2024-10-05 03:39:32.827954,1.0,1.0,1.0,1.0,1.0,1.0,1.0,703124.0,0.03986040571620479,0.03825999906698716,0.04443358966925188,0.030198013527012933,0.033748035476753,0.032398736885968185,-3.815069794654847e-05,0.0003592524056633315,-0.0003560731808344524,-0.0,0.0,0.0,0.0,1.0,0.0,0.0,3.0147231019453598,1.7380090766798486,10.073580875569638,64.29374682792626,72.74232358593072,132.9567465891627,-95.40355375785624,103.50826967456723,1267.0226215625735,0.0,0.0,0.0,0.0,1.0,0.0,0.0
2024-10-05 03:39:32.909210,1.0,1.0,1.0,1.0,1.0,1.0,1.0,703125.0,0.039925697169818586,0.03757304914762413,0.044900096837092805,0.030453933471522428,0.03397722680635423,0.03185519667586617,-6.358449657758079e-05,0.0003592524056633315,-0.00032428093254566203,-0.0,0.0,0.0,0.0,1.0,0.0,0.0,3.037193207349713,1.960664048643434,9.965774457187942,62.421677770417844,74.35235751664439,132.30654722364244,-82.53234426173711,96.36358928495306,1247.4133322253133,0.0,0.0,0.0,0.0,1.0,0.0,0.0
2024-10-05 03:39:32.992060,1.0,1.0,1.0,1.0,1.0,1.0,1.0,703126.0,0.04037978143756249,0.037780445658522906,0.04507379225100919,0.030198013527012933,0.03386282504451316,0.03173314566510837,-6.994294623533886e-05,0.00035607318083445244,-0.0002861302345991135,-0.0,0.0,0.0,0.0,1.0,0.0,0.0,2.9228800243682844,1.9091581260366288,9.915965320642593,62.91282616566471,73.74789569995691,131.62330500604745,-72.7121761384541,88.65417411389623,1236.150465763287,0.0,0.0,0.0,0.0,1.0,0.0,0.0
2024-10-05 03:39:32.995559,1.0,1.0,1.0,1.0,1.0,1.0,1.0,703127.0,0.04082881584609787,0.03764230828317236,0.04466745228281863,0.030294236862297798,0.033690494027434716,0.0313331966781849,-6.358449657758079e-05,0.000324280932545662,-0.0002861302345991135,-0.0,0.0,0.0,0.0,1.0,0.0,0.0,3.282571944718965,1.9937724937449262,9.900206401792687,62.88538486052127,72.32214742144045,129.42251142148606,-70.90614788260768,77.57013695214066,1182.2513292714718,0.0,0.0,0.0,0.0,1.0,0.0,0.0
2024-10-05 03:39:33.078211,1.0,1.0,1.0,1.0,1.0,1.0,1.0,703128.0,0.04089256110871732,0.03651840306907817,0.04507379225100918,0.03010148260279399,0.033834164163335345,0.031022035078891817,-6.676372140645982e-05,0.00031156403323014586,-0.00031474325805902487,-0.0,0.0,0.0,0.0,1.0,0.0,0.0,3.219377682127587,1.9332192246474205,9.551606803067125,58.958631087912686,69.48700329024975,122.4712754884272,-61.02741572133751,67.12836360898773,1053.7428437862095,0.0,0.0,0.0,0.0,1.0,0.0,0.0
2024-10-05 03:39:33.081710,1.0,1.0,1.0,1.0,1.0,1.0,1.0,703129.0,0.04133602555253029,0.03687330356631608,0.04553374081900146,0.029482781466042968,0.03411968959808029,0.03070772063827226,-6.994294623533886e-05,0.0002861302345991135,-0.0003179224828879039,-0.0,0.0,0.0,0.0,1.0,0.0,0.0,3.072888483698532,1.8645285904200255,9.207618288960767,55.42512711364084,66.02878076753758,115.17634443361634,-49.04333567694005,56.61301861714176,932.6757416055422,0.0,0.0,0.0,0.0,1.0,0.0,0.0
2024-10-05 03:39:33.163351,1.0,1.0,1.0,1.0,1.0,1.0,1.0,703130.0,0.041712385598201944,0.03729472643293347,0.04564800383634771,0.029383900981372436,0.03392007415562166,0.030612797008878905,-7.630139589309694e-05,0.00030520558357238775,-0.0003497147311766943,-0.0,0.0,0.0,0.0,1.0,0.0,0.0,2.969377494484203,1.7889514433887075,8.83551184558479,51.953111807297226,61.81879626419658,107.08445644625908,-39.696567291238104,44.99557809443445,804.9311472761232,0.0,0.0,0.0,0.0,1.0,0.0,0.0
2024-10-05 03:39:33.166852,1.0,1.0,1.0,1.0,1.0,1.0,1.0,703131.0,0.042023444236177564,0.03743414645719283,0.04541919034616077,0.02871599779926609,0.033284918697807614,0.03095942747707764,-5.404682209094367e-05,0.00029248868425687163,-0.00036243163049221044,-0.0,0.0,0.0,0.0,1.0,0.0,0.0,2.8033009191114253,1.6797057596904634,8.412820652796073,48.91204312072614,56.83577364300458,98.63560355740398,-30.66412024976153,32.94943703084834,680.978474002163,0.0,0.0,0.0,0.0,1.0,0.0,0.0
2024-10-05 03:39:33.247693,1.0,1.0,1.0,1.0,1.0,1.0,1.0,703132.0,0.041774782619765874,0.037918079796158174,0.044900096837092805,0.029151875571506957,0.03348832035600082,0.03120910432259612,-6.040527174870175e-05,0.0003083848084012668,-0.0003528939560055733,-0.0,0.0,0.0,0.0,1.0,0.0,0.0,2.7942740175394465,1.6382504753762483,8.116998377935627,46.229900733927686,50.094684924945604,88.92698065515998,-22.18378683722545,22.532414363007305,558.3733621201586,0.0,0.0,0.0,0.0,1.0,0.0,0.0
2024-10-05 03:39:33.331545,1.0,1.0,1.0,1.0,1.0,1.0,1.0,703133.0,0.0423322172659213,0.0378493252884673,0.04513154216867338,0.029515668014433095,0.033284918697807614,0.03148762440853117,-6.358449657758079e-05,0.0003179224828879039,-0.00037832775463660567,-0.0,0.0,0.0,0.0,1.0,0.0,0.0,2.8437979603311963,1.6139644732301874,7.827912645516715,44.50082987097134,40.402767556534364,78.29799508906538,-16.205658871585086,11.020708222107467,434.7579462306475,0.0,0.0,0.0,0.0,1.0,0.0,0.0
2024-10-05 03:39:33.335045,1.0,1.0,1.0,1.0,1.0,1.0,1.0,703134.0,0.04324531047620408,0.03798670986099516,0.044667452282818626,0.02921835655994684,0.033168129149298335,0.031115710284795706,-4.132992277542752e-05,0.0003433562815189362,-0.0003497147311766943,-0.0,0.0,0.0,0.0,1.0,0.0,0.0,2.890934964764603,1.5881116480110078,7.527814998827855,42.816064204002004,27.199970676970157,66.07842248124014,-10.38514734579936,-0.7416958566812558,311.4514959762515,0.0,0.0,0.0,0.0,1.0,0.0,0.0
2024-10-05 03:39:33.416754,1.0,1.0,1.0,1.0,1.0,1.0,1.0,703135.0,0.04336560364453033,0.03839591423416136,0.04437493143949452,0.02918513499541173,0.032933307582966455,0.03148762440853117,-5.4046822090943684e-05,0.0003306393822034201,-0.00040694077809651707,-0.0,0.0,0.0,0.0,1.0,0.0,0.0,2.8111333934267524,1.2182218194174583,7.224099636145277,35.98456807139775,17.45839452795985,52.81793746303272,-11.713933793988305,-1.169510430445103,199.2186217515475,0.0,0.0,0.0,0.0,1.0,0.0,0.0
2024-10-05 03:39:33.419754,1.0,1.0,1.0,1.0,1.0,1.0,1.0,703136.0,0.04251640472283598,0.037918079796158174,0.0434855640497593,0.029548517961177193,0.0333431600699038,0.03173314566510837,-5.722604691982271e-05,0.0003528939560055733,-0.0003974031036098799,-0.0,0.0,0.0,0.0,1.0,0.0,0.0,2.8611833147371275,1.2164128320023877,6.865469154566375,24.00737881708888,11.390942538363353,34.97678877983797,-9.07293539516066,-1.8914940202289652,82.90706444995713,0.0,0.0,0.0,0.0,1.0,0.0,0.0
2024-10-05 03:39:33.501312,1.0,1.0,1.0,1.0,1.0,1.0,1.0,703137.0,0.0423322172659213,0.0378493252884673,0.04330549882888886,0.029548517961177193,0.0337192770263005,0.0316106234096681,-6.358449657758079e-05,0.0003560731808344524,-0.0003942238787810009,-0.0,0.0,0.0,0.0,1.0,0.0,0.0,2.311324863996164,0.95417400363342,6.369665072114996,0.16183924768668684,0.4706942892543254,0.7971031486847274,-0.357320705189581,-0.4391829209419451,5.06676580033499,0.0,0.0,0.0,0.0,1.0,0.0,0.0
2024-10-05 03:39:33.584960,1.0,1.0,1.0,1.0,1.0,1.0,1.0,703138.0,0.04220897910845451,0.03859888964444313,0.04390284427203976,0.029939906113202793,0.033284918697807614,0.03127121205432006,-8.90182952086131e-05,0.0003497147311766944,-0.0003974031036098799,-0.0,0.0,0.0,0.0,1.0,0.0,0.0,2.2882491926946935,0.950370501177262,6.389685522877339,0.15990769239174268,0.46873071741070377,0.795344266112552,-0.34950688756791237,-0.4388461817375007,5.073623989652193,0.0,0.0,0.0,0.0,1.0,0.0,0.0
2024-10-05 03:39:33.588961,1.0,1.0,1.0,1.0,1.0,1.0,1.0,703139.0,0.04220897910845451,0.03893483061427055,0.043664886724146465,0.03039015553037446,0.03272645658802371,0.03095942747707764,-8.583907037973405e-05,0.0003497147311766944,-0.0003783277546366057,-0.0,0.0,0.0,0.0,1.0,0.0,0.0,2.2735252997221376,0.9479211952851251,6.40400362792817,0.15438610942899175,0.4706718133836549,0.7868870456074034,-0.3347349936743484,-0.44124350229272474,5.030521506053654,0.0,0.0,0.0,0.0,1.0,0.0,0.0
2024-10-05 03:39:33.670392,1.0,1.0,1.0,1.0,1.0,1.0,1.0,703140.0,0.04227064309912445,0.03940033615860651,0.043425625269995945,0.030676112065162197,0.03305092691301418,0.031022035078891817,-0.00010173519452412927,0.0003497147311766943,-0.00035925240566333144,-0.0,0.0,0.0,0.0,1.0,0.0,0.0,2.2670475556330527,0.9407537726374525,6.417823647864468,0.15660851742173865,0.4712632877517633,0.7866617703750166,-0.3406235719852907,-0.43966375556803194,5.0402100591493,0.0,0.0,0.0,0.0,1.0,0.0,0.0
2024-10-05 03:39:33.673892,1.0,1.0,1.0,1.0,1.0,1.0,1.0,703141.0,0.042023444236177564,0.039400336158606504,0.04384347596324186,0.031115710284795706,0.03331405211143558,0.03073929670896773,-0.00013988589247067773,0.00037832775463660567,-0.0003528939560055733,-0.0,0.0,0.0,0.0,1.0,0.0,0.0,2.2603862289412673,0.9321388454562853,6.427902261580266,0.15766034574687762,0.4680622233500735,0.7901881209310361,-0.34261233061007496,-0.4331622660249173,5.070337659430235,0.0,0.0,0.0,0.0,1.0,0.0,0.0
2024-10-05 03:39:33.755937,1.0,1.0,1.0,1.0,1.0,1.0,1.0,703142.0,0.04227064309912445,0.03986040571620479,0.04413951900188092,0.031084516582433108,0.03357511528435138,0.030990747087997286,-0.00014942356695731485,0.0003687900801499686,-0.0003751485298077266,-0.0,0.0,0.0,0.0,1.0,0.0,0.0,2.254566184077928,0.9255636096916685,6.437561379612503,0.16041585401256947,0.4659701953879242,0.7943741894079296,-0.34762758721489856,-0.4282868469513402,5.105402440273438,0.0,0.0,0.0,0.0,1.0,0.0,0.0
2024-10-05 03:39:33.839138,1.0,1.0,1.0,1.0,1.0,1.0,1.0,703143.0,0.04189929789626443,0.03966388649582423,0.04437493143949452,0.031115710284795706,0.0337192770263005,0.031240173622796498,-0.000162140466272831,0.00038786542912324284,-0.0003815069794654847,-0.0,0.0,0.0,0.0,1.0,0.0,0.0,2.249598321632259,0.918780501050836,6.448475880639955,0.16416755904299962,0.4706144901467893,0.7924614772046135,-0.35502837264687725,-0.42954196580426984,5.101273346331102,0.0,0.0,0.0,0.0,1.0,0.0,0.0
2024-10-05 03:39:33.842135,1.0,1.0,1.0,1.0,1.0,1.0,1.0,703144.0,0.04120980838596827,0.03966388649582423,0.04443358966925187,0.031178004061435775,0.03386282504451316,0.030990747087997286,-0.00017485736558834716,0.00037196930497884756,-0.00039422387878100085,-0.0,0.0,0.0,0.0,1.0,0.0,0.0,2.247553455147358,0.9110742768533544,6.459057780175976,0.16139530762102117,0.47745962191834734,0.7889501772528165,-0.3475098402498242,-0.43209150646680994,5.086297931584603,0.0,0.0,0.0,0.0,1.0,0.0,0.0
2024-10-05 03:39:33.923869,1.0,1.0,1.0,1.0,1.0,1.0,1.0,703145.0,0.041587310697157,0.03900167157440239,0.04443358966925187,0.03127121205432006,0.033690494027434716,0.031240173622796498,-0.00014624434212843582,0.0003656108553210895,-0.00035607318083445244,-0.0,0.0,0.0,0.0,1.0,0.0,0.0,2.2441258587404027,0.9039027088051445,6.4703035917964495,0.1613380350897492,0.47848055238472725,0.7901062298878093,-0.3476769955647855,-0.42970671567399027,5.102319555208586,0.0,0.0,0.0,0.0,1.0,0.0,0.0
2024-10-05 03:39:33.927369,1.0,1.0,1.0,1.0,1.0,1.0,1.0,703146.0,0.04152463197171362,0.03906839817849146,0.045246820880521094,0.03105329154533826,0.03325575976212062,0.031022035078891817,-0.00014624434212843582,0.00033699783186117815,-0.00038468620429436373,-0.0,0.0,0.0,0.0,1.0,0.0,0.0,2.240525882669774,0.9001046519875545,6.4815443583299786,0.15767569563357905,0.47858413766042407,0.7884638008047014,-0.3397321694892887,-0.4279198294151921,5.100208158827093,0.0,0.0,0.0,0.0,1.0,0.0,0.0
2024-10-05 03:39:34.009324,1.0,1.0,1.0,1.0,1.0,1.0,1.0,703147.0,0.041587310697157,0.039135011011481306,0.04553374081900146,0.03064447088906264,0.032785690042080325,0.031146872746571578,-0.00015260279178619387,0.00033699783186117815,-0.0003878654291232428,-0.0,0.0,0.0,0.0,1.0,0.0,0.0,2.2350080292438643,0.8945251867661986,6.490452338116671,0.15401160430619698,0.48185921215362587,0.7887763196463932,-0.3304260527496788,-0.42836120969293945,5.109077855468434,0.0,0.0,0.0,0.0,1.0,0.0,0.0
2024-10-05 03:39:34.012824,1.0,1.0,1.0,1.0,1.0,1.0,1.0,703148.0,0.0418370865807396,0.0387336156723732,0.04478392562861249,0.030036956306502573,0.032785690042080325,0.03105329154533826,-0.00013352744281291964,0.000324280932545662,-0.0003656108553210895,-0.0,0.0,0.0,0.0,1.0,0.0,0.0,2.2331059722092124,0.8917866213886698,6.501288955700017,0.1550624776735997,0.48155779381558517,0.7841670413219918,-0.33239158537085217,-0.4267772723630325,5.089169473894164,0.0,0.0,0.0,0.0,1.0,0.0,0.0
2024-10-05 03:39:34.094412,1.0,1.0,1.0,1.0,1.0,1.0,1.0,703149.0,0.04227064309912445,0.03825999906698716,0.04513154216867338,0.030036956306502573,0.03284481667269478,0.03151841915858901,-0.00014942356695731485,0.00032746015737454104,-0.0003687900801499686,-0.0,0.0,0.0,0.0,1.0,0.0,0.0,2.229866168840309,0.8873901177821303,6.510629143942843,0.15873293458971194,0.48190714550999714,0.7890453127649325,-0.3399575222809786,-0.42489511869778795,5.128494853361745,0.0,0.0,0.0,0.0,1.0,0.0,0.0
2024-10-05 03:39:34.177671,1.0,1.0,1.0,1.0,1.0,1.0,1.0,703150.0,0.0420853800755884,0.037711440220720746,0.045304350237362054,0.030036956306502573,0.03308026640118225,0.0316106234096681,-0.00014624434212843582,0.0003179224828879039,-0.00036879008014996856,-0.0,0.0,0.0,0.0,1.0,0.0,0.0,2.2261310755968946,0.8842115029827677,6.52005772873692,0.16341309922704061,0.4794811962457075,0.789873704268145,-0.34870739452726435,-0.42102065501176983,5.140998328286666,0.0,0.0,0.0,0.0,1.0,0.0,0.0
2024-10-05 03:39:34.181172,1.0,1.0,1.0,1.0,1.0,1.0,1.0,703151.0,0.0420853800755884,0.037780445658522906,0.04518921828443541,0.02984254030701896,0.03305092691301418,0.03188563643118791,-0.0001367066676417987,0.00031474325805902487,-0.00039422387878100085,-0.0,0.0,0.0,0.0,1.0,0.0,0.0,2.222415489113545,0.8816547165355033,6.528954651618675,0.16593606737778413,0.47794924091508706,0.7876043944451113,-0.35323251012432616,-0.41845080473770707,5.133802459875139,0.0,0.0,0.0,0.0,1.0,0.0,0.0
2024-10-05 03:39:34.262897,1.0,1.0,1.0,1.0,1.0,1.0,1.0,703152.0,0.04196141697840431,0.03701431097784901,0.045419190346160765,0.029515668014433095,0.032756086704177324,0.03170255949350469,-0.00011445209383964543,0.00031156403323014586,-0.00039422387878100085,-0.0,0.0,0.0,0.0,1.0,0.0,0.0,2.2205564714741057,0.8802292187656398,6.537521110501384,0.16468372411614793,0.47933067866702866,0.7857986981014908,-0.350854851560752,-0.419022024389253,5.128777480561579,0.0,0.0,0.0,0.0,1.0,0.0,0.0
2024-10-05 03:39:34.266398,1.0,1.0,1.0,1.0,1.0,1.0,1.0,703153.0,0.04220897910845451,0.03715478325109878,0.045304350237362054,0.029548517961177193,0.032815266674204355,0.031178004061435775,-0.00012398976832628253,0.0003083848084012668,-0.00036879008014996856,-0.0,0.0,0.0,0.0,1.0,0.0,0.0,2.2171717236997717,0.8774068990698302,6.544092767080151,0.16297344639320205,0.4768269094460008,0.7876208077634285,-0.3463539270891244,-0.415403088796194,5.14565303724608,0.0,0.0,0.0,0.0,1.0,0.0,0.0
2024-10-05 03:39:34.347929,1.0,1.0,1.0,1.0,1.0,1.0,1.0,703154.0,0.04214722489965788,0.03757304914762413,0.04564800383634771,0.029679554160349852,0.03272645658802371,0.03145679951185349,-0.00013034821798404061,0.0002893094594279926,-0.00035925240566333144,-0.0,0.0,0.0,0.0,1.0,0.0,0.0,2.212254110324861,0.8752705223417825,6.55159393713856,0.16566112092615315,0.4746557531180592,0.7930571547175963,-0.351436042035141,-0.4126250077064874,5.187545001553756,0.0,0.0,0.0,0.0,1.0,0.0,0.0
2024-10-05 03:39:34.431561,1.0,1.0,1.0,1.0,1.0,1.0,1.0,703155.0,0.04183708658073959,0.0378493252884673,0.045246820880521094,0.029449858193388034,0.032667115729434024,0.0313331966781849,-0.00011763131866852446,0.0002829510097702345,-0.0003656108553210895,-0.0,0.0,0.0,0.0,1.0,0.0,0.0,2.2076601091824637,0.8714756503186188,6.558844961873262,0.16608775683069382,0.47186929353042667,0.7901242770486204,-0.351847221779676,-0.4083637698728845,5.173803109219567,0.0,0.0,0.0,0.0,1.0,0.0,0.0
2024-10-05 03:39:34.434809,1.0,1.0,1.0,1.0,1.0,1.0,1.0,703156.0,0.04189929789626443,0.037084613626145846,0.044900096837092805,0.029548517961177193,0.032667115729434024,0.03120910432259612,-9.855596969525022e-05,0.00026069643596808123,-0.0003497147311766943,-0.0,0.0,0.0,0.0,1.0,0.0,0.0,2.2019254548455267,0.867727771298866,6.565511422179321,0.16651642844051603,0.4675115623508938,0.7898188327432099,-0.3513854835291818,-0.40290923354957536,5.176654234681847,0.0,0.0,0.0,0.0,1.0,0.0,0.0
2024-10-05 03:39:34.516945,1.0,1.0,1.0,1.0,1.0,1.0,1.0,703157.0,0.04139898983206045,0.03687330356631608,0.0446091015690999,0.02990748606458951,0.032667115729434024,0.030896693010431804,-6.358449657758079e-05,0.0002861302345991135,-0.0003497147311766943,-0.0,0.0,0.0,0.0,1.0,0.0,0.0,2.197186841548003,0.8647189772472796,6.572836956850676,0.16901862960759043,0.46448746918845785,0.7915957507978921,-0.3566323651662141,-0.3988648201108992,5.1944213074060945,0.0,0.0,0.0,0.0,1.0,0.0,0.0
2024-10-05 03:39:34.520442,1.0,1.0,1.0,1.0,1.0,1.0,1.0,703158.0,0.041587310697157,0.03715478325109878,0.044842048853109995,0.0300692367632191,0.03310957989067469,0.030833830904597324,-5.722604691982271e-05,0.00031474325805902487,-0.00035925240566333144,-0.0,0.0,0.0,0.0,1.0,0.0,0.0,2.190931078804832,0.8618519114554538,6.578928902312322,0.1696768744851156,0.46452128335671483,0.7925194397646711,-0.3575159878130978,-0.3977252740706146,5.2052657316092015,0.0,0.0,0.0,0.0,1.0,0.0,0.0
2024-10-05 03:39:34.601711,1.0,1.0,1.0,1.0,1.0,1.0,1.0,703159.0,0.041587310697157,0.03757304914762413,0.04495806987200317,0.03026219641244205,0.03310957989067469,0.03095942747707764,-5.404682209094367e-05,0.00031156403323014586,-0.0003815069794654847,-0.0,0.0,0.0,0.0,1.0,0.0,0.0,2.187916530772276,0.8578812086561262,6.584268812366185,0.16763006691633772,0.46255517656466105,0.7954451027446031,-0.35357341259938,-0.394334328007298,5.228629703484975,0.0,0.0,0.0,0.0,1.0,0.0,0.0
2024-10-05 03:39:34.605198,1.0,1.0,1.0,1.0,1.0,1.0,1.0,703160.0,0.04133602555253029,0.0373645014732293,0.04507379225100918,0.03073929670896773,0.03290383705573704,0.030676112065162197,-2.5433798631032317e-05,0.0003179224828879039,-0.0003528939560055733,-0.0,0.0,0.0,0.0,1.0,0.0,0.0,2.1843240812951272,0.8544174170960399,6.588022105286031,0.16217369992364822,0.46438193326255844,0.7969221812365616,-0.34180228641189303,-0.39450165994586084,5.241655580559555,0.0,0.0,0.0,0.0,1.0,0.0,0.0
2024-10-05 03:39:34.687573,1.0,1.0,1.0,1.0,1.0,1.0,1.0,703161.0,0.04139898983206045,0.03673175485356617,0.04507379225100919,0.03105329154533826,0.03340129988750126,0.030517578125,-2.5433798631032317e-05,0.000324280932545662,-0.000321101707716783,-0.0,0.0,0.0,0.0,1.0,0.0,0.0,2.1809165420327035,0.8521183661046191,6.59418801464658,0.15766325957305308,0.46561077129931067,0.8015775675570621,-0.33110588119757806,-0.3942555791129256,5.277124181830559,0.0,0.0,0.0,0.0,1.0,0.0,0.0
2024-10-05 03:39:34.770084,1.0,1.0,1.0,1.0,1.0,1.0,1.0,703162.0,0.04114655461363215,0.03743414645719283,0.04501596824740669,0.03142594437984583,0.033226575237181734,0.030230122003416366,-3.815069794654847e-05,0.000321101707716783,-0.000321101707716783,-0.0,0.0,0.0,0.0,1.0,0.0,0.0,2.1737481021577594,0.8485439805331293,6.601439601429707,0.16005258791020865,0.4677979356143934,0.8024139965126128,-0.33518350828400356,-0.39447493721547044,5.288616654849248,0.0,0.0,0.0,0.0,1.0,0.0,0.0
2024-10-05 03:39:34.773584,1.0,1.0,1.0,1.0,1.0,1.0,1.0,703163.0,0.04108320345271294,0.03743414645719283,0.04466745228281863,0.03120910432259612,0.033168129149298335,0.030517578125,-4.132992277542752e-05,0.00030202635874350875,-0.00033699783186117815,-0.0,0.0,0.0,0.0,1.0,0.0,0.0,2.1697391593604647,0.845385682811693,6.6085946432661515,0.16153279959692501,0.47024623779889874,0.8054988755052961,-0.3379967542917248,-0.3950843790554684,5.314610072745992,0.0,0.0,0.0,0.0,1.0,0.0,0.0
2024-10-05 03:39:34.855950,1.0,1.0,1.0,1.0,1.0,1.0,1.0,703164.0,0.04152463197171362,0.03630379747090976,0.04413951900188092,0.03139505892336215,0.03308026640118225,0.030581090322992784,-3.497147311766943e-05,0.00031474325805902487,-0.00036243163049221044,-0.0,0.0,0.0,0.0,1.0,0.0,0.0,2.164404013120184,0.8430212693381943,6.615006889276812,0.15776776359124006,0.46709181086360246,0.8048071202957291,-0.3287529730675097,-0.39137078793058294,5.314820595463133,0.0,0.0,0.0,0.0,1.0,0.0,0.0
2024-10-05 03:39:34.858950,1.0,1.0,1.0,1.0,1.0,1.0,1.0,703165.0,0.04139898983206046,0.036518403069078165,0.044958069872003174,0.031763702384431956,0.03319736505550277,0.03039015553037446,-4.7688372433185584e-05,0.00030520558357238775,-0.0003751485298077266,-0.0,0.0,0.0,0.0,1.0,0.0,0.0,2.1603103485634585,0.8426321277447804,6.621515503199425,0.1549782255549931,0.4669543161267272,0.8100259350478505,-0.3207578660374276,-0.39114372146942517,5.3556576458729594,0.0,0.0,0.0,0.0,1.0,0.0,0.0
2024-10-05 03:39:34.941473,1.0,1.0,1.0,1.0,1.0,1.0,1.0,703166.0,0.04152463197171362,0.03715478325109878,0.044958069872003174,0.0316106234096681,0.033226575237181734,0.03077084037730748,-5.72260469198227e-05,0.0003433562815189362,-0.00038468620429436373,-0.0,0.0,0.0,0.0,1.0,0.0,0.0,2.1555648365636957,0.83994511293026,6.6274339799018716,0.15256659098600325,0.46456802241897044,0.8148295532275922,-0.3151733368459996,-0.3878245203336127,5.3927155609804105,0.0,0.0,0.0,0.0,1.0,0.0,0.0
2024-10-05 03:39:35.024120,1.0,1.0,1.0,1.0,1.0,1.0,1.0,703167.0,0.041587310697157,0.03764230828317236,0.04536180663361167,0.03173314566510837,0.03337224263981984,0.031364143052817484,-6.994294623533886e-05,0.0003401770566900572,-0.00040694077809651707,-0.0,0.0,0.0,0.0,1.0,0.0,0.0,2.153657925924195,0.8381792145744773,6.633850788679862,0.1520094214253486,0.4687250996447033,0.8148509835605684,-0.3140755643901563,-0.39040717792145363,5.39780382200723,0.0,0.0,0.0,0.0,1.0,0.0,0.0
2024-10-05 03:39:35.027618,1.0,1.0,1.0,1.0,1.0,1.0,1.0,703168.0,0.04108320345271294,0.0373645014732293,0.04513154216867338,0.03182472780550264,0.032785690042080325,0.03170255949350469,-5.72260469198227e-05,0.0003528939560055733,-0.00036879008014996856,-0.0,0.0,0.0,0.0,1.0,0.0,0.0,2.1514809877020693,0.8353395469727737,6.63876995053448,0.14908603316408087,0.4734302911492003,0.8135885617788869,-0.3067702356041971,-0.3930168084564539,5.392988654711082,0.0,0.0,0.0,0.0,1.0,0.0,0.0
2024-10-05 03:39:35.108818,1.0,1.0,1.0,1.0,1.0,1.0,1.0,703169.0,0.04076497090344803,0.03729472643293347,0.04501596824740669,0.03139505892336215,0.032874340109372714,0.03130221970899244,-7.312217106421791e-05,0.0003560731808344524,-0.00035289395600557344,-0.0,0.0,0.0,0.0,1.0,0.0,0.0,2.150233284134239,0.8342269711279178,6.6438499476974915,0.14674404586987347,0.4756712415405962,0.8100131505068783,-0.29792159712202376,-0.394289701110626,5.373046458127752,0.0,0.0,0.0,0.0,1.0,0.0,0.0
2024-10-05 03:39:35.112317,1.0,1.0,1.0,1.0,1.0,1.0,1.0,703170.0,0.04133602555253029,0.03715478325109878,0.045131542168673384,0.030928076150071922,0.03251828982682399,0.03145679951185349,-8.90182952086131e-05,0.0003497147311766944,-0.0003751485298077266,-0.0,0.0,0.0,0.0,1.0,0.0,0.0,2.1472222514877632,0.8310957515700406,6.649426146103088,0.1469094380145893,0.4791002817494197,0.8107203885109608,-0.29678798899901215,-0.39557204102482196,5.381997838979511,0.0,0.0,0.0,0.0,1.0,0.0,0.0
2024-10-05 03:39:35.194832,1.0,1.0,1.0,1.0,1.0,1.0,1.0,703171.0,0.04133602555253029,0.03798670986099516,0.044725726870264354,0.03064447088906264,0.03245856839932655,0.031178004061435775,-8.265984555085502e-05,0.0003878654291232428,-0.0003783277546366057,-0.0,0.0,0.0,0.0,1.0,0.0,0.0,2.146144144603259,0.8303286432722513,6.655839754014447,0.148491334910129,0.47787732360466995,0.8067611198715631,-0.299978652308757,-0.3942922663581732,5.3607401161688415,0.0,0.0,0.0,0.0,1.0,0.0,0.0
2024-10-05 03:39:35.277950,1.0,1.0,1.0,1.0,1.0,1.0,1.0,703172.0,0.04114655461363215,0.0373645014732293,0.04449217056439318,0.030294236862297798,0.032696799620819436,0.03130221970899244,-7.948062072197598e-05,0.00038468620429436373,-0.00037196930497884756,-0.0,0.0,0.0,0.0,1.0,0.0,0.0,2.144396210044677,0.828852584254543,6.660338383795285,0.14846857057075433,0.4772899804480414,0.8063480805483675,-0.29933000843985064,-0.39314802297115065,5.361573535659631,0.0,0.0,0.0,0.0,1.0,0.0,0.0
2024-10-05 03:39:35.280453,1.0,1.0,1.0,1.0,1.0,1.0,1.0,703173.0,0.04082881584609787,0.037084613626145846,0.04484204885310999,0.03026219641244205,0.032637404840404415,0.03095942747707764,-5.086759726206463e-05,0.000403761553267638,-0.00036561085532108955,-0.0,0.0,0.0,0.0,1.0,0.0,0.0,2.142061790621041,0.8306132244378781,6.664666109186485,0.14444022779564514,0.4758451492800668,0.8012837823852901,-0.29141517893935964,-0.3927262479131812,5.331923916692551,0.0,0.0,0.0,0.0,1.0,0.0,0.0
2024-10-05 03:39:35.363267,1.0,1.0,1.0,1.0,1.0,1.0,1.0,703174.0,0.04037978143756249,0.037918079796158174,0.045304350237362054,0.03010148260279399,0.03248844283583844,0.030896693010431804,-4.7688372433185584e-05,0.00042283690224091225,-0.0003401770566900572,-0.0,0.0,0.0,0.0,1.0,0.0,0.0,2.1391657539056617,0.8306132244378781,6.669088185259696,0.14924965542920976,0.476440188326621,0.7995607903885028,-0.3015724511230869,-0.3931618374599904,5.324621561070552,0.0,0.0,0.0,0.0,1.0,0.0,0.0
2024-10-05 03:39:35.366767,1.0,1.0,1.0,1.0,1.0,1.0,1.0,703175.0,0.04076497090344803,0.03825999906698716,0.045131542168673384,0.029875030834123562,0.03299216966314644,0.03095942747707764,-4.7688372433185584e-05,0.00045462915052970265,-0.0003433562815189362,-0.0,0.0,0.0,0.0,1.0,0.0,0.0,2.1368524370160444,0.8312761001470332,6.673842617946059,0.15319854638380376,0.4767869918626656,0.7991213590533852,-0.3103227964683055,-0.3935743376762136,5.325380676694277,0.0,0.0,0.0,0.0,1.0,0.0,0.0
2024-10-05 03:39:35.448612,1.0,1.0,1.0,1.0,1.0,1.0,1.0,703176.0,0.04050858489526056,0.038463691717159486,0.04513154216867338,0.030036956306502573,0.033546208593426816,0.030612797008878905,-4.7688372433185584e-05,0.0004673460498452188,-0.00032746015737454104,-0.0,0.0,0.0,0.0,1.0,0.0,0.0,2.135676544978473,0.8310994618168712,6.678596786021808,0.1584619291758279,0.4782533199221282,0.7969076019709123,-0.3212806004076712,-0.39471113553736364,5.314592713169149,0.0,0.0,0.0,0.0,1.0,0.0,0.0
2024-10-05 03:39:35.451616,1.0,1.0,1.0,1.0,1.0,1.0,1.0,703177.0,0.041461858493688546,0.03859888964444313,0.04501596824740669,0.02990748606458951,0.03310957989067469,0.0303262434606198,-6.358449657758079e-05,0.0004578083753585817,-0.00030202635874350875,-0.0,0.0,0.0,0.0,1.0,0.0,0.0,2.1335909962240525,0.82970639935818,6.683520426958612,0.16070689775142885,0.47490134152703345,0.7957703606564113,-0.32519938820704436,-0.3910383528750966,5.310650722495446,0.0,0.0,0.0,0.0,1.0,0.0,0.0
2024-10-05 03:39:35.533837,1.0,1.0,1.0,1.0,1.0,1.0,1.0,703178.0,0.04164989509779679,0.038123599349151736,0.04553374081900146,0.02984254030701896,0.03340129988750126,0.030422061214259163,-6.676372140645982e-05,0.00042283690224091225,-0.0003497147311766943,-0.0,0.0,0.0,0.0,1.0,0.0,0.0,2.130434461936127,0.8292381916063233,6.6881879709379675,0.1632978905911506,0.47274889892855976,0.797169746495871,-0.33143421395965095,-0.3888719571656606,5.323865582618419,0.0,0.0,0.0,0.0,1.0,0.0,0.0
2024-10-05 03:39:35.616545,1.0,1.0,1.0,1.0,1.0,1.0,1.0,703179.0,0.041461858493688546,0.038055216156251626,0.045246820880521094,0.0300692367632191,0.033546208593426816,0.03077084037730748,-1.5896124144395198e-05,0.00044509147604306553,-0.00034653550634781527,-0.0,0.0,0.0,0.0,1.0,0.0,0.0,2.1265861103289225,0.8285359618908082,6.693349060461785,0.16559940351305635,0.4700565981419425,0.798330118383235,-0.33856280770292385,-0.3862445275974748,5.3361695611853275,0.0,0.0,0.0,0.0,1.0,0.0,0.0
2024-10-05 03:39:35.620043,1.0,1.0,1.0,1.0,1.0,1.0,1.0,703180.0,0.04095620715673985,0.03798670986099516,0.04541919034616077,0.03039015553037446,0.034005767111097776,0.03064447088906264,-2.5433798631032317e-05,0.0004355538015564284,-0.0003560731808344524,-0.0,0.0,0.0,0.0,1.0,0.0,0.0,2.124217542373739,0.8284630753858745,6.698847985534068,0.16627984426812345,0.46694096016432723,0.7954337874532831,-0.3404247085285177,-0.38377594993231295,5.321846085178969,0.0,0.0,0.0,0.0,1.0,0.0,0.0
2024-10-05 03:39:35.702404,1.0,1.0,1.0,1.0,1.0,1.0,1.0,703181.0,0.04101975445198809,0.03757304914762413,0.04576198155144107,0.03070772063827226,0.03386282504451316,0.03095942747707764,-3.8150697946548475e-05,0.00040694077809651707,-0.00035925240566333144,-0.0,0.0,0.0,0.0,1.0,0.0,0.0,2.1215103688318004,0.8258056561448384,6.70226389123267,0.1724761716975745,0.4687024307820987,0.7972922835219552,-0.353553500390961,-0.3839596637099247,5.336538094740722,0.0,0.0,0.0,0.0,1.0,0.0,0.0
2024-10-05 03:39:35.705404,1.0,1.0,1.0,1.0,1.0,1.0,1.0,703182.0,0.04164989509779679,0.03757304914762413,0.04598908955455482,0.030990747087997286,0.03380547898296581,0.030928076150071922,-6.040527174870175e-05,0.0004164784525831542,-0.0003656108553210895,-0.0,0.0,0.0,0.0,1.0,0.0,0.0,2.121184315570295,0.8239640393933437,6.705929093998335,0.16853592129713985,0.468926705728344,0.7963424281074127,-0.34377124847466417,-0.3831148562021554,5.332336067866895,0.0,0.0,0.0,0.0,1.0,0.0,0.0
2024-10-05 03:39:35.787455,1.0,1.0,1.0,1.0,1.0,1.0,1.0,703183.0,0.04127296521748623,0.037780445658522906,0.045590908124401384,0.0313331966781849,0.03360399710929144,0.031146872746571578,-8.90182952086131e-05,0.0004260161270697913,-0.00035925240566333144,-0.0,0.0,0.0,0.0,1.0,0.0,0.0,4.251920653726445,2.4155518216747245,10.540048007407904,99.28526976920777,56.496846037963536,155.46785420167407,218.1776760886473,79.46377494258888,1013.5621216377616,0.0,0.0,0.0,0.0,1.0,0.0,0.0
2024-10-05 03:39:35.870547,1.0,1.0,1.0,1.0,1.0,1.0,1.0,703184.0,0.041336025552530284,0.0373645014732293,0.04643997376336176,0.03185519667586617,0.03417650843776925,0.03120910432259612,-5.72260469198227e-05,0.0003910446539521219,-0.00039422387878100085,-0.0,0.0,0.0,0.0,1.0,0.0,0.0,4.490931741979392,2.6499067735412716,11.809344938130254,141.31258507110581,81.3028000104262,222.23712377744394,376.9365286624302,144.45045702004762,1921.3368107816332,0.0,0.0,0.0,0.0,1.0,0.0,0.0
2024-10-05 03:39:35.873992,1.0,1.0,1.0,1.0,1.0,1.0,1.0,703185.0,0.04089256110871732,0.03757304914762413,0.046552012463619064,0.03194642892952922,0.0337192770263005,0.0313331966781849,-7.630139589309696e-05,0.0003942238787810009,-0.0004132992277542751,-0.0,0.0,0.0,0.0,1.0,0.0,0.0,4.702728925155163,2.88489938313793,12.953234064342885,172.52802910381521,101.18030454014838,273.24542123828115,528.9686731437565,214.40759309040632,2829.835848324485,0.0,0.0,0.0,0.0,1.0,0.0,0.0
2024-10-05 03:39:35.955639,1.0,1.0,1.0,1.0,1.0,1.0,1.0,703186.0,0.04044423444177085,0.038055216156251626,0.046775284787538986,0.03167194378429309,0.03337224263981984,0.031641298451732976,-5.404682209094367e-05,0.00036879008014996856,-0.0004228369022409122,-0.0,0.0,0.0,0.0,1.0,0.0,0.0,4.891722675053687,3.113518593672107,13.99416345442897,198.0858036991588,118.7525778334263,316.27955086093914,674.1293847443196,288.4521009750021,3736.121271957495,0.0,0.0,0.0,0.0,1.0,0.0,0.0
2024-10-05 03:39:35.958639,1.0,1.0,1.0,1.0,1.0,1.0,1.0,703187.0,0.03926789767914727,0.03771144022072075,0.04677528478753899,0.031549183850304155,0.03360399710929144,0.031549183850304155,-5.404682209094367e-05,0.0003497147311766943,-0.0004546291505297026,-0.0,0.0,0.0,0.0,1.0,0.0,0.0,5.058005692314917,3.3397272312259325,14.958565918464892,219.95419788590934,134.95246375485587,354.23877553336047,811.6456206299524,367.1200558368296,4642.335524290201,0.0,0.0,0.0,0.0,1.0,0.0,0.0
2024-10-05 03:39:36.041435,1.0,1.0,1.0,1.0,1.0,1.0,1.0,703188.0,0.039729500910396995,0.03825999906698716,0.04694204212496726,0.03127121205432006,0.03377676944149575,0.0313331966781849,-6.994294623533886e-05,0.00034653550634781527,-0.00043555380155642836,-0.0,0.0,0.0,0.0,1.0,0.0,0.0,5.203262249951658,3.5673634319372467,15.854143945517585,239.08242394869407,150.3706341978719,388.6286691790637,940.8879848714182,451.5250526479903,5545.6743588929485,0.0,0.0,0.0,0.0,1.0,0.0,0.0
2024-10-05 03:39:36.044699,1.0,1.0,1.0,1.0,1.0,1.0,1.0,703189.0,0.040315225390783915,0.03819186010094626,0.04710820916537822,0.031022035078891817,0.034204882463775475,0.030896693010431804,-6.358449657758079e-05,0.0003560731808344524,-0.0004578083753585816,-0.0,0.0,0.0,0.0,1.0,0.0,0.0,5.331423746896147,3.7999685166958828,16.705071874410713,256.1126771082503,165.2404333619747,420.3288979226467,1062.8163610709967,542.288284004081,6452.161464508524,0.0,0.0,0.0,0.0,1.0,0.0,0.0
2024-10-05 03:39:36.126054,1.0,1.0,1.0,1.0,1.0,1.0,1.0,703190.0,0.04089256110871732,0.038463691717159486,0.04683093654403021,0.030896693010431804,0.03386282504451316,0.030990747087997286,-6.358449657758079e-05,0.00035925240566333144,-0.0004482707008719446,-0.0,0.0,0.0,0.0,1.0,0.0,0.0,5.443616687612261,4.033275068435656,17.51299861223759,271.3572170577313,179.81710333132744,449.89170493075744,1177.009987958652,639.2058354380604,7359.551724717197,0.0,0.0,0.0,0.0,1.0,0.0,0.0
2024-10-05 03:39:36.209672,1.0,1.0,1.0,1.0,1.0,1.0,1.0,703191.0,0.04089256110871732,0.03832801689680105,0.04710820916537822,0.030802351742838057,0.033690494027434716,0.03073929670896773,-4.76883724331856e-05,0.00034653550634781527,-0.00044509147604306553,-0.0,0.0,0.0,0.0,1.0,0.0,0.0,5.5376821356505905,4.273546286137549,18.277343894351368,285.12003617384033,194.1961502371602,477.71863839700285,1282.4567563789992,743.7939617855828,8264.141193274892,0.0,0.0,0.0,0.0,1.0,0.0,0.0
2024-10-05 03:39:36.212672,1.0,1.0,1.0,1.0,1.0,1.0,1.0,703192.0,0.04044423444177086,0.03839591423416136,0.04683093654403021,0.030581090322992784,0.033748035476753,0.030833830904597324,-1.271689931551616e-05,0.0003401770566900572,-0.0004355538015564284,-0.0,0.0,0.0,0.0,1.0,0.0,0.0,5.606220623070298,4.440760467118294,18.80177044764371,295.7302655326535,206.77400304660097,500.50372289063563,1338.119029542156,824.4874282845018,8981.971682911693,0.0,0.0,0.0,0.0,1.0,0.0,0.0
2024-10-05 03:39:36.294429,1.0,1.0,1.0,1.0,1.0,1.0,1.0,703193.0,0.04095620715673985,0.03825999906698716,0.04738385931883414,0.030517578125,0.03377676944149575,0.031146872746571578,-3.179224828879043e-06,0.0003401770566900572,-0.00045144992570082354,-0.0,0.0,0.0,0.0,1.0,0.0,0.0,4.296725966886013,3.9096230723436554,17.0341322219337,279.0422351504156,201.70866971164344,478.25194357368844,1108.316911112537,762.4968447126147,8099.500571749368,0.0,0.0,0.0,0.0,1.0,0.0,0.0
2024-10-05 03:39:36.297430,1.0,1.0,1.0,1.0,1.0,1.0,1.0,703194.0,0.04076497090344803,0.038123599349151736,0.04638385292864447,0.03010148260279399,0.03351727697218139,0.03130221970899244,-4.132992277542752e-05,0.00034653550634781527,-0.00044509147604306553,-0.0,0.0,0.0,0.0,1.0,0.0,0.0,4.256053007336723,3.983698027322313,16.327321162012375,260.8261360098475,202.36589243270788,453.2814816170547,971.8246227789386,773.6272703454569,7321.687412680529,0.0,0.0,0.0,0.0,1.0,0.0,0.0
2024-10-05 03:39:36.379993,1.0,1.0,1.0,1.0,1.0,1.0,1.0,703195.0,0.04095620715673985,0.037780445658522906,0.04598908955455483,0.02977745290061739,0.03397722680635423,0.03139505892336215,-3.497147311766943e-05,0.00034653550634781527,-0.0004260161270697913,-0.0,0.0,0.0,0.0,1.0,0.0,0.0,4.164852371910892,3.9718284615555777,15.598384642223898,241.99816966987567,202.35705609257687,426.59695119435605,840.6759096402956,765.448462637347,6536.762291978905,0.0,0.0,0.0,0.0,1.0,0.0,0.0
2024-10-05 03:39:36.463041,1.0,1.0,1.0,1.0,1.0,1.0,1.0,703196.0,0.04152463197171362,0.037084613626145846,0.04581886408620406,0.03026219641244205,0.03423323297213509,0.03127121205432006,-5.0867597262064634e-05,0.0003656108553210895,-0.0004387330263853075,-0.0,0.0,0.0,0.0,1.0,0.0,0.0,4.087609237530183,3.962850413031626,14.8260098915032,222.41798862233682,202.1505218829498,397.9944747327061,719.3662253594117,760.4067267041746,5753.94855577032,0.0,0.0,0.0,0.0,1.0,0.0,0.0
2024-10-05 03:39:36.466541,1.0,1.0,1.0,1.0,1.0,1.0,1.0,703197.0,0.04282162331969714,0.03764230828317236,0.04627140705916456,0.03039015553037446,0.03437463478414554,0.03157991857152382,-2.8613023459911357e-05,0.0003910446539521218,-0.0004419122512141865,-0.0,0.0,0.0,0.0,1.0,0.0,0.0,4.041011223594879,3.943513122726463,14.0169701868905,201.9424313371707,201.40046405633544,366.89040939040063,608.3132773337874,747.207579393177,4964.3869977451695,0.0,0.0,0.0,0.0,1.0,0.0,0.0
2024-10-05 03:39:36.549116,1.0,1.0,1.0,1.0,1.0,1.0,1.0,703198.0,0.04220897910845451,0.03757304914762413,0.04610222401715648,0.030612797008878905,0.03380547898296581,0.031641298451732976,-3.8150697946548475e-05,0.000403761553267638,-0.0004705252746740978,-0.0,0.0,0.0,0.0,1.0,0.0,0.0,4.016683475989544,3.908665418375355,13.15309281527502,180.40453139272697,199.86799055510875,332.4668554684221,508.9633079724806,730.6992992969781,4170.203750786833,0.0,0.0,0.0,0.0,1.0,0.0,0.0
2024-10-05 03:39:36.552116,1.0,1.0,1.0,1.0,1.0,1.0,1.0,703199.0,0.041587310697157,0.03722482060496381,0.04632766410980066,0.030896693010431804,0.03337224263981984,0.03179422973639322,-5.722604691982271e-05,0.0003942238787810009,-0.0004578083753585817,-0.0,0.0,0.0,0.0,1.0,0.0,0.0,4.060833795861145,3.8815371879725045,12.220383375442482,157.00792163004732,197.33410046794268,293.80413596598345,419.3718036387919,709.8928352863483,3368.8257776796495,0.0,0.0,0.0,0.0,1.0,0.0,0.0
2024-10-05 03:39:36.632744,1.0,1.0,1.0,1.0,1.0,1.0,1.0,703200.0,0.04189929789626443,0.037084613626145846,0.04688652224495428,0.03064447088906264,0.033284918697807614,0.032097906445255474,-3.497147311766944e-05,0.0003910446539521219,-0.00048642139881849305,-0.0,0.0,0.0,0.0,1.0,0.0,0.0,4.26831143299199,3.9116770007184654,11.154905133021487,129.41017600409884,190.09840765357913,248.76777549035413,325.2091177747804,679.5334875288919,2556.1984605731795,0.0,0.0,0.0,0.0,1.0,0.0,0.0
2024-10-05 03:39:36.636245,1.0,1.0,1.0,1.0,1.0,1.0,1.0,703201.0,0.042023444236177564,0.03757304914762413,0.046607930817067524,0.030453933471522428,0.033459338679991214,0.03257790177388484,-4.132992277542751e-05,0.00041329922775427513,-0.0004959590733051301,-0.0,0.0,0.0,0.0,1.0,0.0,0.0,4.643525203484749,3.9418849186494875,9.904978036502882,95.55271045511032,179.96962263887434,192.94225441536773,233.9486017768438,635.1054538279071,1730.28659825955,0.0,0.0,0.0,0.0,1.0,0.0,0.0
2024-10-05 03:39:36.718856,1.0,1.0,1.0,1.0,1.0,1.0,1.0,703202.0,0.04263875434188018,0.03757304914762413,0.04677528478753899,0.030294236862297798,0.03337224263981984,0.03248844283583844,-7.312217106421791e-05,0.00040694077809651707,-0.0005054967477917672,-0.0,0.0,0.0,0.0,1.0,0.0,0.0,5.394898860710842,4.067919286863337,8.784997576639025,58.17625318727812,171.09487442400572,125.09162214684446,234.74525361028586,623.0463526101502,1057.778195138884,0.0,0.0,0.0,0.0,1.0,0.0,0.0
2024-10-05 03:39:36.801813,1.0,1.0,1.0,1.0,1.0,1.0,1.0,703203.0,0.04220897910845451,0.038123599349151736,0.04587567609077438,0.03016587087444806,0.03325575976212062,0.03245856839932655,-6.358449657758079e-05,0.000403761553267638,-0.0004991382981340092,-0.0,0.0,0.0,0.0,1.0,0.0,0.0,6.853429186581387,4.25786657351871,8.392152969941325,73.42133350056831,175.4880565397805,115.4651563104645,452.38865123774036,683.0721222801469,937.0456190226743,0.0,0.0,0.0,0.0,1.0,0.0,0.0
2024-10-05 03:39:36.805313,1.0,1.0,1.0,1.0,1.0,1.0,1.0,703204.0,0.04276075388833108,0.03913501101148131,0.046607930817067524,0.030453933471522428,0.033226575237181734,0.032308781866774994,-6.676372140645982e-05,0.0004164784525831542,-0.0004959590733051301,-0.0,0.0,0.0,0.0,1.0,0.0,0.0,8.622186038729977,4.136289706980864,8.276027716096042,94.52832401823882,168.9177147658688,109.84199394477606,764.6469510856916,607.5774035968986,876.5360743641567,0.0,0.0,0.0,0.0,1.0,0.0,0.0
2024-10-05 03:39:36.887233,1.0,1.0,1.0,1.0,1.0,1.0,1.0,703205.0,0.042393702000235525,0.038666311337125336,0.04705288535396545,0.03073929670896773,0.03242866644143693,0.03185519667586617,-3.179224828879039e-05,0.0003815069794654848,-0.0004673460498452188,-0.0,0.0,0.0,0.0,1.0,0.0,0.0,9.345494806104075,6.2322619732368505,9.210858331054796,108.63171762459537,158.40644817222892,115.54976174843522,954.4350230394076,563.8116360598469,1031.983738720806,0.0,0.0,0.0,0.0,1.0,0.0,0.0
2024-10-05 03:39:36.890236,1.0,1.0,1.0,1.0,1.0,1.0,1.0,703206.0,0.04263875434188018,0.03859888964444313,0.04732885772244516,0.03039015553037446,0.03173314566510837,0.03170255949350469,-4.4509147604306555e-05,0.00036243163049221044,-0.0004609876001874607,-0.0,0.0,0.0,0.0,1.0,0.0,0.0,10.097662713604885,11.206525756927311,9.43733152552557,109.23539379699172,153.81157904172767,124.1121613349856,927.2901200029407,941.9667875148117,1112.9991115026164,797.343500016684,1495.6087959526135,0.2630376942631877,5.090949974883753,0.03227748609484455,0.0,50966.27799980123
2024-10-05 03:39:36.972736,1.0,1.0,1.0,1.0,1.0,1.0,1.0,703207.0,0.04183708658073959,0.03832801689680105,0.046775284787538986,0.030453933471522428,0.03139505892336215,0.03167194378429309,-6.676372140645981e-05,0.00036243163049221044,-0.00044509147604306553,-0.0,0.0,0.0,0.0,1.0,0.0,0.0,14.288857585474767,13.219952799978756,11.66302926513249,117.96389198563215,154.09867318548729,120.10645729416956,1390.0708054834406,1301.7040214341775,970.6898975102616,1018.9431793111224,770.0839788445064,0.6471362776934726,12.635233156815088,0.02375793226662635,0.00027853669536801265,24183.51361902423
2024-10-05 03:39:37.056598,1.0,1.0,1.0,1.0,1.0,1.0,1.0,703208.0,0.042577623479846755,0.0378493252884673,0.04688652224495428,0.030928076150071922,0.03179422973639322,0.03179422973639322,-3.1792248288790396e-05,0.00036243163049221044,-0.00043237457672754936,-0.0,0.0,0.0,0.0,1.0,0.0,0.0,15.53572267168604,15.61276618871004,18.38758848563067,129.48246260328773,143.6706202525127,127.161685485343,1663.7860616331304,1334.6218193962593,1657.4055435719747,1338.17728162251,598.5042454747962,1.0877837160185715,21.35097928348445,0.018601815366763193,0.00074920717201727,16534.958568062873
2024-10-05 03:39:37.059593,1.0,1.0,1.0,1.0,1.0,1.0,1.0,703209.0,0.04306424069081518,0.037918079796158174,0.046496026860123614,0.030928076150071922,0.03182472780550264,0.03167194378429309,-3.815069794654846e-05,0.0003497147311766943,-0.000403761553267638,-0.0,0.0,0.0,0.0,1.0,0.0,0.0,20.14296938630351,19.65632918271558,19.359990550087847,130.92686663533743,143.53033339907884,129.85474538989803,1954.6404435936522,1961.9641389924573,1779.5663579725158,1674.97470094208,498.53879197132994,1.6300003992412102,32.083421491196425,0.015846207579711533,0.0014564683746676446,11104.28323917578
2024-10-05 03:39:37.140890,1.0,1.0,1.0,1.0,1.0,1.0,1.0,703210.0,0.042882406350036345,0.03839591423416136,0.04643997376336176,0.03086527796111811,0.03182472780550264,0.03130221970899244,-5.4046822090943663e-05,0.00035925240566333144,-0.00038786542912324284,-0.0,0.0,0.0,0.0,1.0,0.0,0.0,22.20071029630029,21.863409542003232,22.51038676395466,138.75676061306248,138.21109944755105,129.11895080518954,2311.4731837555482,1888.7274009050016,2030.2948560633477,1848.6945729148686,409.73375469587484,2.1839156192138374,43.085863857853724,0.01356390606877689,0.002406272306822998,7322.249676944533
2024-10-05 03:39:37.144390,1.0,1.0,1.0,1.0,1.0,1.0,1.0,703211.0,0.04318503823719134,0.03839591423416136,0.046775284787538986,0.031178004061435775,0.03142594437984583,0.030990747087997286,-6.358449657758077e-05,0.0003560731808344524,-0.0004005823284387589,-0.0,0.0,0.0,0.0,1.0,0.0,0.0,25.44722289034829,25.006899758026695,23.782536224702394,140.35608677636006,138.43536217065582,129.66016925167608,2445.465742408917,2263.494463706969,1920.8989234458738,1977.0528140717524,342.84447486316066,2.7853737288859532,55.06713705778992,0.011494642770707287,0.003620196750408056,3913.6306833144063
2024-10-05 03:39:37.226413,1.0,1.0,1.0,1.0,1.0,1.0,1.0,703212.0,0.04324531047620408,0.03798670986099516,0.047218662327942335,0.03130221970899244,0.0313331966781849,0.03105329154533826,-3.815069794654847e-05,0.00037832775463660567,-0.00039422387878100085,-0.0,0.0,0.0,0.0,1.0,0.0,0.0,26.397221412712547,27.140342576359565,28.527668609963165,144.9437902780904,133.36995545095007,131.18332905978542,2567.4503803935804,2194.078399851362,2317.6593370002447,2121.7261401160295,297.36414592338923,3.4410740564166042,68.13528955311615,0.009970601677932461,0.005122201355667861,1295.6028989167487
2024-10-05 03:39:37.309562,1.0,1.0,1.0,1.0,1.0,1.0,1.0,703213.0,0.043962132407454745,0.03757304914762413,0.047767097236448446,0.03148762440853117,0.03142594437984583,0.030928076150071922,-4.1329922775427505e-05,0.0003751485298077266,-0.0003815069794654847,-0.0,0.0,0.0,0.0,1.0,0.0,0.0,29.73475285456397,29.028736570763094,29.350874560599397,139.03741830901117,129.8377358783939,134.66605153298553,2589.3871274659678,2467.47262406176,2357.167130400862,2234.803415377046,262.4508292473496,4.102693575762405,81.31351950746384,0.009022755344903953,0.006914712719032398,0.0
2024-10-05 03:39:37.313062,1.0,1.0,1.0,1.0,1.0,1.0,1.0,703214.0,0.04384347596324186,0.03687330356631608,0.047493671422814646,0.03120910432259612,0.031146872746571578,0.030676112065162197,-2.225457380215327e-05,0.00035925240566333144,-0.00037196930497884756,-0.0,0.0,0.0,0.0,1.0,0.0,0.0,30.1236384859747,31.45773713687939,31.19679872219282,130.49659848007656,126.11056326302038,137.06247162460937,2399.067461565479,2517.024617415743,2614.3262894011123,2279.6523500812473,243.0607838433466,4.515306098216248,89.5622735127005,0.00823696594920021,0.008889063281801262,2561.4154721236373
2024-10-05 03:39:37.394834,1.0,1.0,1.0,1.0,1.0,1.0,1.0,703215.0,0.04390284427203976,0.037084613626145846,0.047218662327942335,0.031084516582433108,0.03148762440853117,0.030928076150071922,-5.0867597262064634e-05,0.00036243163049221044,-0.000406940778096517,-0.0,0.0,0.0,0.0,1.0,0.0,0.0,32.65641399055395,32.511220552780465,32.54110637056566,121.27175444528685,132.59801386581486,128.36968292256788,2491.8817667920875,2823.359220171345,2272.43093881248,2305.6133046632394,230.74164324628353,4.806744936975246,95.41834299167104,0.007453648542092091,0.010992507642862099,3773.7783632576775
2024-10-05 03:39:37.398334,1.0,1.0,1.0,1.0,1.0,1.0,1.0,703216.0,0.043962132407454745,0.03743414645719283,0.04716346808075751,0.03142594437984583,0.03170255949350469,0.031022035078891817,-2.8613023459911357e-05,0.00034653550634781527,-0.0003974031036098799,-0.0,0.0,0.0,0.0,1.0,0.0,0.0,33.11671089841845,33.472359639546255,35.32059201241233,125.00192549415628,125.43291052930714,119.89889625376887,2543.571203250042,2508.4189998172756,2597.016911306624,2333.005689725901,222.6933067487761,5.036772958583847,100.04145877638089,0.006889335701675034,0.013197866022999208,4330.493373756688
2024-10-05 03:39:37.480490,1.0,1.0,1.0,1.0,1.0,1.0,1.0,703217.0,0.044842048853109995,0.0373645014732293,0.04765791515713948,0.031178004061435775,0.032007105962223864,0.030802351742838057,-2.2254573802153277e-05,0.0003338186070322991,-0.0003910446539521218,-0.0,0.0,0.0,0.0,1.0,0.0,0.0,34.59256053722314,33.72214680491322,35.39916403334161,119.77416857497319,117.35675401708765,119.74292801268713,2463.9764479950513,2349.3494689124423,2654.1413243718166,2282.7466359196746,212.8435410924291,5.154207592525067,102.4161905223821,0.00647976741456784,0.015455574045181497,5526.534621978203
2024-10-05 03:39:37.483489,1.0,1.0,1.0,1.0,1.0,1.0,1.0,703218.0,0.04501596824740669,0.037503662109375,0.047548482371721275,0.03077084037730748,0.03170255949350469,0.03064447088906264,-4.450914760430655e-05,0.00032746015737454104,-0.0003910446539521218,-0.0,0.0,0.0,0.0,1.0,0.0,0.0,34.655151371554055,35.1668056723762,33.65743328726743,110.6092622207363,117.12992400422435,114.43195507444082,2228.017975418657,2457.2164349801105,2212.808204831623,2106.6444635325042,192.55857075705006,5.255062425096184,104.47196768968432,0.005987377135941908,0.01775860053291854,4927.872291372094
2024-10-05 03:39:37.564786,1.0,1.0,1.0,1.0,1.0,1.0,1.0,703219.0,0.04437493143949452,0.03757304914762413,0.04754848237172128,0.03073929670896773,0.03191604715477278,0.030833830904597324,-2.8613023459911357e-05,0.000324280932545662,-0.000406940778096517,-0.0,0.0,0.0,0.0,1.0,0.0,0.0,34.62724691267431,34.00055216468081,35.02533908185077,113.10536873524437,110.03617751241333,107.52121710115745,2335.156122325558,2028.0472851191453,1994.2937944542377,1936.8138100963995,174.85977836852206,5.3176718947497355,105.77166273509839,0.005470205490402014,0.02009027807587893,4742.663410541297
2024-10-05 03:39:37.648418,1.0,1.0,1.0,1.0,1.0,1.0,1.0,703220.0,0.044080469451694804,0.03729472643293347,0.04803896680377672,0.03095942747707764,0.03173314566510837,0.030990747087997286,3.1792248288790337e-06,0.0003338186070322991,-0.0004355538015564284,-0.0,0.0,0.0,0.0,1.0,0.0,0.0,34.04260976208045,34.98899526895919,35.501251118972576,108.60185851833113,110.03080455483392,112.63091729862091,1975.9415779750182,2286.253921694723,2216.871128440569,1975.774217123257,178.37975523993936,5.3176718947497355,105.77015289623388,0.0054844019178461045,0.022421922335280352,5806.695255193584
2024-10-05 03:39:37.651417,1.0,1.0,1.0,1.0,1.0,1.0,1.0,703221.0,0.04413951900188092,0.036731754853566174,0.04825535964135791,0.03064447088906264,0.03191604715477278,0.031084516582433108,6.35844965775807e-06,0.0003179224828879039,-0.00043555380155642836,-0.0,0.0,0.0,0.0,1.0,0.0,0.0,34.552502341753815,33.59049342549689,35.562804958677575,113.60455354908551,111.58476174203632,109.2987259134867,2328.2120614203095,2081.650222710351,2306.473093132541,2052.2726280660117,185.50477062775641,5.313076693034756,105.64558492708487,0.005796537196778595,0.02475082056300631,6097.071221449982
2024-10-05 03:39:37.733849,1.0,1.0,1.0,1.0,1.0,1.0,1.0,703222.0,0.0436051944382425,0.03722482060496381,0.04787603032486651,0.030581090322992784,0.03224867245309928,0.03086527796111811,-9.537674486637124e-06,0.0003179224828879039,-0.00041965767741203324,-0.0,0.0,0.0,0.0,1.0,0.0,0.0,34.363879675911974,34.50379764009822,33.05394204426128,111.11737664632147,112.65436315163778,114.35372977083483,2197.9356608677613,2365.317963866895,2215.7392671207713,2071.558189683994,188.7005267959013,5.273634116819857,104.83237054678972,0.006070878026645655,0.02706179193150443,6799.628378521702
2024-10-05 03:39:37.736850,1.0,1.0,1.0,1.0,1.0,1.0,1.0,703223.0,0.042943103346232976,0.0373645014732293,0.0479304040281651,0.030294236862297798,0.03251828982682399,0.03077084037730748,-9.537674486637124e-06,0.000321101707716783,-0.00043237457672754936,-0.0,0.0,0.0,0.0,1.0,0.0,0.0,33.65520349045334,33.71729944610901,34.570855523111,116.1198041958595,114.05110975469532,112.39324850575147,2437.752916928383,2251.9724770505613,2221.5802804434825,2111.821723219472,192.6173994114934,5.2674551243378955,104.69673057765353,0.006192477142236613,0.029369773192238484,6384.974887894879
2024-10-05 03:39:37.819215,1.0,1.0,1.0,1.0,1.0,1.0,1.0,703224.0,0.04306424069081518,0.0373645014732293,0.04732885772244516,0.030294236862297798,0.032637404840404415,0.031115710284795706,-1.907534897327424e-05,0.000321101707716783,-0.0004260161270697913,-0.0,0.0,0.0,0.0,1.0,0.0,0.0,33.666340102075175,33.97179049016694,35.15812527728122,114.50859274574785,115.80339498137434,116.9017802090437,2302.7902172002996,2501.604640958873,2462.03344918821,2224.62311757323,204.68407088302263,5.222886672598787,103.7871967713486,0.006419215298553496,0.031657704285509104,7515.363440621703
2024-10-05 03:39:37.902306,1.0,1.0,1.0,1.0,1.0,1.0,1.0,703225.0,0.043425625269995945,0.03743414645719283,0.04738385931883414,0.030230122003416366,0.03242866644143693,0.03105329154533826,-3.497147311766944e-05,0.0003369978318611782,-0.000400582328438759,-0.0,0.0,0.0,0.0,1.0,0.0,0.0,33.90729386206824,33.363810895305704,34.61595541681245,118.45419948229014,116.51287522133616,115.8715426105458,2529.3260285759534,2384.606617259184,2600.394598429613,2304.023291915449,213.31475922597977,5.1923209811932205,103.14242593558271,0.006779181129514074,0.033931421763911285,7678.269967164677
2024-10-05 03:39:37.905309,1.0,1.0,1.0,1.0,1.0,1.0,1.0,703226.0,0.04282162331969714,0.03715478325109878,0.04749367142281466,0.030230122003416366,0.03221857569203676,0.030990747087997286,-3.815069794654847e-05,0.0003433562815189362,-0.000403761553267638,-0.0,0.0,0.0,0.0,1.0,0.0,0.0,33.90834497865064,33.768706495718625,32.70060704833578,117.02120686939072,118.21987025479116,118.40984458220004,2520.264185744652,2571.9371419124373,2412.7732890767097,2299.7512491146153,214.18932556168306,5.162599725267234,102.53081797195675,0.006984625690214503,0.03619165668453753,7689.176675217788
2024-10-05 03:39:37.987311,1.0,1.0,1.0,1.0,1.0,1.0,1.0,703227.0,0.0419614169784043,0.03701431097784901,0.047218662327942335,0.0303262434606198,0.03224867245309928,0.03167194378429309,-5.0867597262064634e-05,0.00033699783186117815,-0.00040694077809651707,-0.0,0.0,0.0,0.0,1.0,0.0,0.0,33.17123518831359,33.5194593775926,34.158947604551514,120.02674980213374,118.48316628980163,118.00031350673082,2595.1366196886734,2522.286677372294,2457.7200967022,2320.3146774272686,216.7171131177263,5.147998047087756,102.2409938362234,0.006982977644469371,0.03844550259310495,7564.753094084178
2024-10-05 03:39:37.991311,1.0,1.0,1.0,1.0,1.0,1.0,1.0,703228.0,0.04127296521748623,0.03687330356631608,0.046775284787538986,0.03013369393635788,0.03218845078999174,0.03167194378429309,-6.040527174870174e-05,0.0003306393822034201,-0.0003942238787810009,-0.0,0.0,0.0,0.0,1.0,0.0,0.0,33.3769141417072,33.46827691477378,35.02551932161199,119.1555473217544,119.86849662586499,119.86617211515043,2531.4331657612984,2638.76392356088,2656.863477699003,2400.6230004538143,225.29173382760837,5.1239585212433765,101.75367125933165,0.007079479298359193,0.04068860574619955,8050.87723815907
2024-10-05 03:39:38.073005,1.0,1.0,1.0,1.0,1.0,1.0,1.0,703229.0,0.04245509769062346,0.036447008273383014,0.04727379213344164,0.0300692367632191,0.031763702384431956,0.03148762440853117,-5.0867597262064634e-05,0.0003274601573745411,-0.0003942238787810009,-0.0,0.0,0.0,0.0,1.0,0.0,0.0,33.68856091604695,33.21515987819494,34.12692989157215,120.96559001828136,119.59908639313528,119.65097161696082,2643.620522004336,2558.8986640391227,2738.272033079356,2437.4586465834523,229.53007071738259,5.1077327856055215,101.40725987842225,0.0073163168969455385,0.04292407245285277,8123.064557242686
2024-10-05 03:39:38.076505,1.0,1.0,1.0,1.0,1.0,1.0,1.0,703230.0,0.04306424069081518,0.036447008273383014,0.04732885772244516,0.029810014367864183,0.03191604715477278,0.03145679951185349,-9.537674486637117e-05,0.000321101707716783,-0.0003910446539521218,-0.0,0.0,0.0,0.0,1.0,0.0,0.0,33.66941129357886,33.50037849520821,32.57125167464154,120.03878830887314,120.82045853677687,120.43740054770446,2662.492391061401,2662.170484292511,2503.3582347147926,2400.322758215659,225.62374405755753,5.117439504658441,101.59123107766676,0.007401738846276998,0.045163594702387115,7721.206014027937
2024-10-05 03:39:38.158072,1.0,1.0,1.0,1.0,1.0,1.0,1.0,703231.0,0.042577623479846755,0.0361600194902826,0.04710820916537822,0.02977745290061739,0.03188563643118791,0.031115710284795706,-9.537674486637117e-05,0.0003083848084012668,-0.0003910446539521218,-0.0,0.0,0.0,0.0,1.0,0.0,0.0,33.0108688659957,33.40756922317513,34.015911373506064,121.73134330112374,120.58368175663637,120.45010433324761,2662.3105431922886,2632.8410968170733,2548.0063164332396,2403.737225355052,226.15709855757692,5.112150595104382,101.49581784058574,0.007308020837819743,0.04740101362011736,7742.668731714039
2024-10-05 03:39:38.241941,1.0,1.0,1.0,1.0,1.0,1.0,1.0,703232.0,0.04336560364453033,0.036589658557456724,0.0479847161181428,0.029712222914499722,0.03142594437984583,0.03145679951185349,-9.855596969525021e-05,0.0003083848084012668,-0.00042283690224091225,-0.0,0.0,0.0,0.0,1.0,0.0,0.0,33.23539561305795,33.28647727644879,34.950771593189494,121.13011913664211,121.83929843385123,121.59406433624446,2620.508725888742,2710.0499669320243,2749.5042057236824,2479.5165523596806,233.34619167102028,5.111234065202243,101.4700037639981,0.007382537469617147,0.04963786348087038,8034.479377179134
2024-10-05 03:39:38.244941,1.0,1.0,1.0,1.0,1.0,1.0,1.0,703233.0,0.0434855640497593,0.036231979799249525,0.047984716118142805,0.029810014367864183,0.031022035078891817,0.03139505892336215,-7.948062072197598e-05,0.00027977178494135546,-0.00041329922775427513,-0.0,0.0,0.0,0.0,1.0,0.0,0.0,33.58951754774739,33.123662782076266,33.90002971304547,122.87127420710405,121.74820566862059,121.67653468955363,2728.785020845403,2653.847173237935,2810.8873982742634,2515.8806729283956,237.0338225216851,5.106777689359836,101.35638224100768,0.007628798369395129,0.05187220861827215,8183.870246623726
2024-10-05 03:39:38.326927,1.0,1.0,1.0,1.0,1.0,1.0,1.0,703234.0,0.0434855640497593,0.03637547335010834,0.04900521036599379,0.029548517961177193,0.031084516582433108,0.030990747087997286,-7.630139589309694e-05,0.00030202635874350875,-0.00043237457672754936,-0.0,0.0,0.0,0.0,1.0,0.0,0.0,33.52482484448361,33.35572185058587,32.499152214532444,122.31101608776099,123.04106940394588,122.58844886430298,2761.89662350568,2747.743000668024,2585.3796387605103,2482.9108572676473,233.72777964499895,5.111651612590259,101.44302148188493,0.007727549036933807,0.05410846366960615,8049.909022540874
2024-10-05 03:39:38.330427,1.0,1.0,1.0,1.0,1.0,1.0,1.0,703235.0,0.04306424069081518,0.03701431097784902,0.049111397295195355,0.029744855788601574,0.031146872746571578,0.03064447088906264,-5.72260469198227e-05,0.00030202635874350875,-0.00042919535189867036,-0.0,0.0,0.0,0.0,1.0,0.0,0.0,32.91313623698188,33.31743269973821,33.88847807804604,124.1639351791249,123.15874293120673,122.86229556343247,2763.606177435546,2746.7066700163564,2643.547975647957,2500.022583144574,235.36077223538376,5.110847806060754,101.43345847392904,0.007665045771436409,0.05634450790974254,8116.152696113103
2024-10-05 03:39:38.411597,1.0,1.0,1.0,1.0,1.0,1.0,1.0,703236.0,0.043545420325923206,0.03687330356631608,0.048685259978782675,0.029515668014433095,0.03139505892336215,0.0303262434606198,-7.948062072197598e-05,0.0003179224828879039,-0.000403761553267638,-0.0,0.0,0.0,0.0,1.0,0.0,0.0,33.11498765772191,33.14125134653964,34.89296922930497,123.94685429923949,124.36424226727951,124.274235703914,2735.9701298769905,2810.9610378631664,2872.872293258323,2584.804778658708,243.61096772104847,5.105718162044949,101.32165919282001,0.007762904481996284,0.058578087596837594,8450.525359270094
2024-10-05 03:39:38.495121,1.0,1.0,1.0,1.0,1.0,1.0,1.0,703237.0,0.04437493143949452,0.03715478325109878,0.048898792845469,0.02977745290061739,0.031084516582433108,0.02961410853680346,-6.040527174870175e-05,0.00032746015737454104,-0.000400582328438759,-0.0,0.0,0.0,0.0,1.0,0.0,0.0,33.521035129823495,33.0485714252774,33.72569011628342,125.34493084718015,124.57950577114869,124.40718503118838,2838.7846295263275,2779.623617216192,2913.93926509423,2620.7588516788974,247.5364908788569,5.0959409966252665,101.1018757878407,0.00801563582864923,0.060806822280871774,8609.17955689589
2024-10-05 03:39:38.498621,1.0,1.0,1.0,1.0,1.0,1.0,1.0,703238.0,0.044492170564393176,0.03729472643293347,0.049900597229097794,0.029679554160349852,0.03148762440853117,0.029051868842559465,-5.086759726206463e-05,0.0003338186070322991,-0.0003910446539521218,-0.0,0.0,0.0,0.0,1.0,0.0,0.0,33.408020516407646,33.26617720485911,32.45629574735796,125.09795878015603,125.46844163306166,125.10020455546024,2875.804498850251,2847.5447530881706,2700.1425321013044,2584.5540847033712,243.73315517238277,5.104408648992814,101.26104295772886,0.008102114064580683,0.06303906571673994,8455.353676307897
2024-10-05 03:39:38.580822,1.0,1.0,1.0,1.0,1.0,1.0,1.0,703239.0,0.04425738174574523,0.037918079796158174,0.04974375892424916,0.029317795383615314,0.03173314566510837,0.029018456676423974,-7.948062072197598e-05,0.00033699783186117815,-0.0003815069794654848,-0.0,0.0,0.0,0.0,1.0,0.0,0.0,32.86082538632065,33.26777847828563,33.828176702472255,126.29142358565717,125.62941982065207,125.33207000592715,2858.0602911593337,2859.0254472933407,2742.907519734756,2594.8136104319096,244.87574982884843,5.1002182252776995,101.18864267883023,0.007996930628192357,0.06526971312868216,8501.521504775492
2024-10-05 03:39:38.584322,1.0,1.0,1.0,1.0,1.0,1.0,1.0,703240.0,0.043962132407454745,0.03764230828317236,0.048685259978782675,0.029482781466042968,0.0316106234096681,0.02871599779926609,-8.90182952086131e-05,0.0003401770566900572,-0.00033699783186117815,-0.0,0.0,0.0,0.0,1.0,0.0,0.0,33.0709642216805,33.092348719026724,34.86724113010166,126.1962773518921,126.41833003466799,126.20214095318043,2833.733935746618,2894.525446029446,2969.829923705754,2671.0742479300493,252.18820855344413,5.098173927642057,101.14223952705778,0.008054246848372746,0.06749933760892307,8797.719434333292
2024-10-05 03:39:38.666191,1.0,1.0,1.0,1.0,1.0,1.0,1.0,703241.0,0.04425738174574523,0.038463691717159486,0.04841701959046651,0.029515668014433095,0.031364143052817484,0.02881717015424661,-9.219752003749214e-05,0.0003656108553210895,-0.0003401770566900572,-0.0,0.0,0.0,0.0,1.0,0.0,0.0,33.49971935390429,33.026104918426256,33.650807239158766,127.24100592655945,126.52064946236645,126.36712345613073,2924.033371450089,2866.502740716157,2993.0859392621965,2698.4583183809405,254.9608406762487,5.095620714898605,101.06798650929733,0.008285818705126667,0.06972732522263914,8909.852149543436
2024-10-05 03:39:38.748168,1.0,1.0,1.0,1.0,1.0,1.0,1.0,703242.0,0.04372449751876115,0.03764230828317236,0.04825535964135791,0.029679554160349852,0.03142594437984583,0.028749761476771198,-7.630139589309694e-05,0.0003433562815189362,-0.00032746015737454104,-0.0,0.0,0.0,0.0,1.0,0.0,0.0,33.38303697455421,33.23878819322368,32.446074541969736,127.06814788467807,127.22683572440305,126.82100341907926,2959.9173651298684,2921.75969577799,2771.3290925884007,2655.3497287803807,250.7616979120298,5.098495014745113,101.11880047678858,0.008346578898795243,0.07195643300203856,8739.888266805156
2024-10-05 03:39:38.751667,1.0,1.0,1.0,1.0,1.0,1.0,1.0,703243.0,0.04372449751876115,0.03798670986099515,0.04782159479808185,0.029515668014433095,0.03145679951185349,0.028749761476771198,-7.630139589309696e-05,0.00037196930497884756,-0.0003179224828879039,-0.0,0.0,0.0,0.0,1.0,0.0,0.0,32.843908067759784,33.25563965242908,33.85877325016101,127.7121625477605,127.15723187366724,126.98674357380467,2917.373335220047,2928.5089315653145,2814.462711050593,2656.7184380285375,250.85310241352002,5.098495014745113,101.13405839851364,0.008196947275336302,0.07418587713384579,8743.622367041307
2024-10-05 03:39:38.834167,1.0,1.0,1.0,1.0,1.0,1.0,1.0,703244.0,0.04330549882888886,0.03798670986099516,0.04749367142281466,0.029317795383615314,0.03145679951185349,0.02891798855021124,-8.265984555085502e-05,0.0003815069794654847,-0.0003083848084012668,-0.0,0.0,0.0,0.0,1.0,0.0,0.0,33.08941760627361,33.1044207019047,34.85100143904662,127.53196897495552,127.59655760775598,127.2290311492918,2887.8842399551527,2942.731026692503,3024.829790421682,2719.7379019676264,257.0414393060619,5.093821622560098,101.04045453086292,0.008205802855724057,0.07641325782039282,8994.033770348062
2024-10-05 03:39:38.837667,1.0,1.0,1.0,1.0,1.0,1.0,1.0,703245.0,0.043425625269995945,0.0373645014732293,0.047273792133441635,0.029251540394105244,0.0313331966781849,0.02918513499541173,-6.040527174870175e-05,0.0003910446539521218,-0.00033699783186117815,-0.0,0.0,0.0,0.0,1.0,0.0,0.0,33.5037484487019,33.04332565344643,33.67365359355116,127.85540663127333,127.21507961288947,127.25798526071812,2950.70790274405,2896.6181378727047,3028.5892506790833,2726.8673978998913,257.74196473563666,5.094136523870763,101.02997995930828,0.008369922106632384,0.07864040760082913,9022.370656012592
2024-10-05 03:39:38.919026,1.0,1.0,1.0,1.0,1.0,1.0,1.0,703246.0,0.0436051944382425,0.037711440220720746,0.04782159479808185,0.029018456676423974,0.03148762440853117,0.029548517961177193,-5.722604691982271e-05,0.00038786542912324284,-0.0003656108553210895,-0.0,0.0,0.0,0.0,1.0,0.0,0.0,33.427049170161034,33.29374316392445,32.44125377221391,127.41718750547096,127.64915359640972,126.91670685739199,2977.3521187520237,2939.2616365829444,2772.9665727533616,2666.574818926097,251.75599356410996,5.099931890218527,101.14521387513037,0.008367013007340444,0.08087009764892089,8780.21892870318
2024-10-05 03:39:38.922590,1.0,1.0,1.0,1.0,1.0,1.0,1.0,703247.0,0.043124681760125134,0.03701431097784901,0.047493671422814646,0.028682194376366547,0.03145679951185349,0.029548517961177193,-6.994294623533886e-05,0.0003815069794654848,-0.00036243163049221044,-0.0,0.0,0.0,0.0,1.0,0.0,0.0,32.845439456233464,33.28231320630012,33.95893873660745,127.84845934766312,127.02999713009666,127.10136703207439,2916.9330116140227,2921.50371532255,2827.084230610231,2658.250262316267,250.72428228822952,5.1039679982959925,101.2443626189986,0.008179884231249306,0.0831019733759886,8738.630653286264
2024-10-05 03:39:39.003957,1.0,1.0,1.0,1.0,1.0,1.0,1.0,703248.0,0.04330549882888885,0.03715478325109878,0.046607930817067524,0.028951516664139216,0.031178004061435775,0.030230122003416366,-6.994294623533885e-05,0.0003783277546366057,-0.00037196930497884756,-0.0,0.0,0.0,0.0,1.0,0.0,0.0,33.16851229784106,33.14074122161431,34.84238955870391,127.39272141896818,127.76937108928766,127.18121783914292,2889.588592452419,2951.4811219281883,3013.822555554046,2719.5159348213238,256.2435935883553,5.109167749079795,101.34678438969401,0.008186955615741516,0.0853361069340903,8962.360972171313
2024-10-05 03:39:39.087830,1.0,1.0,1.0,1.0,1.0,1.0,1.0,703249.0,0.042943103346232976,0.03798670986099516,0.04632766410980066,0.02921835655994684,0.030990747087997286,0.030294236862297798,-5.72260469198227e-05,0.00039740310360987996,-0.0003656108553210895,-0.0,0.0,0.0,0.0,1.0,0.0,0.0,33.50604326176607,33.06505111811453,33.69636946969991,128.11041752822533,127.15487976313668,127.35117810866394,2957.6217737324255,2890.8917222931223,3035.172098608329,2729.1529336801955,257.08064210405644,5.111518375022959,101.37476932389312,0.008369315277695903,0.08757085740451924,8996.305609316583
2024-10-05 03:39:39.091330,1.0,1.0,1.0,1.0,1.0,1.0,1.0,703250.0,0.04245509769062346,0.03859888964444313,0.046496026860123614,0.029515668014433095,0.031022035078891817,0.030453933471522428,-2.5433798631032317e-05,0.00038786542912324284,-0.0003751485298077266,-0.0,0.0,0.0,0.0,1.0,0.0,0.0,33.45622544987711,33.30908579299471,32.434427681126266,127.53602370126701,128.00587412547372,127.16615512315248,2985.121374613281,2955.39726719247,2768.683727028042,2672.386199038013,251.77770993542111,5.110672509020885,101.35690094326937,0.008380005132753473,0.0898052139764242,8781.533384679045
2024-10-05 03:39:39.172490,1.0,1.0,1.0,1.0,1.0,1.0,1.0,703251.0,0.04214722489965789,0.03839591423416136,0.04688652224495428,0.029548517961177193,0.03095942747707764,0.030517578125,-2.5433798631032314e-05,0.0003815069794654848,-0.0003656108553210895,-0.0,0.0,0.0,0.0,1.0,0.0,0.0,32.827718778595134,33.288949472969826,34.03032576729507,128.21696107998537,127.26219445826605,127.44719285654016,2926.007273046301,2928.9450269431945,2848.5601419051345,2669.8905188651834,251.4947879842352,5.110753388240255,101.37616218548803,0.00820725943505091,0.09203999515171318,8770.113030030985
2024-10-05 03:39:39.175989,1.0,1.0,1.0,1.0,1.0,1.0,1.0,703252.0,0.04245509769062346,0.03893483061427055,0.046607930817067524,0.02958133142821319,0.03095942747707764,0.030422061214259163,-3.497147311766943e-05,0.00041012000292539613,-0.0003528939560055733,-0.0,0.0,0.0,0.0,1.0,0.0,0.0,33.20145375863151,33.15000943427322,34.818956497234225,127.66745675217773,128.08433762362068,127.34442275873856,2901.0274914535776,2961.865905748656,3022.6811467299112,2728.940253325498,256.8029157498972,5.115844513585222,101.47649518330111,0.00821364963469527,0.0942769881121984,8985.270768328017
2024-10-05 03:39:39.258359,1.0,1.0,1.0,1.0,1.0,1.0,1.0,703253.0,0.04220897910845451,0.0387336156723732,0.04683093654403021,0.02964684940754005,0.031115710284795706,0.030676112065162197,-5.4046822090943663e-05,0.0003910446539521219,-0.0003528939560055733,-0.0,0.0,0.0,0.0,1.0,0.0,0.0,33.49682585790849,33.08441095862505,33.67938471380224,128.19974914216502,127.17020914856009,127.54813416272191,2956.9521681597626,2890.3410538615694,3038.748703802632,2729.677581258375,257.17607554135316,5.110621105852825,101.35663183830074,0.008372664114892885,0.09651133875183382,9000.131826027018
2024-10-05 03:39:39.341482,1.0,1.0,1.0,1.0,1.0,1.0,1.0,703254.0,0.04330549882888886,0.03839591423416136,0.04683093654403022,0.030004641120915988,0.031084516582433108,0.03105329154533826,-3.179224828879039e-05,0.0003497147311766943,-0.0003878654291232428,-0.0,0.0,0.0,0.0,1.0,0.0,0.0,33.48506687643421,33.32583862130334,32.44212846727559,127.52510717472606,128.02289193261154,127.03063440746696,2984.754691642185,2953.823365438983,2756.011227858136,2667.679611298115,251.13486516526075,5.1146041398228865,101.43738419852632,0.008355471651037812,0.098747469532388,8755.659447666107
2024-10-05 03:39:39.344482,1.0,1.0,1.0,1.0,1.0,1.0,1.0,703255.0,0.04390284427203976,0.03853134997827472,0.047108209165378216,0.02958133142821319,0.03139505892336215,0.030990747087997286,-4.4509147604306555e-05,0.0003338186070322991,-0.00036879008014996856,-0.0,0.0,0.0,0.0,1.0,0.0,0.0,32.8091236319645,33.30169597210377,34.11749264957822,128.09177422333704,126.96798754003913,127.41100906976288,2911.5791352638303,2916.4849766570137,2854.415803813233,2663.3336768950917,250.80966377632626,5.111948144356941,101.40344197239263,0.008172235820393904,0.10098285207542386,8742.4163341648
2024-10-05 03:39:39.427368,1.0,1.0,1.0,1.0,1.0,1.0,1.0,703256.0,0.04413951900188092,0.03798670986099516,0.04666378216223113,0.029712222914499722,0.031084516582433108,0.03073929670896773,-4.132992277542751e-05,0.0003179224828879039,-0.0003687900801499686,-0.0,0.0,0.0,0.0,1.0,0.0,0.0,33.26345269286162,33.14011998975919,34.805823772749,127.47203377520741,128.0663981476035,127.17577187899163,2897.95736339001,2956.8291497389573,3009.7594324613588,2722.3443384936313,255.856921253046,5.122207899710532,101.60551205280458,0.008186371559161519,0.10322268914112125,8947.236038936526
2024-10-05 03:39:39.431368,1.0,1.0,1.0,1.0,1.0,1.0,1.0,703257.0,0.043664886724146465,0.03825999906698716,0.04699749641733918,0.029712222914499722,0.031549183850304155,0.03070772063827226,-2.861302345991135e-05,0.0002861302345991135,-0.0003751485298077266,-0.0,0.0,0.0,0.0,1.0,0.0,0.0,33.486343920008935,33.097822201695934,33.631400983514055,128.25442439414087,127.02728415620214,127.58087932875074,2954.956596386782,2884.176544940028,3035.482664100028,2725.999888389099,256.48500845513746,5.117468433440339,101.49279906493258,0.008369075598756113,0.10546004151161932,8972.433936354188
2024-10-05 03:39:39.511496,1.0,1.0,1.0,1.0,1.0,1.0,1.0,703258.0,0.04306424069081518,0.038666311337125336,0.04705288535396546,0.02964684940754005,0.03188563643118791,0.03073929670896773,-1.2716899315516153e-05,0.0002861302345991135,-0.0003687900801499686,-0.0,0.0,0.0,0.0,1.0,0.0,0.0,33.47789736235691,33.317985172089436,32.44502720299505,127.58948486363295,128.22083934025397,127.13960350803187,2988.0918683002146,2961.406764031215,2750.5912755251998,2669.1793125530676,251.24574098844082,5.115259949310606,101.44961978344357,0.00836300805087976,0.10769644201884546,8760.175876289059
2024-10-05 03:39:39.514996,1.0,1.0,1.0,1.0,1.0,1.0,1.0,703259.0,0.04318503823719134,0.037918079796158174,0.04688652224495428,0.029383900981372436,0.03170255949350469,0.030802351742838057,-9.537674486637114e-06,0.0002765925601124764,-0.00041647845258315413,-0.0,0.0,0.0,0.0,1.0,0.0,0.0,32.782410746431495,33.30823824931307,34.17432336286383,128.2747041752345,127.13780649672604,127.68823776462399,2910.718836642452,2924.170787444138,2871.296455197112,2670.5644639675006,251.62936794236634,5.109217398452804,101.34751887546035,0.008189405816330469,0.10993059176827782,8775.505473778805
2024-10-05 03:39:39.596525,1.0,1.0,1.0,1.0,1.0,1.0,1.0,703260.0,0.043664886724146465,0.03715478325109878,0.04754848237172128,0.029251540394105244,0.032368779656366614,0.030896693010431804,-1.2716899315516157e-05,0.00024797953665256506,-0.00044509147604306553,-0.0,0.0,0.0,0.0,1.0,0.0,0.0,33.29024758031122,33.119115481944284,34.784515742904325,127.6943709750235,128.25999363391315,127.3217967759902,2908.3681157959363,2961.670896649916,3020.4748207219936,2730.3983016962598,256.76150368173455,5.119407231202759,101.5470886624791,0.00821438814683318,0.11216914092279293,8983.738858228257
2024-10-05 03:39:39.680339,1.0,1.0,1.0,1.0,1.0,1.0,1.0,703261.0,0.04390284427203976,0.03722482060496381,0.04694204212496726,0.029284686626149053,0.032756086704177324,0.03120910432259612,-9.537674486637117e-06,0.00024480031182368605,-0.0004514499257008236,-0.0,0.0,0.0,0.0,1.0,0.0,0.0,33.46724741063079,33.11981395629235,33.56579268508023,128.23008377832286,127.10647705104951,127.7817753037317,2949.486418914422,2888.063958111311,3032.5588377434115,2724.339325486633,256.7241731250504,5.109618984712721,101.3364807137896,0.008375369895735375,0.11440304734208358,8981.796150922846
2024-10-05 03:39:39.683839,1.0,1.0,1.0,1.0,1.0,1.0,1.0,703262.0,0.04318503823719134,0.03701431097784901,0.046830936544030206,0.029416898073163358,0.032696799620819436,0.031022035078891817,0.0,0.00023208341250816988,-0.0004578083753585817,-0.0,0.0,0.0,0.0,1.0,0.0,0.0,33.48386658057449,33.306342077611106,32.46787076224667,127.59187531066647,128.22007354480672,127.03451697013226,2988.127918310637,2956.795118998887,2738.533204216485,2663.805482261227,250.85764838596842,5.1127550460908955,101.40200532013236,0.008342817072155584,0.11663839821491849,8744.357187956499
2024-10-05 03:39:39.765428,1.0,1.0,1.0,1.0,1.0,1.0,1.0,703263.0,0.044139519001880914,0.03729472643293347,0.04683093654403021,0.02958133142821319,0.03296275176192149,0.030581090322992784,-1.5896124144395195e-05,0.00025751721113920217,-0.0004609876001874607,-0.0,0.0,0.0,0.0,1.0,0.0,0.0,32.7722748017175,33.36639127278772,34.351329629695186,128.632856414002,127.02459123416158,128.93168794504498,2905.8361650463403,2937.278343647003,2937.936494753263,2693.758702743684,252.89308878000432,5.128022646249231,101.71689905169931,0.00822494294074828,0.11888069074512483,8606.406602029514
2024-10-05 03:39:39.768928,1.0,1.0,1.0,1.0,1.0,1.0,1.0,703264.0,0.04330549882888885,0.03722482060496381,0.046607930817067524,0.029317795383615314,0.03296275176192149,0.029875030834123562,-4.4509147604306555e-05,0.0002765925601124764,-0.00042283690224091225,-0.0,0.0,0.0,0.0,1.0,0.0,0.0,33.90187000411199,33.54350027149431,34.943484529196276,131.32682869067978,137.9512672254425,131.97368113980755,3183.3759071102854,3340.322073586557,3169.339428540102,2977.4898753192756,277.37417983989525,5.170768314865228,102.5075005762972,0.008778828074711446,0.12114041164671788,9265.487515373537
2024-10-05 03:39:39.851322,1.0,1.0,1.0,1.0,1.0,1.0,1.0,703265.0,0.04282162331969714,0.036873303566316074,0.046607930817067524,0.029939906113202793,0.03284481667269478,0.03016587087444806,-3.1792248288790396e-05,0.00027977178494135546,-0.00044509147604306553,-0.0,0.0,0.0,0.0,1.0,0.0,0.0,34.13352866143349,34.64612134490902,34.752790737733605,141.95001558349585,139.377921133935,145.60105752232116,3481.8724823567327,3523.4481116531415,3787.2670080015555,3313.7395531187735,304.0057191821547,5.254958804361757,104.08975819602405,0.009604432011657817,0.12343501253850578,9790.77309078216
2024-10-05 03:39:39.934330,1.0,1.0,1.0,1.0,1.0,1.0,1.0,703266.0,0.042882406350036345,0.03715478325109878,0.046552012463619064,0.029810014367864183,0.032696799620819436,0.03010148260279399,-2.5433798631032314e-05,0.00029566790908575063,-0.00042283690224091225,-0.0,0.0,0.0,0.0,1.0,0.0,0.0,36.63099926644782,34.98067539222387,35.544941349311685,154.14143882864013,153.8404617239594,146.13166851826588,4446.623416895678,4033.261533039168,3683.0420811829676,3734.437405890749,335.1822989069799,5.3741388589021515,106.39359681336869,0.010133533885806968,0.1257804002727027,10549.06509401817
2024-10-05 03:39:39.937330,1.0,1.0,1.0,1.0,1.0,1.0,1.0,703267.0,0.04324531047620408,0.036447008273383014,0.04643997376336176,0.02990748606458951,0.03224867245309928,0.02984254030701896,-1.9075348973274234e-05,0.00032746015737454104,-0.00041965767741203324,-0.0,0.0,0.0,0.0,1.0,0.0,0.0,37.3694477136741,38.7360898373601,37.815831558530626,156.2247569134501,163.6068533059763,161.58279422408404,4446.823698597918,5061.468119113898,4601.358676005332,4340.630635105058,374.83883758699494,5.587266937831572,110.58077537967237,0.010421583485422672,0.12821809203218348,10840.590579713957
2024-10-05 03:39:40.019437,1.0,1.0,1.0,1.0,1.0,1.0,1.0,703268.0,0.04384347596324186,0.03594327416403232,0.04677528478753899,0.02958133142821319,0.03245856839932655,0.029515668014433095,-3.815069794654847e-05,0.0003338186070322991,-0.0004387330263853075,-0.0,0.0,0.0,0.0,1.0,0.0,0.0,39.647520719232574,40.291034079971176,40.73593756398336,168.16760488357343,169.10231865829127,169.60337497937394,5291.336478337392,5398.226384777526,5430.656894704447,4967.935343831728,407.7904236206113,5.8792249124405345,116.33497323135134,0.010626613508315771,0.13078263188652794,11085.811972357802
2024-10-05 03:39:40.022937,1.0,1.0,1.0,1.0,1.0,1.0,1.0,703269.0,0.043784027154931265,0.03565223071686204,0.04743879714519196,0.02990748606458951,0.03245856839932655,0.029679554160349852,-6.994294623533886e-05,0.0003433562815189362,-0.0004355538015564284,-0.0,0.0,0.0,0.0,1.0,0.0,0.0,42.1426521822253,43.625931079946376,43.973640708179204,175.27235924604545,176.30006683526798,179.8786690863752,5874.113418391485,6213.023323783318,6393.962369255862,5708.532396903046,438.9312482628575,6.275827547623812,124.19363884841364,0.01053974232102256,0.1335204116584752,10887.305684529014
2024-10-05 03:39:40.104546,1.0,1.0,1.0,1.0,1.0,1.0,1.0,703270.0,0.04354542032592321,0.036518403069078165,0.04705288535396545,0.029712222914499722,0.03191604715477278,0.029515668014433095,-9.855596969525021e-05,0.0003878654291232428,-0.000410120002925396,-0.0,0.0,0.0,0.0,1.0,0.0,0.0,46.01987604729999,46.10125022786643,46.78919849550606,186.2083505290604,183.59145144720443,184.75371784735114,7062.183178884021,6786.441733129364,7012.754829825421,6455.729656850946,461.8260788383248,6.744301847264784,133.48678213286414,0.010373607558794346,0.13646305361127078,10827.157287578093
2024-10-05 03:39:40.187495,1.0,1.0,1.0,1.0,1.0,1.0,1.0,703271.0,0.04372449751876115,0.03630379747090976,0.04782159479808185,0.029482781466042968,0.031763702384431956,0.02888442151794573,-8.90182952086131e-05,0.00040376155326763796,-0.000410120002925396,-0.0,0.0,0.0,0.0,1.0,0.0,0.0,49.12860914141631,50.76008665111823,51.30689574027086,190.83131536224937,191.83868830467253,194.45452449638876,7634.589062827525,7984.821302512854,8061.893677842202,7344.631291056133,484.588084709042,7.309183942178678,144.73336163775238,0.009921197888124844,0.1396536201611519,10402.984757392851
2024-10-05 03:39:40.190936,1.0,1.0,1.0,1.0,1.0,1.0,1.0,703272.0,0.04390284427203976,0.036731754853566174,0.047493671422814646,0.029712222914499722,0.03224867245309928,0.029118578158502894,-9.219752003749214e-05,0.0004323745767275493,-0.000406940778096517,-0.0,0.0,0.0,0.0,1.0,0.0,0.0,53.843662108579316,54.66317080418834,54.840186636177044,199.53712039944816,199.46405596060052,199.44784985301123,8825.756403426514,8896.306391977425,8972.410558151523,8296.5929457921,504.3624596924422,7.930008418803874,157.0827193145218,0.009567764505504573,0.14311642144026315,10454.926056685385
2024-10-05 03:39:40.273751,1.0,1.0,1.0,1.0,1.0,1.0,1.0,703273.0,0.04312468176012514,0.036447008273383014,0.047218662327942335,0.029810014367864183,0.03197678183797181,0.029317795383615314,-7.312217106421791e-05,0.0003942238787810009,-0.0003942238787810009,-0.0,0.0,0.0,0.0,1.0,0.0,0.0,58.92956028604713,59.685309036038234,58.32392394684661,203.68198329477136,208.21100353003968,206.16508440464932,9783.184639821073,10309.680048708082,9825.034811436035,9317.031016375866,521.9474375590296,8.601445357662653,170.45987022733738,0.00912077482720902,0.1468741145794969,10473.05988810534
2024-10-05 03:39:40.276750,1.0,1.0,1.0,1.0,1.0,1.0,1.0,703274.0,0.04276075388833108,0.03687330356631608,0.04666378216223113,0.030485772407004817,0.032007105962223864,0.029744855788601574,-6.676372140645982e-05,0.00039740310360987996,-0.00037832775463660567,-0.0,0.0,0.0,0.0,1.0,0.0,0.0,64.06401342558794,62.80400075184316,63.1527369734097,212.55075401107118,207.96364801266455,207.1843885413016,11223.202229713828,10667.586366613243,10559.098232341858,10123.149158162056,522.3199287385988,9.333644941050967,185.07613508858122,0.008553805841784634,0.1509540151574496,9650.39709506124
2024-10-05 03:39:40.357934,1.0,1.0,1.0,1.0,1.0,1.0,1.0,703275.0,0.04276075388833108,0.03750366210937501,0.04666378216223113,0.0303262434606198,0.03203740138402003,0.029679554160349852,-6.994294623533886e-05,0.00041329922775427513,-0.0003656108553210895,-0.0,0.0,0.0,0.0,1.0,0.0,0.0,67.95995297971494,67.92766453219232,68.58955689795668,210.53288591601608,211.56202400689287,208.7188205464472,11778.67737754979,11686.23527139626,11637.590920337208,10974.71941033286,524.7056584519281,10.066842194775612,199.73264801691528,0.007967721394448237,0.15535701042040026,9748.270573775793
2024-10-05 03:39:40.361376,1.0,1.0,1.0,1.0,1.0,1.0,1.0,703276.0,0.04220897910845451,0.03764230828317236,0.046830936544030206,0.03039015553037446,0.03248844283583844,0.029875030834123562,-6.676372140645982e-05,0.00041329922775427513,-0.0003656108553210895,-0.0,0.0,0.0,0.0,1.0,0.0,0.0,72.51836881684157,73.57033839912981,72.73002873245646,208.72579091625732,210.1125643822185,212.50409581663968,12212.55188289356,12705.113422024286,12631.07048327528,11760.25278872698,522.8367342085576,10.819987892255433,214.79390114041198,0.007420787900539647,0.16009202264109557,9419.357831307014
2024-10-05 03:39:40.443740,1.0,1.0,1.0,1.0,1.0,1.0,1.0,703277.0,0.04220897910845452,0.037780445658522906,0.046496026860123614,0.030294236862297798,0.03251828982682399,0.029875030834123562,-7.630139589309694e-05,0.000400582328438759,-0.00036243163049221055,-0.0,0.0,0.0,0.0,1.0,0.0,0.0,77.5612092110485,76.61550316978835,78.22331002266085,213.84655379083995,207.78303061814444,209.08063267136242,13593.970980463122,12819.369907813529,13237.041734557988,12433.164121772143,517.8647475050822,11.543185293972451,229.26444070033025,0.006927313121941656,0.16514602986720062,9661.530843178978
2024-10-05 03:39:40.526486,1.0,1.0,1.0,1.0,1.0,1.0,1.0,703278.0,0.042023444236177564,0.0378493252884673,0.046496026860123614,0.0303262434606198,0.03248844283583844,0.029679554160349852,-7.948062072197598e-05,0.00040694077809651707,-0.0003497147311766943,-0.0,0.0,0.0,0.0,1.0,0.0,0.0,82.51326431951766,82.43591277732513,81.55043454279148,211.3501293287775,211.34537058094566,207.63638830681924,14187.747165963416,14140.277168272183,13701.110129247094,13194.083042535638,516.5081495090756,12.27665882279527,243.9346063887346,0.006510607202843168,0.1705234327458145,9496.200027551571
2024-10-05 03:39:40.529986,1.0,1.0,1.0,1.0,1.0,1.0,1.0,703279.0,0.04152463197171362,0.037780445658522906,0.04598908955455483,0.030294236862297798,0.03308026640118225,0.029251540394105244,-3.1792248288790396e-05,0.000400582328438759,-0.00031474325805902487,-0.0,0.0,0.0,0.0,1.0,0.0,0.0,86.89075977736975,86.60037486512363,86.74127846010516,211.28073537536022,210.17094092178402,207.90576984338742,14998.386006174465,14639.262264662742,14598.362273989824,13897.906769337807,513.1100919774341,13.01224186364586,258.64865207925436,0.006133398112289759,0.17622519858720606,9357.433494462568
2024-10-05 03:39:40.611504,1.0,1.0,1.0,1.0,1.0,1.0,1.0,703280.0,0.04139898983206046,0.03715478325109878,0.04581886408620406,0.03039015553037446,0.032933307582966455,0.029251540394105244,-2.861302345991136e-05,0.0003942238787810009,-0.0002988471339146297,-0.0,0.0,0.0,0.0,1.0,0.0,0.0,92.52884724889226,90.98323142970109,91.25843244961008,210.88736786427287,211.40554572739387,206.58888428910845,15917.52060380614,15542.326270199528,15095.625195544031,14634.591161502836,510.93773326342006,13.755286237661037,273.516795317363,0.0057757047305468405,0.18225472438620216,9191.145534717405
2024-10-05 03:39:40.614946,1.0,1.0,1.0,1.0,1.0,1.0,1.0,703281.0,0.041587310697157,0.037503662109375,0.04541919034616077,0.03054935072925873,0.03319736505550277,0.029875030834123562,-9.53767448663712e-06,0.00036243163049221044,-0.00031474325805902487,-0.0,0.0,0.0,0.0,1.0,0.0,0.0,97.12133098787095,96.5384259533788,95.14667097717769,209.54096165825257,211.20967595679505,206.86144683774467,16464.223574051142,16491.582434658314,15741.029686694423,15312.571148738058,507.84193980638935,14.475604455186094,287.9326655097196,0.005455466812774273,0.188602040034772,9412.235451361337
2024-10-05 03:39:40.696944,1.0,1.0,1.0,1.0,1.0,1.0,1.0,703282.0,0.041649895097796784,0.03743414645719283,0.04553374081900147,0.030198013527012933,0.033021561356871405,0.029810014367864183,-3.497147311766943e-05,0.00034653550634781527,-0.0003179224828879039,-0.0,0.0,0.0,0.0,1.0,0.0,0.0,101.13945878267657,101.47589677417425,101.01312367085663,210.0085462288953,209.69427671312692,207.43363970343998,17103.222769987628,17090.135115382865,16840.102575546513,16049.972638458017,507.4602622080185,15.179612308282758,302.0255187019725,0.005160630692879223,0.19526002480260213,9651.95063961518
2024-10-05 03:39:40.779944,1.0,1.0,1.0,1.0,1.0,1.0,1.0,703283.0,0.04245509769062346,0.037918079796158174,0.046045691532351565,0.03013369393635788,0.03296275176192149,0.029482781466042968,-4.132992277542751e-05,0.00035925240566333144,-0.00030520558357238775,-0.0,0.0,0.0,0.0,1.0,0.0,0.0,105.30543480842856,106.09272226972048,106.12136097360366,210.22848453955442,207.19183826395857,208.47999561162482,17759.374578856146,17545.32866295815,17823.403211052988,16708.66268586323,503.71336707675545,15.915991991387472,316.75946274878436,0.004901915883752187,0.20224281118141976,9079.363563009285
2024-10-05 03:39:40.787945,1.0,1.0,1.0,1.0,1.0,1.0,1.0,703284.0,0.043003714672582107,0.038123599349151736,0.046607930817067524,0.02977745290061739,0.032874340109372714,0.029515668014433095,-1.9075348973274234e-05,0.0003528939560055733,-0.0003401770566900572,-0.0,0.0,0.0,0.0,1.0,0.0,0.0,109.7174627824057,111.40615950912674,111.09933313199451,208.0754564933009,207.23157581991353,209.70339434305643,18191.79071984183,18490.47956101194,18769.36205065776,17438.261891290786,503.1870021305668,16.624370953589157,330.9368764111832,0.004663462650492688,0.20953813076808406,9477.545277710993
2024-10-05 03:39:40.865444,1.0,1.0,1.0,1.0,1.0,1.0,1.0,703285.0,0.04336560364453033,0.03832801689680105,0.04638385292864447,0.029939906113202793,0.03319736505550277,0.029810014367864183,-3.179224828879039e-05,0.00037196930497884756,-0.0003433562815189362,-0.0,0.0,0.0,0.0,1.0,0.0,0.0,115.14893302151943,116.2634193731458,115.08520113382377,207.45462974884853,208.71134325122435,207.36291443595985,19065.5271842422,19426.1905346994,19020.74987142343,18080.91535115307,499.7256673456352,17.352468836035364,345.5096155913648,0.004436720630049288,0.21715469829400927,9088.586579038374
2024-10-05 03:39:40.873444,1.0,1.0,1.0,1.0,1.0,1.0,1.0,703286.0,0.0434855640497593,0.03825999906698716,0.04621508152756302,0.030036956306502573,0.033226575237181734,0.030198013527012933,-2.5433798631032317e-05,0.00037832775463660567,-0.00037832775463660567,-0.0,0.0,0.0,0.0,1.0,0.0,0.0,120.20336590415066,120.63076765786673,119.90808376748434,208.78720493259686,207.24459550734434,206.7269736530735,20046.59394539386,19911.22096714709,19794.268793511874,18779.67327750177,497.9499101349929,18.083852442877397,360.14198668555696,0.004244289696677789,0.22509382831161087,9003.950620426103
2024-10-05 03:39:40.950944,1.0,1.0,1.0,1.0,1.0,1.0,1.0,703287.0,0.042577623479846755,0.03839591423416136,0.04699749641733918,0.030198013527012933,0.03331405211143558,0.030198013527012933,-2.5433798631032314e-05,0.00036879008014996856,-0.0003656108553210895,-0.0,0.0,0.0,0.0,1.0,0.0,0.0,125.67067369735844,125.68440653354061,123.9659780254374,206.3484756592476,208.56099787717602,206.4710485658533,20669.966289955166,21023.89432670709,20285.163666521137,19471.925106994502,496.58540624246757,18.79847715560786,374.4435208931836,0.004058898511676338,0.23334822770552283,9209.891411823406
2024-10-05 03:39:40.958945,1.0,1.0,1.0,1.0,1.0,1.0,1.0,703288.0,0.042577623479846755,0.038666311337125336,0.04688652224495428,0.030453933471522428,0.03325575976212062,0.0303262434606198,1.9075348973274238e-05,0.0003528939560055733,-0.00037832775463660567,-0.0,0.0,0.0,0.0,1.0,0.0,0.0,130.509334094143,129.07444195765595,130.35516544561887,209.37748556408056,205.67426472121196,205.48818907874787,21875.882486855233,20985.399386717967,21363.04404587779,20167.233810852857,495.5829376791914,19.50579055499803,388.59872349741767,0.0038888134225202884,0.2419146706768437,9300.525877777276
2024-10-05 03:39:41.035944,1.0,1.0,1.0,1.0,1.0,1.0,1.0,703289.0,0.042455097690623465,0.038463691717159486,0.047493671422814646,0.030358216314476834,0.032815266674204355,0.03086527796111811,-6.358449657758079e-06,0.0003338186070322991,-0.0003878654291232428,-0.0,0.0,0.0,0.0,1.0,0.0,0.0,134.6581840878968,135.2546082604812,134.41909155492718,207.07675634188948,206.62937101274306,205.42324416966358,22209.80867603607,22143.094396449385,21935.882199580323,20802.10127142034,492.9534518438912,20.223843656698072,402.9699637960787,0.003725576016762015,0.25079791965652615,9031.13661627685
2024-10-05 03:39:41.118944,1.0,1.0,1.0,1.0,1.0,1.0,1.0,703290.0,0.04276075388833108,0.03853134997827472,0.04699749641733918,0.030676112065162197,0.03310957989067469,0.030990747087997286,-3.1792248288790456e-06,0.0003306393822034201,-0.0003815069794654847,-0.0,0.0,0.0,0.0,1.0,0.0,0.0,139.80869705138247,140.41756010094394,138.59705222965317,206.30730230397987,206.57441447397818,205.27259330038677,22916.83581036388,23062.826340364645,22501.974708987185,21476.38611919327,491.1093583594657,20.954728725966614,417.59412062980033,0.0035802274254035493,0.26000355004907644,8791.32102093133
2024-10-05 03:39:41.122944,1.0,1.0,1.0,1.0,1.0,1.0,1.0,703291.0,0.042023444236177564,0.0378493252884673,0.046775284787538986,0.03054935072925873,0.03290383705573704,0.030517578125,-3.497147311766944e-05,0.00032746015737454104,-0.00036243163049221044,-0.0,0.0,0.0,0.0,1.0,0.0,0.0,144.05670222989613,144.2001062134071,145.13824271606452,208.08421455981915,204.6122045233746,204.23836401103884,23937.186162993337,23146.23118729911,23567.396596342503,22140.716807504512,490.2637283048294,21.637200636443115,431.2541581278682,0.003442808120207606,0.2695103083793619,9447.80585320292
2024-10-05 03:39:41.204329,1.0,1.0,1.0,1.0,1.0,1.0,1.0,703292.0,0.0420853800755884,0.0378493252884673,0.04716346808075751,0.03054935072925873,0.032874340109372714,0.030453933471522428,-1.58961241443952e-05,0.00031474325805902487,-0.00036243163049221044,-0.0,0.0,0.0,0.0,1.0,0.0,0.0,150.13156172825492,149.24437355061613,148.41528444251387,207.1670089315738,206.2880063361902,202.20895469066429,24880.38435563302,24272.786576377006,23671.04698365028,22805.064932686742,488.7465733896165,22.35282372632817,445.5731058814433,0.003318078877374546,0.27933271995790393,8934.789884361047
2024-10-05 03:39:41.207828,1.0,1.0,1.0,1.0,1.0,1.0,1.0,703293.0,0.041587310697157,0.03825999906698716,0.047273792133441635,0.030422061214259163,0.03296275176192149,0.03073929670896773,-6.358449657758083e-06,0.00032746015737454104,-0.0003878654291232428,-0.0,0.0,0.0,0.0,1.0,0.0,0.0,154.07760330396204,154.32132096591377,153.66923080312026,206.72788767404262,205.62867210571278,202.06222971057238,25454.94290618412,24864.47238167532,24552.05342461767,23425.99803591864,487.0951877042264,23.036507280350584,459.2568530824514,0.003197734158721448,0.2894567821414104,9327.626499045922
2024-10-05 03:39:41.290220,1.0,1.0,1.0,1.0,1.0,1.0,1.0,703294.0,0.04076497090344803,0.038123599349151736,0.04738385931883414,0.0303262434606198,0.03305092691301418,0.03070772063827226,-1.9075348973274248e-05,0.000321101707716783,-0.00037832775463660567,-0.0,0.0,0.0,0.0,1.0,0.0,0.0,159.8135397262091,158.28893757767867,158.44515683599724,207.3686392025621,205.24581555824815,200.4791511605028,26575.198316431233,25407.34769278013,25018.41703355185,24071.323609898755,485.80253429013015,23.731432036419275,473.16387242130537,0.003086135520250497,0.29988741684012005,9129.929519606314
2024-10-05 03:39:41.372771,1.0,1.0,1.0,1.0,1.0,1.0,1.0,703295.0,0.040185802182344105,0.037780445658522906,0.04705288535396546,0.0300692367632191,0.032785690042080325,0.030676112065162197,-1.271689931551616e-05,0.0002765925601124764,-0.00037832775463660567,-0.0,0.0,0.0,0.0,1.0,0.0,0.0,164.84803336880884,163.60261194144104,162.6342318788748,206.2244219983876,205.37288203989718,200.50473785420155,27142.20971008129,26369.538792412754,25652.945046456818,24725.17070107516,484.82823480352,24.42248920072589,486.9930651784447,0.0029823308019515616,0.310622908410276,9157.509884099143
2024-10-05 03:39:41.376777,1.0,1.0,1.0,1.0,1.0,1.0,1.0,703296.0,0.04057283328598263,0.03798670986099516,0.04765791515713948,0.030230122003416366,0.03260766687993288,0.030485772407004817,-1.9075348973274245e-05,0.00027977178494135546,-0.00035925240566333144,-0.0,0.0,0.0,0.0,1.0,0.0,0.0,168.44514337974445,168.5085677965601,167.33144158113004,204.89584538519654,202.56486484851405,200.06348041516856,27583.13176655786,26876.530580970724,26624.479281743985,25306.806675649095,482.30279161100304,25.12562000098738,501.0590997634992,0.0028920684468507463,0.3216684778983958,8899.648900788483
2024-10-05 03:39:41.458391,1.0,1.0,1.0,1.0,1.0,1.0,1.0,703297.0,0.04101975445198809,0.03825999906698716,0.047548482371721275,0.03026219641244205,0.03248844283583844,0.03070772063827226,-2.3129646346357427e-21,0.00029566790908575063,-0.00036879008014996856,-0.0,0.0,0.0,0.0,1.0,0.0,0.0,171.20513815181044,172.5582366607091,171.98344218825173,198.50012512165944,195.26165655464237,194.1847178811124,25825.47725310124,25170.201885298502,25496.81948373191,23755.348274081804,447.0480251193755,25.437559393739832,507.43287838214604,0.0025912656797080053,0.3328545537951756,12913.218170326585
2024-10-05 03:39:41.461390,1.0,1.0,1.0,1.0,1.0,1.0,1.0,703298.0,0.04057283328598263,0.037711440220720746,0.0478760303248665,0.03039015553037446,0.03212811624624381,0.030802351742838057,-5.0867597262064634e-05,0.0002988471339146297,-0.00037196930497884756,-0.0,0.0,0.0,0.0,1.0,0.0,0.0,174.6744642553629,175.53280277713864,174.78658399935546,188.77829633996586,188.86145681173332,186.12837102826174,23679.2613108749,23432.10361200075,23034.31204439797,21634.39506558036,398.3055846795099,25.993115942136445,518.6802868848383,0.002273740402116369,0.34428857256383694,7481.138463098994
2024-10-05 03:39:41.543666,1.0,1.0,1.0,1.0,1.0,1.0,1.0,703299.0,0.04114655461363214,0.037918079796158174,0.047603230210664246,0.030358216314476834,0.03227874115189541,0.030581090322992784,-6.994294623533885e-05,0.0002893094594279926,-0.00038468620429436373,-0.0,0.0,0.0,0.0,1.0,0.0,0.0,177.9928505383636,176.63355107095592,176.01783571366673,179.7172041292147,180.0600247182365,175.72756496162344,21360.741573417556,20874.377120775087,20176.24000281074,19071.776168799974,345.5920039604346,26.40099895645736,526.9857084692674,0.0019587718282660345,0.3559056797372039,7417.125718176271
2024-10-05 03:39:41.626432,1.0,1.0,1.0,1.0,1.0,1.0,1.0,703300.0,0.04108320345271294,0.03798670986099515,0.04863173026498286,0.02977745290061739,0.032398736885968185,0.030802351742838057,-6.040527174870174e-05,0.0002861302345991135,-0.0004132992277542751,-0.0,0.0,0.0,0.0,1.0,0.0,0.0,177.46104634631925,178.26660550998983,177.56727548463448,170.20453301280946,167.88528727908778,167.1513571789732,18199.958233820525,17718.701617097962,18090.854320340488,16301.049319535023,293.43994945046836,26.56789065697362,530.4783990688427,0.0016550317862718588,0.3675997813344548,8694.547856613886
2024-10-05 03:39:41.629931,1.0,1.0,1.0,1.0,1.0,1.0,1.0,703301.0,0.04063698009803076,0.03812359934915173,0.04847078642501301,0.03016587087444806,0.03254810944778678,0.03105329154533826,-6.040527174870173e-05,0.000324280932545662,-0.0003942238787810009,-0.0,0.0,0.0,0.0,1.0,0.0,0.0,178.24054012946692,177.68116109948105,176.91549361207555,158.66330158100786,158.78983169338213,156.51965115099873,15433.013325720694,15231.278819997959,14854.940493144577,13514.19046694093,241.86264206198922,26.71524035754386,533.5715006737809,0.0013724497090089648,0.3793620686381968,6875.808396368695
2024-10-05 03:39:41.712412,1.0,1.0,1.0,1.0,1.0,1.0,1.0,703302.0,0.04108320345271294,0.03798670986099516,0.0478760303248665,0.03010148260279399,0.032368779656366614,0.030990747087997286,-5.72260469198227e-05,0.0003338186070322991,-0.0003815069794654848,-0.0,0.0,0.0,0.0,1.0,0.0,0.0,176.45299600449312,177.02853101509857,176.09487115305464,148.46251439713154,144.9501611614965,146.82407734574946,12244.934249916718,12036.019135990144,12494.230068967136,10656.033696394948,190.8172589008758,26.69283369728354,533.2726545713754,0.001093962860816352,0.3911177680456369,7190.482785719552
2024-10-05 03:39:41.715412,1.0,1.0,1.0,1.0,1.0,1.0,1.0,703303.0,0.04063698009803076,0.03743414645719283,0.0479304040281651,0.030198013527012933,0.03248844283583844,0.03148762440853117,-3.815069794654846e-05,0.00032746015737454104,-0.000400582328438759,-0.0,0.0,0.0,0.0,1.0,0.0,0.0,175.64987190177635,174.0705999321399,174.22729764217587,135.73925536281334,134.4664783770225,134.32689589110575,9501.355293618004,9353.258843826321,9135.419522460013,7793.93914866437,140.54092634091026,26.50026451559858,529.5726905876912,0.0008162177476108921,0.4027919038025922,7540.33340222984
2024-10-05 03:39:41.796996,1.0,1.0,1.0,1.0,1.0,1.0,1.0,703304.0,0.04095620715673985,0.036873303566316074,0.04830930639899937,0.030198013527012933,0.03254810944778678,0.03139505892336215,-5.72260469198227e-05,0.0003433562815189362,-0.0004132992277542751,-0.0,0.0,0.0,0.0,1.0,0.0,0.0,171.21346584361228,172.4521149879315,171.44923899069602,121.486056890077,120.64256113738311,123.08216700817088,5999.885031697415,6393.174600919932,6566.368597392975,4864.579357347647,88.69694817482988,26.200320572618498,523.7306581903657,0.0005262402443511865,0.41433725520092207,6935.435636697483
2024-10-05 03:39:41.800497,1.0,1.0,1.0,1.0,1.0,1.0,1.0,703305.0,0.04101975445198809,0.03608791569074071,0.0483631929817295,0.03039015553037446,0.03245856839932655,0.031084516582433108,-6.040527174870173e-05,0.0003497147311766944,-0.000403761553267638,-0.0,0.0,0.0,0.0,1.0,0.0,0.0,167.34833752283663,168.23911732352607,167.6145905876798,108.35482052824919,104.81955846594364,108.46265118299553,2986.00107076611,3132.811444189663,3690.869520349013,1907.9539414192393,35.510458340016946,25.65941650027048,513.0775244762299,0.0002159159176095866,0.4256477641849314,8156.576388028417
2024-10-05 03:39:41.882055,1.0,1.0,1.0,1.0,1.0,1.0,1.0,703306.0,0.04127296521748624,0.035725213865335635,0.04782159479808185,0.030453933471522428,0.032067668184708895,0.03073929670896773,-4.7688372433185584e-05,0.000317922482887904,-0.0003942238787810009,-0.0,0.0,0.0,0.0,1.0,0.0,0.0,164.11361761971537,162.8588153625944,163.2313409157263,95.9468737508367,93.68140175259438,94.51183795529754,844.4898280130756,752.7026581944737,993.6070685005172,-410.5182820214031,-7.77251959056991,25.21931553177551,504.3616530158533,4.8886377637550306e-05,0.43676613662474756,5021.8698156351675
2024-10-05 03:39:41.966090,1.0,1.0,1.0,1.0,1.0,1.0,1.0,703307.0,0.0420853800755884,0.035505814366342106,0.0479304040281651,0.0300692367632191,0.03197678183797181,0.030928076150071922,-6.676372140645982e-05,0.0003179224828879039,-0.00041012000292539613,-0.0,0.0,0.0,0.0,1.0,0.0,0.0,160.50082616288384,158.37576627837285,158.80159605952733,102.9081415405939,99.61906875616573,99.30267969075219,2053.2522030432074,1693.1167375269936,1816.4154029794013,629.4929039280668,12.04949642949889,24.94581239929514,498.87681806926736,7.903113357111814e-05,0.44776359892529677,3549.658928895639
2024-10-05 03:39:41.969587,1.0,1.0,1.0,1.0,1.0,1.0,1.0,703308.0,0.042577623479846755,0.03572521386533563,0.04754848237172127,0.030198013527012933,0.03188563643118791,0.030833830904597324,-4.7688372433185584e-05,0.0003306393822034201,-0.0003910446539521219,-0.0,0.0,0.0,0.0,1.0,0.0,0.0,155.80448956652435,155.9031844853261,155.1712449648342,114.53532116244936,110.07284416565237,112.46679389604591,3634.439640573109,3641.850764345617,4150.908688373765,2610.60039018942,51.04919241996347,24.42543165380456,488.34068102569324,0.00034380569559315077,0.45852879793812984,8686.216511106284
2024-10-05 03:39:42.050826,1.0,1.0,1.0,1.0,1.0,1.0,1.0,703309.0,0.04269979768643891,0.03601566753881429,0.04732885772244516,0.03054935072925873,0.03145679951185349,0.03054935072925873,-6.3584496577580725e-06,0.0003465355063478153,-0.00038468620429436373,-0.0,0.0,0.0,0.0,1.0,0.0,0.0,152.8891201682622,154.2861514371473,152.6281106772978,127.04834191130365,126.86306606791429,126.33740481076528,6201.469078886969,6606.771039785988,6565.536355174185,5256.605418296092,104.36545913960467,24.065829478905385,480.97219699078636,0.0007155219553584103,0.46913156281401563,8615.84049889619
2024-10-05 03:39:42.053827,1.0,1.0,1.0,1.0,1.0,1.0,1.0,703310.0,0.042577623479846755,0.036231979799249525,0.047218662327942335,0.03086527796111811,0.030990747087997286,0.03013369393635788,-1.9075348973274228e-05,0.0003497147311766944,-0.00038468620429436373,-0.0,0.0,0.0,0.0,1.0,0.0,0.0,152.82211259011157,151.05413820906233,152.16368608234058,141.07917976282891,139.65931734889833,138.51343759254414,9517.156052197386,9251.078753766906,9195.054348517371,8098.589135435775,162.57545424589173,23.811340458279084,475.6919175604864,0.0011231866724018284,0.47961792686334903,9508.582504845624
2024-10-05 03:39:42.136120,1.0,1.0,1.0,1.0,1.0,1.0,1.0,703311.0,0.042882406350036345,0.03687330356631608,0.047548482371721275,0.030833830904597324,0.03095942747707764,0.030004641120915988,2.2254573802153277e-05,0.00033699783186117815,-0.0003974031036098799,-0.0,0.0,0.0,0.0,1.0,0.0,0.0,151.53481933981078,152.91915802034458,151.34875355705879,151.25163395785626,151.68822716294136,152.54208142836802,11891.7967573475,12482.175629429765,12455.029849559043,11013.519990723902,221.18190708223264,23.811340458279084,475.4971608179754,0.0015321446284905305,0.49009999760849193,8168.942748167305
2024-10-05 03:39:42.219065,1.0,1.0,1.0,1.0,1.0,1.0,1.0,703312.0,0.042393702000235525,0.037084613626145846,0.0480931562928653,0.03095942747707764,0.03064447088906264,0.03010148260279399,3.815069794654847e-05,0.0003338186070322991,-0.000403761553267638,-0.0,0.0,0.0,0.0,1.0,0.0,0.0,153.39945252124886,151.82015318410834,153.35542949327078,163.41097452416201,163.1090361504097,162.09653613002158,15479.599239045441,15120.578824939546,15165.08068631665,13936.607270432994,279.30524229263403,23.870056880382194,476.48513550546147,0.0019187262660760006,0.5006038477067457,9840.156891543886
2024-10-05 03:39:42.223066,1.0,1.0,1.0,1.0,1.0,1.0,1.0,703313.0,0.04318503823719134,0.03757304914762413,0.0478760303248665,0.031240173622796498,0.030485772407004817,0.029383900981372436,3.815069794654847e-05,0.0003306393822034201,-0.00040376155326763796,-0.0,0.0,0.0,0.0,1.0,0.0,0.0,154.78186309735176,155.88552575637692,153.67863117247822,172.36710752987315,174.5780740062614,173.0338560476502,18163.64420457986,18628.92559634477,18215.43197971494,16945.62319171213,338.1342511233774,23.982834833398464,478.5637099655273,0.002278685380678767,0.511153518824208,11471.06330891516
2024-10-05 03:39:42.304525,1.0,1.0,1.0,1.0,1.0,1.0,1.0,703314.0,0.04312468176012514,0.037503662109375,0.04738385931883414,0.03130221970899244,0.030358216314476834,0.029515668014433095,1.589612414439519e-05,0.00032746015737454104,-0.0003910446539521218,-0.0,0.0,0.0,0.0,1.0,0.0,0.0,157.83606783480536,158.05584814646326,157.54764193874774,182.23361738164027,183.71618421604177,182.99932431169015,21308.916542276307,21614.56944250428,21396.449149893742,19961.460885966262,391.3109766650071,24.419443904542696,487.12640750532074,0.0025849699740669624,0.5218919498518808,9065.388177592997
2024-10-05 03:39:42.307524,1.0,1.0,1.0,1.0,1.0,1.0,1.0,703315.0,0.04306424069081518,0.03859888964444313,0.04841701959046651,0.03105329154533826,0.03054935072925873,0.02964684940754005,2.2254573802153277e-05,0.00033699783186117815,-0.0003751485298077266,-0.0,0.0,0.0,0.0,1.0,0.0,0.0,162.01720276692788,160.95973643376036,162.10076688026055,192.5421730654016,192.85673308919488,191.1423708255912,24938.162496698515,24494.10496675154,24365.317656573832,23018.630563577637,442.85517911163237,24.888294756559937,496.3512692454361,0.0028419502010875145,0.5328337378316913,10708.99382147657
2024-10-05 03:39:42.389605,1.0,1.0,1.0,1.0,1.0,1.0,1.0,703316.0,0.042943103346232976,0.03906839817849147,0.048738730900971,0.030990747087997286,0.03130221970899244,0.030036956306502573,9.537674486637115e-06,0.00039422387878100085,-0.00040694077809651707,-0.0,0.0,0.0,0.0,1.0,0.0,0.0,165.54207756557594,165.1856698715497,165.62059991708978,198.78053425227304,199.1819459417676,198.31124811306475,27472.28004359585,27246.974108969694,27173.074953487452,25625.520712348723,484.7460944311053,25.317141221077424,504.8121073107927,0.003023084433959239,0.543962040286187,12973.046475600051
2024-10-05 03:39:42.393102,1.0,1.0,1.0,1.0,1.0,1.0,1.0,703317.0,0.04263875434188018,0.03900167157440239,0.04803896680377672,0.031641298451732976,0.031364143052817484,0.02990748606458951,9.537674486637117e-06,0.0003815069794654847,-0.000410120002925396,-0.0,0.0,0.0,0.0,1.0,0.0,0.0,169.08291905706804,169.019060269758,168.2484878112177,199.05106681683463,200.88423144972475,199.38871114893175,28631.513111661072,28832.172649597516,28258.635850097824,26844.660879083905,492.6416502473761,26.097044022111472,520.353137708082,0.00304199727141921,0.5554329361218852,8295.512734239304
2024-10-05 03:39:42.475462,1.0,1.0,1.0,1.0,1.0,1.0,1.0,703318.0,0.04269979768643891,0.03893483061427055,0.04803896680377672,0.03127121205432006,0.03120910432259612,0.03026219641244205,-9.53767448663712e-06,0.0003687900801499686,-0.00041329922775427513,-0.0,0.0,0.0,0.0,1.0,0.0,0.0,172.7408956701326,171.66883367187026,171.08291595244688,198.38518489574275,200.25959696052576,198.16609232533216,29697.426868342867,29704.043192169884,28993.412203340347,27690.556051555184,492.5872808071514,26.92191798961981,536.8090948690474,0.0030259079683272226,0.5672665943909984,7660.362470879965
2024-10-05 03:39:42.558247,1.0,1.0,1.0,1.0,1.0,1.0,1.0,703319.0,0.04282162331969714,0.03946638873835309,0.04776709723644845,0.031115710284795706,0.03191604715477278,0.03054935072925873,-2.2254573802153274e-05,0.00037196930497884756,-0.000410120002925396,-0.0,0.0,0.0,0.0,1.0,0.0,0.0,175.1747801483385,173.77643558653276,174.79174238763082,197.92825791267367,197.00581043010146,196.63711304323317,30528.097488619573,29959.091819497844,30031.618336850832,28361.601136454727,490.2638934252575,27.704308377501576,552.4235917106931,0.003000572720827408,0.5794444655682652,8173.64409893671
2024-10-05 03:39:42.561246,1.0,1.0,1.0,1.0,1.0,1.0,1.0,703320.0,0.04282162331969714,0.039729500910397,0.04749367142281465,0.030676112065162197,0.03194642892952922,0.030422061214259163,6.358449657758077e-06,0.00037832775463660567,-0.0003974031036098799,-0.0,0.0,0.0,0.0,1.0,0.0,0.0,176.7016687838713,177.21211511506365,176.96125690088707,194.89452224909653,195.72191595482622,195.97909118485822,30720.250731255277,30935.758326628562,30826.40458840856,28983.940942231675,488.1436928017746,28.43469636253925,566.9974893781482,0.0029830420044008946,0.5919436102230013,8836.515466826673
2024-10-05 03:39:42.643392,1.0,1.0,1.0,1.0,1.0,1.0,1.0,703321.0,0.042882406350036345,0.039201510653345636,0.04738385931883414,0.030517578125,0.03191604715477278,0.030358216314476834,-4.132992277542751e-05,0.0003656108553210895,-0.0003878654291232428,-0.0,0.0,0.0,0.0,1.0,0.0,0.0,179.13665762233907,179.03267603763229,178.73376565853783,194.53199588584852,194.70714554273104,193.43412942531512,31681.041983245294,31520.496526080817,31250.56113971744,29611.9054323317,485.88920683928484,29.185418796737686,581.9698471488207,0.0029784201454175854,0.6047728121868153,8474.775951257663
2024-10-05 03:39:42.646892,1.0,1.0,1.0,1.0,1.0,1.0,1.0,703322.0,0.04263875434188018,0.03832801689680105,0.04694204212496726,0.03086527796111811,0.032097906445255474,0.030198013527012933,-5.404682209094367e-05,0.00036561085532108955,-0.0003910446539521218,-0.0,0.0,0.0,0.0,1.0,0.0,0.0,180.7389458157779,181.8871454937136,179.85142161176458,192.89225094636865,194.1472215300318,192.3749146784501,32129.246774156472,32534.391166779205,31789.441045197393,30251.309242056177,484.2513802109314,29.916487519743566,596.5470329204973,0.00297948994379356,0.6179233601125295,8700.578767527208
2024-10-05 03:39:42.729086,1.0,1.0,1.0,1.0,1.0,1.0,1.0,703323.0,0.042023444236177564,0.03757304914762413,0.04694204212496726,0.03073929670896773,0.03185519667586617,0.0303262434606198,-6.676372140645982e-05,0.0003815069794654847,-0.0003815069794654847,-0.0,0.0,0.0,0.0,1.0,0.0,0.0,182.69921302131317,181.6165896256688,182.55877463158947,194.19422968645165,191.4321622054265,191.10640442583448,33255.89721874716,32400.35282698762,32660.473601257323,30850.10757460934,482.7495914041215,30.603860315674883,610.2476981245826,0.002989015388980052,0.6313759315911869,9273.615832191015
2024-10-05 03:39:42.811870,1.0,1.0,1.0,1.0,1.0,1.0,1.0,703324.0,0.04220897910845451,0.03757304914762413,0.04671956673942695,0.03064447088906264,0.03157991857152382,0.030230122003416366,-5.086759726206463e-05,0.0003656108553210895,-0.0003910446539521218,-0.0,0.0,0.0,0.0,1.0,0.0,0.0,183.79650182638338,183.81612728766464,182.50795639965156,192.29950274103055,192.21322737255963,190.7004675962046,33618.92780111981,33552.5375388213,33025.16227362663,31458.495502656388,480.90595424156055,31.327741310099327,624.6678816083449,0.0030116192785229353,0.6451463880035309,8699.35285340784
2024-10-05 03:39:42.815369,1.0,1.0,1.0,1.0,1.0,1.0,1.0,703325.0,0.04251640472283598,0.036873303566316074,0.04587567609077438,0.030928076150071922,0.03142594437984583,0.02990748606458951,-4.7688372433185584e-05,0.00036243163049221044,-0.000406940778096517,-0.0,0.0,0.0,0.0,1.0,0.0,0.0,184.8918931563994,184.54931825178082,183.49604504134808,192.128857397344,191.82859510117646,190.83323158457844,34283.11431867082,34183.07589604491,33705.00518193554,32098.972797523955,481.1396477801824,31.9509857293754,637.0761851534919,0.003041423276386462,0.6591903785740256,10152.248170244533
2024-10-05 03:39:42.897641,1.0,1.0,1.0,1.0,1.0,1.0,1.0,703326.0,0.0420853800755884,0.03658965855745672,0.04581886408620406,0.031022035078891817,0.030990747087997286,0.029416898073163358,-5.72260469198227e-05,0.00033699783186117815,-0.0003560731808344524,-0.0,0.0,0.0,0.0,1.0,0.0,0.0,185.1487443718959,186.57364069239645,184.90276823050007,193.08672898428784,193.65489979162814,192.2864544662282,34524.64457776281,34863.91431670031,34285.01143982029,32572.788392124054,479.9441114991862,32.503517949835626,648.0904953744778,0.0030456143628673584,0.6734771734942808,11109.415945600158
2024-10-05 03:39:42.900642,1.0,1.0,1.0,1.0,1.0,1.0,1.0,703327.0,0.041774782619765874,0.03694387454679471,0.04610222401715648,0.030294236862297798,0.03127121205432006,0.029251540394105244,-5.4046822090943663e-05,0.00034653550634781527,-0.00033699783186117815,-0.0,0.0,0.0,0.0,1.0,0.0,0.0,186.63272472338502,187.33507573101477,187.21087014090062,196.62532450832646,195.61837692077333,195.98761833077555,35330.0430399837,35228.04221546774,35281.24510760208,33255.604812627746,479.74706555518634,33.19898256529135,661.9480478091415,0.003059737587876477,0.6880694504593179,9084.599570869519
2024-10-05 03:39:42.982255,1.0,1.0,1.0,1.0,1.0,1.0,1.0,703328.0,0.04189929789626443,0.03694387454679471,0.04643997376336176,0.030896693010431804,0.03170255949350469,0.029118578158502894,-3.497147311766943e-05,0.0003751485298077266,-0.00034653550634781527,-0.0,0.0,0.0,0.0,1.0,0.0,0.0,188.83797876780554,188.9143498113465,188.11398421316355,199.7828045825179,199.11940302090946,197.79882881062633,36248.761783577684,36055.082261574906,35645.87602682496,33919.93768878814,479.2537057164931,33.89738496015405,675.8665426866738,0.003069789187061982,0.702968552911433,9033.179395978743
2024-10-05 03:39:42.985759,1.0,1.0,1.0,1.0,1.0,1.0,1.0,703329.0,0.04152463197171362,0.03637547335010834,0.04699749641733918,0.030833830904597324,0.031641298451732976,0.029251540394105244,-1.5896124144395198e-05,0.00037196930497884756,-0.0003433562815189362,-0.0,0.0,0.0,0.0,1.0,0.0,0.0,190.22463261333934,191.21669326109574,189.24265460800328,201.9092615620286,202.37311776846678,200.51813358121007,36784.58217784927,37010.27272803603,36239.82827104884,34575.287746985705,478.3959008980484,34.61449938861217,690.1599211148089,0.0030768416343690754,0.7181827449502306,8743.353995100446
2024-10-05 03:39:43.067788,1.0,1.0,1.0,1.0,1.0,1.0,1.0,703330.0,0.0418370865807396,0.03601566753881429,0.047218662327942335,0.031146872746571578,0.031763702384431956,0.029383900981372436,-2.8613023459911357e-05,0.0003656108553210895,-0.0003497147311766943,-0.0,0.0,0.0,0.0,1.0,0.0,0.0,191.99055456887058,192.8576019954692,190.72901344289642,204.70071188954105,204.8871568137711,203.14296088768194,37535.64422673576,37693.40799415428,36918.65536061051,35239.40334522772,477.55783162884126,35.34150430607624,704.6508124311554,0.0030831648696894296,0.7337163806376018,8580.772849947782
2024-10-05 03:39:43.151169,1.0,1.0,1.0,1.0,1.0,1.0,1.0,703331.0,0.0419614169784043,0.03579804821997391,0.047930404028165105,0.031022035078891817,0.03167194378429309,0.029482781466042968,2.3129646346357427e-21,0.0003401770566900572,-0.00037832775463660567,-0.0,0.0,0.0,0.0,1.0,0.0,0.0,193.82820085850267,194.01275096258047,192.86428999103964,207.40943578098103,206.71148759817652,205.17578385363964,38322.58351039409,38132.999644098476,37608.439308014604,35838.549175595035,475.5638955035459,36.09299042816441,719.6360752111037,0.003080561247218475,0.749580358117811,8159.741444886074
2024-10-05 03:39:43.154668,1.0,1.0,1.0,1.0,1.0,1.0,1.0,703332.0,0.042023444236177564,0.037084613626145846,0.047657915157139484,0.03064447088906264,0.031641298451732976,0.029383900981372436,-6.358449657758076e-06,0.0003306393822034201,-0.00035925240566333144,-0.0,0.0,0.0,0.0,1.0,0.0,0.0,195.10660826159,195.57003223633572,194.9874184517759,209.63031402591156,208.5466328189663,208.28487723082674,38882.529297784444,38681.24067525935,38528.92704206339,36474.69505846405,474.6538262389991,36.804157911216855,733.8141224717823,0.0030825807209452633,0.765756882773189,8709.52833550326
2024-10-05 03:39:43.235808,1.0,1.0,1.0,1.0,1.0,1.0,1.0,703333.0,0.0419614169784043,0.0373645014732293,0.04716346808075752,0.030230122003416366,0.031641298451732976,0.029482781466042968,-1.2716899315516152e-05,0.0002765925601124764,-0.0003528939560055733,-0.0,0.0,0.0,0.0,1.0,0.0,0.0,196.72322256987928,198.06556502543359,196.09845733932542,211.2687201023823,211.73689890866046,210.13840257236703,39424.19388233691,39722.8942240143,38999.19171263782,37117.98025291771,473.9704468313872,37.50722684167406,747.8327065747347,0.003081846424563933,0.7822424393270142,8807.348792455949
2024-10-05 03:39:43.239417,1.0,1.0,1.0,1.0,1.0,1.0,1.0,703334.0,0.0420853800755884,0.037918079796158174,0.047493671422814646,0.030453933471522428,0.03191604715477278,0.029416898073163358,1.2716899315516153e-05,0.00030202635874350875,-0.0003560731808344524,-0.0,0.0,0.0,0.0,1.0,0.0,0.0,199.43593033242675,198.86136292919124,197.84842846300046,214.6920717591709,213.45861246722163,211.74872008148867,40582.33627758427,40117.228017721085,39557.31070876802,37779.51639929787,473.19912154663234,38.237925672037676,762.4016836189797,0.003081796123027286,0.7990491608859037,8395.561097054873
2024-10-05 03:39:43.321265,1.0,1.0,1.0,1.0,1.0,1.0,1.0,703335.0,0.04214722489965788,0.038055216156251626,0.04738385931883414,0.0300692367632191,0.032007105962223864,0.0300692367632191,1.2716899315516158e-05,0.0002765925601124764,-0.0003910446539521218,-0.0,0.0,0.0,0.0,1.0,0.0,0.0,200.65797770201613,200.75724005621782,199.79661539945104,216.23225034346942,215.22513752020262,214.129968092,41037.04453186829,40765.32214581884,40332.92001564854,38366.30689674157,471.8181486776257,38.9453123340857,776.5094337186094,0.003077152062029866,0.8161668799581007,8679.928884107121
2024-10-05 03:39:43.405248,1.0,1.0,1.0,1.0,1.0,1.0,1.0,703336.0,0.042455097690623465,0.038123599349151736,0.04727379213344164,0.03016587087444806,0.03221857569203676,0.03039015553037446,3.1792248288790396e-05,0.0002765925601124764,-0.00043873302638530737,-0.0,0.0,0.0,0.0,1.0,0.0,0.0,202.42640476110222,201.78155607202302,202.23823129774334,218.9009919613764,216.43202319839483,216.28167774526403,41869.55916487916,41089.453236096575,41207.46766635416,39002.005242142186,470.7140254303983,39.68336008149752,791.2271471971412,0.0030744050249247876,0.8336090428474243,8211.974584675363
2024-10-05 03:39:43.408248,1.0,1.0,1.0,1.0,1.0,1.0,1.0,703337.0,0.04220897910845451,0.037918079796158174,0.04754848237172128,0.03077084037730748,0.032667115729434024,0.03077084037730748,3.1792248288790396e-05,0.00029248868425687163,-0.00048642139881849305,-0.0,0.0,0.0,0.0,1.0,0.0,0.0,204.03573617174948,204.84724406562353,202.8313575173051,219.6641750409092,219.7300049548958,217.5235168889002,42265.06290612555,42357.0841553668,41480.90102263791,39606.84947349463,469.8008577516642,40.37686107326563,805.0593058732203,0.0030684846793763393,0.8513561279902295,8818.452730206855
2024-10-05 03:39:43.490151,1.0,1.0,1.0,1.0,1.0,1.0,1.0,703338.0,0.04183708658073959,0.0378493252884673,0.047603230210664246,0.030612797008878905,0.032815266674204355,0.03070772063827226,3.1792248288790396e-05,0.00026069643596808123,-0.00048642139881849305,-0.0,0.0,0.0,0.0,1.0,0.0,0.0,205.69693357182837,205.7714363840681,205.37919814813256,222.06960258915012,220.5036257126485,219.72843917360785,43043.62690824382,42603.973066889885,42417.91720496097,40220.607616988375,469.195314721377,41.05529965262766,818.5898258857769,0.0030643634172272463,0.869401485929756,9021.071757334501
2024-10-05 03:39:43.493146,1.0,1.0,1.0,1.0,1.0,1.0,1.0,703339.0,0.041649895097796784,0.037780445658522906,0.04705288535396545,0.030833830904597324,0.03308026640118225,0.030612797008878905,1.589612414439519e-05,0.0002829510097702345,-0.0004927798484762511,-0.0,0.0,0.0,0.0,1.0,0.0,0.0,207.0935477832966,207.67256412699464,207.01634262605492,223.26856520797227,221.96140513392044,221.7372694511406,43496.596786435344,43262.147890286804,43105.94598164524,40782.11051394283,467.815492436899,41.75096932816488,832.4659507366935,0.0030579359805205744,0.8877527353326626,8728.906329315745
2024-10-05 03:39:43.575607,1.0,1.0,1.0,1.0,1.0,1.0,1.0,703340.0,0.04139898983206046,0.03743414645719283,0.04732885772244516,0.030896693010431804,0.0333431600699038,0.03073929670896773,6.358449657758079e-06,0.0002638756607969603,-0.0005372889960805577,-0.0,0.0,0.0,0.0,1.0,0.0,0.0,209.47481207849512,208.52546102531727,208.90679463769212,226.0054088864985,223.2876665215089,222.7114082335539,44560.860325993475,43628.22494212405,43646.78937017245,41398.71111614416,467.02402213950876,42.45385809890908,846.4844461212155,0.0030535691843669105,0.9064130146782681,8606.595229220418
2024-10-05 03:39:43.658679,1.0,1.0,1.0,1.0,1.0,1.0,1.0,703341.0,0.041461858493688546,0.03757304914762413,0.046830936544030206,0.03127121205432006,0.033284918697807614,0.030833830904597324,-3.1792248288790375e-06,0.00029248868425687163,-0.0005277513215939206,-0.0,0.0,0.0,0.0,1.0,0.0,0.0,211.3698818953834,210.67686366738312,209.84125950798926,227.2174808428203,225.60855980823058,224.05860764044454,45162.08669160624,44562.3132240085,44050.73403570079,42005.49731567706,466.19997035387337,43.15207961764307,860.4096473556715,0.0030496154768331683,0.9253802673488642,8651.350341421457
2024-10-05 03:39:43.662115,1.0,1.0,1.0,1.0,1.0,1.0,1.0,703342.0,0.041712385598201944,0.03729472643293347,0.04705288535396546,0.0313331966781849,0.03386282504451316,0.030833830904597324,1.58961241443952e-05,0.0003083848084012668,-0.0005595435698827109,-0.0,0.0,0.0,0.0,1.0,0.0,0.0,212.37987103688275,212.29089615499618,211.90009088622506,228.47556055922377,226.82384106865877,226.29228686509467,45604.86959477879,45120.87999130597,44937.7042025477,42597.11750634793,464.99032967152846,43.87358052069359,874.7977813720152,0.003047197208574552,0.9446646984404429,8283.065791335288
2024-10-05 03:39:43.743418,1.0,1.0,1.0,1.0,1.0,1.0,1.0,703343.0,0.04152463197171362,0.03715478325109878,0.04732885772244516,0.03185519667586617,0.03406277598114669,0.031178004061435775,6.358449657758082e-06,0.0003401770566900572,-0.0005786189188559852,-0.0,0.0,0.0,0.0,1.0,0.0,0.0,213.99294874741122,213.23950792851755,213.9898600916403,230.41048962661074,227.58880714987353,227.76591655063945,46345.64758623471,45430.029732963354,45672.665389567526,43155.183991304,463.41259914764646,44.599483963480566,889.2758891177174,0.0030424008427049386,0.9642682913738824,8166.294329937534
2024-10-05 03:39:43.746916,1.0,1.0,1.0,1.0,1.0,1.0,1.0,703344.0,0.041712385598201944,0.03701431097784902,0.04710820916537822,0.031641298451732976,0.03437463478414554,0.03151841915858901,2.3129646346357427e-21,0.0003338186070322991,-0.0005817981436848642,-0.0,0.0,0.0,0.0,1.0,0.0,0.0,215.53265138379462,214.62452910737744,215.48525475724958,231.93006674826236,229.145365124845,229.0254290087771,47009.641174432,46022.096931217995,46242.94077884052,43727.877378194906,462.4736274484982,45.28301838594206,902.9065558681193,0.0030406672842027546,0.9841723647832418,8745.068243691283
2024-10-05 03:39:43.829058,1.0,1.0,1.0,1.0,1.0,1.0,1.0,703345.0,0.041649895097796784,0.03715478325109878,0.04710820916537822,0.03218845078999174,0.03434640099311143,0.031115710284795706,-3.497147311766942e-05,0.00036243163049221044,-0.0005595435698827109,-0.0,0.0,0.0,0.0,1.0,0.0,0.0,216.82592816002466,216.58908372138737,216.52740202181798,232.8478022169881,231.296420885312,230.35844598420906,47479.87789397453,46918.38179464921,46705.33079064812,44301.82284868215,461.5089261607363,45.973240064961324,916.669693000937,0.003039929635522732,1.0043798389045069,8622.30000385121
2024-10-05 03:39:43.832556,1.0,1.0,1.0,1.0,1.0,1.0,1.0,703346.0,0.04133602555253029,0.037780445658522906,0.047603230210664246,0.03212811624624381,0.03392007415562166,0.03151841915858901,-6.676372140645981e-05,0.0003433562815189362,-0.000565902019540469,-0.0,0.0,0.0,0.0,1.0,0.0,0.0,218.76966050276667,217.9444395524537,217.3326469313457,234.40325110619924,233.05021874632155,231.14708072177046,48265.98414330348,47606.71320175755,47025.691051388305,44865.878894867536,459.9670631567421,46.71465408155996,931.4527461955093,0.0030400904079595,1.024913197220639,7843.358160530997
2024-10-05 03:39:43.913975,1.0,1.0,1.0,1.0,1.0,1.0,1.0,703347.0,0.041774782619765874,0.03825999906698716,0.04716346808075751,0.03182472780550264,0.03360399710929144,0.031364143052817484,-8.583907037973404e-05,0.00035925240566333144,-0.0005277513215939206,-0.0,0.0,0.0,0.0,1.0,0.0,0.0,219.92467238824327,218.57451508070181,219.2883613390758,236.10669370386645,233.67441736614646,232.82382071371964,48914.867851053255,47860.54183476477,47817.463977078995,45398.84122981289,458.53793092648414,47.41696231128887,945.4550437434536,0.003041319331454947,1.0457552284071612,8353.505334410287
2024-10-05 03:39:43.997522,1.0,1.0,1.0,1.0,1.0,1.0,1.0,703348.0,0.04189929789626443,0.038463691717159486,0.046607930817067524,0.03170255949350469,0.0337192770263005,0.03188563643118791,-8.583907037973404e-05,0.0003815069794654847,-0.0005309305464227996,-0.0,0.0,0.0,0.0,1.0,0.0,0.0,220.46558721366745,220.6740276406625,220.36824899507627,236.68448758356234,235.40697976606504,234.68855106746366,49126.89371661867,48737.26844975948,48485.41933181551,45952.12394948419,457.36236300946325,48.11832603285502,959.4371898914496,0.00304388266089163,1.0669054882376572,8331.486967015277
2024-10-05 03:39:44.000021,1.0,1.0,1.0,1.0,1.0,1.0,1.0,703349.0,0.04220897910845451,0.038666311337125336,0.04632766410980066,0.031763702384431956,0.03337224263981984,0.03179422973639322,-9.219752003749211e-05,0.00037196930497884756,-0.0005213928719361625,-0.0,0.0,0.0,0.0,1.0,0.0,0.0,221.81962409556488,221.54498871411766,221.67503445448145,238.6441191991736,236.89708172286095,235.9071367263305,49893.19489034676,49252.12666823274,49051.82451353085,46535.74715001091,456.33291280463817,48.8396903987254,973.8145965250051,0.0030499901055686504,1.0883726900099417,8019.408886922541
2024-10-05 03:39:44.082436,1.0,1.0,1.0,1.0,1.0,1.0,1.0,703350.0,0.04245509769062346,0.039201510653345636,0.04581886408620406,0.03194642892952922,0.03313886745048406,0.03194642892952922,-9.219752003749211e-05,0.0003910446539521218,-0.0004896006236473721,-0.0,0.0,0.0,0.0,1.0,0.0,0.0,222.92883521927652,223.33922542750787,221.76130960313458,239.44840758440358,239.13032919781313,237.14724676339097,50326.15051773639,50213.71290296106,49331.83155986476,47065.798822624754,455.218067145088,49.51732025513183,987.3186159109939,0.00305730315780655,1.1101375803873574,8609.01049937018
2024-10-05 03:39:44.085936,1.0,1.0,1.0,1.0,1.0,1.0,1.0,703351.0,0.04263875434188018,0.03946638873835309,0.04564800383634771,0.03203740138402003,0.03337224263981984,0.03185519667586617,-6.994294623533886e-05,0.00039740310360987996,-0.0004959590733051301,-0.0,0.0,0.0,0.0,1.0,0.0,0.0,223.9071566706899,223.1451699532405,223.7062439917506,241.92944855699187,239.41761558604392,239.02712343120197,51138.715489865484,50197.3422405276,50239.69628472729,47606.53679129899,454.1226228228105,50.207556560688815,1001.0708922701347,0.003067505326532197,1.132205632056957,8398.082178456503
2024-10-05 03:39:44.167449,1.0,1.0,1.0,1.0,1.0,1.0,1.0,703352.0,0.042943103346232976,0.038666311337125336,0.04581886408620406,0.03203740138402003,0.03290383705573704,0.03194642892952922,-8.583907037973404e-05,0.0003656108553210895,-0.00048642139881849305,-0.0,0.0,0.0,0.0,1.0,0.0,0.0,224.76518594909072,224.61463592711695,224.0712748604053,242.97953343537262,241.59695880414156,240.37003209507358,51569.69116236017,51076.01133691103,50623.86897766253,48144.107111449055,453.06943433585377,50.893039973599286,1014.7282575481951,0.0030775739918618666,1.154574752756686,8434.278159607271
2024-10-05 03:39:44.250844,1.0,1.0,1.0,1.0,1.0,1.0,1.0,703353.0,0.04354542032592321,0.03906839817849147,0.04513154216867338,0.03167194378429309,0.03313886745048406,0.03194642892952922,-5.0867597262064614e-05,0.0004005823284387589,-0.00046416682501633976,-0.0,0.0,0.0,0.0,1.0,0.0,0.0,225.92546591790676,225.37544341861948,224.24189511482092,244.90876253651675,243.50472325078718,241.71673214421517,52298.7702720119,51712.53459196728,50973.90695518641,48691.55504987734,452.04892690356166,51.588776017535714,1028.5835729466112,0.0030936452175352154,1.1772493061869758,8262.772336404016
2024-10-05 03:39:44.254342,1.0,1.0,1.0,1.0,1.0,1.0,1.0,703354.0,0.043784027154931265,0.03906839817849147,0.04507379225100918,0.03170255949350469,0.033168129149298335,0.0321582976678794,-3.497147311766942e-05,0.00041965767741203314,-0.0004514499257008236,-0.0,0.0,0.0,0.0,1.0,0.0,0.0,225.70767206467616,226.7708424192086,225.00252896404632,245.47710769943217,245.27894213593956,244.12014808534704,52355.50967060521,52490.66906885544,51717.19324437973,49194.98804188131,450.8513506483046,52.26136963383734,1041.978760088455,0.003108063002417831,1.2002191490760368,8553.784377360442
2024-10-05 03:39:44.336608,1.0,1.0,1.0,1.0,1.0,1.0,1.0,703355.0,0.04372449751876115,0.03940033615860651,0.045590908124401384,0.03151841915858901,0.033284918697807614,0.032308781866774994,-1.2716899315516153e-05,0.0004355538015564284,-0.0004737044995029769,-0.0,0.0,0.0,0.0,1.0,0.0,0.0,226.34954778486906,226.67012957680362,225.97972861035268,248.02846517888142,246.31332285046437,246.13509495650905,53102.03652059411,52696.76693207774,52474.07627868783,49743.097505545345,449.7653679344642,52.97235437036593,1056.1319857597275,0.003129086565053212,1.2235009919621178,7980.350647307916
2024-10-05 03:39:44.339600,1.0,1.0,1.0,1.0,1.0,1.0,1.0,703356.0,0.04354542032592321,0.038733615672373205,0.044550674429986614,0.0313331966781849,0.03357511528435138,0.03194642892952922,1.2716899315516153e-05,0.0004578083753585816,-0.0004260161270697913,-0.0,0.0,0.0,0.0,1.0,0.0,0.0,226.71499224623022,227.01105535649182,225.61911015552556,247.33367598810182,246.13894245747514,245.3671852755333,53071.83321446472,52820.15881296886,52240.842216843856,49697.13866069021,443.36549973251454,53.68700975267743,1070.3871113305927,0.0031228073032964062,1.2470970811718944,7657.9275500635895
2024-10-05 03:39:44.420991,1.0,1.0,1.0,1.0,1.0,1.0,1.0,703357.0,0.042882406350036345,0.038463691717159486,0.04443358966925188,0.0313331966781849,0.033459338679991214,0.032007105962223864,4.132992277542751e-05,0.0004419122512141865,-0.0004260161270697913,-0.0,0.0,0.0,0.0,1.0,0.0,0.0,226.29437378636402,227.25223607947677,225.52846246311358,242.1175588528661,241.1540457314959,240.56254435926363,51669.58847352318,51631.823210193725,51057.55288440074,48471.92476888995,426.8286709552434,54.38801908658137,1084.4463298422024,0.003046674566460406,1.2710030980430826,7133.797204596299
2024-10-05 03:39:44.423951,1.0,1.0,1.0,1.0,1.0,1.0,1.0,703358.0,0.04282162331969714,0.038463691717159486,0.044609101569099904,0.03179422973639322,0.032933307582966455,0.03191604715477278,3.497147311766943e-05,0.0004419122512141865,-0.00043237457672754936,-0.0,0.0,0.0,0.0,1.0,0.0,0.0,226.1051779750419,226.4394752298189,225.60305027190108,235.094471715302,233.80941310661316,233.16010191826055,49827.264332490864,49515.66720930387,49116.88174336842,46556.00562270485,405.2071411560595,55.01932722665215,1097.1600951051125,0.0029321054896211045,1.2951893828062886,7214.044343231713
2024-10-05 03:39:44.506839,1.0,1.0,1.0,1.0,1.0,1.0,1.0,703359.0,0.04227064309912445,0.03832801689680105,0.044958069872003174,0.03188563643118791,0.032696799620819436,0.03188563643118791,2.8613023459911357e-05,0.0004514499257008236,-0.00041012000292539613,-0.0,0.0,0.0,0.0,1.0,0.0,0.0,226.39948778768252,225.3301120018208,225.00564365478735,226.99049773209092,225.05706740472996,224.36777839768183,47741.676162968746,46980.791193002326,46674.83453905852,44261.61847434224,381.34092673800154,55.57399512542653,1108.37125661243,0.002796852996697956,1.3196228113965003,7312.445229022448
2024-10-05 03:39:44.589285,1.0,1.0,1.0,1.0,1.0,1.0,1.0,703360.0,0.04127296521748624,0.0378493252884673,0.04466745228281863,0.0316106234096681,0.03245856839932655,0.03182472780550264,4.132992277542751e-05,0.00044509147604306553,-0.00038786542912324284,-0.0,0.0,0.0,0.0,1.0,0.0,0.0,225.30848670930843,225.03573864678037,224.58137171041787,217.1326519483143,215.31426357048514,215.39901288288564,44936.23270649116,44418.77484551155,44310.559592263446,41749.80028190836,356.575111817736,56.052769588717304,1118.0848356059519,0.0026497853631410385,1.3442703704391914,7369.329423193142
2024-10-05 03:39:44.592775,1.0,1.0,1.0,1.0,1.0,1.0,1.0,703361.0,0.04082881584609787,0.03764230828317236,0.044316195568033935,0.03127121205432006,0.03221857569203676,0.032007105962223864,3.179224828879043e-06,0.0004419122512141865,-0.00037514852980772667,-0.0,0.0,0.0,0.0,1.0,0.0,0.0,223.99535096915884,225.0820761933869,223.5612584549797,206.12541653571677,205.63451628961943,205.10356999925375,41977.45551886007,42017.79643160461,41556.38497012846,39114.86611570938,331.72858735518463,56.439880989232165,1125.9791036388417,0.0024969189307285544,1.369091954234963,7648.768433074471
2024-10-05 03:39:44.675566,1.0,1.0,1.0,1.0,1.0,1.0,1.0,703362.0,0.04095620715673985,0.03812359934915173,0.04390284427203976,0.03120910432259612,0.03257790177388484,0.032067668184708895,-1.2716899315516153e-05,0.00046416682501633976,-0.00036879008014996856,-0.0,0.0,0.0,0.0,1.0,0.0,0.0,223.68219148204994,223.15452334648953,223.1235880317771,195.81397509732108,193.95904745869498,193.3328511970558,39530.90638235468,38868.57674758844,38732.751716079445,36381.57409352685,307.0404805408026,56.70795775016046,1131.5069617367992,0.0023384665676859026,1.394035396591472,8322.44185466926
2024-10-05 03:39:44.679066,1.0,1.0,1.0,1.0,1.0,1.0,1.0,703363.0,0.04050858489526056,0.03798670986099516,0.043664886724146465,0.0313331966781849,0.03242866644143693,0.03191604715477278,-3.815069794654847e-05,0.0004355538015564284,-0.00035925240566333144,-0.0,0.0,0.0,0.0,1.0,0.0,0.0,222.51190438948962,222.57251832266425,221.93981296503406,182.7280757550072,182.15015101686367,181.6466389198094,36420.155521586516,36220.82393319619,35939.19735132611,33605.767372072536,282.6912865290885,56.88385989928804,1135.2010299287363,0.00217651198548115,1.4190602726290122,8631.58548487327
2024-10-05 03:39:44.760695,1.0,1.0,1.0,1.0,1.0,1.0,1.0,703364.0,0.03966388649582423,0.03722482060496381,0.04330549882888886,0.03173314566510837,0.03203740138402003,0.032067668184708895,-6.040527174870174e-05,0.0003942238787810009,-0.00037514852980772667,-0.0,0.0,0.0,0.0,1.0,0.0,0.0,221.5732718000866,221.4021127701231,220.7129828935243,170.3125101936764,168.67247484080943,167.98807991881813,33708.31023698991,33232.919208653155,32993.315449742535,30800.74021891197,258.8249412854604,56.93394194829202,1136.3874051046637,0.002012361855479916,1.4441113016482083,9444.32399436001
2024-10-05 03:39:44.843926,1.0,1.0,1.0,1.0,1.0,1.0,1.0,703365.0,0.039729500910397,0.03666077555081008,0.0436051944382425,0.031549183850304155,0.03167194378429309,0.03197678183797181,-4.7688372433185584e-05,0.00037832775463660567,-0.00036879008014996856,-0.0,0.0,0.0,0.0,1.0,0.0,0.0,219.8207981475923,220.62157973535798,219.58009607105748,154.61346146944317,154.6397514461407,153.46531595016467,30529.17236802201,30506.612085302895,30090.240629124444,27943.869665439,234.77832290727244,56.93394194829202,1136.579799522673,0.0018433990088671068,1.4691665718954636,9299.342410598443
2024-10-05 03:39:44.846925,1.0,1.0,1.0,1.0,1.0,1.0,1.0,703366.0,0.04057283328598263,0.03601566753881429,0.0440213406934204,0.031364143052817484,0.032007105962223864,0.03212811624624381,-6.358449657758078e-05,0.00036243163049221044,-0.0004005823284387589,-0.0,0.0,0.0,0.0,1.0,0.0,0.0,218.86999914915012,218.98046261622815,218.93948550139584,142.6994057476422,141.54770064307996,141.4155846359628,28213.943319396625,27864.159112064357,27829.867336311443,25601.017110451263,215.18143311441915,56.902879262877406,1136.1189566411929,0.0017034538862251895,1.4942116831174206,8817.593832820608
2024-10-05 03:39:44.929223,1.0,1.0,1.0,1.0,1.0,1.0,1.0,703367.0,0.04070102581168387,0.03637547335010834,0.04372449751876115,0.03157991857152382,0.03197678183797181,0.03233879467572394,-6.358449657758078e-05,0.0003560731808344524,-0.00038786542912324284,-0.0,0.0,0.0,0.0,1.0,0.0,0.0,218.41165859898254,217.95951712992976,217.336484541597,137.77504282276269,136.69124874899572,135.6554732076279,27186.190970504707,26750.30724264363,26460.032315284923,24467.402047674554,205.6524993837246,56.89960134606934,1136.1227290230584,0.0016426282909779164,1.51925687749944,8096.182088571064
2024-10-05 03:39:44.932723,1.0,1.0,1.0,1.0,1.0,1.0,1.0,703368.0,0.04101975445198809,0.036802597262395625,0.0434855640497593,0.03054935072925873,0.03227874115189541,0.0321582976678794,-4.76883724331856e-05,0.0003497147311766943,-0.0003846862042943638,-0.0,0.0,0.0,0.0,1.0,0.0,0.0,217.0325975384719,217.49428979973464,216.1187962482772,135.30153857899546,134.83338662061465,133.8099416300447,26480.872628289213,26328.783271449014,25933.80897872032,23942.710871863477,201.44101661346392,56.84233896983355,1135.0024489567957,0.0016223210315587904,1.5442773759297763,8720.994310718628
2024-10-05 03:39:45.014577,1.0,1.0,1.0,1.0,1.0,1.0,1.0,703369.0,0.04089256110871732,0.03687330356631608,0.04282162331969714,0.030453933471522428,0.03257790177388484,0.03248844283583844,-4.132992277542751e-05,0.00036243163049221044,-0.000403761553267638,-0.0,0.0,0.0,0.0,1.0,0.0,0.0,215.7568082703565,216.17318094420165,215.63038706101136,135.05188078055895,134.14779782026795,133.55696956915426,26287.84631671679,26022.122098365744,25864.992988126298,23774.225467620807,200.1628276520485,56.80299293243148,1134.2122448221783,0.0016263349262679396,1.5692804547489674,8431.701825780541
2024-10-05 03:39:45.097575,1.0,1.0,1.0,1.0,1.0,1.0,1.0,703370.0,0.04214722489965787,0.036731754853566174,0.042577623479846755,0.03039015553037446,0.032815266674204355,0.03242866644143693,-5.72260469198227e-05,0.00037196930497884756,-0.0004260161270697913,-0.0,0.0,0.0,0.0,1.0,0.0,0.0,215.0257657207245,214.91791616239908,214.51406723495674,135.61047389949678,134.6153862945344,133.60002693797185,26361.772721069003,25984.648300632816,25759.737633971916,23769.901787405775,200.28136024932678,56.75993651618833,1133.3348330263973,0.0016419127749006475,1.5942641915125715,8498.077803585225
2024-10-05 03:39:45.100075,1.0,1.0,1.0,1.0,1.0,1.0,1.0,703371.0,0.04214722489965788,0.03637547335010833,0.042577623479846755,0.030453933471522428,0.032815266674204355,0.032696799620819436,-6.358449657758079e-05,0.0003656108553210895,-0.0004355538015564284,-0.0,0.0,0.0,0.0,1.0,0.0,0.0,213.92275631926495,214.03370094377837,213.41726330543017,136.36957666752656,135.54965917335645,134.4721718829583,26412.740895398332,26113.473540954954,25832.495451791317,23870.869108951985,201.25294598196564,56.72716748096942,1132.654271285981,0.0016650561074121213,1.619232925670698,8397.014411204422
2024-10-05 03:39:45.182999,1.0,1.0,1.0,1.0,1.0,1.0,1.0,703372.0,0.04164989509779679,0.036231979799249525,0.04318503823719134,0.03064447088906264,0.03233879467572394,0.03310957989067469,-5.4046822090943663e-05,0.0003815069794654848,-0.00044509147604306553,-0.0,0.0,0.0,0.0,1.0,0.0,0.0,212.8595742069409,212.94929221090322,212.29773392675602,137.53160258488938,136.50801533505626,135.56187997505455,26557.194834767757,26222.680922438125,25967.10647384818,24017.385439597514,202.74575395054626,56.65668299289864,1131.2154868962552,0.0016928037968250945,1.6441699426262777,9000.024753088705
2024-10-05 03:39:45.186499,1.0,1.0,1.0,1.0,1.0,1.0,1.0,703373.0,0.041712385598201944,0.035062897056625214,0.044667452282818626,0.030676112065162197,0.03179422973639322,0.032815266674204355,-5.4046822090943663e-05,0.0003751485298077266,-0.00044509147604306553,-0.0,0.0,0.0,0.0,1.0,0.0,0.0,211.7005029909068,212.08036041240013,211.1511507739668,138.66652594281192,137.79561517822864,136.69303938988085,26687.941213093356,26412.706458558267,26095.702897688876,24183.184890334658,204.27967116760013,56.62108702645215,1130.4717869388605,0.0017219323158451083,1.6690905651294632,8564.926830588434
2024-10-05 03:39:45.268317,1.0,1.0,1.0,1.0,1.0,1.0,1.0,703374.0,0.04220897910845451,0.03521115521073845,0.04513154216867338,0.03039015553037446,0.03194642892952922,0.032398736885968185,-4.768837243318558e-05,0.00038786542912324284,-0.0004260161270697913,-0.0,0.0,0.0,0.0,1.0,0.0,0.0,210.60538431281532,210.86026156888497,210.23861969048366,139.76602305455273,138.84055200065046,138.01240003431676,26817.9981141057,26522.029312531882,26294.760532923025,24345.60273334691,205.73357231589983,56.60022219479486,1130.0216023899566,0.0017516198956925842,1.6940012635643706,8414.861357902562
2024-10-05 03:39:45.271317,1.0,1.0,1.0,1.0,1.0,1.0,1.0,703375.0,0.04183708658073959,0.035137104329171824,0.043962132407454745,0.030294236862297798,0.032398736885968185,0.03260766687993288,-5.4046822090943663e-05,0.0003656108553210895,-0.0003974031036098799,-0.0,0.0,0.0,0.0,1.0,0.0,0.0,209.84983620086825,209.5993264079057,209.12419684883716,141.1442199154472,139.91689967334867,139.03472181057748,27030.88814097497,26603.625098244727,26395.323009219406,24492.855403886373,206.97569991498352,56.602453480092365,1130.0338183365723,0.0017801801347566838,1.7189122312930347,8145.190139979787
2024-10-05 03:39:45.353192,1.0,1.0,1.0,1.0,1.0,1.0,1.0,703376.0,0.04108320345271294,0.036231979799249525,0.04354542032592321,0.03054935072925873,0.03203740138402003,0.03248844283583844,-5.4046822090943663e-05,0.00037196930497884767,-0.0003878654291232428,-0.0,0.0,0.0,0.0,1.0,0.0,0.0,208.84479496586135,208.91020856154202,207.85671795180625,142.22558941316004,141.3435886562861,140.0828406152059,27144.47272025281,26842.217052411735,26471.576430996727,24649.95774924364,208.41183881907259,56.57460363245756,1129.4452306630112,0.0018089759845578066,1.743810223933428,8623.63549616513
2024-10-05 03:39:45.435936,1.0,1.0,1.0,1.0,1.0,1.0,1.0,703377.0,0.04139898983206046,0.03601566753881429,0.04378402715493127,0.03070772063827226,0.032007105962223864,0.03254810944778678,-5.0867597262064634e-05,0.00038468620429436373,-0.00040694077809651707,-0.0,0.0,0.0,0.0,1.0,0.0,0.0,207.38533784521096,208.02212439469648,207.29659054128123,143.19339088193672,142.2502032859005,141.4499740214237,27155.373921395276,26927.73851473223,26710.942057543292,24776.10973951662,209.607443243513,56.54129230299075,1128.7500886264522,0.0018356119473176768,1.7686928925538157,8748.65815490202
2024-10-05 03:39:45.439436,1.0,1.0,1.0,1.0,1.0,1.0,1.0,703378.0,0.04057283328598263,0.035725213865335635,0.04354542032592321,0.03105329154533826,0.03203740138402003,0.032637404840404415,-6.040527174870175e-05,0.0003846862042943638,-0.00037832775463660567,-0.0,0.0,0.0,0.0,1.0,0.0,0.0,206.79746202880696,206.46511598087795,206.5340020815496,144.69960064872566,143.12733633539756,142.37709085256978,27410.173922475064,26895.298651325018,26800.137392773086,24894.02493639832,210.5971219432053,56.5449093538013,1128.7923839194311,0.0018620625452053117,1.7935764935504397,8292.931772745433
2024-10-05 03:39:45.522160,1.0,1.0,1.0,1.0,1.0,1.0,1.0,703379.0,0.04127296521748623,0.03557909785889397,0.04437493143949452,0.030990747087997286,0.032067668184708895,0.032368779656366614,-4.450914760430655e-05,0.00035925240566333144,-0.00036243163049221044,-0.0,0.0,0.0,0.0,1.0,0.0,0.0,206.06907073902016,206.007641773443,204.81653616755523,145.6467393797424,144.6118098637887,143.21305833767644,27506.51569278898,27163.2668337821,26732.503705130457,25006.886078858744,211.64930014479629,56.52038586553234,1128.272910346534,0.0018885282994986201,1.8184486430407456,8706.848483673326
2024-10-05 03:39:45.525657,1.0,1.0,1.0,1.0,1.0,1.0,1.0,703380.0,0.040315225390783915,0.03601566753881429,0.0446091015690999,0.03142594437984583,0.03233879467572394,0.032815266674204355,-1.5896124144395198e-05,0.00036879008014996856,-0.0003560731808344524,-0.0,0.0,0.0,0.0,1.0,0.0,0.0,204.43435655601206,205.34219602624617,204.30070485983197,146.47548790092557,145.4555681734853,144.78208496595636,27435.372820017274,27243.6658532237,27008.44808775286,25115.319068148656,212.64037366427272,56.50236501114791,1127.883790310776,0.0019145304021835961,1.843312214596041,8654.166694591042
2024-10-05 03:39:45.606430,1.0,1.0,1.0,1.0,1.0,1.0,1.0,703381.0,0.04070102581168387,0.03637547335010834,0.044900096837092805,0.03173314566510837,0.03299216966314644,0.03248844283583844,2.5433798631032314e-05,0.0003560731808344524,-0.0003656108553210895,-0.0,0.0,0.0,0.0,1.0,0.0,0.0,204.04102950049227,203.68993146564608,203.66252626764935,147.99646630128572,146.1241104936334,145.62509122971855,27704.82334499397,27136.995554738838,27098.816226654166,25212.405007342197,213.52988763977487,56.48589226655755,1127.5270909867452,0.0019392048673569247,1.8681679229129045,8667.390986402117
2024-10-05 03:39:45.690424,1.0,1.0,1.0,1.0,1.0,1.0,1.0,703382.0,0.041461858493688546,0.036802597262395625,0.044316195568033935,0.031549183850304155,0.033226575237181734,0.03194642892952922,4.450914760430655e-05,0.00033699783186117815,-0.0003751485298077266,-0.0,0.0,0.0,0.0,1.0,0.0,0.0,203.48743434498053,203.2529839964757,202.15829815719962,148.8548871494558,147.5263454120904,146.25344892472935,27789.203974911878,27367.687323531,26999.704248926748,25296.064602812316,214.13951947780583,56.51326922842434,1128.0478443569416,0.0019619641916150824,1.8930351109485064,8067.136384168963
2024-10-05 03:39:45.693424,1.0,1.0,1.0,1.0,1.0,1.0,1.0,703383.0,0.041209808385968265,0.03757304914762413,0.04390284427203976,0.03145679951185349,0.03360399710929144,0.03221857569203676,5.086759726206463e-05,0.0003401770566900572,-0.00040376155326763796,-0.0,0.0,0.0,0.0,1.0,0.0,0.0,201.94987424197032,202.7328429762738,201.8097654837141,149.43611109851722,148.2628590693993,147.70962059737693,27655.0170093306,27438.85018867511,27245.963006860013,25368.357518489825,214.73457675552612,56.518946510167645,1128.136760700659,0.001983555640311448,1.9179042590955075,8462.679614938555
2024-10-05 03:39:45.775481,1.0,1.0,1.0,1.0,1.0,1.0,1.0,703384.0,0.04114655461363215,0.038733615672373205,0.04413951900188092,0.0316106234096681,0.033834164163335345,0.032097906445255474,4.132992277542751e-05,0.00037196930497884756,-0.0003815069794654847,-0.0,0.0,0.0,0.0,1.0,0.0,0.0,201.46248128965462,201.25432257036888,201.42124755645187,150.95404811091277,148.73009986187395,148.50963015596795,27884.500456706563,27284.294120263567,27343.412295234386,25436.649028347885,215.3999750779202,56.49723200068601,1127.6793584838827,0.0020047721362792315,1.9427633240647522,8816.902242889859
2024-10-05 03:39:45.778980,1.0,1.0,1.0,1.0,1.0,1.0,1.0,703385.0,0.04189929789626443,0.03913501101148131,0.044316195568033935,0.03179422973639322,0.033834164163335345,0.03197678183797181,1.9075348973274234e-05,0.00037832775463660567,-0.0003783277546366057,-0.0,0.0,0.0,0.0,1.0,0.0,0.0,201.18796243555315,200.82638353613464,199.84261809890018,151.69430328538573,150.14448077106243,148.90522795981371,27985.1122369031,27503.578002618997,27147.89683729738,25488.721477270952,215.87923184104957,56.48832237672684,1127.4792804118697,0.002024460124177327,1.9676179784240537,8509.284605454231
2024-10-05 03:39:45.860147,1.0,1.0,1.0,1.0,1.0,1.0,1.0,703386.0,0.042393702000235525,0.03900167157440239,0.04478392562861249,0.031763702384431956,0.03377676944149575,0.03185519667586617,1.2716899315516153e-05,0.0003751485298077266,-0.00039422387878100085,-0.0,0.0,0.0,0.0,1.0,0.0,0.0,199.69859663873936,200.64559616477854,199.34424381479974,152.0900501353527,150.84082990120186,150.35843221856769,27794.19422447433,27603.03034513086,27364.532872602333,25540.339774200947,216.30990813690772,56.49110487227213,1127.5132124057493,0.0020435828303532826,1.9924733807953094,8527.068951939364
2024-10-05 03:39:45.863140,1.0,1.0,1.0,1.0,1.0,1.0,1.0,703387.0,0.042393702000235525,0.03880080326089556,0.045590908124401384,0.03151841915858901,0.03377676944149575,0.0313331966781849,9.53767448663711e-06,0.00037832775463660567,-0.000410120002925396,-0.0,0.0,0.0,0.0,1.0,0.0,0.0,199.35553053528594,199.11308155547954,199.24801315914263,153.4378375825478,151.1609779031406,151.19603544056818,28003.433385323722,27397.917927866205,27501.13800012197,25595.96805549384,216.81854289973543,56.48237030729448,1127.3182039059993,0.0020618842899283968,2.017324484312526,8547.87375335416
2024-10-05 03:39:45.945869,1.0,1.0,1.0,1.0,1.0,1.0,1.0,703388.0,0.0423322172659213,0.03946638873835309,0.046496026860123614,0.03167194378429309,0.03360399710929144,0.03105329154533826,2.5433798631032307e-05,0.00040376155326763796,-0.00040376155326763796,-0.0,0.0,0.0,0.0,1.0,0.0,0.0,199.35318921083032,198.83497018397256,197.7822424403912,154.1806824414363,152.5221394796843,151.61907312067368,28114.428455809455,27625.67552950713,27319.128039337636,25655.545831274132,217.26230588764457,56.4991807839443,1127.6342447215518,0.0020791194887571428,2.042182554773943,8340.842429102351
2024-10-05 03:39:46.028662,1.0,1.0,1.0,1.0,1.0,1.0,1.0,703389.0,0.042023444236177564,0.040055960801949016,0.04716346808075752,0.03157991857152382,0.03340129988750126,0.030676112065162197,1.2716899315516153e-05,0.00043555380155642836,-0.0004355538015564284,-0.0,0.0,0.0,0.0,1.0,0.0,0.0,197.8234855616121,198.80551076930223,197.73909277412343,154.44894234287375,153.16825658452754,152.90896346674842,27887.64261543257,27712.451819327314,27556.12801489536,25694.73216039376,217.5373058200958,56.5147772486226,1127.928918490224,0.002093812094327909,2.067047121154883,8367.652283932977
2024-10-05 03:39:46.032162,1.0,1.0,1.0,1.0,1.0,1.0,1.0,703390.0,0.04245509769062346,0.040055960801949016,0.0478760303248665,0.031022035078891817,0.0333431600699038,0.030422061214259163,-4.04768811061255e-21,0.0004260161270697913,-0.00045144992570082354,-0.0,0.0,0.0,0.0,1.0,0.0,0.0,197.72996480981016,197.35613700989703,197.77200099197572,155.67425679498746,153.4354453390883,153.5650391677579,28102.205385566504,27500.745547459403,27638.435895214956,25729.483221595852,217.80775842460412,56.52172286136008,1128.0519484344645,0.002107604538684222,2.0919143996625937,8589.309792140357
2024-10-05 03:39:46.113892,1.0,1.0,1.0,1.0,1.0,1.0,1.0,703391.0,0.0420853800755884,0.040185802182344105,0.04852449368406469,0.03064447088906264,0.03260766687993288,0.030198013527012933,-9.53767448663712e-06,0.0004355538015564284,-0.0004355538015564284,-0.0,0.0,0.0,0.0,1.0,0.0,0.0,197.7243798810911,197.33889506646642,196.36768225957348,156.10810679601448,154.65696311025945,153.8296179177947,28147.683386484947,27729.201302093403,27415.645163184374,25752.65942915784,217.9635777266458,56.53289149869741,1128.2609017510692,0.0021199412937636026,2.1167862844300838,8595.91880609965
2024-10-05 03:39:46.117389,1.0,1.0,1.0,1.0,1.0,1.0,1.0,703392.0,0.04189929789626443,0.03979500713939933,0.04911139729519536,0.03077084037730748,0.03248844283583844,0.030422061214259163,-6.938893903907229e-21,0.0004260161270697913,-0.0004260161270697913,-0.0,0.0,0.0,0.0,1.0,0.0,0.0,196.52037165332345,197.35645436000007,196.28733620218486,156.26607435090676,155.08478601259225,155.14845652050434,27929.51754842677,27783.641156549795,27638.98995006764,25777.72974940406,218.28613051693625,56.50495535161804,1127.6904588272996,0.0021313601524613713,2.141645594100232,9017.476197716802
2024-10-05 03:39:46.200088,1.0,1.0,1.0,1.0,1.0,1.0,1.0,703393.0,0.04164989509779679,0.03926789767914727,0.04911139729519536,0.03120910432259612,0.032756086704177324,0.030198013527012933,-5.782411586589357e-21,0.00040694077809651707,-0.00041965767741203314,-0.0,0.0,0.0,0.0,1.0,0.0,0.0,196.5842202812538,196.20916823112074,196.2825340184062,157.62862385896088,155.16318041713618,155.51807174227025,28176.531637608623,27555.08879266201,27693.88110818226,25806.421397268536,218.62881488275818,56.479775003107484,1127.1760854826791,0.002141841552429677,2.1664935646957613,8990.97733509613
2024-10-05 03:39:46.283113,1.0,1.0,1.0,1.0,1.0,1.0,1.0,703394.0,0.041336025552530284,0.0387336156723732,0.0490052103659938,0.031146872746571578,0.032368779656366614,0.030581090322992784,6.358449657758075e-06,0.000403761553267638,-0.0004482707008719446,-0.0,0.0,0.0,0.0,1.0,0.0,0.0,196.71581971366982,196.2620295289467,195.28034964779107,158.02323733588014,156.4371811717977,155.55567993342885,28242.994576097008,27779.93512954933,27481.968209844475,25835.68427079965,218.8786097484466,56.479775003107484,1127.1663863138579,0.0021504279612997285,2.1913413214785025,8632.735382038229
2024-10-05 03:39:46.286610,1.0,1.0,1.0,1.0,1.0,1.0,1.0,703395.0,0.04095620715673985,0.03832801689680105,0.049164404755088105,0.031115710284795706,0.03194642892952922,0.030676112065162197,1.5896124144395195e-05,0.0004164784525831542,-0.0004609876001874607,-0.0,0.0,0.0,0.0,1.0,0.0,0.0,195.6003083799923,196.49880558602976,195.46364381975118,158.0806068550646,156.81887441189963,156.75699856222892,28011.436916544746,27855.01192503678,27718.631223420718,25864.57386501657,219.16818854170853,56.46865768748194,1126.935841092501,0.002158111027383229,2.2161839960199194,8644.489837602165
2024-10-05 03:39:46.368112,1.0,1.0,1.0,1.0,1.0,1.0,1.0,703396.0,0.04076497090344803,0.038123599349151736,0.04911139729519536,0.03073929670896773,0.03179422973639322,0.031022035078891817,4.7688372433185584e-05,0.00040694077809651707,-0.00044509147604306553,-0.0,0.0,0.0,0.0,1.0,0.0,0.0,195.71513784612563,195.43639145118493,195.79615704131086,159.23566756621102,156.97816490787906,156.95793037287666,28243.834406826885,27639.27036237076,27758.826114608863,25885.382672807493,219.25921013999846,56.490991494535976,1127.3742900666564,0.002164539654344235,2.2410363359253886,8335.510435383607
2024-10-05 03:39:46.371111,1.0,1.0,1.0,1.0,1.0,1.0,1.0,703397.0,0.04050858489526056,0.0378493252884673,0.048578141565218835,0.031146872746571578,0.031763702384431956,0.031146872746571578,3.1792248288790396e-05,0.00036561085532108955,-0.00041647845258315413,-0.0,0.0,0.0,0.0,1.0,0.0,0.0,196.06809339702366,195.67590610093777,194.6669423755696,159.40329983423874,158.18378649289423,156.86751092549548,28298.341061609928,27888.887412868728,27480.791542418134,25895.766101588535,219.374062921302,56.48434568851947,1127.2360438611768,0.0021695125254063475,2.2658856282700617,8653.24772781523
2024-10-05 03:39:46.453340,1.0,1.0,1.0,1.0,1.0,1.0,1.0,703398.0,0.04076497090344802,0.037711440220720746,0.04857814156521883,0.03139505892336215,0.03182472780550264,0.031022035078891817,3.179224828879041e-06,0.0003306393822034201,-0.00045462915052970265,-0.0,0.0,0.0,0.0,1.0,0.0,0.0,194.97556465010354,196.08699292348774,194.9353341513778,159.1896521400548,158.3957364636471,157.91519313664938,28022.05692700498,27948.012161811042,27703.20045202369,25898.77227106535,219.46378132720685,56.468002581533234,1126.9060257753895,0.0021729348862054754,2.290727645549377,8893.045012376237
2024-10-05 03:39:46.536528,1.0,1.0,1.0,1.0,1.0,1.0,1.0,703399.0,0.04089256110871732,0.037224820604963814,0.047767097236448446,0.031364143052817484,0.03185519667586617,0.03148762440853117,1.5896124144395198e-05,0.000321101707716783,-0.00043555380155642836,-0.0,0.0,0.0,0.0,1.0,0.0,0.0,195.49495499992375,195.01687174431245,195.31469045456268,160.11134146085843,158.27399588002538,158.17485839774082,28253.608729422132,27700.706005907134,27754.963387380343,25910.621669755736,219.58846009655798,56.46189556128605,1126.7814844675197,0.0021752960415003606,2.31556691738475,8661.707462647464
2024-10-05 03:39:46.540024,1.0,1.0,1.0,1.0,1.0,1.0,1.0,703400.0,0.04108320345271294,0.03757304914762413,0.04716346808075752,0.03151841915858901,0.03185519667586617,0.03130221970899244,2.5433798631032317e-05,0.00032746015737454104,-0.000406940778096517,-0.0,0.0,0.0,0.0,1.0,0.0,0.0,195.8791065895309,195.5634875596184,194.3941365455545,160.22357543017503,159.16600844660553,158.03707846882446,28272.78001381965,27934.151161250556,27528.756966632795,25918.46362308889,219.65214836112804,56.462644544074394,1126.795699584084,0.0021759442169642603,2.3404065025844702,8664.349335559806
2024-10-05 03:39:46.622049,1.0,1.0,1.0,1.0,1.0,1.0,1.0,703401.0,0.04082881584609788,0.037224820604963814,0.04699749641733918,0.03182472780550264,0.03248844283583844,0.032007105962223864,3.1792248288790396e-05,0.0003401770566900572,-0.0004228369022409122,-0.0,0.0,0.0,0.0,1.0,0.0,0.0,194.9736058359519,195.93073511171613,195.07586156211383,160.1785733034571,159.2190631623566,158.88863102736624,28061.635691612384,27939.219674915552,27777.275977371915,25930.88888083015,219.75745639720094,56.462644544074394,1126.7956624028393,0.002175977142489836,2.3652460869645506,8668.697511574643
2024-10-05 03:39:46.625549,1.0,1.0,1.0,1.0,1.0,1.0,1.0,703402.0,0.04076497090344803,0.03694387454679471,0.046775284787538986,0.032007105962223864,0.032696799620819436,0.03191604715477278,1.5896124144395198e-05,0.0003560731808344524,-0.00040376155326763796,-0.0,0.0,0.0,0.0,1.0,0.0,0.0,195.53380821785407,195.17245296650646,195.45600766681878,160.96652111620764,159.2228429775375,158.6951534498031,28293.04164084561,27749.697939262747,27733.484138269436,25928.64016379422,219.73268337903548,56.4640278284019,1126.8249728513415,0.0021744673654519263,2.3900863174771847,8667.699876283043
2024-10-05 03:39:46.706554,1.0,1.0,1.0,1.0,1.0,1.0,1.0,703403.0,0.04089256110871732,0.037780445658522906,0.047603230210664246,0.031641298451732976,0.03251828982682399,0.032007105962223864,-3.1792248288790337e-06,0.00037196930497884767,-0.0004005823284387589,-0.0,0.0,0.0,0.0,1.0,0.0,0.0,195.873644061576,195.80491371336583,194.74877815449645,160.6206748576681,160.23596225896284,158.69024426367525,28242.020294594997,28033.961706883012,27528.921056506377,25936.01398122604,219.7127620873119,56.48513205042102,1127.2476273104962,0.0021731503572768873,2.4149358651725628,8365.328911690913
2024-10-05 03:39:46.709550,1.0,1.0,1.0,1.0,1.0,1.0,1.0,703404.0,0.04070102581168387,0.038055216156251626,0.04776709723644845,0.03145679951185349,0.03272645658802371,0.03157991857152382,-9.53767448663711e-06,0.00035607318083445244,-0.0004228369022409122,-0.0,0.0,0.0,0.0,1.0,0.0,0.0,195.2725326386037,196.21785168130876,195.27075474140102,160.36619440725974,160.00041346302226,159.54928606633777,28025.321492798343,28016.438570959905,27756.680481403295,25931.634407686783,219.64429470770787,56.49303782403631,1127.4086050614071,0.0021703129392307598,2.4397889615330275,8664.553485266995
2024-10-05 03:39:46.792810,1.0,1.0,1.0,1.0,1.0,1.0,1.0,703405.0,0.04152463197171362,0.03798670986099516,0.047984716118142805,0.031549183850304155,0.03290383705573704,0.03120910432259612,5.782411586589357e-22,0.0003497147311766943,-0.00040376155326763796,-0.0,0.0,0.0,0.0,1.0,0.0,0.0,195.945997510128,195.587458898808,195.78973949598827,161.09553500373585,159.8531682676257,159.3277590770479,28259.87291925642,27814.28403997268,27749.88494926251,25936.627515528697,219.65951084271202,56.499789034087925,1127.5475740776326,0.002166562606675061,2.46464512138825,8665.30155745095
2024-10-05 03:39:46.875073,1.0,1.0,1.0,1.0,1.0,1.0,1.0,703406.0,0.04108320345271294,0.037780445658522906,0.04771253742739651,0.03227874115189541,0.033284918697807614,0.03105329154533826,-6.3584496577580725e-06,0.00035925240566333144,-0.00040694077809651707,-0.0,0.0,0.0,0.0,1.0,0.0,0.0,196.51246772326024,196.26144976437706,195.21292683238414,160.7367503295906,160.49064679370125,159.11399440811795,28228.477949454882,28042.13885297095,27548.772118641893,25931.3048933176,219.72172020401163,56.471896561601156,1126.997008059797,0.002161183987829618,2.4894891443214795,9062.10929247899
2024-10-05 03:39:46.878520,1.0,1.0,1.0,1.0,1.0,1.0,1.0,703407.0,0.04133602555253029,0.03825999906698716,0.04749367142281465,0.032007105962223864,0.033459338679991214,0.031146872746571578,3.179224828879041e-06,0.00039740310360987996,-0.000410120002925396,-0.0,0.0,0.0,0.0,1.0,0.0,0.0,195.86132342587644,196.87638903725804,196.06747558756373,160.47248186432938,160.1131326732166,159.88747295450682,27989.978039012913,28013.16133228015,27816.41909865063,25926.643368711157,219.67198603686302,56.47416325893146,1127.0495226146813,0.0021547398168515128,2.5143343249088965,8665.387260379139
2024-10-05 03:39:46.960834,1.0,1.0,1.0,1.0,1.0,1.0,1.0,703408.0,0.0420853800755884,0.0373645014732293,0.04683093654403021,0.03188563643118791,0.03340129988750126,0.031549183850304155,3.179224828879041e-06,0.00041012000292539613,-0.000403761553267638,-0.0,0.0,0.0,0.0,1.0,0.0,0.0,196.70284010927386,196.20565183469313,196.69786681653633,161.31518593403018,159.84052643167553,159.45343732298622,28289.544781295746,27783.185825057622,27785.092294537153,25934.710170503775,219.6209832511263,56.50455742534498,1127.6620093913982,0.002149507248783263,2.539193007427036,8226.624621901812
2024-10-05 03:39:46.963834,1.0,1.0,1.0,1.0,1.0,1.0,1.0,703409.0,0.04245509769062346,0.0373645014732293,0.04738385931883414,0.031641298451732976,0.033284918697807614,0.03157991857152382,-1.9075348973274234e-05,0.0004005823284387589,-0.000410120002925396,-0.0,0.0,0.0,0.0,1.0,0.0,0.0,197.25362804013062,197.1687211902144,195.96628695331128,160.82514451013793,160.60346062105603,159.0552432135732,28246.32696716589,28079.806743651796,27527.886864085256,25929.177516852113,219.62473873495333,56.4911852286872,1127.4021667735217,0.0021432881877229575,2.564045961859021,8849.818170024164
2024-10-05 03:39:47.045822,1.0,1.0,1.0,1.0,1.0,1.0,1.0,703410.0,0.04245509769062346,0.036873303566316074,0.04743879714519196,0.03148762440853117,0.03299216966314644,0.03197678183797181,-4.450914760430654e-05,0.00039422387878100085,-0.0004355538015564284,-0.0,0.0,0.0,0.0,1.0,0.0,0.0,196.6466135235612,197.73653683552922,196.8910165763722,160.4678176133834,160.2730352746365,159.67038142762095,28035.744874102977,28050.387954778253,27786.183446143743,25930.337745296125,219.6339698782968,56.49097676899291,1127.4052271130126,0.002136897257696645,2.5888989837544902,8664.12427154559
2024-10-05 03:39:47.128901,1.0,1.0,1.0,1.0,1.0,1.0,1.0,703411.0,0.043843475963241854,0.03701431097784901,0.04694204212496726,0.031549183850304155,0.03245856839932655,0.03157991857152382,-6.040527174870174e-05,0.0003910446539521219,-0.00040376155326763796,-0.0,0.0,0.0,0.0,1.0,0.0,0.0,197.7163111720198,197.18351367779152,197.3760402920943,161.08991112793404,159.91747678009563,159.21646444423567,28314.886773335744,27844.751236494114,27735.24298784441,25932.3660974977,219.69320998772048,56.47975741412524,1127.1893885248792,0.00212975397538073,2.6137472476081944,8666.384178430582
2024-10-05 03:39:47.131901,1.0,1.0,1.0,1.0,1.0,1.0,1.0,703412.0,0.04437493143949452,0.03722482060496381,0.04688652224495428,0.03120910432259612,0.032007105962223864,0.03188563643118791,-5.404682209094366e-05,0.0003783277546366057,-0.00042919535189867036,-0.0,0.0,0.0,0.0,1.0,0.0,0.0,198.21444516498548,198.20764181713773,196.99780877796638,160.60901635655813,160.50947828925788,158.93663865204067,28256.532096128445,28117.564926826253,27575.775921170607,25944.322654598895,219.82395604448595,56.4717757886705,1127.0383637754662,0.002122433697600067,2.6385921822052003,8671.652639445882
2024-10-05 03:39:47.214017,1.0,1.0,1.0,1.0,1.0,1.0,1.0,703413.0,0.04449217056439318,0.03701431097784901,0.045648003836347706,0.030802351742838057,0.03188563643118791,0.03191604715477278,-4.7688372433185584e-05,0.00037832775463660567,-0.00042601612706979125,-0.0,0.0,0.0,0.0,1.0,0.0,0.0,197.79415470989753,198.68456664133865,198.06552440151677,160.3123638652718,159.89561460239528,159.35334876652868,28085.82303913486,28032.021464013418,27826.836901929608,25936.727157379635,219.76581585739052,56.4696829388808,1127.0064869601383,0.0021136755983396094,2.663436414095522,8669.224440828297
2024-10-05 03:39:47.217517,1.0,1.0,1.0,1.0,1.0,1.0,1.0,703414.0,0.04587567609077438,0.03701431097784901,0.04553374081900146,0.030990747087997286,0.031549183850304155,0.03197678183797181,-5.722604691982269e-05,0.0003497147311766943,-0.00039422387878100085,-0.0,0.0,0.0,0.0,1.0,0.0,0.0,198.71567662563467,198.33439786339682,198.5922011651642,160.80964906260758,159.5667568618376,158.708570674762,28334.202565453263,27856.099572845345,27745.92925668069,25928.167459601544,219.7267344500046,56.46060092146694,1126.8349370883566,0.002105079738957044,2.688276864264225,8667.4628307609
2024-10-05 03:39:47.299898,1.0,1.0,1.0,1.0,1.0,1.0,1.0,703415.0,0.0451892182844354,0.03743414645719283,0.04598908955455482,0.03095942747707764,0.030990747087997286,0.03224867245309928,-5.0867597262064614e-05,0.0003369978318611782,-0.00043873302638530737,-0.0,0.0,0.0,0.0,1.0,0.0,0.0,199.3048734133641,199.28286282850874,198.11199570619758,160.23306210092142,159.95770442216542,158.28592466023113,28287.347032083664,28092.025732762515,27544.05926342239,25918.51330103331,219.6135105203106,56.46820335574909,1126.9961032031285,0.0020967232629442415,2.713120867250392,8662.926798087656
2024-10-05 03:39:47.303398,1.0,1.0,1.0,1.0,1.0,1.0,1.0,703416.0,0.045590908124401384,0.03764230828317236,0.04598908955455482,0.030833830904597324,0.03070772063827226,0.03221857569203676,-7.312217106421788e-05,0.000321101707716783,-0.0004450914760430655,-0.0,0.0,0.0,0.0,1.0,0.0,0.0,198.90668437413814,199.90564720076281,199.00227898508294,159.8318142528711,159.3120662821038,158.74760278570488,28096.762512889713,28030.316761057074,27791.329355995513,25911.076108825255,219.46404831305966,56.489962606751284,1127.4400181483718,0.002088188660237937,2.737974656094907,8340.098942534249
2024-10-05 03:39:47.384085,1.0,1.0,1.0,1.0,1.0,1.0,1.0,703417.0,0.045246820880521094,0.037711440220720746,0.0459324178268601,0.030676112065162197,0.030485772407004817,0.03194642892952922,-8.265984555085502e-05,0.00032746015737454104,-0.0004387330263853075,-0.0,0.0,0.0,0.0,1.0,0.0,0.0,199.928172559268,199.44031263524226,199.585175038423,160.3838217587678,158.8641538716284,157.96238913912788,28389.721900693352,27818.09532462894,27721.31472186948,25908.808909904717,219.38430129582085,56.5050854113439,1127.751160847504,0.002079943214192493,2.7628353039073676,8431.797845108473
2024-10-05 03:39:47.468003,1.0,1.0,1.0,1.0,1.0,1.0,1.0,703418.0,0.0446091015690999,0.037711440220720746,0.04553374081900146,0.03077084037730748,0.030517578125,0.03185519667586617,-6.994294623533885e-05,0.0003179224828879039,-0.0004164784525831542,-0.0,0.0,0.0,0.0,1.0,0.0,0.0,200.5485565916785,200.4918988144252,199.13869196115598,159.61250922229107,159.29219723600764,157.53790416357083,28303.891987090894,28095.743025857122,27527.251509304646,25901.812231284337,219.381917339131,56.489920116090516,1127.4588630587302,0.002070758162050953,2.787689508177462,8863.086852900045
2024-10-05 03:39:47.471503,1.0,1.0,1.0,1.0,1.0,1.0,1.0,703419.0,0.04449217056439318,0.03798670986099516,0.04513154216867338,0.031084516582433108,0.03054935072925873,0.03179422973639322,-6.676372140645982e-05,0.00029566790908575063,-0.0004260161270697913,-0.0,0.0,0.0,0.0,1.0,0.0,0.0,200.01317120114908,201.07661939723576,200.30536011734506,159.29287000623444,158.44995087370225,157.81438001011514,28117.45712805546,27976.646877416344,27797.173661207886,25883.893786308123,219.16853718087015,56.50523839786807,1127.7758282860234,0.0020608174899991952,2.8125506997699006,8418.7776346821
2024-10-05 03:39:47.553348,1.0,1.0,1.0,1.0,1.0,1.0,1.0,703420.0,0.044198489661446745,0.0378493252884673,0.0451892182844354,0.031364143052817484,0.030453933471522428,0.031641298451732976,-2.543379863103232e-05,0.00027023411045471834,-0.00044509147604306553,-0.0,0.0,0.0,0.0,1.0,0.0,0.0,201.1336319221615,200.58137164784034,200.82685968893637,159.7346303742028,158.0264183003557,157.0180010431248,28409.912418447533,27784.489090478248,27690.327490045067,25875.896265932817,219.11267127025596,56.501694805131066,1127.7148255593481,0.0020522132577363537,2.83741054659112,8642.869844785908
2024-10-05 03:39:47.556848,1.0,1.0,1.0,1.0,1.0,1.0,1.0,703421.0,0.04306424069081518,0.03798670986099516,0.04513154216867338,0.031115710284795706,0.030230122003416366,0.031641298451732976,-3.815069794654847e-05,0.0002734133352835974,-0.0004927798484762511,-0.0,0.0,0.0,0.0,1.0,0.0,0.0,201.54229838104433,201.70336811231138,200.30516900785057,158.83173817819568,158.40306754795537,156.56046321607127,28284.48976361046,28065.534677483465,27489.871282003824,25856.17209344109,218.9653639193708,56.49612367680955,1127.6132967644635,0.0020436594773629193,2.8622681552664613,8636.70170720378
2024-10-05 03:39:47.638318,1.0,1.0,1.0,1.0,1.0,1.0,1.0,703422.0,0.042455097690623465,0.037711440220720746,0.044842048853109995,0.031364143052817484,0.030294236862297798,0.03142594437984583,-6.040527174870174e-05,0.0002734133352835974,-0.0005023175229628882,-0.0,0.0,0.0,0.0,1.0,0.0,0.0,201.17519100122362,202.1106859941651,201.31326007630776,158.37814822098747,157.50484582805225,156.85928627771833,28109.809347187274,27930.741831277614,27735.277620721663,25829.889796075382,218.61530013243134,56.528543856040464,1128.2708862757543,0.002034362366481973,2.8871402601372513,8153.729415579538
2024-10-05 03:39:47.721770,1.0,1.0,1.0,1.0,1.0,1.0,1.0,703423.0,0.04318503823719134,0.037503662109375,0.04501596824740669,0.031641298451732976,0.03054935072925873,0.031549183850304155,-4.132992277542751e-05,0.0002988471339146297,-0.0005150344222784043,-0.0,0.0,0.0,0.0,1.0,0.0,0.0,202.26185301146413,201.72233356957588,201.68405505372553,158.73948280552176,157.04914667889085,156.07271515842024,28373.752548773795,27760.223544113553,27636.324249903515,25822.735590297714,218.6421941295658,56.50549003661798,1127.819640590172,0.0020264934793975866,2.9120024175475945,8946.778687448996
2024-10-05 03:39:47.724269,1.0,1.0,1.0,1.0,1.0,1.0,1.0,703424.0,0.04227064309912445,0.037084613626145846,0.04501596824740669,0.03127121205432006,0.030581090322992784,0.03151841915858901,-4.132992277542751e-05,0.0003338186070322991,-0.0005086759726206463,-0.0,0.0,0.0,0.0,1.0,0.0,0.0,202.67674677007167,202.69572402314793,201.41035350471998,157.86758966147272,157.33262246407267,155.6207914644685,28255.23714514191,27999.293577950633,27478.855842078367,25805.040140936235,218.4904026922875,56.50549003661798,1127.8297749944384,0.002017525851420306,2.93686479836525,8617.28552933825
2024-10-05 03:39:47.806656,1.0,1.0,1.0,1.0,1.0,1.0,1.0,703425.0,0.04220897910845451,0.036802597262395625,0.044725726870264354,0.031240173622796498,0.03130221970899244,0.0313331966781849,-4.4509147604306555e-05,0.00035925240566333144,-0.0004959590733051301,-0.0,0.0,0.0,0.0,1.0,0.0,0.0,202.250511593796,203.1464985718718,202.42628732192594,157.47532618175575,156.48113064769262,155.97418552572643,28081.224395880992,27896.718261951046,27743.57070780676,25795.925369971443,218.48529728744234,56.48641316562852,1127.4577516836564,0.0020097856295603973,2.9617189781356985,8883.146773507806
2024-10-05 03:39:47.809656,1.0,1.0,1.0,1.0,1.0,1.0,1.0,703426.0,0.04183708658073959,0.03651840306907817,0.04507379225100917,0.030928076150071922,0.03142594437984583,0.031115710284795706,-3.1792248288790396e-05,0.00036243163049221055,-0.00048006294916073494,-0.0,0.0,0.0,0.0,1.0,0.0,0.0,203.17356597835854,202.67722512780324,202.8898651828151,157.79387561560029,156.006234546593,155.0985183212858,28335.61548366502,27708.372602937558,27634.681712294143,25777.371051936327,218.34484620142308,56.48166142097211,1127.3715210236617,0.002002160824310368,2.9865712569991536,8610.883500564987
2024-10-05 03:39:47.891598,1.0,1.0,1.0,1.0,1.0,1.0,1.0,703427.0,0.04220897910845452,0.036731754853566174,0.04553374081900147,0.031146872746571578,0.03157991857152382,0.031146872746571578,-4.450914760430654e-05,0.0003687900801499686,-0.0004927798484762511,-0.0,0.0,0.0,0.0,1.0,0.0,0.0,203.63058950583374,203.63026621353637,202.3179498939443,156.92607727728355,156.29470649883828,154.7807671151691,28222.557146830168,27968.199502554507,27456.73724316284,25763.00890036747,218.17536820215292,56.493661427406835,1127.6186443599227,0.001995431107887232,3.0114289835592656,8604.10329624211
2024-10-05 03:39:47.975213,1.0,1.0,1.0,1.0,1.0,1.0,1.0,703428.0,0.04263875434188018,0.03715478325109878,0.04643997376336176,0.03077084037730748,0.0313331966781849,0.03145679951185349,-4.1329922775427505e-05,0.0003815069794654848,-0.0005086759726206463,-0.0,0.0,0.0,0.0,1.0,0.0,0.0,203.06904110258358,204.06739013967723,203.2159391975013,156.508065407253,155.36397018123992,155.06074412767512,28032.5376991842,27836.181040454067,27710.479788131892,25736.85802894415,217.9407415978024,56.49666690239716,1127.6867679527338,0.0019882324200562536,3.0362882118661347,8594.481206235982
2024-10-05 03:39:47.978713,1.0,1.0,1.0,1.0,1.0,1.0,1.0,703429.0,0.04227064309912445,0.03743414645719283,0.04604569153235156,0.03077084037730748,0.031364143052817484,0.031641298451732976,-3.1792248288790396e-05,0.000406940778096517,-0.00048642139881849305,-0.0,0.0,0.0,0.0,1.0,0.0,0.0,204.12362560349993,203.43331920370537,203.6121256987169,156.83219613689022,154.96129938650262,154.31706882433954,28305.149351458494,27652.127219065045,27615.599971241234,25730.780795126102,217.93041064444463,56.4856708876929,1127.473932907781,0.0019823477449082364,3.0611427483426796,8593.871309296106
2024-10-05 03:39:48.060618,1.0,1.0,1.0,1.0,1.0,1.0,1.0,703430.0,0.04276075388833108,0.0373645014732293,0.04587567609077438,0.030896693010431804,0.03170255949350469,0.03173314566510837,-4.132992277542751e-05,0.00042283690224091225,-0.0004419122512141865,-0.0,0.0,0.0,0.0,1.0,0.0,0.0,204.45276191034975,204.4392510225573,203.06866342926395,155.99009847296276,155.1997158141097,153.9320631771465,28171.63142335899,27907.655644194394,27454.481024835342,25714.11780765063,217.80270741699422,56.48181976169232,1127.4044307905438,0.0019758255423779625,3.085995752683662,8588.542623428182
2024-10-05 03:39:48.064119,1.0,1.0,1.0,1.0,1.0,1.0,1.0,703431.0,0.04330549882888886,0.038463691717159486,0.045932417826860104,0.03077084037730748,0.03242866644143693,0.031549183850304155,-2.225457380215327e-05,0.00042283690224091225,-0.00041012000292539613,-0.0,0.0,0.0,0.0,1.0,0.0,0.0,203.879486927222,204.6967872587075,204.14818974650035,155.64746391939036,154.37175921863098,154.2589136476941,28005.02594787587,27773.038115580574,27726.016558816686,25700.59628979919,217.70459903013514,56.477216321095746,1127.3193928341132,0.0019697620852559793,3.1108468824101387,8584.42172698398
2024-10-05 03:39:48.145214,1.0,1.0,1.0,1.0,1.0,1.0,1.0,703432.0,0.043003714672582107,0.038733615672373205,0.04621508152756301,0.030485772407004817,0.03284481667269478,0.03157991857152382,-9.537674486637115e-06,0.00041329922775427513,-0.00039422387878100085,-0.0,0.0,0.0,0.0,1.0,0.0,0.0,204.81368604671266,204.13920333785728,204.34814996487702,156.0323252262829,154.00790103373058,153.52440691592287,28272.811401305516,27619.493938490737,27610.267911917716,25697.39802402431,217.76200189001898,56.455074470441396,1126.8819770096438,0.001965733302102119,3.1356883695477737,8899.610916309935
2024-10-05 03:39:48.148214,1.0,1.0,1.0,1.0,1.0,1.0,1.0,703433.0,0.04306424069081518,0.038666311337125336,0.04638385292864447,0.030517578125,0.03245856839932655,0.03157991857152382,-3.815069794654847e-05,0.00038468620429436373,-0.00039422387878100085,-0.0,0.0,0.0,0.0,1.0,0.0,0.0,204.9835404363106,205.07045875057776,203.72499620021526,155.2472520673863,154.31919052208625,153.15422983430426,28145.74448985726,27867.078531426625,27438.2443757951,25678.300579193663,217.51991671711957,56.47564238123846,1127.2977286102014,0.0019611277722303014,3.1605390216984697,8280.075545410085
2024-10-05 03:39:48.230886,1.0,1.0,1.0,1.0,1.0,1.0,1.0,703434.0,0.043003714672582107,0.038666311337125336,0.04649602686012361,0.030676112065162197,0.03251828982682399,0.03185519667586617,-2.8613023459911357e-05,0.00035607318083445244,-0.0004005823284387589,-0.0,0.0,0.0,0.0,1.0,0.0,0.0,204.48361595869676,205.25606590045354,204.4749367047444,154.9091959054401,153.49408989844227,153.57644032085133,27987.348040305147,27740.041842623163,27687.469018861866,25664.427999367585,217.33779731139157,56.49220858297483,1127.63282638955,0.0019572126187088067,3.185397060893546,8330.360423435843
2024-10-05 03:39:48.314335,1.0,1.0,1.0,1.0,1.0,1.0,1.0,703435.0,0.04282162331969714,0.03893483061427055,0.04615868726430256,0.030581090322992784,0.03221857569203676,0.032007105962223864,-5.0867597262064634e-05,0.0003497147311766943,-0.0004005823284387589,-0.0,0.0,0.0,0.0,1.0,0.0,0.0,205.2883861374665,204.6517401481904,204.714693652478,155.29081089856714,153.16078145304556,152.84211828624152,28235.962601948417,27569.892027353933,27590.284575290396,25656.27888961885,217.24621038882356,56.4978815132185,1127.7500121135797,0.0019537176365399334,3.2102576833828054,8565.884668444483
2024-10-05 03:39:48.317835,1.0,1.0,1.0,1.0,1.0,1.0,1.0,703436.0,0.04306424069081518,0.03900167157440239,0.045932417826860104,0.03039015553037446,0.03245856839932655,0.032368779656366614,-4.132992277542752e-05,0.00036561085532108955,-0.00041965767741203314,-0.0,0.0,0.0,0.0,1.0,0.0,0.0,205.52649020748063,205.44541734855028,204.15996035505688,154.47335182971696,153.5258940927611,152.57406886228407,28104.089824173432,27820.954027842985,27437.396996378546,25642.968668169255,217.1264283956227,56.49948983252164,1127.7867690026474,0.0019495995931254392,3.235119116157264,8560.975967528206
2024-10-05 03:39:48.399519,1.0,1.0,1.0,1.0,1.0,1.0,1.0,703437.0,0.04324531047620408,0.038733615672373205,0.04581886408620406,0.03010148260279399,0.03233879467572394,0.03272645658802371,-4.4509147604306555e-05,0.0003338186070322991,-0.000406940778096517,-0.0,0.0,0.0,0.0,1.0,0.0,0.0,204.81636395168695,205.6623680223257,205.02285012170344,154.2092135129955,152.82377136875252,152.94042109702394,27937.705595895815,27711.34263856801,27694.361354740067,25635.042944234505,217.07251151535064,56.49588599003177,1127.7182281072237,0.001946594566018325,3.2599790379857607,8558.693065633024
2024-10-05 03:39:48.403018,1.0,1.0,1.0,1.0,1.0,1.0,1.0,703438.0,0.043425625269995945,0.038463691717159486,0.045590908124401384,0.029939906113202793,0.032815266674204355,0.032398736885968185,-7.312217106421791e-05,0.00032746015737454104,-0.0004228369022409122,-0.0,0.0,0.0,0.0,1.0,0.0,0.0,205.61095956246592,204.8956876046648,205.23207727683243,154.63010685643022,152.60498672918587,152.2096339085678,28209.453205431164,27547.946545363437,27570.21871579754,25628.905766653086,217.0438836170944,56.489696551013495,1127.59695527618,0.0019445809397346258,3.2848362864220713,8557.407666475317
2024-10-05 03:39:48.484321,1.0,1.0,1.0,1.0,1.0,1.0,1.0,703439.0,0.043425625269995945,0.03743414645719283,0.045932417826860104,0.029712222914499722,0.032815266674204355,0.032308781866774994,-7.312217106421791e-05,0.0002988471339146297,-0.00043873302638530737,-0.0,0.0,0.0,0.0,1.0,0.0,0.0,205.75748449371076,205.76198092461698,204.35407053249202,153.90975362624815,153.05344775294807,152.00658770119205,28083.281435903336,27829.337709488005,27390.5324604451,25620.43998943529,216.89050982901338,56.51088340732904,1128.0216008683376,0.0019430480872276727,3.3097028959345467,8248.488669051545
2024-10-05 03:39:48.567653,1.0,1.0,1.0,1.0,1.0,1.0,1.0,703440.0,0.04282162331969714,0.037918079796158174,0.04581886408620406,0.02961410853680346,0.03290383705573704,0.0321582976678794,-8.901829520861311e-05,0.0003083848084012668,-0.0004546291505297026,-0.0,0.0,0.0,0.0,1.0,0.0,0.0,204.97660186605498,205.8535609648198,205.12698805032227,153.67239541735856,152.40396336968968,152.48014854920694,27923.01175356772,27711.13549809612,27660.647142890175,25617.566171764738,216.83568387016678,56.518787562311445,1128.1802552373256,0.0019422709718275625,3.334573002894445,8549.324969498088
2024-10-05 03:39:48.571582,1.0,1.0,1.0,1.0,1.0,1.0,1.0,703441.0,0.042393702000235525,0.03637547335010834,0.04587567609077438,0.02958133142821319,0.03260766687993288,0.03284481667269478,-9.855596969525022e-05,0.00030520558357238775,-0.00047688372433185594,-0.0,0.0,0.0,0.0,1.0,0.0,0.0,205.83017449801275,205.09159133764942,205.1314511238257,154.14186428688552,152.161526349914,151.79923503874323,28192.30672735172,27548.95507739256,27532.731124480437,25610.525071362317,216.7994956298911,56.51261813396176,1128.0584343917394,0.0019410959533808674,3.3594404243814804,8547.727435957264
2024-10-05 03:39:48.653742,1.0,1.0,1.0,1.0,1.0,1.0,1.0,703442.0,0.042393702000235525,0.03644700827338301,0.04581886408620406,0.029515668014433095,0.03284481667269478,0.03331405211143558,-0.00010173519452412927,0.000321101707716783,-0.0004959590733051301,-0.0,0.0,0.0,0.0,1.0,0.0,0.0,205.78372210102867,205.89884835134538,204.4994577580499,153.4447678035062,152.68219909764096,151.61748679986218,28047.482404633203,27821.616671390577,27400.11346767364,25608.518085175063,216.7383406831496,56.52407754068194,1128.2883016453798,0.001940101690894828,3.3843129131644187,8545.40403962873
2024-10-05 03:39:48.657742,1.0,1.0,1.0,1.0,1.0,1.0,1.0,703443.0,0.04189929789626443,0.036231979799249525,0.04570502822314875,0.029317795383615314,0.03308026640118225,0.033284918697807614,-9.537674486637117e-05,0.00030520558357238775,-0.000483242173989614,-0.0,0.0,0.0,0.0,1.0,0.0,0.0,205.0362967966743,205.8247262192593,205.3571044755214,153.20994381817638,152.04661647128117,152.14714518051,27888.15357700711,27693.204824419758,27672.875374348103,25603.656050100006,216.71990048948624,56.51811934843728,1128.170069955108,0.001939481567072356,3.409182795595429,8544.541532124611
2024-10-05 03:39:48.738120,1.0,1.0,1.0,1.0,1.0,1.0,1.0,703444.0,0.041587310697157,0.036518403069078165,0.045304350237362054,0.029317795383615314,0.03290383705573704,0.032815266674204355,-9.537674486637117e-05,0.000324280932545662,-0.00047688372433185594,-0.0,0.0,0.0,0.0,1.0,0.0,0.0,205.71770347715545,205.13137874556722,205.33063370946726,153.8140730945755,151.97048011756027,151.57054434490715,28158.479234737868,27564.08027255928,27551.99878492761,25610.678088697245,216.82526895546934,56.50619069289442,1127.9310848004307,0.0019402555990503374,3.434047409731474,8548.680326595524
2024-10-05 03:39:48.741621,1.0,1.0,1.0,1.0,1.0,1.0,1.0,703445.0,0.041461858493688546,0.036231979799249525,0.04507379225100918,0.029350866793321755,0.03360399710929144,0.03310957989067469,-7.630139589309694e-05,0.00032746015737454104,-0.000483242173989614,-0.0,0.0,0.0,0.0,1.0,0.0,0.0,205.74005503910453,205.7905835332784,204.49333312698644,153.16476278938137,152.494617919329,151.43866054121185,28040.872460404134,27825.56480071007,27388.257467079213,25605.24839607023,216.7551596067453,56.5125157078116,1128.0567047328318,0.0019408173534000025,3.45891479308914,8545.89762353107
2024-10-05 03:39:48.823772,1.0,1.0,1.0,1.0,1.0,1.0,1.0,703446.0,0.04082881584609787,0.036447008273383014,0.044900096837092805,0.029810014367864183,0.03363285413230715,0.03308026640118225,-8.265984555085502e-05,0.0003306393822034201,-0.0004737044995029769,-0.0,0.0,0.0,0.0,1.0,0.0,0.0,204.9577554951038,205.7965361628744,205.07691367927964,153.10251041003337,151.94619018308674,152.02765741548237,27903.60820151405,27716.433573583643,27652.155964996662,25612.22008767678,216.83324662727054,56.50764497560709,1127.9574956099827,0.0019425724635196713,3.483779989436809,8549.032120260097
2024-10-05 03:39:48.907679,1.0,1.0,1.0,1.0,1.0,1.0,1.0,703447.0,0.04031522539078391,0.03565223071686204,0.04466745228281863,0.03013369393635788,0.03363285413230715,0.0333431600699038,-8.583907037973405e-05,0.0003306393822034201,-0.0005086759726206463,-0.0,0.0,0.0,0.0,1.0,0.0,0.0,205.65122119115136,204.95037490352,205.06319737299864,153.66505243235008,151.86878062093984,151.44620689081614,28174.16611157046,27567.3151716138,27539.130863113725,25616.088989988424,216.81828251412273,56.52015776384881,1128.2057411850346,0.001943920699162483,3.5086506582202657,8371.409445548888
2024-10-05 03:39:48.910679,1.0,1.0,1.0,1.0,1.0,1.0,1.0,703448.0,0.04025056580563931,0.036231979799249525,0.044667452282818626,0.030581090322992784,0.033546208593426816,0.03337224263981984,-5.404682209094367e-05,0.000321101707716783,-0.0005118551974495253,-0.0,0.0,0.0,0.0,1.0,0.0,0.0,205.63315038287837,205.66320401482784,204.2455973617379,153.0523311396906,152.45490060557486,151.46352866888193,28034.05330629905,27851.518329644565,27411.104476353874,25622.157273559893,216.8957868598464,56.51341608833948,1128.0697634021083,0.0019451649863501661,3.533518329449041,8551.708173955687
2024-10-05 03:39:48.991477,1.0,1.0,1.0,1.0,1.0,1.0,1.0,703449.0,0.04076497090344803,0.03637547335010834,0.044958069872003174,0.03064447088906264,0.0337192770263005,0.033459338679991214,-8.901829520861311e-05,0.000324280932545662,-0.0005150344222784043,-0.0,0.0,0.0,0.0,1.0,0.0,0.0,204.67443917449984,205.59480443861585,205.08036826536247,153.01519389424973,151.88839326364044,152.05335445467583,27879.8280977233,27718.30582275872,27705.56966383266,25625.63960296683,217.0176848951536,56.48943362141553,1127.5893615787118,0.0019466568423558478,3.5583754104865095,8900.240950214056
2024-10-05 03:39:48.995417,1.0,1.0,1.0,1.0,1.0,1.0,1.0,703450.0,0.04037978143756249,0.035725213865335635,0.04518921828443541,0.030453933471522428,0.033168129149298335,0.03351727697218139,-0.00011445209383964543,0.000324280932545662,-0.0005182136471072835,-0.0,0.0,0.0,0.0,1.0,0.0,0.0,205.4155753078062,204.6699026904848,204.9667801089391,153.5062149608295,151.80310382332533,151.50517807856835,28140.29861928921,27569.880191819007,27559.610138759166,25616.26954639695,216.94864826145437,56.486814108876665,1127.5357430123665,0.0019478343750500798,3.583231309532471,8553.427128286852
2024-10-05 03:39:49.077223,1.0,1.0,1.0,1.0,1.0,1.0,1.0,703451.0,0.04050858489526056,0.03594327416403232,0.04507379225100919,0.03077084037730748,0.0333431600699038,0.032815266674204355,-0.00011445209383964543,0.00032746015737454104,-0.00048642139881849305,-0.0,0.0,0.0,0.0,1.0,0.0,0.0,205.2269221648549,205.4321986952162,204.05836518103965,152.95094150111163,152.45373456721572,151.49810768067084,27997.31522214297,27855.937105911366,27414.778343291615,25617.57654230019,216.8855701114183,56.5062526758759,1127.9212170678413,0.001950081933691407,3.608095706139833,8276.104758215546
2024-10-05 03:39:49.160821,1.0,1.0,1.0,1.0,1.0,1.0,1.0,703452.0,0.04044423444177086,0.03594327416403232,0.04536180663361167,0.030928076150071922,0.03272645658802371,0.032398736885968185,-0.00012398976832628253,0.00032746015737454104,-0.0004705252746740978,-0.0,0.0,0.0,0.0,1.0,0.0,0.0,204.4392153879852,205.19778171954442,204.69874193108765,152.9262714311866,151.91507507354976,152.08041848638592,27876.493796592127,27709.13505522503,27672.879742699748,25616.647334222052,216.92175093583975,56.49491319315056,1127.692183313368,0.0019524594560404041,3.632955053825319,8552.452931629447
2024-10-05 03:39:49.164321,1.0,1.0,1.0,1.0,1.0,1.0,1.0,703453.0,0.04057283328598263,0.036589658557456724,0.045304350237362054,0.0313331966781849,0.03233879467572394,0.03245856839932655,-0.00013352744281291964,0.00037196930497884756,-0.0004737044995029769,-0.0,0.0,0.0,0.0,1.0,0.0,0.0,205.1812611468853,204.3985764488663,204.44829010438787,153.5327422372094,151.9548749067017,151.493225933103,28149.69407356488,27589.75346863032,27516.50044916159,25617.553168202183,216.97068683065987,56.48428444472735,1127.4777094163717,0.00195450778909666,3.6578096735528973,8554.285921842462
2024-10-05 03:39:49.245936,1.0,1.0,1.0,1.0,1.0,1.0,1.0,703454.0,0.04127296521748624,0.036589658557456724,0.04541919034616077,0.0313331966781849,0.03272645658802371,0.03284481667269478,-0.00013034821798404061,0.00036879008014996856,-0.0005086759726206463,-0.0,0.0,0.0,0.0,1.0,0.0,0.0,204.92646479821718,205.0518533984682,203.74828474163286,152.94047425535013,152.60246393477527,151.4521981086043,27997.638466145683,27859.58465892876,27398.464413910755,25619.228522750305,216.8654343360358,56.51551118532178,1128.098685734831,0.001956576102048214,3.6826779823584297,8107.78137250348
2024-10-05 03:39:49.249436,1.0,1.0,1.0,1.0,1.0,1.0,1.0,703455.0,0.04108320345271294,0.03651840306907817,0.04553374081900146,0.03142594437984583,0.03221857569203676,0.03248844283583844,-0.0001367066676417987,0.0003783277546366057,-0.0004927798484762511,-0.0,0.0,0.0,0.0,1.0,0.0,0.0,204.0780516359303,204.89922145682667,204.43650986176766,152.94794356378407,152.0991694212608,152.06656048632917,27858.140581866468,27728.748567380288,27660.678125437,25618.260331022684,216.93229066052595,56.496068824725995,1127.7083976800125,0.0019585246022806014,3.7075376874806203,8832.204956002042
2024-10-05 03:39:49.331556,1.0,1.0,1.0,1.0,1.0,1.0,1.0,703456.0,0.04127296521748623,0.036447008273383014,0.04553374081900146,0.031641298451732976,0.03188563643118791,0.03242866644143693,-0.00014306511729955676,0.0003878654291232428,-0.0005054967477917672,-0.0,0.0,0.0,0.0,1.0,0.0,0.0,204.70434173756183,204.0692939689296,204.2770731924996,153.58465420533386,152.15457819932706,151.5257582217352,28127.126906781366,27603.214475895766,27513.613434283896,25619.0519860238,216.90780651686433,56.50432864730666,1127.8705436321618,0.001960937654709194,3.732400967020245,8552.031856568192
2024-10-05 03:39:49.334557,1.0,1.0,1.0,1.0,1.0,1.0,1.0,703457.0,0.041461858493688546,0.037503662109375,0.045932417826860104,0.03130221970899244,0.03179422973639322,0.03194642892952922,-0.00012398976832628253,0.0004164784525831542,-0.0005118551974495253,-0.0,0.0,0.0,0.0,1.0,0.0,0.0,204.50930533631598,204.74172841014158,203.3458487474844,153.05684082057965,152.84711265243703,151.5698102077527,27987.378169286876,27885.066416811853,27367.844931571723,25620.30295782062,217.04463005460414,56.47163825724618,1127.2145802151056,0.00196398138806733,3.7572497862107648,9027.027401179173
2024-10-05 03:39:49.417064,1.0,1.0,1.0,1.0,1.0,1.0,1.0,703458.0,0.04133602555253029,0.03715478325109878,0.04598908955455482,0.03148762440853117,0.031240173622796498,0.03170255949350469,-0.00013352744281291964,0.00043237457672754936,-0.00048006294916073494,-0.0,0.0,0.0,0.0,1.0,0.0,0.0,203.625647303618,204.56225428423588,203.99876011229082,153.09927177394349,152.31528661549248,152.15428224110673,27856.611539223424,27730.58537991455,27630.26966866671,25615.04336881528,216.98176538250124,56.47653086159583,1127.3096877445728,0.001966241068158567,3.782100701993934,8554.597751965353
2024-10-05 03:39:49.499920,1.0,1.0,1.0,1.0,1.0,1.0,1.0,703459.0,0.04120980838596827,0.037780445658522906,0.04553374081900147,0.03173314566510837,0.03073929670896773,0.0316106234096681,-0.00013352744281291964,0.00043237457672754936,-0.00048006294916073494,-0.0,0.0,0.0,0.0,1.0,0.0,0.0,204.42882299001855,203.6279222632461,203.7823490277396,153.73998730078307,152.46230345100912,151.61952187960046,28150.638776894262,27612.676822960544,27473.07812685286,25623.125656005643,217.01183990765665,56.48668541751871,1127.509109370261,0.0019691357031040137,3.8069560139160514,8556.01026175954
2024-10-05 03:39:49.503363,1.0,1.0,1.0,1.0,1.0,1.0,1.0,703460.0,0.0420853800755884,0.03832801689680105,0.044958069872003174,0.03203740138402003,0.03095942747707764,0.03142594437984583,-0.00010491441935300828,0.00044509147604306553,-0.0004705252746740978,-0.0,0.0,0.0,0.0,1.0,0.0,0.0,204.15330685780813,204.41362234886344,202.97696230014637,153.24266308917436,153.12929493607794,151.74466187038797,27986.513149167586,27902.452928060622,27372.553703636244,25632.91760645126,217.15248086441383,56.47182623515361,1127.2094686722623,0.0019718292990349995,3.831804720425449,8775.934044687561
2024-10-05 03:39:49.584550,1.0,1.0,1.0,1.0,1.0,1.0,1.0,703461.0,0.04220897910845451,0.03853134997827472,0.045590908124401384,0.0316106234096681,0.031146872746571578,0.0316106234096681,-0.00010491441935300828,0.0004514499257008236,-0.0005054967477917672,-0.0,0.0,0.0,0.0,1.0,0.0,0.0,203.34495294372618,204.1002661830098,203.8208782829394,153.388639401492,152.5931713987953,152.422121034079,27882.22550164907,27730.95464837132,27663.47441668076,25639.296206486822,217.20409483655828,56.472587545910386,1127.2220438745162,0.0019741498845600425,3.856653704148194,8563.691796711437
2024-10-05 03:39:49.588051,1.0,1.0,1.0,1.0,1.0,1.0,1.0,703462.0,0.04227064309912445,0.038666311337125336,0.04507379225100917,0.031641298451732976,0.03142594437984583,0.03194642892952922,-0.00010809364418188731,0.0004705252746740978,-0.0005245720967650415,-0.0,0.0,0.0,0.0,1.0,0.0,0.0,204.0964328296761,203.34972221342844,203.4491074145792,154.0495363197638,152.72263508563756,151.87749074014965,28161.598644579484,27638.843793908043,27480.368149509,25642.613219230738,217.2778160696135,56.460882528110545,1126.9853650388113,0.001976842570861468,3.8814974704174943,8566.52822466652
2024-10-05 03:39:49.669857,1.0,1.0,1.0,1.0,1.0,1.0,1.0,703463.0,0.04220897910845451,0.038123599349151736,0.04518921828443541,0.03179422973639322,0.03173314566510837,0.03212811624624381,-9.855596969525021e-05,0.0004482707008719446,-0.0005213928719361625,-0.0,0.0,0.0,0.0,1.0,0.0,0.0,203.71845071105747,204.13575020331714,202.65051814957152,153.53661135369993,153.3495334589751,152.04874157190375,27983.737639000512,27909.602426647463,27385.32506408236,25643.91389892498,217.29422585016235,56.45963358858231,1126.9574167289322,0.001979516072493504,3.9063406205818296,8567.180958873003
2024-10-05 03:39:49.753472,1.0,1.0,1.0,1.0,1.0,1.0,1.0,703464.0,0.042023444236177564,0.038123599349151736,0.04570502822314875,0.03188563643118791,0.031763702384431956,0.032007105962223864,-7.312217106421791e-05,0.0004514499257008236,-0.0005118551974495253,-0.0,0.0,0.0,0.0,1.0,0.0,0.0,203.0621630532628,203.77974049161443,203.289348592171,153.69955462330705,152.7858631975442,152.68469528210534,27902.31113248461,27727.657976194077,27643.143462063093,25644.029568507216,217.31591026868858,56.45439433913825,1126.8500483677751,0.0019819877984575437,3.931181403870293,8567.982708311534
2024-10-05 03:39:49.756971,1.0,1.0,1.0,1.0,1.0,1.0,1.0,703465.0,0.04227064309912445,0.03825999906698716,0.04581886408620406,0.031763702384431956,0.03157991857152382,0.03248844283583844,-6.358449657758077e-05,0.0004514499257008236,-0.0004927798484762511,-0.0,0.0,0.0,0.0,1.0,0.0,0.0,203.78014231388732,203.04679334099617,203.03846271176582,154.34498835210604,152.93280345137964,152.0900322202278,28175.803510400245,27627.092512757335,27478.75233239278,25648.22818506049,217.29937141456602,56.468052816663,1127.1203236239883,0.0019840711672373373,3.956028145226626,8374.559933898745
2024-10-05 03:39:49.838176,1.0,1.0,1.0,1.0,1.0,1.0,1.0,703466.0,0.04245509769062346,0.037918079796158174,0.04627140705916457,0.03139505892336215,0.03185519667586617,0.03245856839932655,-6.358449657758077e-05,0.00041965767741203324,-0.0004705252746740978,-0.0,0.0,0.0,0.0,1.0,0.0,0.0,203.51055897784204,203.76942278779816,202.38323262468205,153.7762164106582,153.57706153333237,152.18102777105398,28002.3508550936,27895.26372970484,27380.550841711585,25648.09359733066,217.39616053946568,56.44269110734017,1126.6125952093964,0.0019854004951188366,3.980863693992131,8934.670463206632
2024-10-05 03:39:49.841676,1.0,1.0,1.0,1.0,1.0,1.0,1.0,703467.0,0.042943103346232976,0.037503662109375,0.04564800383634771,0.03170255949350469,0.03224867245309928,0.03260766687993288,-6.358449657758077e-05,0.0003815069794654848,-0.0004387330263853075,-0.0,0.0,0.0,0.0,1.0,0.0,0.0,202.76777488563064,203.49214931244052,203.17879931326283,153.9437643816461,152.9061357484718,152.7465745074336,27899.935229641647,27694.132720913756,27646.236439005243,25636.774955532215,217.23651458922876,56.459277855502435,1126.9429911880295,0.0019860030159778025,4.005706526153432,8328.947292874516
2024-10-05 03:39:49.923224,1.0,1.0,1.0,1.0,1.0,1.0,1.0,703468.0,0.04269979768643891,0.03729472643293347,0.045246820880521094,0.031146872746571578,0.03290383705573704,0.032815266674204355,-6.358449657758078e-05,0.00035289395600557344,-0.0004387330263853075,-0.0,0.0,0.0,0.0,1.0,0.0,0.0,203.56444408195566,202.74522218457363,202.8825417068955,154.59142014095426,153.09114824271697,152.1629349629505,28186.405024153555,27603.912435479695,27453.647963915697,25639.19080418839,217.28616260911664,56.45179990062677,1126.7916661688903,0.0019878301910620194,4.030546022438755,8566.705287676843
2024-10-05 03:39:50.007522,1.0,1.0,1.0,1.0,1.0,1.0,1.0,703469.0,0.04227064309912445,0.03694387454679471,0.04547650165015326,0.030896693010431804,0.03348832035600082,0.033168129149298335,-3.179224828879038e-05,0.00035289395600557344,-0.0004260161270697913,-0.0,0.0,0.0,0.0,1.0,0.0,0.0,203.24464680007347,203.61969741076928,202.0122013570682,153.95539834476375,153.6106076670698,152.32794057373872,27979.62767167215,27876.795117311958,27346.444729310795,25627.341459512143,217.21406230511192,56.44450556465915,1126.64475632043,0.0019889933929716137,4.055382280178085,8563.60455419214
2024-10-05 03:39:50.010522,1.0,1.0,1.0,1.0,1.0,1.0,1.0,703470.0,0.0423322172659213,0.037084613626145846,0.04632766410980066,0.030990747087997286,0.033834164163335345,0.03299216966314644,-3.4971473117669426e-05,0.0003306393822034201,-0.00041965767741203324,-0.0,0.0,0.0,0.0,1.0,0.0,0.0,202.52739193829186,203.28251630063806,202.82180918391757,154.17374436229684,153.04012287492793,152.80411868710067,27911.577259864072,27671.02294577798,27602.554333980694,25622.769490711427,217.1583693623187,56.448980794831286,1126.7326510488733,0.0019902616629335615,4.080220475507874,8561.38333675901
2024-10-05 03:39:50.092140,1.0,1.0,1.0,1.0,1.0,1.0,1.0,703471.0,0.04214722489965788,0.03715478325109878,0.04587567609077438,0.0316106234096681,0.033690494027434716,0.03296275176192149,-1.271689931551615e-05,0.00033699783186117815,-0.0003815069794654848,-0.0,0.0,0.0,0.0,1.0,0.0,0.0,203.38942704596468,202.62845729562102,202.44614468935845,154.70673684884662,153.21832893507337,152.13248061199207,28180.313951959204,27599.81172162372,27394.969726162537,25620.369456326243,217.19191349370544,56.435028121042045,1126.4531106771005,0.0019911851013169864,4.105052508525467,8762.516368776125
2024-10-05 03:39:50.095640,1.0,1.0,1.0,1.0,1.0,1.0,1.0,703472.0,0.04245509769062346,0.03743414645719283,0.04610222401715648,0.03173314566510837,0.03340129988750126,0.032815266674204355,1.5896124144395198e-05,0.00033699783186117815,-0.0003815069794654847,-0.0,0.0,0.0,0.0,1.0,0.0,0.0,202.9555715159707,203.48972052367174,201.9413385752944,154.14185591530514,153.75365523023729,152.27186048438017,27973.602338380704,27852.992115518144,27340.82714718227,25618.16740477618,217.11603662739913,56.449918214244164,1126.7499274840584,0.0019915323812264487,4.129891084704671,8347.764524252432
2024-10-05 03:39:50.177643,1.0,1.0,1.0,1.0,1.0,1.0,1.0,703473.0,0.043124681760125134,0.03757304914762413,0.04576198155144106,0.03151841915858901,0.033430331878977426,0.032398736885968185,2.8613023459911357e-05,0.0003401770566900572,-0.00036243163049221044,-0.0,0.0,0.0,0.0,1.0,0.0,0.0,202.38916521985857,203.0319029373163,202.86113412142234,154.3621373220239,153.11002719952222,152.74131950614242,27925.44656207026,27628.841338215396,27593.48362140439,25612.207779460972,217.0150818830308,56.463053294007665,1127.0118471659969,0.0019917614997230757,4.154735434757752,8368.723330121225
2024-10-05 03:39:50.181143,1.0,1.0,1.0,1.0,1.0,1.0,1.0,703474.0,0.04263875434188017,0.037711440220720746,0.044958069872003174,0.03173314566510837,0.03360399710929144,0.03272645658802371,-2.225457380215327e-05,0.0003528939560055733,-0.00035925240566333144,-0.0,0.0,0.0,0.0,1.0,0.0,0.0,203.18042723830567,202.50837535021944,202.41862291733892,154.8909085370702,153.2810741695612,152.14207942753637,28175.036777980426,27577.665630840893,27382.796390505886,25609.054886321308,217.0543895120945,56.44593052585983,1126.669038732133,0.0019926784483010047,4.179572227789358,8802.33708576722
2024-10-05 03:39:50.262968,1.0,1.0,1.0,1.0,1.0,1.0,1.0,703475.0,0.042943103346232976,0.03798670986099516,0.04507379225100919,0.03188563643118791,0.033748035476753,0.03257790177388484,-5.0867597262064634e-05,0.0003401770566900572,-0.00037832775463660567,-0.0,0.0,0.0,0.0,1.0,0.0,0.0,202.8564905164641,203.31104696613417,201.7689103302073,154.2661493458714,153.77042268133206,152.39772025748294,27972.832940712833,27827.85416589847,27318.74224586316,25604.60011491024,217.04437031564876,56.43876159393301,1126.5250515144453,0.0019934707111440085,4.204405846702744,8556.502299860394
2024-10-05 03:39:50.346067,1.0,1.0,1.0,1.0,1.0,1.0,1.0,703476.0,0.04330549882888886,0.038123599349151736,0.044842048853109995,0.03197678183797181,0.033546208593426816,0.032785690042080325,-6.676372140645981e-05,0.00036561085532108955,-0.0003878654291232428,-0.0,0.0,0.0,0.0,1.0,0.0,0.0,202.32289495826234,202.9700483302288,202.4951312936666,154.52423385752627,153.09978287893065,152.95221817437897,27927.77039301635,27620.121149876184,27581.539451493947,25608.648235421526,216.951102732046,56.47202559686914,1127.1875278558375,0.0019947788818737234,4.229254069539032,8080.990093172344
2024-10-05 03:39:50.348564,1.0,1.0,1.0,1.0,1.0,1.0,1.0,703477.0,0.042943103346232976,0.03764230828317236,0.04484204885310999,0.031763702384431956,0.033546208593426816,0.032874340109372714,-5.722604691982271e-05,0.0003942238787810009,-0.0003815069794654847,-0.0,0.0,0.0,0.0,1.0,0.0,0.0,203.13495677697912,202.3832530345911,202.1745671222434,154.9550964805372,153.31571990078265,152.28348619280288,28173.94790791341,27566.85973292792,27379.300757825615,25606.12895519123,216.98054303627046,56.45883315412399,1126.9237157322332,0.001995212462234458,4.2540964767836185,8742.92340627401
2024-10-05 03:39:50.430587,1.0,1.0,1.0,1.0,1.0,1.0,1.0,703478.0,0.04318503823719134,0.037711440220720746,0.044958069872003174,0.03203740138402003,0.03360399710929144,0.03308026640118225,-5.086759726206463e-05,0.0004419122512141864,-0.0004005823284387589,-0.0,0.0,0.0,0.0,1.0,0.0,0.0,202.77826249433778,203.26180730569888,201.6803461814403,154.37457893495557,153.82807732922217,152.53815274770852,27965.749731812775,27827.403135626242,27345.45945221581,25611.9321247838,216.96737653041313,56.475071442596956,1127.2475148047156,0.001995494640068377,4.278946021998869,8322.840981296684
2024-10-05 03:39:50.434088,1.0,1.0,1.0,1.0,1.0,1.0,1.0,703479.0,0.04324531047620408,0.037084613626145846,0.045246820880521094,0.03212811624624381,0.03319736505550277,0.03221857569203676,-5.0867597262064634e-05,0.0004482707008719446,-0.0003910446539521218,-0.0,0.0,0.0,0.0,1.0,0.0,0.0,202.15402946511387,202.87764869886493,202.68191073194765,154.73894773516759,153.2256936461427,153.03638918258028,27940.55554821572,27610.466637758473,27628.124992971338,25625.17924915822,217.02192881146823,56.49014047898501,1127.5470550247578,0.0019965913837493277,4.303802170411859,8342.640607983556
2024-10-05 03:39:50.516672,1.0,1.0,1.0,1.0,1.0,1.0,1.0,703480.0,0.04312468176012514,0.036802597262395625,0.044550674429986614,0.03197678183797181,0.033021561356871405,0.032785690042080325,-4.7688372433185584e-05,0.00047688372433185594,-0.0004005823284387589,-0.0,0.0,0.0,0.0,1.0,0.0,0.0,203.10229978288655,202.3032401916707,202.2255901790592,155.27527055300843,153.53382388682013,152.4817228454013,28218.04949919586,27584.622741179337,27405.177627779216,25634.909620703624,217.08982159925515,56.49399247932452,1127.6224426718027,0.0019979176684262255,4.328659980703646,8559.324297962403
2024-10-05 03:39:50.599410,1.0,1.0,1.0,1.0,1.0,1.0,1.0,703481.0,0.04318503823719134,0.037084613626145846,0.04449217056439318,0.03145679951185349,0.032667115729434024,0.032637404840404415,-6.676372140645982e-05,0.0004896006236473721,-0.0004228369022409122,-0.0,0.0,0.0,0.0,1.0,0.0,0.0,202.64181757875156,203.217303574251,201.6541396690894,154.63972882370916,154.0665888281396,152.8778952570298,27992.560859212215,27860.98338696486,27389.885638192118,25647.12552640098,217.11470856921093,56.51453450419766,1128.0304767534008,0.0019996743761417925,4.353526785880077,8269.547795820088
2024-10-05 03:39:50.602908,1.0,1.0,1.0,1.0,1.0,1.0,1.0,703482.0,0.043843475963241854,0.03666077555081008,0.04437493143949452,0.03139505892336215,0.032667115729434024,0.032368779656366614,-7.312217106421791e-05,0.0004737044995029769,-0.0004005823284387589,-0.0,0.0,0.0,0.0,1.0,0.0,0.0,202.23259573495116,202.71279667177464,202.4847366190829,154.8880035077041,153.36669053229764,153.34138831324583,27975.453450016917,27620.943291508454,27638.00961301283,25644.601928910386,217.0964258251071,56.51375271842068,1128.0144696342643,0.0020000306345013645,4.378393238188459,8559.935122393064
2024-10-05 03:39:50.685245,1.0,1.0,1.0,1.0,1.0,1.0,1.0,703483.0,0.04306424069081518,0.03729472643293347,0.044842048853109995,0.03130221970899244,0.03257790177388484,0.03245856839932655,-5.0867597262064634e-05,0.0004673460498452188,-0.00041647845258315413,-0.0,0.0,0.0,0.0,1.0,0.0,0.0,203.14805164269558,202.31018605693248,201.97354335998367,155.3737026726618,153.69666502462024,152.78012090082507,28227.632043335692,27625.937579102774,27426.98144403701,25659.667153852548,217.2535922261732,56.506111979041684,1127.8606232784905,0.0020012138715029193,4.403256299039398,8566.28462550658
2024-10-05 03:39:50.688752,1.0,1.0,1.0,1.0,1.0,1.0,1.0,703484.0,0.04336560364453033,0.0373645014732293,0.04484204885310999,0.03145679951185349,0.03245856839932655,0.032067668184708895,3.1792248288790384e-06,0.0004578083753585817,-0.0003878654291232428,-0.0,0.0,0.0,0.0,1.0,0.0,0.0,202.62466579397307,203.15049823448587,201.70029686700448,154.7043036495105,154.11591189953788,153.10215098983093,27986.00785276563,27860.263185616554,27443.39729812531,25662.370675721202,217.21247030490835,56.52275995453126,1128.1930007326764,0.002001139328448089,4.428126686966661,8327.628902013532
2024-10-05 03:39:50.770354,1.0,1.0,1.0,1.0,1.0,1.0,1.0,703485.0,0.0436051944382425,0.036802597262395625,0.044550674429986614,0.03142594437984583,0.03221857569203676,0.031763702384431956,9.537674486637115e-06,0.0004482707008719446,-0.0003910446539521219,-0.0,0.0,0.0,0.0,1.0,0.0,0.0,202.18090157331855,202.71274118446007,202.6034283587831,155.04709701616747,153.51356967679783,153.54646292090723,27978.32990654387,27642.328681880754,27688.688762076414,25668.60018107138,217.21310203193624,56.536336475842994,1128.4635860869153,0.002001494588273919,4.453003039797733,8371.950949136768
2024-10-05 03:39:50.773354,1.0,1.0,1.0,1.0,1.0,1.0,1.0,703486.0,0.042882406350036345,0.03673175485356617,0.04564800383634771,0.031115710284795706,0.03182472780550264,0.031549183850304155,4.450914760430655e-05,0.0004355538015564284,-0.000406940778096517,-0.0,0.0,0.0,0.0,1.0,0.0,0.0,202.99150356465552,202.28738152510732,202.17565905812768,155.4557875157354,153.8715343524393,152.97850082997365,28215.148536421737,27646.76271022215,27472.327079079856,25676.919645252212,217.37393239568277,56.51287049008621,1127.9941361533142,0.002002440885397053,4.477869043865824,8907.480101721438
2024-10-05 03:39:50.855473,1.0,1.0,1.0,1.0,1.0,1.0,1.0,703487.0,0.04245509769062346,0.03743414645719283,0.045932417826860104,0.03095942747707764,0.03148762440853117,0.031641298451732976,6.676372140645982e-05,0.00044509147604306553,-0.00041647845258315413,-0.0,0.0,0.0,0.0,1.0,0.0,0.0,202.5829977227287,203.13504868749934,201.66527692831033,154.89059007442938,154.35568162496196,153.44005888631523,28006.23468710361,27903.976505525763,27477.32332420617,25694.660751988293,217.44719036793552,56.53297176642573,1128.3932239810467,0.002004327100325587,4.502743845603361,8289.909497947645
2024-10-05 03:39:50.938743,1.0,1.0,1.0,1.0,1.0,1.0,1.0,703488.0,0.042023444236177564,0.03715478325109878,0.04564800383634771,0.031178004061435775,0.030676112065162197,0.031240173622796498,5.722604691982271e-05,0.000403761553267638,-0.0003910446539521219,-0.0,0.0,0.0,0.0,1.0,0.0,0.0,202.17010644966058,202.66456283985482,202.47453010354766,155.26768516565676,153.70834669771673,153.88612439726296,28017.282376539042,27674.668254735738,27730.033654988903,25706.359169458356,217.4982979369678,56.54550079159429,1128.641695918185,0.0020057474794158057,4.527624124766713,8399.620143281223
2024-10-05 03:39:50.942243,1.0,1.0,1.0,1.0,1.0,1.0,1.0,703489.0,0.04251640472283598,0.03729472643293347,0.04564800383634771,0.031146872746571578,0.030453933471522428,0.0313331966781849,2.8613023459911357e-05,0.00039740310360987996,-0.00040694077809651707,-0.0,0.0,0.0,0.0,1.0,0.0,0.0,203.14188546976206,202.17733650031937,202.011128782901,155.62956927323023,154.03343072613362,153.25705494833718,28263.405011369043,27671.24547197176,27500.55439964377,25710.569405258742,217.618248611712,56.52359993729742,1128.2043403966504,0.0020059394233678716,4.552494762670568,8894.755661216097
2024-10-05 03:39:51.023509,1.0,1.0,1.0,1.0,1.0,1.0,1.0,703490.0,0.042943103346232976,0.03715478325109878,0.045590908124401384,0.030802351742838057,0.030230122003416366,0.030928076150071922,3.4971473117669426e-05,0.00036243163049221055,-0.0003942238787810009,-0.0,0.0,0.0,0.0,1.0,0.0,0.0,202.58097321254903,203.1536739675885,201.67063429235853,154.9695434038665,154.3740690623931,153.61175085571023,28003.575114678777,27913.24084192508,27525.66297267092,25712.51446384791,217.6361131135864,56.523216459473986,1128.19707658741,0.0020055941116649562,4.577365240447784,8582.353887053661
2024-10-05 03:39:51.027509,1.0,1.0,1.0,1.0,1.0,1.0,1.0,703491.0,0.04269979768643891,0.036589658557456724,0.04513154216867338,0.031364143052817484,0.029972291094128595,0.03120910432259612,3.4971473117669426e-05,0.00033699783186117815,-0.0003815069794654847,-0.0,0.0,0.0,0.0,1.0,0.0,0.0,202.19193103243785,202.58217164796946,202.64616387479262,155.32722286271422,153.68918934683612,153.92901578270792,28018.879735437564,27654.67211632043,27756.578409080576,25708.337196769204,217.65542281862795,56.50899574342387,1127.913715326613,0.0020051670641554227,4.602229471683429,8785.67070688868
2024-10-05 03:39:51.108301,1.0,1.0,1.0,1.0,1.0,1.0,1.0,703492.0,0.04114655461363214,0.036303797470909754,0.04478392562861249,0.03127121205432006,0.030612797008878905,0.031240173622796498,4.768837243318558e-05,0.0003433562815189362,-0.0003656108553210895,-0.0,0.0,0.0,0.0,1.0,0.0,0.0,203.08432512213454,202.2824400556674,202.0218992452324,155.75278094708935,154.12609127093873,153.27922402325223,28265.045288921738,27695.582312985218,27496.885041065514,25717.40625421907,217.81489124827678,56.48759668679743,1127.4855374867593,0.0020061007921398904,4.62708426397647,8895.694115713171
2024-10-05 03:39:51.192090,1.0,1.0,1.0,1.0,1.0,1.0,1.0,703493.0,0.041587310697157,0.03565223071686204,0.04501596824740669,0.0313331966781849,0.030896693010431804,0.0313331966781849,3.815069794654846e-05,0.00036879008014996856,-0.00035607318083445244,-0.0,0.0,0.0,0.0,1.0,0.0,0.0,202.45099279685923,203.19355564687845,201.66686199475774,155.09207201146097,154.484231080329,153.67999196463572,28008.80170319967,27923.795261408875,27525.651090456904,25718.004703030514,217.76399425306604,56.5021462597708,1127.7753025207348,0.002006669502655452,4.651945443978705,8380.35167641376
2024-10-05 03:39:51.195590,1.0,1.0,1.0,1.0,1.0,1.0,1.0,703494.0,0.04164989509779679,0.03521115521073844,0.04513154216867338,0.03086527796111811,0.030833830904597324,0.03148762440853117,1.5896124144395188e-05,0.00037196930497884756,-0.00038786542912324284,-0.0,0.0,0.0,0.0,1.0,0.0,0.0,202.24620945613066,202.5758494957239,202.4359115102586,155.54752033253726,153.84269461178133,154.0036798049925,28071.512287338774,27673.796542203105,27738.186231291435,25726.564213931084,217.76928244520565,56.519637501330976,1128.1232552479312,0.002007704648348809,4.676814294405504,8339.374501446258
2024-10-05 03:39:51.277655,1.0,1.0,1.0,1.0,1.0,1.0,1.0,703495.0,0.04133602555253029,0.035358791729157395,0.04564800383634771,0.030676112065162197,0.03064447088906264,0.03127121205432006,3.4971473117669426e-05,0.0003592524056633315,-0.00035925240566333144,-0.0,0.0,0.0,0.0,1.0,0.0,0.0,203.09523685747044,202.28521252916832,201.92183904183872,155.85427514476783,154.22537181162625,153.37755670708347,28282.036581772587,27704.905624103932,27507.699687841454,25729.945966896088,217.8032772611248,56.518242691518424,1128.0954458392268,0.002007677418004902,4.701682531789338,8589.162453146255
2024-10-05 03:39:51.281155,1.0,1.0,1.0,1.0,1.0,1.0,1.0,703496.0,0.041774782619765874,0.035358791729157395,0.04507379225100918,0.03086527796111811,0.03077084037730748,0.031240173622796498,6.3584496577580725e-06,0.0003497147311766944,-0.0003497147311766943,-0.0,0.0,0.0,0.0,1.0,0.0,0.0,202.55860437454604,203.10242972865564,201.71348728302615,155.1610539129755,154.51977612006078,153.80076990398027,28026.609724472175,27919.93011964951,27556.62284464155,25732.331185483425,217.7019161583059,56.54978248220773,1128.7253078110768,0.0020073833474001006,4.726564654130417,8136.346976061446
2024-10-05 03:39:51.363002,1.0,1.0,1.0,1.0,1.0,1.0,1.0,703497.0,0.0423322172659213,0.03513710432917182,0.04536180663361167,0.030833830904597324,0.03064447088906264,0.03120910432259612,-3.497147311766944e-05,0.000321101707716783,-0.00036243163049221044,-0.0,0.0,0.0,0.0,1.0,0.0,0.0,202.22284874907965,202.57451855240063,202.5934195696042,155.50221000922397,153.79614291633467,154.04284221483556,28040.244585330267,27660.86340450874,27760.53745320037,25718.588898121627,217.68981397369842,56.5226568311129,1128.1852313895447,0.0020061912866990344,4.751434870786826,8971.396511777843
2024-10-05 03:39:51.445855,1.0,1.0,1.0,1.0,1.0,1.0,1.0,703498.0,0.04312468176012514,0.035725213865335635,0.045246820880521094,0.03070772063827226,0.031240173622796498,0.031240173622796498,-1.5896124144395205e-05,0.0003433562815189362,-0.0003751485298077266,-0.0,0.0,0.0,0.0,1.0,0.0,0.0,203.05483327975614,202.2730385430607,202.03646733821873,155.6729548543599,154.24006345495587,153.37845836320085,28235.414633715358,27709.81309821438,27494.095518336748,25711.379923839013,217.67058974408036,56.5117818730073,1127.9686098348482,0.0020058008703318668,4.776300312141408,8583.578990728343
2024-10-05 03:39:51.449361,1.0,1.0,1.0,1.0,1.0,1.0,1.0,703499.0,0.042577623479846755,0.0361600194902826,0.044550674429986614,0.03095942747707764,0.03151841915858901,0.03167194378429309,2.225457380215327e-05,0.0003560731808344524,-0.0003878654291232428,-0.0,0.0,0.0,0.0,1.0,0.0,0.0,202.4587604733862,203.21706821446548,201.60917440052768,154.92809678584123,154.4672994694572,153.73684515101928,27958.249824475446,27924.151634130725,27506.92720054108,25695.39725590585,217.437042832667,56.53727268750507,1128.4782302161457,0.0020050697762582625,4.801176987794173,8210.832232811183
2024-10-05 03:39:51.531880,1.0,1.0,1.0,1.0,1.0,1.0,1.0,703500.0,0.04227064309912445,0.036589658557456724,0.04437493143949452,0.031022035078891817,0.03151841915858901,0.03179422973639322,9.537674486637112e-06,0.00037196930497884767,-0.0003974031036098799,-0.0,0.0,0.0,0.0,1.0,0.0,0.0,202.19177616869598,202.54872338824302,202.51370258872512,155.27790025540997,153.7454918326121,153.9499450218667,27996.476866234883,27638.272842123013,27712.673184770712,25681.817393889592,217.29238159519554,56.54496344509865,1128.632717580188,0.0020042026589916413,4.826057069035051,8568.551031907728
2024-10-05 03:39:51.535381,1.0,1.0,1.0,1.0,1.0,1.0,1.0,703501.0,0.04251640472283598,0.036589658557456724,0.044080469451694804,0.03086527796111811,0.03212811624624381,0.03179422973639322,-3.469446951953614e-21,0.00034653550634781527,-0.00037196930497884756,-0.0,0.0,0.0,0.0,1.0,0.0,0.0,203.13082503806888,202.30071675161017,201.88104596013207,155.5217125833319,154.1398588665806,153.2693684619994,28205.32418616487,27688.471948513405,27451.24864744228,25680.72932142994,217.2772023125707,56.54649089643895,1128.6637448039567,0.0020037256856241465,4.85093783425384,8567.951722137177
2024-10-05 03:39:51.616647,1.0,1.0,1.0,1.0,1.0,1.0,1.0,703502.0,0.04306424069081518,0.03701431097784902,0.044139519001880914,0.031240173622796498,0.03179422973639322,0.03185519667586617,-3.8150697946548475e-05,0.0003306393822034201,-0.0003656108553210895,-0.0,0.0,0.0,0.0,1.0,0.0,0.0,202.43196431323557,203.18546185156566,201.79526765175754,154.7784112078661,154.3408791238663,153.73315134989141,27908.708890698443,27882.888794307044,27530.644161652883,25672.652422886844,217.2085823622217,56.54649089643895,1128.665218734897,0.0020024223943704796,4.875818631964618,8565.122713383485
2024-10-05 03:39:51.620147,1.0,1.0,1.0,1.0,1.0,1.0,1.0,703503.0,0.0420853800755884,0.03687330356631608,0.043003714672582107,0.03120910432259612,0.03170255949350469,0.031763702384431956,-4.76883724331856e-05,0.0003083848084012668,-0.0003433562815189362,-0.0,0.0,0.0,0.0,1.0,0.0,0.0,202.2645502251631,202.44945298599401,202.72831522381446,155.16582383473752,153.62796221135756,153.89618504716427,27975.54440081193,27602.360098404017,27719.35028667382,25664.341388647415,217.24091091744347,56.51972427712239,1128.1319276239083,0.0020015648939174335,4.900687673569127,8947.889875571289
2024-10-05 03:39:51.701089,1.0,1.0,1.0,1.0,1.0,1.0,1.0,703504.0,0.04152463197171362,0.03701431097784901,0.04245509769062346,0.03139505892336215,0.03157991857152382,0.03173314566510837,-5.0867597262064634e-05,0.00030520558357238775,-0.0003179224828879039,-0.0,0.0,0.0,0.0,1.0,0.0,0.0,203.054215045824,202.36733176973016,202.00195451665545,155.19369121012284,154.06724687012462,153.14137818981635,28123.821836259103,27682.706484064907,27413.812771961497,25639.19329719505,217.03376541767486,56.51812795178022,1128.1021666700158,0.00199970562322699,4.925556059109942,8557.426536813839
2024-10-05 03:39:51.785271,1.0,1.0,1.0,1.0,1.0,1.0,1.0,703505.0,0.04139898983206045,0.03771144022072075,0.04164989509779679,0.03182472780550264,0.0321582976678794,0.032097906445255474,-5.0867597262064634e-05,0.0003497147311766943,-0.0003306393822034201,-0.0,0.0,0.0,0.0,1.0,0.0,0.0,202.41493546418883,203.17790174366812,201.77150527155368,154.4566745545136,154.21163875556772,153.46354727826167,27856.809584145456,27855.584751632985,27450.493857103476,25620.724025903593,216.86868708535704,56.52034450245594,1128.1476166388888,0.001998637331493818,4.950425446570071,8550.657809547434
2024-10-05 03:39:51.788768,1.0,1.0,1.0,1.0,1.0,1.0,1.0,703506.0,0.04183708658073959,0.03798670986099516,0.04139898983206046,0.03197678183797181,0.032637404840404415,0.03227874115189541,-5.0867597262064634e-05,0.0003560731808344524,-0.00031474325805902487,-0.0,0.0,0.0,0.0,1.0,0.0,0.0,202.27003117844734,202.5728131921483,202.48766562033833,154.82543883512508,153.40284164118017,153.4049883556818,27913.36723617381,27559.23041477714,27584.195810641344,25586.17790668787,216.57093517282127,56.521594341913605,1128.1753995553852,0.0019961284789993,4.975295446489159,8538.403495070312
2024-10-05 03:39:51.870174,1.0,1.0,1.0,1.0,1.0,1.0,1.0,703507.0,0.04189929789626443,0.038055216156251626,0.040315225390783915,0.03245856839932655,0.03296275176192149,0.03254810944778678,-5.722604691982271e-05,0.00038786542912324284,-0.0002893094594279926,-0.0,0.0,0.0,0.0,1.0,0.0,0.0,203.1031765461059,202.3975600101255,201.94358079868226,154.93656962088724,153.79168149715002,152.66526690914372,28083.978073701408,27609.707708922615,27320.608083284005,25571.63673595743,216.39626520582027,56.53496083948126,1128.4443524772423,0.001994221167663752,5.000171375325991,8339.481605294497
2024-10-05 03:39:51.873170,1.0,1.0,1.0,1.0,1.0,1.0,1.0,703508.0,0.04189929789626443,0.037780445658522906,0.041209808385968265,0.032368779656366614,0.032874340109372714,0.03257790177388484,-6.358449657758079e-05,0.0003815069794654847,-0.0002893094594279926,-0.0,0.0,0.0,0.0,1.0,0.0,0.0,202.47986435109192,203.22972519299628,201.8425556922464,154.254929559164,153.91095685693554,153.0437226288944,27814.571657971243,27782.04065196601,27387.056268093853,25561.018593601362,216.31303998528514,56.5331400773173,1128.4097694467916,0.0019926649187299167,5.025046541799129,8527.972455826168
2024-10-05 03:39:51.955807,1.0,1.0,1.0,1.0,1.0,1.0,1.0,703509.0,0.04220897910845452,0.03839591423416136,0.04133602555253029,0.03218845078999174,0.033021561356871405,0.03242866644143693,-7.630139589309694e-05,0.00036561085532108955,-0.00025751721113920217,-0.0,0.0,0.0,0.0,1.0,0.0,0.0,202.26047521841414,202.5906593765353,202.80616533928824,154.72588448645632,153.23431696734067,153.15319643545732,27883.95552558782,27503.074847713022,27571.391131288226,25552.116966210702,216.3250226564305,56.510242870263966,1127.9543175438089,0.0019912671996801536,5.049911668088095,8854.003181306714
2024-10-05 03:39:52.038878,1.0,1.0,1.0,1.0,1.0,1.0,1.0,703510.0,0.041712385598201944,0.03757304914762413,0.041587310697157,0.03224867245309928,0.033459338679991214,0.032696799620819436,-8.265984555085502e-05,0.00035607318083445244,-0.0002670548856258393,-0.0,0.0,0.0,0.0,1.0,0.0,0.0,203.18090001725298,202.45589910176344,202.0395889377007,154.84045085804834,153.7185879276568,152.45097649199874,28071.694966127317,27595.081624849787,27268.82401416067,25544.52865245667,216.30983211544233,56.497387021220476,1127.6985324887023,0.0019905415580213823,5.074771155737624,8710.133508034407
2024-10-05 03:39:52.041821,1.0,1.0,1.0,1.0,1.0,1.0,1.0,703511.0,0.04152463197171362,0.038055216156251626,0.04282162331969714,0.03224867245309928,0.033459338679991214,0.032756086704177324,-6.358449657758079e-05,0.00037196930497884767,-0.00029566790908575063,-0.0,0.0,0.0,0.0,1.0,0.0,0.0,202.44927311609672,203.37130579163127,201.85090925700217,154.10525911689945,153.79937883517158,152.83261645070615,27780.754092951607,27764.65775653248,27332.074875584265,25525.52533587961,216.14699183593964,56.497805985402735,1127.7085554740054,0.0019890721372702105,5.0996308643382955,8520.520930487286
2024-10-05 03:39:52.124095,1.0,1.0,1.0,1.0,1.0,1.0,1.0,703512.0,0.0420853800755884,0.038123599349151736,0.04276075388833108,0.03191604715477278,0.033430331878977426,0.032785690042080325,-5.086759726206463e-05,0.00037832775463660567,-0.00030520558357238775,-0.0,0.0,0.0,0.0,1.0,0.0,0.0,202.4172061232662,202.62600269395588,202.68148338493265,154.5064645612762,153.07993714610697,152.87892403882145,27869.74072755959,27471.73064890194,27488.273243386204,25509.626210597402,215.96203079117666,56.510881400147305,1127.9713641243532,0.0019874613728703646,5.124496366409659,8325.585510857261
2024-10-05 03:39:52.127592,1.0,1.0,1.0,1.0,1.0,1.0,1.0,703513.0,0.042577623479846755,0.038055216156251626,0.043664886724146465,0.03191604715477278,0.03319736505550277,0.032696799620819436,-6.358449657758078e-05,0.00038786542912324284,-0.00032746015737454104,-0.0,0.0,0.0,0.0,1.0,0.0,0.0,203.2974536068238,202.61079682636404,201.94805277439767,154.5318712905335,153.48581065151558,152.14146510136484,28017.23555043462,27562.1611178349,27199.584855495148,25492.300078336146,215.81745112087927,56.510204188747245,1127.960379620087,0.0019852203571622245,5.149361626333728,8507.153578693713
2024-10-05 03:39:52.209460,1.0,1.0,1.0,1.0,1.0,1.0,1.0,703514.0,0.04354542032592321,0.03832801689680105,0.044609101569099904,0.03191604715477278,0.03299216966314644,0.03257790177388484,-5.72260469198227e-05,0.0003846862042943638,-0.00032746015737454104,-0.0,0.0,0.0,0.0,1.0,0.0,0.0,202.5513067992304,203.39830623780725,202.0830657495286,153.93833361101886,153.54745985453786,152.63545734475775,27748.676305625264,27704.165311044544,27328.98781257643,25492.254550157384,215.81681295295178,56.510204188747245,1127.9617004905597,0.001984051656312849,5.1742269153756535,8507.128414166598
2024-10-05 03:39:52.212960,1.0,1.0,1.0,1.0,1.0,1.0,1.0,703515.0,0.0434855640497593,0.03798670986099516,0.044900096837092805,0.03145679951185349,0.032933307582966455,0.03245856839932655,-7.948062072197598e-05,0.0003751485298077266,-0.0003338186070322991,-0.0,0.0,0.0,0.0,1.0,0.0,0.0,202.54312270744975,202.71266916341588,202.90695573994873,154.4827464519756,152.9405704656466,152.79005265734654,27862.090858357027,27448.773903017736,27496.762063056052,25499.973197020572,215.94240537279165,56.49442411025704,1127.6470064349915,0.0019838026543777375,5.199085267161954,8737.080141089036
2024-10-05 03:39:52.293862,1.0,1.0,1.0,1.0,1.0,1.0,1.0,703516.0,0.04354542032592321,0.037711440220720746,0.044842048853109995,0.031549183850304155,0.0333431600699038,0.03224867245309928,-6.994294623533886e-05,0.00038468620429436373,-0.0003528939560055733,-0.0,0.0,0.0,0.0,1.0,0.0,0.0,203.31428035565082,202.70305714694297,202.23403238891652,154.6131677288674,153.49984567268814,152.25092588371874,28025.855517054333,27567.677180823724,27245.087606138502,25509.602247299496,216.03478879418117,56.49159902821684,1127.5904172546468,0.001983979342282836,5.223942371471212,8515.793217595525
2024-10-05 03:39:52.377358,1.0,1.0,1.0,1.0,1.0,1.0,1.0,703517.0,0.04312468176012514,0.037780445658522906,0.045590908124401384,0.0313331966781849,0.033226575237181734,0.031763702384431956,-3.815069794654847e-05,0.0003560731808344524,-0.0003656108553210895,-0.0,0.0,0.0,0.0,1.0,0.0,0.0,202.680676504437,203.50694964497362,202.09554910504193,154.03674122146123,153.67185818765262,152.7895659685052,27783.476724392578,27745.771337832888,27341.945456501137,25520.10254888387,216.11138460329695,56.494856729975936,1127.6547442392305,0.001984596908534609,5.248800893833108,8519.006486819708
2024-10-05 03:39:52.380357,1.0,1.0,1.0,1.0,1.0,1.0,1.0,703518.0,0.04269979768643891,0.038123599349151736,0.04507379225100918,0.031763702384431956,0.033168129149298335,0.03197678183797181,-4.132992277542752e-05,0.00037832775463660567,-0.00037832775463660567,-0.0,0.0,0.0,0.0,1.0,0.0,0.0,202.65131844293865,202.85233328499902,202.8507214000967,154.57512476183848,153.02938858933004,152.83253390737806,27897.697909042854,27476.433420856654,27498.491891829934,25520.22094263442,216.0709982576425,56.505652202070074,1127.8707493102208,0.0019841331298701506,5.273664177906791,8517.528126332429
2024-10-05 03:39:52.462714,1.0,1.0,1.0,1.0,1.0,1.0,1.0,703519.0,0.043003714672582107,0.03750366210937501,0.04610222401715648,0.03157991857152382,0.03296275176192149,0.032097906445255474,-6.358449657758079e-05,0.0003974031036098799,-0.00040376155326763796,-0.0,0.0,0.0,0.0,1.0,0.0,0.0,203.55757977076047,202.7878282480685,202.2067259481157,154.6970953607708,153.59417519910573,152.20580933389726,28082.315004163956,27594.071329940503,27241.420773992657,25534.011774310307,216.17007621224187,56.51026208788977,1127.9630174691135,0.0019839089448875783,5.298529495980777,8521.692434809089
2024-10-05 03:39:52.466211,1.0,1.0,1.0,1.0,1.0,1.0,1.0,703520.0,0.0434855640497593,0.03798670986099516,0.04688652224495428,0.03145679951185349,0.03299216966314644,0.03157991857152382,-5.722604691982271e-05,0.00037832775463660567,-0.00039740310360987996,-0.0,0.0,0.0,0.0,1.0,0.0,0.0,202.758941069258,203.67298276820753,202.26941983623524,154.1379191224169,153.62719449205602,152.7341767732465,27808.500050543054,27751.876271853314,27383.94363379432,25541.942001157746,216.17590209431447,56.526268702665355,1128.282926894561,0.001983544297379561,5.323401866280319,8293.953853933506
2024-10-05 03:39:52.548809,1.0,1.0,1.0,1.0,1.0,1.0,1.0,703521.0,0.04413951900188092,0.0373645014732293,0.04643997376336176,0.03142594437984583,0.03272645658802371,0.03185519667586617,-8.265984555085502e-05,0.00036879008014996856,-0.00041965767741203324,-0.0,0.0,0.0,0.0,1.0,0.0,0.0,202.7828172923841,202.89018973360794,203.17355901638908,154.73702121295213,153.0199358654965,152.75491863739305,27952.37422133168,27470.79879162998,27536.252055421748,25546.09780623627,216.1849372486822,56.533067240727156,1128.4193416013704,0.00198291311846372,5.348277243766287,8522.69928118744
2024-10-05 03:39:52.631856,1.0,1.0,1.0,1.0,1.0,1.0,1.0,703522.0,0.04330549882888886,0.038055216156251626,0.046775284787538986,0.03157991857152382,0.032667115729434024,0.03185519667586617,-7.312217106421791e-05,0.0003974031036098799,-0.00041012000292539613,-0.0,0.0,0.0,0.0,1.0,0.0,0.0,203.6026019460662,202.92864149779146,202.2506257079091,153.87796417641462,152.69537143386492,151.34738389752624,27876.179421238925,27402.71868035513,27041.127368251564,25336.666555072265,214.49797531592122,56.50966209759567,1127.970290005309,0.0019668777551397954,5.373142722159293,8773.877152834018
2024-10-05 03:39:52.634857,1.0,1.0,1.0,1.0,1.0,1.0,1.0,703523.0,0.0436051944382425,0.038463691717159486,0.04643997376336176,0.0316106234096681,0.03299216966314644,0.0316106234096681,-4.4509147604306555e-05,0.00037832775463660567,-0.00039740310360987996,-0.0,0.0,0.0,0.0,1.0,0.0,0.0,202.50719418251668,203.63524679493494,202.20521973914302,148.6459583949692,147.66483278589925,147.1076263755776,26211.929879636005,26065.329736936576,25850.495942571706,23960.75187584995,202.85478056530988,56.50226266773124,1127.941502964628,0.0018616514548879604,5.39800756595798,7974.30035156132
2024-10-05 03:39:52.716933,1.0,1.0,1.0,1.0,1.0,1.0,1.0,703524.0,0.04263875434188018,0.038123599349151736,0.04643997376336176,0.031178004061435775,0.03310957989067469,0.03182472780550264,-4.4509147604306555e-05,0.00037832775463660567,-0.00042283690224091225,-0.0,0.0,0.0,0.0,1.0,0.0,0.0,202.80232010902398,202.3573404080796,202.67077500686716,142.6493411879298,141.0199393238559,140.4478036547204,24290.343059338906,23745.40334276549,23725.946318058308,21866.730152019074,185.57426792581856,56.35683885072191,1125.2200744798095,0.0017005057183084483,5.4228124173776235,9204.464218097
2024-10-05 03:39:52.720433,1.0,1.0,1.0,1.0,1.0,1.0,1.0,703525.0,0.042882406350036345,0.03764230828317236,0.04638385292864447,0.031549183850304155,0.032667115729434024,0.032067668184708895,-3.497147311766943e-05,0.00036243163049221044,-0.0004260161270697913,-0.0,0.0,0.0,0.0,1.0,0.0,0.0,202.83614653857407,203.04662339748833,201.5321129428597,135.3771230682905,134.41752999922258,133.2635804676233,21638.73936589427,21350.137971325374,21057.18031970751,19323.592144039085,164.43513390377743,56.19375678724784,1122.1854362882798,0.0015034583495407564,5.447550371884245,8551.64212837823
2024-10-05 03:39:52.801808,1.0,1.0,1.0,1.0,1.0,1.0,1.0,703526.0,0.04245509769062346,0.0378493252884673,0.04627140705916457,0.03127121205432006,0.03203740138402003,0.03227874115189541,-3.815069794654847e-05,0.00037196930497884756,-0.0004387330263853075,-0.0,0.0,0.0,0.0,1.0,0.0,0.0,202.32789251614852,202.6278688410051,202.1142914401328,127.86842803268345,127.15582814340814,126.47156157067903,18760.916057298757,18532.87060215063,18351.35773947149,16550.613267727636,141.39061807994048,55.96217798113252,1117.8019935970008,0.001287982417460282,5.472191695831984,8561.332965779666
2024-10-05 03:39:52.884861,1.0,1.0,1.0,1.0,1.0,1.0,1.0,703527.0,0.043003714672582107,0.037503662109375,0.04564800383634771,0.03139505892336215,0.03170255949350469,0.03221857569203676,-5.086759726206463e-05,0.0003751485298077266,-0.00042283690224091225,-0.0,0.0,0.0,0.0,1.0,0.0,0.0,202.03901320735062,202.52315872210556,202.0708017867768,120.96006063600271,119.46975436549467,118.99067062370601,15886.484722554018,15441.274561760483,15516.589743533541,13643.325649661383,117.26890634974292,55.60839164082756,1110.986425104056,0.001062256682521925,5.496682774358722,9301.68236283421
2024-10-05 03:39:52.888310,1.0,1.0,1.0,1.0,1.0,1.0,1.0,703528.0,0.04354542032592321,0.03743414645719283,0.04621508152756301,0.0313331966781849,0.031641298451732976,0.03218845078999174,-6.040527174870174e-05,0.00037832775463660567,-0.0004355538015564284,-0.0,0.0,0.0,0.0,1.0,0.0,0.0,202.62413172076427,202.47068021578198,201.05798922293283,112.91245644015619,112.28900026592717,111.16723027544397,12845.724450294858,12629.66735208538,12361.850235221718,10665.917232267144,92.3476368190014,55.19183446345576,1102.9194738040503,0.0008309340267283236,5.520996021425691,9160.227348218048
2024-10-05 03:39:52.970362,1.0,1.0,1.0,1.0,1.0,1.0,1.0,703529.0,0.04318503823719134,0.03715478325109878,0.04564800383634771,0.03182472780550264,0.03182472780550264,0.03227874115189541,-5.0867597262064614e-05,0.00036243163049221044,-0.0004482707008719446,-0.0,0.0,0.0,0.0,1.0,0.0,0.0,201.8593080937741,202.1912557393313,201.23257360386708,104.33432915499733,104.03535016642721,103.80966355426595,9688.144367135801,9635.894429250551,9434.028090055916,7665.010292791964,66.86279286292799,54.768331614502884,1094.7113257284977,0.0005982531713515017,5.545128324428417,8201.304946594708
2024-10-05 03:39:52.973362,1.0,1.0,1.0,1.0,1.0,1.0,1.0,703530.0,0.04306424069081518,0.03729472643293347,0.044667452282818626,0.03221857569203676,0.03173314566510837,0.03254810944778678,-3.1792248288790384e-06,0.0003846862042943638,-0.0004419122512141865,-0.0,0.0,0.0,0.0,1.0,0.0,0.0,201.66631630327004,201.35571956432221,201.4711708398581,96.16091740029508,95.24661704594253,94.96892234902889,6818.675886726663,6448.237316402619,6441.52101596833,4671.701214431277,41.15655757877033,54.21706830613465,1083.9453802744836,0.000365185596142384,5.56902329814469,8960.367274507611
2024-10-05 03:39:53.055723,1.0,1.0,1.0,1.0,1.0,1.0,1.0,703531.0,0.04330549882888886,0.037711440220720746,0.04513154216867338,0.031763702384431956,0.03203740138402003,0.032097906445255474,2.5433798631032314e-05,0.000400582328438759,-0.00041965767741203324,-0.0,0.0,0.0,0.0,1.0,0.0,0.0,201.39264181721072,201.3002709034803,200.7767178531727,86.26440294111732,86.80633337650832,85.41443727917422,3845.926378276282,3602.5582250026127,3311.391796797993,1711.6764906924038,15.24487407969643,53.61637825548922,1072.1837637112553,0.00013410211879999278,5.592658993558058,8592.038859110648
2024-10-05 03:39:53.059222,1.0,1.0,1.0,1.0,1.0,1.0,1.0,703532.0,0.0434855640497593,0.036518403069078165,0.044900096837092805,0.03167194378429309,0.03203740138402003,0.03182472780550264,1.271689931551616e-05,0.00036243163049221044,-0.0004164784525831542,-0.0,0.0,0.0,0.0,1.0,0.0,0.0,200.5793623039845,201.07510726414998,200.80761961655824,77.23217404575838,78.07779676963519,77.45827041369346,965.1240519432753,837.7914758260899,698.9319326677224,-1022.1569365189871,-9.205506309239226,53.02078482798358,1060.3305691033306,8.027743894889605e-05,5.616033391881403,7641.631624742028
2024-10-05 03:39:53.140575,1.0,1.0,1.0,1.0,1.0,1.0,1.0,703533.0,0.042882406350036345,0.036303797470909754,0.04484204885310999,0.031549183850304155,0.03197678183797181,0.032067668184708895,3.1792248288790477e-06,0.0003497147311766943,-0.00041329922775427513,-0.0,0.0,0.0,0.0,1.0,0.0,0.0,200.9233743397055,200.16404794317697,200.61035329603325,76.02277544784927,77.3044580134838,75.93867533864298,-436.4274699350434,-689.8685772257893,-973.9444988111003,-2549.59604722605,-23.224259269207526,52.42737165466625,1048.3369370792327,0.0002007501114865555,5.639143397249905,7157.654238058553
2024-10-05 03:39:53.223826,1.0,1.0,1.0,1.0,1.0,1.0,1.0,703534.0,0.04390284427203976,0.03637547335010834,0.044609101569099904,0.032067668184708895,0.03227874115189541,0.03188563643118791,3.1792248288790413e-06,0.0003497147311766944,-0.00038786542912324284,-0.0,0.0,0.0,0.0,1.0,0.0,0.0,200.6637295160099,200.67144932634335,199.57125503367163,77.25625224881182,78.75809274759544,77.76716813656417,-1377.6651321904742,-1388.7650376668514,-1766.8895732529977,-3357.5701329198714,-31.011209183848894,51.70861867825755,1033.898188743094,0.00026512487576106945,5.661935108432863,8564.386307069883
2024-10-05 03:39:53.227325,1.0,1.0,1.0,1.0,1.0,1.0,1.0,703535.0,0.043843475963241854,0.036589658557456724,0.044958069872003174,0.0316106234096681,0.03260766687993288,0.03127121205432006,2.2254573802153277e-05,0.00035289395600557344,-0.0003910446539521219,-0.0,0.0,0.0,0.0,1.0,0.0,0.0,199.99860337330458,200.07489732662162,199.6115372054722,79.45906832529312,80.5121129577205,79.8473886544491,-1697.7087808624208,-1773.8624576171128,-2045.887074392248,-3680.965188756487,-34.42223053280506,51.072943062837304,1021.1606791398352,0.0002919178913813289,5.684446028293013,7202.712642172136
2024-10-05 03:39:53.309521,1.0,1.0,1.0,1.0,1.0,1.0,1.0,703536.0,0.04354542032592321,0.036589658557456724,0.045246820880521094,0.03167194378429309,0.03242866644143693,0.030896693010431804,4.132992277542751e-05,0.000321101707716783,-0.00036243163049221055,-0.0,0.0,0.0,0.0,1.0,0.0,0.0,199.27200767672528,199.74498890118406,199.4506455330988,81.49678735161406,82.35273573153604,81.5894718331284,-1775.2345878479964,-1917.7831642902445,-2099.977171948581,-3768.206130111659,-35.72707523944939,50.374289352561185,1007.1834229535352,0.0003001174821266834,5.706648827305678,8017.430296708765
2024-10-05 03:39:53.313022,1.0,1.0,1.0,1.0,1.0,1.0,1.0,703537.0,0.043545420325923206,0.03694387454679471,0.04564800383634772,0.03145679951185349,0.032637404840404415,0.03095942747707764,3.1792248288790396e-05,0.0003083848084012668,-0.0003910446539521219,-0.0,0.0,0.0,0.0,1.0,0.0,0.0,199.8197227938665,198.45461305835903,198.75147940246245,82.61285375485056,84.01453995048719,83.28671270501988,-1668.319183530326,-1701.3023447718683,-2168.084046638228,-3676.796116602614,-35.40165747681485,49.603825528173715,991.7845407350807,0.0002943017250027611,5.728512166514771,9034.630901800434
2024-10-05 03:39:53.394474,1.0,1.0,1.0,1.0,1.0,1.0,1.0,703538.0,0.042577623479846755,0.037084613626145846,0.04536180663361167,0.030928076150071922,0.032637404840404415,0.03077084037730748,3.497147311766943e-05,0.00030202635874350875,-0.0003528939560055733,-0.0,0.0,0.0,0.0,1.0,0.0,0.0,198.0970841352508,198.43972884488747,198.80888563994847,84.4384297470895,85.27040680090727,84.63101211299825,-1525.6636857454876,-1714.306436353392,-1893.8514510630764,-3534.514524831929,-34.54825660724899,48.86170532341178,976.9560260920447,0.0002845586071449988,5.7500486193566225,8648.042718738914
2024-10-05 03:39:53.477957,1.0,1.0,1.0,1.0,1.0,1.0,1.0,703539.0,0.04330549882888886,0.037084613626145846,0.04501596824740669,0.03086527796111811,0.03248844283583844,0.030422061214259163,1.2716899315516164e-05,0.00027977178494135546,-0.00034653550634781527,-0.0,0.0,0.0,0.0,1.0,0.0,0.0,198.14607265018012,197.86105870064208,197.90145226897107,85.61881156747027,86.85132655562215,85.9815468183943,-1329.206500155733,-1447.2286176142345,-1766.6639149150926,-3331.3290511381497,-33.04488530103967,48.1472786017811,962.6860206488695,0.00026953900021999206,5.77127049785626,8298.327784241746
2024-10-05 03:39:53.481457,1.0,1.0,1.0,1.0,1.0,1.0,1.0,703540.0,0.04342562526999594,0.036802597262395625,0.04581886408620406,0.03054935072925873,0.03257790177388484,0.0303262434606198,-1.5896124144395198e-05,0.0002861302345991135,-0.0003560731808344524,-0.0,0.0,0.0,0.0,1.0,0.0,0.0,197.1514145918232,197.55845457656835,197.63063624695033,87.35733603588345,88.23166006335114,87.30324440809618,-1154.8666648577785,-1350.2920664451071,-1526.789819167475,-3154.1099529313096,-31.770085212800982,47.41451224805628,948.0469190471628,0.00025659434467011365,5.792169665493922,8602.214153302613
2024-10-05 03:39:53.563136,1.0,1.0,1.0,1.0,1.0,1.0,1.0,703541.0,0.042882406350036345,0.036802597262395625,0.045590908124401384,0.030802351742838057,0.03233879467572394,0.030036956306502573,-3.815069794654847e-05,0.00030520558357238775,-0.00033699783186117815,-0.0,0.0,0.0,0.0,1.0,0.0,0.0,197.08385680264547,197.43246111234566,196.25700205469914,88.93209525427646,89.21466969246981,89.07662429807056,-1140.9168687917268,-1092.5342526032625,-1274.967843059665,-2972.7787582154397,-30.438263857288838,46.64334804527085,932.6401196340425,0.00024316572553308952,5.812729198797855,9194.486094095273
2024-10-05 03:39:53.566574,1.0,1.0,1.0,1.0,1.0,1.0,1.0,703542.0,0.04318503823719134,0.03722482060496381,0.04643997376336176,0.030802351742838057,0.03221857569203676,0.03039015553037446,-4.132992277542751e-05,0.000324280932545662,-0.00036243163049221044,-0.0,0.0,0.0,0.0,1.0,0.0,0.0,196.91266001996652,196.48733234736298,195.69495134098088,90.38147435374161,91.00630724280826,90.75881143453557,-948.6203077772979,-886.9758749879901,-1204.1943834646347,-2809.4752215120534,-29.191863410012342,45.962662455071126,919.0407533446016,0.00023116127903660707,5.83298894162714,7940.9585195029695
2024-10-05 03:39:53.647537,1.0,1.0,1.0,1.0,1.0,1.0,1.0,703543.0,0.04390284427203976,0.037711440220720746,0.04621508152756302,0.030676112065162197,0.0321582976678794,0.03013369393635788,-6.994294623533886e-05,0.0003433562815189362,-0.00037196930497884756,-0.0,0.0,0.0,0.0,1.0,0.0,0.0,196.06331671370566,195.74700108520068,195.58510599394987,92.12498046177305,92.66400121328262,92.09681673036323,-727.3858983234603,-831.5850414439353,-1025.8448726248196,-2650.575215312926,-28.017555682360346,45.18003526516962,903.4024645187277,0.0002193898073576187,5.8529039470671975,9435.563016388494
2024-10-05 03:39:53.651982,1.0,1.0,1.0,1.0,1.0,1.0,1.0,703544.0,0.043664886724146465,0.037918079796158174,0.04615868726430257,0.0303262434606198,0.03182472780550264,0.030004641120915988,-5.404682209094367e-05,0.000321101707716783,-0.00037196930497884756,-0.0,0.0,0.0,0.0,1.0,0.0,0.0,195.12907129841284,195.06136486657098,195.42466988095444,94.05799065152699,94.4422412105523,93.73257244227175,-539.5992714725315,-772.0436574764103,-873.5828284484234,-2510.081718552393,-26.926595180405393,44.51830419048566,890.1799363692111,0.00020906843138665998,5.8725274692200475,7740.9658280338745
2024-10-05 03:39:53.733069,1.0,1.0,1.0,1.0,1.0,1.0,1.0,703545.0,0.04449217056439318,0.0378493252884673,0.04615868726430257,0.030581090322992784,0.031549183850304155,0.03010148260279399,-9.53767448663712e-05,0.00031156403323014586,-0.0003656108553210895,-0.0,0.0,0.0,0.0,1.0,0.0,0.0,194.91466788319167,194.0650216793622,195.04460745625218,95.90997988263786,96.49891861740251,95.30216063627603,-353.08600978385954,-686.1006909754661,-824.7444350641458,-2396.9450564997023,-26.151959512913777,43.77059343854238,875.2361073514968,0.0002007756869889433,5.89182156296433,8989.527302867671
2024-10-05 03:39:53.816655,1.0,1.0,1.0,1.0,1.0,1.0,1.0,703546.0,0.0446091015690999,0.037711440220720746,0.04570502822314875,0.03039015553037446,0.03188563643118791,0.030294236862297798,-9.53767448663712e-05,0.0003433562815189362,-0.00036879008014996856,-0.0,0.0,0.0,0.0,1.0,0.0,0.0,194.5849754249189,193.94234229267977,193.65947567447142,97.70080573452125,98.53381952916534,97.55318604355924,-334.7134777475072,-481.1757574329917,-731.7410533931069,-2284.4946753552304,-25.312750596311577,43.09985950202049,861.8311597544351,0.00019261116845063224,5.9108201520860275,7912.966200177835
2024-10-05 03:39:53.819654,1.0,1.0,1.0,1.0,1.0,1.0,1.0,703547.0,0.044139519001880914,0.038055216156251626,0.04576198155144106,0.030581090322992784,0.03182472780550264,0.030230122003416366,-8.265984555085504e-05,0.00036243163049221044,-0.0003433562815189362,-0.0,0.0,0.0,0.0,1.0,0.0,0.0,193.61260365643332,193.71225880020512,193.25755653966857,100.00079582185772,100.53590918268978,99.51061682830917,-264.1361959065093,-459.4664520102433,-586.0226457854351,-2199.7033135433753,-24.817969408986063,42.32727095899242,846.387510396289,0.00018653314988392213,5.9294782945374305,9377.870140799198
2024-10-05 03:39:53.901694,1.0,1.0,1.0,1.0,1.0,1.0,1.0,703548.0,0.04513154216867338,0.03729472643293347,0.04484204885310999,0.030990747087997286,0.03170255949350469,0.03039015553037446,-9.855596969525022e-05,0.0003083848084012668,-0.00034653550634781527,-0.0,0.0,0.0,0.0,1.0,0.0,0.0,193.63701594087453,193.1427451582511,192.21120158364002,102.09091146877417,102.68418234948378,102.13051610037931,-279.1456401672261,-257.78939653944684,-552.9689822604317,-2121.5658186565092,-24.33485650443275,41.63395771659243,832.528485399075,0.00018094476364601415,5.947830922482228,8251.86670570655
2024-10-05 03:39:53.905194,1.0,1.0,1.0,1.0,1.0,1.0,1.0,703549.0,0.0440213406934204,0.03819186010094626,0.04478392562861249,0.030833830904597324,0.031641298451732976,0.030485772407004817,-6.676372140645982e-05,0.0003433562815189362,-0.00033699783186117815,-0.0,0.0,0.0,0.0,1.0,0.0,0.0,191.98445254419784,193.27260135412453,192.07405405938417,105.06979988449541,104.70533853749771,104.2819637805046,-273.1900334328704,-400.9646974765712,-303.34124873438753,-2079.113989873002,-24.294879853392274,40.86790866479041,817.2123609664964,0.00017839465496983394,5.965845914972867,9282.199408189119
2024-10-05 03:39:53.986437,1.0,1.0,1.0,1.0,1.0,1.0,1.0,703550.0,0.043962132407454745,0.038463691717159486,0.044139519001880914,0.031084516582433108,0.0313331966781849,0.03070772063827226,-6.676372140645982e-05,0.00032746015737454104,-0.00034653550634781527,-0.0,0.0,0.0,0.0,1.0,0.0,0.0,192.2340958853435,191.87837510115088,191.4338804606918,107.17151271442287,107.83042272804498,106.56065213107661,-65.69631339295104,-276.6120202491824,-463.14222453481034,-2016.452943596436,-23.962621789532033,40.18562998255826,803.5726381804479,0.0001741436811842825,5.983560227352312,8086.068864669987
2024-10-05 03:39:54.070180,1.0,1.0,1.0,1.0,1.0,1.0,1.0,703551.0,0.043784027154931265,0.03819186010094626,0.044198489661446745,0.03139505892336215,0.031115710284795706,0.03105329154533826,-6.676372140645982e-05,0.00030520558357238775,-0.00038468620429436373,-0.0,0.0,0.0,0.0,1.0,0.0,0.0,191.9047138882698,191.23221691245396,190.73787043090238,109.59926164486669,110.41579654709717,109.65873175362576,-78.88635570892467,-150.55972323383287,-484.1652628098071,-1981.730150270346,-23.988450787512168,39.451043290127,788.8849982441413,0.00017219767472242902,6.000950758869161,8820.181213435859
2024-10-05 03:39:54.073680,1.0,1.0,1.0,1.0,1.0,1.0,1.0,703552.0,0.044080469451694804,0.03839591423416136,0.043003714672582107,0.03157991857152382,0.031084516582433108,0.03086527796111811,-6.358449657758079e-05,0.00030202635874350875,-0.00038468620429436373,-0.0,0.0,0.0,0.0,1.0,0.0,0.0,190.17709449998944,191.20946632350416,190.8747463695009,113.14286340730044,113.05292069942884,111.86219578679513,26.786621191895897,-368.21129610967233,-221.49131252538942,-1928.0907556101627,-23.790077559675822,38.70314008418812,773.9323431343865,0.00016853742240574882,6.0180116674111455,9004.727015110666
2024-10-05 03:39:54.155806,1.0,1.0,1.0,1.0,1.0,1.0,1.0,703553.0,0.043784027154931265,0.03798670986099516,0.04324531047620408,0.03194642892952922,0.03120910432259612,0.03145679951185349,-6.358449657758077e-05,0.0002893094594279926,-0.00042283690224091225,-0.0,0.0,0.0,0.0,1.0,0.0,0.0,190.43122014834333,191.01822981980627,189.39626004126555,115.66967448477571,115.8624404111489,115.77014333080629,-181.43263983689653,-79.25012899360495,-257.6565182062926,-1911.730622118174,-24.0164129320247,38.01306665759969,760.133611704854,0.00016799676844036398,6.034768390584728,8160.113070787909
2024-10-05 03:39:54.159806,1.0,1.0,1.0,1.0,1.0,1.0,1.0,703554.0,0.04306424069081518,0.03819186010094626,0.04318503823719134,0.03197678183797181,0.03077084037730748,0.03167194378429309,-9.855596969525021e-05,0.0002988471339146297,-0.0004355538015564284,-0.0,0.0,0.0,0.0,1.0,0.0,0.0,189.73929253243443,190.00109604289224,189.55362840848727,119.1119597349768,119.48333614557667,118.3580702473794,53.91915273962938,-180.25047143512074,-280.4388432753705,-1872.7912351870443,-23.995180392570646,37.271651105749385,745.3096269736251,0.00016553484713173827,6.051198327250457,8879.292606416275
2024-10-05 03:39:54.240587,1.0,1.0,1.0,1.0,1.0,1.0,1.0,703555.0,0.041774782619765874,0.03819186010094626,0.04318503823719134,0.03197678183797181,0.030896693010431804,0.031763702384431956,-7.630139589309694e-05,0.00030202635874350875,-0.00042283690224091225,-0.0,0.0,0.0,0.0,1.0,0.0,0.0,188.9598279393593,190.2997175129651,188.42402532677661,122.79024349443908,122.1432532310009,122.2638024128185,-149.31864430215214,-127.76788242103211,-75.60879085511509,-1853.3635817314948,-24.208072554218905,36.56060575588175,731.0916010807988,0.00016481405921036317,6.067314835434283,8426.07904222331
2024-10-05 03:39:54.323901,1.0,1.0,1.0,1.0,1.0,1.0,1.0,703556.0,0.04263875434188017,0.038666311337125336,0.0440213406934204,0.03203740138402003,0.030833830904597324,0.03148762440853117,-8.583907037973405e-05,0.00027977178494135546,-0.00043237457672754936,-0.0,0.0,0.0,0.0,1.0,0.0,0.0,189.0165826512318,189.62487922857898,187.70716405484558,125.96193111707879,125.76148648044615,126.15735234606903,-182.18803618389794,41.30620575550063,-141.8754219393334,-1830.8015487975126,-24.38839347506478,35.84846294765353,716.8519319060592,0.0001636430649519359,6.083117438022079,8421.862960796881
2024-10-05 03:39:54.327831,1.0,1.0,1.0,1.0,1.0,1.0,1.0,703557.0,0.04263875434188017,0.037918079796158174,0.044198489661446745,0.03188563643118791,0.030612797008878905,0.03185519667586617,-0.00011127286901076638,0.0002670548856258393,-0.00044509147604306553,-0.0,0.0,0.0,0.0,1.0,0.0,0.0,188.46170872422323,188.63298625081273,187.6629021481573,129.50969292211798,130.20947133597076,129.59763125390586,1.4720208504829013,-15.237535179315358,-306.7421652925318,-1843.573698157206,-25.056514222771632,35.13607485453837,702.6049938325439,0.00016578866408068415,6.098605974775009,8387.374380279498
2024-10-05 03:39:54.409783,1.0,1.0,1.0,1.0,1.0,1.0,1.0,703558.0,0.04227064309912445,0.03819186010094626,0.04553374081900145,0.03145679951185349,0.03064447088906264,0.03167194378429309,-0.00010809364418188734,0.0002893094594279926,-0.0004737044995029769,-0.0,0.0,0.0,0.0,1.0,0.0,0.0,188.0350795985844,187.47847970760256,187.75959741105146,133.38587942749723,134.42570683282858,133.10928899345544,197.09583148172467,-86.42982375274276,-339.4052188510877,-1814.2412985327962,-25.16237389662538,34.43151173967096,688.5172404063472,0.00016408571881246312,6.113783954830189,8257.742429016385
2024-10-05 03:39:54.413283,1.0,1.0,1.0,1.0,1.0,1.0,1.0,703559.0,0.04227064309912445,0.03757304914762413,0.04598908955455482,0.0313331966781849,0.03073929670896773,0.03151841915858901,-0.00012398976832628253,0.00026069643596808123,-0.0004673460498452188,-0.0,0.0,0.0,0.0,1.0,0.0,0.0,187.98937081394502,186.66907831918263,187.13533474351658,137.7388500315228,138.85045298330877,137.38661077075264,243.5936431919567,-30.58085096475709,-431.4114272135967,-1813.6467807439449,-25.646491936393062,33.77052275225582,675.2990254433164,0.00016498056991531693,6.128670546679961,7609.097672764343
2024-10-05 03:39:54.494268,1.0,1.0,1.0,1.0,1.0,1.0,1.0,703560.0,0.04152463197171362,0.03757304914762413,0.04587567609077438,0.03145679951185349,0.03064447088906264,0.03095942747707764,-0.00014942356695731485,0.0002670548856258393,-0.0004387330263853075,-0.0,0.0,0.0,0.0,1.0,0.0,0.0,187.5766311499039,186.86336888817743,186.01701464698218,142.2793000722768,143.16879934925262,142.27729085730599,101.22425687335704,96.1510215440569,-266.09658600674726,-1768.4379480531709,-25.528432025370012,33.08089962217808,661.5109945747744,0.00016172152210093595,6.143253189049254,8006.857904047176
2024-10-05 03:39:54.497767,1.0,1.0,1.0,1.0,1.0,1.0,1.0,703561.0,0.04189929789626443,0.037780445658522906,0.04576198155144106,0.031641298451732976,0.030581090322992784,0.030833830904597324,-0.000162140466272831,0.00026069643596808123,-0.00040694077809651707,-0.0,0.0,0.0,0.0,1.0,0.0,0.0,186.66810349625248,186.26997037134728,186.07576265292315,147.1554789702729,147.8344082444124,147.03243936127743,166.48886226883843,33.983669856714066,-251.13280194544106,-1767.4469738291002,-26.062998418665508,32.384262052489674,647.5799553506237,0.00016255689105918413,6.157528729398317,8074.739850409958
2024-10-05 03:39:54.580299,1.0,1.0,1.0,1.0,1.0,1.0,1.0,703562.0,0.041712385598201944,0.03757304914762413,0.046496026860123614,0.03151841915858901,0.03086527796111811,0.03095942747707764,-0.00014306511729955676,0.0002257249628504118,-0.00040694077809651707,-0.0,0.0,0.0,0.0,1.0,0.0,0.0,186.53375457946154,186.1223295984707,184.62217169579762,150.4444898368011,150.67243144813384,150.9710720623573,-35.419014350767945,261.05466252223897,-161.90519400490177,-1729.1874192926703,-26.051839345260078,31.69673993652992,633.8333082715366,0.00016009605288280624,6.171501232549547,7932.774631832217
2024-10-05 03:39:54.662885,1.0,1.0,1.0,1.0,1.0,1.0,1.0,703563.0,0.04189929789626443,0.038055216156251626,0.04705288535396545,0.03167194378429309,0.030676112065162197,0.03054935072925873,-0.00013034821798404061,0.00025433798631032317,-0.00038468620429436373,-0.0,0.0,0.0,0.0,1.0,0.0,0.0,183.73289055410592,184.7419374571604,183.97988131419453,148.23386094848604,148.01771517449896,147.23547542503852,140.16890903692422,-188.30374983948647,-81.26565051072375,-1758.9860638248435,-27.072078798025835,31.028025595847122,620.4576951243835,0.0001656837497463979,6.185178877739844,7616.829414203359
2024-10-05 03:39:54.666333,1.0,1.0,1.0,1.0,1.0,1.0,1.0,703564.0,0.04214722489965789,0.037711440220720746,0.047821594798081846,0.031763702384431956,0.031178004061435775,0.030453933471522428,-0.00014942356695731485,0.00026069643596808123,-0.00034017705669005726,-0.0,0.0,0.0,0.0,1.0,0.0,0.0,182.50424423089004,182.51317955142775,181.8274677461776,144.6630983147091,144.479604042605,144.04126250070524,24.054312815039342,-127.8416269842312,-178.4952696180306,-1769.954770611216,-27.90449048179102,30.2902840591723,605.7026218966668,0.000170119379827962,6.198531255538099,8548.54111476484
2024-10-05 03:39:54.748296,1.0,1.0,1.0,1.0,1.0,1.0,1.0,703565.0,0.041774782619765874,0.037780445658522906,0.04782159479808185,0.032067668184708895,0.03142594437984583,0.03039015553037446,-0.00013352744281291964,0.00026069643596808123,-0.0003369978318611782,-0.0,0.0,0.0,0.0,1.0,0.0,0.0,180.88210809880934,179.83456502416092,179.2984083657394,140.45964334869444,140.8061942957288,140.21918983925994,9.878856802546535,-21.718475016352798,-299.8207460380162,-1732.5472401712275,-27.906221465166556,29.648285579763215,592.8644788209624,0.00017072281300986301,6.211600623604553,7179.586371741268
2024-10-05 03:39:54.751796,1.0,1.0,1.0,1.0,1.0,1.0,1.0,703566.0,0.04050858489526056,0.037503662109375,0.04732885772244516,0.03242866644143693,0.0313331966781849,0.030802351742838057,-9.53767448663712e-05,0.0002861302345991135,-0.0003560731808344524,-0.0,0.0,0.0,0.0,1.0,0.0,0.0,176.91344787940125,177.20666507101194,177.59694445818596,136.63330850153005,135.9750035307958,135.2355172775152,137.1967859362892,-307.152578573641,-63.93314595264006,-1650.79154513546,-27.287281506272972,28.88991104063662,577.7013024083423,0.0001677374572974584,6.224335727870977,8839.064542950022
2024-10-05 03:39:54.834067,1.0,1.0,1.0,1.0,1.0,1.0,1.0,703567.0,0.04120980838596827,0.037711440220720746,0.04727379213344165,0.03251828982682399,0.03194642892952922,0.030517578125,-6.994294623533888e-05,0.0002734133352835974,-0.0003497147311766943,-0.0,0.0,0.0,0.0,1.0,0.0,0.0,174.28202763540472,174.7324429667244,173.6199482678794,131.41435650600909,130.02826181710964,130.94519474367425,-157.8265464763356,-78.42333086932015,53.73398438747493,-1573.3567495496816,-26.63678551844083,28.207112258223123,564.0489249676247,0.0001654196218025801,6.236769873061374,7783.8394194439425
2024-10-05 03:39:54.916681,1.0,1.0,1.0,1.0,1.0,1.0,1.0,703568.0,0.04076497090344803,0.03757304914762413,0.04683093654403022,0.032637404840404415,0.03185519667586617,0.030230122003416366,-4.4509147604306555e-05,0.0002893094594279926,-0.0003306393822034201,-0.0,0.0,0.0,0.0,1.0,0.0,0.0,170.4238049863227,171.20513266503323,170.8261121574166,125.80289835485004,123.91746305736734,125.01746366939597,-117.17249564766364,-137.78871769812912,120.99011521645988,-1490.9001385391302,-25.96139479324652,27.42412026811541,548.3930164644779,0.00016297495955456542,6.248858892446546,9216.76073983422
2024-10-05 03:39:54.920179,1.0,1.0,1.0,1.0,1.0,1.0,1.0,703569.0,0.041209808385968265,0.038123599349151736,0.04666378216223113,0.032637404840404415,0.0316106234096681,0.030198013527012933,-2.2254573802153277e-05,0.00031156403323014586,-0.00032746015737454104,-0.0,0.0,0.0,0.0,1.0,0.0,0.0,166.57111641272934,168.04628305243108,166.33909846719249,118.74779135117635,116.18104223611644,118.53396431283613,-319.6174774086946,-38.98312139857479,304.0527090613516,-1390.6108105003325,-24.823676529232102,26.75161077815025,534.9471521211478,0.0001589875139904418,6.260651505222195,7687.7235933638185
2024-10-05 03:39:55.002497,1.0,1.0,1.0,1.0,1.0,1.0,1.0,703570.0,0.041461858493688546,0.038123599349151736,0.04716346808075752,0.03221857569203676,0.03182472780550264,0.029939906113202793,-6.938893903907229e-21,0.000324280932545662,-0.0003306393822034201,-0.0,0.0,0.0,0.0,1.0,0.0,0.0,162.81566113928776,163.39019289048852,161.95284674191382,110.52893384130745,107.51288081203369,110.17523351202286,-292.5708412637564,-12.191915966014154,242.0862244089679,-1312.7609773593254,-24.131411218417878,25.978431633942385,519.4865648439664,0.00015795379035496435,6.272103297940533,9127.48243014189
2024-10-05 03:39:55.006997,1.0,1.0,1.0,1.0,1.0,1.0,1.0,703571.0,0.041712385598201944,0.03880080326089556,0.04705288535396546,0.03170255949350469,0.03179422973639322,0.029875030834123562,2.225457380215327e-05,0.00033699783186117815,-0.0003401770566900572,-0.0,0.0,0.0,0.0,1.0,0.0,0.0,158.04334727168578,158.05399225534876,157.96902129054038,100.74157559518461,98.48064341285904,99.22343283177648,-24.231022920789506,-148.9757829875337,189.7000671945217,-1199.9063143092374,-22.63988711534679,25.30934465249761,506.1094700601399,0.0001529533673736169,6.283260200036081,7704.401226651471
2024-10-05 03:39:55.086782,1.0,1.0,1.0,1.0,1.0,1.0,1.0,703572.0,0.041712385598201944,0.03940033615860651,0.04710820916537822,0.031641298451732976,0.03173314566510837,0.02990748606458951,6.358449657758075e-06,0.0003910446539521218,-0.0003338186070322991,-0.0,0.0,0.0,0.0,1.0,0.0,0.0,153.07674101205035,152.49225438842427,153.48885095297834,90.8937264567812,89.75553098715102,89.55080788871918,95.71295993575559,-185.91576178940906,17.63204347237714,-1143.6490712745097,-22.1992898858922,24.601554816986162,491.95466285108563,0.00015534280090483525,6.294105067270488,8259.580432913988
2024-10-05 03:39:55.090225,1.0,1.0,1.0,1.0,1.0,1.0,1.0,703573.0,0.04227064309912444,0.03926789767914727,0.046496026860123614,0.03170255949350469,0.03145679951185349,0.02990748606458951,1.2716899315516153e-05,0.0003815069794654847,-0.00033699783186117815,-0.0,0.0,0.0,0.0,1.0,0.0,0.0,149.33098984839836,147.88275510753724,148.87232547708192,90.77310427345604,89.18332537607318,89.77260606171511,77.94444681449721,-4.047828761499957,100.95831361954933,-1002.7451298396952,-20.037105837645857,23.897893554261735,477.8889088127776,0.00014428525321817464,6.3046398627714275,8272.8790835114
2024-10-05 03:39:55.171892,1.0,1.0,1.0,1.0,1.0,1.0,1.0,703574.0,0.042023444236177564,0.03893483061427055,0.04518921828443541,0.03254810944778678,0.03170255949350469,0.029810014367864183,5.086759726206463e-05,0.00039422387878100085,-0.00036879008014996856,-0.0,0.0,0.0,0.0,1.0,0.0,0.0,144.64573857632428,144.58560125823098,143.85537013365334,90.48678078923096,89.07466972251316,90.34973685342027,-3.3591270821010597,135.12095963445287,227.8673707580169,-884.6394872486344,-18.232354796992897,23.169871184096912,463.33482038136333,0.00013509635007777734,6.3148538214785015,8678.32597679421
2024-10-05 03:39:55.256202,1.0,1.0,1.0,1.0,1.0,1.0,1.0,703575.0,0.04269979768643891,0.03880080326089555,0.04518921828443541,0.03260766687993288,0.03145679951185349,0.029548517961177193,4.450914760430655e-05,0.0003974031036098799,-0.00037832775463660567,-0.0,0.0,0.0,0.0,1.0,0.0,0.0,140.1144808809555,139.65011460598018,140.5071927669386,90.55207172644508,89.8393344515575,89.83282915941439,203.76926149159766,52.957872014939724,142.13453482776507,-817.5606035359191,-17.357848600787246,22.491739889590413,449.7751339668906,0.00013263497001690593,6.324768864431727,8001.4648009778
2024-10-05 03:39:55.259204,1.0,1.0,1.0,1.0,1.0,1.0,1.0,703576.0,0.04263875434188018,0.03913501101148131,0.04513154216867338,0.03227874115189541,0.031549183850304155,0.029482781466042968,6.358449657758084e-06,0.0003815069794654847,-0.00037832775463660567,-0.0,0.0,0.0,0.0,1.0,0.0,0.0,136.91718811093787,135.63287071508074,135.10823376060318,89.89980171321844,90.18272803878315,90.61913554477704,65.88805385053013,273.3393015638325,11.702670736187622,-782.07263235653,-17.129308506705616,21.802547306211792,435.9921192885483,0.00013490817119066103,6.334380068483599,8156.483405550627
2024-10-05 03:39:55.340332,1.0,1.0,1.0,1.0,1.0,1.0,1.0,703577.0,0.04263875434188018,0.03906839817849146,0.04536180663361167,0.032368779656366614,0.031364143052817484,0.02984254030701896,3.469446951953614e-21,0.0003974031036098799,-0.0003751485298077266,-0.0,0.0,0.0,0.0,1.0,0.0,0.0,131.4906936541534,131.73218553780336,131.55895452670535,90.7868479394972,90.15886272253972,90.12892361358142,112.72374704050219,67.09758242778776,174.62918762685433,-729.9394951347796,-16.538959834307935,21.075524753299465,421.45387608130875,0.00013432402121248642,6.343670785040769,8699.622163386899
2024-10-05 03:39:55.343779,1.0,1.0,1.0,1.0,1.0,1.0,1.0,703578.0,0.043003714672582107,0.03933417265909615,0.04484204885310999,0.03257790177388484,0.03185519667586617,0.02984254030701896,-9.537674486637114e-06,0.000406940778096517,-0.0003401770566900572,-0.0,0.0,0.0,0.0,1.0,0.0,0.0,127.26016897286671,127.99418826210365,126.63385484803041,91.24170012306213,90.25648928542424,89.97224512989796,49.02728758647633,17.129690266240175,167.1648984909798,-720.9472561197532,-16.87166051853972,20.405566687849525,408.05344344349794,0.00014184931587069707,6.352666096505123,7874.4214604054305
2024-10-05 03:39:55.426048,1.0,1.0,1.0,1.0,1.0,1.0,1.0,703579.0,0.04288240635003635,0.039135011011481306,0.0446091015690999,0.032756086704177324,0.03188563643118791,0.03026219641244205,-1.589612414439519e-05,0.0003974031036098799,-0.0003528939560055733,-0.0,0.0,0.0,0.0,1.0,0.0,0.0,123.75305490110937,122.1609684212989,123.0589181919033,90.33426585361529,91.86244297451726,89.58944974740233,319.7330381240915,46.43743403111499,-173.23458071269954,-686.5827214478597,-16.653039563944105,19.688091841061176,393.7048256217528,0.00014478599533903236,6.361345100661052,8566.2469642564
2024-10-05 03:39:55.509150,1.0,1.0,1.0,1.0,1.0,1.0,1.0,703580.0,0.043185038237191345,0.039201510653345636,0.044550674429986614,0.032815266674204355,0.03182472780550264,0.030990747087997286,-4.450914760430654e-05,0.00042919535189867025,-0.00035925240566333144,-0.0,0.0,0.0,0.0,1.0,0.0,0.0,118.39623658990268,119.2128799860655,118.51162563430961,90.78191349870158,90.8843852624326,90.50197122038482,80.2624028075268,6.268709391950513,15.145029928196998,-671.0953442238521,-16.860254334083514,19.00760991465918,380.0944132969591,0.00015200489825899043,6.369724070838621,8011.361799980993
2024-10-05 03:39:55.512710,1.0,1.0,1.0,1.0,1.0,1.0,1.0,703581.0,0.04251640472283598,0.038463691717159486,0.044842048853109995,0.033021561356871405,0.03197678183797181,0.03086527796111811,-5.722604691982269e-05,0.00041965767741203314,-0.0003338186070322991,-0.0,0.0,0.0,0.0,1.0,0.0,0.0,114.15524452114663,114.7697761054903,114.56641229668082,91.00161202562775,91.2194112862433,90.32359785272142,81.62676620505302,-55.644067219231445,1.6841406935669365,-652.2614211294954,-16.980369103020273,18.34361666248749,366.8140382499895,0.00015889723611491762,6.377810282526265,7747.799371913603
2024-10-05 03:39:55.594359,1.0,1.0,1.0,1.0,1.0,1.0,1.0,703582.0,0.042577623479846755,0.0378493252884673,0.0446091015690999,0.032874340109372714,0.03173314566510837,0.03095942747707764,-3.815069794654847e-05,0.00039740310360987996,-0.0003401770566900572,-0.0,0.0,0.0,0.0,1.0,0.0,0.0,109.96945913905594,111.20093521195452,109.59408723572656,91.43655195926618,90.5148277449102,91.1897694922122,-136.3340341104404,11.543373198199594,73.34451005209834,-636.5263719154699,-17.243609937787568,17.62796896857242,352.5003831478292,0.00016733698511834532,6.385580957639212,8435.300230111467
2024-10-05 03:39:55.598359,1.0,1.0,1.0,1.0,1.0,1.0,1.0,703583.0,0.04189929789626443,0.03729472643293347,0.044550674429986614,0.03233879467572394,0.032007105962223864,0.03127121205432006,-2.5433798631032317e-05,0.00039740310360987996,-0.0003179224828879039,-0.0,0.0,0.0,0.0,1.0,0.0,0.0,106.38149924293307,106.24214916462672,105.14557258122103,90.40657823787215,91.64715806306285,91.38090351573634,-41.05619348396694,124.3210849332376,-164.95426327850356,-605.1060716974511,-17.088402473961438,16.91010656602541,338.14379975769356,0.000172475444157974,6.393035149847204,8443.084127719281
2024-10-05 03:39:55.679934,1.0,1.0,1.0,1.0,1.0,1.0,1.0,703584.0,0.04220897910845452,0.03729472643293347,0.045304350237362054,0.031641298451732976,0.03185519667586617,0.03127121205432006,-5.722604691982271e-05,0.00038786542912324284,-0.00032746015737454104,-0.0,0.0,0.0,0.0,1.0,0.0,0.0,101.61119248074358,101.9878386483246,101.2891809891782,91.56799953766901,91.53124054071378,90.69040682047063,-15.152805208147422,-73.28230401882499,-39.8120299552207,-581.1864996422987,-17.11401952809689,16.217469847254904,324.2909853801036,0.0001800884032610751,6.40018396445825,8060.109952533787
2024-10-05 03:39:55.683434,1.0,1.0,1.0,1.0,1.0,1.0,1.0,703585.0,0.0423322172659213,0.03853134997827472,0.04501596824740669,0.03130221970899244,0.032097906445255474,0.03145679951185349,-6.358449657758079e-05,0.000400582328438759,-0.0003179224828879039,-0.0,0.0,0.0,0.0,1.0,0.0,0.0,96.68841363186876,98.31804324942173,97.17202655708205,91.9349853679556,90.93079008392876,91.27189637435342,-126.39500185046832,-68.8823654560421,53.005352782049165,-548.5721543056824,-16.842903699385918,15.55387618863069,311.0198985588305,0.00018524390024840057,6.407040225333147,7635.452308411242
2024-10-05 03:39:55.765509,1.0,1.0,1.0,1.0,1.0,1.0,1.0,703586.0,0.042393702000235525,0.03839591423416136,0.0447839256286125,0.031240173622796498,0.032398736885968185,0.031549183850304155,-4.76883724331856e-05,0.0004164784525831542,-0.00029248868425687163,-0.0,0.0,0.0,0.0,1.0,0.0,0.0,92.39081303672587,93.92039375521362,92.58462807358717,92.02231898033581,90.81085317382689,91.54087911067272,-130.7320358923079,-99.56153684129428,28.923900305777376,-530.9437307521916,-17.095485266641955,14.83180465931486,296.57766808556596,0.00019695883971393663,6.413578115260722,8419.892077920944
2024-10-05 03:39:55.848060,1.0,1.0,1.0,1.0,1.0,1.0,1.0,703587.0,0.04220897910845451,0.03926789767914727,0.044900096837092805,0.03120910432259612,0.03251828982682399,0.03120910432259612,-4.1329922775427525e-05,0.00044509147604306553,-0.0002734133352835974,-0.0,0.0,0.0,0.0,1.0,0.0,0.0,88.71202546935439,88.73862918487774,88.97248318138138,91.64799330236886,91.58207294248498,91.58407748045386,-55.57998279136848,-75.58591637342315,-78.4710685460715,-500.38349112835976,-16.930470145887828,14.114444003164534,282.2314042141391,0.0002036064939530729,6.419799749771398,8330.439074205276
2024-10-05 03:39:55.851005,1.0,1.0,1.0,1.0,1.0,1.0,1.0,703588.0,0.042393702000235525,0.039201510653345636,0.04564800383634771,0.03095942747707764,0.03221857569203676,0.03139505892336215,-6.35844965775808e-05,0.0004164784525831542,-0.0003306393822034201,-0.0,0.0,0.0,0.0,1.0,0.0,0.0,85.29445071024861,84.34572567800332,83.44264865996654,90.88816250851107,91.6867638697248,92.46825224541212,-103.58579445685733,91.21793961236656,-184.07509961237832,-461.93176155030267,-16.469359672565528,13.394702443339698,267.83818442320154,0.00020853185738440566,6.425704093748016,8353.352823861329
2024-10-05 03:39:55.933792,1.0,1.0,1.0,1.0,1.0,1.0,1.0,703589.0,0.04245509769062346,0.039532330954326636,0.04615868726430256,0.030896693010431804,0.032667115729434024,0.031022035078891817,-7.630139589309694e-05,0.0004387330263853075,-0.00029566790908575063,-0.0,0.0,0.0,0.0,1.0,0.0,0.0,79.96585303474589,81.04770163800532,79.6054624570343,92.04568034952916,90.99233171649281,92.48678639175287,-227.99645158172427,-17.690521555847784,52.541744895036096,-430.77647260564373,-16.283199465255684,12.63418326564896,252.62923958833449,0.00021539075182125337,6.431273164985163,8903.458957282865
2024-10-05 03:39:55.937789,1.0,1.0,1.0,1.0,1.0,1.0,1.0,703590.0,0.04220897910845451,0.03946638873835309,0.04632766410980066,0.03070772063827226,0.032637404840404415,0.030802351742838057,-6.0405271748701756e-05,0.000406940778096517,-0.00030520558357238775,-0.0,0.0,0.0,0.0,1.0,0.0,0.0,75.65815640903811,75.56231775255058,76.2242088276547,92.5974717486888,91.69136872122894,91.48459588181797,-16.64923565305802,-143.01771130260468,-54.6725445306235,-407.60003642249353,-16.21525296301914,12.004693631189971,240.03903268986522,0.00022841038521675006,6.436564692105793,7039.9876007977
2024-10-05 03:39:56.018808,1.0,1.0,1.0,1.0,1.0,1.0,1.0,703591.0,0.0423322172659213,0.040055960801949016,0.046045691532351565,0.030230122003416366,0.03290383705573704,0.03120910432259612,-6.676372140645982e-05,0.0004164784525831542,-0.0003401770566900572,-0.0,0.0,0.0,0.0,1.0,0.0,0.0,71.07354225933724,72.07761976338885,71.62591816165424,92.96886354350089,91.9097621624888,91.4730896330102,-97.70655563400207,-105.57599332754465,-28.09354323194046,-386.0346578722168,-16.30742414324159,11.305449835968776,226.05406028130344,0.000242964405968537,6.441547928279105,7989.367909531465
2024-10-05 03:39:56.102116,1.0,1.0,1.0,1.0,1.0,1.0,1.0,703592.0,0.041774782619765874,0.04025056580563931,0.046496026860123614,0.03039015553037446,0.033430331878977426,0.03157991857152382,-6.994294623533888e-05,0.00043555380155642836,-0.0003433562815189362,-0.0,0.0,0.0,0.0,1.0,0.0,0.0,67.79435396557757,66.18117462574939,67.42764813870411,91.39802591630709,93.87591306561374,91.06193774190945,129.01490942884672,-64.73662793740378,-202.39095996652443,-327.56761530311763,-14.73719349654847,10.615233946016044,212.2548171109742,0.00023485968185104258,6.446226967802974,7894.863398313842
2024-10-05 03:39:56.105616,1.0,1.0,1.0,1.0,1.0,1.0,1.0,703593.0,0.04189929789626443,0.040055960801949016,0.046775284787538986,0.030422061214259163,0.033834164163335345,0.03127121205432006,-9.219752003749215e-05,0.0004355538015564284,-0.0003433562815189362,-0.0,0.0,0.0,0.0,1.0,0.0,0.0,62.53534369919944,63.54421349956743,62.75886832345185,92.1563584725541,91.40161730268478,93.06817119332881,-135.40795933118864,-41.265267721748096,0.24716972204509755,-316.4022751177651,-15.300481475541208,9.876161508362067,197.47216257611095,0.0002585396719522162,6.450580131920208,8533.26968017485
2024-10-05 03:39:56.187410,1.0,1.0,1.0,1.0,1.0,1.0,1.0,703594.0,0.0419614169784043,0.04063698009803076,0.046830936544030206,0.030422061214259163,0.03389146168814632,0.0313331966781849,-8.265984555085502e-05,0.0004419122512141865,-0.0003401770566900572,-0.0,0.0,0.0,0.0,1.0,0.0,0.0,58.581400900029884,58.890261587459,58.89967116744352,93.2968929059977,92.2282250017096,91.75656367108265,-71.58711204970244,-37.03775181656666,-50.17752329075758,-288.5628104900281,-14.933055309730031,9.228916929729499,184.52833688516517,0.00027089695251091006,6.454647956591098,7229.550913391353
2024-10-05 03:39:56.190910,1.0,1.0,1.0,1.0,1.0,1.0,1.0,703595.0,0.04189929789626443,0.03959816335788845,0.04716346808075752,0.0303262434606198,0.03380547898296581,0.032007105962223864,-6.994294623533886e-05,0.0004387330263853075,-0.0003497147311766943,-0.0,0.0,0.0,0.0,1.0,0.0,0.0,55.45876479396317,53.74608751679339,54.03306240330471,90.52102968983975,93.19446931959477,93.44925729411852,-40.285931233057454,109.83364085840313,-141.21934484512695,-237.58694543679044,-13.367813708822357,8.488226477050565,169.7202142579864,0.00026103970685005436,6.458389344425408,8573.621818786836
2024-10-05 03:39:56.272129,1.0,1.0,1.0,1.0,1.0,1.0,1.0,703596.0,0.04220897910845451,0.038733615672373205,0.04694204212496726,0.030581090322992784,0.03351727697218139,0.03188563643118791,-8.901829520861311e-05,0.0004355538015564284,-0.0003560731808344524,-0.0,0.0,0.0,0.0,1.0,0.0,0.0,50.22097313938147,49.27542019498907,51.14043020617427,93.83420675765657,93.22690461595644,90.29109150594373,136.98793138070428,-143.4150315718481,-25.45701918414306,-205.07020007599354,-12.482746604244058,7.846013418285213,156.87862803451435,0.00026535980102245215,6.461847646625635,7201.241049940924
2024-10-05 03:39:56.355929,1.0,1.0,1.0,1.0,1.0,1.0,1.0,703597.0,0.04227064309912445,0.03798670986099516,0.046496026860123614,0.03039015553037446,0.03351727697218139,0.03170255949350469,-9.855596969525021e-05,0.000400582328438759,-0.00037196930497884756,-0.0,0.0,0.0,0.0,1.0,0.0,0.0,45.69066528737648,45.61235785860835,45.999864525847556,92.10291811120358,91.58520781111619,93.9158454254492,16.009264130618675,-10.369308599377206,-84.63386864057522,-202.13922298986864,-13.569137363438314,7.115034409558076,142.25571900367507,0.0003160152495260017,6.464983594920116,8379.950120256919
2024-10-05 03:39:56.358928,1.0,1.0,1.0,1.0,1.0,1.0,1.0,703598.0,0.041712385598201944,0.038055216156251626,0.046775284787538986,0.03070772063827226,0.033459338679991214,0.03191604715477278,-8.583907037973405e-05,0.0004164784525831542,-0.0003878654291232428,-0.0,0.0,0.0,0.0,1.0,0.0,0.0,41.57287865997838,40.97796984837833,43.082102004525424,91.18837687823019,95.80873904300262,91.35516317522338,143.18408064372358,-18.103671189719492,-189.75832160212363,-182.84343997794048,-13.572069113533239,6.434630331445056,128.64849290547002,0.0003427836655627657,6.467819579474832,7638.2731484812775
2024-10-05 03:39:56.441353,1.0,1.0,1.0,1.0,1.0,1.0,1.0,703599.0,0.041209808385968265,0.036943874546794715,0.046775284787538986,0.03145679951185349,0.03305092691301418,0.032368779656366614,-8.90182952086131e-05,0.0003910446539521219,-0.00043873302638530737,-0.0,0.0,0.0,0.0,1.0,0.0,0.0,37.3408343689426,36.73817017854647,38.70091226154487,95.12793692064523,94.61278738145842,88.89059230131605,175.8569639112754,-95.82859044425892,-112.49923334330411,-157.35832261461044,-13.143614075515316,5.718421407969888,114.32634009279916,0.00036800424099512225,6.4703398401275445,8128.991117787683
2024-10-05 03:39:56.444353,1.0,1.0,1.0,1.0,1.0,1.0,1.0,703600.0,0.04108320345271294,0.03701431097784902,0.04627140705916456,0.03194642892952922,0.03305092691301418,0.03257790177388484,-8.265984555085502e-05,0.00036561085532108955,-0.0004419122512141865,-0.0,0.0,0.0,0.0,1.0,0.0,0.0,33.64915966242773,32.577277899497204,35.37613129102016,96.47323735432737,90.59479194790178,92.09207113498748,48.75888979165681,-10.07967511343876,47.234222118050965,-106.60591955662622,-10.0437840759998,5.06943456396669,101.35737048053814,0.00030891806966298825,6.472574207050138,7275.734692837892
2024-10-05 03:39:56.526143,1.0,1.0,1.0,1.0,1.0,1.0,1.0,703601.0,0.04139898983206046,0.03630379747090976,0.04615868726430256,0.032067668184708895,0.032933307582966455,0.03221857569203676,-6.676372140645982e-05,0.0003497147311766944,-0.0004260161270697913,-0.0,0.0,0.0,0.0,1.0,0.0,0.0,30.02092242156839,29.32866494194175,29.585388086599714,94.3106906262518,86.9257529069225,97.42236406121233,-101.91986413852602,102.96458072228256,227.5304728488557,-47.086818273011,-5.153928932105803,4.362950253781535,87.24334364724191,0.00017948208755331254,6.474497438092317,8250.636080710772
2024-10-05 03:39:56.529643,1.0,1.0,1.0,1.0,1.0,1.0,1.0,703602.0,0.04183708658073959,0.03587073468713995,0.045932417826860104,0.03212811624624381,0.03233879467572394,0.03182472780550264,-9.855596969525021e-05,0.00030202635874350875,-0.00043237457672754936,-0.0,0.0,0.0,0.0,1.0,0.0,0.0,24.524256549245766,26.441329847699002,27.037179340752132,92.17534554772864,84.9393833840739,101.27411726666332,-156.77057766879398,48.366653941593306,420.52930032752005,-10.282864594175841,-1.337708589916527,3.6704246577803104,73.40471945731512,5.1406834943208467e-05,6.476115604352353,8182.420392750233
2024-10-05 03:39:56.611827,1.0,1.0,1.0,1.0,1.0,1.0,1.0,703603.0,0.04120980838596827,0.03701431097784902,0.046102224017156475,0.032308781866774994,0.03167194378429309,0.032067668184708895,-0.00011127286901076637,0.00031474325805902487,-0.0004578083753585817,-0.0,0.0,0.0,0.0,1.0,0.0,0.0,21.10758099380981,21.205918619075863,25.253876529614576,88.11656801151094,88.80521631250281,102.16394915120277,-14.219580600369673,-38.53784286552164,508.3027295066531,44.36815764185219,6.6349994214353325,3.193756751203535,63.856026106965196,0.0002991604964637754,6.477523274972311,5452.766530358516
2024-10-05 03:39:56.694998,1.0,1.0,1.0,1.0,1.0,1.0,1.0,703604.0,0.041774782619765874,0.036589658557456724,0.04627140705916457,0.03194642892952922,0.03167194378429309,0.032067668184708895,-9.855596969525021e-05,0.000324280932545662,-0.00042283690224091225,-0.0,0.0,0.0,0.0,1.0,0.0,0.0,18.97514315557524,18.37039651039475,19.240483999613907,82.20658484058028,94.3720615902592,104.58638596217884,-122.57796728645867,108.37911023334514,544.6744938402786,74.51357671531375,14.197577539791244,2.5077221643741536,50.117862833128264,0.0007293562036993116,6.4786280954152105,8691.758236961654
2024-10-05 03:39:56.698998,1.0,1.0,1.0,1.0,1.0,1.0,1.0,703605.0,0.0418370865807396,0.036589658557456724,0.046607930817067524,0.03221857569203676,0.031763702384431956,0.03185519667586617,-0.00013034821798404061,0.000324280932545662,-0.0004482707008719446,-0.0,0.0,0.0,0.0,1.0,0.0,0.0,13.20440729545943,15.322873409948853,18.36122192488787,80.79252592291516,101.25309177095889,104.62577059156067,-46.29444736504965,-93.22316077546316,670.1365826193506,75.81361111619324,18.741611643751167,1.9335837162138072,38.628836811305625,0.0011077232553032292,6.47947964666225,7257.502493861122
2024-10-05 03:39:56.779979,1.0,1.0,1.0,1.0,1.0,1.0,1.0,703606.0,0.04227064309912445,0.03687330356631608,0.04716346808075751,0.03221857569203676,0.03203740138402003,0.03151841915858901,-0.00012716899315516158,0.00031474325805902487,-0.0004419122512141865,-0.0,0.0,0.0,0.0,1.0,0.0,0.0,11.697039053698296,12.305400125487184,16.05982546382588,72.023539899842,107.6450482094755,110.33978435857536,-163.4206428194678,63.65850134038675,704.4623466542886,101.02036407177671,35.649949338956546,1.3557909248132365,27.05960136228922,0.0020732228305500176,6.48007616054117,7971.94082532347
2024-10-05 03:39:56.783400,1.0,1.0,1.0,1.0,1.0,1.0,1.0,703607.0,0.04220897910845452,0.036802597262395625,0.04710820916537822,0.032398736885968185,0.032097906445255474,0.03151841915858901,-0.00012398976832628253,0.00032746015737454104,-0.0004609876001874607,-0.0,0.0,0.0,0.0,1.0,0.0,0.0,8.193554214753846,7.970003555947573,15.719894762173498,68.68635536295851,113.43434884475425,112.24999819952376,-32.06079986420935,-126.41463149715372,906.5756197012656,148.15921430135737,79.2660929856963,0.896957989939857,17.848946831473746,0.005028829016253258,6.480469630657988,8047.623734757117
2024-10-05 03:39:56.865038,1.0,1.0,1.0,1.0,1.0,1.0,1.0,703608.0,0.04227064309912445,0.036731754853566174,0.04671956673942695,0.03245856839932655,0.03227874115189541,0.03148762440853117,-0.00011763131866852446,0.000324280932545662,-0.0004355538015564284,-0.0,0.0,0.0,0.0,1.0,0.0,0.0,4.5951501528265295,7.622624524046006,12.685819008349613,64.23991817748733,113.27413977087099,119.99612247553435,-166.71705695383633,-147.3498515796454,1186.6396218437862,187.98680356139772,167.42238067876715,0.542174404973412,10.722232798820531,0.011182315094130616,6.480705996323242,10185.451153811748
2024-10-05 03:39:56.948155,1.0,1.0,1.0,1.0,1.0,1.0,1.0,703609.0,0.0436051944382425,0.03694387454679471,0.04621508152756301,0.03203740138402003,0.03251828982682399,0.03130221970899244,-0.00011763131866852444,0.0003338186070322991,-0.00041012000292539613,-0.0,0.0,0.0,0.0,1.0,0.0,0.0,4.309224903595522,5.6957136584771435,9.731758087069744,51.49852856345123,116.3080886840864,128.35743461990756,-181.0402204499626,-51.16989872318172,1178.112553954528,211.730050157771,350.16633143353954,0.2951219716336877,5.774036118049791,0.02175427907200007,6.480833281741667,16345.317231056535
2024-10-05 03:39:56.951155,1.0,1.0,1.0,1.0,1.0,1.0,1.0,703610.0,0.04336560364453033,0.03701431097784901,0.04627140705916456,0.03185519667586617,0.032637404840404415,0.0316106234096681,-0.00011763131866852444,0.0003878654291232428,-0.00041012000292539613,-0.0,0.0,0.0,0.0,1.0,0.0,0.0,3.3068783621466156,3.367219566604865,8.783172561581974,42.1396107328692,120.45760923123115,132.95280044217716,-86.25173121861869,-71.76201754340325,1134.454745386162,218.26752965774898,913.4720828044472,0.1189886050753572,2.2817351673082897,0.04119593390340444,6.4808835813257994,0.0
2024-10-05 03:39:57.033597,1.0,1.0,1.0,1.0,1.0,1.0,1.0,703611.0,0.043003714672582107,0.03743414645719283,0.046552012463619064,0.032007105962223864,0.03272645658802371,0.03191604715477278,-0.0001367066676417987,0.000410120002925396,-0.000403761553267638,-0.0,0.0,0.0,0.0,1.0,0.0,0.0,1.7491852125325855,1.9465865751105156,8.686759867875544,42.64669834525313,122.17725070228472,136.40311724514103,-24.212618850840755,-133.96589548568343,1147.782555242619,211.774926528051,1069.315766552142,0.10207785092791113,-1.8912108528169964,0.07364289332825161,0.0,0.0
2024-10-05 03:39:57.037094,1.0,1.0,1.0,1.0,1.0,1.0,1.0,703612.0,0.04282162331969714,0.03722482060496381,0.04666378216223113,0.032007105962223864,0.033226575237181734,0.031763702384431956,-0.0001208105434974035,0.0004260161270697913,-0.0003815069794654848,-0.0,0.0,0.0,0.0,1.0,0.0,0.0,1.224433498808853,1.625473921731535,8.6294442809135,48.21034977468532,121.77410352284834,139.87733070753177,-8.255121369147115,-167.18866207815975,1168.9815439940585,203.9144804348709,1497.728978930564,0.07145620916649494,-1.3001283136979302,0.09026218374627498,0.0,0.0
2024-10-05 03:39:57.118392,1.0,1.0,1.0,1.0,1.0,1.0,1.0,703613.0,0.04336560364453033,0.03673175485356617,0.04638385292864447,0.03218845078999174,0.033459338679991214,0.032067668184708895,-0.00011763131866852444,0.00042283690224091225,-0.0003687900801499686,-0.0,0.0,0.0,0.0,1.0,0.0,0.0,1.384852786523506,1.6137162883099412,8.59432458449051,55.906157220495615,118.56137119860266,144.29183135280968,-4.7860320201454245,-175.54914553357972,1204.7388036057887,207.36704230601515,1205.3137359996547,0.09040486154447072,-1.6428995454852073,0.09136548775252823,0.0,0.0
2024-10-05 03:39:57.121889,1.0,1.0,1.0,1.0,1.0,1.0,1.0,703614.0,0.042943103346232976,0.03715478325109878,0.045932417826860104,0.03251828982682399,0.03360399710929144,0.0321582976678794,-0.00012716899315516158,0.00041329922775427513,-0.00040694077809651707,-0.0,0.0,0.0,0.0,1.0,0.0,0.0,1.5880197211773943,1.577781526204288,8.558710717762043,63.36602951503585,111.24455082316302,149.78099649846794,-3.3171006967193035,-161.2808833561183,1253.2640242943046,221.88490571116878,1297.1553563507084,0.09040486154447072,-1.633454899685764,0.09658901535828504,0.0,0.0
2024-10-05 03:39:57.204270,1.0,1.0,1.0,1.0,1.0,1.0,1.0,703615.0,0.042943103346232976,0.03729472643293347,0.045246820880521094,0.03224867245309928,0.03348832035600082,0.03188563643118791,-9.855596969525022e-05,0.000403761553267638,-0.0003687900801499686,-0.0,0.0,0.0,0.0,1.0,0.0,0.0,1.8315671788740473,1.547232627846814,8.535750119526908,71.50948806715733,101.76282463720793,153.97611805888425,0.3915825334791338,-142.22377732370694,1289.7039985433864,0.0,0.0,0.04352646395376008,0.0,1.0,0.0,0.0
2024-10-05 03:39:57.287299,1.0,1.0,1.0,1.0,1.0,1.0,1.0,703616.0,0.042943103346232976,0.03757304914762413,0.04507379225100919,0.03188563643118791,0.03348832035600082,0.03191604715477278,-0.00012716899315516158,0.0003910446539521219,-0.0003783277546366057,-0.0,0.0,0.0,0.0,1.0,0.0,0.0,2.1174679046726186,1.5349019717588186,8.571073753921661,80.09477978865598,91.61823818800667,156.63103356758975,4.19699119164716,-120.27565587010312,1317.7187344904335,0.0,0.0,0.0,0.0,1.0,0.0,0.0
2024-10-05 03:39:57.290299,1.0,1.0,1.0,1.0,1.0,1.0,1.0,703617.0,0.042577623479846755,0.0378493252884673,0.045131542168673384,0.03188563643118791,0.033430331878977426,0.03188563643118791,-0.0001208105434974035,0.00042283690224091225,-0.00034653550634781527,-0.0,0.0,0.0,0.0,1.0,0.0,0.0,2.312199747840589,1.5263269344322385,8.62967927525882,88.81700951751002,81.42333291557306,157.9683184161946,9.600668301007316,-99.89940345731715,1337.4617592616185,0.0,0.0,0.0,0.0,1.0,0.0,0.0
2024-10-05 03:39:57.372435,1.0,1.0,1.0,1.0,1.0,1.0,1.0,703618.0,0.04276075388833108,0.03839591423416136,0.04478392562861249,0.03167194378429309,0.03340129988750126,0.03191604715477278,-0.00011763131866852446,0.00042919535189867036,-0.0003083848084012668,-0.0,0.0,0.0,0.0,1.0,0.0,0.0,2.6137627348763073,1.571915397920328,8.693655049143906,97.44408601323407,71.4716897879698,158.5085290952188,8.917428851855423,-80.96786490247737,1349.4213501955394,0.0,0.0,0.0,0.0,1.0,0.0,0.0
2024-10-05 03:39:57.375434,1.0,1.0,1.0,1.0,1.0,1.0,1.0,703619.0,0.042393702000235525,0.03886787470812279,0.04501596824740669,0.031084516582433108,0.03392007415562166,0.03179422973639322,-0.00010809364418188734,0.0004482707008719446,-0.00029566790908575063,-0.0,0.0,0.0,0.0,1.0,0.0,0.0,2.7636376757831873,1.588017861845223,8.80057554089234,104.94794934232776,61.95631419502205,157.52543142767456,13.4813872338307,-64.85467152499572,1355.6363237539035,0.0,0.0,0.0,0.0,1.0,0.0,0.0
2024-10-05 03:39:57.458419,1.0,1.0,1.0,1.0,1.0,1.0,1.0,703620.0,0.04306424069081518,0.0387336156723732,0.04547650165015326,0.03151841915858901,0.0337192770263005,0.031146872746571578,-0.00011763131866852444,0.00041965767741203324,-0.0002829510097702345,-0.0,0.0,0.0,0.0,1.0,0.0,0.0,2.804261320534214,1.55857435063261,8.911616559839164,111.01632168178784,53.006080507274255,154.25687838681512,17.097484986045398,-49.99394839286467,1339.9076234343972,0.0,0.0,0.0,0.0,1.0,0.0,0.0
2024-10-05 03:39:57.540617,1.0,1.0,1.0,1.0,1.0,1.0,1.0,703621.0,0.04282162331969714,0.03853134997827472,0.04530435023736206,0.03167194378429309,0.03351727697218139,0.031084516582433108,-0.00010173519452412927,0.000400582328438759,-0.0003083848084012668,-0.0,0.0,0.0,0.0,1.0,0.0,0.0,2.7636091107394067,1.5084576223380453,9.021261708733048,115.89489208177997,44.797753496988435,150.86309125630305,21.37585887722124,-38.22783683538926,1325.3398928200652,0.0,0.0,0.0,0.0,1.0,0.0,0.0
2024-10-05 03:39:57.543617,1.0,1.0,1.0,1.0,1.0,1.0,1.0,703622.0,0.042577623479846755,0.039201510653345636,0.045131542168673384,0.03157991857152382,0.033459338679991214,0.03070772063827226,-0.00010809364418188733,0.00040694077809651707,-0.0003083848084012668,-0.0,0.0,0.0,0.0,1.0,0.0,0.0,2.750971808660163,1.9496591432682828,9.04655692437034,119.8887336573523,40.34594779689113,145.67609900997624,29.54731200168966,-17.20981982640526,1275.107043644952,0.0,0.0,0.0,0.0,1.0,0.0,0.0
2024-10-05 03:39:57.626057,1.0,1.0,1.0,1.0,1.0,1.0,1.0,703623.0,0.04227064309912445,0.03893483061427055,0.04547650165015325,0.0316106234096681,0.033546208593426816,0.03073929670896773,-0.00010809364418188733,0.0003942238787810009,-0.00033699783186117815,-0.0,0.0,0.0,0.0,1.0,0.0,0.0,2.7788730410014035,2.0379306395354964,8.968676984222006,122.67939033666754,39.9602790734036,137.86838768800396,26.992761534747057,2.8458183345724075,1184.771799030686,0.0,0.0,0.0,0.0,1.0,0.0,0.0
2024-10-05 03:39:57.629557,1.0,1.0,1.0,1.0,1.0,1.0,1.0,703624.0,0.041774782619765874,0.03859888964444313,0.04547650165015325,0.031178004061435775,0.033546208593426816,0.031146872746571578,-0.00011127286901076637,0.000400582328438759,-0.0003560731808344524,-0.0,0.0,0.0,0.0,1.0,0.0,0.0,3.183714782650203,2.252982746215961,8.948671707112684,125.00740027017832,41.28491700369817,129.8196779935775,32.49836370269509,21.096863150869698,1100.7517895481365,0.0,0.0,0.0,0.0,1.0,0.0,0.0
2024-10-05 03:39:57.711028,1.0,1.0,1.0,1.0,1.0,1.0,1.0,703625.0,0.041461858493688546,0.03859888964444313,0.045590908124401384,0.03139505892336215,0.0337192770263005,0.031115710284795706,-0.00012398976832628253,0.0003846862042943638,-0.00036243163049221055,-0.0,0.0,0.0,0.0,1.0,0.0,0.0,3.35124488823178,2.24803676605295,8.758432556626294,119.9221423032471,38.37518477303372,119.69041232703012,30.2738147144841,25.652574918011535,965.0930739746635,0.0,0.0,0.0,0.0,1.0,0.0,0.0
2024-10-05 03:39:57.794401,1.0,1.0,1.0,1.0,1.0,1.0,1.0,703626.0,0.041461858493688546,0.03886787470812279,0.04536180663361167,0.03157991857152382,0.03360399710929144,0.03185519667586617,-8.90182952086131e-05,0.000403761553267638,-0.0003687900801499686,-0.0,0.0,0.0,0.0,1.0,0.0,0.0,3.2600502762270023,2.1838395341490617,8.544122368832161,114.17663118956185,36.08992417245606,109.09091854981004,27.884110484360473,29.564181983933707,828.696198478124,0.0,0.0,0.0,0.0,1.0,0.0,0.0
2024-10-05 03:39:57.797401,1.0,1.0,1.0,1.0,1.0,1.0,1.0,703627.0,0.04220897910845451,0.038666311337125336,0.04564800383634771,0.03120910432259612,0.03348832035600082,0.03242866644143693,-9.855596969525021e-05,0.00037832775463660567,-0.00041965767741203324,-0.0,0.0,0.0,0.0,1.0,0.0,0.0,3.2105140377521777,2.120732884673174,8.31859555076958,107.50264558225993,34.444156726867085,97.57608467241921,22.19459272110402,33.0602953222129,691.8603483467275,0.0,0.0,0.0,0.0,1.0,0.0,0.0
2024-10-05 03:39:57.879598,1.0,1.0,1.0,1.0,1.0,1.0,1.0,703628.0,0.041712385598201944,0.03819186010094626,0.046607930817067524,0.03095942747707764,0.03360399710929144,0.03221857569203676,-9.537674486637117e-05,0.00036879008014996856,-0.0004514499257008236,-0.0,0.0,0.0,0.0,1.0,0.0,0.0,3.0530515918083525,2.02156752108214,8.094945956112841,99.4824732848407,33.3869616660049,84.5300400218328,21.974853574165216,35.15347243881682,557.3870788593902,0.0,0.0,0.0,0.0,1.0,0.0,0.0
2024-10-05 03:39:57.883098,1.0,1.0,1.0,1.0,1.0,1.0,1.0,703629.0,0.04082881584609787,0.03743414645719283,0.04694204212496726,0.03139505892336215,0.0333431600699038,0.03224867245309928,-9.219752003749214e-05,0.0003433562815189362,-0.00048006294916073494,-0.0,0.0,0.0,0.0,1.0,0.0,0.0,2.995568146236232,1.955980339003766,7.825242159029513,90.5276163636879,32.855248865259654,70.7438219502661,16.750819978852352,36.3827459390971,422.84000125379447,0.0,0.0,0.0,0.0,1.0,0.0,0.0
2024-10-05 03:39:57.965457,1.0,1.0,1.0,1.0,1.0,1.0,1.0,703630.0,0.0401858021823441,0.03729472643293347,0.04716346808075752,0.03095942747707764,0.03340129988750126,0.03218845078999174,-8.90182952086131e-05,0.0003338186070322991,-0.0004991382981340092,-0.0,0.0,0.0,0.0,1.0,0.0,0.0,3.0287691054904866,1.933735151125492,7.530350618694091,80.87061963198589,32.80410766603574,58.9273654134831,12.33515928719927,36.04997824880232,306.424416414624,0.0,0.0,0.0,0.0,1.0,0.0,0.0
2024-10-05 03:39:57.968457,1.0,1.0,1.0,1.0,1.0,1.0,1.0,703631.0,0.040185802182344105,0.0373645014732293,0.04694204212496726,0.031084516582433108,0.03377676944149575,0.03245856839932655,-8.90182952086131e-05,0.00031156403323014586,-0.0004959590733051301,-0.0,0.0,0.0,0.0,1.0,0.0,0.0,3.12026164468856,1.9355652180399716,7.222080639058295,70.02003574933477,32.797006877392974,43.47492603192751,8.09417831563924,35.933936420593845,187.26791399653612,0.0,0.0,0.0,0.0,1.0,0.0,0.0
2024-10-05 03:39:58.050131,1.0,1.0,1.0,1.0,1.0,1.0,1.0,703632.0,0.040315225390783915,0.03722482060496381,0.04671956673942695,0.031178004061435775,0.03377676944149575,0.03290383705573704,-7.948062072197597e-05,0.000324280932545662,-0.0005023175229628882,-0.0,0.0,0.0,0.0,1.0,0.0,0.0,3.1683228884092585,1.4487142668591413,7.013532599670293,57.00994346076429,29.115133288671714,28.510234060071294,1.4061184698149376,24.064284474458148,104.75228136827701,0.0,0.0,0.0,0.0,1.0,0.0,0.0
2024-10-05 03:39:58.133626,1.0,1.0,1.0,1.0,1.0,1.0,1.0,703633.0,0.04063698009803076,0.03673175485356617,0.046775284787538986,0.03120910432259612,0.033661686417184034,0.032667115729434024,-8.583907037973405e-05,0.00031474325805902487,-0.00048006294916073494,-0.0,0.0,0.0,0.0,1.0,0.0,0.0,3.1562962251107702,1.26354090215866,6.883524184383766,40.79845289842577,20.775209614694184,20.37736079911029,1.7025947220453745,12.079449683768438,55.976208044829264,0.0,0.0,0.0,0.0,1.0,0.0,0.0
2024-10-05 03:39:58.136630,1.0,1.0,1.0,1.0,1.0,1.0,1.0,703634.0,0.04101975445198809,0.03651840306907817,0.04699749641733918,0.03170255949350469,0.03319736505550277,0.032398736885968185,-4.768837243318558e-05,0.00031474325805902487,-0.00048006294916073494,-0.0,0.0,0.0,0.0,1.0,0.0,0.0,2.73208268191709,0.7321792911725779,6.696217633923014,1.67811502702651,0.9008234346749985,1.1304237714579524,-2.299878239707267,-0.5331144158535834,5.001812773628292,0.0,0.0,0.0,0.0,1.0,0.0,0.0
2024-10-05 03:39:58.218729,1.0,1.0,1.0,1.0,1.0,1.0,1.0,703635.0,0.041019754451988084,0.03666077555081008,0.04683093654403021,0.0316106234096681,0.033168129149298335,0.032667115729434024,-6.040527174870174e-05,0.00034653550634781527,-0.0004927798484762511,-0.0,0.0,0.0,0.0,1.0,0.0,0.0,2.455238866411014,0.6113021632948931,6.711918825796796,0.1580570910048148,0.29466696212151916,0.7548069170118955,-0.3709882894513805,-0.1737950046627242,5.057739287167367,0.0,0.0,0.0,0.0,1.0,0.0,0.0
2024-10-05 03:39:58.221730,1.0,1.0,1.0,1.0,1.0,1.0,1.0,703636.0,0.040956207156739845,0.03608791569074071,0.04738385931883414,0.03188563643118791,0.03313886745048406,0.03233879467572394,-7.630139589309694e-05,0.00033699783186117815,-0.000483242173989614,-0.0,0.0,0.0,0.0,1.0,0.0,0.0,2.4444266036267996,0.6111735235217858,6.717552687239302,0.1572051274791589,0.29455735567159863,0.7484001148401032,-0.36763046241602676,-0.17589907747273692,5.019374765324457,0.0,0.0,0.0,0.0,1.0,0.0,0.0
2024-10-05 03:39:58.304019,1.0,1.0,1.0,1.0,1.0,1.0,1.0,703637.0,0.04025056580563931,0.03579804821997391,0.047657915157139484,0.03218845078999174,0.032874340109372714,0.0321582976678794,-6.994294623533885e-05,0.0003401770566900572,-0.00048006294916073494,-0.0,0.0,0.0,0.0,1.0,0.0,0.0,2.435581309242195,0.6085822690099585,6.72797058329632,0.15720525808427716,0.29330283659689055,0.7490532727264804,-0.36601861224908044,-0.17503683048697122,5.0313337853814595,0.0,0.0,0.0,0.0,1.0,0.0,0.0
2024-10-05 03:39:58.387269,1.0,1.0,1.0,1.0,1.0,1.0,1.0,703638.0,0.04070102581168387,0.035285050685953695,0.047493671422814646,0.032007105962223864,0.03248844283583844,0.03218845078999174,-8.583907037973405e-05,0.0003401770566900572,-0.0004959590733051301,-0.0,0.0,0.0,0.0,1.0,0.0,0.0,2.4251343121895585,0.6113742724725347,6.735465857682103,0.1549628734596691,0.2920210983504214,0.7487077508346929,-0.3591552840261362,-0.1754858497354881,5.034791776922881,0.0,0.0,0.0,0.0,1.0,0.0,0.0
2024-10-05 03:39:58.390768,1.0,1.0,1.0,1.0,1.0,1.0,1.0,703639.0,0.040956207156739845,0.03630379747090976,0.04688652224495428,0.0316106234096681,0.03188563643118791,0.03254810944778678,-0.00010173519452412925,0.00036243163049221055,-0.000483242173989614,-0.0,0.0,0.0,0.0,1.0,0.0,0.0,2.4152214174627917,0.6155897261458206,6.7391032503953054,0.15354869458078338,0.29265477659378175,0.7490817652301077,-0.35429194053998786,-0.1773655748262105,5.039830415128298,0.0,0.0,0.0,0.0,1.0,0.0,0.0
2024-10-05 03:39:58.472410,1.0,1.0,1.0,1.0,1.0,1.0,1.0,703640.0,0.04127296521748624,0.03651840306907817,0.04666378216223114,0.03188563643118791,0.03167194378429309,0.03242866644143693,-0.00011763131866852444,0.0003560731808344524,-0.0004419122512141865,-0.0,0.0,0.0,0.0,1.0,0.0,0.0,2.4081705807615568,0.6193287975235259,6.741552073310309,0.15357369729776862,0.29382261384476765,0.7517531801883416,-0.3540631162534616,-0.17941731658626214,5.059303747539873,0.0,0.0,0.0,0.0,1.0,0.0,0.0
2024-10-05 03:39:58.475409,1.0,1.0,1.0,1.0,1.0,1.0,1.0,703641.0,0.041019754451988084,0.036589658557456724,0.04671956673942695,0.03212811624624381,0.0313331966781849,0.03248844283583844,-0.00011445209383964543,0.0003751485298077266,-0.0004355538015564284,-0.0,0.0,0.0,0.0,1.0,0.0,0.0,2.4018116241852625,0.6226294477088308,6.746037561314397,0.1563697448351989,0.29751404686827654,0.7559800856140099,-0.36121793229358695,-0.18270733908255715,5.090561204794947,0.0,0.0,0.0,0.0,1.0,0.0,0.0
2024-10-05 03:39:58.557907,1.0,1.0,1.0,1.0,1.0,1.0,1.0,703642.0,0.04082881584609786,0.03594327416403232,0.04716346808075752,0.03182472780550264,0.03127121205432006,0.03245856839932655,-0.00012716899315516158,0.0003656108553210895,-0.00046416682501633976,-0.0,0.0,0.0,0.0,1.0,0.0,0.0,2.394673569200063,0.6256133358168677,6.749687483905512,0.15469284529030314,0.29540241877077467,0.7586297669342563,-0.35648538278975034,-0.18221987686608634,5.110946091614404,0.0,0.0,0.0,0.0,1.0,0.0,0.0
2024-10-05 03:39:58.561407,1.0,1.0,1.0,1.0,1.0,1.0,1.0,703643.0,0.04082881584609787,0.03666077555081008,0.04716346808075751,0.03148762440853117,0.03130221970899244,0.03218845078999174,-0.00011127286901076637,0.0003846862042943638,-0.00047688372433185594,-0.0,0.0,0.0,0.0,1.0,0.0,0.0,2.3868233879647693,0.6310691358617251,6.753938378942269,0.15627338804857213,0.29882942560862785,0.7573940386157867,-0.35963370900165825,-0.18600152064413755,5.105270313203466,0.0,0.0,0.0,0.0,1.0,0.0,0.0
2024-10-05 03:39:58.642438,1.0,1.0,1.0,1.0,1.0,1.0,1.0,703644.0,0.04095620715673985,0.036873303566316074,0.04705288535396546,0.03127121205432006,0.03120910432259612,0.03185519667586617,-0.00014306511729955676,0.00036879008014996856,-0.00045462915052970265,-0.0,0.0,0.0,0.0,1.0,0.0,0.0,2.37885338659322,0.6345665884961861,6.756350688024762,0.15959401374637128,0.30117894966454595,0.7616457136260762,-0.36776892901169883,-0.18860661784002994,5.135913284332588,0.0,0.0,0.0,0.0,1.0,0.0,0.0
2024-10-05 03:39:58.726312,1.0,1.0,1.0,1.0,1.0,1.0,1.0,703645.0,0.04063698009803076,0.036731754853566174,0.046886522244954286,0.03179422973639322,0.030802351742838057,0.03157991857152382,-0.00011127286901076638,0.0003528939560055733,-0.00044509147604306553,-0.0,0.0,0.0,0.0,1.0,0.0,0.0,2.367229282387987,0.6381803213896314,6.759596685985432,0.15678401479666967,0.30007207822665166,0.7592297893173994,-0.35913676798523464,-0.1890616191617202,5.121096427116445,0.0,0.0,0.0,0.0,1.0,0.0,0.0
2024-10-05 03:39:58.729812,1.0,1.0,1.0,1.0,1.0,1.0,1.0,703646.0,0.04012093401707996,0.03715478325109878,0.046496026860123614,0.031178004061435775,0.030990747087997286,0.03148762440853117,-0.0001208105434974035,0.0003306393822034201,-0.0004609876001874607,-0.0,0.0,0.0,0.0,1.0,0.0,0.0,2.3586044427553854,0.6423217961355122,6.763922516821809,0.16171842671531914,0.3006236415069609,0.7609650883831227,-0.3689114440106199,-0.19046705521292484,5.136399516491833,0.0,0.0,0.0,0.0,1.0,0.0,0.0
2024-10-05 03:39:58.811516,1.0,1.0,1.0,1.0,1.0,1.0,1.0,703647.0,0.03966388649582423,0.03729472643293347,0.04564800383634771,0.031549183850304155,0.03151841915858901,0.03120910432259612,-0.00013352744281291964,0.0003083848084012668,-0.0004260161270697913,-0.0,0.0,0.0,0.0,1.0,0.0,0.0,2.3481742438569513,0.6475132325609191,6.768169859026632,0.16168230250553017,0.29987557172873197,0.763153444667013,-0.3680287507403065,-0.1914414287484424,5.154392966004128,0.0,0.0,0.0,0.0,1.0,0.0,0.0
2024-10-05 03:39:58.815016,1.0,1.0,1.0,1.0,1.0,1.0,1.0,703648.0,0.040055960801949016,0.03729472643293347,0.04507379225100919,0.03167194378429309,0.0316106234096681,0.031178004061435775,-0.0001208105434974035,0.0003083848084012668,-0.00041012000292539613,-0.0,0.0,0.0,0.0,1.0,0.0,0.0,2.34195255086506,0.6516033856760869,6.77108435185574,0.1639572350340306,0.29875026416047096,0.7615378234437427,-0.3713285464092237,-0.19183952783314903,5.145643835997501,0.0,0.0,0.0,0.0,1.0,0.0,0.0
2024-10-05 03:39:58.896970,1.0,1.0,1.0,1.0,1.0,1.0,1.0,703649.0,0.03953233095432663,0.036873303566316074,0.04564800383634771,0.03188563643118791,0.03188563643118791,0.030802351742838057,-0.00011127286901076638,0.0002861302345991135,-0.0004323745767275493,-0.0,0.0,0.0,0.0,1.0,0.0,0.0,2.3332990238781064,0.6546367722208317,6.773757535768765,0.16561049977757963,0.2952189219792492,0.7632729592405848,-0.3738921580853583,-0.1902019452895785,5.159730089685609,0.0,0.0,0.0,0.0,1.0,0.0,0.0
2024-10-05 03:39:58.980104,1.0,1.0,1.0,1.0,1.0,1.0,1.0,703650.0,0.03946638873835309,0.037084613626145846,0.04547650165015326,0.03170255949350469,0.0321582976678794,0.031146872746571578,-8.90182952086131e-05,0.00030520558357238775,-0.0004578083753585817,-0.0,0.0,0.0,0.0,1.0,0.0,0.0,2.3254298286655644,0.6601414638010179,6.778344203785182,0.16181450704032735,0.2929228467726572,0.7593839995217049,-0.3634265746863971,-0.19045733040152693,5.136623529887878,0.0,0.0,0.0,0.0,1.0,0.0,0.0
2024-10-05 03:39:58.983101,1.0,1.0,1.0,1.0,1.0,1.0,1.0,703651.0,0.03959816335788845,0.03729472643293347,0.04564800383634771,0.031240173622796498,0.03197678183797181,0.03064447088906264,-7.630139589309694e-05,0.00032746015737454104,-0.0004705252746740978,-0.0,0.0,0.0,0.0,1.0,0.0,0.0,2.3162318463068168,0.6640582791362298,6.781765388362429,0.16125940135158767,0.28901413135564297,0.7563102929482752,-0.36059713397653825,-0.18909394969146148,5.119182559001402,0.0,0.0,0.0,0.0,1.0,0.0,0.0
2024-10-05 03:39:59.064923,1.0,1.0,1.0,1.0,1.0,1.0,1.0,703652.0,0.03966388649582423,0.037780445658522906,0.045932417826860104,0.03157991857152382,0.03173314566510837,0.030230122003416366,-7.630139589309694e-05,0.000324280932545662,-0.00046416682501633976,-0.0,0.0,0.0,0.0,1.0,0.0,0.0,2.308707890522492,0.6698182701230978,6.785269594815274,0.16283283650510946,0.29081918317461203,0.7514742910938732,-0.36350557379753856,-0.1920081634221047,5.089041043303854,0.0,0.0,0.0,0.0,1.0,0.0,0.0
2024-10-05 03:39:59.068366,1.0,1.0,1.0,1.0,1.0,1.0,1.0,703653.0,0.03946638873835309,0.0378493252884673,0.04536180663361167,0.031641298451732976,0.03182472780550264,0.03064447088906264,-5.0867597262064634e-05,0.0003083848084012668,-0.0004737044995029769,-0.0,0.0,0.0,0.0,1.0,0.0,0.0,2.3000017622881637,0.6738689611755025,6.788105081524869,0.1616826834707617,0.29101021668793603,0.7502190488726747,-0.3591728643824817,-0.1933833737081538,5.083194911429168,0.0,0.0,0.0,0.0,1.0,0.0,0.0
2024-10-05 03:39:59.150937,1.0,1.0,1.0,1.0,1.0,1.0,1.0,703654.0,0.03946638873835309,0.0373645014732293,0.04576198155144105,0.03167194378429309,0.03182472780550264,0.03039015553037446,-5.72260469198227e-05,0.00030202635874350875,-0.0004578083753585817,-0.0,0.0,0.0,0.0,1.0,0.0,0.0,2.293551993040275,0.678759500644593,6.792940619704414,0.157133849873102,0.28831493650950096,0.7503621822029818,-0.3461580725415643,-0.19318375960107392,5.088231114752078,0.0,0.0,0.0,0.0,1.0,0.0,0.0
2024-10-05 03:39:59.233389,1.0,1.0,1.0,1.0,1.0,1.0,1.0,703655.0,0.040055960801949016,0.03729472643293347,0.04627140705916457,0.031115710284795706,0.03203740138402003,0.030453933471522428,-8.90182952086131e-05,0.00030520558357238775,-0.00048006294916073494,-0.0,0.0,0.0,0.0,1.0,0.0,0.0,2.2865518815202504,0.6812856296353139,6.797021324622194,0.1573312904275039,0.2840280111490874,0.7548943406399972,-0.3452272661611091,-0.19074896540504274,5.122977876389943,0.0,0.0,0.0,0.0,1.0,0.0,0.0
2024-10-05 03:39:59.236389,1.0,1.0,1.0,1.0,1.0,1.0,1.0,703656.0,0.040055960801949016,0.037780445658522906,0.045932417826860104,0.03173314566510837,0.03157991857152382,0.03026219641244205,-8.583907037973405e-05,0.0003401770566900572,-0.00042919535189867036,-0.0,0.0,0.0,0.0,1.0,0.0,0.0,2.28202514380471,0.6840596892699647,6.801601495485318,0.15263645358265246,0.2833514032691825,0.7575649146002446,-0.33398599185447797,-0.19131723291924754,5.144720220720825,0.0,0.0,0.0,0.0,1.0,0.0,0.0
2024-10-05 03:39:59.319053,1.0,1.0,1.0,1.0,1.0,1.0,1.0,703657.0,0.04044423444177086,0.0378493252884673,0.04683093654403021,0.030928076150071922,0.03127121205432006,0.03026219641244205,-0.00010173519452412925,0.0003528939560055733,-0.00042919535189867036,-0.0,0.0,0.0,0.0,1.0,0.0,0.0,2.277389021574687,0.6853794569178137,6.803591937931224,0.1560224568896277,0.28208635248300684,0.7562205589225632,-0.3409657823160611,-0.1906915227839448,5.137675075321325,0.0,0.0,0.0,0.0,1.0,0.0,0.0
2024-10-05 03:39:59.322414,1.0,1.0,1.0,1.0,1.0,1.0,1.0,703658.0,0.040055960801949016,0.03832801689680105,0.04705288535396545,0.031084516582433108,0.0313331966781849,0.030517578125,-9.53767448663712e-05,0.0003751485298077266,-0.0004387330263853075,-0.0,0.0,0.0,0.0,1.0,0.0,0.0,2.2705544926731798,0.6876178668357367,6.806088739853965,0.15117802505390746,0.2835953635448203,0.7544589173187609,-0.3294071784772046,-0.19244370671035146,5.127479915272391,0.0,0.0,0.0,0.0,1.0,0.0,0.0
2024-10-05 03:39:59.404034,1.0,1.0,1.0,1.0,1.0,1.0,1.0,703659.0,0.04044423444177086,0.03825999906698716,0.04615868726430256,0.03086527796111811,0.03105329154533826,0.030676112065162197,-7.630139589309694e-05,0.0003815069794654847,-0.00041329922775427513,-0.0,0.0,0.0,0.0,1.0,0.0,0.0,2.2645585419699614,0.690321206338496,6.806175522611971,0.1461898248874991,0.2846337166270604,0.7514210010009708,-0.3176646316705868,-0.1939239344461879,5.107119221681032,0.0,0.0,0.0,0.0,1.0,0.0,0.0
2024-10-05 03:39:59.407535,1.0,1.0,1.0,1.0,1.0,1.0,1.0,703660.0,0.04057283328598263,0.03832801689680105,0.04564800383634771,0.030676112065162197,0.031022035078891817,0.030990747087997286,-6.676372140645982e-05,0.000403761553267638,-0.00042283690224091225,-0.0,0.0,0.0,0.0,1.0,0.0,0.0,2.2584729936589034,0.6938083533037889,6.808927032858047,0.15228708974665686,0.2880522006563914,0.7520766950626295,-0.32821096359541,-0.19712142089387566,5.113316275214839,0.0,0.0,0.0,0.0,1.0,0.0,0.0
2024-10-05 03:39:59.489579,1.0,1.0,1.0,1.0,1.0,1.0,1.0,703661.0,0.04063698009803076,0.03798670986099516,0.04547650165015325,0.03086527796111811,0.03127121205432006,0.031240173622796498,-8.265984555085502e-05,0.0003942238787810009,-0.00039740310360987996,-0.0,0.0,0.0,0.0,1.0,0.0,0.0,2.2507285828612305,0.697218290564314,6.811761848941832,0.1554160557949218,0.28919469625228406,0.7516568381385841,-0.33302754177770993,-0.1987644156892382,5.112643549558918,0.0,0.0,0.0,0.0,1.0,0.0,0.0
2024-10-05 03:39:59.572311,1.0,1.0,1.0,1.0,1.0,1.0,1.0,703662.0,0.04139898983206046,0.03798670986099516,0.044900096837092805,0.030833830904597324,0.03157991857152382,0.03148762440853117,-4.4509147604306555e-05,0.0003846862042943638,-0.0003592524056633315,-0.0,0.0,0.0,0.0,1.0,0.0,0.0,2.2430687809971497,0.6998161886575053,6.8136794570031425,0.16072792875215328,0.2920649153424045,0.7524077763586685,-0.3421712194730538,-0.2013369321386204,5.119267502337803,0.0,0.0,0.0,0.0,1.0,0.0,0.0
2024-10-05 03:39:59.576311,1.0,1.0,1.0,1.0,1.0,1.0,1.0,703663.0,0.04127296521748624,0.03757304914762413,0.04576198155144105,0.031146872746571578,0.03130221970899244,0.03151841915858901,-8.265984555085502e-05,0.00039740310360987996,-0.0003687900801499686,-0.0,0.0,0.0,0.0,1.0,0.0,0.0,2.2357713521606364,0.7000333962403191,6.815931701366761,0.1653310690608619,0.29072862471416316,0.7542076533553681,-0.35052148712869535,-0.20045564134381022,5.133130617337225,0.0,0.0,0.0,0.0,1.0,0.0,0.0
2024-10-05 03:39:59.657368,1.0,1.0,1.0,1.0,1.0,1.0,1.0,703664.0,0.041461858493688546,0.03859888964444313,0.045246820880521094,0.03139505892336215,0.03203740138402003,0.03233879467572394,-5.404682209094367e-05,0.0004387330263853075,-0.000410120002925396,-0.0,0.0,0.0,0.0,1.0,0.0,0.0,2.2304073070605295,0.7016259175270941,6.818854046608749,0.16577844920554768,0.29047666024102425,0.7549526174344706,-0.3530999625219698,-0.20069231907262206,5.140279663673032,0.0,0.0,0.0,0.0,1.0,0.0,0.0
2024-10-05 03:39:59.661368,1.0,1.0,1.0,1.0,1.0,1.0,1.0,703665.0,0.041336025552530284,0.03913501101148131,0.04513154216867338,0.03179422973639322,0.032398736885968185,0.03245856839932655,-2.2254573802153277e-05,0.0004578083753585817,-0.00040376155326763796,-0.0,0.0,0.0,0.0,1.0,0.0,0.0,2.224670407088903,0.7023481708194229,6.8211061098083485,0.1668162292995549,0.2938303178181022,0.7571523313177558,-0.35447118826367324,-0.20347458445955718,5.155549694997655,0.0,0.0,0.0,0.0,1.0,0.0,0.0
2024-10-05 03:39:59.743116,1.0,1.0,1.0,1.0,1.0,1.0,1.0,703666.0,0.0420853800755884,0.03825999906698716,0.04536180663361167,0.0316106234096681,0.032368779656366614,0.03308026640118225,3.1792248288790303e-06,0.00043237457672754936,-0.00043237457672754936,-0.0,0.0,0.0,0.0,1.0,0.0,0.0,2.217558704870404,0.7046996966528722,6.821441014923998,0.16899307204262365,0.29661644431527495,0.7582348734601558,-0.3585879311698683,-0.2059512699890974,5.162750706520247,0.0,0.0,0.0,0.0,1.0,0.0,0.0
2024-10-05 03:39:59.826320,1.0,1.0,1.0,1.0,1.0,1.0,1.0,703667.0,0.042023444236177564,0.038123599349151736,0.044900096837092805,0.03212811624624381,0.032667115729434024,0.032933307582966455,4.450914760430655e-05,0.0004387330263853075,-0.00042919535189867036,-0.0,0.0,0.0,0.0,1.0,0.0,0.0,2.212679488614394,0.7064526739234853,6.823357429709884,0.17216185411386595,0.2999778450925575,0.7567959587888352,-0.3648243360215797,-0.20884863508974472,5.1541529177082515,0.0,0.0,0.0,0.0,1.0,0.0,0.0
2024-10-05 03:39:59.829318,1.0,1.0,1.0,1.0,1.0,1.0,1.0,703668.0,0.04139898983206045,0.03798670986099516,0.04437493143949452,0.03218845078999174,0.032696799620819436,0.032756086704177324,4.13299227754275e-05,0.00041012000292539613,-0.00041329922775427513,-0.0,0.0,0.0,0.0,1.0,0.0,0.0,2.210341767708972,0.7086569252270437,6.825021316052669,0.17522621566748625,0.30206559461424115,0.7560322803703191,-0.37192152230369585,-0.21092439976227645,5.150513899591159,0.0,0.0,0.0,0.0,1.0,0.0,0.0
2024-10-05 03:39:59.911579,1.0,1.0,1.0,1.0,1.0,1.0,1.0,703669.0,0.04127296521748623,0.038123599349151736,0.04513154216867338,0.03224867245309928,0.03284481667269478,0.03251828982682399,1.5896124144395198e-05,0.00041965767741203324,-0.00043237457672754936,-0.0,0.0,0.0,0.0,1.0,0.0,0.0,2.206686809864974,0.7089389110043973,6.826760634707148,0.18146967949926698,0.30755759244331815,0.7567651928507162,-0.3863079583160394,-0.21492511988617483,5.156671910898363,0.0,0.0,0.0,0.0,1.0,0.0,0.0
2024-10-05 03:39:59.914581,1.0,1.0,1.0,1.0,1.0,1.0,1.0,703670.0,0.04057283328598263,0.0378493252884673,0.04564800383634771,0.032368779656366614,0.03299216966314644,0.03212811624624381,-6.3584496577580886e-06,0.0003878654291232428,-0.0004387330263853075,-0.0,0.0,0.0,0.0,1.0,0.0,0.0,2.2031603024162636,0.7090725151680582,6.824845175540425,0.183396424098704,0.3058335186063756,0.7547785794243812,-0.3894371292778209,-0.21386692583572445,5.14107309053403,0.0,0.0,0.0,0.0,1.0,0.0,0.0
2024-10-05 03:39:59.996446,1.0,1.0,1.0,1.0,1.0,1.0,1.0,703671.0,0.04089256110871732,0.03798670986099516,0.04576198155144106,0.03242866644143693,0.032933307582966455,0.032067668184708895,2.225457380215327e-05,0.0003846862042943638,-0.00044509147604306553,-0.0,0.0,0.0,0.0,1.0,0.0,0.0,2.202496844207731,0.7086098178249237,6.822351420126852,0.18533702408632308,0.3065619269423408,0.7549165442824151,-0.3935475011183868,-0.21444745397160728,5.1399147340801745,0.0,0.0,0.0,0.0,1.0,0.0,0.0
2024-10-05 03:40:00.000446,1.0,1.0,1.0,1.0,1.0,1.0,1.0,703672.0,0.040185802182344105,0.03819186010094626,0.04576198155144107,0.032667115729434024,0.03290383705573704,0.032667115729434024,-6.358449657758091e-06,0.00037514852980772667,-0.00045462915052970265,-0.0,0.0,0.0,0.0,1.0,0.0,0.0,2.2001318629317415,0.7074599394781441,6.821602733906387,0.18173149870673166,0.3047459791419404,0.7571428538193844,-0.3848711757808739,-0.2129064824354525,5.153193746418444,0.0,0.0,0.0,0.0,1.0,0.0,0.0
2024-10-05 03:40:00.082563,1.0,1.0,1.0,1.0,1.0,1.0,1.0,703673.0,0.040055960801949016,0.03893483061427055,0.04547650165015325,0.032696799620819436,0.033168129149298335,0.03245856839932655,-3.1792248288790362e-06,0.0003815069794654848,-0.0004514499257008236,-0.0,0.0,0.0,0.0,1.0,0.0,0.0,2.1989850713624075,0.7078056404091199,6.820019273225652,0.18114897859650356,0.30457918408742707,0.7540196482303105,-0.3836029804734397,-0.2129187872130309,5.130158433217342,0.0,0.0,0.0,0.0,1.0,0.0,0.0
2024-10-05 03:40:00.164842,1.0,1.0,1.0,1.0,1.0,1.0,1.0,703674.0,0.03979500713939933,0.038123599349151736,0.04627140705916456,0.03233879467572394,0.033226575237181734,0.03182472780550264,-2.861302345991136e-05,0.0003656108553210895,-0.00045144992570082354,-0.0,0.0,0.0,0.0,1.0,0.0,0.0,2.194415517747035,0.707564374026837,6.81775921016901,0.18306029868405574,0.3052023791704882,0.7487646376597427,-0.38755327666174194,-0.21317848067926132,5.092330422385601,0.0,0.0,0.0,0.0,1.0,0.0,0.0
2024-10-05 03:40:00.167842,1.0,1.0,1.0,1.0,1.0,1.0,1.0,703675.0,0.03986040571620479,0.03825999906698716,0.04621508152756301,0.03233879467572394,0.032815266674204355,0.03194642892952922,-4.132992277542751e-05,0.0003656108553210895,-0.00041329922775427513,-0.0,0.0,0.0,0.0,1.0,0.0,0.0,2.192333571219986,0.7080688962959413,6.817088257569942,0.1837025283681984,0.3024893875010938,0.7446974744197675,-0.3894568312200475,-0.2111303281631137,5.065783995992233,0.0,0.0,0.0,0.0,1.0,0.0,0.0
2024-10-05 03:40:00.250322,1.0,1.0,1.0,1.0,1.0,1.0,1.0,703676.0,0.039135011011481306,0.03893483061427055,0.04570502822314875,0.03254810944778678,0.03248844283583844,0.03127121205432006,-4.4509147604306555e-05,0.00037832775463660567,-0.0003942238787810009,-0.0,0.0,0.0,0.0,1.0,0.0,0.0,2.189767574048394,0.704593179854946,6.816923374774074,0.18351504205693506,0.2991149746863157,0.7396342829036432,-0.3887526350231127,-0.20777936211361753,5.032028946440109,0.0,0.0,0.0,0.0,1.0,0.0,0.0
2024-10-05 03:40:00.253773,1.0,1.0,1.0,1.0,1.0,1.0,1.0,703677.0,0.038867874708122786,0.039135011011481306,0.04576198155144106,0.032785690042080325,0.032308781866774994,0.031549183850304155,-6.994294623533886e-05,0.00037832775463660567,-0.000403761553267638,-0.0,0.0,0.0,0.0,1.0,0.0,0.0,2.1868370468431855,0.7041423355059416,6.816840549786397,0.18197391658238152,0.29670333735070403,0.7410899274525456,-0.3841504610718652,-0.20598421029079664,5.041671228357457,0.0,0.0,0.0,0.0,1.0,0.0,0.0
2024-10-05 03:40:00.336289,1.0,1.0,1.0,1.0,1.0,1.0,1.0,703678.0,0.039925697169818586,0.03979500713939933,0.045590908124401384,0.03305092691301418,0.032398736885968185,0.031763702384431956,-8.901829520861311e-05,0.00038786542912324284,-0.0004228369022409122,-0.0,0.0,0.0,0.0,1.0,0.0,0.0,2.1828997379155166,0.7018749832491588,6.817009255434182,0.18014790962299515,0.29494870974850806,0.7442786685730026,-0.3792735638269556,-0.20414271579917387,5.062916633774576,0.0,0.0,0.0,0.0,1.0,0.0,0.0
2024-10-05 03:40:00.419194,1.0,1.0,1.0,1.0,1.0,1.0,1.0,703679.0,0.03999088202492748,0.03926789767914727,0.04564800383634771,0.03331405211143558,0.032756086704177324,0.03167194378429309,-7.9480620721976e-05,0.0003783277546366057,-0.00041965767741203324,-0.0,0.0,0.0,0.0,1.0,0.0,0.0,2.1799838746872373,0.7005714190770475,6.817345890073378,0.1794603012021543,0.29101450278430907,0.749489155285354,-0.3775121492147031,-0.2011012889194751,5.097842672573395,0.0,0.0,0.0,0.0,1.0,0.0,0.0
2024-10-05 03:40:00.422195,1.0,1.0,1.0,1.0,1.0,1.0,1.0,703680.0,0.04050858489526057,0.039135011011481306,0.04547650165015325,0.03411968959808029,0.03242866644143693,0.031763702384431956,-6.358449657758079e-05,0.0003815069794654848,-0.00039740310360987996,-0.0,0.0,0.0,0.0,1.0,0.0,0.0,2.175011057510851,0.6974152723779589,6.817680215808135,0.17611955123273426,0.2901875460099141,0.7490402287186879,-0.37109460844889863,-0.19948794586256288,5.095636812002311,0.0,0.0,0.0,0.0,1.0,0.0,0.0
2024-10-05 03:40:00.504095,1.0,1.0,1.0,1.0,1.0,1.0,1.0,703681.0,0.04037978143756249,0.03886787470812279,0.045590908124401384,0.03414811083549323,0.03218845078999174,0.0316106234096681,-9.855596969525022e-05,0.00037196930497884756,-0.0003910446539521219,-0.0,0.0,0.0,0.0,1.0,0.0,0.0,2.1702496835130627,0.6967521467516709,6.819264219627465,0.17051425228662329,0.2886347374455508,0.746099002581754,-0.3579602676616383,-0.19805250482570474,5.076014295727238,0.0,0.0,0.0,0.0,1.0,0.0,0.0
2024-10-05 03:40:00.507596,1.0,1.0,1.0,1.0,1.0,1.0,1.0,703682.0,0.04050858489526056,0.038666311337125336,0.04587567609077438,0.03423323297213509,0.03203740138402003,0.031146872746571578,-0.00010491441935300828,0.0004164784525831542,-0.00041329922775427513,-0.0,0.0,0.0,0.0,1.0,0.0,0.0,2.1659053251635534,0.6947020451321264,6.819930375101357,0.1694246329333752,0.28492052166164106,0.7447557013827897,-0.35532198625526346,-0.19489902709208343,5.0692398217918715,0.0,0.0,0.0,0.0,1.0,0.0,0.0
2024-10-05 03:40:00.589739,1.0,1.0,1.0,1.0,1.0,1.0,1.0,703683.0,0.04095620715673985,0.03839591423416136,0.045419190346160765,0.03414811083549323,0.03212811624624381,0.031240173622796498,-0.00010491441935300828,0.0003783277546366057,-0.0003910446539521219,-0.0,0.0,0.0,0.0,1.0,0.0,0.0,2.1623244895474114,0.6929494125005459,6.819515658819446,0.17007566287290424,0.28411371365639104,0.7511272690066902,-0.3563519415560764,-0.19377497136219188,5.111163027450412,0.0,0.0,0.0,0.0,1.0,0.0,0.0
2024-10-05 03:40:00.672177,1.0,1.0,1.0,1.0,1.0,1.0,1.0,703684.0,0.04070102581168387,0.038733615672373205,0.04443358966925187,0.034204882463775475,0.031763702384431956,0.03130221970899244,-0.00011763131866852446,0.00036243163049221055,-0.00035925240566333144,-0.0,0.0,0.0,0.0,1.0,0.0,0.0,2.159000324209664,0.691169725143637,6.818684622622464,0.17008118579552878,0.2852491488089237,0.7521737919978563,-0.35646565771824273,-0.19407418225661935,5.1181766076891115,0.0,0.0,0.0,0.0,1.0,0.0,0.0
2024-10-05 03:40:00.675631,1.0,1.0,1.0,1.0,1.0,1.0,1.0,703685.0,0.040185802182344105,0.038123599349151736,0.04437493143949452,0.03397722680635423,0.03212811624624381,0.03127121205432006,-0.00011445209383964543,0.0003306393822034201,-0.0003942238787810009,-0.0,0.0,0.0,0.0,1.0,0.0,0.0,2.1567298851363126,0.69099496613081,6.817605041046696,0.1716160511116738,0.28793157291680277,0.7485693925099599,-0.36016068444100235,-0.19610616740523437,5.0917309534711075,0.0,0.0,0.0,0.0,1.0,0.0,0.0
2024-10-05 03:40:00.757891,1.0,1.0,1.0,1.0,1.0,1.0,1.0,703686.0,0.03999088202492748,0.038123599349151736,0.044958069872003174,0.03392007415562166,0.0321582976678794,0.031549183850304155,-0.00012716899315516158,0.0003338186070322991,-0.00041965767741203324,-0.0,0.0,0.0,0.0,1.0,0.0,0.0,2.153892132581661,0.693036551094787,6.818434680804558,0.17206733053502768,0.2875004611737478,0.747337799084563,-0.36099973065510016,-0.19632017843850694,5.083294560783064,0.0,0.0,0.0,0.0,1.0,0.0,0.0
2024-10-05 03:40:00.761391,1.0,1.0,1.0,1.0,1.0,1.0,1.0,703687.0,0.04025056580563931,0.037780445658522906,0.044958069872003174,0.033546208593426816,0.03191604715477278,0.03167194378429309,-0.00013352744281291964,0.0003306393822034201,-0.00041965767741203324,-0.0,0.0,0.0,0.0,1.0,0.0,0.0,2.151964373881045,0.6956949953612415,6.819020410609713,0.1745096723341678,0.28735436282715393,0.7451611582133084,-0.3655071754813538,-0.1969312267122147,5.069181186961463,0.0,0.0,0.0,0.0,1.0,0.0,0.0
2024-10-05 03:40:00.843034,1.0,1.0,1.0,1.0,1.0,1.0,1.0,703688.0,0.039925697169818586,0.03729472643293347,0.04576198155144105,0.033661686417184034,0.032398736885968185,0.03173314566510837,-0.00012716899315516156,0.00032746015737454104,-0.0004323745767275493,-0.0,0.0,0.0,0.0,1.0,0.0,0.0,2.1490404734150035,0.6985803135572184,6.820020037057855,0.17310439938420658,0.28410379495487126,0.7432540851598775,-0.360316506408194,-0.1953208210740101,5.057148948010947,0.0,0.0,0.0,0.0,1.0,0.0,0.0
2024-10-05 03:40:00.846782,1.0,1.0,1.0,1.0,1.0,1.0,1.0,703689.0,0.04063698009803076,0.037918079796158174,0.04536180663361167,0.03394866250806731,0.032368779656366614,0.03227874115189541,-0.00013034821798404061,0.00033699783186117815,-0.00042601612706979125,-0.0,0.0,0.0,0.0,1.0,0.0,0.0,2.1482682937745414,0.702232515182684,6.82218666453433,0.1705739506732623,0.2825899790467279,0.7406856515604157,-0.3544023639335814,-0.19518430995392722,5.042131425356762,0.0,0.0,0.0,0.0,1.0,0.0,0.0
2024-10-05 03:40:00.928510,1.0,1.0,1.0,1.0,1.0,1.0,1.0,703690.0,0.040315225390783915,0.037711440220720746,0.04536180663361167,0.033546208593426816,0.03254810944778678,0.03245856839932655,-0.00015260279178619387,0.0003560731808344524,-0.0004355538015564284,-0.0,0.0,0.0,0.0,1.0,0.0,0.0,2.1468637060432343,0.7041261787786662,6.824434574619149,0.17085515646619379,0.2803206540434738,0.7419901665417695,-0.354541061822065,-0.1941697124958062,5.052456584581799,0.0,0.0,0.0,0.0,1.0,0.0,0.0
2024-10-05 03:40:01.011399,1.0,1.0,1.0,1.0,1.0,1.0,1.0,703691.0,0.04025056580563931,0.038055216156251626,0.04547650165015326,0.033168129149298335,0.032785690042080325,0.03245856839932655,-0.00014306511729955676,0.0003815069794654847,-0.00042919535189867036,-0.0,0.0,0.0,0.0,1.0,0.0,0.0,2.145841119206683,0.7038910520384123,6.824595459344658,0.17034972149534514,0.27761111824931806,0.7473992920044177,-0.352074837035596,-0.19224912006793157,5.089701901535876,0.0,0.0,0.0,0.0,1.0,0.0,0.0
2024-10-05 03:40:01.014898,1.0,1.0,1.0,1.0,1.0,1.0,1.0,703692.0,0.04037978143756249,0.0378493252884673,0.04553374081900146,0.03310957989067469,0.03254810944778678,0.03227874115189541,-0.00014942356695731485,0.0003497147311766943,-0.00041965767741203324,-0.0,0.0,0.0,0.0,1.0,0.0,0.0,2.1453563533521476,0.7054084044879836,6.826259043920318,0.1709661132031546,0.2766821753552875,0.7497868663941346,-0.35343963073447426,-0.19177734370941277,5.106604275570554,0.0,0.0,0.0,0.0,1.0,0.0,0.0
2024-10-05 03:40:01.096514,1.0,1.0,1.0,1.0,1.0,1.0,1.0,703693.0,0.039925697169818586,0.03819186010094626,0.04627140705916456,0.03325575976212062,0.032667115729434024,0.03203740138402003,-0.000162140466272831,0.0003910446539521219,-0.0004260161270697913,-0.0,0.0,0.0,0.0,1.0,0.0,0.0,2.1430205489802936,0.7077909205354516,6.829010853308164,0.1678122988467663,0.27807650259900646,0.7449398017947196,-0.346291332946313,-0.19342403918976128,5.076803302792872,0.0,0.0,0.0,0.0,1.0,0.0,0.0
2024-10-05 03:40:01.100014,1.0,1.0,1.0,1.0,1.0,1.0,1.0,703694.0,0.040185802182344105,0.03825999906698716,0.046496026860123614,0.03331405211143558,0.032756086704177324,0.03203740138402003,-0.00014624434212843582,0.000410120002925396,-0.0004482707008719446,-0.0,0.0,0.0,0.0,1.0,0.0,0.0,2.1412846615521595,0.709003393439387,6.8307583076866205,0.16513663469979023,0.2746892696696494,0.7463357064480872,-0.33882197340101133,-0.1915321544051332,5.087810809454793,0.0,0.0,0.0,0.0,1.0,0.0,0.0
2024-10-05 03:40:01.182200,1.0,1.0,1.0,1.0,1.0,1.0,1.0,703695.0,0.04063698009803076,0.03832801689680105,0.04632766410980066,0.03331405211143558,0.032398736885968185,0.031763702384431956,-0.00013352744281291964,0.0004260161270697913,-0.0004419122512141865,-0.0,0.0,0.0,0.0,1.0,0.0,0.0,2.137655410005734,0.7081321053775522,6.832008721070497,0.16339879094075604,0.2742469430492069,0.7510704688682671,-0.33320156859183836,-0.19087841999170915,5.121683864599409,0.0,0.0,0.0,0.0,1.0,0.0,0.0
2024-10-05 03:40:01.264832,1.0,1.0,1.0,1.0,1.0,1.0,1.0,703696.0,0.04076497090344803,0.038055216156251626,0.046830936544030206,0.03319736505550277,0.03310957989067469,0.03167194378429309,-0.00014306511729955676,0.00041647845258315413,-0.0004482707008719446,-0.0,0.0,0.0,0.0,1.0,0.0,0.0,2.1354159456315314,0.7077982805105513,6.83242954105209,0.16200751061725813,0.2720870098667062,0.7514303969714499,-0.3294884379499142,-0.1892212953082183,5.124416000423418,0.0,0.0,0.0,0.0,1.0,0.0,0.0
2024-10-05 03:40:01.268717,1.0,1.0,1.0,1.0,1.0,1.0,1.0,703697.0,0.04095620715673985,0.03819186010094626,0.04638385292864447,0.03340129988750126,0.033459338679991214,0.03120910432259612,-0.0001367066676417987,0.00041965767741203324,-0.0004355538015564284,-0.0,0.0,0.0,0.0,1.0,0.0,0.0,2.130112220252005,0.7063537965002861,6.833177803380382,0.15588318348083588,0.27384709110896194,0.7511858687987064,-0.3164137665027292,-0.19005843651061305,5.123182835463634,0.0,0.0,0.0,0.0,1.0,0.0,0.0
2024-10-05 03:40:01.350595,1.0,1.0,1.0,1.0,1.0,1.0,1.0,703698.0,0.04070102581168387,0.03832801689680105,0.046045691532351565,0.03351727697218139,0.033430331878977426,0.03070772063827226,-0.00013988589247067773,0.00042919535189867025,-0.00039740310360987996,-0.0,0.0,0.0,0.0,1.0,0.0,0.0,2.1266277536431963,0.7054909910438542,6.833761507239084,0.1613923339576684,0.27414905685308666,0.7525985473825203,-0.3287282436606232,-0.1898320744411997,5.133361447563227,0.0,0.0,0.0,0.0,1.0,0.0,0.0
2024-10-05 03:40:01.353595,1.0,1.0,1.0,1.0,1.0,1.0,1.0,703699.0,0.03966388649582423,0.03853134997827472,0.04581886408620406,0.03363285413230715,0.03308026640118225,0.030453933471522428,-0.00012398976832628253,0.0004164784525831542,-0.0003878654291232428,-0.0,0.0,0.0,0.0,1.0,0.0,0.0,2.1202843394310174,0.7046005732323636,6.834347447938145,0.16107064803883722,0.2731716479646239,0.7516412886896352,-0.32686869781638406,-0.18898583291799848,5.12754968580035,0.0,0.0,0.0,0.0,1.0,0.0,0.0
2024-10-05 03:40:01.435658,1.0,1.0,1.0,1.0,1.0,1.0,1.0,703700.0,0.04082881584609787,0.03832801689680105,0.04587567609077438,0.033284918697807614,0.032756086704177324,0.030612797008878905,-0.0001208105434974035,0.00037832775463660567,-0.0003942238787810009,-0.0,0.0,0.0,0.0,1.0,0.0,0.0,2.117690078770391,0.7046005732323636,6.835516892354734,0.15914195601612408,0.2754601228096376,0.7539348192337455,-0.32243816836330524,-0.1904989946475483,5.144753270360945,0.0,0.0,0.0,0.0,1.0,0.0,0.0
2024-10-05 03:40:01.439158,1.0,1.0,1.0,1.0,1.0,1.0,1.0,703701.0,0.041461858493688546,0.03819186010094626,0.04564800383634771,0.033661686417184034,0.03290383705573704,0.030581090322992784,-0.00011445209383964543,0.00038468620429436373,-0.0003846862042943638,-0.0,0.0,0.0,0.0,1.0,0.0,0.0,2.1129474627384597,0.7057255847322973,6.8362663407914805,0.16589181138578843,0.2797452446543961,0.7517824101740875,-0.3370049370728869,-0.193873973096215,5.129714817809969,0.0,0.0,0.0,0.0,1.0,0.0,0.0
2024-10-05 03:40:01.521352,1.0,1.0,1.0,1.0,1.0,1.0,1.0,703702.0,0.04108320345271294,0.038123599349151736,0.04627140705916457,0.03360399710929144,0.03310957989067469,0.03064447088906264,-9.855596969525021e-05,0.00039422387878100085,-0.00038786542912324284,-0.0,0.0,0.0,0.0,1.0,0.0,0.0,2.109617103758575,0.7077541195119007,6.837016469009814,0.16496296006566996,0.2788374947976201,0.752986089796455,-0.3340889087450034,-0.1938735147159156,5.138276020304488,0.0,0.0,0.0,0.0,1.0,0.0,0.0
2024-10-05 03:40:01.604051,1.0,1.0,1.0,1.0,1.0,1.0,1.0,703703.0,0.04139898983206046,0.0373645014732293,0.04581886408620406,0.03340129988750126,0.032815266674204355,0.03054935072925873,-6.676372140645982e-05,0.00039422387878100085,-0.0003878654291232428,-0.0,0.0,0.0,0.0,1.0,0.0,0.0,2.1050366811101044,0.7072155493318114,6.837846800931528,0.16533285422485677,0.27890706984995645,0.7566283995085279,-0.3339794105226564,-0.19371031450803317,5.163633862376184,0.0,0.0,0.0,0.0,1.0,0.0,0.0
2024-10-05 03:40:01.607551,1.0,1.0,1.0,1.0,1.0,1.0,1.0,703704.0,0.04114655461363215,0.03764230828317236,0.04643997376336176,0.03363285413230715,0.032785690042080325,0.030676112065162197,-6.994294623533886e-05,0.0003878654291232428,-0.00037196930497884756,-0.0,0.0,0.0,0.0,1.0,0.0,0.0,2.10327935188621,0.7087845842069405,6.839431465844815,0.1672537754274742,0.28004975843485935,0.7609735975528615,-0.3383552581497432,-0.1950043199905827,5.194084894114248,0.0,0.0,0.0,0.0,1.0,0.0,0.0
2024-10-05 03:40:01.689314,1.0,1.0,1.0,1.0,1.0,1.0,1.0,703705.0,0.04076497090344803,0.037918079796158174,0.046775284787538986,0.033546208593426816,0.032874340109372714,0.030802351742838057,-9.537674486637117e-05,0.00035925240566333144,-0.00037196930497884756,-0.0,0.0,0.0,0.0,1.0,0.0,0.0,2.1009240415274975,0.7106387978201297,6.841263357593678,0.16877417864279992,0.2766547915523497,0.7613993696173622,-0.34181300367971895,-0.19321191003891056,5.198629192296041,0.0,0.0,0.0,0.0,1.0,0.0,0.0
2024-10-05 03:40:01.692814,1.0,1.0,1.0,1.0,1.0,1.0,1.0,703706.0,0.041019754451988084,0.03764230828317236,0.04627140705916457,0.0337192770263005,0.032667115729434024,0.030676112065162197,-7.312217106421791e-05,0.0003687900801499686,-0.0003878654291232428,-0.0,0.0,0.0,0.0,1.0,0.0,0.0,2.099827125694268,0.7123698479701118,6.8429289802364845,0.17088922149530164,0.2774388330860266,0.7638118286364152,-0.34646183990438073,-0.19442586087403296,5.217567229035039,0.0,0.0,0.0,0.0,1.0,0.0,0.0
2024-10-05 03:40:01.774937,1.0,1.0,1.0,1.0,1.0,1.0,1.0,703707.0,0.04076497090344803,0.037780445658522906,0.04666378216223114,0.0337192770263005,0.03254810944778678,0.03095942747707764,-6.676372140645982e-05,0.00035925240566333144,-0.0003910446539521219,-0.0,0.0,0.0,0.0,1.0,0.0,0.0,2.0995026674821284,0.7114104831143984,6.844678969944433,0.1778072201380629,0.27608730335118503,0.7661415145151586,-0.3610556425383175,-0.19316353830135213,5.234958316370033,0.0,0.0,0.0,0.0,1.0,0.0,0.0
2024-10-05 03:40:01.858377,1.0,1.0,1.0,1.0,1.0,1.0,1.0,703708.0,0.04070102581168387,0.038055216156251626,0.04610222401715648,0.03351727697218139,0.032097906445255474,0.03185519667586617,-5.086759726206463e-05,0.00036879008014996856,-0.00039740310360987996,-0.0,0.0,0.0,0.0,1.0,0.0,0.0,2.100911643730378,0.7104834921606343,6.846094068672665,0.17448538975105188,0.2826710512971931,0.7645144427130159,-0.35414709657070065,-0.19757967082823824,5.224867326398132,0.0,0.0,0.0,0.0,1.0,0.0,0.0
2024-10-05 03:40:01.861874,1.0,1.0,1.0,1.0,1.0,1.0,1.0,703709.0,0.041712385598201944,0.037224820604963814,0.046775284787538986,0.033661686417184034,0.03218845078999174,0.031763702384431956,-6.994294623533886e-05,0.0003656108553210895,-0.0003910446539521218,-0.0,0.0,0.0,0.0,1.0,0.0,0.0,2.1012557177575806,0.7089108691075271,6.846512501147606,0.17473809561147333,0.2870587244709912,0.7662698373320034,-0.3545010103177393,-0.20019040315808662,5.237069918812396,0.0,0.0,0.0,0.0,1.0,0.0,0.0
2024-10-05 03:40:01.943877,1.0,1.0,1.0,1.0,1.0,1.0,1.0,703710.0,0.04127296521748624,0.038123599349151736,0.046607930817067524,0.03394866250806731,0.032667115729434024,0.031364143052817484,-7.948062072197598e-05,0.0003815069794654848,-0.00037196930497884767,-0.0,0.0,0.0,0.0,1.0,0.0,0.0,2.101913956442501,0.7096550711800254,6.846761417981507,0.17434938305963799,0.286231475292527,0.7649974061724465,-0.35334267068517927,-0.19990125139830295,5.227893578366726,0.0,0.0,0.0,0.0,1.0,0.0,0.0
2024-10-05 03:40:01.946879,1.0,1.0,1.0,1.0,1.0,1.0,1.0,703711.0,0.039925697169818586,0.0378493252884673,0.04727379213344164,0.034005767111097776,0.032368779656366614,0.03130221970899244,-0.00011127286901076638,0.0003401770566900572,-0.00040694077809651707,-0.0,0.0,0.0,0.0,1.0,0.0,0.0,2.1027352263268155,0.7107267585946753,6.848011191405683,0.17298431022600436,0.2869664963744286,0.7652527639422781,-0.35078459952321395,-0.20069820232068505,5.231529429874962,0.0,0.0,0.0,0.0,1.0,0.0,0.0
2024-10-05 03:40:02.028376,1.0,1.0,1.0,1.0,1.0,1.0,1.0,703712.0,0.03999088202492748,0.03701431097784902,0.04598908955455483,0.03392007415562166,0.032308781866774994,0.03130221970899244,-0.00012398976832628253,0.0003338186070322991,-0.0003846862042943638,-0.0,0.0,0.0,0.0,1.0,0.0,0.0,2.104233499940682,0.712140428105304,6.848763836371986,0.17308788224219948,0.2935899844904347,0.764838458876881,-0.35158471915711537,-0.20607179246791127,5.22972156535815,0.0,0.0,0.0,0.0,1.0,0.0,0.0
2024-10-05 03:40:02.031876,1.0,1.0,1.0,1.0,1.0,1.0,1.0,703713.0,0.03999088202492748,0.037780445658522906,0.04587567609077438,0.03397722680635423,0.03212811624624381,0.03148762440853117,-0.00011763131866852446,0.000321101707716783,-0.00036243163049221044,-0.0,0.0,0.0,0.0,1.0,0.0,0.0,2.107490936317461,0.712251490324062,6.849429404456934,0.1707051324485326,0.295865425165129,0.7623588783929698,-0.3460746494297351,-0.20777341578569683,5.213832337944865,0.0,0.0,0.0,0.0,1.0,0.0,0.0
2024-10-05 03:40:02.113860,1.0,1.0,1.0,1.0,1.0,1.0,1.0,703714.0,0.04050858489526057,0.037084613626145846,0.045246820880521094,0.03386282504451316,0.031763702384431956,0.031763702384431956,-0.0001367066676417987,0.0003083848084012668,-0.00039422387878100085,-0.0,0.0,0.0,0.0,1.0,0.0,0.0,2.107333011461102,0.711786527313801,6.8514287621029855,0.17098880923981255,0.2982867797335826,0.7596660152954204,-0.34698090512956725,-0.209318630493614,5.197567524648092,0.0,0.0,0.0,0.0,1.0,0.0,0.0
2024-10-05 03:40:02.196605,1.0,1.0,1.0,1.0,1.0,1.0,1.0,703715.0,0.04101975445198809,0.037224820604963814,0.04507379225100918,0.03386282504451316,0.0316106234096681,0.032007105962223864,-0.00015260279178619387,0.0003306393822034201,-0.0004005823284387589,-0.0,0.0,0.0,0.0,1.0,0.0,0.0,2.1089118667138402,0.7141099505128395,6.853092674222327,0.16877157830032405,0.30239606042244016,0.7627474072674028,-0.34245123937210215,-0.21302939564087375,5.219417950007184,0.0,0.0,0.0,0.0,1.0,0.0,0.0
2024-10-05 03:40:02.200102,1.0,1.0,1.0,1.0,1.0,1.0,1.0,703716.0,0.04076497090344803,0.03771144022072075,0.04501596824740669,0.03351727697218139,0.03130221970899244,0.03221857569203676,-0.00019075348973274234,0.000321101707716783,-0.00037832775463660567,-0.0,0.0,0.0,0.0,1.0,0.0,0.0,2.1093310580004974,0.7156086059786725,6.8538417209222064,0.16856179178779318,0.30657337935175605,0.7668960096647607,-0.34204594497829205,-0.21657318630209776,5.248253859836348,0.0,0.0,0.0,0.0,1.0,0.0,0.0
2024-10-05 03:40:02.281749,1.0,1.0,1.0,1.0,1.0,1.0,1.0,703717.0,0.04076497090344803,0.03729472643293347,0.04501596824740669,0.03360399710929144,0.031022035078891817,0.03245856839932655,-0.00018439504007498428,0.0003083848084012668,-0.0003656108553210895,-0.0,0.0,0.0,0.0,1.0,0.0,0.0,2.109902971936987,0.7181327255174775,6.854674574562939,0.16601137288361595,0.3087411801059258,0.7677584392093452,-0.33784771551189957,-0.21902054390312392,5.255118689359906,0.0,0.0,0.0,0.0,1.0,0.0,0.0
2024-10-05 03:40:02.285249,1.0,1.0,1.0,1.0,1.0,1.0,1.0,703718.0,0.04037978143756249,0.037224820604963814,0.0459324178268601,0.03363285413230715,0.030802351742838057,0.032067668184708895,-0.00019393271456162142,0.0003083848084012668,-0.0003751485298077266,-0.0,0.0,0.0,0.0,1.0,0.0,0.0,2.1080707629268747,0.7211318732531186,6.854093411724751,0.16568694461339684,0.3051359232783189,0.7716043439827439,-0.3367841113123191,-0.217412743463043,5.281147932410508,0.0,0.0,0.0,0.0,1.0,0.0,0.0
2024-10-05 03:40:02.367659,1.0,1.0,1.0,1.0,1.0,1.0,1.0,703719.0,0.03986040571620479,0.0378493252884673,0.04564800383634771,0.03313886745048406,0.030802351742838057,0.0321582976678794,-0.00021618728836377468,0.000321101707716783,-0.00041012000292539613,-0.0,0.0,0.0,0.0,1.0,0.0,0.0,2.106989929863612,0.7261789114211261,6.854254360307938,0.16682975220680835,0.3062463653106936,0.7681846503135618,-0.339660388816532,-0.21970732795666723,5.257521809056716,0.0,0.0,0.0,0.0,1.0,0.0,0.0
2024-10-05 03:40:02.450688,1.0,1.0,1.0,1.0,1.0,1.0,1.0,703720.0,0.039532330954326636,0.037084613626145846,0.04581886408620406,0.032933307582966455,0.030676112065162197,0.03203740138402003,-0.00021618728836377465,0.00032746015737454104,-0.00042601612706979125,-0.0,0.0,0.0,0.0,1.0,0.0,0.0,2.1033460845276473,0.7293462948411615,6.854087331442347,0.16639323503228665,0.3104593741286295,0.7675882175095179,-0.3383742451869157,-0.22372467172573562,5.253194000946603,0.0,0.0,0.0,0.0,1.0,0.0,0.0
2024-10-05 03:40:02.454185,1.0,1.0,1.0,1.0,1.0,1.0,1.0,703721.0,0.03979500713939933,0.037224820604963814,0.04513154216867338,0.03257790177388484,0.030612797008878905,0.032308781866774994,-0.0001939327145616214,0.00033699783186117815,-0.0004260161270697913,-0.0,0.0,0.0,0.0,1.0,0.0,0.0,2.100691368923807,0.732094787963302,6.853835640416518,0.1659147065569861,0.31056054208621203,0.7701072696105425,-0.33709153730688307,-0.22459240665912267,5.270818197793124,0.0,0.0,0.0,0.0,1.0,0.0,0.0
2024-10-05 03:40:02.535565,1.0,1.0,1.0,1.0,1.0,1.0,1.0,703722.0,0.03966388649582423,0.03832801689680105,0.04541919034616077,0.03248844283583844,0.03070772063827226,0.03260766687993288,-0.0001843950400749843,0.0003306393822034201,-0.0004482707008719446,-0.0,0.0,0.0,0.0,1.0,0.0,0.0,2.0977705018499186,0.7333736317854934,6.852253546400907,0.16673680817135172,0.3074079522872162,0.7702836416895342,-0.3376933023281969,-0.22257623983616084,5.270594832016953,0.0,0.0,0.0,0.0,1.0,0.0,0.0
2024-10-05 03:40:02.539065,1.0,1.0,1.0,1.0,1.0,1.0,1.0,703723.0,0.03966388649582423,0.037780445658522906,0.04530435023736206,0.03242866644143693,0.03095942747707764,0.03251828982682399,-0.00019393271456162142,0.0003179224828879039,-0.0004578083753585817,-0.0,0.0,0.0,0.0,1.0,0.0,0.0,2.094686683951996,0.7375215518418132,6.851586732029209,0.1680311011879248,0.3051683204413594,0.7717845539524315,-0.3409770609946208,-0.22227239467485319,5.27988784076213,0.0,0.0,0.0,0.0,1.0,0.0,0.0
2024-10-05 03:40:02.620606,1.0,1.0,1.0,1.0,1.0,1.0,1.0,703724.0,0.03913501101148131,0.038123599349151736,0.04553374081900146,0.03254810944778678,0.031146872746571578,0.03242866644143693,-0.00016849891593058908,0.00030520558357238775,-0.0004260161270697913,-0.0,0.0,0.0,0.0,1.0,0.0,0.0,2.09226706574534,0.7406404295182076,6.849418756713702,0.16752549521494045,0.3032881340924322,0.7692171754740534,-0.33932209995024953,-0.22179333679809202,5.26010124536649,0.0,0.0,0.0,0.0,1.0,0.0,0.0
2024-10-05 03:40:02.704027,1.0,1.0,1.0,1.0,1.0,1.0,1.0,703725.0,0.03906839817849147,0.037918079796158174,0.045304350237362054,0.03257790177388484,0.03157991857152382,0.0321582976678794,-0.00012716899315516158,0.00027977178494135546,-0.00041329922775427513,-0.0,0.0,0.0,0.0,1.0,0.0,0.0,2.0896828947741364,0.7424670648927105,6.847418812172125,0.16577733454409896,0.3028119155476356,0.7653990108656917,-0.3350441732889569,-0.22213132708638134,5.232767918774737,0.0,0.0,0.0,0.0,1.0,0.0,0.0
2024-10-05 03:40:02.708019,1.0,1.0,1.0,1.0,1.0,1.0,1.0,703726.0,0.03946638873835309,0.0373645014732293,0.04553374081900147,0.032815266674204355,0.03212811624624381,0.03242866644143693,-0.00011127286901076637,0.0002765925601124764,-0.0004355538015564284,-0.0,0.0,0.0,0.0,1.0,0.0,0.0,2.08650986869791,0.7449869481546785,6.845833713303755,0.16373541829785113,0.3004493302426576,0.7642656585696728,-0.3300431306787386,-0.221040903433962,5.223512459366196,0.0,0.0,0.0,0.0,1.0,0.0,0.0
2024-10-05 03:40:02.789509,1.0,1.0,1.0,1.0,1.0,1.0,1.0,703727.0,0.03986040571620479,0.03819186010094626,0.04553374081900147,0.03284481667269478,0.032067668184708895,0.03242866644143693,-0.00010809364418188733,0.00030520558357238775,-0.0004673460498452188,-0.0,0.0,0.0,0.0,1.0,0.0,0.0,2.083906059537333,0.7473687574509941,6.843000831731031,0.16203920677029796,0.299222448502678,0.7627847049145852,-0.325477662896696,-0.22094001561219315,5.211288045526486,0.0,0.0,0.0,0.0,1.0,0.0,0.0
2024-10-05 03:40:02.793009,1.0,1.0,1.0,1.0,1.0,1.0,1.0,703728.0,0.04025056580563931,0.03764230828317236,0.04547650165015325,0.03242866644143693,0.03218845078999174,0.032368779656366614,-9.855596969525021e-05,0.0002638756607969603,-0.0004514499257008236,-0.0,0.0,0.0,0.0,1.0,0.0,0.0,2.07777069647229,0.7483712393822292,6.840758261104036,0.1662011551106806,0.2975792553106058,0.7635213004513874,-0.33263528178516577,-0.2197737699707993,5.21437114085753,0.0,0.0,0.0,0.0,1.0,0.0,0.0
2024-10-05 03:40:02.874243,1.0,1.0,1.0,1.0,1.0,1.0,1.0,703729.0,0.04044423444177086,0.03757304914762413,0.04547650165015325,0.03242866644143693,0.03224867245309928,0.032368779656366614,-4.1329922775427505e-05,0.00024797953665256506,-0.00041329922775427513,-0.0,0.0,0.0,0.0,1.0,0.0,0.0,2.074702347141869,0.7494472856913637,6.84042963262904,0.16336228421358195,0.29303432579132815,0.7658045572753548,-0.32610532009694027,-0.21681212228981575,5.2294614240249295,0.0,0.0,0.0,0.0,1.0,0.0,0.0
2024-10-05 03:40:02.877743,1.0,1.0,1.0,1.0,1.0,1.0,1.0,703730.0,0.04070102581168387,0.03832801689680105,0.04518921828443541,0.03224867245309928,0.03227874115189541,0.033226575237181734,-1.907534897327423e-05,0.00023844186216592797,-0.00041329922775427513,-0.0,0.0,0.0,0.0,1.0,0.0,0.0,2.070178324726279,0.7487941751730327,6.841857031170995,0.1642794863488277,0.2883585156382488,0.769105331973352,-0.327717708545339,-0.21339989097984396,5.253930121859529,0.0,0.0,0.0,0.0,1.0,0.0,0.0
2024-10-05 03:40:02.960071,1.0,1.0,1.0,1.0,1.0,1.0,1.0,703731.0,0.04114655461363215,0.03798670986099515,0.04518921828443541,0.03242866644143693,0.03233879467572394,0.033168129149298335,-2.5433798631032307e-05,0.00023844186216592791,-0.00041965767741203314,-0.0,0.0,0.0,0.0,1.0,0.0,0.0,2.069484961526022,0.7506703673379254,6.8444520494738486,0.16561993721637105,0.2859918636414258,0.7673884406992646,-0.32932758641540066,-0.2120507389830173,5.243680397733671,0.0,0.0,0.0,0.0,1.0,0.0,0.0
2024-10-05 03:40:03.042766,1.0,1.0,1.0,1.0,1.0,1.0,1.0,703732.0,0.041649895097796784,0.037711440220720746,0.044725726870264354,0.03260766687993288,0.03245856839932655,0.03310957989067469,-1.5896124144395188e-05,0.0002670548856258393,-0.0004132992277542751,-0.0,0.0,0.0,0.0,1.0,0.0,0.0,2.0653295578576225,0.7509006146947673,6.845708332233728,0.16767934369704635,0.28267186843940306,0.7612617503030269,-0.3332329823609808,-0.2094033740771314,5.201854124789821,0.0,0.0,0.0,0.0,1.0,0.0,0.0
2024-10-05 03:40:03.046266,1.0,1.0,1.0,1.0,1.0,1.0,1.0,703733.0,0.041649895097796784,0.03757304914762413,0.04507379225100917,0.032308781866774994,0.03254810944778678,0.0333431600699038,-2.8613023459911346e-05,0.0002988471339146297,-0.0004514499257008236,-0.0,0.0,0.0,0.0,1.0,0.0,0.0,2.0644733630903764,0.7505539410439603,6.846796416939722,0.17093206349778614,0.28070503131949454,0.7564454440200903,-0.3397954785371543,-0.2077177772485295,5.169854675989729,0.0,0.0,0.0,0.0,1.0,0.0,0.0
2024-10-05 03:40:03.128053,1.0,1.0,1.0,1.0,1.0,1.0,1.0,703734.0,0.041774782619765874,0.03798670986099516,0.04478392562861249,0.03233879467572394,0.032398736885968185,0.03357511528435138,-5.086759726206463e-05,0.000321101707716783,-0.0004673460498452187,-0.0,0.0,0.0,0.0,1.0,0.0,0.0,2.059651491591836,0.7502806527236968,6.847549195427358,0.1735187397565242,0.279903732191635,0.756575411390025,-0.34480693563188153,-0.20699081132562125,5.171187734212191,0.0,0.0,0.0,0.0,1.0,0.0,0.0
2024-10-05 03:40:03.131553,1.0,1.0,1.0,1.0,1.0,1.0,1.0,703735.0,0.041209808385968265,0.03701431097784901,0.044900096837092805,0.032398736885968185,0.03179422973639322,0.033748035476753,-5.4046822090943663e-05,0.0003433562815189362,-0.0004896006236473721,-0.0,0.0,0.0,0.0,1.0,0.0,0.0,2.056535986806637,0.7506996810598207,6.8484652578393534,0.17479623396897637,0.27756352164044246,0.7567805759761194,-0.34770434699109115,-0.20529298331260823,5.172970837782188,0.0,0.0,0.0,0.0,1.0,0.0,0.0
2024-10-05 03:40:03.213808,1.0,1.0,1.0,1.0,1.0,1.0,1.0,703736.0,0.04063698009803076,0.037711440220720746,0.04507379225100917,0.03245856839932655,0.0316106234096681,0.033546208593426816,-5.0867597262064634e-05,0.0003687900801499686,-0.00047688372433185594,-0.0,0.0,0.0,0.0,1.0,0.0,0.0,2.051837357295626,0.7504999698503835,6.849551383516619,0.17539973637884937,0.2767926848741662,0.7570694296942959,-0.3482372288077793,-0.20477051598042897,5.175585123610688,0.0,0.0,0.0,0.0,1.0,0.0,0.0
2024-10-05 03:40:03.296879,1.0,1.0,1.0,1.0,1.0,1.0,1.0,703737.0,0.04031522539078391,0.03764230828317236,0.04536180663361166,0.032398736885968185,0.0316106234096681,0.033690494027434716,-5.086759726206463e-05,0.0003497147311766943,-0.0005054967477917672,-0.0,0.0,0.0,0.0,1.0,0.0,0.0,2.048920720720755,0.75105888428967,6.852386118336937,0.17426273255753688,0.27996858714513495,0.758518889823091,-0.34594534833738916,-0.20702596573032625,5.18711084812504,0.0,0.0,0.0,0.0,1.0,0.0,0.0
2024-10-05 03:40:03.299879,1.0,1.0,1.0,1.0,1.0,1.0,1.0,703738.0,0.04037978143756248,0.0378493252884673,0.04536180663361167,0.03233879467572394,0.03167194378429309,0.03360399710929144,-5.404682209094367e-05,0.0003942238787810009,-0.0005245720967650415,-0.0,0.0,0.0,0.0,1.0,0.0,0.0,2.049912734191272,0.7527772046685995,6.856464113773954,0.17430714540065273,0.2795567587544894,0.7535854870618691,-0.3465604989045103,-0.207166844079225,5.156864346517633,0.0,0.0,0.0,0.0,1.0,0.0,0.0
2024-10-05 03:40:03.381976,1.0,1.0,1.0,1.0,1.0,1.0,1.0,703739.0,0.03999088202492748,0.03729472643293347,0.04576198155144105,0.032097906445255474,0.03197678183797181,0.03351727697218139,-8.90182952086131e-05,0.0003815069794654848,-0.0005563643450538319,-0.0,0.0,0.0,0.0,1.0,0.0,0.0,2.049377459567466,0.7533344295820338,6.857545174300021,0.1784545628670765,0.28133661145776606,0.75619480958296,-0.35536215130333304,-0.20862193449176164,5.175494440007235,0.0,0.0,0.0,0.0,1.0,0.0,0.0
2024-10-05 03:40:03.385476,1.0,1.0,1.0,1.0,1.0,1.0,1.0,703740.0,0.040055960801949016,0.036802597262395625,0.04671956673942694,0.03203740138402003,0.03191604715477278,0.03284481667269478,-6.994294623533886e-05,0.0003815069794654848,-0.000569081244369348,-0.0,0.0,0.0,0.0,1.0,0.0,0.0,2.051593896678065,0.7543591459874871,6.855707755037637,0.17724441250025003,0.27996545200953704,0.7573419377096138,-0.3527663142305533,-0.2079037240531043,5.181674911949109,0.0,0.0,0.0,0.0,1.0,0.0,0.0
2024-10-05 03:40:03.467583,1.0,1.0,1.0,1.0,1.0,1.0,1.0,703741.0,0.04025056580563931,0.03658965855745672,0.046496026860123614,0.03173314566510837,0.0316106234096681,0.032785690042080325,-4.4509147604306555e-05,0.0003846862042943638,-0.000569081244369348,-0.0,0.0,0.0,0.0,1.0,0.0,0.0,2.0500800215994497,0.7531615333126804,6.8540368773564975,0.17607240337688418,0.28148763846764957,0.7545951448275066,-0.35092837534024374,-0.2086976513476399,5.1616125398261845,0.0,0.0,0.0,0.0,1.0,0.0,0.0
2024-10-05 03:40:03.470585,1.0,1.0,1.0,1.0,1.0,1.0,1.0,703742.0,0.04044423444177086,0.037084613626145846,0.04699749641733918,0.0316106234096681,0.03145679951185349,0.032308781866774994,-4.4509147604306555e-05,0.0003942238787810009,-0.0005436474457383157,-0.0,0.0,0.0,0.0,1.0,0.0,0.0,2.051728182932436,0.7549854744831015,6.855952538879373,0.17763219350885634,0.2856731468849067,0.7569421104332483,-0.35433592191944924,-0.21244668704457584,5.179707640426525,0.0,0.0,0.0,0.0,1.0,0.0,0.0
2024-10-05 03:40:03.552283,1.0,1.0,1.0,1.0,1.0,1.0,1.0,703743.0,0.04044423444177086,0.0373645014732293,0.04710820916537822,0.031641298451732976,0.031115710284795706,0.03212811624624381,-2.861302345991135e-05,0.00036879008014996856,-0.0005086759726206463,-0.0,0.0,0.0,0.0,1.0,0.0,0.0,2.0493924252265603,0.755652648002774,6.856868998078049,0.17388687600356637,0.28582446851954896,0.7610535244672894,-0.3451381343221566,-0.21271670668351433,5.208701476987467,0.0,0.0,0.0,0.0,1.0,0.0,0.0
2024-10-05 03:40:03.635967,1.0,1.0,1.0,1.0,1.0,1.0,1.0,703744.0,0.040185802182344105,0.036802597262395625,0.047218662327942335,0.03142594437984583,0.031084516582433108,0.03173314566510837,9.537674486637114e-06,0.0003528939560055733,-0.0005086759726206463,-0.0,0.0,0.0,0.0,1.0,0.0,0.0,2.0524529260950395,0.7563054573280509,6.8582838602979335,0.17146401358353075,0.2871301688030875,0.7690489185599919,-0.3407469709056164,-0.2139434522164434,5.264160114605893,0.0,0.0,0.0,0.0,1.0,0.0,0.0
2024-10-05 03:40:03.638971,1.0,1.0,1.0,1.0,1.0,1.0,1.0,703745.0,0.04076497090344802,0.037711440220720746,0.047657915157139484,0.031115710284795706,0.03145679951185349,0.03157991857152382,5.782411586589357e-22,0.00036879008014996856,-0.0005182136471072835,-0.0,0.0,0.0,0.0,1.0,0.0,0.0,2.050224570509005,0.7543977609960473,6.858786906648483,0.17900831857427948,0.291592864302796,0.7702399098180914,-0.3550448427977269,-0.21661310744138415,5.273186295552931,0.0,0.0,0.0,0.0,1.0,0.0,0.0
2024-10-05 03:40:03.720945,1.0,1.0,1.0,1.0,1.0,1.0,1.0,703746.0,0.04114655461363214,0.037918079796158174,0.04743879714519196,0.03086527796111811,0.031022035078891817,0.03130221970899244,6.35844965775808e-06,0.0003433562815189362,-0.000483242173989614,-0.0,0.0,0.0,0.0,1.0,0.0,0.0,2.051827059057707,0.7526485342384361,6.859372987980208,0.18091008013471013,0.29474580964204233,0.7679546808969211,-0.359841780014996,-0.21828716065602408,5.258256601087305,0.0,0.0,0.0,0.0,1.0,0.0,0.0
2024-10-05 03:40:03.724444,1.0,1.0,1.0,1.0,1.0,1.0,1.0,703747.0,0.041209808385968265,0.03764230828317236,0.04738385931883414,0.03054935072925873,0.0316106234096681,0.031146872746571578,-3.1792248288790375e-06,0.0003560731808344524,-0.0004482707008719446,-0.0,0.0,0.0,0.0,1.0,0.0,0.0,2.0503006523067677,0.7515770712279664,6.8592876377287455,0.18120990388913044,0.29133926877819116,0.7670258524930631,-0.3602744657856883,-0.2156057683722243,5.251533730680875,0.0,0.0,0.0,0.0,1.0,0.0,0.0
2024-10-05 03:40:03.806327,1.0,1.0,1.0,1.0,1.0,1.0,1.0,703748.0,0.041019754451988084,0.037503662109375,0.04705288535396545,0.03077084037730748,0.03173314566510837,0.03127121205432006,3.1792248288790375e-06,0.0003497147311766943,-0.0004419122512141865,-0.0,0.0,0.0,0.0,1.0,0.0,0.0,2.0508814074657695,0.7523275381223551,6.858867706096916,0.17862049338747357,0.29040937976960407,0.7677314321222507,-0.35476395029398017,-0.2150801848950739,5.256426772164037,0.0,0.0,0.0,0.0,1.0,0.0,0.0
2024-10-05 03:40:03.889425,1.0,1.0,1.0,1.0,1.0,1.0,1.0,703749.0,0.04063698009803076,0.03798670986099516,0.04688652224495428,0.030802351742838057,0.03139505892336215,0.031240173622796498,1.5896124144395198e-05,0.0003528939560055733,-0.0004228369022409122,-0.0,0.0,0.0,0.0,1.0,0.0,0.0,2.0488036201239415,0.7506649836224947,6.8580330828838685,0.17652102813140264,0.2918511464409484,0.7654615272500248,-0.3500845161330023,-0.21567349721545384,5.240447189162559,0.0,0.0,0.0,0.0,1.0,0.0,0.0
2024-10-05 03:40:03.892925,1.0,1.0,1.0,1.0,1.0,1.0,1.0,703750.0,0.0402505658056393,0.037711440220720746,0.046271407059164556,0.031115710284795706,0.0316106234096681,0.03139505892336215,-2.2254573802153274e-05,0.00036243163049221044,-0.000406940778096517,-0.0,0.0,0.0,0.0,1.0,0.0,0.0,2.0486233713051156,0.7531187605195525,6.859781497618761,0.1754219758377797,0.2950318662874903,0.7620635023608733,-0.34722169776776407,-0.2188472046594447,5.218479960933597,0.0,0.0,0.0,0.0,1.0,0.0,0.0
2024-10-05 03:40:03.975036,1.0,1.0,1.0,1.0,1.0,1.0,1.0,703751.0,0.03966388649582423,0.038463691717159486,0.04604569153235156,0.03145679951185349,0.03212811624624381,0.03157991857152382,-5.404682209094367e-05,0.0003497147311766943,-0.0003910446539521218,-0.0,0.0,0.0,0.0,1.0,0.0,0.0,2.046063005751765,0.7534214984744363,6.859616881606041,0.17295355150319955,0.2945267714882558,0.763797443962054,-0.3410362740570586,-0.2187031323670836,5.2305427389458945,0.0,0.0,0.0,0.0,1.0,0.0,0.0
2024-10-05 03:40:03.978536,1.0,1.0,1.0,1.0,1.0,1.0,1.0,703752.0,0.03906839817849147,0.038123599349151736,0.04581886408620406,0.0313331966781849,0.03245856839932655,0.03191604715477278,-4.7688372433185584e-05,0.000324280932545662,-0.00042283690224091225,-0.0,0.0,0.0,0.0,1.0,0.0,0.0,2.045485976062723,0.7525185690108177,6.859448464435763,0.17347135845898942,0.29357393429187895,0.7607126232526347,-0.34175720323758346,-0.21782798555041502,5.208773131500509,0.0,0.0,0.0,0.0,1.0,0.0,0.0
2024-10-05 03:40:04.059962,1.0,1.0,1.0,1.0,1.0,1.0,1.0,703753.0,0.03906839817849146,0.03825999906698716,0.0459324178268601,0.03139505892336215,0.03254810944778678,0.03170255949350469,-4.4509147604306555e-05,0.0003401770566900572,-0.0004323745767275493,-0.0,0.0,0.0,0.0,1.0,0.0,0.0,2.043496883005473,0.7529196909688425,6.858198496492281,0.1764579021568264,0.2957707889260374,0.7584652013703277,-0.3485547938381401,-0.21982255172743292,5.1924686746158235,0.0,0.0,0.0,0.0,1.0,0.0,0.0
2024-10-05 03:40:04.142894,1.0,1.0,1.0,1.0,1.0,1.0,1.0,703754.0,0.04012093401707996,0.038463691717159486,0.04576198155144105,0.03142594437984583,0.032756086704177324,0.03185519667586617,-6.040527174870175e-05,0.0003560731808344524,-0.000410120002925396,-0.0,0.0,0.0,0.0,1.0,0.0,0.0,2.043817488031553,0.7540306992105185,6.857863867201207,0.17434674810589806,0.2954604319708212,0.753955437632356,-0.3427149951811695,-0.21988952992035563,5.162522109321208,0.0,0.0,0.0,0.0,1.0,0.0,0.0
2024-10-05 03:40:04.146387,1.0,1.0,1.0,1.0,1.0,1.0,1.0,703755.0,0.03986040571620479,0.03798670986099516,0.045304350237362054,0.031763702384431956,0.03305092691301418,0.03173314566510837,-6.040527174870175e-05,0.0003560731808344524,-0.0003815069794654847,-0.0,0.0,0.0,0.0,1.0,0.0,0.0,2.0456435824290753,0.7553937289011929,6.857526942618234,0.16625650540167217,0.2931096723067706,0.7533734941745314,-0.3275401555671643,-0.21865220379262576,5.158125392774528,0.0,0.0,0.0,0.0,1.0,0.0,0.0
2024-10-05 03:40:04.228566,1.0,1.0,1.0,1.0,1.0,1.0,1.0,703756.0,0.039925697169818586,0.03743414645719283,0.04547650165015325,0.03218845078999174,0.03337224263981984,0.03194642892952922,-6.994294623533886e-05,0.00037832775463660567,-0.00039422387878100085,-0.0,0.0,0.0,0.0,1.0,0.0,0.0,2.0469625304275647,0.7583348178358725,6.858030044489783,0.16378586683065366,0.28910762372186777,0.7538807736822458,-0.3229842864368041,-0.21637296662838373,5.161679690437385,0.0,0.0,0.0,0.0,1.0,0.0,0.0
2024-10-05 03:40:04.232058,1.0,1.0,1.0,1.0,1.0,1.0,1.0,703757.0,0.039925697169818586,0.03722482060496381,0.04536180663361167,0.03248844283583844,0.033226575237181734,0.031641298451732976,-8.583907037973408e-05,0.0003528939560055733,-0.00037196930497884756,-0.0,0.0,0.0,0.0,1.0,0.0,0.0,2.046299344084812,0.7588193143657266,6.857697685885785,0.162403686685137,0.28733233716269874,0.7535752495009883,-0.32032622108438763,-0.21514888937343607,5.15969977350599,0.0,0.0,0.0,0.0,1.0,0.0,0.0
2024-10-05 03:40:04.313893,1.0,1.0,1.0,1.0,1.0,1.0,1.0,703758.0,0.04025056580563931,0.03757304914762413,0.04507379225100918,0.03227874115189541,0.0333431600699038,0.03157991857152382,-0.00011763131866852446,0.0003497147311766944,-0.00037832775463660567,-0.0,0.0,0.0,0.0,1.0,0.0,0.0,2.0453918871525936,0.7579475030999384,6.857864626818261,0.167522998051155,0.28957351604827103,0.7555341802246175,-0.329992637355299,-0.2168203752378669,5.1731010051712465,0.0,0.0,0.0,0.0,1.0,0.0,0.0
2024-10-05 03:40:04.317394,1.0,1.0,1.0,1.0,1.0,1.0,1.0,703759.0,0.04050858489526056,0.037711440220720746,0.04449217056439318,0.03248844283583844,0.0333431600699038,0.03151841915858901,-0.00011127286901076638,0.0003751485298077266,-0.00036879008014996856,-0.0,0.0,0.0,0.0,1.0,0.0,0.0,2.0464874341371306,0.758885160825032,6.858783109073089,0.1668710064545566,0.29175504975847694,0.7590023410561694,-0.3276483438311327,-0.21855310743881604,5.197153148857433,0.0,0.0,0.0,0.0,1.0,0.0,0.0
2024-10-05 03:40:04.398432,1.0,1.0,1.0,1.0,1.0,1.0,1.0,703760.0,0.04050858489526056,0.038463691717159486,0.044316195568033935,0.03218845078999174,0.033168129149298335,0.03145679951185349,-9.53767448663712e-05,0.00040376155326763796,-0.00036243163049221044,-0.0,0.0,0.0,0.0,1.0,0.0,0.0,2.0466831427126757,0.7576218761889978,6.859618400451817,0.17098319555350466,0.2939642403439387,0.7635102784492425,-0.33666849224111167,-0.21965965220020564,5.228462567093971,0.0,0.0,0.0,0.0,1.0,0.0,0.0
2024-10-05 03:40:04.482403,1.0,1.0,1.0,1.0,1.0,1.0,1.0,703761.0,0.04082881584609787,0.03832801689680105,0.044900096837092805,0.03203740138402003,0.032874340109372714,0.031084516582433108,-8.583907037973405e-05,0.00041647845258315413,-0.0003528939560055733,-0.0,0.0,0.0,0.0,1.0,0.0,0.0,2.04826296905795,0.7577606461893722,6.860287471547189,0.17069083398987017,0.297274826870011,0.7652138760882179,-0.33650911256994487,-0.22197000455559684,5.240533629594249,0.0,0.0,0.0,0.0,1.0,0.0,0.0
2024-10-05 03:40:04.485903,1.0,1.0,1.0,1.0,1.0,1.0,1.0,703762.0,0.04108320345271294,0.03859888964444313,0.04553374081900145,0.03179422973639322,0.03251828982682399,0.030833830904597324,-0.00010809364418188734,0.00041329922775427513,-0.0003560731808344524,-0.0,0.0,0.0,0.0,1.0,0.0,0.0,2.04835438290166,0.7590895285930347,6.858701549103776,0.16480694957671962,0.29839919631853923,0.7686863523566654,-0.32501635358923414,-0.22316182066864673,5.263776761489258,0.0,0.0,0.0,0.0,1.0,0.0,0.0
2024-10-05 03:40:04.567669,1.0,1.0,1.0,1.0,1.0,1.0,1.0,703763.0,0.04127296521748624,0.03839591423416136,0.04518921828443541,0.032067668184708895,0.03254810944778678,0.03095942747707764,-0.0001367066676417987,0.0003910446539521218,-0.00033699783186117815,-0.0,0.0,0.0,0.0,1.0,0.0,0.0,2.0494330952232476,0.7595420504305826,6.85920076747734,0.16506865761424946,0.29826137948680315,0.7715825307524558,-0.3254396972329987,-0.22299608885580793,5.284388542351593,0.0,0.0,0.0,0.0,1.0,0.0,0.0
2024-10-05 03:40:04.571173,1.0,1.0,1.0,1.0,1.0,1.0,1.0,703764.0,0.04076497090344803,0.038463691717159486,0.045304350237362054,0.032368779656366614,0.032637404840404415,0.030517578125,-0.0001367066676417987,0.0003751485298077266,-0.0003433562815189362,-0.0,0.0,0.0,0.0,1.0,0.0,0.0,2.0478161570890174,0.7612262775024288,6.859123009863601,0.1700474418621251,0.30222384141750924,0.7769404066454407,-0.33657469459535017,-0.22659507018720945,5.319577493792048,0.0,0.0,0.0,0.0,1.0,0.0,0.0
2024-10-05 03:40:04.652666,1.0,1.0,1.0,1.0,1.0,1.0,1.0,703765.0,0.04114655461363215,0.038666311337125336,0.04564800383634771,0.03260766687993288,0.03233879467572394,0.030453933471522428,-0.00014942356695731485,0.0003528939560055733,-0.0003528939560055733,-0.0,0.0,0.0,0.0,1.0,0.0,0.0,2.048067554437217,0.7622295048380728,6.858956859055148,0.17197502339433757,0.3023201250033964,0.779739557709867,-0.3407935049166534,-0.22690542308717143,5.338928821348153,0.0,0.0,0.0,0.0,1.0,0.0,0.0
2024-10-05 03:40:04.735842,1.0,1.0,1.0,1.0,1.0,1.0,1.0,703766.0,0.040315225390783915,0.03913501101148131,0.045590908124401384,0.032368779656366614,0.03227874115189541,0.030453933471522428,-0.00015896124144395196,0.00032746015737454104,-0.0003751485298077266,-0.0,0.0,0.0,0.0,1.0,0.0,0.0,2.0468788325759033,0.7612685947650838,6.858700789579414,0.17438539991534263,0.30238903299530273,0.7806333757216254,-0.34500512623683893,-0.2269242944779381,5.345377168213804,0.0,0.0,0.0,0.0,1.0,0.0,0.0
2024-10-05 03:40:04.739342,1.0,1.0,1.0,1.0,1.0,1.0,1.0,703767.0,0.04089256110871732,0.039201510653345636,0.04513154216867338,0.03218845078999174,0.032007105962223864,0.03070772063827226,-0.0001208105434974035,0.0003338186070322991,-0.0003751485298077266,-0.0,0.0,0.0,0.0,1.0,0.0,0.0,2.049788351792609,0.7621884975765946,6.858949264090452,0.17569257390182297,0.30268404445775177,0.7789850782424178,-0.3484627981736473,-0.22724388226906966,5.333764952803874,0.0,0.0,0.0,0.0,1.0,0.0,0.0
2024-10-05 03:40:04.821224,1.0,1.0,1.0,1.0,1.0,1.0,1.0,703768.0,0.04095620715673985,0.03900167157440239,0.045246820880521094,0.032308781866774994,0.03182472780550264,0.03054935072925873,-0.00010809364418188733,0.000321101707716783,-0.0003497147311766943,-0.0,0.0,0.0,0.0,1.0,0.0,0.0,2.049115911061912,0.7611578407580734,6.857950754387244,0.1711755169106677,0.3022489086690236,0.7761065240148846,-0.3390998801248262,-0.22663581556997003,5.312736617793126,0.0,0.0,0.0,0.0,1.0,0.0,0.0
2024-10-05 03:40:04.824224,1.0,1.0,1.0,1.0,1.0,1.0,1.0,703769.0,0.04114655461363215,0.03913501101148131,0.04536180663361167,0.03224867245309928,0.03185519667586617,0.030928076150071922,-0.00013670666764179867,0.0003083848084012668,-0.0003528939560055733,-0.0,0.0,0.0,0.0,1.0,0.0,0.0,2.0496031063029467,0.7595392516687633,6.8585346285425,0.16842645689962446,0.2952312838275821,0.7718331062688959,-0.3325841408418536,-0.22066072113150853,5.283560093553592,0.0,0.0,0.0,0.0,1.0,0.0,0.0
2024-10-05 03:40:04.906367,1.0,1.0,1.0,1.0,1.0,1.0,1.0,703770.0,0.04164989509779679,0.038463691717159486,0.04541919034616077,0.032667115729434024,0.032097906445255474,0.030453933471522428,-0.00014624434212843582,0.0002734133352835974,-0.0003401770566900572,-0.0,0.0,0.0,0.0,1.0,0.0,0.0,2.0486360855368857,0.7586820004646526,6.85761687265166,0.1663469561260929,0.2928177937701736,0.7677524722592394,-0.32842226640012473,-0.21867435113066971,5.254944214678787,0.0,0.0,0.0,0.0,1.0,0.0,0.0
2024-10-05 03:40:04.909864,1.0,1.0,1.0,1.0,1.0,1.0,1.0,703771.0,0.0420853800755884,0.03853134997827472,0.04547650165015325,0.032696799620819436,0.032398736885968185,0.03070772063827226,-0.00015578201661507293,0.0002829510097702345,-0.0003751485298077266,-0.0,0.0,0.0,0.0,1.0,0.0,0.0,2.049618213196522,0.7602887110489358,6.858111612444952,0.16819043841092735,0.28552093606635137,0.7710633415402892,-0.33157413139205044,-0.2134457689603607,5.27797279515641,0.0,0.0,0.0,0.0,1.0,0.0,0.0
2024-10-05 03:40:04.991197,1.0,1.0,1.0,1.0,1.0,1.0,1.0,703772.0,0.041774782619765874,0.03839591423416136,0.044550674429986614,0.032933307582966455,0.032398736885968185,0.030990747087997286,-0.00014306511729955676,0.0002861302345991135,-0.0003401770566900572,-0.0,0.0,0.0,0.0,1.0,0.0,0.0,2.0477803997767,0.7591868609539855,6.859277764749134,0.1737872506686571,0.2828194056065917,0.774577228298355,-0.3417407330867339,-0.21104937357638315,5.303322579827613,0.0,0.0,0.0,0.0,1.0,0.0,0.0
2024-10-05 03:40:05.074601,1.0,1.0,1.0,1.0,1.0,1.0,1.0,703773.0,0.040956207156739845,0.03832801689680105,0.044080469451694804,0.03308026640118225,0.032637404840404415,0.031178004061435775,-0.00012716899315516158,0.00029248868425687163,-0.0003401770566900572,-0.0,0.0,0.0,0.0,1.0,0.0,0.0,2.048245022891006,0.7595158768419409,6.860695926734217,0.17313873339025873,0.2824154967535023,0.7753276455131628,-0.340859877542942,-0.21092091565146862,5.309263293640957,0.0,0.0,0.0,0.0,1.0,0.0,0.0
2024-10-05 03:40:05.078101,1.0,1.0,1.0,1.0,1.0,1.0,1.0,703774.0,0.04037978143756248,0.0378493252884673,0.04372449751876115,0.032696799620819436,0.03251828982682399,0.031641298451732976,-0.00011127286901076638,0.0002893094594279926,-0.0003401770566900572,-0.0,0.0,0.0,0.0,1.0,0.0,0.0,2.046149282905415,0.7572808090552178,6.862944886361653,0.17114222868446316,0.27622966098976176,0.7671203245831871,-0.3358028305323817,-0.20573273192470276,5.255785548589059,0.0,0.0,0.0,0.0,1.0,0.0,0.0
2024-10-05 03:40:05.159891,1.0,1.0,1.0,1.0,1.0,1.0,1.0,703775.0,0.04076497090344803,0.03853134997827472,0.043843475963241854,0.032368779656366614,0.032637404840404415,0.0316106234096681,-0.00010809364418188734,0.000324280932545662,-0.0003338186070322991,-0.0,0.0,0.0,0.0,1.0,0.0,0.0,2.0459688002408325,0.756416921817793,6.865777884994988,0.17157213834395077,0.2760463054618768,0.7640277476461858,-0.337067623732823,-0.20538712579492532,5.236003780905197,0.0,0.0,0.0,0.0,1.0,0.0,0.0
2024-10-05 03:40:05.163392,1.0,1.0,1.0,1.0,1.0,1.0,1.0,703776.0,0.041587310697157,0.038123599349151736,0.043425625269995945,0.032067668184708895,0.03308026640118225,0.03185519667586617,-9.855596969525021e-05,0.0003179224828879039,-0.0003560731808344524,-0.0,0.0,0.0,0.0,1.0,0.0,0.0,2.0444126821221222,0.7548254903906348,6.866112887290202,0.16802612185163093,0.27723194956269975,0.7646574073531001,-0.32985876507593054,-0.20582290247864565,5.240445006599482,0.0,0.0,0.0,0.0,1.0,0.0,0.0
2024-10-05 03:40:05.245092,1.0,1.0,1.0,1.0,1.0,1.0,1.0,703777.0,0.04095620715673985,0.03859888964444313,0.043425625269995945,0.03227874115189541,0.0333431600699038,0.03170255949350469,-0.00010809364418188733,0.00034653550634781527,-0.0003656108553210895,-0.0,0.0,0.0,0.0,1.0,0.0,0.0,2.043567973685694,0.7560342480463883,6.8679467643098135,0.16553538400444176,0.27716962105223125,0.7651293120806186,-0.32383804707904507,-0.2060894821626767,5.244944795633671,0.0,0.0,0.0,0.0,1.0,0.0,0.0
2024-10-05 03:40:05.328462,1.0,1.0,1.0,1.0,1.0,1.0,1.0,703778.0,0.040956207156739845,0.03859888964444313,0.04330549882888886,0.032007105962223864,0.03357511528435138,0.03151841915858901,-9.53767448663712e-05,0.0003433562815189362,-0.0003592524056633315,-0.0,0.0,0.0,0.0,1.0,0.0,0.0,2.0416534159813686,0.7566591899690183,6.87002822557261,0.16667059242175492,0.2812623815224148,0.7705824813273677,-0.32616175974830053,-0.20905917042285713,5.283958581630754,0.0,0.0,0.0,0.0,1.0,0.0,0.0
2024-10-05 03:40:05.331462,1.0,1.0,1.0,1.0,1.0,1.0,1.0,703779.0,0.04089256110871732,0.03846369171715948,0.043425625269995945,0.031763702384431956,0.033690494027434716,0.03145679951185349,-7.948062072197598e-05,0.0003433562815189362,-0.00035925240566333144,-0.0,0.0,0.0,0.0,1.0,0.0,0.0,2.04088399831328,0.7612617517479348,6.870445958605673,0.16963654467265374,0.28596068645597356,0.7714072441481179,-0.3342543020292724,-0.2141803044661949,5.29019688098086,0.0,0.0,0.0,0.0,1.0,0.0,0.0
2024-10-05 03:40:05.413486,1.0,1.0,1.0,1.0,1.0,1.0,1.0,703780.0,0.04057283328598263,0.03853134997827471,0.04306424069081518,0.03127121205432006,0.0337192770263005,0.03194642892952922,-5.404682209094367e-05,0.00035925240566333144,-0.00035925240566333144,-0.0,0.0,0.0,0.0,1.0,0.0,0.0,2.038163405779682,0.7634101075909383,6.87153088429548,0.16888638099519,0.2885673477021852,0.7737775964018907,-0.33164280433048376,-0.21679021465523104,5.3074359542694065,0.0,0.0,0.0,0.0,1.0,0.0,0.0
2024-10-05 03:40:05.416483,1.0,1.0,1.0,1.0,1.0,1.0,1.0,703781.0,0.04012093401707996,0.03880080326089556,0.043425625269995945,0.03127121205432006,0.03363285413230715,0.03197678183797181,-4.76883724331856e-05,0.0003401770566900572,-0.0003528939560055733,-0.0,0.0,0.0,0.0,1.0,0.0,0.0,2.0359424384430955,0.7629598799539263,6.873365589455538,0.16422371976664663,0.29519200578475957,0.7733218216611202,-0.3215363850253852,-0.22204371967732361,5.305050585244556,0.0,0.0,0.0,0.0,1.0,0.0,0.0
2024-10-05 03:40:05.499248,1.0,1.0,1.0,1.0,1.0,1.0,1.0,703782.0,0.04044423444177086,0.03940033615860651,0.044725726870264354,0.03127121205432006,0.03348832035600082,0.03194642892952922,-3.815069794654847e-05,0.0003338186070322991,-0.00038786542912324284,-0.0,0.0,0.0,0.0,1.0,0.0,0.0,2.0335400214831387,0.762756549182076,6.875867359922419,0.1590131785487223,0.2993732482352255,0.7726305751900711,-0.31226133091037644,-0.22514936185217713,5.3024043011068995,0.0,0.0,0.0,0.0,1.0,0.0,0.0
2024-10-05 03:40:05.582061,1.0,1.0,1.0,1.0,1.0,1.0,1.0,703783.0,0.04114655461363215,0.03966388649582423,0.04559090812440138,0.031084516582433108,0.033690494027434716,0.03197678183797181,-3.1792248288790396e-05,0.0003338186070322991,-0.00037832775463660567,-0.0,0.0,0.0,0.0,1.0,0.0,0.0,2.0333968484084166,0.7635847215982721,6.87770545283374,0.1576353399741096,0.3058333675550196,0.772417878363786,-0.3094635079278667,-0.22993121036748054,5.3021913014540125,0.0,0.0,0.0,0.0,1.0,0.0,0.0
2024-10-05 03:40:05.586058,1.0,1.0,1.0,1.0,1.0,1.0,1.0,703784.0,0.04108320345271294,0.039925697169818586,0.04632766410980066,0.03105329154533826,0.03377676944149575,0.03173314566510837,-4.132992277542751e-05,0.00034653550634781527,-0.0004005823284387589,-0.0,0.0,0.0,0.0,1.0,0.0,0.0,2.0314113044651303,0.763962359572626,6.876790255424335,0.1609312302595357,0.30947841850032687,0.7761190238437042,-0.31611062152784214,-0.23275086949406953,5.327368142181978,0.0,0.0,0.0,0.0,1.0,0.0,0.0
2024-10-05 03:40:05.667525,1.0,1.0,1.0,1.0,1.0,1.0,1.0,703785.0,0.04050858489526056,0.03933417265909615,0.04576198155144106,0.03105329154533826,0.033546208593426816,0.03182472780550264,-3.179224828879039e-05,0.0003179224828879039,-0.0004005823284387589,-0.0,0.0,0.0,0.0,1.0,0.0,0.0,2.0304715381713003,0.7657021232161032,6.876960520416513,0.16189261750877246,0.30910306958294265,0.7771069251961497,-0.31678566431720256,-0.23303495383861678,5.3351544254457535,0.0,0.0,0.0,0.0,1.0,0.0,0.0
2024-10-05 03:40:05.670529,1.0,1.0,1.0,1.0,1.0,1.0,1.0,703786.0,0.04057283328598263,0.03946638873835309,0.04581886408620405,0.03105329154533826,0.032785690042080325,0.03151841915858901,4.6259292692714854e-21,0.000321101707716783,-0.00037196930497884767,-0.0,0.0,0.0,0.0,1.0,0.0,0.0,2.0298721120253242,0.7682555348295167,6.877541265836277,0.1695340583669001,0.3081798612942138,0.7738678913588778,-0.3308414083807947,-0.23300274526326703,5.313228300052078,0.0,0.0,0.0,0.0,1.0,0.0,0.0
2024-10-05 03:40:05.752691,1.0,1.0,1.0,1.0,1.0,1.0,1.0,703787.0,0.04076497090344803,0.039201510653345636,0.04643997376336176,0.030833830904597324,0.03272645658802371,0.03157991857152382,-6.358449657758075e-06,0.00029566790908575063,-0.0003942238787810009,-0.0,0.0,0.0,0.0,1.0,0.0,0.0,2.0288778582196296,0.770247891824874,6.8791236022164135,0.17301553816228604,0.31039895518612903,0.7784384836214819,-0.3375124439654779,-0.2354236093240526,5.345934361007656,0.0,0.0,0.0,0.0,1.0,0.0,0.0
2024-10-05 03:40:05.756191,1.0,1.0,1.0,1.0,1.0,1.0,1.0,703788.0,0.04114655461363215,0.039201510653345636,0.046663782162231125,0.0313331966781849,0.032696799620819436,0.031641298451732976,-2.225457380215327e-05,0.00031156403323014586,-0.00041965767741203314,-0.0,0.0,0.0,0.0,1.0,0.0,0.0,2.0297978309547724,0.7712691577510316,6.8789556626283375,0.1709692806219618,0.3056579465781322,0.774426888581583,-0.3334321696276902,-0.23197593764735416,5.3173746021796,0.0,0.0,0.0,0.0,1.0,0.0,0.0
2024-10-05 03:40:05.838056,1.0,1.0,1.0,1.0,1.0,1.0,1.0,703789.0,0.04133602555253029,0.03913501101148131,0.04632766410980066,0.03179422973639322,0.03260766687993288,0.031364143052817484,-1.271689931551615e-05,0.00029248868425687163,-0.00041965767741203324,-0.0,0.0,0.0,0.0,1.0,0.0,0.0,2.029403282516808,0.7701830168178856,6.88103379378253,0.17130343640406145,0.3031883487084252,0.7755428899891145,-0.334235563106207,-0.22960932436686612,5.32699574813929,0.0,0.0,0.0,0.0,1.0,0.0,0.0
2024-10-05 03:40:05.920818,1.0,1.0,1.0,1.0,1.0,1.0,1.0,703790.0,0.041587310697157,0.03946638873835309,0.04683093654403021,0.03254810944778678,0.032007105962223864,0.031115710284795706,-4.7688372433185584e-05,0.0002829510097702345,-0.00041965767741203324,-0.0,0.0,0.0,0.0,1.0,0.0,0.0,2.030653398219193,0.7696786008960553,6.8815313920711265,0.17066821862991327,0.2999435011502554,0.7751582714990416,-0.33341742155695625,-0.22678388081732453,5.324604828086963,0.0,0.0,0.0,0.0,1.0,0.0,0.0
2024-10-05 03:40:05.924319,1.0,1.0,1.0,1.0,1.0,1.0,1.0,703791.0,0.041712385598201944,0.03906839817849146,0.04615868726430257,0.03248844283583844,0.03185519667586617,0.030896693010431804,-6.676372140645982e-05,0.00027023411045471834,-0.0003942238787810009,-0.0,0.0,0.0,0.0,1.0,0.0,0.0,2.0298055302546874,0.7710572629468132,6.880946441002084,0.17934668609462995,0.29351035429459343,0.7733695507027735,-0.3515742163608056,-0.22198162176272618,5.312958894390422,0.0,0.0,0.0,0.0,1.0,0.0,0.0
2024-10-05 03:40:06.006338,1.0,1.0,1.0,1.0,1.0,1.0,1.0,703792.0,0.042393702000235525,0.03846369171715948,0.04507379225100918,0.03254810944778678,0.03197678183797181,0.030833830904597324,-9.855596969525021e-05,0.00026069643596808123,-0.0003751485298077266,-0.0,0.0,0.0,0.0,1.0,0.0,0.0,2.0329619997526365,0.7733857279786956,6.881031522604251,0.18196577866120567,0.2899743048643047,0.7704456528833987,-0.3576003613281165,-0.2201383757537209,5.292048564972165,0.0,0.0,0.0,0.0,1.0,0.0,0.0
2024-10-05 03:40:06.009837,1.0,1.0,1.0,1.0,1.0,1.0,1.0,703793.0,0.042332217265921304,0.03825999906698716,0.04443358966925188,0.03245856839932655,0.03173314566510837,0.03070772063827226,-0.00012398976832628253,0.0002734133352835974,-0.00037514852980772667,-0.0,0.0,0.0,0.0,1.0,0.0,0.0,2.032194418214849,0.7730935576441754,6.880448043285755,0.17980582578783266,0.28538013757841907,0.7710180461404134,-0.3522786081052993,-0.21705367188630517,5.295081465557763,0.0,0.0,0.0,0.0,1.0,0.0,0.0
2024-10-05 03:40:06.091973,1.0,1.0,1.0,1.0,1.0,1.0,1.0,703794.0,0.04276075388833108,0.03825999906698716,0.04330549882888886,0.03254810944778678,0.03157991857152382,0.030802351742838057,-0.00015896124144395196,0.00029248868425687163,-0.0003433562815189363,-0.0,0.0,0.0,0.0,1.0,0.0,0.0,2.036762175288895,0.7749888420910503,6.881952211656473,0.1768482204802644,0.2818009252204218,0.7679782413674958,-0.34634522837674525,-0.21509853692834535,5.274913009935455,0.0,0.0,0.0,0.0,1.0,0.0,0.0
2024-10-05 03:40:06.175266,1.0,1.0,1.0,1.0,1.0,1.0,1.0,703795.0,0.04282162331969714,0.03853134997827472,0.04384347596324186,0.03251828982682399,0.03167194378429309,0.030990747087997286,-0.0001716781407594681,0.0002829510097702345,-0.00035607318083445244,-0.0,0.0,0.0,0.0,1.0,0.0,0.0,2.0356869846930628,0.7756388097038192,6.881785855049655,0.1762907513992781,0.2798015510288162,0.7672197827303862,-0.34544925259105896,-0.21371492440524847,5.269613469233201,0.0,0.0,0.0,0.0,1.0,0.0,0.0
2024-10-05 03:40:06.178269,1.0,1.0,1.0,1.0,1.0,1.0,1.0,703796.0,0.04282162331969714,0.03839591423416136,0.04413951900188092,0.033168129149298335,0.032007105962223864,0.03086527796111811,-0.00019711193939050045,0.00031156403323014586,-0.0003656108553210895,-0.0,0.0,0.0,0.0,1.0,0.0,0.0,2.037517809222073,0.7775172240906713,6.883284433395242,0.17212465628123402,0.27973533620190755,0.7691607702637556,-0.3381498974676254,-0.2141853088015737,5.2837348373754365,0.0,0.0,0.0,0.0,1.0,0.0,0.0
2024-10-05 03:40:06.259975,1.0,1.0,1.0,1.0,1.0,1.0,1.0,703797.0,0.04245509769062346,0.03839591423416136,0.04312468176012514,0.033430331878977426,0.031549183850304155,0.030676112065162197,-0.0001748573655883472,0.00031156403323014586,-0.0003560731808344524,-0.0,0.0,0.0,0.0,1.0,0.0,0.0,2.036606439478387,0.7751581054889259,6.881790396907562,0.1709514762640659,0.27761311513144976,0.769107794647444,-0.3367920425530959,-0.21202398681536,5.2825455802019485,0.0,0.0,0.0,0.0,1.0,0.0,0.0
2024-10-05 03:40:06.262975,1.0,1.0,1.0,1.0,1.0,1.0,1.0,703798.0,0.04189929789626443,0.038867874708122786,0.042882406350036345,0.033430331878977426,0.03120910432259612,0.03064447088906264,-0.00018757426490386333,0.00030202635874350875,-0.0003497147311766943,-0.0,0.0,0.0,0.0,1.0,0.0,0.0,2.0384008036847976,0.7759971556015387,6.88187471110903,0.1728130868831032,0.2753457229657545,0.7726649145411317,-0.34029839531876543,-0.21046435835995475,5.307866377575869,0.0,0.0,0.0,0.0,1.0,0.0,0.0
2024-10-05 03:40:06.345424,1.0,1.0,1.0,1.0,1.0,1.0,1.0,703799.0,0.041649895097796784,0.038733615672373205,0.04306424069081518,0.033021561356871405,0.030833830904597324,0.030676112065162197,-0.0002002911642193795,0.0003083848084012668,-0.00035289395600557344,-0.0,0.0,0.0,0.0,1.0,0.0,0.0,2.036961375670113,0.7763419159636156,6.880209430997021,0.17477403236259673,0.2745397191565887,0.7679841163339504,-0.3440517961418554,-0.20989785708176598,5.273048869774912,0.0,0.0,0.0,0.0,1.0,0.0,0.0
2024-10-05 03:40:06.348924,1.0,1.0,1.0,1.0,1.0,1.0,1.0,703800.0,0.041649895097796784,0.03880080326089555,0.0423322172659213,0.03260766687993288,0.031146872746571578,0.030802351742838057,-0.00018121581524610528,0.000324280932545662,-0.0003338186070322992,-0.0,0.0,0.0,0.0,1.0,0.0,0.0,2.0386124770407203,0.7785289542431841,6.881962809064083,0.17674049185149274,0.2684876801284963,0.7616422462539134,-0.34899840714285074,-0.20550683454357457,5.228799514461946,0.0,0.0,0.0,0.0,1.0,0.0,0.0
2024-10-05 03:40:06.430942,1.0,1.0,1.0,1.0,1.0,1.0,1.0,703801.0,0.041774782619765874,0.038733615672373205,0.041712385598201944,0.03257790177388484,0.031364143052817484,0.031115710284795706,-0.00014306511729955676,0.00034653550634781527,-0.0003306393822034201,-0.0,0.0,0.0,0.0,1.0,0.0,0.0,2.036971605294724,0.7784687304468593,6.883051974135964,0.16687363641308356,0.2680535605882065,0.7587439258181405,-0.3273520261995125,-0.2050076605001879,5.209262021424427,0.0,0.0,0.0,0.0,1.0,0.0,0.0
2024-10-05 03:40:06.513920,1.0,1.0,1.0,1.0,1.0,1.0,1.0,703802.0,0.04095620715673985,0.03839591423416136,0.0418370865807396,0.03245856839932655,0.03151841915858901,0.03130221970899244,-0.00011763131866852446,0.0003433562815189362,-0.00034653550634781527,-0.0,0.0,0.0,0.0,1.0,0.0,0.0,2.0363894413493253,0.7809285344453031,6.8846421239133635,0.16234727576366523,0.2693673690523908,0.7644373251655843,-0.3178915173028192,-0.20649305657903314,5.249733145579643,0.0,0.0,0.0,0.0,1.0,0.0,0.0
2024-10-05 03:40:06.516411,1.0,1.0,1.0,1.0,1.0,1.0,1.0,703803.0,0.04101975445198809,0.03853134997827472,0.04164989509779679,0.03260766687993288,0.03105329154533826,0.031240173622796498,-9.53767448663712e-05,0.0003179224828879039,-0.00035925240566333144,-0.0,0.0,0.0,0.0,1.0,0.0,0.0,2.034342945475539,0.7840275584734796,6.88572178665845,0.16425001945211012,0.26866432980092825,0.7615564869505069,-0.32180994764966536,-0.20702363808357657,5.231932838181027,0.0,0.0,0.0,0.0,1.0,0.0,0.0
2024-10-05 03:40:06.598568,1.0,1.0,1.0,1.0,1.0,1.0,1.0,703804.0,0.04063698009803076,0.03859888964444313,0.04164989509779679,0.03284481667269478,0.03095942747707764,0.03167194378429309,-6.994294623533886e-05,0.00030520558357238775,-0.00037196930497884767,-0.0,0.0,0.0,0.0,1.0,0.0,0.0,2.0325757543283225,0.7863401945688355,6.886805818692071,0.16869701810542362,0.2697313894994177,0.7619912596861279,-0.32952462055630005,-0.2086207401797889,5.235588799547903,0.0,0.0,0.0,0.0,1.0,0.0,0.0
2024-10-05 03:40:06.602068,1.0,1.0,1.0,1.0,1.0,1.0,1.0,703805.0,0.04057283328598263,0.03853134997827472,0.04139898983206046,0.032815266674204355,0.03130221970899244,0.03151841915858901,-5.086759726206463e-05,0.00032746015737454104,-0.0003656108553210895,-0.0,0.0,0.0,0.0,1.0,0.0,0.0,2.030697008817605,0.7860633893523717,6.887222534108191,0.16644061129740403,0.27280138035102536,0.7640259740187733,-0.3240865859237694,-0.2108624027754514,5.249512681476927,0.0,0.0,0.0,0.0,1.0,0.0,0.0
2024-10-05 03:40:06.684667,1.0,1.0,1.0,1.0,1.0,1.0,1.0,703806.0,0.03999088202492748,0.03832801689680105,0.04120980838596827,0.03248844283583844,0.03130221970899244,0.0316106234096681,-4.7688372433185584e-05,0.00030520558357238775,-0.00034653550634781527,-0.0,0.0,0.0,0.0,1.0,0.0,0.0,2.030064434461645,0.7869040516347459,6.886808087966063,0.16286933584354024,0.2728692777861989,0.7631610416175304,-0.31676292402849604,-0.21119166911941856,5.243556963068093,0.0,0.0,0.0,0.0,1.0,0.0,0.0
2024-10-05 03:40:06.767644,1.0,1.0,1.0,1.0,1.0,1.0,1.0,703807.0,0.040055960801949016,0.03819186010094626,0.041461858493688546,0.032368779656366614,0.03179422973639322,0.031641298451732976,-7.31221710642179e-05,0.0003338186070322991,-0.0003083848084012668,-0.0,0.0,0.0,0.0,1.0,0.0,0.0,2.028403806886239,0.7884532534009762,6.887554224334659,0.16035613504502305,0.26635284923528063,0.7634280067316505,-0.3102535831457578,-0.20579458803317896,5.246246070018491,0.0,0.0,0.0,0.0,1.0,0.0,0.0
2024-10-05 03:40:06.771241,1.0,1.0,1.0,1.0,1.0,1.0,1.0,703808.0,0.040185802182344105,0.03819186010094626,0.04139898983206046,0.03233879467572394,0.03203740138402003,0.03173314566510837,-6.358449657758078e-05,0.000321101707716783,-0.00031156403323014586,-0.0,0.0,0.0,0.0,1.0,0.0,0.0,2.0273574431167494,0.7895907420748902,6.889058353484995,0.16260459315391837,0.27155642073202657,0.7614936196410842,-0.3147204003383186,-0.21008320883301632,5.2337282255019835,0.0,0.0,0.0,0.0,1.0,0.0,0.0
2024-10-05 03:40:06.852145,1.0,1.0,1.0,1.0,1.0,1.0,1.0,703809.0,0.040055960801949016,0.037918079796158174,0.04127296521748623,0.03212811624624381,0.03248844283583844,0.03170255949350469,-5.086759726206463e-05,0.0003433562815189362,-0.00031474325805902487,-0.0,0.0,0.0,0.0,1.0,0.0,0.0,2.028544764343562,0.7902352918117346,6.891307884209499,0.15708523518989873,0.273254669255579,0.7640234647320487,-0.30341749070271334,-0.21151748078984478,5.253593784263511,0.0,0.0,0.0,0.0,1.0,0.0,0.0
2024-10-05 03:40:06.855642,1.0,1.0,1.0,1.0,1.0,1.0,1.0,703810.0,0.039400336158606504,0.03819186010094626,0.04152463197171362,0.03203740138402003,0.032368779656366614,0.032067668184708895,-5.722604691982271e-05,0.00032746015737454104,-0.000321101707716783,-0.0,0.0,0.0,0.0,1.0,0.0,0.0,2.02940856068953,0.7895907420748901,6.8924737105850795,0.1582383453630897,0.28042165761823895,0.7674566740291837,-0.3056331097277869,-0.21728242257966401,5.279292913597392,0.0,0.0,0.0,0.0,1.0,0.0,0.0
2024-10-05 03:40:06.938584,1.0,1.0,1.0,1.0,1.0,1.0,1.0,703811.0,0.0387336156723732,0.03853134997827472,0.042393702000235525,0.03185519667586617,0.03179422973639322,0.031641298451732976,-7.630139589309694e-05,0.000324280932545662,-0.0003083848084012668,-0.0,0.0,0.0,0.0,1.0,0.0,0.0,2.030873718524531,0.788656564417628,6.893138836905535,0.16244311053693608,0.28419662695927955,0.7678822304274688,-0.3163794048015694,-0.2201715073976551,5.283367199554021,0.0,0.0,0.0,0.0,1.0,0.0,0.0
2024-10-05 03:40:07.020775,1.0,1.0,1.0,1.0,1.0,1.0,1.0,703812.0,0.03886787470812279,0.038666311337125336,0.04282162331969714,0.03173314566510837,0.0316106234096681,0.031549183850304155,-7.630139589309694e-05,0.00034653550634781527,-0.0002861302345991135,-0.0,0.0,0.0,0.0,1.0,0.0,0.0,2.031508605162581,0.7877411182180794,6.893467219685087,0.1659798167679694,0.285935806885107,0.7622103309106009,-0.3234127038037909,-0.22121562202386333,5.2446800704974565,0.0,0.0,0.0,0.0,1.0,0.0,0.0
2024-10-05 03:40:07.023772,1.0,1.0,1.0,1.0,1.0,1.0,1.0,703813.0,0.03880080326089556,0.03825999906698716,0.04318503823719134,0.031641298451732976,0.03182472780550264,0.03167194378429309,-7.630139589309694e-05,0.00035925240566333144,-0.0002988471339146297,-0.0,0.0,0.0,0.0,1.0,0.0,0.0,2.0339747465621807,0.7860805662508158,6.892472198979399,0.16600344190104913,0.2829778039119854,0.7642029839054949,-0.32313251989711245,-0.2184748106167572,5.257220615352095,0.0,0.0,0.0,0.0,1.0,0.0,0.0
2024-10-05 03:40:07.107077,1.0,1.0,1.0,1.0,1.0,1.0,1.0,703814.0,0.03913501101148131,0.038733615672373205,0.0434855640497593,0.03127121205432006,0.032398736885968185,0.03095942747707764,-6.358449657758078e-05,0.0003751485298077266,-0.00027023411045471834,-0.0,0.0,0.0,0.0,1.0,0.0,0.0,2.0348029565022836,0.784339512631125,6.892717944518771,0.1622489325927715,0.2841587499617163,0.7684599095897415,-0.316930775324554,-0.21889165282985318,5.286872400060957,0.0,0.0,0.0,0.0,1.0,0.0,0.0
2024-10-05 03:40:07.110577,1.0,1.0,1.0,1.0,1.0,1.0,1.0,703815.0,0.03940033615860651,0.038733615672373205,0.0440804694516948,0.03127121205432006,0.031763702384431956,0.030928076150071922,-8.90182952086131e-05,0.0003560731808344524,-0.00027023411045471834,-0.0,0.0,0.0,0.0,1.0,0.0,0.0,2.037839354911873,0.7833685376267443,6.893047858829291,0.16278322778607635,0.28183944691355334,0.7697257366763394,-0.31742103828670737,-0.21665034978937964,5.295210463866791,0.0,0.0,0.0,0.0,1.0,0.0,0.0
2024-10-05 03:40:07.192048,1.0,1.0,1.0,1.0,1.0,1.0,1.0,703816.0,0.040055960801949016,0.03880080326089556,0.0446091015690999,0.03142594437984583,0.0321582976678794,0.03077084037730748,-0.00010491441935300828,0.0003656108553210895,-0.0002734133352835974,-0.0,0.0,0.0,0.0,1.0,0.0,0.0,2.036963789311371,0.7817426254281817,6.893546101274496,0.16843300909430176,0.28301143172677257,0.7696744705295572,-0.327914999210993,-0.21711836238305474,5.295261777228382,0.0,0.0,0.0,0.0,1.0,0.0,0.0
2024-10-05 03:40:07.195048,1.0,1.0,1.0,1.0,1.0,1.0,1.0,703817.0,0.04070102581168387,0.038867874708122786,0.04484204885310999,0.031364143052817484,0.03170255949350469,0.030802351742838057,-0.0001144520938396454,0.0003497147311766943,-0.00029566790908575063,-0.0,0.0,0.0,0.0,1.0,0.0,0.0,2.0392040811507126,0.7806070475226938,6.89354383421858,0.1719842309691895,0.2904391250679134,0.7651825631378695,-0.33675964263551106,-0.22356600065163726,5.264465400090619,0.0,0.0,0.0,0.0,1.0,0.0,0.0
2024-10-05 03:40:07.277552,1.0,1.0,1.0,1.0,1.0,1.0,1.0,703818.0,0.04044423444177086,0.03859888964444313,0.04507379225100919,0.031364143052817484,0.03130221970899244,0.030802351742838057,-0.00010173519452412925,0.0003497147311766943,-0.00027977178494135546,-0.0,0.0,0.0,0.0,1.0,0.0,0.0,2.03895414587464,0.7796381057980694,6.892623937742554,0.16773481823685818,0.2882070818868336,0.7639142876635016,-0.327534362733564,-0.22137209371358946,5.255787600787097,0.0,0.0,0.0,0.0,1.0,0.0,0.0
2024-10-05 03:40:07.360428,1.0,1.0,1.0,1.0,1.0,1.0,1.0,703819.0,0.04101975445198809,0.03893483061427055,0.04507379225100918,0.03191604715477278,0.03105329154533826,0.03077084037730748,-0.00010173519452412927,0.0003433562815189362,-0.0002734133352835974,-0.0,0.0,0.0,0.0,1.0,0.0,0.0,2.0389362614045794,0.7794497653916089,6.89203766058462,0.17029594273646415,0.2905009918933174,0.7640582211468145,-0.33337871785892365,-0.22307281919473357,5.256060715544388,0.0,0.0,0.0,0.0,1.0,0.0,0.0
2024-10-05 03:40:07.363928,1.0,1.0,1.0,1.0,1.0,1.0,1.0,703820.0,0.04120980838596827,0.03832801689680105,0.04570502822314875,0.03170255949350469,0.030833830904597324,0.03054935072925873,-0.00010809364418188733,0.0003433562815189362,-0.00030202635874350875,-0.0,0.0,0.0,0.0,1.0,0.0,0.0,2.036394269984753,0.7779736504025552,6.88961615181122,0.16778381951200486,0.2910459322290654,0.7663762073889879,-0.32759094746859707,-0.22314730809604824,5.271105223761705,0.0,0.0,0.0,0.0,1.0,0.0,0.0
2024-10-05 03:40:07.445341,1.0,1.0,1.0,1.0,1.0,1.0,1.0,703821.0,0.04214722489965788,0.03798670986099516,0.04536180663361167,0.03233879467572394,0.03120910432259612,0.030928076150071922,-9.855596969525021e-05,0.0003560731808344524,-0.000324280932545662,-0.0,0.0,0.0,0.0,1.0,0.0,0.0,2.038816319538901,0.7785034190019171,6.889036424303803,0.1701934915898918,0.2928457169387239,0.7711899967622005,-0.3328747392330409,-0.22481585023378572,5.302123848059496,0.0,0.0,0.0,0.0,1.0,0.0,0.0
2024-10-05 03:40:07.448344,1.0,1.0,1.0,1.0,1.0,1.0,1.0,703822.0,0.04220897910845451,0.03832801689680105,0.045419190346160765,0.032637404840404415,0.03095942747707764,0.031084516582433108,-0.00010173519452412925,0.0003560731808344524,-0.0003656108553210895,-0.0,0.0,0.0,0.0,1.0,0.0,0.0,2.038341880211997,0.7768740301791716,6.886283637663048,0.16705693929555188,0.28992475441660764,0.7733628106725474,-0.32668266690533226,-0.2221387747149156,5.315442407263229,0.0,0.0,0.0,0.0,1.0,0.0,0.0
2024-10-05 03:40:07.531364,1.0,1.0,1.0,1.0,1.0,1.0,1.0,703823.0,0.04189929789626443,0.03866631133712533,0.04553374081900145,0.032637404840404415,0.030928076150071922,0.031146872746571578,-8.583907037973408e-05,0.0003560731808344524,-0.00034653550634781527,-0.0,0.0,0.0,0.0,1.0,0.0,0.0,2.0393366288165864,0.776120450278246,6.886444590367285,0.16767075689377295,0.2891013918380802,0.7708938495989871,-0.32881860976212496,-0.22128011907571588,5.298422040252032,0.0,0.0,0.0,0.0,1.0,0.0,0.0
2024-10-05 03:40:07.613342,1.0,1.0,1.0,1.0,1.0,1.0,1.0,703824.0,0.04214722489965788,0.03819186010094626,0.04610222401715648,0.032696799620819436,0.030485772407004817,0.03130221970899244,-9.537674486637117e-05,0.0003433562815189362,-0.0003687900801499686,-0.0,0.0,0.0,0.0,1.0,0.0,0.0,2.036412176779453,0.7737705380086319,6.883359647660354,0.1675145258009328,0.28565212365129117,0.7674482367412971,-0.32823348941260044,-0.21773254782835275,5.272132824081163,0.0,0.0,0.0,0.0,1.0,0.0,0.0
2024-10-05 03:40:07.616842,1.0,1.0,1.0,1.0,1.0,1.0,1.0,703825.0,0.042023444236177564,0.03764230828317236,0.04587567609077438,0.032696799620819436,0.030896693010431804,0.03095942747707764,-7.630139589309694e-05,0.0003338186070322991,-0.0003592524056633315,-0.0,0.0,0.0,0.0,1.0,0.0,0.0,2.034107491013332,0.7745331300971959,6.881529121057076,0.16876861294860585,0.28614463118076955,0.7625955330070131,-0.3306784920322719,-0.2184304886060641,5.2381895274123185,0.0,0.0,0.0,0.0,1.0,0.0,0.0
2024-10-05 03:40:07.699537,1.0,1.0,1.0,1.0,1.0,1.0,1.0,703826.0,0.04183708658073959,0.037503662109375,0.04581886408620405,0.03251828982682399,0.030928076150071922,0.03105329154533826,-6.040527174870174e-05,0.0003338186070322991,-0.00035607318083445244,-0.0,0.0,0.0,0.0,1.0,0.0,0.0,2.0327085901395736,0.7743906386854705,6.880530859707346,0.16525031292021214,0.28438739826015247,0.7613628636843663,-0.3241568463719552,-0.21681963720353165,5.228981684885706,0.0,0.0,0.0,0.0,1.0,0.0,0.0
2024-10-05 03:40:07.703038,1.0,1.0,1.0,1.0,1.0,1.0,1.0,703827.0,0.041336025552530284,0.03722482060496381,0.04576198155144106,0.03212811624624381,0.031115710284795706,0.031022035078891817,-5.086759726206463e-05,0.00030520558357238775,-0.0003528939560055733,-0.0,0.0,0.0,0.0,1.0,0.0,0.0,2.032749449868365,0.7756131793113407,6.88094568393313,0.15997722075791268,0.2818040399359535,0.7611844245977273,-0.31195442427330766,-0.21524282369222267,5.228223553307762,0.0,0.0,0.0,0.0,1.0,0.0,0.0
2024-10-05 03:40:07.784273,1.0,1.0,1.0,1.0,1.0,1.0,1.0,703828.0,0.04114655461363215,0.03715478325109878,0.04610222401715648,0.03212811624624381,0.0313331966781849,0.031084516582433108,-3.815069794654847e-05,0.000324280932545662,-0.0003687900801499686,-0.0,0.0,0.0,0.0,1.0,0.0,0.0,2.029807808128385,0.7750652503468061,6.880525559902834,0.16199464664128368,0.28147139053898645,0.7622909563836227,-0.31578692092998745,-0.214899984665537,5.23550478138275,0.0,0.0,0.0,0.0,1.0,0.0,0.0
2024-10-05 03:40:07.787273,1.0,1.0,1.0,1.0,1.0,1.0,1.0,703829.0,0.04063698009803076,0.036802597262395625,0.04671956673942695,0.03203740138402003,0.03157991857152382,0.03145679951185349,-5.404682209094367e-05,0.0003306393822034201,-0.0003783277546366057,-0.0,0.0,0.0,0.0,1.0,0.0,0.0,2.029313293416788,0.77589097293957,6.880112981828652,0.1630385978204718,0.2771544534388622,0.766453009307279,-0.3180386994321656,-0.21179339208749393,5.263880216661237,0.0,0.0,0.0,0.0,1.0,0.0,0.0
2024-10-05 03:40:07.869720,1.0,1.0,1.0,1.0,1.0,1.0,1.0,703830.0,0.04044423444177086,0.03722482060496381,0.04671956673942695,0.03218845078999174,0.03179422973639322,0.03127121205432006,-5.0867597262064634e-05,0.0003401770566900572,-0.00039740310360987996,-0.0,0.0,0.0,0.0,1.0,0.0,0.0,2.029008368690594,0.7766755753050566,6.879947337928286,0.1622521436421885,0.2778049152764768,0.7656186959326462,-0.3150202945978713,-0.21255795570826277,5.258174105249385,0.0,0.0,0.0,0.0,1.0,0.0,0.0
2024-10-05 03:40:07.953270,1.0,1.0,1.0,1.0,1.0,1.0,1.0,703831.0,0.040185802182344105,0.03701431097784901,0.047218662327942335,0.03170255949350469,0.03185519667586617,0.03148762440853117,-6.994294623533886e-05,0.0003338186070322991,-0.0003910446539521218,-0.0,0.0,0.0,0.0,1.0,0.0,0.0,2.0299948600222937,0.7779949694132116,6.880271050312994,0.16309871934178788,0.2760297372404072,0.7602839753520508,-0.316141030224585,-0.21134072261787723,5.223456936475434,0.0,0.0,0.0,0.0,1.0,0.0,0.0
2024-10-05 03:40:07.956270,1.0,1.0,1.0,1.0,1.0,1.0,1.0,703832.0,0.03999088202492748,0.03637547335010833,0.04643997376336175,0.0316106234096681,0.03203740138402003,0.0313331966781849,-8.90182952086131e-05,0.0003338186070322991,-0.00034653550634781527,-0.0,0.0,0.0,0.0,1.0,0.0,0.0,2.0280880378429433,0.776516088940794,6.881025466125177,0.16744562881118727,0.27941460822318015,0.7600856924384797,-0.3247630122646757,-0.21334660532136948,5.22223012996531,0.0,0.0,0.0,0.0,1.0,0.0,0.0
2024-10-05 03:40:08.038185,1.0,1.0,1.0,1.0,1.0,1.0,1.0,703833.0,0.03986040571620479,0.036160019490282594,0.04699749641733918,0.031641298451732976,0.03233879467572394,0.031178004061435775,-0.0001303482179840406,0.0003083848084012668,-0.0003942238787810009,-0.0,0.0,0.0,0.0,1.0,0.0,0.0,2.026330816704549,0.7758332843623175,6.881362754222064,0.16804374742787792,0.2839575758798612,0.7598303207847225,-0.3260568369182998,-0.2165240281689798,5.220424481654165,0.0,0.0,0.0,0.0,1.0,0.0,0.0
2024-10-05 03:40:08.041185,1.0,1.0,1.0,1.0,1.0,1.0,1.0,703834.0,0.039400336158606504,0.03601566753881429,0.04683093654403021,0.03185519667586617,0.03242866644143693,0.03148762440853117,-0.00013670666764179867,0.00030202635874350875,-0.0004005823284387589,-0.0,0.0,0.0,0.0,1.0,0.0,0.0,2.025779024944503,0.7755661628852482,6.883030782658277,0.16893293653574676,0.2886185717446009,0.7606820460900405,-0.32730480251536453,-0.22005945023574675,5.22767555335184,0.0,0.0,0.0,0.0,1.0,0.0,0.0
2024-10-05 03:40:08.123802,1.0,1.0,1.0,1.0,1.0,1.0,1.0,703835.0,0.03859888964444313,0.037084613626145846,0.04699749641733918,0.03170255949350469,0.03242866644143693,0.032067668184708895,-0.00013034821798404061,0.000321101707716783,-0.0004260161270697913,-0.0,0.0,0.0,0.0,1.0,0.0,0.0,2.027926498292376,0.7756950070385099,6.886114359693631,0.16665306801953755,0.29162343935807544,0.7654911189052421,-0.3241725868991172,-0.2224455194470163,5.262577575546165,0.0,0.0,0.0,0.0,1.0,0.0,0.0
2024-10-05 03:40:08.207344,1.0,1.0,1.0,1.0,1.0,1.0,1.0,703836.0,0.03859888964444313,0.03722482060496381,0.047493671422814646,0.032007105962223864,0.03203740138402003,0.03194642892952922,-0.00015260279178619387,0.00031156403323014586,-0.00043237457672754936,-0.0,0.0,0.0,0.0,1.0,0.0,0.0,2.026997966303306,0.775999624173379,6.885446285094823,0.1653243939290491,0.29437066425902053,0.7688243451423347,-0.32078042339454677,-0.22487669285921455,5.2848472044076935,0.0,0.0,0.0,0.0,1.0,0.0,0.0
2024-10-05 03:40:08.210844,1.0,1.0,1.0,1.0,1.0,1.0,1.0,703837.0,0.038867874708122786,0.037711440220720746,0.04814728479203762,0.03254810944778678,0.03182472780550264,0.031763702384431956,-0.00015260279178619387,0.0003083848084012668,-0.0004387330263853075,-0.0,0.0,0.0,0.0,1.0,0.0,0.0,2.0264514975638717,0.7763645134866857,6.884449348426926,0.16972260832884917,0.29885987862668517,0.7699165267770717,-0.3307198619056239,-0.22847387220934728,5.291480682245093,0.0,0.0,0.0,0.0,1.0,0.0,0.0
2024-10-05 03:40:08.291911,1.0,1.0,1.0,1.0,1.0,1.0,1.0,703838.0,0.039925697169818586,0.0373645014732293,0.04814728479203762,0.03251828982682399,0.03173314566510837,0.03151841915858901,-0.000162140466272831,0.00029248868425687163,-0.00041329922775427513,-0.0,0.0,0.0,0.0,1.0,0.0,0.0,2.0277932047980385,0.7771687469858524,6.884118265321611,0.16639986728753678,0.3038835739731922,0.7636271358421933,-0.32360795278471693,-0.2326442561238821,5.246175668691957,0.0,0.0,0.0,0.0,1.0,0.0,0.0
2024-10-05 03:40:08.294913,1.0,1.0,1.0,1.0,1.0,1.0,1.0,703839.0,0.040315225390783915,0.03839591423416136,0.04765791515713948,0.03284481667269478,0.03167194378429309,0.03120910432259612,-0.0001716781407594681,0.00029248868425687163,-0.0003910446539521219,-0.0,0.0,0.0,0.0,1.0,0.0,0.0,2.026936430250007,0.7768511769420612,6.883367972493759,0.16570796308391397,0.3090568849804452,0.7598736688904744,-0.32211612466304657,-0.23684000024388055,5.220077290117297,0.0,0.0,0.0,0.0,1.0,0.0,0.0
2024-10-05 03:40:08.377238,1.0,1.0,1.0,1.0,1.0,1.0,1.0,703840.0,0.03959816335788845,0.03819186010094626,0.04743879714519196,0.033546208593426816,0.03173314566510837,0.03120910432259612,-0.00018121581524610522,0.00029248868425687163,-0.0003783277546366057,-0.0,0.0,0.0,0.0,1.0,0.0,0.0,2.0256660190556044,0.7762089358313305,6.884201037590706,0.16862775194517973,0.30579817055505254,0.7626667391895794,-0.3292417158050921,-0.23381714197163136,5.239280455703599,0.0,0.0,0.0,0.0,1.0,0.0,0.0
2024-10-05 03:40:08.380738,1.0,1.0,1.0,1.0,1.0,1.0,1.0,703841.0,0.03959816335788845,0.03832801689680105,0.04743879714519196,0.03377676944149575,0.03197678183797181,0.03070772063827226,-0.00015896124144395196,0.00027023411045471834,-0.0003846862042943638,-0.0,0.0,0.0,0.0,1.0,0.0,0.0,2.021821798822989,0.7749402806137728,6.8836208540310695,0.16518590952812776,0.3108573096350699,0.7640649525630875,-0.3216553725609945,-0.23755224332799796,5.24829036625267,0.0,0.0,0.0,0.0,1.0,0.0,0.0
2024-10-05 03:40:08.461822,1.0,1.0,1.0,1.0,1.0,1.0,1.0,703842.0,0.03940033615860651,0.03893483061427055,0.04825535964135791,0.03392007415562166,0.032007105962223864,0.030896693010431804,-0.00014306511729955676,0.00025433798631032317,-0.0003910446539521219,-0.0,0.0,0.0,0.0,1.0,0.0,0.0,2.023539171548041,0.7757594210903515,6.882865965835891,0.1607145790965271,0.3106591491241001,0.7636211971066992,-0.3129350300987675,-0.23762541806561027,5.244982050597638,0.0,0.0,0.0,0.0,1.0,0.0,0.0
2024-10-05 03:40:08.545573,1.0,1.0,1.0,1.0,1.0,1.0,1.0,703843.0,0.03953233095432663,0.03893483061427055,0.047548482371721275,0.03380547898296581,0.03197678183797181,0.030833830904597324,-0.00011127286901076638,0.00027023411045471834,-0.00034017705669005726,-0.0,0.0,0.0,0.0,1.0,0.0,0.0,2.0233463736119965,0.7762330418906056,6.881445559635343,0.1577926182596883,0.3085123129213709,0.7650548831913153,-0.30634482504376137,-0.23604004251494734,5.2540250065815055,0.0,0.0,0.0,0.0,1.0,0.0,0.0
2024-10-05 03:40:08.549074,1.0,1.0,1.0,1.0,1.0,1.0,1.0,703844.0,0.03913501101148131,0.03906839817849147,0.04814728479203762,0.03363285413230715,0.03179422973639322,0.030581090322992784,-0.00011127286901076637,0.00026069643596808123,-0.0003401770566900572,-0.0,0.0,0.0,0.0,1.0,0.0,0.0,2.0258788784457082,0.7783026483056177,6.879776389658095,0.15408107821980793,0.30885188553171394,0.7619921488683701,-0.298691009481189,-0.23701352662447112,5.231818878110078,0.0,0.0,0.0,0.0,1.0,0.0,0.0
2024-10-05 03:40:08.630587,1.0,1.0,1.0,1.0,1.0,1.0,1.0,703845.0,0.039729500910396995,0.038463691717159486,0.047603230210664246,0.03389146168814632,0.03173314566510837,0.03010148260279399,-0.0001144520938396454,0.00026069643596808123,-0.0002988471339146297,-0.0,0.0,0.0,0.0,1.0,0.0,0.0,2.0241890817915786,0.7794549502898355,6.877442506886108,0.15596347465231722,0.3101601406178631,0.7581401573836215,-0.3024485882935216,-0.23829464278942736,5.20413790580648,0.0,0.0,0.0,0.0,1.0,0.0,0.0
2024-10-05 03:40:08.634584,1.0,1.0,1.0,1.0,1.0,1.0,1.0,703846.0,0.03999088202492748,0.03832801689680105,0.04643997376336176,0.0333431600699038,0.03167194378429309,0.030198013527012933,-9.53767448663712e-05,0.0002511587614814441,-0.00027023411045471834,-0.0,0.0,0.0,0.0,1.0,0.0,0.0,2.0265871607993033,0.7787881006245445,6.877359653274906,0.1601742808894519,0.31088227514038813,0.753860990734523,-0.31096523748453647,-0.2385322015335853,5.174694915426659,0.0,0.0,0.0,0.0,1.0,0.0,0.0
2024-10-05 03:40:08.715930,1.0,1.0,1.0,1.0,1.0,1.0,1.0,703847.0,0.04031522539078392,0.038123599349151736,0.045590908124401384,0.03313886745048406,0.03173314566510837,0.030453933471522428,-8.583907037973405e-05,0.0002638756607969603,-0.0002734133352835974,-0.0,0.0,0.0,0.0,1.0,0.0,0.0,2.0256425847198005,0.7780229834941397,6.877191670611564,0.15984087945593833,0.3060011396352946,0.7552549542602041,-0.3105134427222801,-0.23424028165718938,5.183988369936162,0.0,0.0,0.0,0.0,1.0,0.0,0.0
2024-10-05 03:40:08.798808,1.0,1.0,1.0,1.0,1.0,1.0,1.0,703848.0,0.03953233095432663,0.03832801689680105,0.045246820880521094,0.032874340109372714,0.0321582976678794,0.030802351742838057,-7.630139589309694e-05,0.00027977178494135546,-0.00031156403323014586,-0.0,0.0,0.0,0.0,1.0,0.0,0.0,2.0267846464763415,0.777887828167998,6.87877560202553,0.1599055898632402,0.300353215977307,0.7595348230674982,-0.3074064043799092,-0.22955804885319087,5.215970307767751,0.0,0.0,0.0,0.0,1.0,0.0,0.0
2024-10-05 03:40:08.802250,1.0,1.0,1.0,1.0,1.0,1.0,1.0,703849.0,0.03906839817849147,0.038055216156251626,0.04564800383634772,0.03227874115189541,0.032007105962223864,0.030833830904597324,-6.676372140645982e-05,0.0002893094594279925,-0.0003338186070322991,-0.0,0.0,0.0,0.0,1.0,0.0,0.0,2.0257118749361234,0.7746930246941001,6.878855409386573,0.15829080528810238,0.2963121180265918,0.7569498307522625,-0.3035887777483549,-0.2254304499034828,5.198150033491507,0.0,0.0,0.0,0.0,1.0,0.0,0.0
2024-10-05 03:40:08.883939,1.0,1.0,1.0,1.0,1.0,1.0,1.0,703850.0,0.04050858489526056,0.037711440220720746,0.046045691532351565,0.0316106234096681,0.03182472780550264,0.030990747087997286,-7.630139589309695e-05,0.0002734133352835974,-0.0003433562815189362,-0.0,0.0,0.0,0.0,1.0,0.0,0.0,2.027974871806427,0.7738660238799338,6.877439477066939,0.15776628324856964,0.30195668489621424,0.755489625148044,-0.3029030092805209,-0.2294573712976144,5.1865307867801045,0.0,0.0,0.0,0.0,1.0,0.0,0.0
2024-10-05 03:40:08.887439,1.0,1.0,1.0,1.0,1.0,1.0,1.0,703851.0,0.04063698009803076,0.037711440220720746,0.04615868726430256,0.03218845078999174,0.03148762440853117,0.030990747087997286,-9.219752003749214e-05,0.0002734133352835974,-0.0003338186070322991,-0.0,0.0,0.0,0.0,1.0,0.0,0.0,2.0265511734221726,0.7710529912122166,6.876020980340797,0.15545416446355126,0.2965894991899807,0.7544562843650764,-0.2979861383297767,-0.22462496217368982,5.178077896606607,0.0,0.0,0.0,0.0,1.0,0.0,0.0
2024-10-05 03:40:08.969387,1.0,1.0,1.0,1.0,1.0,1.0,1.0,703852.0,0.0401858021823441,0.03722482060496381,0.04587567609077438,0.032398736885968185,0.03188563643118791,0.03064447088906264,-9.219752003749215e-05,0.00027023411045471834,-0.0003338186070322991,-0.0,0.0,0.0,0.0,1.0,0.0,0.0,2.02636637443037,0.7702017914543808,6.87635699876146,0.15630325860166505,0.29462227771987126,0.7541166787764383,-0.2993763321846952,-0.2229501919513339,5.176237276822344,0.0,0.0,0.0,0.0,1.0,0.0,0.0
2024-10-05 03:40:09.052730,1.0,1.0,1.0,1.0,1.0,1.0,1.0,703853.0,0.04076497090344803,0.03715478325109878,0.04587567609077438,0.032308781866774994,0.03151841915858901,0.030802351742838057,-0.00012716899315516158,0.0002670548856258393,-0.0003497147311766944,-0.0,0.0,0.0,0.0,1.0,0.0,0.0,2.0247823273573347,0.7678433186253677,6.875522983250336,0.15520796097723974,0.2951600787441741,0.7537056811548886,-0.2961569675396896,-0.22237818169890458,5.172754621056558,0.0,0.0,0.0,0.0,1.0,0.0,0.0
2024-10-05 03:40:09.055737,1.0,1.0,1.0,1.0,1.0,1.0,1.0,703854.0,0.04164989509779679,0.03729472643293347,0.045590908124401384,0.032398736885968185,0.03170255949350469,0.031022035078891817,-9.855596969525022e-05,0.0002638756607969603,-0.00037196930497884756,-0.0,0.0,0.0,0.0,1.0,0.0,0.0,2.025141908244186,0.7668514566893977,6.875024950087121,0.15640534028571024,0.29541633672267026,0.7552207204448598,-0.30000831035519304,-0.2220679801906011,5.182821586013317,0.0,0.0,0.0,0.0,1.0,0.0,0.0
2024-10-05 03:40:09.138707,1.0,1.0,1.0,1.0,1.0,1.0,1.0,703855.0,0.04139898983206046,0.0373645014732293,0.045590908124401384,0.032815266674204355,0.03188563643118791,0.03127121205432006,-0.00011127286901076637,0.0002638756607969603,-0.0003878654291232428,-0.0,0.0,0.0,0.0,1.0,0.0,0.0,2.025075170950764,0.7650081400215206,6.8755214679179835,0.15536368241061807,0.29425843556441306,0.7605969174915345,-0.2975572730958,-0.22077439734309826,5.218477441944612,0.0,0.0,0.0,0.0,1.0,0.0,0.0
2024-10-05 03:40:09.142207,1.0,1.0,1.0,1.0,1.0,1.0,1.0,703856.0,0.04076497090344802,0.03743414645719283,0.04610222401715648,0.03310957989067469,0.03203740138402003,0.03148762440853117,-0.00010491441935300831,0.0002861302345991135,-0.00041012000292539613,-0.0,0.0,0.0,0.0,1.0,0.0,0.0,2.0239809029375975,0.7651006891711931,6.877439477066939,0.15285948367652005,0.29433817727572625,0.7625929584352104,-0.29361919337327547,-0.22094363219070218,5.233873161988395,0.0,0.0,0.0,0.0,1.0,0.0,0.0
2024-10-05 03:40:09.223795,1.0,1.0,1.0,1.0,1.0,1.0,1.0,703857.0,0.040185802182344105,0.03764230828317236,0.046327664109800666,0.03299216966314644,0.03257790177388484,0.03139505892336215,-9.219752003749215e-05,0.00031156403323014586,-0.00042283690224091225,-0.0,0.0,0.0,0.0,1.0,0.0,0.0,2.023718791000535,0.7646718948159074,6.876686182925114,0.14820007867202373,0.3007694381028867,0.7596088704502593,-0.28336563188940683,-0.2259887339788731,5.2129609065318165,0.0,0.0,0.0,0.0,1.0,0.0,0.0
2024-10-05 03:40:09.226795,1.0,1.0,1.0,1.0,1.0,1.0,1.0,703858.0,0.04025056580563931,0.0373645014732293,0.04666378216223113,0.033284918697807614,0.032067668184708895,0.031240173622796498,-9.219752003749215e-05,0.00027023411045471834,-0.00040694077809651707,-0.0,0.0,0.0,0.0,1.0,0.0,0.0,2.0218909302946866,0.7650734538363947,6.875181620143995,0.1493942884646536,0.302967180378033,0.7590176179773421,-0.2896208093067744,-0.2282171371884438,5.2072746778911165,0.0,0.0,0.0,0.0,1.0,0.0,0.0
2024-10-05 03:40:09.308554,1.0,1.0,1.0,1.0,1.0,1.0,1.0,703859.0,0.04044423444177086,0.036802597262395625,0.046496026860123614,0.033690494027434716,0.032097906445255474,0.031549183850304155,-8.265984555085502e-05,0.00024797953665256506,-0.0003910446539521219,-0.0,0.0,0.0,0.0,1.0,0.0,0.0,2.021649161751528,0.7678609031033438,6.874016650207773,0.15434529273890224,0.30305270980864424,0.7636186562414127,-0.2982065982271697,-0.22888904490887577,5.237858189946356,0.0,0.0,0.0,0.0,1.0,0.0,0.0
2024-10-05 03:40:09.392291,1.0,1.0,1.0,1.0,1.0,1.0,1.0,703860.0,0.04050858489526056,0.03666077555081008,0.04632766410980066,0.033690494027434716,0.032398736885968185,0.03151841915858901,-5.72260469198227e-05,0.00023844186216592791,-0.00040376155326763796,-0.0,0.0,0.0,0.0,1.0,0.0,0.0,2.0215462326811178,0.7696500100261475,6.874599917620736,0.15196837170583485,0.29664432137727675,0.761067101091351,-0.2932927719308913,-0.22464713264101502,5.2211976682914845,0.0,0.0,0.0,0.0,1.0,0.0,0.0
2024-10-05 03:40:09.395291,1.0,1.0,1.0,1.0,1.0,1.0,1.0,703861.0,0.04037978143756249,0.037084613626145846,0.04587567609077438,0.033021561356871405,0.03245856839932655,0.03170255949350469,-4.132992277542751e-05,0.0002765925601124764,-0.0004228369022409122,-0.0,0.0,0.0,0.0,1.0,0.0,0.0,2.0218008965204346,0.7702977197065483,6.87443338309341,0.15584236364782206,0.29683876499368106,0.7606998399011997,-0.3014470294419904,-0.22505992512724565,5.219032691878847,0.0,0.0,0.0,0.0,1.0,0.0,0.0
2024-10-05 03:40:09.477189,1.0,1.0,1.0,1.0,1.0,1.0,1.0,703862.0,0.04101975445198809,0.03743414645719283,0.04581886408620406,0.032874340109372714,0.03233879467572394,0.03188563643118791,-4.7688372433185584e-05,0.00027977178494135546,-0.00043237457672754936,-0.0,0.0,0.0,0.0,1.0,0.0,0.0,2.0219732309655285,0.770573427908238,6.87376568891746,0.15531588516896316,0.29905056454328477,0.7596429369174739,-0.30004093946292754,-0.22689522727950262,5.211195095253481,0.0,0.0,0.0,0.0,1.0,0.0,0.0
2024-10-05 03:40:09.480689,1.0,1.0,1.0,1.0,1.0,1.0,1.0,703863.0,0.04044423444177086,0.037918079796158174,0.045932417826860104,0.032785690042080325,0.03251828982682399,0.031763702384431956,-9.537674486637117e-06,0.0002988471339146297,-0.00042919535189867036,-0.0,0.0,0.0,0.0,1.0,0.0,0.0,2.0208413391668385,0.7720771860696,6.873933755303682,0.15838437916390163,0.29959645290421216,0.760095842311666,-0.3073847364487838,-0.2278624622777887,5.214824214038237,0.0,0.0,0.0,0.0,1.0,0.0,0.0
2024-10-05 03:40:09.562100,1.0,1.0,1.0,1.0,1.0,1.0,1.0,703864.0,0.040055960801949016,0.037918079796158174,0.045875676090774385,0.032637404840404415,0.03290383705573704,0.03145679951185349,-2.5433798631032317e-05,0.0003083848084012668,-0.00039740310360987996,-0.0,0.0,0.0,0.0,1.0,0.0,0.0,2.019513069912715,0.773113500492353,6.87435352439514,0.15989530151981787,0.29753050558534416,0.7599273186265285,-0.30998365181862003,-0.2266478133589076,5.2141328461817,0.0,0.0,0.0,0.0,1.0,0.0,0.0
2024-10-05 03:40:09.645547,1.0,1.0,1.0,1.0,1.0,1.0,1.0,703865.0,0.039925697169818586,0.037780445658522906,0.046552012463619064,0.0321582976678794,0.03290383705573704,0.03148762440853117,-3.497147311766943e-05,0.00029248868425687163,-0.00042919535189867036,-0.0,0.0,0.0,0.0,1.0,0.0,0.0,2.018261216082214,0.7754009653253702,6.873268286336349,0.1599742207346091,0.29755534720767546,0.7528959288959175,-0.3096685973665963,-0.22712443635316087,5.166421306619437,0.0,0.0,0.0,0.0,1.0,0.0,0.0
2024-10-05 03:40:09.648550,1.0,1.0,1.0,1.0,1.0,1.0,1.0,703866.0,0.04050858489526056,0.03819186010094626,0.046271407059164556,0.0321582976678794,0.032398736885968185,0.031641298451732976,-5.086759726206463e-05,0.0002829510097702345,-0.00045144992570082354,-0.0,0.0,0.0,0.0,1.0,0.0,0.0,2.017596341460052,0.7763376733073908,6.87218363493376,0.15711246845326785,0.2964218548633819,0.7526114990279048,-0.3034512867878155,-0.22656677887102392,5.164197695376391,0.0,0.0,0.0,0.0,1.0,0.0,0.0
2024-10-05 03:40:09.731479,1.0,1.0,1.0,1.0,1.0,1.0,1.0,703867.0,0.04037978143756248,0.037780445658522906,0.04627140705916456,0.03227874115189541,0.03203740138402003,0.03197678183797181,-6.994294623533886e-05,0.00026069643596808123,-0.0004705252746740978,-0.0,0.0,0.0,0.0,1.0,0.0,0.0,2.015275307677948,0.7763376733073908,6.872688695805015,0.1611242724473873,0.2954422942967496,0.752715482636408,-0.3127643360037884,-0.22583318325506968,5.165014461784744,0.0,0.0,0.0,0.0,1.0,0.0,0.0
2024-10-05 03:40:09.734479,1.0,1.0,1.0,1.0,1.0,1.0,1.0,703868.0,0.04025056580563931,0.03812359934915173,0.04587567609077438,0.03260766687993288,0.032007105962223864,0.03194642892952922,-9.219752003749214e-05,0.0002829510097702345,-0.0004673460498452188,-0.0,0.0,0.0,0.0,1.0,0.0,0.0,2.013607657629335,0.7769999215907335,6.873104751275087,0.1631009065918344,0.29679954403369363,0.7509473307719414,-0.3162947789671196,-0.22693188298482134,5.152692984865305,0.0,0.0,0.0,0.0,1.0,0.0,0.0
2024-10-05 03:40:09.815775,1.0,1.0,1.0,1.0,1.0,1.0,1.0,703869.0,0.03992569716981858,0.03825999906698716,0.045590908124401384,0.03248844283583844,0.03185519667586617,0.031763702384431956,-9.219752003749214e-05,0.0002829510097702345,-0.00048642139881849305,-0.0,0.0,0.0,0.0,1.0,0.0,0.0,2.0130213246825828,0.7781434954222802,6.8738569222004635,0.15819722473301934,0.29849733264622963,0.7440544729835223,-0.30709178728156555,-0.228894698966789,5.10612767360292,0.0,0.0,0.0,0.0,1.0,0.0,0.0
2024-10-05 03:40:09.818775,1.0,1.0,1.0,1.0,1.0,1.0,1.0,703870.0,0.03953233095432663,0.038463691717159486,0.045590908124401384,0.032637404840404415,0.032067668184708895,0.03170255949350469,-8.265984555085502e-05,0.0002861302345991135,-0.0004419122512141864,-0.0,0.0,0.0,0.0,1.0,0.0,0.0,2.0101880188394317,0.7790060790966826,6.874775541101555,0.15859829079108317,0.30247655864435474,0.7436631561160872,-0.3068530952026307,-0.23235922347880725,5.104671298463948,0.0,0.0,0.0,0.0,1.0,0.0,0.0
2024-10-05 03:40:09.900884,1.0,1.0,1.0,1.0,1.0,1.0,1.0,703871.0,0.03906839817849146,0.03798670986099516,0.04610222401715648,0.03257790177388484,0.032308781866774994,0.03194642892952922,-9.53767448663712e-05,0.0002670548856258393,-0.0004419122512141864,-0.0,0.0,0.0,0.0,1.0,0.0,0.0,2.0103535750091654,0.7810616682472077,6.877361168202239,0.15475904493839682,0.30579832162379433,0.7449285978818957,-0.29816991098192214,-0.23565401270968364,5.1153123111525405,0.0,0.0,0.0,0.0,1.0,0.0,0.0
2024-10-05 03:40:09.984071,1.0,1.0,1.0,1.0,1.0,1.0,1.0,703872.0,0.03906839817849146,0.0378493252884673,0.04598908955455482,0.03212811624624381,0.032007105962223864,0.03197678183797181,-8.90182952086131e-05,0.00027023411045471834,-0.00045144992570082354,-0.0,0.0,0.0,0.0,1.0,0.0,0.0,2.0079309195480914,0.7814748036582655,6.8771916706115634,0.15522492569857574,0.3045796391072464,0.7460696428077489,-0.2991780301386558,-0.23478271376433568,5.122843146224511,0.0,0.0,0.0,0.0,1.0,0.0,0.0
2024-10-05 03:40:09.987523,1.0,1.0,1.0,1.0,1.0,1.0,1.0,703873.0,0.038867874708122786,0.03729472643293347,0.046496026860123614,0.03245856839932655,0.032067668184708895,0.032097906445255474,-9.855596969525022e-05,0.0002765925601124764,-0.0004578083753585816,-0.0,0.0,0.0,0.0,1.0,0.0,0.0,2.0101078272206205,0.7805642823545803,6.87710729899543,0.1566705822618861,0.3081061010365437,0.7460687656086764,-0.30160934442920295,-0.23722378440620961,5.122443451219404,0.0,0.0,0.0,0.0,1.0,0.0,0.0
2024-10-05 03:40:10.069297,1.0,1.0,1.0,1.0,1.0,1.0,1.0,703874.0,0.038666311337125336,0.0373645014732293,0.04598908955455483,0.032667115729434024,0.03157991857152382,0.03212811624624381,-0.00010173519452412925,0.0002638756607969603,-0.0004419122512141864,-0.0,0.0,0.0,0.0,1.0,0.0,0.0,2.009090828196418,0.7795178249337983,6.878353073385815,0.15852538923437445,0.31141202228250897,0.7482280513914991,-0.30512736066056423,-0.23958507164404444,5.137375963252008,0.0,0.0,0.0,0.0,1.0,0.0,0.0
2024-10-05 03:40:10.072297,1.0,1.0,1.0,1.0,1.0,1.0,1.0,703875.0,0.03846369171715948,0.03798670986099516,0.04536180663361167,0.032756086704177324,0.03139505892336215,0.03191604715477278,-8.90182952086131e-05,0.0002861302345991135,-0.00039422387878100085,-0.0,0.0,0.0,0.0,1.0,0.0,0.0,2.008847519137705,0.7779106509506649,6.879439023784244,0.164079207307611,0.3075443741570065,0.7492544444400243,-0.31613601958122045,-0.2358321775624782,5.145617914381304,0.0,0.0,0.0,0.0,1.0,0.0,0.0
2024-10-05 03:40:10.154735,1.0,1.0,1.0,1.0,1.0,1.0,1.0,703876.0,0.03832801689680105,0.03798670986099516,0.04576198155144105,0.03257790177388484,0.032067668184708895,0.03182472780550264,-7.312217106421791e-05,0.0002765925601124764,-0.00037196930497884756,-0.0,0.0,0.0,0.0,1.0,0.0,0.0,2.008368594072068,0.7761714059429967,6.879689020912139,0.16966556011140177,0.3091340049232657,0.7515337039137563,-0.32737068732408675,-0.2366019494768325,5.16087026652447,0.0,0.0,0.0,0.0,1.0,0.0,0.0
2024-10-05 03:40:10.238064,1.0,1.0,1.0,1.0,1.0,1.0,1.0,703877.0,0.03832801689680105,0.03853134997827472,0.04581886408620405,0.032756086704177324,0.03224867245309928,0.03167194378429309,-5.404682209094367e-05,0.0002829510097702345,-0.0003401770566900572,-0.0,0.0,0.0,0.0,1.0,0.0,0.0,2.0123212111760473,0.7758024511206532,6.880101624409924,0.17190536114553306,0.31050073795344246,0.7543894165078407,-0.3317947237571447,-0.23752122906462103,5.1810759939320405,0.0,0.0,0.0,0.0,1.0,0.0,0.0
2024-10-05 03:40:10.241565,1.0,1.0,1.0,1.0,1.0,1.0,1.0,703878.0,0.03832801689680105,0.03853134997827472,0.04547650165015325,0.03233879467572394,0.03260766687993288,0.03157991857152382,-3.815069794654848e-05,0.00027977178494135546,-0.0003528939560055733,-0.0,0.0,0.0,0.0,1.0,0.0,0.0,2.0151103011937903,0.7731082730648042,6.879686749289913,0.17281669567806968,0.309840341480151,0.7532772980309698,-0.33401942838439125,-0.23621242294478942,5.173459391280198,0.0,0.0,0.0,0.0,1.0,0.0,0.0
2024-10-05 03:40:10.323978,1.0,1.0,1.0,1.0,1.0,1.0,1.0,703879.0,0.03859888964444313,0.03819186010094626,0.04621508152756301,0.03227874115189541,0.03290383705573704,0.03157991857152382,-1.9075348973274234e-05,0.0002734133352835974,-0.00034653550634781527,-0.0,0.0,0.0,0.0,1.0,0.0,0.0,2.018514003755937,0.7714607368810978,6.87977108927238,0.172704505619907,0.31125102585365577,0.7569626774326942,-0.33397529771593326,-0.236764264464045,5.19968833674968,0.0,0.0,0.0,0.0,1.0,0.0,0.0
2024-10-05 03:40:10.326977,1.0,1.0,1.0,1.0,1.0,1.0,1.0,703880.0,0.03853134997827472,0.03819186010094626,0.04581886408620405,0.03242866644143693,0.033021561356871405,0.031763702384431956,-4.132992277542751e-05,0.0002765925601124764,-0.0003751485298077266,-0.0,0.0,0.0,0.0,1.0,0.0,0.0,2.0209497493125417,0.7688298902449504,6.877936577993482,0.17371172590833533,0.31000996850203233,0.7583560566322883,-0.3377899680048226,-0.23491770045452376,5.207758597122245,0.0,0.0,0.0,0.0,1.0,0.0,0.0
2024-10-05 03:40:10.408340,1.0,1.0,1.0,1.0,1.0,1.0,1.0,703881.0,0.038463691717159486,0.03853134997827472,0.04587567609077438,0.03245856839932655,0.03325575976212062,0.03151841915858901,-4.450914760430655e-05,0.0002861302345991135,-0.00036879008014996856,-0.0,0.0,0.0,0.0,1.0,0.0,0.0,2.0251629206706587,0.7677023545423695,6.875602828365587,0.17831081766863524,0.31069498495250464,0.7601333308381358,-0.3498366354214601,-0.23490955053690687,5.217876791334118,0.0,0.0,0.0,0.0,1.0,0.0,0.0
2024-10-05 03:40:10.491875,1.0,1.0,1.0,1.0,1.0,1.0,1.0,703882.0,0.038463691717159486,0.03859888964444313,0.046775284787538986,0.032637404840404415,0.03363285413230715,0.031364143052817484,-2.5433798631032314e-05,0.0002765925601124764,-0.00034653550634781527,-0.0,0.0,0.0,0.0,1.0,0.0,0.0,2.026869896529231,0.7666139330936796,6.876024010785003,0.1773813680803644,0.31135416218220535,0.7622256344467624,-0.3478230023061165,-0.23508002174972206,5.232572484759561,0.0,0.0,0.0,0.0,1.0,0.0,0.0
2024-10-05 03:40:10.495309,1.0,1.0,1.0,1.0,1.0,1.0,1.0,703883.0,0.038666311337125336,0.03900167157440239,0.04638385292864447,0.032308781866774994,0.0337192770263005,0.03157991857152382,-2.2254573802153274e-05,0.00025751721113920217,-0.0003656108553210895,-0.0,0.0,0.0,0.0,1.0,0.0,0.0,2.0299489566264652,0.7681701473153,6.877108056486933,0.18146416375360325,0.30767232733466104,0.7627193949799531,-0.35615554662440185,-0.2329323586553657,5.236580970013944,0.0,0.0,0.0,0.0,1.0,0.0,0.0
2024-10-05 03:40:10.577380,1.0,1.0,1.0,1.0,1.0,1.0,1.0,703884.0,0.03900167157440239,0.0387336156723732,0.04671956673942695,0.03251828982682399,0.03397722680635423,0.03191604715477278,-4.1329922775427505e-05,0.00026069643596808123,-0.0003815069794654847,-0.0,0.0,0.0,0.0,1.0,0.0,0.0,2.0308326768528513,0.7675098372781661,6.875611162590772,0.17815922090284986,0.3062169485986388,0.7620991766018795,-0.34794705305163864,-0.2316834994269834,5.231536204651681,0.0,0.0,0.0,0.0,1.0,0.0,0.0
2024-10-05 03:40:10.580380,1.0,1.0,1.0,1.0,1.0,1.0,1.0,703885.0,0.03959816335788845,0.038123599349151736,0.04705288535396546,0.03245856839932655,0.034091244666417886,0.03245856839932655,-4.7688372433185584e-05,0.00027023411045471834,-0.000406940778096517,-0.0,0.0,0.0,0.0,1.0,0.0,0.0,2.034593447204731,0.7664523530669255,6.87585902600777,0.17086759369250032,0.30949065858712677,0.7661060586585874,-0.33224154572395115,-0.23426820921286207,5.258666275325902,0.0,0.0,0.0,0.0,1.0,0.0,0.0
2024-10-05 03:40:10.662737,1.0,1.0,1.0,1.0,1.0,1.0,1.0,703886.0,0.039400336158606504,0.038123599349151736,0.04655201246361906,0.03248844283583844,0.033690494027434716,0.03212811624624381,-4.13299227754275e-05,0.0002765925601124764,-0.00042919535189867025,-0.0,0.0,0.0,0.0,1.0,0.0,0.0,2.0354111679808318,0.7666235012451554,6.875694794918868,0.169288608237959,0.30593334723524196,0.7658924043971812,-0.32883146123180357,-0.23133701648718372,5.257133224517216,0.0,0.0,0.0,0.0,1.0,0.0,0.0
2024-10-05 03:40:10.665736,1.0,1.0,1.0,1.0,1.0,1.0,1.0,703887.0,0.040055960801949016,0.037780445658522906,0.04671956673942695,0.03224867245309928,0.03397722680635423,0.03191604715477278,-4.450914760430655e-05,0.0002670548856258393,-0.0004419122512141864,-0.0,0.0,0.0,0.0,1.0,0.0,0.0,2.0349128950000988,0.768923498369042,6.876532577367235,0.1653481127097425,0.30062364150696086,0.7654378591374772,-0.32126033915737284,-0.22785171136737195,5.254273629532707,0.0,0.0,0.0,0.0,1.0,0.0,0.0
2024-10-05 03:40:10.747498,1.0,1.0,1.0,1.0,1.0,1.0,1.0,703888.0,0.04070102581168387,0.037918079796158174,0.04738385931883414,0.03251828982682399,0.03363285413230715,0.03197678183797181,-3.815069794654847e-05,0.00029248868425687163,-0.0004164784525831542,-0.0,0.0,0.0,0.0,1.0,0.0,0.0,2.03492825486436,0.768602521573272,6.87661695603483,0.1609897953311354,0.30023245286702505,0.7694879329707977,-0.3121976118434357,-0.227450195457039,5.283370454474679,0.0,0.0,0.0,0.0,1.0,0.0,0.0
2024-10-05 03:40:10.830547,1.0,1.0,1.0,1.0,1.0,1.0,1.0,703889.0,0.04101975445198809,0.037918079796158174,0.04705288535396546,0.032667115729434024,0.03331405211143558,0.03182472780550264,-6.358449657758079e-05,0.0003083848084012668,-0.0004260161270697913,-0.0,0.0,0.0,0.0,1.0,0.0,0.0,2.0350585212212735,0.7696936546567259,6.877361925665782,0.1600474886351959,0.30055432876460236,0.7695980501234471,-0.3107014501355403,-0.22804857308999354,5.28464628665022,0.0,0.0,0.0,0.0,1.0,0.0,0.0
2024-10-05 03:40:10.833484,1.0,1.0,1.0,1.0,1.0,1.0,1.0,703890.0,0.04089256110871732,0.037780445658522906,0.04743879714519196,0.03242866644143693,0.03296275176192149,0.031641298451732976,-5.722604691982269e-05,0.00029566790908575063,-0.0004132992277542751,-0.0,0.0,0.0,0.0,1.0,0.0,0.0,2.0338520947715186,0.7710289957778323,6.87778148552699,0.1612936631338159,0.2974878042003003,0.768507088998652,-0.31257118127413863,-0.2258510495734367,5.277317370202799,0.0,0.0,0.0,0.0,1.0,0.0,0.0
2024-10-05 03:40:10.916065,1.0,1.0,1.0,1.0,1.0,1.0,1.0,703891.0,0.04076497090344802,0.037711440220720746,0.04643997376336175,0.032667115729434024,0.032667115729434024,0.031549183850304155,-4.450914760430655e-05,0.00027023411045471834,-0.000400582328438759,-0.0,0.0,0.0,0.0,1.0,0.0,0.0,2.0318439211431802,0.7719884991734364,6.878948847032883,0.156869129443437,0.29513879213169986,0.7652248735524041,-0.3029826728328302,-0.22435125236307496,5.25513084695115,0.0,0.0,0.0,0.0,1.0,0.0,0.0
2024-10-05 03:40:10.919065,1.0,1.0,1.0,1.0,1.0,1.0,1.0,703892.0,0.04044423444177086,0.036873303566316074,0.04570502822314875,0.032785690042080325,0.032097906445255474,0.03145679951185349,-4.4509147604306555e-05,0.0002670548856258393,-0.00042283690224091225,-0.0,0.0,0.0,0.0,1.0,0.0,0.0,2.0305228492556178,0.7721179403355302,6.879032438782843,0.1580851958741307,0.29186428405551523,0.7632094363516785,-0.30482813084217947,-0.22179089560759846,5.240861245348606,0.0,0.0,0.0,0.0,1.0,0.0,0.0
2024-10-05 03:40:11.000870,1.0,1.0,1.0,1.0,1.0,1.0,1.0,703893.0,0.04050858489526056,0.036231979799249525,0.045304350237362054,0.03284481667269478,0.03203740138402003,0.03139505892336215,-4.132992277542752e-05,0.0002829510097702345,-0.0003910446539521219,-0.0,0.0,0.0,0.0,1.0,0.0,0.0,2.0280012811209143,0.7710425083824596,6.879205677322054,0.152315585292958,0.2907146412451278,0.7583798848444875,-0.2950407210961834,-0.22053579778128804,5.2070659760792015,0.0,0.0,0.0,0.0,1.0,0.0,0.0
2024-10-05 03:40:11.084621,1.0,1.0,1.0,1.0,1.0,1.0,1.0,703894.0,0.04025056580563931,0.03565223071686204,0.04507379225100919,0.032933307582966455,0.03182472780550264,0.030896693010431804,-6.358449657758079e-05,0.00027977178494135546,-0.00038468620429436373,-0.0,0.0,0.0,0.0,1.0,0.0,0.0,2.027319044292049,0.7717605476777164,6.880786116773831,0.15433245527988823,0.29030469026541916,0.7579379207386503,-0.2996901313475504,-0.22040765315300018,5.205504467844037,0.0,0.0,0.0,0.0,1.0,0.0,0.0
2024-10-05 03:40:11.087621,1.0,1.0,1.0,1.0,1.0,1.0,1.0,703895.0,0.039925697169818586,0.03498853239802849,0.044958069872003174,0.032874340109372714,0.03191604715477278,0.030676112065162197,-5.4046822090943663e-05,0.00024480031182368605,-0.00037196930497884767,-0.0,0.0,0.0,0.0,1.0,0.0,0.0,2.0251067628531545,0.7724914067958588,6.880125853547212,0.15688364063729132,0.28832150584389743,0.7540214760282933,-0.3050224210092681,-0.21919356774751475,5.179078481925667,0.0,0.0,0.0,0.0,1.0,0.0,0.0
2024-10-05 03:40:11.169694,1.0,1.0,1.0,1.0,1.0,1.0,1.0,703896.0,0.04025056580563931,0.0348393268892594,0.04553374081900147,0.03299216966314644,0.032067668184708895,0.030517578125,-6.358449657758079e-05,0.0002257249628504118,-0.0003528939560055733,-0.0,0.0,0.0,0.0,1.0,0.0,0.0,2.0251684991091707,0.7744688854198074,6.879873600732171,0.15733421034777684,0.2890695911598374,0.7511014988210886,-0.3055904298960563,-0.22041330300558962,5.15861139364096,0.0,0.0,0.0,0.0,1.0,0.0,0.0
2024-10-05 03:40:11.172693,1.0,1.0,1.0,1.0,1.0,1.0,1.0,703897.0,0.039729500910396995,0.03498853239802849,0.04513154216867338,0.03305092691301418,0.03145679951185349,0.030453933471522428,-8.583907037973405e-05,0.00021618728836377468,-0.0003560731808344524,-0.0,0.0,0.0,0.0,1.0,0.0,0.0,2.0228587289153004,0.7735810407307061,6.878872069945398,0.1575712608560239,0.28994228126630994,0.7523062678929909,-0.3059347176568075,-0.22075317097097688,5.165870438632652,0.0,0.0,0.0,0.0,1.0,0.0,0.0
2024-10-05 03:40:11.255330,1.0,1.0,1.0,1.0,1.0,1.0,1.0,703898.0,0.03979500713939933,0.035062897056625214,0.044725726870264354,0.03290383705573704,0.03173314566510837,0.030485772407004817,-0.00010809364418188734,0.00021936651319265368,-0.0003560731808344524,-0.0,0.0,0.0,0.0,1.0,0.0,0.0,2.021243727732694,0.7758402697442908,6.879209463623443,0.16226667956847052,0.2892459689080955,0.7552926524795701,-0.3152286242386255,-0.2209453816054228,5.1860226364729645,0.0,0.0,0.0,0.0,1.0,0.0,0.0
2024-10-05 03:40:11.258827,1.0,1.0,1.0,1.0,1.0,1.0,1.0,703899.0,0.03959816335788845,0.035285050685953695,0.04518921828443541,0.032756086704177324,0.032067668184708895,0.030612797008878905,-0.00010809364418188733,0.00021300806353489562,-0.0003401770566900572,-0.0,0.0,0.0,0.0,1.0,0.0,0.0,2.018040679745198,0.7764693978555823,6.878209350872677,0.16309489551764553,0.28955325463766246,0.7586945663106736,-0.3169918744747376,-0.2214700315006791,5.2083257565336165,0.0,0.0,0.0,0.0,1.0,0.0,0.0
2024-10-05 03:40:11.339467,1.0,1.0,1.0,1.0,1.0,1.0,1.0,703900.0,0.03933417265909615,0.03543237930455048,0.045246820880521094,0.03260766687993288,0.032097906445255474,0.03064447088906264,-0.00010491441935300831,0.00021618728836377468,-0.0003401770566900572,-0.0,0.0,0.0,0.0,1.0,0.0,0.0,2.0173447453081823,0.7781678116303337,6.878705638847543,0.1640639559554858,0.29420662326615066,0.7635483656992509,-0.3188658782223652,-0.22575795842208154,5.241914157512304,0.0,0.0,0.0,0.0,1.0,0.0,0.0
2024-10-05 03:40:11.422933,1.0,1.0,1.0,1.0,1.0,1.0,1.0,703901.0,0.03986040571620479,0.03521115521073844,0.045419190346160765,0.03212811624624381,0.032097906445255474,0.030422061214259163,-0.00010173519452412927,0.00023208341250816988,-0.0003433562815189362,-0.0,0.0,0.0,0.0,1.0,0.0,0.0,2.0147730723793504,0.7791546820988302,6.876788740371231,0.1653295788222437,0.29453869185533144,0.7672054619532656,-0.3211529183650066,-0.22642959910444918,5.266000742800803,0.0,0.0,0.0,0.0,1.0,0.0,0.0
2024-10-05 03:40:11.426433,1.0,1.0,1.0,1.0,1.0,1.0,1.0,703902.0,0.04025056580563931,0.03587073468713995,0.04536180663361167,0.03194642892952922,0.03254810944778678,0.030802351742838057,-0.00012398976832628253,0.0002670548856258393,-0.0003433562815189362,-0.0,0.0,0.0,0.0,1.0,0.0,0.0,2.0162488654872526,0.7824284237622504,6.877203032835961,0.16769614868129326,0.29972086319544483,0.7698761743529097,-0.3273007380698657,-0.23158547963607873,5.284850421480437,0.0,0.0,0.0,0.0,1.0,0.0,0.0
2024-10-05 03:40:11.508359,1.0,1.0,1.0,1.0,1.0,1.0,1.0,703903.0,0.04050858489526056,0.0361600194902826,0.04581886408620406,0.032097906445255474,0.03227874115189541,0.030422061214259163,-0.0001208105434974035,0.0002511587614814441,-0.00034653550634781527,-0.0,0.0,0.0,0.0,1.0,0.0,0.0,2.0144297428169353,0.7851569694063485,6.876368362365033,0.16418814676524554,0.3014811213756127,0.7715196022143979,-0.3183475215942471,-0.23370882334262363,5.295430570516982,0.0,0.0,0.0,0.0,1.0,0.0,0.0
2024-10-05 03:40:11.511858,1.0,1.0,1.0,1.0,1.0,1.0,1.0,703904.0,0.04057283328598263,0.03651840306907817,0.04598908955455482,0.03157991857152382,0.03194642892952922,0.03077084037730748,-7.312217106421791e-05,0.00024480031182368605,-0.00037196930497884756,-0.0,0.0,0.0,0.0,1.0,0.0,0.0,2.0151679001865723,0.7887979594753403,6.87536404792171,0.16076610328696714,0.29963253258136885,0.7676016183710375,-0.31102010013945386,-0.23334165441481697,5.266653068430737,0.0,0.0,0.0,0.0,1.0,0.0,0.0
2024-10-05 03:40:11.594012,1.0,1.0,1.0,1.0,1.0,1.0,1.0,703905.0,0.04089256110871732,0.03729472643293347,0.04553374081900146,0.03148762440853117,0.0316106234096681,0.03064447088906264,-6.676372140645982e-05,0.00026069643596808123,-0.0003910446539521218,-0.0,0.0,0.0,0.0,1.0,0.0,0.0,2.0135079227987216,0.7912783215215581,6.874779329842853,0.16356126004550348,0.3011889195726754,0.764604059302312,-0.3159468998598025,-0.2353039699632468,5.24488567719102,0.0,0.0,0.0,0.0,1.0,0.0,0.0
2024-10-05 03:40:11.676958,1.0,1.0,1.0,1.0,1.0,1.0,1.0,703906.0,0.04050858489526056,0.036802597262395625,0.04547650165015325,0.03167194378429309,0.031641298451732976,0.031178004061435775,-6.676372140645982e-05,0.00027977178494135546,-0.000410120002925396,-0.0,0.0,0.0,0.0,1.0,0.0,0.0,2.0147523876582842,0.7923854582693206,6.875196016499454,0.16110329318679628,0.30559642718714497,0.7659978820259965,-0.3121505963228181,-0.2392327180721533,5.2542617200555695,0.0,0.0,0.0,0.0,1.0,0.0,0.0
2024-10-05 03:40:11.680458,1.0,1.0,1.0,1.0,1.0,1.0,1.0,703907.0,0.04063698009803077,0.036303797470909754,0.04581886408620405,0.03188563643118791,0.032067668184708895,0.031178004061435775,-9.219752003749214e-05,0.00027977178494135546,-0.00041647845258315413,-0.0,0.0,0.0,0.0,1.0,0.0,0.0,2.014076008868831,0.7924183289040185,6.874614315194358,0.16365269859458625,0.3062453093750545,0.7601383143128025,-0.31747893087745716,-0.23992757845014617,5.212988253752798,0.0,0.0,0.0,0.0,1.0,0.0,0.0
2024-10-05 03:40:11.762226,1.0,1.0,1.0,1.0,1.0,1.0,1.0,703908.0,0.04044423444177086,0.0361600194902826,0.04513154216867338,0.031763702384431956,0.03203740138402003,0.031364143052817484,-7.312217106421791e-05,0.0002670548856258393,-0.00041329922775427513,-0.0,0.0,0.0,0.0,1.0,0.0,0.0,2.0167285022458037,0.7936853005661475,6.874698717406315,0.16277042511613396,0.31018426864096044,0.7572427886801806,-0.31657967493916955,-0.24338302997596292,5.19316728824535,0.0,0.0,0.0,0.0,1.0,0.0,0.0
2024-10-05 03:40:11.765227,1.0,1.0,1.0,1.0,1.0,1.0,1.0,703909.0,0.04050858489526056,0.03630379747090976,0.044316195568033935,0.03185519667586617,0.03188563643118791,0.030990747087997286,-6.676372140645982e-05,0.0002734133352835974,-0.00041012000292539613,-0.0,0.0,0.0,0.0,1.0,0.0,0.0,2.0171899476880393,0.793513424268267,6.875371624753612,0.16422029721624323,0.30844282585248367,0.7550827193931584,-0.31969008174594243,-0.24191670504076712,5.179313723536385,0.0,0.0,0.0,0.0,1.0,0.0,0.0
2024-10-05 03:40:11.847419,1.0,1.0,1.0,1.0,1.0,1.0,1.0,703910.0,0.041209808385968265,0.03771144022072075,0.044550674429986614,0.03242866644143693,0.03182472780550264,0.031084516582433108,-6.358449657758079e-05,0.00030520558357238775,-0.000403761553267638,-0.0,0.0,0.0,0.0,1.0,0.0,0.0,2.019905407081314,0.7948572999356197,6.874380047168498,0.16623316325848198,0.30809485554370875,0.7507060093053651,-0.3237436060187348,-0.24201895749012453,5.1491356635746,0.0,0.0,0.0,0.0,1.0,0.0,0.0
2024-10-05 03:40:11.931039,1.0,1.0,1.0,1.0,1.0,1.0,1.0,703911.0,0.04089256110871732,0.037780445658522906,0.04484204885310999,0.032874340109372714,0.03182472780550264,0.03142594437984583,-6.994294623533886e-05,0.0002988471339146297,-0.00042919535189867025,-0.0,0.0,0.0,0.0,1.0,0.0,0.0,2.0202400703609302,0.7955708171100182,6.874799031263939,0.16950489928998355,0.3080857089068439,0.7445089499366756,-0.33077163364751316,-0.24232596926028951,5.107138965676497,0.0,0.0,0.0,0.0,1.0,0.0,0.0
2024-10-05 03:40:11.934039,1.0,1.0,1.0,1.0,1.0,1.0,1.0,703912.0,0.04152463197171362,0.0378493252884673,0.04507379225100919,0.033226575237181734,0.0316106234096681,0.031364143052817484,-5.0867597262064634e-05,0.0002861302345991135,-0.00043237457672754936,-0.0,0.0,0.0,0.0,1.0,0.0,0.0,2.0192771914983476,0.7962890341495092,6.873632480736291,0.1693074818274844,0.3067104736711583,0.7440195996311065,-0.33008114680632206,-0.2413490409905345,5.1023782615295,0.0,0.0,0.0,0.0,1.0,0.0,0.0
2024-10-05 03:40:12.016381,1.0,1.0,1.0,1.0,1.0,1.0,1.0,703913.0,0.041019754451988084,0.03832801689680105,0.0446091015690999,0.033168129149298335,0.03173314566510837,0.03139505892336215,-6.358449657758079e-05,0.0002893094594279926,-0.00043237457672754936,-0.0,0.0,0.0,0.0,1.0,0.0,0.0,2.018226095975312,0.7960522828641478,6.872963950806194,0.17523885526218388,0.3064318517949152,0.7489106705782805,-0.34365448555537015,-0.24098309160664363,5.135785589673952,0.0,0.0,0.0,0.0,1.0,0.0,0.0
2024-10-05 03:40:12.019881,1.0,1.0,1.0,1.0,1.0,1.0,1.0,703914.0,0.04139898983206045,0.038733615672373205,0.044550674429986614,0.03331405211143558,0.032067668184708895,0.031549183850304155,-6.358449657758079e-05,0.00030202635874350875,-0.00041965767741203324,-0.0,0.0,0.0,0.0,1.0,0.0,0.0,2.019609379493913,0.795774980999204,6.873637027981662,0.17843773551511716,0.304876167462906,0.7532737921384033,-0.3516223904481432,-0.23951039770848045,5.166435503792746,0.0,0.0,0.0,0.0,1.0,0.0,0.0
2024-10-05 03:40:12.101340,1.0,1.0,1.0,1.0,1.0,1.0,1.0,703915.0,0.04214722489965787,0.03839591423416136,0.04507379225100918,0.033690494027434716,0.032097906445255474,0.03151841915858901,-7.312217106421791e-05,0.0002861302345991135,-0.0004260161270697913,-0.0,0.0,0.0,0.0,1.0,0.0,0.0,2.020018735236099,0.7944353335319616,6.873716137138959,0.17841856190565678,0.30694324298085746,0.7561460269946733,-0.3523248582569766,-0.24070869632824163,5.186436650605772,0.0,0.0,0.0,0.0,1.0,0.0,0.0
2024-10-05 03:40:12.104340,1.0,1.0,1.0,1.0,1.0,1.0,1.0,703916.0,0.041774782619765874,0.03832801689680105,0.04466745228281863,0.0333431600699038,0.032398736885968185,0.030928076150071922,-6.358449657758079e-05,0.0002734133352835974,-0.0003910446539521219,-0.0,0.0,0.0,0.0,1.0,0.0,0.0,2.0210199249414638,0.7943527601728732,6.873135068515023,0.18077500288924142,0.30404862349789036,0.7553936984847224,-0.3577095546644847,-0.23830399542966477,5.181787147837282,0.0,0.0,0.0,0.0,1.0,0.0,0.0
2024-10-05 03:40:12.186659,1.0,1.0,1.0,1.0,1.0,1.0,1.0,703917.0,0.04183708658073959,0.038463691717159486,0.045304350237362054,0.033168129149298335,0.03224867245309928,0.0313331966781849,-2.225457380215327e-05,0.00027977178494135546,-0.0003783277546366057,-0.0,0.0,0.0,0.0,1.0,0.0,0.0,2.022879475516623,0.7948310842285038,6.874056815192981,0.18205245631882724,0.30531270335572913,0.7558739536497809,-0.3602313317789821,-0.2392551198322902,5.1855455088398505,0.0,0.0,0.0,0.0,1.0,0.0,0.0
2024-10-05 03:40:12.269691,1.0,1.0,1.0,1.0,1.0,1.0,1.0,703918.0,0.041712385598201944,0.038055216156251626,0.04598908955455483,0.03325575976212062,0.03227874115189541,0.0313331966781849,-3.4971473117669426e-05,0.0002765925601124764,-0.00039740310360987996,-0.0,0.0,0.0,0.0,1.0,0.0,0.0,2.023853510449619,0.796509965920706,6.8754696557779145,0.18440986448375773,0.3011858519437863,0.7534575790844287,-0.3653048216057871,-0.23635019145670275,5.170099896833938,0.0,0.0,0.0,0.0,1.0,0.0,0.0
2024-10-05 03:40:12.272694,1.0,1.0,1.0,1.0,1.0,1.0,1.0,703919.0,0.041461858493688546,0.03825999906698716,0.04570502822314875,0.033430331878977426,0.032398736885968185,0.03170255949350469,-4.450914760430654e-05,0.0002734133352835974,-0.00038786542912324284,-0.0,0.0,0.0,0.0,1.0,0.0,0.0,2.0262956919347195,0.7970496886258498,6.876552273765242,0.18600652398296147,0.30175880311760606,0.7534884800768349,-0.3690905214186895,-0.23691067912178929,5.171031043845624,0.0,0.0,0.0,0.0,1.0,0.0,0.0
2024-10-05 03:40:12.355650,1.0,1.0,1.0,1.0,1.0,1.0,1.0,703920.0,0.04139898983206045,0.03729472643293347,0.045131542168673384,0.03284481667269478,0.03233879467572394,0.0316106234096681,-6.358449657758078e-05,0.00023844186216592797,-0.0003815069794654848,-0.0,0.0,0.0,0.0,1.0,0.0,0.0,2.025505009257786,0.7965399975962358,6.878209350872677,0.18082623285539556,0.3005530991259951,0.7538781387093684,-0.35738642809333515,-0.23587283883876187,5.1747982065910065,0.0,0.0,0.0,0.0,1.0,0.0,0.0
2024-10-05 03:40:12.359147,1.0,1.0,1.0,1.0,1.0,1.0,1.0,703921.0,0.04164989509779679,0.037224820604963814,0.04513154216867338,0.032815266674204355,0.03227874115189541,0.03120910432259612,-8.265984555085502e-05,0.00026069643596808123,-0.0003433562815189363,-0.0,0.0,0.0,0.0,1.0,0.0,0.0,2.0267909429080424,0.7966184734148876,6.879206434582499,0.18228150856344127,0.3050055429086446,0.7579976598531096,-0.36071215168643544,-0.23902139844614329,5.204569695843193,0.0,0.0,0.0,0.0,1.0,0.0,0.0
2024-10-05 03:40:12.440534,1.0,1.0,1.0,1.0,1.0,1.0,1.0,703922.0,0.04076497090344803,0.037780445658522906,0.044958069872003174,0.03299216966314644,0.03251828982682399,0.03095942747707764,-0.00010491441935300828,0.00025751721113920217,-0.0003497147311766943,-0.0,0.0,0.0,0.0,1.0,0.0,0.0,2.026429083931752,0.7965596172757097,6.880539945077011,0.18142082395870757,0.3046507655143699,0.759811554077547,-0.35744153465703576,-0.23887687197880664,5.218539495703309,0.0,0.0,0.0,0.0,1.0,0.0,0.0
2024-10-05 03:40:12.524295,1.0,1.0,1.0,1.0,1.0,1.0,1.0,703923.0,0.04133602555253029,0.03757304914762413,0.04553374081900147,0.03305092691301418,0.03260766687993288,0.030896693010431804,-0.00010809364418188733,0.00026387566079696023,-0.00036243163049221044,-0.0,0.0,0.0,0.0,1.0,0.0,0.0,2.0295627149668563,0.7970927709499778,6.883455294544361,0.17847630663349826,0.3050137217127704,0.7569293244352859,-0.35171759898005567,-0.23945643499286642,5.201478845894974,0.0,0.0,0.0,0.0,1.0,0.0,0.0
2024-10-05 03:40:12.527261,1.0,1.0,1.0,1.0,1.0,1.0,1.0,703924.0,0.04133602555253029,0.03722482060496381,0.04581886408620406,0.033168129149298335,0.03242866644143693,0.030802351742838057,-0.00013034821798404061,0.0002638756607969603,-0.0003656108553210895,-0.0,0.0,0.0,0.0,1.0,0.0,0.0,2.0287092555451234,0.7952278424171605,6.884286835671531,0.1778750327295956,0.3075512837866274,0.7563402731832555,-0.3502671007811608,-0.24114115921676993,5.198222217875354,0.0,0.0,0.0,0.0,1.0,0.0,0.0
2024-10-05 03:40:12.608671,1.0,1.0,1.0,1.0,1.0,1.0,1.0,703925.0,0.04057283328598263,0.03757304914762413,0.04541919034616077,0.032785690042080325,0.03248844283583844,0.03054935072925873,-0.00011763131866852446,0.00027023411045471834,-0.000324280932545662,-0.0,0.0,0.0,0.0,1.0,0.0,0.0,2.0301928797129234,0.7954752642695956,6.884958805915939,0.17648781746390763,0.3069448985336682,0.7566070805561501,-0.3477379328100009,-0.24078550446565833,5.200762418513627,0.0,0.0,0.0,0.0,1.0,0.0,0.0
2024-10-05 03:40:12.612171,1.0,1.0,1.0,1.0,1.0,1.0,1.0,703926.0,0.04082881584609787,0.038055216156251626,0.04536180663361167,0.03296275176192149,0.03191604715477278,0.030990747087997286,-0.00011127286901076638,0.00029566790908575063,-0.00034653550634781527,-0.0,0.0,0.0,0.0,1.0,0.0,0.0,2.027511753343139,0.7946934375777639,6.885951129714908,0.17697901505694932,0.308056317874785,0.7583321667527355,-0.3475548603442761,-0.24148422743360526,5.2134732453415085,0.0,0.0,0.0,0.0,1.0,0.0,0.0
2024-10-05 03:40:12.694425,1.0,1.0,1.0,1.0,1.0,1.0,1.0,703927.0,0.04050858489526056,0.038055216156251626,0.04437493143949452,0.03290383705573704,0.03148762440853117,0.03086527796111811,-0.0001367066676417987,0.00030520558357238775,-0.0003433562815189362,-0.0,0.0,0.0,0.0,1.0,0.0,0.0,2.0289245075455598,0.7950038804335846,6.886947092579623,0.17590738120049282,0.30961198838740983,0.764961102142501,-0.34589758426912665,-0.24303987344732672,5.260124551271255,0.0,0.0,0.0,0.0,1.0,0.0,0.0
2024-10-05 03:40:12.697925,1.0,1.0,1.0,1.0,1.0,1.0,1.0,703928.0,0.04025056580563931,0.038055216156251626,0.04484204885310999,0.032667115729434024,0.03148762440853117,0.030676112065162197,-0.00013352744281291964,0.0002988471339146297,-0.0003528939560055733,-0.0,0.0,0.0,0.0,1.0,0.0,0.0,2.02769901704433,0.7937849535369245,6.8872825779344815,0.17410402909310635,0.31193968503991154,0.7684086191101758,-0.3419339088430029,-0.24476234676074932,5.284551544909256,0.0,0.0,0.0,0.0,1.0,0.0,0.0
2024-10-05 03:40:12.779373,1.0,1.0,1.0,1.0,1.0,1.0,1.0,703929.0,0.04044423444177086,0.03722482060496381,0.04541919034616077,0.03257790177388484,0.03145679951185349,0.03054935072925873,-0.00013988589247067773,0.0002861302345991135,-0.0003656108553210895,-0.0,0.0,0.0,0.0,1.0,0.0,0.0,2.0279990012181033,0.7957095156975132,6.888113657027547,0.17370260990403127,0.31146082411133896,0.7665720395849903,-0.3412263378736804,-0.24507158314722977,5.272129295814453,0.0,0.0,0.0,0.0,1.0,0.0,0.0
2024-10-05 03:40:12.862258,1.0,1.0,1.0,1.0,1.0,1.0,1.0,703930.0,0.04037978143756249,0.036802597262395625,0.045246820880521094,0.03308026640118225,0.03120910432259612,0.03039015553037446,-0.00011127286901076637,0.000321101707716783,-0.0003656108553210895,-0.0,0.0,0.0,0.0,1.0,0.0,0.0,2.026780661899305,0.796934703135979,6.88987334054874,0.18099563269028512,0.30998955258880934,0.7671591459068399,-0.3558943098043194,-0.24408774342773093,5.277677636091511,0.0,0.0,0.0,0.0,1.0,0.0,0.0
2024-10-05 03:40:12.865758,1.0,1.0,1.0,1.0,1.0,1.0,1.0,703931.0,0.04050858489526056,0.036873303566316074,0.04518921828443541,0.032815266674204355,0.031115710284795706,0.030517578125,-8.583907037973408e-05,0.00031156403323014586,-0.0003656108553210895,-0.0,0.0,0.0,0.0,1.0,0.0,0.0,2.028470723409892,0.7983327487637211,6.892288712380871,0.17870982759315263,0.3062279613397156,0.7664049399429236,-0.35170144633115663,-0.24169815646306286,5.274291849960555,0.0,0.0,0.0,0.0,1.0,0.0,0.0
2024-10-05 03:40:12.948042,1.0,1.0,1.0,1.0,1.0,1.0,1.0,703932.0,0.04057283328598263,0.03666077555081008,0.044900096837092805,0.03242866644143693,0.03120910432259612,0.03054935072925873,-9.53767448663712e-05,0.000321101707716783,-0.0003338186070322991,-0.0,0.0,0.0,0.0,1.0,0.0,0.0,2.0280759167921567,0.7974872029020488,6.892458594513357,0.18319451744833656,0.3067058044333314,0.7642165952524457,-0.36131217570367635,-0.2418075074990752,5.259700999463959,0.0,0.0,0.0,0.0,1.0,0.0,0.0
2024-10-05 03:40:12.951542,1.0,1.0,1.0,1.0,1.0,1.0,1.0,703933.0,0.03972950091039699,0.036731754853566174,0.044900096837092805,0.03245856839932655,0.031146872746571578,0.030485772407004817,-8.265984555085502e-05,0.00032746015737454104,-0.00029566790908575063,-0.0,0.0,0.0,0.0,1.0,0.0,0.0,2.0288449121555807,0.7986809125874738,6.891540064987815,0.18226604835870475,0.30653374616598444,0.7658307777505172,-0.35936556914247975,-0.24199618355882718,5.269836944347792,0.0,0.0,0.0,0.0,1.0,0.0,0.0
2024-10-05 03:40:13.033033,1.0,1.0,1.0,1.0,1.0,1.0,1.0,703934.0,0.03966388649582423,0.036802597262395625,0.04513154216867338,0.0321582976678794,0.0313331966781849,0.03010148260279399,-6.358449657758079e-05,0.00031474325805902487,-0.00029566790908575063,-0.0,0.0,0.0,0.0,1.0,0.0,0.0,2.027429533055068,0.8001214831053256,6.890046306511851,0.182271314550202,0.3100874473260129,0.7666133894914443,-0.35925805583298887,-0.24510218739153158,5.273989592308999,0.0,0.0,0.0,0.0,1.0,0.0,0.0
2024-10-05 03:40:13.115609,1.0,1.0,1.0,1.0,1.0,1.0,1.0,703935.0,0.04037978143756249,0.03729472643293347,0.044958069872003174,0.03221857569203676,0.0316106234096681,0.030517578125,-6.676372140645984e-05,0.00034653550634781527,-0.00032746015737454104,-0.0,0.0,0.0,0.0,1.0,0.0,0.0,2.028880714504914,0.8025382374767858,6.890037989747489,0.18205049676277046,0.31181911280287894,0.7695215620952781,-0.3588967238946828,-0.24722072861824237,5.293988077152031,0.0,0.0,0.0,0.0,1.0,0.0,0.0
2024-10-05 03:40:13.119109,1.0,1.0,1.0,1.0,1.0,1.0,1.0,703936.0,0.04076497090344803,0.03764230828317237,0.044900096837092805,0.03218845078999174,0.03173314566510837,0.030358216314476834,-9.219752003749214e-05,0.00034653550634781527,-0.0003401770566900572,-0.0,0.0,0.0,0.0,1.0,0.0,0.0,2.029416405770678,0.8039059071725783,6.888382245647716,0.17769513340820076,0.3148607968839909,0.769221399442231,-0.3497927949203476,-0.24985934014253924,5.290614768216932,0.0,0.0,0.0,0.0,1.0,0.0,0.0
2024-10-05 03:40:13.201778,1.0,1.0,1.0,1.0,1.0,1.0,1.0,703937.0,0.04063698009803076,0.03832801689680105,0.044958069872003174,0.032368779656366614,0.03224867245309928,0.03026219641244205,-7.948062072197598e-05,0.00038468620429436373,-0.0003528939560055733,-0.0,0.0,0.0,0.0,1.0,0.0,0.0,2.0313910774918202,0.8054030033483595,6.88771212204736,0.17895400107722467,0.31097424384205724,0.7620397590205519,-0.35208300797983216,-0.2470633717078463,5.240379298414362,0.0,0.0,0.0,0.0,1.0,0.0,0.0
2024-10-05 03:40:13.204780,1.0,1.0,1.0,1.0,1.0,1.0,1.0,703938.0,0.04063698009803076,0.03825999906698716,0.045246820880521094,0.032756086704177324,0.03233879467572394,0.03039015553037446,-7.630139589309694e-05,0.00038468620429436373,-0.0003656108553210895,-0.0,0.0,0.0,0.0,1.0,0.0,0.0,2.029477866628329,0.8043435257372672,6.88662974556441,0.18227439815854973,0.31122831643141224,0.7583048544086785,-0.3581326964527046,-0.24680534775518348,5.213333140772197,0.0,0.0,0.0,0.0,1.0,0.0,0.0
2024-10-05 03:40:13.286504,1.0,1.0,1.0,1.0,1.0,1.0,1.0,703939.0,0.04089256110871732,0.03859888964444313,0.04536180663361167,0.03251828982682399,0.03248844283583844,0.030422061214259163,-7.312217106421791e-05,0.00038468620429436373,-0.000406940778096517,-0.0,0.0,0.0,0.0,1.0,0.0,0.0,2.027732126150849,0.8048132707096135,6.885712708125977,0.17911422470450816,0.31007135716316364,0.758677557644374,-0.35031328364765646,-0.24592754948182888,5.215472309112381,0.0,0.0,0.0,0.0,1.0,0.0,0.0
2024-10-05 03:40:13.370096,1.0,1.0,1.0,1.0,1.0,1.0,1.0,703940.0,0.04050858489526056,0.03886787470812279,0.04541919034616077,0.032398736885968185,0.03296275176192149,0.030485772407004817,-8.90182952086131e-05,0.0003369978318611782,-0.00041965767741203324,-0.0,0.0,0.0,0.0,1.0,0.0,0.0,2.025589590281187,0.8035962579958441,6.882291725098457,0.17471313967383442,0.3134781475270806,0.7592111294620821,-0.3418563984165035,-0.2483911459408931,5.216716626591008,0.0,0.0,0.0,0.0,1.0,0.0,0.0
2024-10-05 03:40:13.373094,1.0,1.0,1.0,1.0,1.0,1.0,1.0,703941.0,0.04063698009803076,0.03866631133712533,0.04541919034616077,0.032785690042080325,0.03299216966314644,0.030833830904597324,-0.00010809364418188734,0.0003401770566900572,-0.0004355538015564284,-0.0,0.0,0.0,0.0,1.0,0.0,0.0,2.0247344561216716,0.8048262160944112,6.880787630946769,0.17133729247428137,0.3147795031924139,0.7594709571036845,-0.3338204471785505,-0.249933109933476,5.217334498002659,0.0,0.0,0.0,0.0,1.0,0.0,0.0
2024-10-05 03:40:13.455166,1.0,1.0,1.0,1.0,1.0,1.0,1.0,703942.0,0.04089256110871732,0.03798670986099516,0.04598908955455482,0.03290383705573704,0.03305092691301418,0.03073929670896773,-0.00010809364418188733,0.0003083848084012668,-0.0004482707008719446,-0.0,0.0,0.0,0.0,1.0,0.0,0.0,2.0243260539846983,0.8067734608216998,6.8792034055402205,0.16689126067959856,0.3203689257514047,0.7567455768774242,-0.324733122925428,-0.25463683614766025,5.19764320786138,0.0,0.0,0.0,0.0,1.0,0.0,0.0
2024-10-05 03:40:13.458671,1.0,1.0,1.0,1.0,1.0,1.0,1.0,703943.0,0.041587310697157,0.038055216156251626,0.04598908955455482,0.032756086704177324,0.03308026640118225,0.030896693010431804,-0.0001144520938396454,0.00031474325805902487,-0.0004705252746740978,-0.0,0.0,0.0,0.0,1.0,0.0,0.0,2.023231380810432,0.8094509393910709,6.878786961633626,0.16799706768950415,0.3197702330677541,0.7549123320660412,-0.3272314301275313,-0.2548530402573194,5.1847292092224455,0.0,0.0,0.0,0.0,1.0,0.0,0.0
2024-10-05 03:40:13.540720,1.0,1.0,1.0,1.0,1.0,1.0,1.0,703944.0,0.041336025552530284,0.038055216156251626,0.045419190346160765,0.03310957989067469,0.03305092691301418,0.03095942747707764,-0.00013034821798404061,0.000324280932545662,-0.00046416682501633976,-0.0,0.0,0.0,0.0,1.0,0.0,0.0,2.024051118160675,0.8120720700900285,6.878533145049233,0.16797123245556603,0.31438388728562955,0.7533082370810276,-0.32702241081366595,-0.25107107056667,5.173665813806585,0.0,0.0,0.0,0.0,1.0,0.0,0.0
2024-10-05 03:40:13.543720,1.0,1.0,1.0,1.0,1.0,1.0,1.0,703945.0,0.04044423444177086,0.037503662109375,0.04553374081900146,0.03313886745048406,0.03305092691301418,0.030802351742838057,-0.00013352744281291964,0.00030520558357238775,-0.0004514499257008236,-0.0,0.0,0.0,0.0,1.0,0.0,0.0,2.0244775881203125,0.8146617994610925,6.879202648279443,0.165763478057356,0.31041011720638656,0.7490558629988677,-0.3220069775852408,-0.2485598698416496,5.144730023330715,0.0,0.0,0.0,0.0,1.0,0.0,0.0
2024-10-05 03:40:13.624883,1.0,1.0,1.0,1.0,1.0,1.0,1.0,703946.0,0.04070102581168387,0.03722482060496381,0.04610222401715648,0.03299216966314644,0.03325575976212062,0.030833830904597324,-9.855596969525022e-05,0.0002893094594279926,-0.00045462915052970265,-0.0,0.0,0.0,0.0,1.0,0.0,0.0,2.0258538870453595,0.8155763586129373,6.881945399028678,0.1645631980332132,0.3074322963087227,0.7503061656063094,-0.319421744236543,-0.24673345353868278,5.155211410336696,0.0,0.0,0.0,0.0,1.0,0.0,0.0
2024-10-05 03:40:13.709145,1.0,1.0,1.0,1.0,1.0,1.0,1.0,703947.0,0.04108320345271294,0.036447008273383014,0.04649602686012361,0.032696799620819436,0.03325575976212062,0.031084516582433108,-0.00010491441935300831,0.00026069643596808123,-0.0004673460498452188,-0.0,0.0,0.0,0.0,1.0,0.0,0.0,2.0251402035587827,0.8166238660988222,6.880370525795348,0.16648459807860444,0.3089842311528397,0.7556626027670149,-0.3227137516456942,-0.24824521699805324,5.191123147608154,0.0,0.0,0.0,0.0,1.0,0.0,0.0
2024-10-05 03:40:13.712642,1.0,1.0,1.0,1.0,1.0,1.0,1.0,703948.0,0.04089256110871732,0.036873303566316074,0.04638385292864447,0.03290383705573704,0.033168129149298335,0.031115710284795706,-0.0001208105434974035,0.00027977178494135546,-0.0004355538015564284,-0.0,0.0,0.0,0.0,1.0,0.0,0.0,2.0259591685671996,0.8188762552041742,6.878615984525609,0.16173428009245655,0.3093546470107574,0.7550511392490138,-0.31465432418736117,-0.249549794664756,5.185600241129729,0.0,0.0,0.0,0.0,1.0,0.0,0.0
2024-10-05 03:40:13.794621,1.0,1.0,1.0,1.0,1.0,1.0,1.0,703949.0,0.04076497090344803,0.037503662109375,0.04632766410980066,0.03290383705573704,0.03305092691301418,0.031084516582433108,-9.537674486637115e-05,0.0003083848084012668,-0.00041965767741203324,-0.0,0.0,0.0,0.0,1.0,0.0,0.0,2.026588027834236,0.8176190622936003,6.878954905340287,0.1615003683997224,0.3127590525410695,0.7539614218663473,-0.3141824279771127,-0.2519074485027864,5.177801686730966,0.0,0.0,0.0,0.0,1.0,0.0,0.0
2024-10-05 03:40:13.797619,1.0,1.0,1.0,1.0,1.0,1.0,1.0,703950.0,0.04070102581168386,0.037224820604963814,0.046607930817067524,0.03254810944778678,0.03257790177388484,0.031146872746571578,-7.9480620721976e-05,0.00032746015737454104,-0.00042919535189867036,-0.0,0.0,0.0,0.0,1.0,0.0,0.0,2.0289011108461463,0.8182033336968509,6.881037579077994,0.1600954602945414,0.3110887581108065,0.7542041824135552,-0.3119033527178389,-0.25086287970160265,5.180743954176997,0.0,0.0,0.0,0.0,1.0,0.0,0.0
2024-10-05 03:40:13.879257,1.0,1.0,1.0,1.0,1.0,1.0,1.0,703951.0,0.0401858021823441,0.0373645014732293,0.04705288535396546,0.032398736885968185,0.03260766687993288,0.03086527796111811,-8.583907037973405e-05,0.00030520558357238775,-0.00044509147604306553,-0.0,0.0,0.0,0.0,1.0,0.0,0.0,2.0285320685527095,0.8161034720278418,6.881706081673081,0.16243116588323706,0.307651005500621,0.7567404184431634,-0.3163105005703244,-0.24743152468143334,5.198426785853926,0.0,0.0,0.0,0.0,1.0,0.0,0.0
2024-10-05 03:40:13.962923,1.0,1.0,1.0,1.0,1.0,1.0,1.0,703952.0,0.04037978143756249,0.03715478325109878,0.04710820916537822,0.032308781866774994,0.03218845078999174,0.03064447088906264,-5.722604691982271e-05,0.000321101707716783,-0.0004482707008719446,-0.0,0.0,0.0,0.0,1.0,0.0,0.0,2.03102747321707,0.8157819014766085,6.883875239772476,0.16152698438856875,0.3018132985920963,0.7572949879107775,-0.3161762035532473,-0.2432458607226979,5.203547263866743,0.0,0.0,0.0,0.0,1.0,0.0,0.0
2024-10-05 03:40:13.965872,1.0,1.0,1.0,1.0,1.0,1.0,1.0,703953.0,0.04044423444177086,0.03666077555081008,0.046663782162231125,0.0321582976678794,0.03218845078999174,0.0303262434606198,-5.722604691982271e-05,0.0002893094594279926,-0.00044509147604306553,-0.0,0.0,0.0,0.0,1.0,0.0,0.0,2.032314894986339,0.8123604300101691,6.885040054842616,0.16336240989617135,0.30369972548165775,0.7586101687265545,-0.3195802470976876,-0.24382346405584462,5.213519524930453,0.0,0.0,0.0,0.0,1.0,0.0,0.0
2024-10-05 03:40:14.048190,1.0,1.0,1.0,1.0,1.0,1.0,1.0,703954.0,0.040055960801949016,0.036447008273383014,0.046886522244954286,0.03194642892952922,0.032067668184708895,0.030294236862297798,-4.7688372433185584e-05,0.0002861302345991135,-0.00041965767741203324,-0.0,0.0,0.0,0.0,1.0,0.0,0.0,2.03443768932674,0.8106501143393797,6.887134503433807,0.165546732608677,0.3054792491271922,0.7618962425631306,-0.3239449380006065,-0.24500799654799024,5.237527386556523,0.0,0.0,0.0,0.0,1.0,0.0,0.0
2024-10-05 03:40:14.051185,1.0,1.0,1.0,1.0,1.0,1.0,1.0,703955.0,0.04025056580563931,0.036518403069078165,0.04699749641733918,0.03227874115189541,0.03167194378429309,0.030517578125,-3.815069794654847e-05,0.00027023411045471834,-0.00043237457672754936,-0.0,0.0,0.0,0.0,1.0,0.0,0.0,2.0338522387611904,0.8069657007490365,6.886802792992252,0.17025857842623124,0.3055185654859276,0.7640895801735222,-0.33384304658890807,-0.24405509539603917,5.253373585096198,0.0,0.0,0.0,0.0,1.0,0.0,0.0
2024-10-05 03:40:14.133120,1.0,1.0,1.0,1.0,1.0,1.0,1.0,703956.0,0.03946638873835309,0.036589658557456724,0.046496026860123614,0.032097906445255474,0.03157991857152382,0.030612797008878905,-6.994294623533886e-05,0.0002734133352835974,-0.00041012000292539613,-0.0,0.0,0.0,0.0,1.0,0.0,0.0,2.037079157013239,0.8067966536523057,6.885721030114534,0.17667484405753225,0.3053204200166181,0.7626693437984158,-0.34853664155775144,-0.2437293426001468,5.242448149534488,0.0,0.0,0.0,0.0,1.0,0.0,0.0
2024-10-05 03:40:14.136620,1.0,1.0,1.0,1.0,1.0,1.0,1.0,703957.0,0.039400336158606504,0.03701431097784901,0.04615868726430257,0.032097906445255474,0.03142594437984583,0.03010148260279399,-6.040527174870175e-05,0.00024480031182368605,-0.0003592524056633315,-0.0,0.0,0.0,0.0,1.0,0.0,0.0,2.0365480392855537,0.8057428355821609,6.8867982544400315,0.17493201061167396,0.3060067254216218,0.7608316610619125,-0.3450691081365201,-0.24404924789322893,5.230310478909786,0.0,0.0,0.0,0.0,1.0,0.0,0.0
2024-10-05 03:40:14.218093,1.0,1.0,1.0,1.0,1.0,1.0,1.0,703958.0,0.03979500713939933,0.037084613626145846,0.04627140705916456,0.031549183850304155,0.031115710284795706,0.02964684940754005,-4.1329922775427505e-05,0.00021618728836377468,-0.0003592524056633315,-0.0,0.0,0.0,0.0,1.0,0.0,0.0,2.0401274883650284,0.8063641904813166,6.889465102935173,0.17666657825917803,0.30249244191060065,0.7651420214281495,-0.34911238613775747,-0.24105263294445148,5.262445393806983,0.0,0.0,0.0,0.0,1.0,0.0,0.0
2024-10-05 03:40:14.301260,1.0,1.0,1.0,1.0,1.0,1.0,1.0,703959.0,0.03959816335788845,0.036802597262395625,0.04638385292864447,0.03218845078999174,0.031364143052817484,0.029744855788601574,-5.0867597262064614e-05,0.0001875742649038633,-0.00034653550634781527,-0.0,0.0,0.0,0.0,1.0,0.0,0.0,2.040670294829981,0.8052542254923718,6.888054376733569,0.17944333932481393,0.29830768685038367,0.7699610669973475,-0.3560412164849538,-0.23746278767910917,5.2950534034317265,0.0,0.0,0.0,0.0,1.0,0.0,0.0
2024-10-05 03:40:14.304761,1.0,1.0,1.0,1.0,1.0,1.0,1.0,703960.0,0.040055960801949016,0.036873303566316074,0.046045691532351565,0.0321582976678794,0.032097906445255474,0.029712222914499722,-7.312217106421791e-05,0.00020029116421937945,-0.0003528939560055733,-0.0,0.0,0.0,0.0,1.0,0.0,0.0,2.043334155514943,0.8057428355821609,6.888967321520481,0.17844637950693282,0.3014020432907107,0.7695736588218232,-0.3543595327101922,-0.23994107543703544,5.2929905364874354,0.0,0.0,0.0,0.0,1.0,0.0,0.0
2024-10-05 03:40:14.387076,1.0,1.0,1.0,1.0,1.0,1.0,1.0,703961.0,0.040315225390783915,0.03694387454679471,0.04587567609077438,0.03197678183797181,0.03221857569203676,0.02958133142821319,-4.76883724331856e-05,0.00022572496285041177,-0.0003306393822034201,-0.0,0.0,0.0,0.0,1.0,0.0,0.0,2.0444765266593214,0.8044780694233857,6.888474797827276,0.177318085227255,0.3026819077277768,0.7662385976793759,-0.3522412143656454,-0.24051215421023245,5.268742243881021,0.0,0.0,0.0,0.0,1.0,0.0,0.0
2024-10-05 03:40:14.390076,1.0,1.0,1.0,1.0,1.0,1.0,1.0,703962.0,0.04063698009803077,0.037503662109375,0.04564800383634771,0.03173314566510837,0.03242866644143693,0.029449858193388034,-7.9480620721976e-05,0.0002289041876792908,-0.00029566790908575063,-0.0,0.0,0.0,0.0,1.0,0.0,0.0,2.0460249579842107,0.8033719828741723,6.887221021349983,0.1778265751233807,0.29955944359303904,0.7669651401043261,-0.35104896300157723,-0.23750907567870108,5.2730268675205405,0.0,0.0,0.0,0.0,1.0,0.0,0.0
2024-10-05 03:40:14.472037,1.0,1.0,1.0,1.0,1.0,1.0,1.0,703963.0,0.04050858489526056,0.037918079796158174,0.04598908955455482,0.03188563643118791,0.03305092691301418,0.02977745290061739,-9.219752003749215e-05,0.00023208341250816986,-0.00031474325805902487,-0.0,0.0,0.0,0.0,1.0,0.0,0.0,2.0447512637668224,0.8017957843385574,6.886140080670887,0.17532275437346753,0.29925425087895635,0.7683066993057942,-0.34537393734360805,-0.23683782609145132,5.281378972902703,0.0,0.0,0.0,0.0,1.0,0.0,0.0
2024-10-05 03:40:14.555864,1.0,1.0,1.0,1.0,1.0,1.0,1.0,703964.0,0.04063698009803076,0.037780445658522906,0.04649602686012361,0.03179422973639322,0.033430331878977426,0.03026219641244205,-9.219752003749215e-05,0.00020982883870601662,-0.00033699783186117815,-0.0,0.0,0.0,0.0,1.0,0.0,0.0,2.0449471384999356,0.8009707518905057,6.8872217777291285,0.17367533290736442,0.30188691308863286,0.7673167595716209,-0.34203527396902844,-0.2386023862859419,5.27520559534216,0.0,0.0,0.0,0.0,1.0,0.0,0.0
2024-10-05 03:40:14.558364,1.0,1.0,1.0,1.0,1.0,1.0,1.0,703965.0,0.04076497090344803,0.03743414645719283,0.046552012463619064,0.03139505892336215,0.033546208593426816,0.02990748606458951,-0.00012716899315516158,0.0002257249628504118,-0.00033699783186117815,-0.0,0.0,0.0,0.0,1.0,0.0,0.0,2.0430974741793353,0.7999054037678095,6.887716659997402,0.16919912333424547,0.30278674233535363,0.7681744870414186,-0.3323614458148355,-0.23896723387498459,5.281202126418934,0.0,0.0,0.0,0.0,1.0,0.0,0.0
2024-10-05 03:40:14.640328,1.0,1.0,1.0,1.0,1.0,1.0,1.0,703966.0,0.04139898983206046,0.036802597262395625,0.04705288535396546,0.03167194378429309,0.03357511528435138,0.02977745290061739,-0.00014306511729955676,0.00021936651319265368,-0.00032746015737454104,-0.0,0.0,0.0,0.0,1.0,0.0,0.0,2.0403847957631283,0.7985035877123307,6.888967321520482,0.16842124543721437,0.30250511738048447,0.7677828280089763,-0.3288932374391267,-0.23817040280433216,5.280029812495228,0.0,0.0,0.0,0.0,1.0,0.0,0.0
2024-10-05 03:40:14.643828,1.0,1.0,1.0,1.0,1.0,1.0,1.0,703967.0,0.04114655461363215,0.03666077555081008,0.04776709723644845,0.032097906445255474,0.03337224263981984,0.029810014367864183,-0.00013352744281291964,0.000244800311823686,-0.0003560731808344524,-0.0,0.0,0.0,0.0,1.0,0.0,0.0,2.037668649774079,0.7969412398437556,6.889718516787272,0.16119144505135305,0.3066146647503955,0.7678603415414448,-0.3130504283904729,-0.24067242120473112,5.281286569321797,0.0,0.0,0.0,0.0,1.0,0.0,0.0
2024-10-05 03:40:14.726172,1.0,1.0,1.0,1.0,1.0,1.0,1.0,703968.0,0.041712385598201944,0.036447008273383014,0.04782159479808185,0.032007105962223864,0.03363285413230715,0.0300692367632191,-0.0001367066676417987,0.0002511587614814441,-0.0003560731808344524,-0.0,0.0,0.0,0.0,1.0,0.0,0.0,2.036190328840136,0.796602726104157,6.890551570119389,0.15831479970548787,0.3100816370857406,0.7699148267176138,-0.30701448922392055,-0.2437072078780743,5.295583013506461,0.0,0.0,0.0,0.0,1.0,0.0,0.0
2024-10-05 03:40:14.729673,1.0,1.0,1.0,1.0,1.0,1.0,1.0,703969.0,0.04220897910845451,0.036518403069078165,0.04705288535396546,0.0313331966781849,0.03351727697218139,0.03013369393635788,-0.00015260279178619387,0.00026069643596808123,-0.0003433562815189362,-0.0,0.0,0.0,0.0,1.0,0.0,0.0,2.0335247951459623,0.7954556178448734,6.890547034036351,0.15470361233343116,0.3111971439378797,0.7666681844739504,-0.2985783194180416,-0.2442936087487105,5.273158191373657,0.0,0.0,0.0,0.0,1.0,0.0,0.0
2024-10-05 03:40:14.811289,1.0,1.0,1.0,1.0,1.0,1.0,1.0,703970.0,0.04227064309912445,0.03666077555081008,0.04749367142281465,0.03145679951185349,0.033284918697807614,0.03016587087444806,-0.00014624434212843582,0.00027023411045471834,-0.0003433562815189362,-0.0,0.0,0.0,0.0,1.0,0.0,0.0,2.032519513156711,0.7943828734016547,6.888216800601883,0.15296126294877402,0.30606469080651444,0.7694761159018181,-0.2940823761525114,-0.23972478301557548,5.29055539745485,0.0,0.0,0.0,0.0,1.0,0.0,0.0
2024-10-05 03:40:14.894181,1.0,1.0,1.0,1.0,1.0,1.0,1.0,703971.0,0.04220897910845452,0.03666077555081008,0.04743879714519196,0.031763702384431956,0.033690494027434716,0.030581090322992784,-0.000162140466272831,0.0002670548856258393,-0.00036879008014996856,-0.0,0.0,0.0,0.0,1.0,0.0,0.0,2.0312808042116473,0.7957002973001523,6.8865454895803655,0.1550826357663087,0.3069023028342881,0.7724120670246174,-0.29795357019923796,-0.24090228000092384,5.310639048516444,0.0,0.0,0.0,0.0,1.0,0.0,0.0
2024-10-05 03:40:14.897678,1.0,1.0,1.0,1.0,1.0,1.0,1.0,703972.0,0.04152463197171362,0.0361600194902826,0.04694204212496726,0.03242866644143693,0.033748035476753,0.031178004061435775,-0.00015578201661507293,0.00027023411045471834,-0.0003910446539521218,-0.0,0.0,0.0,0.0,1.0,0.0,0.0,2.029790275903473,0.7962105258607826,6.885799243906567,0.15074225508102537,0.3093895887315693,0.7715305397344665,-0.2905997897745672,-0.24316305999879814,5.304103971051758,0.0,0.0,0.0,0.0,1.0,0.0,0.0
2024-10-05 03:40:14.979759,1.0,1.0,1.0,1.0,1.0,1.0,1.0,703973.0,0.04127296521748624,0.035358791729157395,0.04738385931883414,0.032308781866774994,0.03308026640118225,0.031364143052817484,-0.00013352744281291964,0.0002734133352835974,-0.0003846862042943638,-0.0,0.0,0.0,0.0,1.0,0.0,0.0,2.0286165233660745,0.796866665448474,6.883051217298599,0.14968697594333663,0.3063665673286201,0.7722160806742733,-0.28845096811349086,-0.24069683731499097,5.30677051223439,0.0,0.0,0.0,0.0,1.0,0.0,0.0
2024-10-05 03:40:14.983259,1.0,1.0,1.0,1.0,1.0,1.0,1.0,703974.0,0.041649895097796784,0.035725213865335635,0.04683093654403021,0.03227874115189541,0.03310957989067469,0.031115710284795706,-0.0001208105434974035,0.0002893094594279926,-0.0003783277546366057,-0.0,0.0,0.0,0.0,1.0,0.0,0.0,2.0278856857995877,0.7965804388672949,6.880203373794279,0.1456792893375014,0.3046211947181978,0.772812269433182,-0.28043884424045895,-0.2390606929921764,5.308100597292891,0.0,0.0,0.0,0.0,1.0,0.0,0.0
2024-10-05 03:40:15.064840,1.0,1.0,1.0,1.0,1.0,1.0,1.0,703975.0,0.041461858493688546,0.03594327416403232,0.04716346808075752,0.032667115729434024,0.03337224263981984,0.031240173622796498,-0.0001208105434974035,0.0002893094594279926,-0.0003687900801499686,-0.0,0.0,0.0,0.0,1.0,0.0,0.0,2.0283678517401103,0.7970639617677368,6.878626587073106,0.14651226728543507,0.3035437700188544,0.7724740158419591,-0.28171250016090943,-0.2383217881548644,5.304110741623153,0.0,0.0,0.0,0.0,1.0,0.0,0.0
2024-10-05 03:40:15.147720,1.0,1.0,1.0,1.0,1.0,1.0,1.0,703976.0,0.041587310697157,0.0361600194902826,0.04683093654403021,0.03299216966314644,0.033546208593426816,0.03127121205432006,-0.00013034821798404061,0.0002988471339146297,-0.0003751485298077266,-0.0,0.0,0.0,0.0,1.0,0.0,0.0,2.0269751252793218,0.7974100137225845,6.8770395913424345,0.1447510362841236,0.30413962077537016,0.77286665481184,-0.2794321149432571,-0.23920180053122483,5.305313367521154,0.0,0.0,0.0,0.0,1.0,0.0,0.0
2024-10-05 03:40:15.151220,1.0,1.0,1.0,1.0,1.0,1.0,1.0,703977.0,0.041774782619765874,0.035725213865335635,0.046552012463619064,0.032874340109372714,0.034091244666417886,0.03148762440853117,-0.00013988589247067773,0.0002861302345991135,-0.0003942238787810009,-0.0,0.0,0.0,0.0,1.0,0.0,0.0,2.028706110308619,0.7979791051601662,6.877121691319732,0.15132919320794286,0.30300285869040056,0.7731277589304519,-0.2929182037357746,-0.23868892344008036,5.307478861188625,0.0,0.0,0.0,0.0,1.0,0.0,0.0
2024-10-05 03:40:15.233529,1.0,1.0,1.0,1.0,1.0,1.0,1.0,703978.0,0.04127296521748623,0.03579804821997391,0.04587567609077438,0.033021561356871405,0.034204882463775475,0.03173314566510837,-0.00015896124144395196,0.0002861302345991135,-0.00040694077809651707,-0.0,0.0,0.0,0.0,1.0,0.0,0.0,2.027354873587654,0.798050911901116,6.875455259995421,0.15097971119575415,0.30251916667830536,0.7718214148869149,-0.2916729043140293,-0.23817732476738548,5.297798272976346,0.0,0.0,0.0,0.0,1.0,0.0,0.0
2024-10-05 03:40:15.237029,1.0,1.0,1.0,1.0,1.0,1.0,1.0,703979.0,0.041019754451988084,0.03601566753881429,0.04598908955455483,0.03325575976212062,0.03445919735911931,0.03157991857152382,-0.00013988589247067773,0.00031156403323014586,-0.00041329922775427513,-0.0,0.0,0.0,0.0,1.0,0.0,0.0,2.029841459934817,0.8004804254778214,6.878537689054885,0.15170661529549756,0.30522372070367915,0.7726096977927498,-0.29404413714276406,-0.2410716683428482,5.306035648713295,0.0,0.0,0.0,0.0,1.0,0.0,0.0
2024-10-05 03:40:15.318518,1.0,1.0,1.0,1.0,1.0,1.0,1.0,703980.0,0.04063698009803076,0.03594327416403233,0.045932417826860104,0.03325575976212062,0.03454355292563407,0.03185519667586617,-0.0001367066676417987,0.00031474325805902487,-0.0004132992277542751,-0.0,0.0,0.0,0.0,1.0,0.0,0.0,2.0291599861269884,0.8009485861985646,6.88087649989669,0.15430757550578889,0.31013690445113606,0.7717007399005887,-0.29954672139369537,-0.24515746637350988,5.3019548697366465,0.0,0.0,0.0,0.0,1.0,0.0,0.0
2024-10-05 03:40:15.401221,1.0,1.0,1.0,1.0,1.0,1.0,1.0,703981.0,0.04095620715673985,0.03630379747090976,0.046045691532351565,0.032756086704177324,0.03397722680635423,0.03179422973639322,-0.00014306511729955676,0.00031156403323014586,-0.0004005823284387589,-0.0,0.0,0.0,0.0,1.0,0.0,0.0,2.031398626589518,0.8004765733103197,6.884133399706897,0.15767330290756418,0.31102192611176366,0.7760390214601469,-0.3059603680296168,-0.2455167229844971,5.332997540076199,0.0,0.0,0.0,0.0,1.0,0.0,0.0
2024-10-05 03:40:15.405220,1.0,1.0,1.0,1.0,1.0,1.0,1.0,703982.0,0.04108320345271294,0.036731754853566174,0.046607930817067524,0.032097906445255474,0.03392007415562166,0.03173314566510837,-0.00014624434212843582,0.00031156403323014586,-0.00040376155326763796,-0.0,0.0,0.0,0.0,1.0,0.0,0.0,2.0317722761073185,0.8003398976009731,6.885465199422468,0.1656408402358732,0.31318253588973505,0.775163277571143,-0.32226473870516315,-0.24732873184796153,5.32775020426419,0.0,0.0,0.0,0.0,1.0,0.0,0.0
2024-10-05 03:40:15.486698,1.0,1.0,1.0,1.0,1.0,1.0,1.0,703983.0,0.04139898983206045,0.037503662109375,0.04576198155144105,0.03248844283583844,0.034711649066398086,0.031364143052817484,-0.00014624434212843582,0.00036879008014996856,-0.00039422387878100085,-0.0,0.0,0.0,0.0,1.0,0.0,0.0,2.03569224657331,0.8029441630116514,6.889048523171024,0.16882941505092347,0.3135851182322424,0.7732398669919262,-0.3296549351316933,-0.24841424578478863,5.317596748411855,0.0,0.0,0.0,0.0,1.0,0.0,0.0
2024-10-05 03:40:15.490194,1.0,1.0,1.0,1.0,1.0,1.0,1.0,703984.0,0.04139898983206046,0.0373645014732293,0.04581886408620406,0.03251828982682399,0.03454355292563407,0.0316106234096681,-0.00015896124144395196,0.0003910446539521219,-0.0004132992277542751,-0.0,0.0,0.0,0.0,1.0,0.0,0.0,2.0353524457251297,0.8026043391564932,6.890716203112282,0.17074496936548478,0.3116374257902517,0.7723283210712945,-0.3344042785963157,-0.24666985642613368,5.313573414158967,0.0,0.0,0.0,0.0,1.0,0.0,0.0
2024-10-05 03:40:15.572507,1.0,1.0,1.0,1.0,1.0,1.0,1.0,703985.0,0.04127296521748623,0.03743414645719283,0.04581886408620406,0.03218845078999174,0.03443103291031149,0.031763702384431956,-0.00010809364418188734,0.000403761553267638,-0.00041647845258315413,-0.0,0.0,0.0,0.0,1.0,0.0,0.0,2.037119641561553,0.8034250482061925,6.892877991219836,0.17045525570976505,0.31005601113736275,0.7730140011281884,-0.3336094850050675,-0.24544883854428515,5.320478766183121,0.0,0.0,0.0,0.0,1.0,0.0,0.0
2024-10-05 03:40:15.575510,1.0,1.0,1.0,1.0,1.0,1.0,1.0,703986.0,0.041336025552530284,0.037503662109375,0.045419190346160765,0.03185519667586617,0.03437463478414554,0.03185519667586617,-8.583907037973405e-05,0.0004164784525831542,-0.00041965767741203314,-0.0,0.0,0.0,0.0,1.0,0.0,0.0,2.0387860892023792,0.8032254753708267,6.893543078533108,0.17033563427726794,0.3071642555603726,0.776538207079786,-0.33391178891518497,-0.24282647849399783,5.345186641811559,0.0,0.0,0.0,0.0,1.0,0.0,0.0
2024-10-05 03:40:15.657711,1.0,1.0,1.0,1.0,1.0,1.0,1.0,703987.0,0.04114655461363215,0.0378493252884673,0.04501596824740669,0.031549183850304155,0.03417650843776925,0.032067668184708895,-8.265984555085502e-05,0.00041012000292539613,-0.000410120002925396,-0.0,0.0,0.0,0.0,1.0,0.0,0.0,2.0404459262387817,0.8035844847121889,6.894797216479298,0.16892368418790676,0.30448042870287334,0.7790474037474532,-0.3319253579371504,-0.24073873916180968,5.363758844813073,0.0,0.0,0.0,0.0,1.0,0.0,0.0
2024-10-05 03:40:15.740113,1.0,1.0,1.0,1.0,1.0,1.0,1.0,703988.0,0.041019754451988084,0.037503662109375,0.04478392562861249,0.03179422973639322,0.03445919735911931,0.03248844283583844,-8.583907037973405e-05,0.000403761553267638,-0.00042601612706979125,-0.0,0.0,0.0,0.0,1.0,0.0,0.0,2.03930881705882,0.8005493524701575,6.894377936522548,0.170554374553767,0.3064390880156509,0.7786844502314028,-0.33543146048605105,-0.24141868325611465,5.360616959054637,0.0,0.0,0.0,0.0,1.0,0.0,0.0
2024-10-05 03:40:15.743613,1.0,1.0,1.0,1.0,1.0,1.0,1.0,703989.0,0.04050858489526056,0.036802597262395625,0.045246820880521094,0.03148762440853117,0.0344028454042274,0.03245856839932655,-8.583907037973405e-05,0.00037514852980772667,-0.0004514499257008236,-0.0,0.0,0.0,0.0,1.0,0.0,0.0,2.0400864893074626,0.8006963496375374,6.892131675357495,0.17072200038353005,0.30554653750681393,0.7790183270390937,-0.3357622827998418,-0.2407242665397878,5.360949806231861,0.0,0.0,0.0,0.0,1.0,0.0,0.0
2024-10-05 03:40:15.826265,1.0,1.0,1.0,1.0,1.0,1.0,1.0,703990.0,0.04076497090344802,0.03637547335010833,0.04536180663361167,0.03130221970899244,0.034091244666417886,0.032067668184708895,-8.90182952086131e-05,0.00036243163049221055,-0.0004609876001874607,-0.0,0.0,0.0,0.0,1.0,0.0,0.0,2.0378394986198134,0.7991643631332676,6.891219149782389,0.17057993892208506,0.3061591629315551,0.7759690126083969,-0.3351834536147935,-0.24066131284178735,5.33851403764108,0.0,0.0,0.0,0.0,1.0,0.0,0.0
2024-10-05 03:40:15.829265,1.0,1.0,1.0,1.0,1.0,1.0,1.0,703991.0,0.04070102581168387,0.036447008273383014,0.04518921828443541,0.03185519667586617,0.034599675713128386,0.03191604715477278,-7.630139589309694e-05,0.00036561085532108955,-0.0004482707008719446,-0.0,0.0,0.0,0.0,1.0,0.0,0.0,2.037076312223397,0.8014723205816262,6.889545542594813,0.16562536078843398,0.3044886216119805,0.770613604832483,-0.32578672476223663,-0.2402596728744009,5.301342944652915,0.0,0.0,0.0,0.0,1.0,0.0,0.0
2024-10-05 03:40:15.910969,1.0,1.0,1.0,1.0,1.0,1.0,1.0,703992.0,0.04108320345271294,0.03651840306907817,0.044900096837092805,0.03188563643118791,0.03457162570793951,0.03188563643118791,-6.676372140645982e-05,0.00035607318083445244,-0.0004387330263853075,-0.0,0.0,0.0,0.0,1.0,0.0,0.0,2.0346267319891767,0.7998103687778891,6.889128967694782,0.16532074577799794,0.3004873061246749,0.7736397008944329,-0.3242544309118416,-0.2364307591536393,5.321975571305565,0.0,0.0,0.0,0.0,1.0,0.0,0.0
2024-10-05 03:40:15.994684,1.0,1.0,1.0,1.0,1.0,1.0,1.0,703993.0,0.04082881584609787,0.036518403069078165,0.044842048853109995,0.03185519667586617,0.03414811083549323,0.032308781866774994,-6.358449657758079e-05,0.00030520558357238775,-0.0004482707008719446,-0.0,0.0,0.0,0.0,1.0,0.0,0.0,2.033985135187862,0.7984644434048621,6.888795840878599,0.16383629982932646,0.30080660569536366,0.7778499428948608,-0.3207885039243202,-0.23651709865755696,5.350144209783839,0.0,0.0,0.0,0.0,1.0,0.0,0.0
2024-10-05 03:40:15.997683,1.0,1.0,1.0,1.0,1.0,1.0,1.0,703994.0,0.04076497090344803,0.036447008273383014,0.044725726870264354,0.03233879467572394,0.03417650843776925,0.03194642892952922,-5.0867597262064634e-05,0.00027977178494135546,-0.00042283690224091225,-0.0,0.0,0.0,0.0,1.0,0.0,0.0,2.032573335476359,0.7976790158609826,6.886962220748445,0.1607603880616303,0.30278674233535363,0.7744101956234091,-0.3125978030767566,-0.2380794731894348,5.323937363291176,0.0,0.0,0.0,0.0,1.0,0.0,0.0
2024-10-05 03:40:16.079661,1.0,1.0,1.0,1.0,1.0,1.0,1.0,703995.0,0.04108320345271294,0.03637547335010834,0.044958069872003174,0.032308781866774994,0.03389146168814632,0.03170255949350469,-6.994294623533886e-05,0.0002638756607969603,-0.0004164784525831542,-0.0,0.0,0.0,0.0,1.0,0.0,0.0,2.0334661624327603,0.7987369510021757,6.88679901086561,0.16046200416717118,0.305742421093773,0.7712764119106744,-0.3104964679325688,-0.24098643904442638,5.301665808391324,0.0,0.0,0.0,0.0,1.0,0.0,0.0
2024-10-05 03:40:16.083161,1.0,1.0,1.0,1.0,1.0,1.0,1.0,703996.0,0.04070102581168386,0.03594327416403232,0.04484204885310999,0.03242866644143693,0.03392007415562166,0.031364143052817484,-5.72260469198227e-05,0.00026069643596808123,-0.00040694077809651707,-0.0,0.0,0.0,0.0,1.0,0.0,0.0,2.0313577396896028,0.7977208635226496,6.886221315659977,0.15739359205269227,0.30761106062299176,0.767923509784883,-0.3037717766209125,-0.24227709708919315,5.278446991678803,0.0,0.0,0.0,0.0,1.0,0.0,0.0
2024-10-05 03:40:16.165019,1.0,1.0,1.0,1.0,1.0,1.0,1.0,703997.0,0.04120980838596827,0.03587073468713995,0.04547650165015325,0.032667115729434024,0.034091244666417886,0.03120910432259612,-6.676372140645982e-05,0.0002829510097702345,-0.00041329922775427513,-0.0,0.0,0.0,0.0,1.0,0.0,0.0,2.0304051202913915,0.7980666306364991,6.886216020234984,0.15431148402464648,0.3108012785529014,0.7665880193736221,-0.29675855173207805,-0.24498530672316982,5.268881158343682,0.0,0.0,0.0,0.0,1.0,0.0,0.0
2024-10-05 03:40:16.168019,1.0,1.0,1.0,1.0,1.0,1.0,1.0,703998.0,0.04120980838596827,0.0361600194902826,0.04627140705916456,0.03254810944778678,0.0337192770263005,0.03105329154533826,-5.404682209094367e-05,0.00030520558357238775,-0.00039740310360987996,-0.0,0.0,0.0,0.0,1.0,0.0,0.0,2.0315318276779397,0.7981057944552975,6.888467991650254,0.15339139830250864,0.3118445938677389,0.7653702405484498,-0.2951581778939122,-0.24569028931566414,5.262514075156064,0.0,0.0,0.0,0.0,1.0,0.0,0.0
2024-10-05 03:40:16.250145,1.0,1.0,1.0,1.0,1.0,1.0,1.0,703999.0,0.04183708658073959,0.03637547335010834,0.04632766410980066,0.03272645658802371,0.033546208593426816,0.031178004061435775,-5.404682209094367e-05,0.0002988471339146297,-0.0003878654291232428,-0.0,0.0,0.0,0.0,1.0,0.0,0.0,2.032852243869636,0.7972142681099719,6.890889147918975,0.15519479798613386,0.3116595124923131,0.7648984844619553,-0.29879535828448456,-0.24515623211096052,5.261240253125322,0.0,0.0,0.0,0.0,1.0,0.0,0.0
2024-10-05 03:40:16.333051,1.0,1.0,1.0,1.0,1.0,1.0,1.0,704000.0,0.04196141697840431,0.0361600194902826,0.04581886408620406,0.03305092691301418,0.03377676944149575,0.031240173622796498,-5.086759726206463e-05,0.00027977178494135546,-0.00036243163049221044,-0.0,0.0,0.0,0.0,1.0,0.0,0.0,2.034948734503029,0.7979713766565658,6.891132682062567,0.15590218188731436,0.3090884227863711,0.7718490070622167,-0.30075086120828104,-0.2435572838775791,5.307695553115849,0.0,0.0,0.0,0.0,1.0,0.0,0.0
2024-10-05 03:40:16.336547,1.0,1.0,1.0,1.0,1.0,1.0,1.0,704001.0,0.041712385598201944,0.03557909785889397,0.04598908955455483,0.03290383705573704,0.03337224263981984,0.03142594437984583,-6.676372140645982e-05,0.00027023411045471834,-0.00039740310360987996,-0.0,0.0,0.0,0.0,1.0,0.0,0.0,2.0352145193726994,0.7975994435315998,6.892136210397596,0.1565910470096906,0.30835519591700955,0.7729896279699606,-0.30186893065967524,-0.2428530056768293,5.3158585408792565,0.0,0.0,0.0,0.0,1.0,0.0,0.0
2024-10-05 03:40:16.418509,1.0,1.0,1.0,1.0,1.0,1.0,1.0,704002.0,0.04139898983206046,0.03608791569074071,0.04581886408620406,0.03296275176192149,0.033459338679991214,0.03148762440853117,-7.312217106421791e-05,0.0002670548856258393,-0.00042283690224091225,-0.0,0.0,0.0,0.0,1.0,0.0,0.0,2.0369870934033933,0.800973405882362,6.892971994531256,0.1519558739088634,0.3071460569946129,0.7720140806391277,-0.29458663232976806,-0.24271446338532796,5.309889815403762,0.0,0.0,0.0,0.0,1.0,0.0,0.0
2024-10-05 03:40:16.422010,1.0,1.0,1.0,1.0,1.0,1.0,1.0,704003.0,0.041649895097796784,0.03579804821997391,0.04638385292864447,0.032933307582966455,0.033226575237181734,0.03095942747707764,-0.00010173519452412925,0.00026069643596808123,-0.00041012000292539613,-0.0,0.0,0.0,0.0,1.0,0.0,0.0,2.0351225153113255,0.8041117895471186,6.8939692100171825,0.15171953960762352,0.30549754698513215,0.7684531264975154,-0.29402286240941844,-0.24206401963781476,5.286151165994452,0.0,0.0,0.0,0.0,1.0,0.0,0.0
2024-10-05 03:40:16.503999,1.0,1.0,1.0,1.0,1.0,1.0,1.0,704004.0,0.041209808385968265,0.03594327416403232,0.046496026860123614,0.03251828982682399,0.033021561356871405,0.030928076150071922,-0.00011763131866852444,0.0002829510097702345,-0.00041965767741203324,-0.0,0.0,0.0,0.0,1.0,0.0,0.0,2.0352553287925264,0.805666698216888,6.896049615522433,0.15450512281966097,0.3018832404415361,0.7709987328745954,-0.30109241550853116,-0.23931950334039875,5.306259010284143,0.0,0.0,0.0,0.0,1.0,0.0,0.0
2024-10-05 03:40:16.587138,1.0,1.0,1.0,1.0,1.0,1.0,1.0,704005.0,0.04108320345271294,0.03579804821997391,0.04610222401715649,0.032756086704177324,0.03325575976212062,0.03130221970899244,-0.00011763131866852446,0.0002765925601124764,-0.0004578083753585817,-0.0,0.0,0.0,0.0,1.0,0.0,0.0,2.03411802293192,0.8050021482300183,6.896383147322475,0.15449500642591507,0.29979653242305865,0.7741486786621027,-0.30326336978901813,-0.23728373760564467,5.328682133466113,0.0,0.0,0.0,0.0,1.0,0.0,0.0
2024-10-05 03:40:16.590138,1.0,1.0,1.0,1.0,1.0,1.0,1.0,704006.0,0.04120980838596827,0.035725213865335635,0.046607930817067524,0.032933307582966455,0.03310957989067469,0.031364143052817484,-0.00012398976832628253,0.00025433798631032317,-0.0004609876001874607,-0.0,0.0,0.0,0.0,1.0,0.0,0.0,2.034777499011903,0.8065036686660557,6.897466259031853,0.1585644824916513,0.2983961000102027,0.7734723761696235,-0.3110073853428003,-0.23657552952975913,5.324604823881639,0.0,0.0,0.0,0.0,1.0,0.0,0.0
2024-10-05 03:40:16.672611,1.0,1.0,1.0,1.0,1.0,1.0,1.0,704007.0,0.04108320345271294,0.03594327416403232,0.04627140705916457,0.032785690042080325,0.03284481667269478,0.03145679951185349,-0.00012398976832628253,0.0002352626373370489,-0.0004482707008719446,-0.0,0.0,0.0,0.0,1.0,0.0,0.0,2.034005480343635,0.8061911923949814,6.8973010318835755,0.16114188845601785,0.29643198476710353,0.7713644543568682,-0.31686673875566285,-0.2350837602826227,5.309764883642895,0.0,0.0,0.0,0.0,1.0,0.0,0.0
2024-10-05 03:40:16.676111,1.0,1.0,1.0,1.0,1.0,1.0,1.0,704008.0,0.041019754451988084,0.03565223071686204,0.04621508152756301,0.032637404840404415,0.03308026640118225,0.030928076150071922,-0.00011763131866852444,0.00021936651319265374,-0.0004419122512141865,-0.0,0.0,0.0,0.0,1.0,0.0,0.0,2.0356973645808045,0.8075371413876707,6.8979717343420095,0.1592964578924363,0.29204451041313123,0.7745371186910054,-0.3128014900399831,-0.2322584323794869,5.332106827253308,0.0,0.0,0.0,0.0,1.0,0.0,0.0
2024-10-05 03:40:16.757056,1.0,1.0,1.0,1.0,1.0,1.0,1.0,704009.0,0.04012093401707996,0.035725213865335635,0.04632766410980066,0.03254810944778678,0.0333431600699038,0.030990747087997286,-0.00011445209383964543,0.00023208341250816988,-0.00041965767741203314,-0.0,0.0,0.0,0.0,1.0,0.0,0.0,2.034176780822721,0.8069296013435777,6.897136556068965,0.1597339559782212,0.29081489419957396,0.7788604715832322,-0.31394560726729015,-0.23120092169416173,5.361300799381487,0.0,0.0,0.0,0.0,1.0,0.0,0.0
2024-10-05 03:40:16.840550,1.0,1.0,1.0,1.0,1.0,1.0,1.0,704010.0,0.040055960801949016,0.03651840306907817,0.046552012463619064,0.032308781866774994,0.032933307582966455,0.03095942747707764,-0.00013034821798404061,0.0002511587614814441,-0.0004260161270697913,-0.0,0.0,0.0,0.0,1.0,0.0,0.0,2.03451933851192,0.8078916034712118,6.8963846580709225,0.15957296196791446,0.2927878167838363,0.7757022047086862,-0.3138297106447088,-0.2329236830722679,5.340690200215152,0.0,0.0,0.0,0.0,1.0,0.0,0.0
2024-10-05 03:40:16.843548,1.0,1.0,1.0,1.0,1.0,1.0,1.0,704011.0,0.03959816335788845,0.036802597262395625,0.04671956673942694,0.03221857569203676,0.03296275176192149,0.030676112065162197,-0.00010809364418188734,0.000241621086994807,-0.000406940778096517,-0.0,0.0,0.0,0.0,1.0,0.0,0.0,2.0337958888949355,0.8067966536523057,6.8955500430392656,0.15931453376186275,0.2932971663752142,0.7789203161077705,-0.31302872050877095,-0.23290527006180067,5.362157259841638,0.0,0.0,0.0,0.0,1.0,0.0,0.0
2024-10-05 03:40:16.925453,1.0,1.0,1.0,1.0,1.0,1.0,1.0,704012.0,0.03959816335788845,0.036731754853566174,0.04699749641733918,0.03251828982682399,0.03296275176192149,0.030581090322992784,-0.00010173519452412925,0.00024797953665256506,-0.0003974031036098799,-0.0,0.0,0.0,0.0,1.0,0.0,0.0,2.0360115219683657,0.8062634557122124,6.895878310996815,0.162254215763495,0.2944726532285497,0.7804759061083946,-0.3190520373957943,-0.23368334328543033,5.372947094735879,0.0,0.0,0.0,0.0,1.0,0.0,0.0
2024-10-05 03:40:16.928961,1.0,1.0,1.0,1.0,1.0,1.0,1.0,704013.0,0.03926789767914727,0.03701431097784902,0.046552012463619064,0.03257790177388484,0.033021561356871405,0.031022035078891817,-8.90182952086131e-05,0.0002511587614814441,-0.0004132992277542751,-0.0,0.0,0.0,0.0,1.0,0.0,0.0,2.0353114943661397,0.8031567780436495,6.894710793632609,0.1602370627920952,0.29561783898258454,0.7796126421566503,-0.3145468802657138,-0.23384689674051598,5.366734965116079,0.0,0.0,0.0,0.0,1.0,0.0,0.0
2024-10-05 03:40:17.011203,1.0,1.0,1.0,1.0,1.0,1.0,1.0,704014.0,0.03979500713939933,0.03729472643293347,0.04615868726430256,0.03272645658802371,0.03357511528435138,0.03130221970899244,-8.90182952086131e-05,0.0002352626373370489,-0.00042919535189867036,-0.0,0.0,0.0,0.0,1.0,0.0,0.0,2.0384186928528023,0.8041065022714166,6.895713801247621,0.16369106905279865,0.29788973095669036,0.7815352646323671,-0.32187162923720186,-0.23627361250943568,5.380551051978912,0.0,0.0,0.0,0.0,1.0,0.0,0.0
2024-10-05 03:40:17.014204,1.0,1.0,1.0,1.0,1.0,1.0,1.0,704015.0,0.039729500910396995,0.03757304914762413,0.046496026860123614,0.03242866644143693,0.0333431600699038,0.030676112065162197,-0.00010173519452412925,0.00023844186216592797,-0.000410120002925396,-0.0,0.0,0.0,0.0,1.0,0.0,0.0,2.03773738734696,0.8032346074047797,6.8952991099852055,0.1641615870262291,0.2985021302828562,0.783522538549098,-0.32147924098228037,-0.2365396223720854,5.394282624448378,0.0,0.0,0.0,0.0,1.0,0.0,0.0
2024-10-05 03:40:17.096390,1.0,1.0,1.0,1.0,1.0,1.0,1.0,704016.0,0.03966388649582423,0.0378493252884673,0.04699749641733917,0.03167194378429309,0.033430331878977426,0.03073929670896773,-9.855596969525021e-05,0.000241621086994807,-0.0004260161270697913,-0.0,0.0,0.0,0.0,1.0,0.0,0.0,2.040407630201713,0.8034368238261747,6.895129297837315,0.16106430624217533,0.3008113665014262,0.7863105959779869,-0.31532094581571657,-0.23839384848165712,5.413821526269387,0.0,0.0,0.0,0.0,1.0,0.0,0.0
2024-10-05 03:40:17.179312,1.0,1.0,1.0,1.0,1.0,1.0,1.0,704017.0,0.03953233095432663,0.0378493252884673,0.04683093654403021,0.03157991857152382,0.03319736505550277,0.03026219641244205,-8.90182952086131e-05,0.0002670548856258393,-0.0004387330263853075,-0.0,0.0,0.0,0.0,1.0,0.0,0.0,2.0404382670888688,0.8021164674540218,6.893460418437274,0.164465805369116,0.297660435377435,0.7865294033236742,-0.32131295616935557,-0.23543570173277673,5.414316442422378,0.0,0.0,0.0,0.0,1.0,0.0,0.0
2024-10-05 03:40:17.182312,1.0,1.0,1.0,1.0,1.0,1.0,1.0,704018.0,0.03946638873835309,0.03832801689680105,0.04705288535396545,0.031641298451732976,0.03331405211143558,0.030517578125,-9.855596969525021e-05,0.0002734133352835974,-0.0004482707008719446,-0.0,0.0,0.0,0.0,1.0,0.0,0.0,2.041156810289791,0.8022903441748916,6.892287956557786,0.16800898325332536,0.2976242718493527,0.7854216016293389,-0.3284867487333438,-0.23542950518808708,5.405274584028035,0.0,0.0,0.0,0.0,1.0,0.0,0.0
2024-10-05 03:40:17.264462,1.0,1.0,1.0,1.0,1.0,1.0,1.0,704019.0,0.04057283328598263,0.03832801689680105,0.04666378216223113,0.0316106234096681,0.03260766687993288,0.03010148260279399,-0.00010491441935300828,0.0002638756607969603,-0.00044509147604306553,-0.0,0.0,0.0,0.0,1.0,0.0,0.0,2.0402751521140705,0.801887933073352,6.89095596352285,0.16838110262878167,0.2984536860874257,0.7798806001303885,-0.3279794962628456,-0.23601609950362026,5.3657485769703275,0.0,0.0,0.0,0.0,1.0,0.0,0.0
2024-10-05 03:40:17.267962,1.0,1.0,1.0,1.0,1.0,1.0,1.0,704020.0,0.03986040571620479,0.03839591423416136,0.04671956673942695,0.03173314566510837,0.032874340109372714,0.0300692367632191,-7.312217106421791e-05,0.00026069643596808123,-0.0004514499257008236,-0.0,0.0,0.0,0.0,1.0,0.0,0.0,2.041561988984137,0.8022177229621079,6.891961029307738,0.16556246743258904,0.2927180689696031,0.7796474837775462,-0.3208125751980246,-0.23159996066874836,5.36481270737996,0.0,0.0,0.0,0.0,1.0,0.0,0.0
2024-10-05 03:40:17.350794,1.0,1.0,1.0,1.0,1.0,1.0,1.0,704021.0,0.04012093401707996,0.03832801689680105,0.04632766410980066,0.03182472780550264,0.03254810944778678,0.030230122003416366,-7.312217106421791e-05,0.0002670548856258393,-0.00044509147604306553,-0.0,0.0,0.0,0.0,1.0,0.0,0.0,2.0412357821242475,0.8014749729125956,6.891293521512767,0.1651697192950562,0.2922668314720409,0.7762024203271042,-0.3199265891591385,-0.2309563589831355,5.341124252716096,0.0,0.0,0.0,0.0,1.0,0.0,0.0
2024-10-05 03:40:17.433087,1.0,1.0,1.0,1.0,1.0,1.0,1.0,704022.0,0.040055960801949016,0.03825999906698716,0.04638385292864447,0.03157991857152382,0.03245856839932655,0.029939906113202793,-6.040527174870174e-05,0.00025751721113920217,-0.00044509147604306553,-0.0,0.0,0.0,0.0,1.0,0.0,0.0,2.0410497604042916,0.8023357945805264,6.89078906829602,0.16142049410155276,0.29479862411564295,0.7774564832061934,-0.3118527773905843,-0.23343741384415354,5.349107866596102,0.0,0.0,0.0,0.0,1.0,0.0,0.0
2024-10-05 03:40:17.436640,1.0,1.0,1.0,1.0,1.0,1.0,1.0,704023.0,0.040055960801949016,0.03798670986099516,0.04671956673942695,0.03127121205432006,0.03233879467572394,0.02984254030701896,-4.450914760430655e-05,0.00024480031182368605,-0.00044509147604306553,-0.0,0.0,0.0,0.0,1.0,0.0,0.0,2.0419643927181137,0.8022307102305744,6.890207171321529,0.16444904483353645,0.29349823476210307,0.7808082082947477,-0.3187445840666253,-0.23238095238712844,5.371459638048348,0.0,0.0,0.0,0.0,1.0,0.0,0.0
2024-10-05 03:40:17.518888,1.0,1.0,1.0,1.0,1.0,1.0,1.0,704024.0,0.03926789767914727,0.03764230828317236,0.04666378216223113,0.03145679951185349,0.03197678183797181,0.029515668014433095,-4.768837243318558e-05,0.00024797953665256506,-0.00042283690224091225,-0.0,0.0,0.0,0.0,1.0,0.0,0.0,2.0418320156362957,0.8018737457968911,6.888960515830066,0.16162419479748596,0.28966842268105797,0.781629628064461,-0.31346489669825683,-0.22884548826712295,5.37642705488908,0.0,0.0,0.0,0.0,1.0,0.0,0.0
2024-10-05 03:40:17.521894,1.0,1.0,1.0,1.0,1.0,1.0,1.0,704025.0,0.03959816335788845,0.03764230828317236,0.04627140705916456,0.03167194378429309,0.03185519667586617,0.03010148260279399,-4.7688372433185584e-05,0.0002352626373370489,-0.00040694077809651707,-0.0,0.0,0.0,0.0,1.0,0.0,0.0,2.0419541881059846,0.8018152754137925,6.88995604367942,0.1629886738169334,0.2882695879964149,0.7789610105258786,-0.3179084668605875,-0.2277182175671498,5.358211156361213,0.0,0.0,0.0,0.0,1.0,0.0,0.0
2024-10-05 03:40:17.604433,1.0,1.0,1.0,1.0,1.0,1.0,1.0,704026.0,0.040055960801949016,0.037918079796158174,0.04666378216223114,0.03194642892952922,0.03139505892336215,0.0303262434606198,-4.7688372433185584e-05,0.000241621086994807,-0.0004387330263853075,-0.0,0.0,0.0,0.0,1.0,0.0,0.0,2.04336460520432,0.8021462892269252,6.890871760436284,0.16508103329978827,0.2838534363144615,0.7821325991394094,-0.322507076799874,-0.22435565323448162,5.37962114553776,0.0,0.0,0.0,0.0,1.0,0.0,0.0
2024-10-05 03:40:17.607934,1.0,1.0,1.0,1.0,1.0,1.0,1.0,704027.0,0.039925697169818586,0.037918079796158174,0.04699749641733918,0.03194642892952922,0.031641298451732976,0.030453933471522428,-5.4046822090943663e-05,0.00020664961387713757,-0.000410120002925396,-0.0,0.0,0.0,0.0,1.0,0.0,0.0,2.044323926729694,0.8026004971829441,6.892127140314409,0.16415636524191532,0.28162431371040664,0.7849404248946332,-0.3206638665361214,-0.22251721391063423,5.400194039770476,0.0,0.0,0.0,0.0,1.0,0.0,0.0
2024-10-05 03:40:17.689168,1.0,1.0,1.0,1.0,1.0,1.0,1.0,704028.0,0.04050858489526056,0.037918079796158174,0.04643997376336176,0.03185519667586617,0.03127121205432006,0.03026219641244205,-2.5433798631032314e-05,0.0001907534897327424,-0.0004164784525831542,-0.0,0.0,0.0,0.0,1.0,0.0,0.0,2.0436879232752276,0.8037206086674957,6.890882344126625,0.1653390322958117,0.28221258892358386,0.7856175669852995,-0.3236152511242546,-0.2231992795908203,5.404516814107942,0.0,0.0,0.0,0.0,1.0,0.0,0.0
2024-10-05 03:40:17.772963,1.0,1.0,1.0,1.0,1.0,1.0,1.0,704029.0,0.03999088202492748,0.03819186010094626,0.04638385292864447,0.03179422973639322,0.03148762440853117,0.030358216314476834,-2.8613023459911357e-05,0.000162140466272831,-0.0004164784525831542,-0.0,0.0,0.0,0.0,1.0,0.0,0.0,2.0442043009805015,0.8056252632963578,6.889630518004735,0.1634104135739742,0.28065845320820754,0.785453685935013,-0.3194237375600469,-0.22260916752188853,5.4020907669855145,0.0,0.0,0.0,0.0,1.0,0.0,0.0
2024-10-05 03:40:17.775962,1.0,1.0,1.0,1.0,1.0,1.0,1.0,704030.0,0.04037978143756249,0.0373645014732293,0.04627140705916457,0.03179422973639322,0.03170255949350469,0.03073929670896773,-5.0867597262064634e-05,0.00013034821798404061,-0.0004387330263853075,-0.0,0.0,0.0,0.0,1.0,0.0,0.0,2.045160538279625,0.8072262517112405,6.888124244955748,0.16782410518806626,0.2832653070377356,0.7862019578213548,-0.3296181490613353,-0.22508723660297467,5.406173472000486,0.0,0.0,0.0,0.0,1.0,0.0,0.0
2024-10-05 03:40:17.857236,1.0,1.0,1.0,1.0,1.0,1.0,1.0,704031.0,0.04044423444177086,0.037503662109375,0.04643997376336176,0.03179422973639322,0.032308781866774994,0.03073929670896773,-3.17922482887904e-05,0.00012716899315516158,-0.0004228369022409122,-0.0,0.0,0.0,0.0,1.0,0.0,0.0,2.0461164718149947,0.8079250287454988,6.888292717271306,0.16829125718236804,0.28255188667287884,0.787169781412563,-0.3311487355502482,-0.22490416834257368,5.412975305772805,0.0,0.0,0.0,0.0,1.0,0.0,0.0
2024-10-05 03:40:17.860736,1.0,1.0,1.0,1.0,1.0,1.0,1.0,704032.0,0.04063698009803076,0.03694387454679471,0.04621508152756302,0.03188563643118791,0.03203740138402003,0.031115710284795706,-4.76883724331856e-05,0.00011763131866852444,-0.0004260161270697913,-0.0,0.0,0.0,0.0,1.0,0.0,0.0,2.044753811434836,0.807024984808152,6.887882873363024,0.17376997134906305,0.2797100680593611,0.7873029013949758,-0.3430842373336331,-0.2221800310445237,5.413765229599038,0.0,0.0,0.0,0.0,1.0,0.0,0.0
2024-10-05 03:40:17.942524,1.0,1.0,1.0,1.0,1.0,1.0,1.0,704033.0,0.041461858493688546,0.03701431097784901,0.046607930817067524,0.03188563643118791,0.03194642892952922,0.031240173622796498,-6.358449657758079e-05,0.0001367066676417987,-0.0004323745767275493,-0.0,0.0,0.0,0.0,1.0,0.0,0.0,2.0456894199648543,0.8068559501322233,6.888217556871684,0.17635642574760557,0.28089652933259873,0.7851258506325258,-0.3485084953252386,-0.22295465379993634,5.399300513585931,0.0,0.0,0.0,0.0,1.0,0.0,0.0
2024-10-05 03:40:18.026692,1.0,1.0,1.0,1.0,1.0,1.0,1.0,704034.0,0.04245509769062346,0.03673175485356617,0.04710820916537822,0.03151841915858901,0.03203740138402003,0.03130221970899244,-6.994294623533886e-05,0.00013352744281291964,-0.00045462915052970265,-0.0,0.0,0.0,0.0,1.0,0.0,0.0,2.043942090503317,0.8078540996735931,6.8885431493174005,0.17975163505903205,0.2866952738359356,0.7837668507091762,-0.35527002737646285,-0.22814810469482144,5.38968847215237,0.0,0.0,0.0,0.0,1.0,0.0,0.0
2024-10-05 03:40:18.029691,1.0,1.0,1.0,1.0,1.0,1.0,1.0,704035.0,0.042577623479846755,0.03687330356631608,0.047493671422814646,0.0316106234096681,0.03245856839932655,0.031240173622796498,-6.994294623533886e-05,0.00012398976832628253,-0.00048006294916073494,-0.0,0.0,0.0,0.0,1.0,0.0,0.0,2.0438428329225578,0.8092783414589431,6.887208162891804,0.18149359326763223,0.28651184386996575,0.7843806650582618,-0.3586714720307653,-0.22842350714828505,5.392963729756636,0.0,0.0,0.0,0.0,1.0,0.0,0.0
2024-10-05 03:40:18.111321,1.0,1.0,1.0,1.0,1.0,1.0,1.0,704036.0,0.04196141697840431,0.03701431097784902,0.046496026860123614,0.03203740138402003,0.032696799620819436,0.031364143052817484,-7.312217106421791e-05,0.00012398976832628253,-0.0004387330263853075,-0.0,0.0,0.0,0.0,1.0,0.0,0.0,2.0398518413729763,0.8073268663468159,6.887879091829452,0.18079206696186653,0.29011876539553527,0.7803540830866901,-0.35776615411815116,-0.2307873259910762,5.366803621233216,0.0,0.0,0.0,0.0,1.0,0.0,0.0
2024-10-05 03:40:18.114821,1.0,1.0,1.0,1.0,1.0,1.0,1.0,704037.0,0.0420853800755884,0.03701431097784901,0.04610222401715648,0.03197678183797181,0.03260766687993288,0.03173314566510837,-7.312217106421791e-05,0.0001367066676417987,-0.00046416682501633976,-0.0,0.0,0.0,0.0,1.0,0.0,0.0,2.0397651542804907,0.8075538615334803,6.8881280263547335,0.17667484405753225,0.2948247927672872,0.7788680042986424,-0.3488582436990061,-0.2345278522152063,5.356493407729132,0.0,0.0,0.0,0.0,1.0,0.0,0.0
2024-10-05 03:40:18.196613,1.0,1.0,1.0,1.0,1.0,1.0,1.0,704038.0,0.04133602555253029,0.037084613626145846,0.04610222401715648,0.03242866644143693,0.03257790177388484,0.03188563643118791,-9.53767448663712e-05,0.00013988589247067773,-0.00044509147604306553,-0.0,0.0,0.0,0.0,1.0,0.0,0.0,2.038023113584422,0.8056381956336655,6.8889582472651,0.17619949156254325,0.29552953256169895,0.7790448835454628,-0.3475176011749852,-0.2346336686765247,5.358175293359439,0.0,0.0,0.0,0.0,1.0,0.0,0.0
2024-10-05 03:40:18.279764,1.0,1.0,1.0,1.0,1.0,1.0,1.0,704039.0,0.041712385598201944,0.036731754853566174,0.046552012463619064,0.0321582976678794,0.03233879467572394,0.03203740138402003,-8.90182952086131e-05,0.000162140466272831,-0.00044509147604306553,-0.0,0.0,0.0,0.0,1.0,0.0,0.0,2.040960571791953,0.8048662410166355,6.891288229985373,0.17744652307668576,0.2946889098722302,0.7837173675838661,-0.3520176824791816,-0.23368281551728742,5.392932177211807,0.0,0.0,0.0,0.0,1.0,0.0,0.0
2024-10-05 03:40:18.282264,1.0,1.0,1.0,1.0,1.0,1.0,1.0,704040.0,0.04189929789626443,0.03757304914762413,0.04705288535396546,0.032398736885968185,0.032067668184708895,0.031549183850304155,-7.312217106421791e-05,0.00018121581524610522,-0.00042283690224091225,-0.0,0.0,0.0,0.0,1.0,0.0,0.0,2.0394592379584395,0.8016723298573609,6.892785498163712,0.17737549369650363,0.2943000358063935,0.7815791427304137,-0.3515651517852519,-0.23226863028981765,5.3790074163701,0.0,0.0,0.0,0.0,1.0,0.0,0.0
2024-10-05 03:40:18.364748,1.0,1.0,1.0,1.0,1.0,1.0,1.0,704041.0,0.04196141697840431,0.03757304914762413,0.04699749641733918,0.03245856839932655,0.03197678183797181,0.03139505892336215,-9.53767448663712e-05,0.00017485736558834716,-0.00045462915052970265,-0.0,0.0,0.0,0.0,1.0,0.0,0.0,2.0400635077230826,0.8010006163191445,6.894035240138194,0.18201302148092768,0.2942855941246341,0.781402837141634,-0.36147285902523596,-0.23183372410813372,5.378953079380664,0.0,0.0,0.0,0.0,1.0,0.0,0.0
2024-10-05 03:40:18.368249,1.0,1.0,1.0,1.0,1.0,1.0,1.0,704042.0,0.04164989509779679,0.037780445658522906,0.046552012463619064,0.03248844283583844,0.03242866644143693,0.031022035078891817,-8.265984555085502e-05,0.00019075348973274234,-0.0004355538015564284,-0.0,0.0,0.0,0.0,1.0,0.0,0.0,2.0406955353014737,0.8002463737241128,6.8948730606944135,0.17672101791530562,0.29494917962531664,0.7785382364438677,-0.3504916188160669,-0.23225018573942152,5.360277597830774,0.0,0.0,0.0,0.0,1.0,0.0,0.0
2024-10-05 03:40:18.450380,1.0,1.0,1.0,1.0,1.0,1.0,1.0,704043.0,0.041019754451988084,0.037780445658522906,0.04581886408620405,0.03254810944778678,0.032696799620819436,0.030928076150071922,-6.040527174870175e-05,0.00017485736558834716,-0.00041329922775427513,-0.0,0.0,0.0,0.0,1.0,0.0,0.0,2.041732512041624,0.8008524790205664,6.895790390820842,0.17492617134741467,0.2962860807388818,0.7802314022531971,-0.34640841547021933,-0.23338717704546866,5.372617342677007,0.0,0.0,0.0,0.0,1.0,0.0,0.0
2024-10-05 03:40:18.453375,1.0,1.0,1.0,1.0,1.0,1.0,1.0,704044.0,0.04070102581168387,0.03825999906698716,0.04576198155144106,0.032815266674204355,0.03296275176192149,0.031146872746571578,-5.0867597262064634e-05,0.00018121581524610522,-0.000400582328438759,-0.0,0.0,0.0,0.0,1.0,0.0,0.0,2.041885449063355,0.799402851947932,6.893545345589273,0.1707330042342864,0.29642123147338423,0.7797835664730053,-0.3368750745698072,-0.2329847464771988,5.367779962860294,0.0,0.0,0.0,0.0,1.0,0.0,0.0
2024-10-05 03:40:18.535513,1.0,1.0,1.0,1.0,1.0,1.0,1.0,704045.0,0.04070102581168387,0.037918079796158174,0.04587567609077438,0.032696799620819436,0.03299216966314644,0.030928076150071922,-6.358449657758079e-05,0.00022254573802153274,-0.0004132992277542751,-0.0,0.0,0.0,0.0,1.0,0.0,0.0,2.0444688826091606,0.799495276488897,6.89329358384642,0.17098600241969666,0.2985799650328559,0.7769054733522948,-0.3362147062580135,-0.23470138910910646,5.347115762636197,0.0,0.0,0.0,0.0,1.0,0.0,0.0
2024-10-05 03:40:18.618917,1.0,1.0,1.0,1.0,1.0,1.0,1.0,704046.0,0.04133602555253029,0.03743414645719283,0.04604569153235156,0.03245856839932655,0.03305092691301418,0.030581090322992784,-7.9480620721976e-05,0.0002034703890482585,-0.000410120002925396,-0.0,0.0,0.0,0.0,1.0,0.0,0.0,2.0443823912911547,0.8003647361604881,6.8908725164147056,0.17033551373989392,0.29751202828369105,0.7740125104861802,-0.33484281817780404,-0.2341370809073043,5.325285148557752,0.0,0.0,0.0,0.0,1.0,0.0,0.0
2024-10-05 03:40:18.621917,1.0,1.0,1.0,1.0,1.0,1.0,1.0,704047.0,0.04133602555253029,0.037084613626145846,0.04643997376336176,0.032637404840404415,0.03308026640118225,0.030612797008878905,-6.358449657758079e-05,0.00019711193939050045,-0.00040376155326763796,-0.0,0.0,0.0,0.0,1.0,0.0,0.0,2.04555728394608,0.8025745344036428,6.890122959084094,0.172417489190771,0.2930474103627616,0.7727427852733179,-0.3393166687745002,-0.2313891351682905,5.3152693413656005,0.0,0.0,0.0,0.0,1.0,0.0,0.0
2024-10-05 03:40:18.703693,1.0,1.0,1.0,1.0,1.0,1.0,1.0,704048.0,0.04164989509779679,0.036731754853566174,0.04666378216223113,0.03188563643118791,0.032933307582966455,0.030485772407004817,-5.722604691982271e-05,0.00021618728836377465,-0.00041965767741203314,-0.0,0.0,0.0,0.0,1.0,0.0,0.0,2.0447664065061883,0.8037503709215049,6.888707830309474,0.1708724902264635,0.2917476076736208,0.7722705080381577,-0.33652623664865283,-0.23056889726510163,5.3110372001677,0.0,0.0,0.0,0.0,1.0,0.0,0.0
2024-10-05 03:40:18.706770,1.0,1.0,1.0,1.0,1.0,1.0,1.0,704049.0,0.04127296521748623,0.036873303566316074,0.047108209165378216,0.03191604715477278,0.033284918697807614,0.030358216314476834,-6.676372140645982e-05,0.00021300806353489562,-0.00041329922775427513,-0.0,0.0,0.0,0.0,1.0,0.0,0.0,2.0427587617854313,0.8044289068151125,6.887205137368744,0.17432999534562987,0.2927587835135508,0.7679369950304511,-0.34324329319486363,-0.23144936381643758,5.279712104483858,0.0,0.0,0.0,0.0,1.0,0.0,0.0
2024-10-05 03:40:18.788812,1.0,1.0,1.0,1.0,1.0,1.0,1.0,704050.0,0.04133602555253029,0.03743414645719283,0.04710820916537822,0.031549183850304155,0.03360399710929144,0.030612797008878905,-6.040527174870175e-05,0.00024162108699480697,-0.00039740310360987996,-0.0,0.0,0.0,0.0,1.0,0.0,0.0,2.0418063589276167,0.8054559348719834,6.88562617125784,0.1744465247026515,0.29296006372193806,0.7682014484843659,-0.3440324306255366,-0.23207679813451795,5.280270087878593,0.0,0.0,0.0,0.0,1.0,0.0,0.0
2024-10-05 03:40:18.872021,1.0,1.0,1.0,1.0,1.0,1.0,1.0,704051.0,0.040956207156739845,0.03729472643293347,0.04699749641733918,0.03142594437984583,0.03357511528435138,0.03070772063827226,-6.040527174870175e-05,0.00026069643596808123,-0.0003815069794654847,-0.0,0.0,0.0,0.0,1.0,0.0,0.0,2.04002761452344,0.8077626315532684,6.884036248786432,0.1690470223702056,0.2935334901943631,0.7647487791443106,-0.3321640836586761,-0.23335061175461266,5.255173308106041,0.0,0.0,0.0,0.0,1.0,0.0,0.0
2024-10-05 03:40:18.875466,1.0,1.0,1.0,1.0,1.0,1.0,1.0,704052.0,0.040956207156739845,0.037503662109375,0.04732885772244516,0.03157991857152382,0.033661686417184034,0.03073929670896773,-6.994294623533886e-05,0.0002861302345991135,-0.00039422387878100085,-0.0,0.0,0.0,0.0,1.0,0.0,0.0,2.0373006206734625,0.8087956798168487,6.88327535164808,0.16925337190650996,0.29467276275741805,0.764198762424433,-0.33219543014263697,-0.23474618001340863,5.250721581718108,0.0,0.0,0.0,0.0,1.0,0.0,0.0
2024-10-05 03:40:18.957796,1.0,1.0,1.0,1.0,1.0,1.0,1.0,704053.0,0.04082881584609787,0.037503662109375,0.047657915157139484,0.03157991857152382,0.03411968959808029,0.03073929670896773,-9.53767448663712e-05,0.00030520558357238775,-0.0004260161270697913,-0.0,0.0,0.0,0.0,1.0,0.0,0.0,2.035456660441171,0.8110505398812144,6.881938586394138,0.16461605890612316,0.2929794588171788,0.7636331047793768,-0.321613327733165,-0.23424569180631946,5.245733007893097,0.0,0.0,0.0,0.0,1.0,0.0,0.0
2024-10-05 03:40:18.961299,1.0,1.0,1.0,1.0,1.0,1.0,1.0,704054.0,0.04114655461363215,0.03715478325109878,0.047218662327942335,0.03151841915858901,0.03377676944149575,0.030581090322992784,-7.9480620721976e-05,0.000324280932545662,-0.0004164784525831542,-0.0,0.0,0.0,0.0,1.0,0.0,0.0,2.0348739191627976,0.8119012090775134,6.882102668484293,0.16900418846381943,0.2906474158627082,0.7618487143983516,-0.3309362657681658,-0.23259314041251297,5.233952810822071,0.0,0.0,0.0,0.0,1.0,0.0,0.0
2024-10-05 03:40:19.042981,1.0,1.0,1.0,1.0,1.0,1.0,1.0,704055.0,0.04044423444177085,0.036802597262395625,0.047273792133441635,0.031549183850304155,0.034204882463775475,0.030802351742838057,-8.265984555085502e-05,0.00030520558357238775,-0.00040694077809651707,-0.0,0.0,0.0,0.0,1.0,0.0,0.0,2.0328742985648094,0.8118819601381192,6.882518911765812,0.16865051918191365,0.2907457853251622,0.7643959784159446,-0.3315651319990163,-0.23288709044680692,5.251849832258537,0.0,0.0,0.0,0.0,1.0,0.0,0.0
2024-10-05 03:40:19.046480,1.0,1.0,1.0,1.0,1.0,1.0,1.0,704056.0,0.03933417265909615,0.037084613626145846,0.04699749641733918,0.03173314566510837,0.0344028454042274,0.03120910432259612,-4.76883724331856e-05,0.0003306393822034201,-0.000410120002925396,-0.0,0.0,0.0,0.0,1.0,0.0,0.0,2.0331887481207103,0.8114239078261815,6.8825173979737615,0.1710199213309538,0.288788186488312,0.7680700701752987,-0.33559829829906185,-0.23122824788852425,5.276672378657655,0.0,0.0,0.0,0.0,1.0,0.0,0.0
2024-10-05 03:40:19.128032,1.0,1.0,1.0,1.0,1.0,1.0,1.0,704057.0,0.039201510653345636,0.03722482060496381,0.04705288535396545,0.03139505892336215,0.0344028454042274,0.030990747087997286,-6.040527174870175e-05,0.000321101707716783,-0.00041329922775427513,-0.0,0.0,0.0,0.0,1.0,0.0,0.0,2.0313077166953275,0.8096189131063504,6.882678438752207,0.17463550229893518,0.2898474643048273,0.7698249482290431,-0.34289049175598263,-0.23166026080740096,5.289717907210575,0.0,0.0,0.0,0.0,1.0,0.0,0.0
2024-10-05 03:40:19.211442,1.0,1.0,1.0,1.0,1.0,1.0,1.0,704058.0,0.039598163357888454,0.03701431097784901,0.047493671422814646,0.03167194378429309,0.03457162570793951,0.03142594437984583,-7.312217106421791e-05,0.00030520558357238775,-0.00043237457672754936,-0.0,0.0,0.0,0.0,1.0,0.0,0.0,2.0328200520253707,0.8090296260462326,6.883756139206358,0.17199527343964985,0.28817662528098525,0.7712604993123706,-0.33686768161048297,-0.2303505736722232,5.299954191121416,0.0,0.0,0.0,0.0,1.0,0.0,0.0
2024-10-05 03:40:19.214942,1.0,1.0,1.0,1.0,1.0,1.0,1.0,704059.0,0.03959816335788845,0.037084613626145846,0.046942042124967255,0.03218845078999174,0.03493451908670038,0.031240173622796498,-0.00010173519452412927,0.0003338186070322991,-0.0004482707008719446,-0.0,0.0,0.0,0.0,1.0,0.0,0.0,2.0317043151892324,0.8094477939138102,6.884924757584663,0.1690499828382685,0.2865847141154692,0.7766456392821465,-0.3307363320564735,-0.22940238879096736,5.338350538855205,0.0,0.0,0.0,0.0,1.0,0.0,0.0
2024-10-05 03:40:19.296161,1.0,1.0,1.0,1.0,1.0,1.0,1.0,704060.0,0.039135011011481306,0.036447008273383014,0.047218662327942335,0.032007105962223864,0.03496227794613525,0.030990747087997286,-0.00010491441935300831,0.0002829510097702345,-0.0004514499257008236,-0.0,0.0,0.0,0.0,1.0,0.0,0.0,2.0303857181635405,0.807919506292994,6.886009671603116,0.16951116755215972,0.2867373269078174,0.7780361876289777,-0.3310296512921903,-0.22898332616687977,5.348679020286083,0.0,0.0,0.0,0.0,1.0,0.0,0.0
2024-10-05 03:40:19.299156,1.0,1.0,1.0,1.0,1.0,1.0,1.0,704061.0,0.03979500713939933,0.03743414645719283,0.047493671422814646,0.031641298451732976,0.03493451908670038,0.031178004061435775,-9.53767448663712e-05,0.0002765925601124764,-0.0004609876001874607,-0.0,0.0,0.0,0.0,1.0,0.0,0.0,2.031210262197806,0.806141612850631,6.887009408014986,0.16854458584132206,0.28733169405223735,0.7806085204398328,-0.32928085265148094,-0.22884924992930472,5.367335064829148,0.0,0.0,0.0,0.0,1.0,0.0,0.0
2024-10-05 03:40:19.381664,1.0,1.0,1.0,1.0,1.0,1.0,1.0,704062.0,0.039925697169818586,0.03743414645719283,0.0480931562928653,0.03151841915858901,0.0350730936850165,0.0313331966781849,-6.994294623533888e-05,0.0002670548856258393,-0.0004705252746740978,-0.0,0.0,0.0,0.0,1.0,0.0,0.0,2.033771396273527,0.8055459541055952,6.887675062010101,0.1706199254061996,0.28838959378752044,0.7823278038464991,-0.33407133049131993,-0.22953756892605243,5.3797713681162485,0.0,0.0,0.0,0.0,1.0,0.0,0.0
2024-10-05 03:40:19.465369,1.0,1.0,1.0,1.0,1.0,1.0,1.0,704063.0,0.03999088202492748,0.0378493252884673,0.04782159479808185,0.03127121205432006,0.03479539261166803,0.031240173622796498,-7.312217106421791e-05,0.000241621086994807,-0.00046416682501633976,-0.0,0.0,0.0,0.0,1.0,0.0,0.0,2.0339375940446587,0.8039881678868864,6.887757791536094,0.17781261838459766,0.29118906788307797,0.7811693372704099,-0.35038129004225993,-0.2313281054059504,5.371828121139856,0.0,0.0,0.0,0.0,1.0,0.0,0.0
2024-10-05 03:40:19.467872,1.0,1.0,1.0,1.0,1.0,1.0,1.0,704064.0,0.03933417265909615,0.037503662109375,0.048578141565218835,0.03142594437984583,0.034711649066398086,0.03145679951185349,-8.265984555085502e-05,0.00021618728836377465,-0.0005213928719361625,-0.0,0.0,0.0,0.0,1.0,0.0,0.0,2.0346993974738097,0.80397520900807,6.890091960528947,0.17796250583082487,0.29359911068261463,0.7827105420389275,-0.35080113065125934,-0.23322683014981688,5.3841029568125,0.0,0.0,0.0,0.0,1.0,0.0,0.0
2024-10-05 03:40:19.550038,1.0,1.0,1.0,1.0,1.0,1.0,1.0,704065.0,0.03933417265909615,0.037780445658522906,0.0480931562928653,0.03145679951185349,0.034711649066398086,0.031549183850304155,-4.76883724331856e-05,0.00022254573802153274,-0.00048642139881849305,-0.0,0.0,0.0,0.0,1.0,0.0,0.0,2.0359923171054275,0.8041707613097356,6.891343702828898,0.17888893603904618,0.2964695403124772,0.7801310566397824,-0.3530982152099111,-0.23532790246126423,5.367476817885407,0.0,0.0,0.0,0.0,1.0,0.0,0.0
2024-10-05 03:40:19.553538,1.0,1.0,1.0,1.0,1.0,1.0,1.0,704066.0,0.039925697169818586,0.03798670986099516,0.049058332560849585,0.03139505892336215,0.03448733880714076,0.031178004061435775,-3.8150697946548475e-05,0.00020982883870601657,-0.0005182136471072835,-0.0,0.0,0.0,0.0,1.0,0.0,0.0,2.037021458756798,0.8055782877425692,6.8927643366112825,0.17918387733775026,0.29892262988348134,0.776250726074604,-0.3545757199985561,-0.23771346072568622,5.341274643507538,0.0,0.0,0.0,0.0,1.0,0.0,0.0
2024-10-05 03:40:19.635814,1.0,1.0,1.0,1.0,1.0,1.0,1.0,704067.0,0.03979500713939933,0.038867874708122786,0.04863173026498286,0.032007105962223864,0.03457162570793951,0.031240173622796498,-2.2254573802153277e-05,0.00024797953665256506,-0.000483242173989614,-0.0,0.0,0.0,0.0,1.0,0.0,0.0,2.0381112812312576,0.8063883222278807,6.8934309462858785,0.17989411483762316,0.3021830262607448,0.7730398874293628,-0.3558429501841672,-0.2405153502563567,5.318989118521865,0.0,0.0,0.0,0.0,1.0,0.0,0.0
2024-10-05 03:40:19.718237,1.0,1.0,1.0,1.0,1.0,1.0,1.0,704068.0,0.03933417265909616,0.039598163357888454,0.04803896680377672,0.03224867245309928,0.03445919735911931,0.030833830904597324,2.861302345991135e-05,0.00023208341250816988,-0.0004737044995029769,-0.0,0.0,0.0,0.0,1.0,0.0,0.0,2.038603661770229,0.8079581925176218,6.8939321836164495,0.18481217649051856,0.30869404345199636,0.7683016485578492,-0.36696236892432466,-0.24572761577013655,5.287186483083171,0.0,0.0,0.0,0.0,1.0,0.0,0.0
2024-10-05 03:40:19.721663,1.0,1.0,1.0,1.0,1.0,1.0,1.0,704069.0,0.03959816335788845,0.03959816335788845,0.04787603032486651,0.03179422973639322,0.0344028454042274,0.03105329154533826,6.994294623533886e-05,0.00021300806353489565,-0.00048642139881849305,-0.0,0.0,0.0,0.0,1.0,0.0,0.0,2.039598282699269,0.8075753254438832,6.893261088116681,0.1874222377983672,0.3120491076945772,0.7619921791813827,-0.3724152399393901,-0.24837581122748237,5.2428866933213,0.0,0.0,0.0,0.0,1.0,0.0,0.0
2024-10-05 03:40:19.804095,1.0,1.0,1.0,1.0,1.0,1.0,1.0,704070.0,0.03986040571620479,0.03959816335788845,0.04699749641733918,0.03203740138402003,0.03423323297213509,0.0316106234096681,6.040527174870175e-05,0.00024797953665256506,-0.0005023175229628882,-0.0,0.0,0.0,0.0,1.0,0.0,0.0,2.041491802227927,0.8097166051072126,6.893923871539971,0.1886034728657834,0.31656343388360925,0.761158934219981,-0.37422549728547205,-0.252752052052349,5.238119269066795,0.0,0.0,0.0,0.0,1.0,0.0,0.0
2024-10-05 03:40:19.807094,1.0,1.0,1.0,1.0,1.0,1.0,1.0,704071.0,0.03979500713939933,0.03900167157440239,0.04688652224495428,0.03203740138402003,0.03394866250806731,0.0313331966781849,4.76883724331856e-05,0.000241621086994807,-0.0004959590733051301,-0.0,0.0,0.0,0.0,1.0,0.0,0.0,2.040796350565999,0.809081136494157,6.894344690306177,0.18999392095999368,0.31805251834792436,0.7617230228277114,-0.3777093116179797,-0.2538315923266504,5.241963023375415,0.0,0.0,0.0,0.0,1.0,0.0,0.0
2024-10-05 03:40:19.888563,1.0,1.0,1.0,1.0,1.0,1.0,1.0,704072.0,0.039729500910396995,0.03859888964444313,0.04632766410980066,0.03197678183797181,0.0337192770263005,0.03139505892336215,2.2254573802153288e-05,0.00022254573802153277,-0.0004896006236473721,-0.0,0.0,0.0,0.0,1.0,0.0,0.0,2.040072573387817,0.8092883290145294,6.894430362153815,0.19005770946714634,0.3160541613215713,0.7617926530217118,-0.37759078246266975,-0.2520230654713319,5.242404048303297,0.0,0.0,0.0,0.0,1.0,0.0,0.0
2024-10-05 03:40:19.892063,1.0,1.0,1.0,1.0,1.0,1.0,1.0,704073.0,0.04012093401707996,0.03846369171715948,0.04666378216223113,0.03203740138402003,0.033430331878977426,0.03142594437984583,4.7688372433185584e-05,0.00024480031182368605,-0.00048006294916073494,-0.0,0.0,0.0,0.0,1.0,0.0,0.0,2.0393892660323103,0.8082146082373268,6.895095299728445,0.18742768775110427,0.3117548083002458,0.7609863763056068,-0.37113185079689415,-0.24783779260771424,5.23735086388269,0.0,0.0,0.0,0.0,1.0,0.0,0.0
2024-10-05 03:40:19.974264,1.0,1.0,1.0,1.0,1.0,1.0,1.0,704074.0,0.04050858489526056,0.03893483061427055,0.046327664109800666,0.03173314566510837,0.03351727697218139,0.031115710284795706,4.76883724331856e-05,0.00024797953665256506,-0.0004419122512141865,-0.0,0.0,0.0,0.0,1.0,0.0,0.0,2.0398506928433315,0.8068375074552065,6.89484435012432,0.18531553134503126,0.31016103428181946,0.7597494037838052,-0.36665854689229826,-0.2462497067258315,5.2290822257682565,0.0,0.0,0.0,0.0,1.0,0.0,0.0
2024-10-05 03:40:20.057900,1.0,1.0,1.0,1.0,1.0,1.0,1.0,704075.0,0.040956207156739845,0.03893483061427055,0.046045691532351565,0.03182472780550264,0.03310957989067469,0.030896693010431804,4.132992277542752e-05,0.00021618728836377468,-0.0004609876001874607,-0.0,0.0,0.0,0.0,1.0,0.0,0.0,2.036901404138978,0.8049627977645382,6.895010391667525,0.18506959992015828,0.3049711592404201,0.7610781888252265,-0.36514970192767804,-0.24135348391517955,5.238383519001414,0.0,0.0,0.0,0.0,1.0,0.0,0.0
2024-10-05 03:40:20.060900,1.0,1.0,1.0,1.0,1.0,1.0,1.0,704076.0,0.04050858489526056,0.03900167157440239,0.04513154216867338,0.032007105962223864,0.03348832035600082,0.03086527796111811,6.358449657758077e-06,0.00022254573802153277,-0.0004164784525831542,-0.0,0.0,0.0,0.0,1.0,0.0,0.0,2.0356704796655585,0.8041901948228996,6.895926192676958,0.18528434027925764,0.307514180258407,0.7642250077697919,-0.36519636420109236,-0.24311212932167833,5.260806570692878,0.0,0.0,0.0,0.0,1.0,0.0,0.0
2024-10-05 03:40:20.142552,1.0,1.0,1.0,1.0,1.0,1.0,1.0,704077.0,0.040956207156739845,0.03825999906698716,0.04507379225100919,0.03185519667586617,0.03325575976212062,0.030517578125,-1.58961241443952e-05,0.00021618728836377465,-0.00042283690224091225,-0.0,0.0,0.0,0.0,1.0,0.0,0.0,2.033861044133759,0.8017134447861664,6.89793246381227,0.18214661702960816,0.30752739984252686,0.7673488082046386,-0.35888007922289356,-0.2423833088509532,5.284122618698083,0.0,0.0,0.0,0.0,1.0,0.0,0.0
2024-10-05 03:40:20.146097,1.0,1.0,1.0,1.0,1.0,1.0,1.0,704078.0,0.04063698009803076,0.038123599349151736,0.04507379225100919,0.03188563643118791,0.03331405211143558,0.030485772407004817,-5.722604691982271e-05,0.00023208341250816988,-0.000403761553267638,-0.0,0.0,0.0,0.0,1.0,0.0,0.0,2.033786908753081,0.7998228696059905,6.899519939077051,0.17948971610416403,0.3019912588088443,0.7706504918021161,-0.35316651807984584,-0.2378340904402582,5.307818840595094,0.0,0.0,0.0,0.0,1.0,0.0,0.0
2024-10-05 03:40:20.228368,1.0,1.0,1.0,1.0,1.0,1.0,1.0,704079.0,0.040315225390783915,0.037711440220720746,0.045590908124401384,0.03167194378429309,0.033021561356871405,0.030485772407004817,-6.994294623533886e-05,0.0002257249628504118,-0.000410120002925396,-0.0,0.0,0.0,0.0,1.0,0.0,0.0,2.03200641583296,0.7982696296492002,6.9016062194112955,0.17667744429023266,0.3011692862078531,0.7723995072056974,-0.3477127492281389,-0.2366375075926269,5.322365783305395,0.0,0.0,0.0,0.0,1.0,0.0,0.0
2024-10-05 03:40:20.311274,1.0,1.0,1.0,1.0,1.0,1.0,1.0,704080.0,0.040315225390783915,0.03722482060496381,0.04615868726430257,0.031763702384431956,0.03254810944778678,0.029939906113202793,-7.312217106421791e-05,0.00020664961387713757,-0.0004005823284387589,-0.0,0.0,0.0,0.0,1.0,0.0,0.0,2.031750467203448,0.7974840102368075,6.901354751729501,0.17317983333017786,0.29777463981999724,0.7725075149750257,-0.341243800480958,-0.23381394802816907,5.322167043905676,0.0,0.0,0.0,0.0,1.0,0.0,0.0
2024-10-05 03:40:20.314723,1.0,1.0,1.0,1.0,1.0,1.0,1.0,704081.0,0.03999088202492748,0.03694387454679471,0.04610222401715648,0.032398736885968185,0.03284481667269478,0.030198013527012933,-7.948062072197598e-05,0.00020982883870601662,-0.0003910446539521219,-0.0,0.0,0.0,0.0,1.0,0.0,0.0,2.0311360300650043,0.7977933672064932,6.90118810798229,0.1779786859493837,0.2981317115943173,0.7706975071406392,-0.3505421079341827,-0.234239436387096,5.30971211103393,0.0,0.0,0.0,0.0,1.0,0.0,0.0
2024-10-05 03:40:20.396297,1.0,1.0,1.0,1.0,1.0,1.0,1.0,704082.0,0.03966388649582423,0.03666077555081008,0.046045691532351565,0.032308781866774994,0.03272645658802371,0.029939906113202793,-7.630139589309694e-05,0.0002034703890482585,-0.00040376155326763796,-0.0,0.0,0.0,0.0,1.0,0.0,0.0,2.0311948742181416,0.797007278336769,6.901603200200051,0.17782611328398604,0.30278186001551327,0.7690657879557967,-0.3501954841160341,-0.2375600652303547,5.299137357427881,0.0,0.0,0.0,0.0,1.0,0.0,0.0
2024-10-05 03:40:20.399797,1.0,1.0,1.0,1.0,1.0,1.0,1.0,704083.0,0.03913501101148131,0.036873303566316074,0.04621508152756301,0.032756086704177324,0.03284481667269478,0.0300692367632191,-0.00010491441935300828,0.0001875742649038633,-0.00043237457672754936,-0.0,0.0,0.0,0.0,1.0,0.0,0.0,2.0314867934280874,0.7966649220595405,6.90276955179976,0.17656203846378202,0.3087244212312866,0.767917634354757,-0.34801605821065595,-0.24247928275180594,5.291902711725155,0.0,0.0,0.0,0.0,1.0,0.0,0.0
2024-10-05 03:40:20.481599,1.0,1.0,1.0,1.0,1.0,1.0,1.0,704084.0,0.039729500910397,0.03687330356631608,0.04576198155144105,0.03260766687993288,0.03284481667269478,0.029875030834123562,-0.00011127286901076637,0.00019075348973274234,-0.00041965767741203324,-0.0,0.0,0.0,0.0,1.0,0.0,0.0,2.030851899971234,0.7957979661825073,6.902939930654431,0.18233276567214887,0.3102670641284883,0.7707638092789126,-0.3590637046887044,-0.24346964282593062,5.3113985846725535,0.0,0.0,0.0,0.0,1.0,0.0,0.0
2024-10-05 03:40:20.485597,1.0,1.0,1.0,1.0,1.0,1.0,1.0,704085.0,0.0398604057162048,0.0373645014732293,0.045932417826860104,0.03245856839932655,0.03260766687993288,0.029972291094128595,-0.00013352744281291964,0.0002257249628504118,-0.000403761553267638,-0.0,0.0,0.0,0.0,1.0,0.0,0.0,2.031205277061516,0.7954250167922542,6.90210610829812,0.18627326439514708,0.3134174261502301,0.7747150165608861,-0.36668694334158,-0.24611538447681133,5.337423021037998,0.0,0.0,0.0,0.0,1.0,0.0,0.0
2024-10-05 03:40:20.566682,1.0,1.0,1.0,1.0,1.0,1.0,1.0,704086.0,0.04012093401707996,0.03771144022072075,0.04610222401715648,0.03194642892952922,0.032874340109372714,0.029939906113202793,-0.0001367066676417987,0.00021300806353489562,-0.000410120002925396,-0.0,0.0,0.0,0.0,1.0,0.0,0.0,2.03200641583296,0.7963316297915736,6.901357771049436,0.18548556329567212,0.31164024230242365,0.7739163726672849,-0.36534931813741983,-0.24486633811151773,5.331948694460662,0.0,0.0,0.0,0.0,1.0,0.0,0.0
2024-10-05 03:40:20.650294,1.0,1.0,1.0,1.0,1.0,1.0,1.0,704087.0,0.03979500713939933,0.0378493252884673,0.04615868726430256,0.03203740138402003,0.0333431600699038,0.03010148260279399,-0.00013352744281291964,0.0002034703890482585,-0.0004164784525831542,-0.0,0.0,0.0,0.0,1.0,0.0,0.0,2.033134654011667,0.7980334659440881,6.898520505415925,0.18421628548615498,0.31617428742262865,0.7736998596748825,-0.3627996975737266,-0.2489129004706802,5.328321190520263,0.0,0.0,0.0,0.0,1.0,0.0,0.0
2024-10-05 03:40:20.653793,1.0,1.0,1.0,1.0,1.0,1.0,1.0,704088.0,0.04025056580563931,0.03722482060496381,0.04576198155144106,0.031763702384431956,0.03348832035600082,0.029875030834123562,-0.0001367066676417987,0.00020664961387713754,-0.0004164784525831542,-0.0,0.0,0.0,0.0,1.0,0.0,0.0,2.032779049650033,0.7980008266038188,6.896183901481718,0.1844216102557042,0.31936850423358687,0.7735242665317276,-0.3625870806053096,-0.2516249937212302,5.32541825546818,0.0,0.0,0.0,0.0,1.0,0.0,0.0
2024-10-05 03:40:20.736322,1.0,1.0,1.0,1.0,1.0,1.0,1.0,704089.0,0.04050858489526056,0.03729472643293347,0.04541919034616077,0.03197678183797181,0.03331405211143558,0.029679554160349852,-0.00015260279178619387,0.00021300806353489565,-0.0003815069794654848,-0.0,0.0,0.0,0.0,1.0,0.0,0.0,2.032963265721443,0.7985890668243328,6.8945175440944615,0.18241569536670107,0.3201658306013043,0.778890394420256,-0.3578075513261082,-0.25266485466236643,5.360247504533319,0.0,0.0,0.0,0.0,1.0,0.0,0.0
2024-10-05 03:40:20.739822,1.0,1.0,1.0,1.0,1.0,1.0,1.0,704090.0,0.04076497090344803,0.03757304914762413,0.044725726870264354,0.03191604715477278,0.03360399710929144,0.02961410853680346,-0.00015578201661507293,0.00017803659041722622,-0.00036879008014996856,-0.0,0.0,0.0,0.0,1.0,0.0,0.0,2.033114156099694,0.799980366748487,6.894018616223728,0.18265195013109728,0.32002251908865714,0.7802305338571454,-0.358727901168816,-0.25297796415211066,5.369631676288868,0.0,0.0,0.0,0.0,1.0,0.0,0.0
2024-10-05 03:40:20.821376,1.0,1.0,1.0,1.0,1.0,1.0,1.0,704091.0,0.04057283328598263,0.037918079796158174,0.04507379225100917,0.03151841915858901,0.03310957989067469,0.029449858193388034,-0.00014306511729955676,0.00015896124144395196,-0.00037196930497884767,-0.0,0.0,0.0,0.0,1.0,0.0,0.0,2.0330425558272975,0.8004813594642447,6.893103317512051,0.18777231504339145,0.31655015384444085,0.7820060719645737,-0.36733574911545447,-0.24996167880103548,5.381238121994477,0.0,0.0,0.0,0.0,1.0,0.0,0.0
2024-10-05 03:40:20.903544,1.0,1.0,1.0,1.0,1.0,1.0,1.0,704092.0,0.04108320345271294,0.037918079796158174,0.04518921828443541,0.031364143052817484,0.03331405211143558,0.029548517961177193,-0.00015578201661507293,0.00014624434212843582,-0.00036243163049221044,-0.0,0.0,0.0,0.0,1.0,0.0,0.0,2.032057544043555,0.800903990563883,6.891358065421042,0.18722162951227078,0.3126277138535877,0.7815575783421052,-0.36582327285369176,-0.247146561424202,5.376086814752532,0.0,0.0,0.0,0.0,1.0,0.0,0.0
2024-10-05 03:40:20.907044,1.0,1.0,1.0,1.0,1.0,1.0,1.0,704093.0,0.04120980838596827,0.03729472643293347,0.04518921828443541,0.03142594437984583,0.03319736505550277,0.029251540394105244,-0.00014624434212843582,0.00014624434212843582,-0.0003433562815189362,-0.0,0.0,0.0,0.0,1.0,0.0,0.0,2.0302627053090614,0.8001535106281905,6.888943879669632,0.18759156418781373,0.30937525414403094,0.783084824352922,-0.3662601366136268,-0.24415216478375426,5.385440073172474,0.0,0.0,0.0,0.0,1.0,0.0,0.0
2024-10-05 03:40:20.988906,1.0,1.0,1.0,1.0,1.0,1.0,1.0,704094.0,0.04082881584609787,0.037780445658522906,0.04564800383634771,0.031549183850304155,0.032696799620819436,0.02977745290061739,-0.00013034821798404061,0.00015896124144395196,-0.00037196930497884756,-0.0,0.0,0.0,0.0,1.0,0.0,0.0,2.029145562302267,0.8019290369481733,6.886856789127235,0.1834046104882588,0.3082422139197457,0.7802943781266473,-0.35795177080480395,-0.24360048516946675,5.364858894451779,0.0,0.0,0.0,0.0,1.0,0.0,0.0
2024-10-05 03:40:20.992406,1.0,1.0,1.0,1.0,1.0,1.0,1.0,704095.0,0.04057283328598263,0.037224820604963814,0.045875676090774385,0.031240173622796498,0.03290383705573704,0.029416898073163358,-0.00013352744281291964,0.00012716899315516158,-0.00037832775463660567,-0.0,0.0,0.0,0.0,1.0,0.0,0.0,2.0307773663236683,0.8044283842936877,6.886939528482752,0.17933621076964606,0.30626627655827343,0.7789394329634223,-0.350713016500678,-0.24274781370610235,5.356112043730679,0.0,0.0,0.0,0.0,1.0,0.0,0.0
2024-10-05 03:40:21.074840,1.0,1.0,1.0,1.0,1.0,1.0,1.0,704096.0,0.04095620715673985,0.036802597262395625,0.04581886408620405,0.03130221970899244,0.03254810944778678,0.029712222914499722,-0.00012398976832628253,0.00011763131866852446,-0.00037514852980772667,-0.0,0.0,0.0,0.0,1.0,0.0,0.0,2.031179341942757,0.8022600038231089,6.886017993232782,0.1801805596187732,0.3067181551658247,0.7796740484797418,-0.3517390503370029,-0.2424569062236122,5.360642577887519,0.0,0.0,0.0,0.0,1.0,0.0,0.0
2024-10-05 03:40:21.077843,1.0,1.0,1.0,1.0,1.0,1.0,1.0,704097.0,0.04120980838596827,0.03771144022072075,0.04632766410980066,0.03105329154533826,0.03227874115189541,0.030198013527012933,-0.00012716899315516158,0.00014306511729955676,-0.0003942238787810009,-0.0,0.0,0.0,0.0,1.0,0.0,0.0,2.031704171047334,0.8011079908826941,6.88709970946624,0.1834153012228889,0.3001712066400625,0.7800017172904623,-0.35800388738324873,-0.23708698522144314,5.364292180804736,0.0,0.0,0.0,0.0,1.0,0.0,0.0
2024-10-05 03:40:21.160292,1.0,1.0,1.0,1.0,1.0,1.0,1.0,704098.0,0.04076497090344803,0.038463691717159486,0.04710820916537822,0.03151841915858901,0.03197678183797181,0.03010148260279399,-0.00013034821798404061,0.00015578201661507293,-0.0003846862042943638,-0.0,0.0,0.0,0.0,1.0,0.0,0.0,2.0314712633846663,0.8009767308873017,6.88676497163235,0.18526383885066977,0.2995085483231255,0.7776503369810733,-0.36284780437588265,-0.23622909705384562,5.3475889204436005,0.0,0.0,0.0,0.0,1.0,0.0,0.0
2024-10-05 03:40:21.242881,1.0,1.0,1.0,1.0,1.0,1.0,1.0,704099.0,0.04082881584609787,0.03832801689680105,0.04666378216223113,0.03182472780550264,0.03212811624624381,0.03010148260279399,-9.53767448663712e-05,0.00016849891593058908,-0.0003815069794654848,-0.0,0.0,0.0,0.0,1.0,0.0,0.0,2.0342443407297632,0.8010521183365129,6.886601757074784,0.18672598330302562,0.30025337836210725,0.7706706929641068,-0.3666733895828187,-0.236719469354419,5.299843818191708,0.0,0.0,0.0,0.0,1.0,0.0,0.0
2024-10-05 03:40:21.245881,1.0,1.0,1.0,1.0,1.0,1.0,1.0,704100.0,0.040315225390783915,0.03859888964444313,0.04705288535396546,0.03188563643118791,0.0321582976678794,0.03010148260279399,-9.53767448663712e-05,0.0002289041876792908,-0.00038786542912324284,-0.0,0.0,0.0,0.0,1.0,0.0,0.0,2.033625677882421,0.799537701317332,6.886187273571103,0.1905324185711205,0.30149246033064653,0.771845735156607,-0.37412364013655625,-0.2372387932070221,5.306947379744778,0.0,0.0,0.0,0.0,1.0,0.0,0.0
2024-10-05 03:40:21.328341,1.0,1.0,1.0,1.0,1.0,1.0,1.0,704101.0,0.041019754451988084,0.038055216156251626,0.047218662327942335,0.03188563643118791,0.03251828982682399,0.03039015553037446,-0.00010491441935300831,0.000241621086994807,-0.00042919535189867036,-0.0,0.0,0.0,0.0,1.0,0.0,0.0,2.0356269756171423,0.8002132993707566,6.887018484838136,0.1805319986814491,0.30353265989023687,0.7692121607329033,-0.3554797889299874,-0.2392494174131526,5.290047234531738,0.0,0.0,0.0,0.0,1.0,0.0,0.0
2024-10-05 03:40:21.331838,1.0,1.0,1.0,1.0,1.0,1.0,1.0,704102.0,0.04076497090344803,0.03893483061427055,0.04765791515713948,0.03194642892952922,0.032308781866774994,0.030422061214259163,-0.00011763131866852444,0.0002829510097702345,-0.00043237457672754936,-0.0,0.0,0.0,0.0,1.0,0.0,0.0,2.0360535794608703,0.8001443434297324,6.888683631357037,0.18082494128344195,0.3054736536956148,0.7707462478093291,-0.3544238258038382,-0.24054678925744225,5.3025066839212975,0.0,0.0,0.0,0.0,1.0,0.0,0.0
2024-10-05 03:40:21.413794,1.0,1.0,1.0,1.0,1.0,1.0,1.0,704103.0,0.04139898983206046,0.0387336156723732,0.04803896680377672,0.03157991857152382,0.03218845078999174,0.030612797008878905,-0.00010173519452412925,0.0002861302345991135,-0.00042919535189867036,-0.0,0.0,0.0,0.0,1.0,0.0,0.0,2.0383332074443756,0.8024689575196706,6.890929504549197,0.18007817380465524,0.30470686631603694,0.7687225705991503,-0.3529301957008991,-0.24072237834938012,5.2898831890537625,0.0,0.0,0.0,0.0,1.0,0.0,0.0
2024-10-05 03:40:21.495819,1.0,1.0,1.0,1.0,1.0,1.0,1.0,704104.0,0.04114655461363215,0.038733615672373205,0.0483631929817295,0.031641298451732976,0.032756086704177324,0.03016587087444806,-0.00010809364418188734,0.00025751721113920217,-0.00040694077809651707,-0.0,0.0,0.0,0.0,1.0,0.0,0.0,2.03890715149185,0.8015692861600681,6.894095224629514,0.17801500654460906,0.3048869255935088,0.7707176771004882,-0.3487005314387449,-0.24070339131220772,5.305275439705371,0.0,0.0,0.0,0.0,1.0,0.0,0.0
2024-10-05 03:40:21.499319,1.0,1.0,1.0,1.0,1.0,1.0,1.0,704105.0,0.041587310697157,0.039201510653345636,0.048093156292865306,0.03182472780550264,0.03299216966314644,0.03039015553037446,-9.219752003749214e-05,0.0002670548856258393,-0.0004260161270697913,-0.0,0.0,0.0,0.0,1.0,0.0,0.0,2.0386622903769056,0.800914344956404,6.894926993628836,0.17325388642063988,0.30518133889325616,0.7687048723514872,-0.33814848027348876,-0.24077705597004828,5.29190371259223,0.0,0.0,0.0,0.0,1.0,0.0,0.0
2024-10-05 03:40:21.581111,1.0,1.0,1.0,1.0,1.0,1.0,1.0,704106.0,0.04133602555253029,0.03900167157440239,0.04782159479808185,0.032097906445255474,0.03290383705573704,0.029939906113202793,-9.537674486637117e-05,0.00029566790908575063,-0.0004164784525831542,-0.0,0.0,0.0,0.0,1.0,0.0,0.0,2.0356858338136146,0.8028905423743227,6.897179142006231,0.17132328646017433,0.30480191085640357,0.7677390138586581,-0.3348724699162543,-0.24125987550899117,5.285908228641093,0.0,0.0,0.0,0.0,1.0,0.0,0.0
2024-10-05 03:40:21.584611,1.0,1.0,1.0,1.0,1.0,1.0,1.0,704107.0,0.041209808385968265,0.038055216156251626,0.047657915157139484,0.03227874115189541,0.03290383705573704,0.029548517961177193,-8.90182952086131e-05,0.0002734133352835974,-0.0003910446539521219,-0.0,0.0,0.0,0.0,1.0,0.0,0.0,2.033753610223934,0.8048554152206786,6.8975974964465925,0.17236702084791036,0.3037756201883262,0.76389393806605,-0.3368549520951959,-0.24099060862302144,5.258479092156117,0.0,0.0,0.0,0.0,1.0,0.0,0.0
2024-10-05 03:40:21.666800,1.0,1.0,1.0,1.0,1.0,1.0,1.0,704108.0,0.04183708658073959,0.03798670986099516,0.04716346808075751,0.03182472780550264,0.032756086704177324,0.029939906113202793,-8.90182952086131e-05,0.00026069643596808123,-0.00041329922775427513,-0.0,0.0,0.0,0.0,1.0,0.0,0.0,2.0325028383223605,0.8038508977214888,6.89876301505031,0.1659946447149664,0.29895091001041535,0.7621916228041151,-0.32252756934298393,-0.23704509809325786,5.247411192838418,0.0,0.0,0.0,0.0,1.0,0.0,0.0
2024-10-05 03:40:21.750180,1.0,1.0,1.0,1.0,1.0,1.0,1.0,704109.0,0.04152463197171362,0.0378493252884673,0.04738385931883414,0.031763702384431956,0.03290383705573704,0.029875030834123562,-0.00012398976832628253,0.0002511587614814441,-0.00041965767741203324,-0.0,0.0,0.0,0.0,1.0,0.0,0.0,2.032308327470678,0.8036487854905663,6.898923676609204,0.16798029280961982,0.29710803570556116,0.763377205216573,-0.32665819822852427,-0.2356426499246471,5.255912061551695,0.0,0.0,0.0,0.0,1.0,0.0,0.0
2024-10-05 03:40:21.753101,1.0,1.0,1.0,1.0,1.0,1.0,1.0,704110.0,0.042023444236177564,0.0373645014732293,0.04727379213344165,0.03148762440853117,0.0333431600699038,0.0300692367632191,-0.0001208105434974035,0.0002638756607969603,-0.0004482707008719446,-0.0,0.0,0.0,0.0,1.0,0.0,0.0,2.0335105462949894,0.8033584908384506,6.900420042964148,0.16911635961970242,0.29627906431191176,0.7611895225708433,-0.3293300738644566,-0.23495080686651496,5.243051230822166,0.0,0.0,0.0,0.0,1.0,0.0,0.0
2024-10-05 03:40:21.835691,1.0,1.0,1.0,1.0,1.0,1.0,1.0,704111.0,0.0420853800755884,0.03743414645719283,0.04671956673942695,0.031146872746571578,0.03313886745048406,0.02977745290061739,-0.0001303482179840406,0.0002670548856258393,-0.00041965767741203324,-0.0,0.0,0.0,0.0,1.0,0.0,0.0,2.0339324716090337,0.802450675921372,6.900667015276931,0.17356681788121553,0.2966379363597483,0.7603391960944692,-0.3387890099700309,-0.23501174411173045,5.236593346282029,0.0,0.0,0.0,0.0,1.0,0.0,0.0
2024-10-05 03:40:21.839192,1.0,1.0,1.0,1.0,1.0,1.0,1.0,704112.0,0.04282162331969714,0.036447008273383014,0.04598908955455483,0.03127121205432006,0.03319736505550277,0.030230122003416366,-0.00013034821798404061,0.0002511587614814441,-0.00041965767741203314,-0.0,0.0,0.0,0.0,1.0,0.0,0.0,2.033848093548556,0.8022806774725675,6.90041249363606,0.1768944651505813,0.29399001185660883,0.7545453914738579,-0.3473795509063741,-0.23283725735921143,5.194993900095876,0.0,0.0,0.0,0.0,1.0,0.0,0.0
2024-10-05 03:40:21.919960,1.0,1.0,1.0,1.0,1.0,1.0,1.0,704113.0,0.042393702000235525,0.03687330356631608,0.045419190346160765,0.03145679951185349,0.03351727697218139,0.030612797008878905,-0.00015260279178619387,0.00026069643596808123,-0.0004419122512141865,-0.0,0.0,0.0,0.0,1.0,0.0,0.0,2.034004040554938,0.8017834603718819,6.90116168823856,0.17767364071893127,0.29624631878878105,0.7564941157004875,-0.3495789836399578,-0.23456339561236728,5.20887475315129,0.0,0.0,0.0,0.0,1.0,0.0,0.0
2024-10-05 03:40:21.923460,1.0,1.0,1.0,1.0,1.0,1.0,1.0,704114.0,0.04269979768643891,0.03594327416403232,0.044842048853109995,0.03148762440853117,0.033459338679991214,0.03105329154533826,-0.00015260279178619387,0.00027977178494135546,-0.0004482707008719446,-0.0,0.0,0.0,0.0,1.0,0.0,0.0,2.0336998191405216,0.8024143733918209,6.89999506485109,0.18165101174812798,0.2959603433242023,0.7526784327707802,-0.3576371284745173,-0.23456039931912578,5.182086259906598,0.0,0.0,0.0,0.0,1.0,0.0,0.0
2024-10-05 03:40:22.005967,1.0,1.0,1.0,1.0,1.0,1.0,1.0,704115.0,0.04312468176012515,0.03601566753881429,0.044550674429986614,0.03173314566510837,0.03308026640118225,0.03145679951185349,-0.00015260279178619387,0.0002988471339146297,-0.0004355538015564284,-0.0,0.0,0.0,0.0,1.0,0.0,0.0,2.033745925870553,0.8021262821740154,6.898750178105048,0.1872386954687753,0.2993544217130883,0.7518176403213492,-0.37030996861208076,-0.23720541555164273,5.175160062092131,0.0,0.0,0.0,0.0,1.0,0.0,0.0
2024-10-05 03:40:22.089646,1.0,1.0,1.0,1.0,1.0,1.0,1.0,704116.0,0.04330549882888885,0.03630379747090976,0.04466745228281863,0.0316106234096681,0.03325575976212062,0.031641298451732976,-0.00014624434212843582,0.00027023411045471834,-0.0004514499257008236,-0.0,0.0,0.0,0.0,1.0,0.0,0.0,2.0341780460355094,0.8012652354210742,6.8967532088550625,0.18495435182825468,0.2996471790736872,0.7519854319657835,-0.3645251818990241,-0.23707139188061577,5.175777487739453,0.0,0.0,0.0,0.0,1.0,0.0,0.0
2024-10-05 03:40:22.092648,1.0,1.0,1.0,1.0,1.0,1.0,1.0,704117.0,0.043664886724146465,0.03630379747090976,0.04443358966925188,0.031364143052817484,0.03299216966314644,0.032007105962223864,-0.00014942356695731485,0.00027023411045471834,-0.0004705252746740978,-0.0,0.0,0.0,0.0,1.0,0.0,0.0,2.0350981825575247,0.8018900598542156,6.896672097919751,0.18190167804560772,0.3006500714256796,0.7545891656192254,-0.35860240589455217,-0.23824942083943085,5.19434096048866,0.0,0.0,0.0,0.0,1.0,0.0,0.0
2024-10-05 03:40:22.174415,1.0,1.0,1.0,1.0,1.0,1.0,1.0,704118.0,0.0436051944382425,0.035725213865335635,0.04437493143949452,0.0316106234096681,0.0333431600699038,0.03182472780550264,-0.00014942356695731485,0.00026069643596808123,-0.0004673460498452188,-0.0,0.0,0.0,0.0,1.0,0.0,0.0,2.0356883928270317,0.8040270432701498,6.8958420502803905,0.18670689106715505,0.3026283319241896,0.7557481649203659,-0.3705189879259462,-0.2405517872848353,5.202174040596212,0.0,0.0,0.0,0.0,1.0,0.0,0.0
2024-10-05 03:40:22.177415,1.0,1.0,1.0,1.0,1.0,1.0,1.0,704119.0,0.043784027154931265,0.036518403069078165,0.044725726870264354,0.031549183850304155,0.033226575237181734,0.03221857569203676,-0.00012716899315516158,0.0002670548856258393,-0.0005023175229628882,-0.0,0.0,0.0,0.0,1.0,0.0,0.0,2.0334339803076062,0.8057475904544019,6.897433782960746,0.18603589711735666,0.3025944414760934,0.7557687032858141,-0.36832797214804364,-0.24077242801115384,5.203343705165895,0.0,0.0,0.0,0.0,1.0,0.0,0.0
2024-10-05 03:40:22.259890,1.0,1.0,1.0,1.0,1.0,1.0,1.0,704120.0,0.0436051944382425,0.036873303566316074,0.044725726870264354,0.0316106234096681,0.03248844283583844,0.032067668184708895,-0.00013034821798404061,0.00025433798631032317,-0.0004482707008719446,-0.0,0.0,0.0,0.0,1.0,0.0,0.0,2.0318017459897146,0.8070878247422225,6.8972693103117875,0.18129255445475737,0.3032293332443624,0.7554887588865263,-0.35833179330495113,-0.24168472886401707,5.201156474179455,0.0,0.0,0.0,0.0,1.0,0.0,0.0
2024-10-05 03:40:22.342492,1.0,1.0,1.0,1.0,1.0,1.0,1.0,704121.0,0.04330549882888886,0.0373645014732293,0.04449217056439318,0.03182472780550264,0.03242866644143693,0.032368779656366614,-8.583907037973408e-05,0.0002765925601124764,-0.00043237457672754936,-0.0,0.0,0.0,0.0,1.0,0.0,0.0,2.0291176108623734,0.8092072712904601,6.898691744332021,0.17962973187139541,0.3033422025307859,0.756675451719505,-0.35408610465627516,-0.24244922519960438,5.210984488429863,0.0,0.0,0.0,0.0,1.0,0.0,0.0
2024-10-05 03:40:22.346491,1.0,1.0,1.0,1.0,1.0,1.0,1.0,704122.0,0.04276075388833108,0.038055216156251626,0.04513154216867338,0.03151841915858901,0.032308781866774994,0.032007105962223864,-5.0867597262064634e-05,0.0002734133352835974,-0.00042283690224091225,-0.0,0.0,0.0,0.0,1.0,0.0,0.0,2.028438317655791,0.8102051478186002,6.9000320587176756,0.17881008325342657,0.30289870894190957,0.7597213417618335,-0.3523450480167695,-0.2424810805277509,5.234126267814818,0.0,0.0,0.0,0.0,1.0,0.0,0.0
2024-10-05 03:40:22.427980,1.0,1.0,1.0,1.0,1.0,1.0,1.0,704123.0,0.0423322172659213,0.038463691717159486,0.04449217056439318,0.03151841915858901,0.03173314566510837,0.03167194378429309,-3.497147311766943e-05,0.0002893094594279926,-0.00037832775463660567,-0.0,0.0,0.0,0.0,1.0,0.0,0.0,2.0275125893954113,0.8113763465471888,6.899619137037935,0.1820024739982802,0.29885184056803765,0.7572207142572379,-0.3587899128742745,-0.23929820758043388,5.2166676093362385,0.0,0.0,0.0,0.0,1.0,0.0,0.0
2024-10-05 03:40:22.431418,1.0,1.0,1.0,1.0,1.0,1.0,1.0,704124.0,0.0420853800755884,0.03959816335788845,0.045304350237362054,0.031240173622796498,0.03127121205432006,0.03148762440853117,-3.497147311766944e-05,0.0002829510097702345,-0.00036879008014996856,-0.0,0.0,0.0,0.0,1.0,0.0,0.0,2.027317599754686,0.8119356489423475,6.899371372167839,0.17748214279068628,0.2989332931963643,0.7583159825308059,-0.3493020798858806,-0.23961112362528109,5.2244910802788,0.0,0.0,0.0,0.0,1.0,0.0,0.0
2024-10-05 03:40:22.513472,1.0,1.0,1.0,1.0,1.0,1.0,1.0,704125.0,0.04164989509779679,0.039135011011481306,0.04541919034616077,0.030990747087997286,0.031178004061435775,0.03130221970899244,-1.907534897327424e-05,0.0002765925601124764,-0.0003433562815189363,-0.0,0.0,0.0,0.0,1.0,0.0,0.0,2.0249562575307984,0.8132042424148596,6.8998706679746835,0.18137066757232967,0.2940823935934195,0.7574376786262809,-0.35488243739605163,-0.23578788078372823,5.218539949878284,0.0,0.0,0.0,0.0,1.0,0.0,0.0
2024-10-05 03:40:22.516476,1.0,1.0,1.0,1.0,1.0,1.0,1.0,704126.0,0.041461858493688546,0.039729500910396995,0.045246820880521094,0.03095942747707764,0.03064447088906264,0.03120910432259612,-6.358449657758079e-05,0.0002893094594279926,-0.00034653550634781527,-0.0,0.0,0.0,0.0,1.0,0.0,0.0,2.028020242269958,0.8152311123408446,6.900282064707678,0.1835386893294945,0.28809742303729863,0.7544349040326946,-0.36032830234158686,-0.2312917924345253,5.1981549326937895,0.0,0.0,0.0,0.0,1.0,0.0,0.0
2024-10-05 03:40:22.598221,1.0,1.0,1.0,1.0,1.0,1.0,1.0,704127.0,0.04127296521748623,0.03986040571620479,0.044667452282818626,0.031084516582433108,0.030928076150071922,0.03086527796111811,-6.676372140645982e-05,0.00029248868425687163,-0.0003306393822034201,-0.0,0.0,0.0,0.0,1.0,0.0,0.0,2.027184121760135,0.8148836269335016,6.899613851895713,0.18147485566194038,0.286079723018478,0.7544066137069703,-0.35555169576245954,-0.22939651815887596,5.197640857085349,0.0,0.0,0.0,0.0,1.0,0.0,0.0
2024-10-05 03:40:22.681468,1.0,1.0,1.0,1.0,1.0,1.0,1.0,704128.0,0.04108320345271294,0.0401858021823441,0.045419190346160765,0.031115710284795706,0.030802351742838057,0.030928076150071922,-4.7688372433185584e-05,0.0003083848084012668,-0.00034653550634781527,-0.0,0.0,0.0,0.0,1.0,0.0,0.0,2.027422660821466,0.8157877719208947,6.901280488424088,0.18313151961579802,0.2854264307215957,0.7545035026470014,-0.35919754963346784,-0.2290981315079226,5.199584995121446,0.0,0.0,0.0,0.0,1.0,0.0,0.0
2024-10-05 03:40:22.684968,1.0,1.0,1.0,1.0,1.0,1.0,1.0,704129.0,0.04133602555253029,0.0402505658056393,0.04547650165015325,0.031240173622796498,0.030833830904597324,0.030928076150071922,-5.4046822090943663e-05,0.00030202635874350875,-0.000321101707716783,-0.0,0.0,0.0,0.0,1.0,0.0,0.0,2.0267582213087114,0.8149193739905664,6.899940416546082,0.18085424776142603,0.28610814233457227,0.7535821358596473,-0.35347371488426005,-0.22967761041550547,5.192297252999818,0.0,0.0,0.0,0.0,1.0,0.0,0.0
2024-10-05 03:40:22.767439,1.0,1.0,1.0,1.0,1.0,1.0,1.0,704130.0,0.04139898983206046,0.04063698009803076,0.04564800383634771,0.031115710284795706,0.030833830904597324,0.03095942747707764,-5.722604691982271e-05,0.0002765925601124764,-0.0003560731808344524,-0.0,0.0,0.0,0.0,1.0,0.0,0.0,2.0273020377733704,0.8142431823728126,6.897938505446782,0.1805081850097105,0.28310331649489645,0.7527988637364079,-0.3527273519051042,-0.22709381318490174,5.1854067625901425,0.0,0.0,0.0,0.0,1.0,0.0,0.0
2024-10-05 03:40:22.770440,1.0,1.0,1.0,1.0,1.0,1.0,1.0,704131.0,0.041649895097796784,0.04063698009803076,0.04587567609077438,0.030990747087997286,0.030896693010431804,0.030896693010431804,-7.630139589309694e-05,0.0002638756607969603,-0.0003656108553210895,-0.0,0.0,0.0,0.0,1.0,0.0,0.0,2.0277687840942185,0.8116585355067704,6.895767727606471,0.17947924912714167,0.2791436608095162,0.753440482851974,-0.351021685168439,-0.22316541411787463,5.187955971032099,0.0,0.0,0.0,0.0,1.0,0.0,0.0
2024-10-05 03:40:22.852378,1.0,1.0,1.0,1.0,1.0,1.0,1.0,704132.0,0.04152463197171362,0.040315225390783915,0.04576198155144105,0.030990747087997286,0.03086527796111811,0.031115710284795706,-7.630139589309694e-05,0.00027023411045471834,-0.0003910446539521218,-0.0,0.0,0.0,0.0,1.0,0.0,0.0,2.0281764929887154,0.8103746658184462,6.893427923493996,0.17784029986542702,0.27867176999554827,0.7516972672490613,-0.3478473427205472,-0.22255386541062908,5.17360096350753,0.0,0.0,0.0,0.0,1.0,0.0,0.0
2024-10-05 03:40:22.935349,1.0,1.0,1.0,1.0,1.0,1.0,1.0,704133.0,0.041649895097796784,0.04037978143756248,0.04587567609077438,0.03077084037730748,0.031146872746571578,0.031146872746571578,-6.040527174870175e-05,0.0002670548856258393,-0.000403761553267638,-0.0,0.0,0.0,0.0,1.0,0.0,0.0,2.0273352978156263,0.8079529304129324,6.8908415212314535,0.17544980045317193,0.28089472025451334,0.7519175354389162,-0.34329928287657213,-0.22363662065501205,5.173043257664169,0.0,0.0,0.0,0.0,1.0,0.0,0.0
2024-10-05 03:40:22.938849,1.0,1.0,1.0,1.0,1.0,1.0,1.0,704134.0,0.04139898983206045,0.039400336158606504,0.04484204885310999,0.030517578125,0.03120910432259612,0.031240173622796498,-6.676372140645982e-05,0.00027023411045471834,-0.00041012000292539613,-0.0,0.0,0.0,0.0,1.0,0.0,0.0,2.029394138631541,0.8070335530138841,6.89050847720996,0.17964121872373967,0.27940584541764246,0.7534370083759516,-0.3517273931792971,-0.22199495263932348,5.1825853561514945,0.0,0.0,0.0,0.0,1.0,0.0,0.0
2024-10-05 03:40:23.020877,1.0,1.0,1.0,1.0,1.0,1.0,1.0,704135.0,0.04152463197171362,0.039201510653345636,0.04518921828443541,0.030517578125,0.0313331966781849,0.031146872746571578,-9.219752003749214e-05,0.0002734133352835974,-0.00042283690224091225,-0.0,0.0,0.0,0.0,1.0,0.0,0.0,2.03158651053985,0.8043079768844448,6.889843096961889,0.17252648910445978,0.282074397207457,0.7508482397175024,-0.3398885234299471,-0.2235225218083756,5.163962584130712,0.0,0.0,0.0,0.0,1.0,0.0,0.0
2024-10-05 03:40:23.023875,1.0,1.0,1.0,1.0,1.0,1.0,1.0,704136.0,0.04183708658073959,0.03886787470812279,0.04553374081900146,0.030802351742838057,0.031549183850304155,0.03170255949350469,-6.994294623533886e-05,0.0003083848084012668,-0.00042919535189867036,-0.0,0.0,0.0,0.0,1.0,0.0,0.0,2.0315610127441865,0.8023222851200245,6.889757368073131,0.17227053904067105,0.283374390451018,0.7527042717154369,-0.3395449169316592,-0.224281132793238,5.176523613117812,0.0,0.0,0.0,0.0,1.0,0.0,0.0
2024-10-05 03:40:23.106424,1.0,1.0,1.0,1.0,1.0,1.0,1.0,704137.0,0.04152463197171362,0.03819186010094626,0.04615868726430257,0.03039015553037446,0.03145679951185349,0.03185519667586617,-5.0867597262064634e-05,0.00029566790908575063,-0.0004482707008719446,-0.0,0.0,0.0,0.0,1.0,0.0,0.0,2.0322392621637233,0.8011405036337027,6.888091724838785,0.1734960196500787,0.28408395651290674,0.7540952275545558,-0.34183490710897974,-0.22457920614756463,5.18471047029938,0.0,0.0,0.0,0.0,1.0,0.0,0.0
2024-10-05 03:40:23.188918,1.0,1.0,1.0,1.0,1.0,1.0,1.0,704138.0,0.04133602555253029,0.037780445658522906,0.04576198155144105,0.02990748606458951,0.03148762440853117,0.03191604715477278,-2.8613023459911357e-05,0.0002734133352835974,-0.0004355538015564284,-0.0,0.0,0.0,0.0,1.0,0.0,0.0,2.033416047286127,0.7985226327605706,6.886172900194162,0.16898345848221846,0.28551818549663693,0.7536464395602652,-0.33280756969788317,-0.22509874867700785,5.17976647711248,0.0,0.0,0.0,0.0,1.0,0.0,0.0
2024-10-05 03:40:23.192524,1.0,1.0,1.0,1.0,1.0,1.0,1.0,704139.0,0.041336025552530284,0.03757304914762413,0.04518921828443541,0.029416898073163358,0.0313331966781849,0.03182472780550264,-2.225457380215326e-05,0.00025433798631032317,-0.0004387330263853075,-0.0,0.0,0.0,0.0,1.0,0.0,0.0,2.0354149917834743,0.7954473364023041,6.884252784016806,0.1696733199169029,0.2856744405718264,0.7534163757897269,-0.33476114237803356,-0.22406928539908505,5.176924910351306,0.0,0.0,0.0,0.0,1.0,0.0,0.0
2024-10-05 03:40:23.274360,1.0,1.0,1.0,1.0,1.0,1.0,1.0,704140.0,0.041461858493688546,0.03743414645719283,0.04484204885310999,0.02977745290061739,0.03167194378429309,0.03182472780550264,-3.179224828879039e-05,0.0002988471339146297,-0.00041965767741203324,-0.0,0.0,0.0,0.0,1.0,0.0,0.0,2.035343472450962,0.7954276892877861,6.885089525123228,0.16705320607452623,0.2878402664696113,0.7522658408071652,-0.3290998597183988,-0.2258879449822147,5.169904971662947,0.0,0.0,0.0,0.0,1.0,0.0,0.0
2024-10-05 03:40:23.277857,1.0,1.0,1.0,1.0,1.0,1.0,1.0,704141.0,0.04076497090344803,0.03771144022072075,0.044725726870264354,0.02984254030701896,0.03185519667586617,0.031763702384431956,-2.8613023459911346e-05,0.0002893094594279926,-0.00041329922775427513,-0.0,0.0,0.0,0.0,1.0,0.0,0.0,2.0359361703137386,0.796587917033553,6.885173042320229,0.16675119942019193,0.28996012569751517,0.7548728503191349,-0.32839623754816927,-0.22803011802628778,5.187101823500064,0.0,0.0,0.0,0.0,1.0,0.0,0.0
2024-10-05 03:40:23.359112,1.0,1.0,1.0,1.0,1.0,1.0,1.0,704142.0,0.040185802182344105,0.037780445658522906,0.04478392562861249,0.030198013527012933,0.03167194378429309,0.03170255949350469,-2.5433798631032314e-05,0.00027977178494135546,-0.0004228369022409122,-0.0,0.0,0.0,0.0,1.0,0.0,0.0,2.0373507535694513,0.7968414541014145,6.886594192598602,0.16533235748550676,0.2913938104403251,0.7581657797220172,-0.3255298215283792,-0.22923067280229328,5.21197709204426,0.0,0.0,0.0,0.0,1.0,0.0,0.0
2024-10-05 03:40:23.362563,1.0,1.0,1.0,1.0,1.0,1.0,1.0,704143.0,0.04031522539078391,0.03722482060496381,0.044900096837092805,0.030036956306502573,0.03173314566510837,0.031763702384431956,-4.768837243318558e-05,0.00027977178494135546,-0.0004323745767275493,-0.0,0.0,0.0,0.0,1.0,0.0,0.0,2.0392565781796845,0.7981144584135395,6.888842259384052,0.1622605110536896,0.29231756527420394,0.7605340012332538,-0.31903116637353807,-0.2303737723412292,5.2290669688533375,0.0,0.0,0.0,0.0,1.0,0.0,0.0
2024-10-05 03:40:23.445212,1.0,1.0,1.0,1.0,1.0,1.0,1.0,704144.0,0.04089256110871732,0.037918079796158174,0.04536180663361167,0.03010148260279399,0.03203740138402003,0.0313331966781849,-4.450914760430654e-05,0.0002638756607969603,-0.00042919535189867036,-0.0,0.0,0.0,0.0,1.0,0.0,0.0,2.037960617140216,0.7973286861087132,6.890091960528947,0.15720129090540133,0.2937175680945569,0.7543927947422903,-0.30905676269732907,-0.23141760521073956,5.186865547379679,0.0,0.0,0.0,0.0,1.0,0.0,0.0
2024-10-05 03:40:23.528547,1.0,1.0,1.0,1.0,1.0,1.0,1.0,704145.0,0.04037978143756249,0.03839591423416136,0.045131542168673384,0.029810014367864183,0.032097906445255474,0.031084516582433108,-2.225457380215327e-05,0.00027977178494135546,-0.0004164784525831542,-0.0,0.0,0.0,0.0,1.0,0.0,0.0,2.036765996555171,0.7973586869480096,6.891342190975353,0.15414687461504278,0.29555594910635635,0.7588505796929187,-0.30165526025763434,-0.23283320342702224,5.21928754711999,0.0,0.0,0.0,0.0,1.0,0.0,0.0
2024-10-05 03:40:23.531547,1.0,1.0,1.0,1.0,1.0,1.0,1.0,704146.0,0.03979500713939933,0.03743414645719283,0.044900096837092805,0.029051868842559465,0.03188563643118791,0.030612797008878905,-1.2716899315516153e-05,0.0002511587614814441,-0.00041012000292539613,-0.0,0.0,0.0,0.0,1.0,0.0,0.0,2.034136927063931,0.7968583986703794,6.890176173145249,0.15854394152224688,0.3031368435550123,0.7605050772423757,-0.30842668112788657,-0.23867474939605163,5.229586814166097,0.0,0.0,0.0,0.0,1.0,0.0,0.0
2024-10-05 03:40:23.613362,1.0,1.0,1.0,1.0,1.0,1.0,1.0,704147.0,0.03999088202492748,0.03812359934915173,0.044609101569099904,0.029416898073163358,0.03167194378429309,0.03010148260279399,3.179224828879043e-06,0.0002638756607969603,-0.0003910446539521219,-0.0,0.0,0.0,0.0,1.0,0.0,0.0,2.034116439251923,0.7953660723387168,6.889759636374974,0.16327693911951918,0.30452123934196196,0.7566275345507911,-0.3174925876666526,-0.23942082641318588,5.202352863582189,0.0,0.0,0.0,0.0,1.0,0.0,0.0
2024-10-05 03:40:23.617361,1.0,1.0,1.0,1.0,1.0,1.0,1.0,704148.0,0.04025056580563931,0.039135011011481306,0.0440213406934204,0.029151875571506957,0.03197678183797181,0.02964684940754005,-2.2254573802153274e-05,0.0002829510097702345,-0.00036243163049221055,-0.0,0.0,0.0,0.0,1.0,0.0,0.0,2.032343924710982,0.795231191445337,6.88917235929655,0.16675543190407477,0.30192195401619976,0.7546842967538404,-0.3233930144775358,-0.23713086987845608,5.188598145010265,0.0,0.0,0.0,0.0,1.0,0.0,0.0
2024-10-05 03:40:23.698601,1.0,1.0,1.0,1.0,1.0,1.0,1.0,704149.0,0.040055960801949016,0.03959816335788845,0.04390284427203976,0.029416898073163358,0.03179422973639322,0.029317795383615314,-3.1792248288790396e-05,0.0003306393822034201,-0.0003306393822034201,-0.0,0.0,0.0,0.0,1.0,0.0,0.0,2.0298270409526062,0.796484479416447,6.889422003229958,0.17053563896091584,0.3011033209988666,0.7578994905897212,-0.3298669107882235,-0.2369794845279238,5.2108055981587045,0.0,0.0,0.0,0.0,1.0,0.0,0.0
2024-10-05 03:40:23.782126,1.0,1.0,1.0,1.0,1.0,1.0,1.0,704150.0,0.04012093401707996,0.03999088202492748,0.044080469451694804,0.029051868842559465,0.031763702384431956,0.029018456676423974,-1.9075348973274234e-05,0.00033699783186117815,-0.000321101707716783,-0.0,0.0,0.0,0.0,1.0,0.0,0.0,2.0275020231647063,0.7949247164523182,6.88958741933432,0.17348072331933287,0.3011355383713193,0.757663035755499,-0.33583159705016197,-0.23651879971105336,5.209512099417679,0.0,0.0,0.0,0.0,1.0,0.0,0.0
2024-10-05 03:40:23.785626,1.0,1.0,1.0,1.0,1.0,1.0,1.0,704151.0,0.04076497090344803,0.039135011011481306,0.044080469451694804,0.029416898073163358,0.031641298451732976,0.028682194376366547,-4.4509147604306555e-05,0.00034653550634781527,-0.00031156403323014586,-0.0,0.0,0.0,0.0,1.0,0.0,0.0,2.0265887197618477,0.7939404415261556,6.889336269101232,0.17148540153820802,0.30399346498091406,0.7540420307921504,-0.33093675148307017,-0.23849493185098486,5.184840158281519,0.0,0.0,0.0,0.0,1.0,0.0,0.0
2024-10-05 03:40:23.866984,1.0,1.0,1.0,1.0,1.0,1.0,1.0,704152.0,0.04183708658073959,0.03933417265909615,0.0440804694516948,0.029118578158502894,0.03170255949350469,0.028239067876162333,-3.1792248288790396e-05,0.00037514852980772667,-0.00025433798631032317,-0.0,0.0,0.0,0.0,1.0,0.0,0.0,2.023928557826632,0.7920247352092835,6.888503825036435,0.17105807956852032,0.30780818178598596,0.7562820422335482,-0.3293891145086167,-0.2407602052373904,5.198605739204941,0.0,0.0,0.0,0.0,1.0,0.0,0.0
2024-10-05 03:40:23.870484,1.0,1.0,1.0,1.0,1.0,1.0,1.0,704153.0,0.0420853800755884,0.03940033615860651,0.04425738174574523,0.029251540394105244,0.03151841915858901,0.027962884536546752,-2.543379863103232e-05,0.0003846862042943638,-0.00022254573802153277,-0.0,0.0,0.0,0.0,1.0,0.0,0.0,2.0225868625206735,0.7903336360559642,6.887754009933849,0.17847557325597502,0.30825030684530486,0.7554459337552933,-0.3438229844713007,-0.24042134865238854,5.193185459449697,0.0,0.0,0.0,0.0,1.0,0.0,0.0
2024-10-05 03:40:23.952196,1.0,1.0,1.0,1.0,1.0,1.0,1.0,704154.0,0.04189929789626443,0.039598163357888454,0.04384347596324186,0.029515668014433095,0.03105329154533826,0.02789341142414604,-4.132992277542751e-05,0.0004164784525831542,-0.0001907534897327424,-0.0,0.0,0.0,0.0,1.0,0.0,0.0,2.0217510716213813,0.7894900272841513,6.886500858686119,0.17810826130781302,0.3107755632955158,0.7623775217997653,-0.34375930535493665,-0.24212232435030157,5.241357532437171,0.0,0.0,0.0,0.0,1.0,0.0,0.0
2024-10-05 03:40:23.955196,1.0,1.0,1.0,1.0,1.0,1.0,1.0,704155.0,0.042023444236177564,0.03926789767914727,0.043962132407454745,0.029548517961177193,0.031084516582433108,0.027788876097916127,-7.630139589309694e-05,0.000403761553267638,-0.00019711193939050042,-0.0,0.0,0.0,0.0,1.0,0.0,0.0,2.022748828502066,0.7905694109869352,6.886163822256425,0.17854021394460792,0.3096904618008322,0.7614605864418005,-0.3458842996510917,-0.24160629957425703,5.234778908844041,0.0,0.0,0.0,0.0,1.0,0.0,0.0
2024-10-05 03:40:24.037445,1.0,1.0,1.0,1.0,1.0,1.0,1.0,704156.0,0.04269979768643891,0.039729500910396995,0.044316195568033935,0.03013369393635788,0.030802351742838057,0.02782376484498668,-6.676372140645982e-05,0.00041012000292539613,-0.00019075348973274234,-0.0,0.0,0.0,0.0,1.0,0.0,0.0,2.023944001051862,0.7901280661603284,6.886667101395753,0.17396051008853095,0.308086608588085,0.7610042540580098,-0.3370046174682745,-0.24037971594629606,5.232029106454549,0.0,0.0,0.0,0.0,1.0,0.0,0.0
2024-10-05 03:40:24.120533,1.0,1.0,1.0,1.0,1.0,1.0,1.0,704157.0,0.04245509769062346,0.03966388649582423,0.04478392562861249,0.029679554160349852,0.03077084037730748,0.027962884536546752,-8.583907037973405e-05,0.00041012000292539613,-0.00020029116421937945,-0.0,0.0,0.0,0.0,1.0,0.0,0.0,2.0261576966013473,0.7908182903155189,6.888415810736339,0.17027951490487758,0.31017726872876605,0.7618792750555378,-0.3290545599699111,-0.24227906728341583,5.238933495459541,0.0,0.0,0.0,0.0,1.0,0.0,0.0
2024-10-05 03:40:24.123533,1.0,1.0,1.0,1.0,1.0,1.0,1.0,704158.0,0.043124681760125134,0.03893483061427055,0.04518921828443541,0.029939906113202793,0.0303262434606198,0.028066771771894115,-9.855596969525021e-05,0.00041329922775427513,-0.0002289041876792908,-0.0,0.0,0.0,0.0,1.0,0.0,0.0,2.026293813087539,0.7906089461901231,6.890002454368494,0.16812777187988495,0.31384782250246435,0.7664200994472454,-0.3249897296839542,-0.2453092491271458,5.27169360323721,0.0,0.0,0.0,0.0,1.0,0.0,0.0
2024-10-05 03:40:24.205438,1.0,1.0,1.0,1.0,1.0,1.0,1.0,704159.0,0.043902844272039755,0.038463691717159486,0.045932417826860104,0.030230122003416366,0.030358216314476834,0.028749761476771198,-0.00011763131866852446,0.0003942238787810009,-0.00024797953665256506,-0.0,0.0,0.0,0.0,1.0,0.0,0.0,2.0279998370695056,0.7912356018868172,6.891839800858798,0.16416805930679418,0.3133397386931879,0.7660021840549859,-0.31857119646172166,-0.24492182315436464,5.269987848188744,0.0,0.0,0.0,0.0,1.0,0.0,0.0
2024-10-05 03:40:24.208438,1.0,1.0,1.0,1.0,1.0,1.0,1.0,704160.0,0.04372449751876115,0.037503662109375,0.04598908955455483,0.030294236862297798,0.029810014367864183,0.02908524262592732,-0.0001367066676417987,0.0003497147311766943,-0.0002670548856258393,-0.0,0.0,0.0,0.0,1.0,0.0,0.0,2.029909308400379,0.7903824635814543,6.892006670641331,0.1646339248492969,0.31317693058085855,0.7627083311048144,-0.3199180018878414,-0.24433978530722045,5.246666560350024,0.0,0.0,0.0,0.0,1.0,0.0,0.0
2024-10-05 03:40:24.291819,1.0,1.0,1.0,1.0,1.0,1.0,1.0,704161.0,0.04330549882888886,0.037780445658522906,0.04598908955455483,0.0303262434606198,0.03013369393635788,0.02918513499541173,-0.00012716899315516158,0.0003497147311766944,-0.00026069643596808123,-0.0,0.0,0.0,0.0,1.0,0.0,0.0,2.031847751659145,0.7898210897744274,6.893760826474315,0.1683720638429086,0.3107580221882662,0.7629373084961074,-0.32849457063570053,-0.24208564551570172,5.250093398852382,0.0,0.0,0.0,0.0,1.0,0.0,0.0
2024-10-05 03:40:24.374493,1.0,1.0,1.0,1.0,1.0,1.0,1.0,704162.0,0.04318503823719134,0.03743414645719283,0.045932417826860104,0.03054935072925873,0.030358216314476834,0.029151875571506957,-0.00015578201661507293,0.0003338186070322991,-0.0002670548856258393,-0.0,0.0,0.0,0.0,1.0,0.0,0.0,2.031691639142024,0.7895020107484838,6.893844994273131,0.16828555351087318,0.3078592055350389,0.7601265038299664,-0.32862298861003847,-0.23975766864806464,5.2312378074874175,0.0,0.0,0.0,0.0,1.0,0.0,0.0
2024-10-05 03:40:24.377991,1.0,1.0,1.0,1.0,1.0,1.0,1.0,704163.0,0.04330549882888886,0.03757304914762413,0.04507379225100918,0.030928076150071922,0.03016587087444806,0.029284686626149053,-0.00017485736558834716,0.00030202635874350875,-0.00025751721113920217,-0.0,0.0,0.0,0.0,1.0,0.0,0.0,2.0329685346514217,0.7908631889263057,6.894348468293384,0.15961909856519543,0.30961482332463386,0.7582545118303533,-0.3120620048679801,-0.24178711798639946,5.218620515472559,0.0,0.0,0.0,0.0,1.0,0.0,0.0
2024-10-05 03:40:24.459519,1.0,1.0,1.0,1.0,1.0,1.0,1.0,704164.0,0.04312468176012514,0.0373645014732293,0.045590908124401384,0.030833830904597324,0.03054935072925873,0.02958133142821319,-0.00017485736558834716,0.0002893094594279926,-0.0002988471339146297,-0.0,0.0,0.0,0.0,1.0,0.0,0.0,2.032487604215149,0.7912673098212617,6.8926892249718295,0.16001347327648083,0.3080798609147353,0.7583014326813655,-0.31259032390829344,-0.2407939802958734,5.2176894399513785,0.0,0.0,0.0,0.0,1.0,0.0,0.0
2024-10-05 03:40:24.463177,1.0,1.0,1.0,1.0,1.0,1.0,1.0,704165.0,0.04330549882888886,0.03743414645719283,0.045304350237362054,0.030928076150071922,0.0300692367632191,0.029679554160349852,-0.00015896124144395196,0.00029566790908575063,-0.00030202635874350875,-0.0,0.0,0.0,0.0,1.0,0.0,0.0,2.031753175311931,0.7918303429543162,6.890193562383261,0.16156908431074987,0.30822243031824964,0.7571907688824701,-0.31568839860288295,-0.2410691787911304,5.207816542279543,0.0,0.0,0.0,0.0,1.0,0.0,0.0
2024-10-05 03:40:24.544759,1.0,1.0,1.0,1.0,1.0,1.0,1.0,704166.0,0.043003714672582107,0.03715478325109878,0.044958069872003174,0.030928076150071922,0.03064447088906264,0.029939906113202793,-0.00018121581524610522,0.00029248868425687163,-0.00031156403323014586,-0.0,0.0,0.0,0.0,1.0,0.0,0.0,2.0299914282506673,0.7927607806863995,6.890108593917341,0.16109112173331497,0.30873205261736836,0.7558157784552033,-0.3150143209353456,-0.24180528078009786,5.19829573534686,0.0,0.0,0.0,0.0,1.0,0.0,0.0
2024-10-05 03:40:24.627728,1.0,1.0,1.0,1.0,1.0,1.0,1.0,704167.0,0.0434855640497593,0.036873303566316074,0.04478392562861249,0.03139505892336215,0.030612797008878905,0.029939906113202793,-0.00021300806353489562,0.0002765925601124764,-0.000324280932545662,-0.0,0.0,0.0,0.0,1.0,0.0,0.0,2.028538328988738,0.7941727335926287,6.888606962768759,0.16066589775197118,0.3104275291565686,0.7623180956135263,-0.3151403019245137,-0.24361028988201774,5.241581343977671,0.0,0.0,0.0,0.0,1.0,0.0,0.0
2024-10-05 03:40:24.631228,1.0,1.0,1.0,1.0,1.0,1.0,1.0,704168.0,0.04276075388833108,0.03666077555081008,0.04443358966925187,0.03185519667586617,0.030517578125,0.03026219641244205,-0.00019711193939050042,0.0002734133352835974,-0.00029566790908575063,-0.0,0.0,0.0,0.0,1.0,0.0,0.0,2.0274330830202243,0.7948070133907468,6.887107273387185,0.15891527534864658,0.31217994990787895,0.7635805724974827,-0.3120196215115808,-0.2452399559034449,5.249160674844252,0.0,0.0,0.0,0.0,1.0,0.0,0.0
2024-10-05 03:40:24.713238,1.0,1.0,1.0,1.0,1.0,1.0,1.0,704169.0,0.04214722489965788,0.03601566753881429,0.044667452282818626,0.03145679951185349,0.030485772407004817,0.029875030834123562,-0.00017803659041722622,0.0002670548856258393,-0.000321101707716783,-0.0,0.0,0.0,0.0,1.0,0.0,0.0,2.025344100634616,0.7957836703337782,6.886103768675072,0.15888205140779968,0.31374889245684573,0.7643993426443201,-0.3105935310122981,-0.24697455737084434,5.2539679487475395,0.0,0.0,0.0,0.0,1.0,0.0,0.0
2024-10-05 03:40:24.716238,1.0,1.0,1.0,1.0,1.0,1.0,1.0,704170.0,0.04245509769062346,0.0361600194902826,0.04484204885310999,0.03157991857152382,0.030833830904597324,0.02984254030701896,-0.00013988589247067773,0.00027023411045471834,-0.00031474325805902487,-0.0,0.0,0.0,0.0,1.0,0.0,0.0,2.0251104615012974,0.7963708789340121,6.886687525246147,0.15381654333557657,0.3168962744417273,0.7675005343928364,-0.2983452225224861,-0.24971877719292912,5.2764912553595344,0.0,0.0,0.0,0.0,1.0,0.0,0.0
2024-10-05 03:40:24.798889,1.0,1.0,1.0,1.0,1.0,1.0,1.0,704171.0,0.042943103346232976,0.03579804821997391,0.044958069872003174,0.031178004061435775,0.030485772407004817,0.029712222914499722,-0.00014942356695731485,0.00026069643596808123,-0.000324280932545662,-0.0,0.0,0.0,0.0,1.0,0.0,0.0,2.023265835062794,0.7966244850773375,6.886271533938049,0.14989340398119116,0.32034282485133875,0.76623606549348,-0.29010908104808597,-0.25270042539413246,5.267067524122551,0.0,0.0,0.0,0.0,1.0,0.0,0.0
2024-10-05 03:40:24.801889,1.0,1.0,1.0,1.0,1.0,1.0,1.0,704172.0,0.04251640472283598,0.03557909785889397,0.045246820880521094,0.031146872746571578,0.03026219641244205,0.0300692367632191,-0.0001462443421284358,0.00025433798631032317,-0.00035925240566333144,-0.0,0.0,0.0,0.0,1.0,0.0,0.0,2.024422103959699,0.7975493298825426,6.885517692914408,0.14778308942116666,0.3190641609154539,0.7692970365763376,-0.28578513342526574,-0.2520176090636395,5.287521003979286,0.0,0.0,0.0,0.0,1.0,0.0,0.0
2024-10-05 03:40:24.884248,1.0,1.0,1.0,1.0,1.0,1.0,1.0,704173.0,0.04227064309912445,0.03594327416403232,0.0459324178268601,0.03105329154533826,0.030294236862297798,0.029744855788601574,-0.00015260279178619387,0.0002670548856258393,-0.00038468620429436373,-0.0,0.0,0.0,0.0,1.0,0.0,0.0,2.023486815010029,0.7970426254441407,6.8860999861644965,0.1485551325177576,0.31840324462449227,0.7752592309704621,-0.2872408357124222,-0.2514027823064546,5.328693105156033,0.0,0.0,0.0,0.0,1.0,0.0,0.0
