time,event_type,event_num,Event_Abnormal1,Detection_Abnormal1,Event_Abnormal2,Detection_Judgement2,Detection_Abnormal2,index,voltage11,voltage12,voltage13,current11,current12,current13,power11,power12,power13,powerout1,torque1,frequence1,motor_speed1,slip_rate1,heigh1,weight1,voltage21,voltage22,voltage23,current21,current22,current23,power21,power122,power23,powerout2,torque2,frequence2,motor_speed2,slip_rate2,heigh2,weight2
2024-10-04 16:30:20.950702,0.0,1.0,0.0,0.0,0.0,0.0,0.0,893626.0,0.038666311337125336,0.03722482060496381,0.044725726870264354,0.03179422973639322,0.03337224263981984,0.033226575237181734,4.76883724331856e-05,0.0003083848084012668,-0.0004673460498452188,-0.0,0.0,0.0,0.0,1.0,0.0,0.0,31.273553440035254,31.510412028625375,33.79087040270332,112.94308260755865,112.49319781460675,114.18824975380393,2084.7375673784463,2123.8688328354656,2359.689983359154,2004.710213067468,192.423448438478,5.00725169072424,99.48669222976882,0.006573881496066052,0.16251164214195252,7068.669452621512
2024-10-04 16:30:20.950702,0.0,1.0,0.0,0.0,0.0,0.0,0.0,893627.0,0.039532330954326636,0.03722482060496381,0.045590908124401384,0.03179422973639322,0.033284918697807614,0.033021561356871405,4.132992277542752e-05,0.0002988471339146297,-0.00045462915052970265,-0.0,0.0,0.0,0.0,1.0,0.0,0.0,32.27117435587415,31.54469712353036,31.723238068385943,116.05924803251354,117.40385901005507,114.72412922467812,2310.036085783246,2277.2600257800273,2294.0148300438136,2101.8512754420894,202.73833969791104,4.985246085984371,99.00052075864767,0.007064856467367834,0.1646940536217876,7127.9269562670115
2024-10-04 16:30:20.950702,0.0,1.0,0.0,0.0,0.0,0.0,0.0,893628.0,0.03933417265909615,0.037711440220720746,0.045590908124401384,0.03157991857152382,0.03331405211143558,0.032308781866774994,4.4509147604306555e-05,0.00033699783186117815,-0.00041965767741203324,-0.0,0.0,0.0,0.0,1.0,0.0,0.0,31.46318814598181,31.71955729728704,31.43676953069589,118.79417284087033,118.20307482296134,118.96726956707857,2400.7318589738798,2316.926088682061,2336.7597656586495,2153.282030901403,206.64240527580887,5.0124312121067645,99.50682057678311,0.007399639356251418,0.1668876261998358,6587.862848918163
2024-10-04 16:30:20.950702,0.0,1.0,0.0,0.0,0.0,0.0,0.0,893629.0,0.039400336158606504,0.037918079796158174,0.04553374081900145,0.0316106234096681,0.03331405211143558,0.03194642892952922,1.58961241443952e-05,0.00032746015737454104,-0.00041329922775427513,-0.0,0.0,0.0,0.0,1.0,0.0,0.0,31.726996997667918,31.93779810344709,31.988601635006802,122.20792997383921,122.56648210272897,120.02802208642586,2557.651830929746,2595.169778010899,2356.8733803128957,2295.274368542449,219.80538341403783,5.02466731857378,99.71664638009845,0.007728869814983119,0.16908582427114818,7480.882385663797
2024-10-04 16:30:20.950702,0.0,1.0,0.0,0.0,0.0,0.0,0.0,893630.0,0.039201510653345636,0.03743414645719283,0.04547650165015325,0.03157991857152382,0.033168129149298335,0.032097906445255474,-3.1792248288790375e-06,0.0003497147311766943,-0.0004260161270697913,-0.0,0.0,0.0,0.0,1.0,0.0,0.0,31.213332825903166,31.36611684483398,34.00063575477702,125.6442969108808,123.77755060528722,126.69730802225531,2635.5812547423693,2619.4274961063775,2938.4248366646084,2509.9685741865683,242.85876425168718,4.975991036749563,98.69289423867279,0.008309163845064095,0.17126145429525402,9133.171109255207
2024-10-04 16:30:20.950702,0.0,1.0,0.0,0.0,0.0,0.0,0.0,893631.0,0.03992569716981858,0.037503662109375,0.045304350237362054,0.03167194378429309,0.03310957989067469,0.032308781866774994,1.5896124144395198e-05,0.0003878654291232428,-0.00041965767741203324,-0.0,0.0,0.0,0.0,1.0,0.0,0.0,32.25672330864429,31.746535624618065,31.78283790315257,128.6376356066915,131.49409885635646,127.78280572997402,2869.049328251286,2917.2997393610212,2858.137407770588,2648.26708477306,258.2743298521805,4.939981336601398,97.91560719420158,0.008947599976506774,0.17341994945829065,9582.36433936773
2024-10-04 16:30:20.950702,0.0,1.0,0.0,0.0,0.0,0.0,0.0,893632.0,0.040055960801949016,0.03694387454679471,0.04536180663361167,0.0316106234096681,0.032933307582966455,0.0321582976678794,3.1792248288790384e-06,0.0003528939560055733,-0.0004419122512141865,-0.0,0.0,0.0,0.0,1.0,0.0,0.0,31.61991897216606,31.475357708124122,31.65496200508455,134.07473102100073,131.37828369102075,133.39122993499308,3049.83568236482,2855.304518919158,2978.7131521414494,2717.6121673134107,264.9652500610716,4.943678129296434,97.94221915551195,0.009419539521571568,0.17557903126722993,9308.354170030272
2024-10-04 16:30:20.950702,0.0,1.0,0.0,0.0,0.0,0.0,0.0,893633.0,0.04082881584609787,0.037503662109375,0.04518921828443541,0.031763702384431956,0.032696799620819436,0.031641298451732976,1.5896124144395198e-05,0.00035289395600557344,-0.00041965767741203324,-0.0,0.0,0.0,0.0,1.0,0.0,0.0,31.69888005599791,32.30026374703201,31.6172359904748,136.66665680483638,138.9391377118834,135.34976523587684,3158.6562756104718,3307.098603104873,2929.5904595836564,2873.9232210798946,279.3906790348307,4.960018375412112,98.22784817622885,0.00980358597897943,0.17774440960924812,9692.079494404283
2024-10-04 16:30:20.950702,0.0,1.0,0.0,0.0,0.0,0.0,0.0,893634.0,0.04101975445198809,0.0378493252884673,0.046045691532351565,0.03167194378429309,0.032308781866774994,0.0313331966781849,3.815069794654847e-05,0.0003528939560055733,-0.0004387330263853075,-0.0,0.0,0.0,0.0,1.0,0.0,0.0,31.407830424508486,31.183523142185575,34.17020156798501,143.61424176265052,139.19333822837044,143.2031113929746,3368.309261071339,3220.6207594998505,3629.3602967196516,3128.7336990080994,307.07707783129774,4.9161535333841755,97.29546158223417,0.010451352652751262,0.17988923400679427,11656.839590825943
2024-10-04 16:30:20.950702,0.0,1.0,0.0,0.0,0.0,0.0,0.0,893635.0,0.04127296521748624,0.038055216156251626,0.04621508152756301,0.03127121205432006,0.03194642892952922,0.031146872746571578,4.450914760430655e-05,0.00035607318083445244,-0.0004419122512141865,-0.0,0.0,0.0,0.0,1.0,0.0,0.0,32.07725348670157,32.168906961070995,32.106567222043076,144.6501143734784,150.03242061112732,146.28088521383617,3486.509735250251,3719.467197725419,3601.815184766477,3306.9661288540497,327.4556790848688,4.876470532549581,96.43809034226864,0.011189653474153167,0.1820151581316727,12421.353224439437
2024-10-04 16:30:20.950702,0.0,1.0,0.0,0.0,0.0,0.0,0.0,893636.0,0.04152463197171362,0.03839591423416136,0.04638385292864447,0.03142594437984583,0.03212811624624381,0.031240173622796498,3.1792248288790396e-05,0.0003560731808344524,-0.00045144992570082354,-0.0,0.0,0.0,0.0,1.0,0.0,0.0,32.10668006065766,31.276527318971223,31.908428001154526,153.99356981295867,148.92187012757273,150.49407003363976,3876.142293654993,3495.4692193045034,3696.242809462337,3379.630012633198,334.6287619674137,4.8795221420740384,96.44445728511722,0.0117428051661268,0.18414122261226906,12112.998479665739
2024-10-04 16:30:20.950702,0.0,1.0,0.0,0.0,0.0,0.0,0.0,893637.0,0.04127296521748624,0.03853134997827472,0.04621508152756301,0.03173314566510837,0.03221857569203676,0.03148762440853117,2.2254573802153277e-05,0.0003592524056633315,-0.0004705252746740978,-0.0,0.0,0.0,0.0,1.0,0.0,0.0,31.593070810006953,32.812330361867105,31.539688063611976,153.37311302625858,157.92658203492,155.03201066661612,3778.420461909084,4103.824229759423,3646.0528742125116,3516.5774909464103,347.0981472264591,4.896533853510933,96.74739463555716,0.012082857691395827,0.18627396517845735,12403.412258016559
2024-10-04 16:30:20.950702,0.0,1.0,0.0,0.0,0.0,0.0,0.0,893638.0,0.041587310697157,0.03853134997827472,0.046552012463619064,0.032007105962223864,0.03254810944778678,0.0321582976678794,1.9075348973274238e-05,0.0003497147311766943,-0.0005054967477917672,-0.0,0.0,0.0,0.0,1.0,0.0,0.0,32.00965367376304,31.208844182528498,34.14971796378395,164.31377453169054,157.68920628430362,160.05065231733673,4218.876481198706,3885.94480060163,4256.971166112099,3771.511856118921,374.6171351440542,4.86835272861152,96.13891600556848,0.012613492028259368,0.18839329417129122,14135.89553495742
2024-10-04 16:30:20.950702,0.0,1.0,0.0,0.0,0.0,0.0,0.0,893639.0,0.042023444236177564,0.03839591423416136,0.04621508152756301,0.03203740138402003,0.03290383705573704,0.03245856839932655,4.76883724331856e-05,0.00035289395600557344,-0.0004737044995029769,-0.0,0.0,0.0,0.0,1.0,0.0,0.0,31.84119267577371,32.65879480050866,32.923185094260404,162.4129324112952,168.63347395576048,167.30222481545317,4088.044094912717,4491.817083902245,4477.754423366651,3980.1186427345483,398.68257945568956,4.8311222098600375,95.33231528925822,0.013352269430376578,0.19049484209944553,15230.768343721302
2024-10-04 16:30:20.950702,0.0,1.0,0.0,0.0,0.0,0.0,0.0,893640.0,0.04214722489965788,0.039135011011481306,0.04610222401715648,0.032097906445255474,0.03248844283583844,0.03254810944778678,5.722604691982271e-05,0.0003433562815189362,-0.0004737044995029769,-0.0,0.0,0.0,0.0,1.0,0.0,0.0,32.90529531931054,31.355825282200527,32.0949166801898,175.37441442682564,169.41643172496447,168.37941541601003,4771.679787077072,4233.067857738554,4380.897781012732,4069.87015558737,405.7954255211479,4.856805864024619,95.77337430633324,0.01402920985840983,0.19260611292859847,14653.650854962498
2024-10-04 16:30:20.950702,0.0,1.0,0.0,0.0,0.0,0.0,0.0,893641.0,0.04220897910845452,0.03859888964444313,0.04699749641733918,0.031763702384431956,0.03248844283583844,0.03319736505550277,4.4509147604306555e-05,0.00031156403323014586,-0.0005023175229628882,-0.0,0.0,0.0,0.0,1.0,0.0,0.0,31.570711467491854,33.230919572977584,31.915286143734175,172.38283800385722,176.75488163871833,177.63926375103833,4433.114703570197,4853.012496626085,4511.22005779638,4188.024433163518,416.643034113749,4.869370387364919,95.98789406074143,0.0143705815662372,0.1947221127265597,15390.707653512429
2024-10-04 16:30:20.950702,0.0,1.0,0.0,0.0,0.0,0.0,0.0,893642.0,0.04318503823719134,0.03805521615625162,0.047273792133441635,0.03173314566510837,0.032756086704177324,0.03360399710929144,4.132992277542752e-05,0.0002988471339146297,-0.0005213928719361625,-0.0,0.0,0.0,0.0,1.0,0.0,0.0,32.776775033998895,31.68966266867661,33.90342491935724,184.52358526727363,179.127127555082,177.06891365946385,5077.791056473242,4694.64135137807,4789.765995647015,4420.241515774362,439.5302634005916,4.873290113934299,96.03479152301139,0.01468218310646922,0.19683914635302252,16300.561399027512
2024-10-04 16:30:20.950702,0.0,1.0,0.0,0.0,0.0,0.0,0.0,893643.0,0.04306424069081518,0.037780445658522906,0.04743879714519196,0.03167194378429309,0.033168129149298335,0.03403428348265909,2.8613023459911357e-05,0.00029566790908575063,-0.0005436474457383157,-0.0,0.0,0.0,0.0,1.0,0.0,0.0,31.846211028855652,33.00529909019311,34.0902817720245,181.08847135248956,184.90763026495375,188.38133524007083,4717.929770309156,5137.510905547092,5401.056735993566,4628.877558067057,462.53923968522946,4.852197404187154,95.56491831934487,0.01524082432344886,0.1989458218857512,17534.1461719796
2024-10-04 16:30:20.950702,0.0,1.0,0.0,0.0,0.0,0.0,0.0,893644.0,0.043425625269995945,0.03729472643293347,0.046886522244954286,0.03191604715477278,0.033546208593426816,0.03437463478414554,2.5433798631032317e-05,0.000324280932545662,-0.0005341097712516786,-0.0,0.0,0.0,0.0,1.0,0.0,0.0,33.707755661264834,32.00901443461103,32.379637531200224,192.21263170783556,189.4900552106545,183.82806238454785,5511.034830346307,5035.5332678035675,4949.279130550178,4692.085169488382,468.8154527307632,4.855262949868813,95.57302906068406,0.015779062354734048,0.2010526762152667,17460.350410315867
2024-10-04 16:30:20.950702,0.0,1.0,0.0,0.0,0.0,0.0,0.0,893645.0,0.042943103346232976,0.03722482060496381,0.046775284787538986,0.03185519667586617,0.03377676944149575,0.034711649066398086,6.938893903907229e-21,0.00031474325805902487,-0.0005341097712516786,-0.0,0.0,0.0,0.0,1.0,0.0,0.0,32.02985060179507,33.501509208998314,32.68408248962188,189.70509109028305,190.5710751855151,195.1038212922914,5085.256611670222,5360.190432155742,5270.104975057189,4750.921026125958,472.29713068459523,4.880865752544539,96.05807654827176,0.015972970592421514,0.20317022314717528,17266.513492360136
2024-10-04 16:30:20.950702,0.0,1.0,0.0,0.0,0.0,0.0,0.0,893646.0,0.04306424069081518,0.036873303566316074,0.04643997376336176,0.032308781866774994,0.034005767111097776,0.03518356039534762,1.907534897327424e-05,0.00033699783186117815,-0.0004959590733051301,-0.0,0.0,0.0,0.0,1.0,0.0,0.0,33.45498239704099,32.66192399342744,33.799614384674825,199.28020422532552,196.9122141878295,191.59903135910818,5707.401150471277,5468.642208375632,5236.907553898977,4961.65828559748,492.55618461513757,4.888486468565844,96.19277557577085,0.016129264197479523,0.20529073944431228,18399.96527508719
2024-10-04 16:30:20.950702,0.0,1.0,0.0,0.0,0.0,0.0,0.0,893647.0,0.04263875434188018,0.03694387454679471,0.045932417826860104,0.031763702384431956,0.03411968959808029,0.03499001478345783,2.2254573802153277e-05,0.00031474325805902487,-0.0004737044995029769,-0.0,0.0,0.0,0.0,1.0,0.0,0.0,32.31994121789523,33.24270838768271,35.27843106672569,198.2993537598481,198.16078293359834,205.11233671253734,5371.202376294595,5619.843108519464,6187.394486011713,5191.54325788855,516.6724248027874,4.878596570905595,95.95167832892335,0.016605729389997152,0.20740594088658543,19350.06756635841
2024-10-04 16:30:20.950702,0.0,1.0,0.0,0.0,0.0,0.0,0.0,893648.0,0.04282162331969714,0.03637547335010834,0.04621508152756301,0.031549183850304155,0.03357511528435138,0.03499001478345783,1.5896124144395198e-05,0.0002893094594279926,-0.0004959590733051301,-0.0,0.0,0.0,0.0,1.0,0.0,0.0,34.28007310955841,32.995953034298395,32.917639162533476,206.50108971348743,207.73043053550649,199.4634314741835,6090.969562287388,5843.711493378274,5556.819289032579,5275.793422104555,525.2688971677741,4.879389418594509,95.91300071872915,0.01716185683785249,0.20952028970242942,19688.232915043634
2024-10-04 16:30:20.950702,0.0,1.0,0.0,0.0,0.0,0.0,0.0,893649.0,0.04306424069081518,0.036231979799249525,0.04610222401715648,0.032007105962223864,0.03363285413230715,0.034823262373934814,-3.179224828879035e-06,0.00027977178494135546,-0.0005150344222784043,-0.0,0.0,0.0,0.0,1.0,0.0,0.0,32.85191660035242,33.64060196864356,33.45354263128539,207.82682165969732,204.6149109822013,211.74561152938742,5832.170390400705,5833.4452657155,5983.455775635929,5312.187732662863,526.5546405256551,4.902315129111818,96.33882653941545,0.01741499677041641,0.21164402561192053,19449.490867325003
2024-10-04 16:30:20.950702,0.0,1.0,0.0,0.0,0.0,0.0,0.0,893650.0,0.0436051944382425,0.035725213865335635,0.04627140705916456,0.03197678183797181,0.03426156002122874,0.034767500508899686,1.2716899315516164e-05,0.0002511587614814441,-0.0005182136471072835,-0.0,0.0,0.0,0.0,1.0,0.0,0.0,33.92044014270185,33.82139200711579,33.758504402894175,213.38022281610907,215.38181114897844,207.64068698209115,6255.236896077932,6302.793092356322,5727.135577885413,5501.916442921618,545.5621829568981,4.900928403705606,96.30328777081688,0.017499544596472093,0.21376697808900164,20486.370670097775
2024-10-04 16:30:20.950702,0.0,1.0,0.0,0.0,0.0,0.0,0.0,893651.0,0.042882406350036345,0.03594327416403232,0.04564800383634772,0.03224867245309928,0.03445919735911931,0.03445919735911931,1.58961241443952e-05,0.0002352626373370489,-0.000483242173989614,-0.0,0.0,0.0,0.0,1.0,0.0,0.0,33.09377713221649,33.44761534894729,36.21862398878392,217.5057845934924,212.7249394702671,221.31569304428425,6150.926032799972,6115.719723544421,6900.758267420096,5766.006266369561,573.789344209227,4.885628309825796,95.96083389693617,0.017927400412928847,0.21588238136068522,21823.581484413153
2024-10-04 16:30:20.950702,0.0,1.0,0.0,0.0,0.0,0.0,0.0,893652.0,0.0423322172659213,0.0361600194902826,0.045590908124401384,0.03233879467572394,0.03462770299655218,0.03386282504451316,3.497147311766943e-05,0.00023208341250816988,-0.00044509147604306553,-0.0,0.0,0.0,0.0,1.0,0.0,0.0,34.584384045847926,34.04485286152376,33.74875992174005,222.23672905931585,227.4395347466601,218.20383010016798,6647.978884676574,6717.980623862217,6338.743668799219,5914.758885356333,591.3332580834417,4.8663782484952245,95.51599889905084,0.018613083265915598,0.21798797849197096,22576.86664167262
2024-10-04 16:30:20.950702,0.0,1.0,0.0,0.0,0.0,0.0,0.0,893653.0,0.04189929789626443,0.036802597262395625,0.046045691532351565,0.032398736885968185,0.034515457310635475,0.03363285413230715,9.537674486637124e-06,0.00024797953665256506,-0.0004355538015564284,-0.0,0.0,0.0,0.0,1.0,0.0,0.0,33.85584926097278,33.705483244087844,34.14155382197802,230.33694683893594,222.9006833093677,230.73387268438833,6787.613384233339,6422.820245959007,6775.961919182542,5980.607221757363,597.6644011511668,4.871166697315007,95.55628880024483,0.019164250189635447,0.22009446379174524,22523.261766665022
2024-10-04 16:30:20.950702,0.0,1.0,0.0,0.0,0.0,0.0,0.0,893654.0,0.0418370865807396,0.03701431097784902,0.04671956673942694,0.032067668184708895,0.03490673815261534,0.033430331878977426,9.537674486637122e-06,0.00021936651319265368,-0.0004260161270697913,-0.0,0.0,0.0,0.0,1.0,0.0,0.0,34.190329585958246,34.89170535972315,33.80146534914259,232.57417712202866,238.69909653562902,230.42873578448854,6936.179853001552,7312.935757169869,6471.605130950832,6191.29214024668,618.0432350212984,4.87782168978274,95.66075889939663,0.01943157229618426,0.22220325207681638,23317.70882081642
2024-10-04 16:30:20.950702,0.0,1.0,0.0,0.0,0.0,0.0,0.0,893655.0,0.04269979768643891,0.03715478325109878,0.046830936544030206,0.032368779656366614,0.03504542260087845,0.03319736505550277,2.2254573802153277e-05,0.00021618728836377468,-0.0004355538015564284,-0.0,0.0,0.0,0.0,1.0,0.0,0.0,33.99108532054715,33.617184145648785,36.78069850297217,244.28752629874552,234.52641749010238,243.20305885383252,7254.311119049155,6860.3817426588375,7738.545417928228,6525.302537609699,655.4145233848187,4.850377513328223,95.07273186446396,0.019945028987783723,0.2242990776325841,25162.532810119923
2024-10-04 16:30:20.950702,0.0,1.0,0.0,0.0,0.0,0.0,0.0,893656.0,0.04318503823719134,0.037503662109375,0.046607930817067524,0.031549183850304155,0.03537604711721689,0.03319736505550277,-9.537674486637117e-06,0.00021618728836377465,-0.0004737044995029769,-0.0,0.0,0.0,0.0,1.0,0.0,0.0,34.703476388736085,35.02640970558718,34.70428750838363,243.16342860106337,252.8116051986024,245.17664518949292,7352.084954281837,7836.029780075534,7438.7523380888115,6742.578469387886,679.9581738483924,4.834634542491757,94.69241496262995,0.020686939929220046,0.2263865193135381,25971.406484522486
2024-10-04 16:30:20.950702,0.0,1.0,0.0,0.0,0.0,0.0,0.0,893657.0,0.0434855640497593,0.037503662109375,0.04699749641733918,0.03173314566510837,0.03518356039534762,0.03377676944149575,-1.9075348973274234e-05,0.00024162108699480697,-0.0004927798484762511,-0.0,0.0,0.0,0.0,1.0,0.0,0.0,35.13068414147562,34.28259982374537,35.06141033933942,261.40894482842975,250.6036720209625,261.49583070906294,8112.02954872671,7490.056819760054,8015.164252517216,7005.976106764431,705.4997453691028,4.846357440922172,94.82943708153216,0.021642148381363562,0.22847698157097987,26703.054867110077
2024-10-04 16:30:20.950702,0.0,1.0,0.0,0.0,0.0,0.0,0.0,893658.0,0.0434855640497593,0.037503662109375,0.046775284787538986,0.03151841915858901,0.03556749214080218,0.03348832035600082,-1.9075348973274238e-05,0.000244800311823686,-0.0004578083753585817,-0.0,0.0,0.0,0.0,1.0,0.0,0.0,35.779353200215446,36.52733610144821,35.37854293744072,271.1089438323886,277.62920611564124,269.63263058472756,8611.722483181433,9034.7827294504,8094.4285202400415,7613.57643101259,760.8358843699908,4.886626875974681,95.55845210484382,0.02224525700272696,0.23058351455960222,28347.47196091592
2024-10-04 16:30:20.950702,0.0,1.0,0.0,0.0,0.0,0.0,0.0,893659.0,0.04318503823719134,0.03757304914762413,0.04710820916537822,0.030896693010431804,0.03559475737450401,0.033748035476753,-3.497147311766944e-05,0.00023208341250816988,-0.00048006294916073494,-0.0,0.0,0.0,0.0,1.0,0.0,0.0,36.80612067476289,37.432681670286826,39.23423370747617,286.85019256537834,288.4312100259544,293.92092551474263,9329.33484530068,9694.382817782664,10105.005491353064,8615.172206483363,848.596486774874,4.959987442807224,96.94694217701795,0.022709802243486,0.23272065604048225,31268.55463983733
2024-10-04 16:30:20.950702,0.0,1.0,0.0,0.0,0.0,0.0,0.0,893660.0,0.04269979768643891,0.038055216156251626,0.04643997376336176,0.03086527796111811,0.035920325957808266,0.03360399710929144,-2.543379863103232e-05,0.00027977178494135546,-0.0004387330263853075,-0.0,0.0,0.0,0.0,1.0,0.0,0.0,39.35171995627929,38.80831181712354,40.52379677220534,309.1407568880335,300.9641331984978,309.2032646467127,10870.062395603469,10354.825726159308,11252.378589246264,9599.109426415193,917.7314132655625,5.11262906809249,99.8818843341851,0.023184715692167235,0.23492249669069362,32887.66348148001
2024-10-04 16:30:20.950702,0.0,1.0,0.0,0.0,0.0,0.0,0.0,893661.0,0.04306424069081518,0.038055216156251626,0.04643997376336176,0.030612797008878905,0.035947323576018514,0.03337224263981984,-4.4509147604306555e-05,0.00030202635874350875,-0.0004578083753585817,-0.0,0.0,0.0,0.0,1.0,0.0,0.0,43.422021772066614,41.701983173760105,41.06918494864354,326.49961449047873,325.7147175241826,314.1280264434397,12811.342962958144,12186.214425421376,11198.602812994204,10709.894059708286,972.7748164496179,5.379519464403281,105.13425414203546,0.022828573837148605,0.23724012291533583,33474.06598312423
2024-10-04 16:30:20.950702,0.0,1.0,0.0,0.0,0.0,0.0,0.0,893662.0,0.043664886724146465,0.03853134997827472,0.04638385292864447,0.03064447088906264,0.035730771463385984,0.0333431600699038,-5.722604691982271e-05,0.00031474325805902487,-0.0004737044995029769,-0.0,0.0,0.0,0.0,1.0,0.0,0.0,45.19434841711933,46.12055194795834,45.40089158226771,334.191332813799,340.63657743505445,339.6768551681839,13394.183090322285,14164.09081879966,13583.972528252112,12215.170268678063,1038.6441169872007,5.7419386732514255,112.30630572145586,0.02205237540562782,0.23971585303257326,34740.07935446624
2024-10-04 16:30:20.950702,0.0,1.0,0.0,0.0,0.0,0.0,0.0,893663.0,0.043784027154931265,0.037780445658522906,0.04638385292864447,0.030896693010431804,0.03556749214080218,0.03325575976212062,-4.4509147604306555e-05,0.0003083848084012668,-0.0004991382981340092,-0.0,0.0,0.0,0.0,1.0,0.0,0.0,49.34114850696495,50.05559179761547,48.49908580439394,350.63731831069754,358.308850272052,350.9161959957597,15354.827155991177,16092.219019227477,14940.556361696894,13821.249396895437,1090.9286162291683,6.180056835056908,120.98244349800962,0.021186643367693457,0.24238284378701827,35772.93147159181
2024-10-04 16:30:20.950702,0.0,1.0,0.0,0.0,0.0,0.0,0.0,893664.0,0.043003714672582107,0.03694387454679471,0.046045691532351565,0.031084516582433108,0.03479539261166803,0.03360399710929144,-6.040527174870175e-05,0.00030202635874350875,-0.0005468266705671948,-0.0,0.0,0.0,0.0,1.0,0.0,0.0,52.93308389093149,54.292987288632894,54.08986907538381,364.47165136619265,368.77067266616785,372.9131100717235,16936.28323440044,17872.437559135717,17916.702006707248,15778.165993298957,1144.189154636759,6.719718915294326,131.68311029246834,0.020173968938248632,0.24528572479613225,36514.742429232836
2024-10-04 16:30:20.950702,0.0,1.0,0.0,0.0,0.0,0.0,0.0,893665.0,0.04251640472283598,0.036731754853566174,0.04507379225100918,0.031178004061435775,0.034823262373934814,0.034005767111097776,-3.4971473117669426e-05,0.00034653550634781527,-0.0005245720967650415,-0.0,0.0,0.0,0.0,1.0,0.0,0.0,58.66136585182095,59.14612775942508,56.54560145924604,380.62494590750913,389.0548899627187,380.01007196217273,19701.770145197574,20449.13412423308,18796.31357988823,17700.792068504616,1171.0415010863776,7.358717759765276,144.34169335915925,0.019246979763473213,0.24846765723640526,36313.47279998271
2024-10-04 16:30:20.950702,0.0,1.0,0.0,0.0,0.0,0.0,0.0,893666.0,0.041461858493688546,0.03637547335010833,0.04513154216867338,0.03157991857152382,0.03434640099311143,0.0337192770263005,-1.2716899315516158e-05,0.0003401770566900572,-0.0005054967477917672,-0.0,0.0,0.0,0.0,1.0,0.0,0.0,63.844405338562275,63.48788452179183,62.97436066486324,398.7486439994016,397.8767383155894,397.7902227126385,22367.321449064788,22371.60280372076,21849.11896082711,20080.343060715262,1214.0586234238299,8.043451059494645,157.94389803423118,0.018183259486665715,0.25194944272195985,37399.376448036
2024-10-04 16:30:20.950702,0.0,1.0,0.0,0.0,0.0,0.0,0.0,893667.0,0.041712385598201944,0.03673175485356617,0.0447839256286125,0.031240173622796498,0.03462770299655218,0.03319736505550277,-6.358449657758082e-06,0.0003306393822034201,-0.000483242173989614,-0.0,0.0,0.0,0.0,1.0,0.0,0.0,69.60773180836114,68.1830334855599,68.64118435374633,412.1635062455126,412.5227257710268,401.96064276678703,25377.6674382583,24719.966465276917,23907.19886471818,22418.145811723967,1243.1312366311188,8.760317934866974,172.20830508096125,0.017111557129939465,0.25574567913618906,38149.754704611354
2024-10-04 16:30:20.950702,0.0,1.0,0.0,0.0,0.0,0.0,0.0,893668.0,0.04089256110871732,0.036943874546794715,0.04390284427203976,0.03120910432259612,0.03465570761333854,0.033284918697807614,6.3584496577580725e-06,0.0003433562815189362,-0.0004673460498452188,-0.0,0.0,0.0,0.0,1.0,0.0,0.0,73.55414297362258,73.84687820513129,75.16988811601921,417.2859993353994,409.7588428771552,419.943933463383,26873.204499355565,26382.9384311518,27841.102885006578,24681.36175104473,1259.1589343876672,9.511892340774931,187.1802177297793,0.016072664492911188,0.2598719630470322,38381.44605632244
2024-10-04 16:30:20.950702,0.0,1.0,0.0,0.0,0.0,0.0,0.0,893669.0,0.04082881584609787,0.03715478325109878,0.0440213406934204,0.03139505892336215,0.034823262373934814,0.03313886745048406,4.450914760430655e-05,0.0003910446539521218,-0.0004673460498452188,-0.0,0.0,0.0,0.0,1.0,0.0,0.0,79.03228548818623,79.4491504996451,78.43810374663128,417.3659035219462,415.1374274729222,408.8793232467343,28770.269149739677,28596.059671913245,27861.95233552007,26053.36877111003,1233.0278657311103,10.24060727769811,201.77268686427675,0.014840226791553663,0.26431992983301805,37717.99205618555
2024-10-04 16:30:20.950702,0.0,1.0,0.0,0.0,0.0,0.0,0.0,893670.0,0.041336025552530284,0.03651840306907817,0.044667452282818626,0.031178004061435775,0.03423323297213509,0.03310957989067469,1.2716899315516153e-05,0.0003433562815189362,-0.0004991382981340092,-0.0,0.0,0.0,0.0,1.0,0.0,0.0,83.31393071644123,83.27572853679365,81.85299240074265,403.9200423185647,410.1385107927985,403.83063922641895,29086.02834320584,29658.135015760505,28256.982118959288,26702.56096460473,1185.4383517193146,10.904714259308417,215.10243352085175,0.01371815709321644,0.26906174347863326,36803.928760372604
2024-10-04 16:30:20.950702,0.0,1.0,0.0,0.0,0.0,0.0,0.0,893671.0,0.04114655461363215,0.03694387454679471,0.044609101569099904,0.03145679951185349,0.03417650843776925,0.03360399710929144,3.1792248288790396e-05,0.0003433562815189362,-0.0005054967477917672,-0.0,0.0,0.0,0.0,1.0,0.0,0.0,85.80734800606159,85.13810076804914,85.98908943865483,397.3222833726807,393.64660835282865,398.08946024539597,29295.68342970959,28815.367518922696,29464.70818712727,26969.92596046699,1147.0075509817639,11.373135380071446,224.53541972361427,0.012869309033918608,0.2740115020645405,37981.5009833688
2024-10-04 16:30:20.950702,0.0,1.0,0.0,0.0,0.0,0.0,0.0,893672.0,0.04063698009803076,0.03651840306907817,0.044609101569099904,0.03120910432259612,0.034711649066398086,0.033834164163335345,3.815069794654846e-05,0.00031474325805902487,-0.0005182136471072835,-0.0,0.0,0.0,0.0,1.0,0.0,0.0,87.23213099875909,86.86381775507071,88.25142636251063,389.1702610099772,378.3645114906191,384.60376274684506,29166.904830573272,28017.791672918604,29072.09834566851,26636.77297156375,1100.9852434939944,11.693328408529634,231.03165704495237,0.012121916988034,0.2791044665931759,38208.201494627414
2024-10-04 16:30:20.950702,0.0,1.0,0.0,0.0,0.0,0.0,0.0,893673.0,0.04076497090344802,0.03701431097784901,0.04507379225100918,0.030896693010431804,0.03490673815261534,0.03363285413230715,2.5433798631032314e-05,0.0002829510097702345,-0.0004896006236473721,-0.0,0.0,0.0,0.0,1.0,0.0,0.0,88.31007430393221,87.72569083197897,89.15459604313521,376.80045844844483,366.49610693973324,370.06846400481083,28582.880296981828,27336.20778558364,28479.584029875874,26127.525780561202,1069.2287341338927,11.803994738011498,233.34529344306938,0.01158337231528308,0.2842484339508542,39795.921290858685
2024-10-04 16:30:20.950702,0.0,1.0,0.0,0.0,0.0,0.0,0.0,893674.0,0.04120980838596827,0.03798670986099516,0.044842048853109995,0.03073929670896773,0.03515597625908419,0.033546208593426816,2.8613023459911346e-05,0.0002861302345991135,-0.0004673460498452188,-0.0,0.0,0.0,0.0,1.0,0.0,0.0,88.28309925356704,87.73311529938692,88.98648583396538,361.8988785757463,350.9612157404203,354.21666167133316,27492.655462008814,26198.181948729834,27083.826584826096,25056.453815377405,1024.8736221416598,11.803994738011498,233.46440350788262,0.011078839453921734,0.2893950270237391,39631.981964200226
2024-10-04 16:30:20.950702,0.0,1.0,0.0,0.0,0.0,0.0,0.0,893675.0,0.041461858493688546,0.037711440220720746,0.04541919034616077,0.030358216314476834,0.03526618335153976,0.03305092691301418,1.5896124144395198e-05,0.00023526263733704888,-0.0004705252746740978,-0.0,0.0,0.0,0.0,1.0,0.0,0.0,87.44845399920348,86.53566674608973,88.2876469099778,345.1347275389534,333.85571874446237,338.4672784853951,25987.409362861305,24603.71624328388,25894.25384135909,23771.02463619373,976.7936239012719,11.745069796484406,232.38948211593848,0.010693481849301297,0.2945179240517171,38487.003571781126
2024-10-04 16:30:20.950702,0.0,1.0,0.0,0.0,0.0,0.0,0.0,893676.0,0.04196141697840431,0.03825999906698716,0.04536180663361167,0.03039015553037446,0.035238663890968365,0.03299216966314644,-3.1792248288790456e-06,0.00024797953665256506,-0.0004673460498452188,-0.0,0.0,0.0,0.0,1.0,0.0,0.0,85.25875884591805,85.00312648063489,85.94567246962312,324.26570257841377,314.7473387893028,320.3429717737819,23798.703726583342,22910.068072360373,23701.699892661938,21916.20496059088,919.1571635034703,11.503039944958994,227.69157387609172,0.01029825608893247,0.2995372583024967,38657.02747690687
2024-10-04 16:30:20.950702,0.0,1.0,0.0,0.0,0.0,0.0,0.0,893677.0,0.04189929789626443,0.03743414645719283,0.04513154216867338,0.03070772063827226,0.03501772965099794,0.03305092691301418,-3.179224828879041e-06,0.00024797953665256506,-0.00046416682501633976,-0.0,0.0,0.0,0.0,1.0,0.0,0.0,82.39411561721467,82.99877393766114,82.16435389210832,298.03309615087335,302.0375728242334,299.7108441439205,21124.15796399032,21655.446345052434,21240.562666625377,19954.779030483514,869.552596573341,11.067893883407956,219.14039934030035,0.010017616500565731,0.30436808666128734,39265.705845237506
2024-10-04 16:30:20.950702,0.0,1.0,0.0,0.0,0.0,0.0,0.0,893678.0,0.04306424069081518,0.037780445658522906,0.04576198155144106,0.03070772063827226,0.03510074295512457,0.032696799620819436,-1.2716899315516158e-05,0.00025751721113920217,-0.000483242173989614,-0.0,0.0,0.0,0.0,1.0,0.0,0.0,78.53010703536106,79.02198700657286,77.27639658510539,276.0860110150363,283.14852736730796,277.52693497063103,18672.994319730962,19386.47344414968,18196.841149618336,17545.258861289087,808.7003057190552,10.4611224520813,207.1779611695458,0.00977183797171508,0.30893520971640265,39124.28218045905
2024-10-04 16:30:20.950702,0.0,1.0,0.0,0.0,0.0,0.0,0.0,893679.0,0.042882406350036345,0.03743414645719283,0.04507379225100919,0.030358216314476834,0.034711649066398086,0.03260766687993288,-5.722604691982271e-05,0.00023844186216592797,-0.0004609876001874607,-0.0,0.0,0.0,0.0,1.0,0.0,0.0,73.9611116955303,72.52487744831197,74.04420860900314,272.8249534175571,262.9298435422991,266.21862450484014,17334.490003775143,16204.751981318539,16841.429134512455,15696.321126552151,777.0467034811547,9.7415000005628,192.89551717729728,0.00992908091077828,0.3131874842284,39362.77601793484
2024-10-04 16:30:20.950702,0.0,1.0,0.0,0.0,0.0,0.0,0.0,893680.0,0.04282162331969714,0.03832801689680105,0.044958069872003174,0.03026219641244205,0.03510074295512457,0.032667115729434024,-6.358449657758079e-05,0.0002638756607969603,-0.0004578083753585817,-0.0,0.0,0.0,0.0,1.0,0.0,0.0,68.06535247531207,68.66649731747508,69.21500207331869,262.38104587021826,265.9750986933819,262.2921577495923,15257.527378791161,15487.13383437683,15549.593293286607,14388.77234073931,767.314303516045,9.048365447095675,179.06958589659985,0.01048655172256964,0.3171349737663873,38605.76235884475
2024-10-04 16:30:20.950702,0.0,1.0,0.0,0.0,0.0,0.0,0.0,893681.0,0.043003714672582107,0.03853134997827472,0.044958069872003174,0.029810014367864183,0.035128370462711604,0.032067668184708895,-7.630139589309694e-05,0.0002702341104547183,-0.00042919535189867036,-0.0,0.0,0.0,0.0,1.0,0.0,0.0,62.85451946325434,64.08957205949457,63.39437026309209,262.252712619696,257.4640984375839,264.52996147675543,13872.37915066183,14024.494069789558,14236.356922293415,13047.09193468875,761.2994262124995,8.275488791782623,163.65512198354165,0.011205705782312458,0.3207426600110022,39329.511228732394
2024-10-04 16:30:20.950702,0.0,1.0,0.0,0.0,0.0,0.0,0.0,893682.0,0.04318503823719134,0.038123599349151736,0.04425738174574523,0.0300692367632191,0.034823262373934814,0.03233879467572394,-6.358449657758079e-05,0.00029248868425687163,-0.0003910446539521219,-0.0,0.0,0.0,0.0,1.0,0.0,0.0,58.612079059673015,59.3886165999761,56.81274526480991,255.40383496132026,267.8335788598788,259.11242874594683,12666.295505606975,13545.377976915812,12216.910572768527,11844.571328274347,758.2435127992164,7.550333394941328,149.17018429132918,0.01216160606052059,0.32403103385137993,38518.15614277053
2024-10-04 16:30:20.950702,0.0,1.0,0.0,0.0,0.0,0.0,0.0,893683.0,0.043425625269995945,0.03764230828317236,0.043664886724146465,0.030004641120915988,0.034711649066398086,0.03224867245309928,-3.497147311766944e-05,0.00031474325805902487,-0.000400582328438759,-0.0,0.0,0.0,0.0,1.0,0.0,0.0,54.05087171327919,53.518457426115965,52.908369380840696,267.3459442677169,261.2290442097331,253.63122640027314,12097.643249723338,11823.96790064164,11133.957923978463,10745.240095899258,764.9525129435749,6.7967457259133255,134.1383717578096,0.013216198110865034,0.3269880397354632,39039.366856017696
2024-10-04 16:30:20.950702,0.0,1.0,0.0,0.0,0.0,0.0,0.0,893684.0,0.04330549882888886,0.037503662109375,0.04318503823719134,0.029939906113202793,0.03468368961839258,0.03188563643118791,-1.2716899315516158e-05,0.000321101707716783,-0.00036243163049221044,-0.0,0.0,0.0,0.0,1.0,0.0,0.0,48.841901357745094,48.5057488704846,48.112661870596284,263.0548367567058,255.07571693756984,265.98986361477995,10600.529669718726,10526.754881427136,10724.219280720037,9694.977290910558,775.3898319132127,6.058947645735522,119.39828165181241,0.014694558915287188,0.3296201085220987,39153.959487330154
2024-10-04 16:30:20.950702,0.0,1.0,0.0,1.0,0.0,1.0,17.017553329467773,893685.0,0.04251640472283598,0.03798670986099516,0.04324531047620408,0.029810014367864183,0.0344028454042274,0.03179422973639322,-1.9075348973274234e-05,0.0003433562815189362,-0.0003560731808344524,-0.0,0.0,0.0,0.0,1.0,0.0,0.0,43.1728169471026,44.28308026749144,44.12761995136219,250.4303974764092,264.46540243768305,269.90912519749975,8946.995850340132,9854.253894876585,9904.177429014046,8664.462255159746,792.363518865693,5.307415408929813,104.42116258324856,0.01627106098047038,0.3319220150394894,39850.52812000904
2024-10-04 16:30:20.950702,1.0,1.0,1.0,1.0,10.193354964256287,0.0,3.3691565990448,893686.0,0.042943103346232976,0.03798670986099516,0.04390284427203976,0.02964684940754005,0.03468368961839258,0.03179422973639322,-1.2716899315516158e-05,0.00033699783186117815,-0.0003528939560055733,-0.0,0.0,0.0,0.0,1.0,0.0,0.0,37.92243586365334,39.73620011917913,39.40549223359472,247.2462373470385,275.92279944638443,263.25307345986283,7753.066115056083,8933.001137891042,8849.801211373833,7622.290211518313,808.7510838510348,4.584432643374669,89.9998916156672,0.01841843236879876,0.333906012650217,40014.66544540404
2024-10-04 16:30:21.071703,1.0,1.0,1.0,1.0,1.0,1.0,1.0,893687.0,0.043064240690815186,0.037780445658522906,0.04478392562861249,0.029515668014433095,0.034878935091133,0.031763702384431956,3.179224828879043e-06,0.00031474325805902487,-0.00037832775463660567,-0.0,0.0,0.0,0.0,1.0,0.0,0.0,32.82231092258941,34.36926941414928,35.704906457425224,254.74738884519925,280.1518625853196,251.55427866982916,6905.3503650950815,7516.39085606643,7688.02774863249,6499.672219234364,824.5218554472982,3.8437396285401553,75.27671622048388,0.020788041136467053,0.3355654460388997,40700.0283293338
2024-10-04 16:30:21.122203,1.0,1.0,1.0,1.0,1.0,1.0,1.0,893688.0,0.04318503823719134,0.037084613626145846,0.04449217056439318,0.029744855788601574,0.03510074295512457,0.031763702384431956,-1.9075348973274234e-05,0.0002765925601124764,-0.0003751485298077266,-0.0,0.0,0.0,0.0,1.0,0.0,0.0,29.994469152898088,28.613079618748237,31.959165818451922,268.3477663128404,288.387616501273,234.2989742269417,6427.862484029157,6360.291108324493,6355.9570802428325,5519.789709444019,868.7624532355073,3.1063154165698803,60.672637069938716,0.023398642225844805,0.3369029406160859,42149.30517301767
2024-10-04 16:30:21.172351,1.0,1.0,1.0,1.0,1.0,1.0,1.0,893689.0,0.04306424069081518,0.03715478325109878,0.04518921828443541,0.029972291094128595,0.0357036100976489,0.03182472780550264,6.35844965775808e-06,0.0002638756607969603,-0.0003910446539521218,-0.0,0.0,0.0,0.0,1.0,0.0,0.0,25.371813811585746,26.26581296265244,25.4208796285067,268.03753876397764,298.45592066286144,220.21343518354476,5044.445210117186,5835.274460524294,4935.92921307496,4437.469875952329,898.6914613659179,2.4228552514983317,47.15157287724354,0.026942017108032665,0.33794237084484646,42468.51581703834
2024-10-04 16:30:21.222643,1.0,1.0,1.0,1.0,1.0,1.0,1.0,893690.0,0.04227064309912445,0.03651840306907817,0.04564800383634771,0.03016587087444806,0.03534861318744721,0.03170255949350469,3.1792248288790396e-05,0.0002765925601124764,-0.0003592524056633315,-0.0,0.0,0.0,0.0,1.0,0.0,0.0,20.429310992497104,21.047038893681403,23.6855123318184,269.1066065481077,299.55274057388294,211.42175588884874,3994.6140295804253,4134.138689810229,4422.730063599858,3386.5008470551566,963.1978408192707,1.730655054766609,33.574308003137425,0.03001155803213619,0.3386824978123823,44717.642024998175
2024-10-04 16:30:21.273212,1.0,1.0,1.0,1.0,1.0,1.0,1.0,893691.0,0.04196141697840431,0.036231979799249525,0.04576198155144105,0.03010148260279399,0.03534861318744721,0.03188563643118791,2.861302345991135e-05,0.00026069643596808123,-0.0003687900801499686,-0.0,0.0,0.0,0.0,1.0,0.0,0.0,17.530979821874748,19.10023995753754,19.789159942913496,253.8415518631072,313.06899378477425,203.31288585658064,2962.7164291938607,3406.9272058680654,3321.3880788187057,2481.2905937152004,1159.5255489301526,1.0538782570614338,20.43471988702095,0.030499028227425097,0.3391329698596695,51088.76676355924
2024-10-04 16:30:21.325895,1.0,1.0,1.0,1.0,1.0,1.0,1.0,893692.0,0.041587310697157,0.03666077555081008,0.04615868726430256,0.030004641120915988,0.03548557074494756,0.0316106234096681,1.2716899315516158e-05,0.0002829510097702345,-0.0003878654291232428,-0.0,0.0,0.0,0.0,1.0,0.0,0.0,14.44310459494021,14.693808540366367,19.288921493320636,251.85803535162697,299.9836704378715,217.05583987929106,2399.3054214596837,1612.8544903413638,2860.6699094996125,1580.7264267980015,1962.8566307881053,0.3954698072938359,7.690233322844748,0.027709172608103728,0.3393024967809198,0.0
2024-10-04 16:30:21.376264,1.0,1.0,1.0,1.0,1.0,1.0,1.0,893693.0,0.041209808385968265,0.03637547335010834,0.04598908955455482,0.029712222914499722,0.03534861318744721,0.03170255949350469,1.5896124144395195e-05,0.0002670548856258393,-0.00037196930497884756,-0.0,0.0,0.0,0.0,1.0,0.0,0.0,11.723379588465393,14.46769019819881,15.933653377715945,246.75534026586394,297.0950681863055,218.0828690931991,590.5689661309265,1421.001553027206,1732.400916054288,588.5394263817346,1078.298890760277,0.26435110315133636,-5.212040541769182,0.014182184292724317,0.0,0.0
2024-10-04 16:30:21.426497,1.0,1.0,1.0,1.0,1.0,1.0,1.0,893694.0,0.0418370865807396,0.036231979799249525,0.046607930817067524,0.029939906113202793,0.03532115794976128,0.03139505892336215,9.537674486637114e-06,0.0002670548856258393,-0.00041012000292539613,-0.0,0.0,0.0,0.0,1.0,0.0,0.0,14.334134514417705,14.29000165516878,11.212177312920367,250.22311460923356,312.79779337172903,193.4878804380443,-209.18344620668967,274.1544685172096,235.30923582451155,-533.0462049837533,-278.43821237584217,0.9276960037372038,-18.281313695196094,0.01469265677817908,0.0,0.0
2024-10-04 16:30:21.476977,1.0,1.0,1.0,1.0,1.0,1.0,1.0,893695.0,0.0420853800755884,0.03565223071686204,0.046552012463619064,0.03016587087444806,0.03526618335153976,0.03130221970899244,-5.782411586589357e-21,0.0002638756607969603,-0.00041965767741203324,-0.0,0.0,0.0,0.0,1.0,0.0,0.0,14.20753715700189,14.470008327433447,14.70234713779421,259.34811227493435,299.59085727701677,202.0337326948055,-482.46743831947043,-974.751890718841,-1564.7388962474301,-1596.4191627167957,-500.360210955418,1.5812951971913958,-30.467410728904802,0.036631149483687946,0.0,0.0
2024-10-04 16:30:21.527290,1.0,1.0,1.0,1.0,1.0,1.0,1.0,893696.0,0.04189929789626443,0.035137104329171824,0.04615868726430257,0.03064447088906264,0.0350730936850165,0.03120910432259612,-4.6259292692714854e-21,0.000241621086994807,-0.00040376155326763796,-0.0,0.0,0.0,0.0,1.0,0.0,0.0,17.083798624861295,15.666577195188983,17.099390353721983,265.09441049237796,291.7522714163767,202.96595218983956,-1833.2413624149908,-2188.017949037102,-1876.8254208894393,-2507.9350047487674,-562.9955712687397,2.218907390821035,-42.538549856737596,0.041452788144583655,0.0,0.0
2024-10-04 16:30:21.579189,1.0,1.0,1.0,1.0,1.0,1.0,1.0,893697.0,0.04127296521748623,0.03513710432917182,0.04610222401715648,0.031178004061435775,0.03545822155341263,0.031240173622796498,-3.1792248288790443e-06,0.0002511587614814441,-0.00038786542912324284,-0.0,0.0,0.0,0.0,1.0,0.0,0.0,18.014450211431516,19.2011313860037,19.710242289915296,256.12720223934843,279.61018832178127,224.36647603340273,-2594.8688543794005,-3073.4173216377594,-2764.0491759764964,-3325.2976440717484,-578.9066611189513,2.857715590354522,-54.85211273432979,0.04028040929844664,0.0,0.0
2024-10-04 16:30:21.629894,1.0,1.0,1.0,1.0,1.0,1.0,1.0,893698.0,0.04044423444177086,0.03579804821997391,0.04610222401715648,0.031240173622796498,0.03543085125095238,0.03145679951185349,-3.1792248288790443e-06,0.0002765925601124764,-0.00036243163049221055,-0.0,0.0,0.0,0.0,1.0,0.0,0.0,22.64006806350865,22.7120527432766,21.345293716333273,242.22800872009645,274.9031263933322,232.66953997288263,-3747.235846004695,-4238.142886431229,-3197.8129265029957,-4215.760626495014,-598.953160941094,3.483513306973198,-67.21318323569425,0.03526731043127053,0.0,0.0
2024-10-04 16:30:21.680168,1.0,1.0,1.0,1.0,1.0,1.0,1.0,893699.0,0.04076497090344802,0.03521115521073844,0.04587567609077438,0.0313331966781849,0.03545822155341263,0.03105329154533826,-2.2254573802153277e-05,0.0002861302345991135,-0.0003306393822034201,-0.0,0.0,0.0,0.0,1.0,0.0,0.0,26.244067107490263,24.954784830542142,26.963451080321086,240.93625387658065,265.11623137260716,243.51326722230107,-4957.390913867696,-4821.633425515136,-4270.348761350158,-5171.261017549648,-617.4583477229482,4.123334138135928,-79.9760912777303,0.030201184303173905,0.0,0.0
2024-10-04 16:30:21.731014,1.0,1.0,1.0,1.0,1.0,1.0,1.0,893700.0,0.0419614169784043,0.035137104329171824,0.04581886408620406,0.0313331966781849,0.03583921107981937,0.030928076150071922,-4.7688372433185584e-05,0.0002765925601124764,-0.00036243163049221044,-0.0,0.0,0.0,0.0,1.0,0.0,0.0,28.44516457540722,28.998552196694252,29.543840191003106,245.2693233121226,256.76061873598513,264.5555902706609,-5644.430601339324,-5817.714179470965,-5644.496959546944,-6203.185845723117,-640.50281888408,4.760864408339631,-92.48368573783202,0.02870909770263706,0.0,0.0
2024-10-04 16:30:21.781639,1.0,1.0,1.0,1.0,1.0,1.0,1.0,893701.0,0.041649895097796784,0.03491400934771429,0.04507379225100918,0.03151841915858901,0.035947323576018514,0.03039015553037446,-2.5433798631032314e-05,0.0002765925601124764,-0.00034017705669005726,-0.0,0.0,0.0,0.0,1.0,0.0,0.0,31.521987467261837,32.02686823580683,31.580585122635796,261.8041336328215,269.04025831273515,278.40147482191355,-6697.768766397043,-7195.510992739677,-7002.14894067786,-7507.434662479145,-690.3382555449887,5.346757750843109,-103.8486852098079,0.02886300400057951,0.0,0.0
2024-10-04 16:30:21.832104,1.0,1.0,1.0,1.0,1.0,1.0,1.0,893702.0,0.0419614169784043,0.03491400934771429,0.04553374081900147,0.03157991857152382,0.035974300933343493,0.03054935072925873,-2.861302345991135e-05,0.00025751721113920217,-0.0003274601573745411,-0.0,0.0,0.0,0.0,1.0,0.0,0.0,34.13799872588013,32.91777383609895,34.32150853707552,297.87997630188454,293.88478479879547,277.635080665476,-8582.123033053535,-7944.450684724093,-7838.047908907257,-8737.268332192914,-740.3427220738091,5.807035893846652,-112.69749018078258,0.02964703300524644,0.0,0.0
2024-10-04 16:30:21.883197,1.0,1.0,1.0,1.0,1.0,1.0,1.0,893703.0,0.042023444236177564,0.03528505068595369,0.04632766410980066,0.03197678183797181,0.03629646528256086,0.030612797008878905,-4.76883724331856e-05,0.0002893094594279926,-0.00032746015737454104,-0.0,0.0,0.0,0.0,1.0,0.0,0.0,34.3973381865626,34.634411478109904,35.340860657377824,309.71343312805,308.8436965273866,314.1485157294931,-8780.536363715832,-8935.184906887878,-9016.5952651968,-9614.164712770384,-778.5728514978193,6.084987765304214,-117.91897198522067,0.03106648251966203,0.0,0.0
2024-10-04 16:30:21.933366,1.0,1.0,1.0,1.0,1.0,1.0,1.0,893704.0,0.04189929789626443,0.03528505068595369,0.04621508152756302,0.03221857569203676,0.036774420302109805,0.030896693010431804,-4.76883724331856e-05,0.0003179224828879039,-0.00031156403323014586,-0.0,0.0,0.0,0.0,1.0,0.0,0.0,35.122916571419545,35.12627214478562,35.6545792381848,322.9244452146781,334.7838300922965,328.11604996534004,-9380.330657107277,-9676.398180136595,-9371.514267806344,-10257.284720490918,-814.1562708997225,6.217530138345709,-120.3084192298633,0.03250634453801272,0.0,0.0
2024-10-04 16:30:21.983660,1.0,1.0,1.0,1.0,1.0,1.0,1.0,893705.0,0.041774782619765874,0.035137104329171824,0.046552012463619064,0.0321582976678794,0.037063469853183345,0.030833830904597324,-5.404682209094367e-05,0.000324280932545662,-0.00030520558357238775,-0.0,0.0,0.0,0.0,1.0,0.0,0.0,35.15752795964639,34.84757370176913,35.6671592883131,352.5451708274601,338.7803171041719,351.6110343894274,-9776.332698804117,-9583.419364283243,-10042.670905657838,-10673.585329507634,-848.9207721313051,6.217530138345709,-120.06448103085353,0.034468041494697586,0.0,0.0
2024-10-04 16:30:22.034337,1.0,1.0,1.0,1.0,1.0,1.0,1.0,893706.0,0.04220897910845451,0.035505814366342106,0.04610222401715648,0.03167194378429309,0.037246242563570175,0.030990747087997286,-5.4046822090943663e-05,0.0003560731808344524,-0.0002893094594279926,-0.0,0.0,0.0,0.0,1.0,0.0,0.0,34.28332673862534,34.46386762714019,35.049217557656526,367.52776905389936,365.38466598778376,355.42337454549704,-9835.726196233729,-9824.229859948313,-9817.41201527074,-10775.047038737024,-864.1856941102183,6.179697847217463,-119.06482668832292,0.03664524033376215,0.0,0.0
2024-10-04 16:30:22.084829,1.0,1.0,1.0,1.0,1.0,1.0,1.0,893707.0,0.04227064309912444,0.03557909785889397,0.04581886408620406,0.031084516582433108,0.036774420302109805,0.03086527796111811,-6.358449657758078e-05,0.00034653550634781527,-0.00029566790908575063,-0.0,0.0,0.0,0.0,1.0,0.0,0.0,33.71154943133515,33.644078690724356,33.99258015846378,367.62290022754263,370.74505353144406,366.27071537728824,-9551.403358248173,-9905.206881627466,-9521.868363462374,-10631.990106234423,-880.7888094203716,5.99330226320251,-115.26943318625206,0.038347908014086725,0.0,0.0
2024-10-04 16:30:22.135120,1.0,1.0,1.0,1.0,1.0,1.0,1.0,893708.0,0.04245509769062346,0.03476448399532294,0.04581886408620406,0.030896693010431804,0.036668746462090805,0.031115710284795706,-6.358449657758078e-05,0.0003433562815189363,-0.00031474325805902487,-0.0,0.0,0.0,0.0,1.0,0.0,0.0,32.27836567613521,31.628650170884452,33.49651008666293,376.98510445963683,368.3542113824894,365.5969816468019,-9713.067446676103,-9090.641540754532,-9379.417696249146,-10359.569019691551,-896.8005321137429,5.751520368894305,-110.31059140204347,0.04103102895513171,0.0,0.0
2024-10-04 16:30:22.185546,1.0,1.0,1.0,1.0,1.0,1.0,1.0,893709.0,0.04245509769062346,0.035505814366342106,0.04610222401715648,0.03054935072925873,0.03645647986559919,0.0316106234096681,-5.4046822090943663e-05,0.0003497147311766943,-0.00036243163049221044,-0.0,0.0,0.0,0.0,1.0,0.0,0.0,30.386750000572206,31.962579707935166,30.6243104773184,368.6790490956632,371.7511075176839,370.70298109416206,-8719.729936608648,-9456.861969813499,-9190.616322981217,-10059.849010371603,-906.398780817283,5.545645959365376,-105.98478709217322,0.044432444220602975,0.0,0.0
2024-10-04 16:30:22.235883,1.0,1.0,1.0,1.0,1.0,1.0,1.0,893710.0,0.041712385598201944,0.03587073468713995,0.04536180663361167,0.03073929670896773,0.03629646528256086,0.03203740138402003,-3.8150697946548475e-05,0.000321101707716783,-0.0003433562815189362,-0.0,0.0,0.0,0.0,1.0,0.0,0.0,30.770079375738984,29.269422233223285,30.830761056360867,370.4336519627596,369.723274732444,358.56427247599936,-8972.17615517061,-8739.014386464636,-8452.608053842083,-9642.769585297643,-902.6357886925917,5.3396116914848815,-102.01419867159548,0.0447414103699874,0.0,0.0
2024-10-04 16:30:22.286089,1.0,1.0,1.0,1.0,1.0,1.0,1.0,893711.0,0.04189929789626443,0.03594327416403232,0.04666378216223113,0.030612797008878905,0.036135742137466224,0.03242866644143693,-5.0867597262064634e-05,0.000324280932545662,-0.00037832775463660567,-0.0,0.0,0.0,0.0,1.0,0.0,0.0,28.8913038390348,29.064144794169753,30.772438262070228,363.26809431871783,351.6658040115485,350.53208760729615,-8234.889089047969,-7707.068893938774,-8089.868564156488,-8900.825736792289,-841.4797092535273,5.278259816747785,-101.00852567437825,0.043164516514697215,0.0,0.0
2024-10-04 16:30:22.336992,1.0,1.0,1.0,1.0,1.0,1.0,1.0,893712.0,0.042393702000235525,0.03601566753881429,0.04621508152756301,0.030485772407004817,0.036028195047355945,0.03242866644143693,-5.404682209094367e-05,0.000324280932545662,-0.0003942238787810009,-0.0,0.0,0.0,0.0,1.0,0.0,0.0,29.86004026116838,30.99911688729886,29.620299569377554,336.46460360085916,335.2162235757765,341.21185732458474,-7111.247567465894,-7650.96878263794,-7596.011373705333,-8298.996386388337,-780.1962459673432,5.278259816747785,-101.57646651768944,0.03778451569028599,0.0,0.0
2024-10-04 16:30:22.387378,1.0,1.0,1.0,1.0,1.0,1.0,1.0,893713.0,0.04282162331969714,0.03594327416403232,0.04570502822314876,0.030198013527012933,0.03586626975568591,0.03254810944778678,-4.4509147604306555e-05,0.00031474325805902487,-0.0003815069794654848,-0.0,0.0,0.0,0.0,1.0,0.0,0.0,33.143808542756794,31.89520076685964,32.68957045024922,319.3436148201165,326.6345441962045,306.01857315152256,-7422.103054228259,-7442.360424985259,-6840.032486812612,-8031.374810430241,-731.0124429783041,5.408538861201397,-104.91473953815945,0.030100899424296924,0.0,0.0
2024-10-04 16:30:22.437655,1.0,1.0,1.0,1.0,1.0,1.0,1.0,893714.0,0.04189929789626443,0.03608791569074071,0.04564800383634771,0.029810014367864183,0.03537604711721689,0.032785690042080325,-6.358449657758079e-05,0.0002734133352835974,-0.00037196930497884767,-0.0,0.0,0.0,0.0,1.0,0.0,0.0,35.480733710478745,34.337650912719006,35.786481540855966,304.7806007754506,284.7841130439869,294.45437132984887,-7236.060920979652,-6725.689534107547,-7296.146663428356,-7807.608630684289,-670.3634320659836,5.698679343154759,-111.21902966610848,0.024168382103262814,0.0,0.0
2024-10-04 16:30:22.488137,1.0,1.0,1.0,1.0,1.0,1.0,1.0,893715.0,0.042023444236177564,0.036731754853566174,0.04541919034616077,0.02964684940754005,0.03493451908670038,0.03305092691301418,-6.676372140645982e-05,0.0002893094594279926,-0.00035925240566333144,-0.0,0.0,0.0,0.0,1.0,0.0,0.0,39.33049210182834,38.03579732164321,39.755590005648074,269.3087988157627,281.4536056294631,253.10047897769044,-7651.157921457552,-7336.995758233623,-6658.037726924079,-7840.8796581552315,-617.2451511313174,6.182708520079424,-121.30493890443914,0.018998400858780573,0.0,0.0
2024-10-04 16:30:22.538356,1.0,1.0,1.0,1.0,1.0,1.0,1.0,893716.0,0.041019754451988084,0.03651840306907817,0.045875676090774385,0.029416898073163358,0.03493451908670038,0.03290383705573704,-6.358449657758079e-05,0.0002638756607969603,-0.00038786542912324284,-0.0,0.0,0.0,0.0,1.0,0.0,0.0,42.74934389001184,42.175554711436654,42.74012141717069,247.72755230672544,240.82068627458233,257.60618000976507,-8009.096800157069,-7639.411825915097,-7948.018176955383,-8412.86168446207,-598.2026452755074,6.829239041482403,-134.29715162966724,0.016748785524164755,0.0,0.0
2024-10-04 16:30:22.589180,1.0,1.0,1.0,1.0,1.0,1.0,1.0,893717.0,0.04120980838596827,0.036589658557456724,0.04570502822314876,0.029744855788601574,0.034823262373934814,0.033168129149298335,-4.132992277542752e-05,0.00027977178494135546,-0.000403761553267638,-0.0,0.0,0.0,0.0,1.0,0.0,0.0,46.049717886909924,45.07488132998743,46.94906337757975,261.8595096315569,246.38146279471647,247.72829071687346,-9475.318254215124,-8526.125165364856,-9368.177960868159,-9682.261060448487,-632.3273655314575,7.432466152600577,-146.2198024703289,0.016343973398604484,0.0,0.0
2024-10-04 16:30:22.639561,1.0,1.0,1.0,1.0,1.0,1.0,1.0,893718.0,0.041461858493688546,0.036231979799249525,0.04627140705916457,0.029679554160349852,0.03479539261166803,0.03299216966314644,-4.132992277542752e-05,0.0002861302345991135,-0.00043237457672754936,-0.0,0.0,0.0,0.0,1.0,0.0,0.0,47.672800302462946,48.39741106796939,48.922433301514005,262.58795809600304,259.78134633960434,270.72982912334464,-9900.147605477481,-10149.413501636041,-10624.413509403557,-10834.484730981256,-666.0579687475088,7.8977222711676776,-155.3343896506708,0.016587413957615392,0.0,0.0
2024-10-04 16:30:22.690003,1.0,1.0,1.0,1.0,1.0,1.0,1.0,893719.0,0.04214722489965789,0.036231979799249525,0.046045691532351565,0.029875030834123562,0.034767500508899686,0.032933307582966455,-3.815069794654848e-05,0.00027977178494135546,-0.000410120002925396,-0.0,0.0,0.0,0.0,1.0,0.0,0.0,49.61780017970984,49.877357360480744,50.27288666884383,279.25719849435916,275.42017218887,282.48316346986843,-11068.738384950631,-11132.102429356282,-11460.164720543318,-11891.659415905799,-700.6963155420533,8.244261016581833,-162.06305090751692,0.01711596356813226,0.0,0.0
2024-10-04 16:30:22.740315,1.0,1.0,1.0,1.0,1.0,1.0,1.0,893720.0,0.04220897910845452,0.03601566753881429,0.046496026860123614,0.02958133142821319,0.034851109849295854,0.032815266674204355,-3.497147311766944e-05,0.00030202635874350875,-0.00040694077809651707,-0.0,0.0,0.0,0.0,1.0,0.0,0.0,50.55403533393248,51.29725135237711,50.36531960144397,291.09732380110296,301.31254978293305,298.69611590074635,-11759.051849146965,-12550.246579430945,-11835.787897494914,-12799.128996448468,-740.1305424877767,8.407749685178722,-165.13665064072603,0.017949767630268326,0.0,0.0
2024-10-04 16:30:22.790568,1.0,1.0,1.0,1.0,1.0,1.0,1.0,893721.0,0.04227064309912445,0.03587073468713995,0.04581886408620406,0.02958133142821319,0.034878935091133,0.032815266674204355,-5.404682209094367e-05,0.0002861302345991135,-0.00039740310360987996,-0.0,0.0,0.0,0.0,1.0,0.0,0.0,52.0623172697438,50.72539877295501,50.77473472901409,310.24915138696394,309.756540416609,304.7054579314497,-13068.090551483134,-12621.791561648186,-12186.580450995423,-13425.31765377219,-772.5077947601416,8.454870660163087,-165.95604717543307,0.0185772565547918,0.0,0.0
2024-10-04 16:30:22.841022,1.0,1.0,1.0,1.0,1.0,1.0,1.0,893722.0,0.041774782619765874,0.03608791569074071,0.04638385292864447,0.029284686626149053,0.034711649066398086,0.03233879467572394,-4.132992277542752e-05,0.0002893094594279926,-0.00038786542912324284,-0.0,0.0,0.0,0.0,1.0,0.0,0.0,51.312330195471375,50.710348307114046,52.873638740860024,316.46566582580255,309.2843258173872,314.6900518996978,-13117.335246106166,-12495.354811662113,-13271.846842388855,-13786.012029691807,-791.6889891631605,8.47336401563498,-166.28590191982036,0.018772817897407333,0.0,0.0
2024-10-04 16:30:22.891628,1.0,1.0,1.0,1.0,1.0,1.0,1.0,893723.0,0.041461858493688546,0.036231979799249525,0.04666378216223113,0.029810014367864183,0.034711649066398086,0.032308781866774994,-2.5433798631032317e-05,0.0002829510097702345,-0.0004514499257008236,-0.0,0.0,0.0,0.0,1.0,0.0,0.0,50.72169909166159,52.007192700384586,51.915514093676975,314.16823378012623,312.5430440044444,319.99471642934515,-12757.702360010257,-13035.596598807673,-13372.898420877082,-13887.40346377579,-794.1651933427366,8.511015384928534,-166.98658615356007,0.018997272350940415,0.0,0.0
2024-10-04 16:30:22.942086,1.0,1.0,1.0,1.0,1.0,1.0,1.0,893724.0,0.0420853800755884,0.03637547335010834,0.04627140705916456,0.030198013527012933,0.03465570761333854,0.032097906445255474,-1.58961241443952e-05,0.0003179224828879039,-0.0004609876001874607,-0.0,0.0,0.0,0.0,1.0,0.0,0.0,51.073807242261665,52.62954582748974,51.96706260279259,312.79413548275227,315.00328273274,318.87887462708807,-12659.268779322605,-13350.911173770563,-13304.083718201335,-13940.044091952763,-793.4066560272204,8.54971380062712,-167.7798067837588,0.018798694925599914,0.0,0.0
2024-10-04 16:30:22.992364,1.0,1.0,1.0,1.0,1.0,1.0,1.0,893725.0,0.04214722489965788,0.036589658557456724,0.04610222401715648,0.030517578125,0.03515597625908419,0.03203740138402003,-1.907534897327424e-05,0.0002893094594279926,-0.0004705252746740978,-0.0,0.0,0.0,0.0,1.0,0.0,0.0,51.44862573073189,52.92182555081915,51.0277122582065,311.7592364778905,315.0490123069216,316.9986672277008,-12651.38222316054,-13395.32046096628,-12838.692235746748,-13795.417582418775,-785.3826040331395,8.546275413195342,-167.73548756876832,0.018663221935331004,0.0,0.0
2024-10-04 16:30:23.042739,1.0,1.0,1.0,1.0,1.0,1.0,1.0,893726.0,0.042577623479846755,0.036447008273383014,0.04581886408620406,0.03077084037730748,0.03493451908670038,0.032067668184708895,-1.5896124144395198e-05,0.00031156403323014586,-0.0004355538015564284,-0.0,0.0,0.0,0.0,1.0,0.0,0.0,52.19794208387096,53.08589149098299,51.57491585047135,303.9547494577592,310.17815051148665,310.26151120510775,-12145.34469044282,-12984.500017103528,-12413.645622077654,-13333.492009886199,-755.2026125183139,8.581063993379162,-168.59776120000257,0.017617387948123453,0.0,0.0
2024-10-04 16:30:23.093191,1.0,1.0,1.0,1.0,1.0,1.0,1.0,893727.0,0.043425625269995945,0.037084613626145846,0.04627140705916457,0.03095942747707764,0.035211122922407,0.03188563643118791,-4.132992277542751e-05,0.000321101707716783,-0.00042283690224091225,-0.0,0.0,0.0,0.0,1.0,0.0,0.0,53.21960181447497,54.35462604434467,52.411795590609096,288.6510220489238,297.133544242194,294.89731244601126,-11343.572321549525,-12183.84710584113,-11215.546454468156,-12361.614350072976,-693.0693783369703,8.650505211150733,-170.321652339971,0.01553927670940072,0.0,0.0
2024-10-04 16:30:23.143419,1.0,1.0,1.0,1.0,1.0,1.0,1.0,893728.0,0.043124681760125134,0.037918079796158174,0.04570502822314875,0.031084516582433108,0.03493451908670038,0.03203740138402003,-1.9075348973274238e-05,0.00031474325805902487,-0.0004228369022409122,-0.0,0.0,0.0,0.0,1.0,0.0,0.0,55.37794626671511,55.97406490578378,55.218629856951225,270.65163762811164,277.5676032730502,271.77337412797374,-10566.040246803972,-10956.066106452341,-10499.12944127252,-11395.583942615836,-623.8251102102099,8.837040424720115,-174.43961304553363,0.0130201704318988,0.0,0.0
2024-10-04 16:30:23.193643,1.0,1.0,1.0,1.0,1.0,1.0,1.0,893729.0,0.04269979768643891,0.03798670986099516,0.04564800383634771,0.031022035078891817,0.034711649066398086,0.03224867245309928,-2.8613023459911357e-05,0.000324280932545662,-0.0004132992277542751,-0.0,0.0,0.0,0.0,1.0,0.0,0.0,57.95520045189777,58.24374897839018,58.80342921445891,252.7375465212912,251.19300883069965,245.15723851923067,-10010.352261287373,-9618.487583130083,-9441.09181611873,-10343.238388113074,-541.8505852882923,9.211252661814584,-182.28392421171154,0.010536726631260276,0.0,0.0
2024-10-04 16:30:23.244058,1.0,1.0,1.0,1.0,1.0,1.0,1.0,893730.0,0.04276075388833108,0.037503662109375,0.04536180663361167,0.0313331966781849,0.03462770299655218,0.03242866644143693,-4.7688372433185584e-05,0.0003338186070322991,-0.00042283690224091225,-0.0,0.0,0.0,0.0,1.0,0.0,0.0,62.315022741642885,61.1226661026271,63.15072323670109,223.31008688314816,210.13895561724775,220.78296083184802,-9002.884867450386,-8332.14919076928,-9020.243160449754,-9344.857260756473,-463.03921470466736,9.715863603413316,-192.71977555760867,0.00822107316377094,0.0,0.0
2024-10-04 16:30:23.294289,1.0,1.0,1.0,1.0,1.0,1.0,1.0,893731.0,0.04443358966925187,0.037918079796158174,0.04536180663361167,0.03142594437984583,0.03457162570793951,0.032667115729434024,-5.722604691982271e-05,0.0003306393822034201,-0.0004546291505297026,-0.0,0.0,0.0,0.0,1.0,0.0,0.0,66.5653141256215,66.5243521939912,65.78685596570641,187.72405898849328,190.25035315479897,196.76116423545767,-7673.870215665998,-8225.990482660007,-8241.034987972547,-8543.899969454531,-395.6235177817022,10.379033629510255,-206.2269585558405,0.006521387648825254,0.0,0.0
2024-10-04 16:30:23.344890,1.0,1.0,1.0,1.0,1.0,1.0,1.0,893732.0,0.044316195568033935,0.03798670986099516,0.04443358966925188,0.03151841915858901,0.03445919735911931,0.03348832035600082,-5.722604691982271e-05,0.0003179224828879039,-0.0004673460498452188,-0.0,0.0,0.0,0.0,1.0,0.0,0.0,70.0861760063233,71.31285607565744,70.41192791401988,169.29237395072755,175.42850403858506,171.6969880263646,-7238.9348540789015,-7594.085950240272,-7154.350603750505,-7797.691824066443,-339.7230702414558,11.016483851740986,-219.18579700084027,0.005191674809193564,0.0,0.0
2024-10-04 16:30:23.395832,1.0,1.0,1.0,1.0,1.0,1.0,1.0,893733.0,0.044139519001880914,0.03819186010094626,0.04413951900188092,0.030802351742838057,0.03417650843776925,0.033284918697807614,-7.948062072197598e-05,0.0002988471339146297,-0.0004419122512141865,-0.0,0.0,0.0,0.0,1.0,0.0,0.0,76.13900191207568,74.34313669458774,75.21299616619741,156.57683939676346,156.64061131612743,151.65863500811759,-6867.127261495898,-6663.591829587091,-6410.982695731142,-7101.5739194567495,-290.8635140432554,11.705855473710601,-233.1507126423447,0.004127835142154703,0.0,0.0
2024-10-04 16:30:23.446930,1.0,1.0,1.0,1.0,1.0,1.0,1.0,893734.0,0.043962132407454745,0.03798670986099516,0.04449217056439318,0.030928076150071922,0.0344028454042274,0.03351727697218139,-8.90182952086131e-05,0.0002765925601124764,-0.0004355538015564284,-0.0,0.0,0.0,0.0,1.0,0.0,0.0,79.2086935466324,79.6632204857768,79.96701532438351,144.38929457114375,139.77285428664973,139.13453436101773,-5969.299006862987,-5634.227823636693,-5898.483097534008,-6287.110784338522,-243.6494816693934,12.360526747105599,-246.40924796669532,0.0032413140305864833,0.0,0.0
2024-10-04 16:30:23.497255,1.0,1.0,1.0,1.0,1.0,1.0,1.0,893735.0,0.044316195568033935,0.038055216156251626,0.044900096837092805,0.03070772063827226,0.03389146168814632,0.033459338679991214,-6.676372140645982e-05,0.00026069643596808123,-0.0004419122512141865,-0.0,0.0,0.0,0.0,1.0,0.0,0.0,84.87684768104995,83.54028134401545,83.43798057710113,130.89699689283822,126.12764600196789,128.12277853546945,-4975.111833105943,-4799.957464466833,-4973.127618740775,-5374.2443476346725,-195.61462243861587,13.150273526458323,-262.3538698631211,0.0024775175388343077,0.0,0.0
2024-10-04 16:30:23.547733,1.0,1.0,1.0,1.0,1.0,1.0,1.0,893736.0,0.04437493143949452,0.038055216156251626,0.04547650165015325,0.030485772407004817,0.033834164163335345,0.03313886745048406,-6.994294623533886e-05,0.00023844186216592797,-0.0004673460498452188,-0.0,0.0,0.0,0.0,1.0,0.0,0.0,88.4321004445671,87.81436573803593,89.3140048557587,121.44698895190285,117.87645021877411,118.61384016361056,-4105.121594655334,-3745.390228098702,-3986.5175709527607,-4422.194685338788,-152.18027508387047,13.899990276224763,-277.4922609773784,0.001825701086946153,0.0,0.0
2024-10-04 16:30:23.598588,1.0,1.0,1.0,1.0,1.0,1.0,1.0,893737.0,0.04294310334623297,0.03757304914762413,0.045246820880521094,0.0303262434606198,0.03431814397393635,0.033430331878977426,-7.312217106421791e-05,0.0002352626373370489,-0.0004737044995029769,-0.0,0.0,0.0,0.0,1.0,0.0,0.0,92.63871280162343,93.22409687836696,93.21644282822261,113.5736718417202,110.12899081185024,110.24709599672977,-2962.132776296931,-2622.8591093030927,-2993.7319679277116,-3358.4267840390658,-109.87543153243426,14.612356921130516,-291.88156964876276,0.001250889147523109,0.0,0.0
2024-10-04 16:30:23.648953,1.0,1.0,1.0,1.0,1.0,1.0,1.0,893738.0,0.04269979768643891,0.037711440220720746,0.0449000968370928,0.0303262434606198,0.03434640099311143,0.033546208593426816,-9.855596969525021e-05,0.00021618728836377465,-0.00046416682501633976,-0.0,0.0,0.0,0.0,1.0,0.0,0.0,97.96532901836143,97.80472188161029,97.09229810740335,107.90614775535681,106.0302914768583,105.29535534251255,-1609.1924151683602,-1596.929315955601,-1621.8750359338678,-2139.4401015969956,-66.6554142990281,15.336265589871067,-306.50395428401396,0.0007216799686672282,0.0,0.0
2024-10-04 16:30:23.699119,1.0,1.0,1.0,1.0,1.0,1.0,1.0,893739.0,0.042332217265921304,0.03757304914762413,0.0451892182844354,0.03039015553037446,0.03462770299655218,0.033430331878977426,-0.00011127286901076637,0.0001716781407594681,-0.00048642139881849305,-0.0,0.0,0.0,0.0,1.0,0.0,0.0,103.06536616237193,102.05157627227166,101.24437287491484,103.09440311774728,102.79508092670889,102.49563631404332,-124.86124982084986,-397.9290821504719,-234.9497187770172,-816.6983042336269,-24.33960598211749,16.02502100631449,-320.41990875870937,0.0002512051857803313,0.0,0.0
2024-10-04 16:30:23.749730,1.0,1.0,1.0,1.0,1.0,1.0,1.0,893740.0,0.04269979768643891,0.038055216156251626,0.04553374081900146,0.030294236862297798,0.034711649066398086,0.033546208593426816,-0.00011763131866852446,0.0001716781407594681,-0.0005150344222784043,-0.0,0.0,0.0,0.0,1.0,0.0,0.0,107.01610847994777,106.64553348903692,105.50741462371127,99.75262254603658,99.477935231372,101.18149734953965,1033.480091984691,601.3464592236331,778.8615315353805,205.8121139220718,5.924957327807041,16.58640960156706,-331.7088728233635,5.823806490311765e-05,0.0,0.0
2024-10-04 16:30:23.800447,1.0,1.0,1.0,1.0,1.0,1.0,1.0,893741.0,0.041461858493688546,0.03757304914762413,0.04581886408620406,0.03039015553037446,0.0350730936850165,0.03351727697218139,-8.901829520861311e-05,0.00018439504007498428,-0.0004991382981340092,-0.0,0.0,0.0,0.0,1.0,0.0,0.0,110.7774408107906,110.13684658903928,110.5644858031033,98.69902425417595,96.66366196942838,97.16472824514113,1312.4501865427105,1273.421758802017,1158.6306029924574,614.6956661691733,17.12692135072867,17.139265180481914,-342.7300859199444,0.00016108534733676747,0.0,0.0
2024-10-04 16:30:23.850960,1.0,1.0,1.0,1.0,1.0,1.0,1.0,893742.0,0.041587310697157,0.03743414645719283,0.04627140705916456,0.03070772063827226,0.03518356039534762,0.033168129149298335,-9.53767448663712e-05,0.00020029116421937945,-0.0005118551974495253,-0.0,0.0,0.0,0.0,1.0,0.0,0.0,115.16330410595637,113.37061311443416,113.51624835079102,95.95345602940624,95.78978249814548,95.19514417918872,1575.6974680012154,1441.2657551495834,1613.034350451618,877.9825675354992,23.662724887754944,17.719697344099316,-354.31743275880916,0.00021590132633570938,0.0,0.0
2024-10-04 16:30:23.901270,1.0,1.0,1.0,1.0,1.0,1.0,1.0,893743.0,0.0418370865807396,0.0373645014732293,0.04699749641733918,0.031178004061435775,0.03537604711721689,0.03351727697218139,-9.219752003749214e-05,0.00022254573802153274,-0.0005118551974495253,-0.0,0.0,0.0,0.0,1.0,0.0,0.0,117.37682463137618,117.05481918887828,116.62103354094087,95.65482540031101,93.77201239412094,94.77527304907798,1942.7978999030736,1784.6732250121395,1684.6836290044328,1109.388193636221,29.121654988005577,18.193711587301287,-363.7800425100474,0.0002588510747969436,0.0,0.0
2024-10-04 16:30:23.951971,1.0,1.0,1.0,1.0,1.0,1.0,1.0,893744.0,0.04152463197171362,0.03715478325109878,0.04683093654403021,0.030833830904597324,0.035238663890968365,0.033546208593426816,-7.948062072197598e-05,0.00022890418767929085,-0.0005309305464227996,-0.0,0.0,0.0,0.0,1.0,0.0,0.0,120.80826633024324,119.06934281846907,119.34390274429971,94.65924437718009,94.52902814337133,94.32940485774797,2039.0971450444529,1881.916073050583,2093.5104490044187,1281.8050144711426,32.84223611445954,18.640375320933025,-372.7010610764887,0.00028552360223191124,0.0,0.0
2024-10-04 16:30:24.002575,1.0,1.0,1.0,1.0,1.0,1.0,1.0,893745.0,0.041587310697157,0.03687330356631608,0.045932417826860104,0.031084516582433108,0.03564922528298997,0.0337192770263005,-8.265984555085502e-05,0.00027023411045471834,-0.0005023175229628882,-0.0,0.0,0.0,0.0,1.0,0.0,0.0,122.17687678076533,121.62284119472287,122.25878968889562,95.32417294213774,94.08034167555238,93.76442218109301,2068.4308175892943,2090.626242983477,1983.9433189525496,1300.306949429811,32.63690554689635,19.02827456338231,-380.4593757967557,0.0002788362931622462,0.0,0.0
2024-10-04 16:30:24.052838,1.0,1.0,1.0,1.0,1.0,1.0,1.0,893746.0,0.041774782619765874,0.036731754853566174,0.04559090812440137,0.03105329154533826,0.03556749214080218,0.03406277598114669,-0.00011445209383964543,0.00025751721113920217,-0.0005213928719361625,-0.0,0.0,0.0,0.0,1.0,0.0,0.0,124.50586362132645,123.6380568658471,123.28670354348321,94.91907600601094,93.56405137394358,94.20985557764718,2133.0514210322335,1901.6673096648813,1912.8443243048848,1215.8930305591148,30.130302498912513,19.27272971704058,-385.35700613982067,0.000253176904423149,0.0,0.0
2024-10-04 16:30:24.103685,1.0,1.0,1.0,1.0,1.0,1.0,1.0,893747.0,0.042332217265921304,0.03658965855745672,0.04530435023736206,0.030802351742838057,0.0350730936850165,0.033690494027434716,-0.00011127286901076637,0.0002511587614814441,-0.0005182136471072835,-0.0,0.0,0.0,0.0,1.0,0.0,0.0,125.88070213887701,123.9497964880181,124.76619423923609,95.56719224238067,94.69025668047028,94.41300208669443,1173.356908626368,1113.0898042390309,1209.416452678284,386.07485274173695,9.525179384958287,19.35414797379385,-387.0523718284311,7.902090933516111e-05,0.0,0.0
2024-10-04 16:30:24.154095,1.0,1.0,1.0,1.0,1.0,1.0,1.0,893748.0,0.04336560364453033,0.0361600194902826,0.04627140705916457,0.030896693010431804,0.035128370462711604,0.03351727697218139,-9.855596969525021e-05,0.00024480031182368605,-0.0005182136471072835,-0.0,0.0,0.0,0.0,1.0,0.0,0.0,125.47202303163863,124.23207160370553,125.6667976993653,97.76184605139288,96.30894980775479,95.95866120015903,-274.3062872546174,-42.16024937728738,-220.88784803178052,-964.2071828544505,-23.705167793325412,19.424690640733612,-388.41743029350476,0.00019661193730242615,0.0,0.0
2024-10-04 16:30:24.204315,1.0,1.0,1.0,1.0,1.0,1.0,1.0,893749.0,0.04330549882888886,0.03579804821997391,0.04581886408620405,0.03139505892336215,0.03556749214080218,0.03377676944149575,-3.497147311766943e-05,0.00029248868425687163,-0.0005054967477917672,-0.0,0.0,0.0,0.0,1.0,0.0,0.0,124.200001280383,124.4039899956898,125.25938039774627,99.96471278093978,97.73447990979923,98.32437727679486,-1817.4114522973007,-1562.3000956109327,-1968.69474615415,-2564.8195861236045,-63.269103195475246,19.36581249538682,-387.1119026384498,0.0005275979753889118,0.0,0.0
2024-10-04 16:30:24.254592,1.0,1.0,1.0,1.0,1.0,1.0,1.0,893750.0,0.04306424069081518,0.03587073468713995,0.04627140705916456,0.031084516582433108,0.03562200173928452,0.033546208593426816,4.6259292692714854e-21,0.00031156403323014586,-0.0005086759726206463,-0.0,0.0,0.0,0.0,1.0,0.0,0.0,122.82324955044272,123.9948624416952,123.34446470985422,102.16830766687634,100.37841423887116,102.2203493239186,-2960.04061279374,-3047.81470329818,-3380.296610820127,-3901.450935213955,-96.2693050574816,19.36581249538682,-386.99886814330495,0.0008194382872058198,0.0,0.0
2024-10-04 16:30:24.305223,1.0,1.0,1.0,1.0,1.0,1.0,1.0,893751.0,0.04263875434188018,0.03651840306907817,0.04710820916537822,0.030990747087997286,0.03534861318744721,0.033459338679991214,-1.9075348973274234e-05,0.0002734133352835974,-0.0005309305464227996,-0.0,0.0,0.0,0.0,1.0,0.0,0.0,121.724234388852,121.97077617560495,121.00791990989363,105.68631639822097,105.21796446481414,105.84448502990602,-3818.884790923937,-3941.19313101645,-3965.0225050595564,-4666.912116051725,-116.02216163725002,19.225130819639833,-384.11392535542194,0.0010108930883779511,0.0,0.0
2024-10-04 16:30:24.355751,1.0,1.0,1.0,1.0,1.0,1.0,1.0,893752.0,0.04282162331969714,0.036447008273383014,0.04765791515713948,0.03077084037730748,0.03510074295512457,0.033168129149298335,9.251858538542971e-21,0.00029248868425687163,-0.0005245720967650415,-0.0,0.0,0.0,0.0,1.0,0.0,0.0,118.94804334268548,119.33379295446761,119.33800098409345,110.77642661541938,108.15569662737182,109.2454417262819,-4592.913720285395,-4397.337477674707,-4741.889193379194,-5316.761331415786,-135.02698906418973,18.823009507407377,-376.00876076666594,0.0011991424147768039,0.0,0.0
2024-10-04 16:30:24.406067,1.0,1.0,1.0,1.0,1.0,1.0,1.0,893753.0,0.04306424069081518,0.03722482060496381,0.04683093654403021,0.03070772063827226,0.0352936813544323,0.033284918697807614,3.1792248288790426e-06,0.00027977178494135546,-0.0005372889960805577,-0.0,0.0,0.0,0.0,1.0,0.0,0.0,116.07588105845018,117.3547922355514,116.15063499315642,113.35207140020923,112.29505811752908,114.16961265851235,-5097.608068573196,-5332.3510223639605,-5450.058797679522,-6010.704558427939,-156.45003519193324,18.369972089845078,-366.8775174509337,0.0014205910150956883,0.0,0.0
2024-10-04 16:30:24.456956,1.0,1.0,1.0,1.0,1.0,1.0,1.0,893754.0,0.04306424069081518,0.03701431097784902,0.04694204212496726,0.030517578125,0.0350730936850165,0.033168129149298335,1.9075348973274245e-05,0.0002511587614814441,-0.0005213928719361625,-0.0,0.0,0.0,0.0,1.0,0.0,0.0,113.16372508909261,113.40889386470101,113.55670784545137,118.25151015428213,115.78243536984674,116.31607195576575,-6090.131608976615,-5879.864345705001,-6199.445112622201,-6746.533098667319,-181.2958785353359,17.797839498212042,-355.3563710528715,0.0016867747105756264,0.0,0.0
2024-10-04 16:30:24.507340,1.0,1.0,1.0,1.0,1.0,1.0,1.0,893755.0,0.04336560364453033,0.036873303566316074,0.0480931562928653,0.03016587087444806,0.035211122922407,0.03290383705573704,4.6259292692714854e-21,0.00021300806353489565,-0.0005277513215939206,-0.0,0.0,0.0,0.0,1.0,0.0,0.0,109.58959008737088,110.57199207293749,108.98160769975296,120.25901561331618,119.72770337873487,121.25486851738101,-6643.242809926088,-6883.73815093496,-6916.1799559728415,-7472.850752061868,-206.95725954573876,17.27491208859666,-344.80775560785276,0.0019985229462796184,0.0,0.0
2024-10-04 16:30:24.557785,1.0,1.0,1.0,1.0,1.0,1.0,1.0,893756.0,0.04282162331969714,0.03743414645719283,0.04743879714519196,0.030422061214259163,0.03583921107981937,0.03337224263981984,3.8150697946548475e-05,0.0002638756607969603,-0.0005309305464227996,-0.0,0.0,0.0,0.0,1.0,0.0,0.0,104.92565006842024,106.28001146990742,105.55889540704294,125.10917469989931,122.32588427589381,125.03485714712184,-7436.721638450842,-7459.054597992706,-7803.598292210167,-8189.81408245425,-235.2767095525326,16.65968329791095,-332.40418825268586,0.0023694259110919207,0.0,0.0
2024-10-04 16:30:24.608447,1.0,1.0,1.0,1.0,1.0,1.0,1.0,893757.0,0.0436051944382425,0.03798670986099516,0.04787603032486651,0.03064447088906264,0.036082008662183536,0.033834164163335345,4.132992277542752e-05,0.0002511587614814441,-0.0005531851202249528,-0.0,0.0,0.0,0.0,1.0,0.0,0.0,101.25427746106621,101.55981881998105,101.23897591777433,127.83196532789248,125.91552400425512,126.77291625145736,-7656.755163216813,-7614.955943369671,-7790.25312860965,-8276.140971343408,-246.66858612387932,16.06155285032943,-320.39476919525345,0.0026033840536096747,0.0,0.0
2024-10-04 16:30:24.659599,1.0,1.0,1.0,1.0,1.0,1.0,1.0,893758.0,0.04269979768643891,0.03798670986099516,0.04749367142281465,0.030802351742838057,0.03600125807533038,0.03360399710929144,6.358449657758086e-06,0.00029566790908575063,-0.0005277513215939206,-0.0,0.0,0.0,0.0,1.0,0.0,0.0,97.34889855017563,97.45640115355683,95.73791013793603,127.58185418425755,128.26264003586283,128.43979626533016,-7404.287073932499,-7652.916318647197,-7379.857101393758,-8030.673476620098,-250.38061480393677,15.356695020470344,-306.28282812435265,0.0027710138279095783,0.0,0.0
2024-10-04 16:30:24.709970,1.0,1.0,1.0,1.0,1.0,1.0,1.0,893759.0,0.04354542032592321,0.03832801689680105,0.04782159479808185,0.030294236862297798,0.035730771463385984,0.03310957989067469,-2.5433798631032307e-05,0.00031474325805902487,-0.0005054967477917672,-0.0,0.0,0.0,0.0,1.0,0.0,0.0,93.21872822676843,92.96484105880988,91.436442148431,127.86396973633971,129.50442298590247,129.69033426881413,-7027.004289499443,-7414.200054705643,-6970.404930317431,-7655.108382279648,-250.13443817793677,14.654786434887871,-292.24644502824964,0.0028976323649655164,0.0,0.0
2024-10-04 16:30:24.760234,1.0,1.0,1.0,1.0,1.0,1.0,1.0,893760.0,0.04354542032592321,0.03825999906698716,0.047657915157139484,0.0303262434606198,0.03556749214080218,0.033226575237181734,-3.1792248288790396e-05,0.0002893094594279926,-0.0005023175229628882,-0.0,0.0,0.0,0.0,1.0,0.0,0.0,88.7501614205447,87.76058633930369,87.47100827749483,128.96986737812418,129.34578450930087,129.8814976352308,-6787.3453672522555,-6883.213662078373,-6685.691536868526,-7267.99247828486,-249.91630689238946,13.927942370708834,-277.7098326213244,0.003047883062173789,0.0,0.0
2024-10-04 16:30:24.810555,1.0,1.0,1.0,1.0,1.0,1.0,1.0,893761.0,0.04390284427203976,0.038733615672373205,0.046942042124967255,0.030198013527012933,0.035512898874331005,0.033226575237181734,-1.907534897327423e-05,0.00031474325805902487,-0.000483242173989614,-0.0,0.0,0.0,0.0,1.0,0.0,0.0,83.1905176891822,83.72470121084324,84.0538131642656,129.91905586009725,129.53865822949447,130.8877373984088,-6333.1630688331215,-6457.422369662321,-6486.404246804802,-6877.296733353046,-248.93982070530865,13.232910479861753,-263.8121375170269,0.0031968480459975902,0.0,0.0
2024-10-04 16:30:24.861422,1.0,1.0,1.0,1.0,1.0,1.0,1.0,893762.0,0.044667452282818626,0.038666311337125336,0.046942042124967255,0.03073929670896773,0.03548557074494756,0.03348832035600082,-5.0867597262064614e-05,0.0002829510097702345,-0.0004927798484762511,-0.0,0.0,0.0,0.0,1.0,0.0,0.0,79.63571974680866,79.74458520886311,78.27069941851177,128.87241557702234,130.67322193866636,131.05502176642085,-5938.40749487479,-6309.010156983733,-5997.151884238518,-6501.466649248001,-249.1110537584203,12.50342031549585,-249.22391976512895,0.003377022140659619,0.0,0.0
2024-10-04 16:30:24.911593,1.0,1.0,1.0,1.0,1.0,1.0,1.0,893763.0,0.044667452282818626,0.037918079796158174,0.04743879714519196,0.030802351742838057,0.03532115794976128,0.03319736505550277,-6.358449657758079e-05,0.00030520558357238775,-0.00045462915052970265,-0.0,0.0,0.0,0.0,1.0,0.0,0.0,75.46876434168972,73.88386281675758,75.31898953670745,131.4450270675246,131.44825516664724,129.37740522590147,-5909.198855151058,-5658.1539842499715,-5618.603016642956,-6120.723689475422,-248.9182005215912,11.782532891171424,-234.81049479831333,0.0035652903873694872,0.0,0.0
2024-10-04 16:30:24.961968,1.0,1.0,1.0,1.0,1.0,1.0,1.0,893764.0,0.044900096837092805,0.03839591423416136,0.0479847161181428,0.03148762440853117,0.03540345978860444,0.032785690042080325,-0.00010491441935300828,0.0003306393822034201,-0.0004482707008719446,-0.0,0.0,0.0,0.0,1.0,0.0,0.0,70.29902206968676,70.76394728418673,69.74440555402404,132.01802652160063,130.46163032152086,131.22219945178043,-5355.502249618427,-5389.256820577647,-5346.09371989471,-5727.399585045475,-248.7121742593904,11.037104883769493,-219.90333792147482,0.003799727205403661,0.0,0.0
2024-10-04 16:30:25.012173,1.0,1.0,1.0,1.0,1.0,1.0,1.0,893765.0,0.04425738174574523,0.038123599349151736,0.04705288535396546,0.03170255949350469,0.03501772965099794,0.032815266674204355,-8.583907037973405e-05,0.0003338186070322992,-0.0004355538015564284,-0.0,0.0,0.0,0.0,1.0,0.0,0.0,65.52512246048656,65.63651098462576,66.94387952701098,132.78983053987565,129.00541330360332,132.5853643573552,-4949.004552291744,-4841.297820446769,-5218.3056548929735,-5342.092354341668,-247.23230829381095,10.358544689294437,-206.3372082348951,0.004024144201720139,0.0,0.0
2024-10-04 16:30:25.062591,1.0,1.0,1.0,1.0,1.0,1.0,1.0,893766.0,0.04449217056439318,0.03853134997827472,0.047603230210664246,0.032097906445255474,0.03465570761333854,0.032097906445255474,-7.630139589309694e-05,0.00031474325805902487,-0.00041012000292539613,-0.0,0.0,0.0,0.0,1.0,0.0,0.0,62.474524257654565,61.3471529238024,61.30855752103453,130.5643883025575,134.04285147385545,131.70769703607223,-4637.353720111331,-4821.547309238218,-4407.762323139637,-4939.202910972426,-245.71381359716608,9.63893611842974,-191.95466792206585,0.004274613071422441,0.0,0.0
2024-10-04 16:30:25.113051,1.0,1.0,1.0,1.0,1.0,1.0,1.0,893767.0,0.044080469451694804,0.03819186010094626,0.047657915157139484,0.032308781866774994,0.034204882463775475,0.03151841915858901,-6.994294623533886e-05,0.00033699783186117815,-0.00037196930497884756,-0.0,0.0,0.0,0.0,1.0,0.0,0.0,56.73410200097108,57.806406318944724,56.69263238817611,133.5899783782549,130.2973787868395,132.88854172035678,-4174.733377832106,-4242.159598417674,-4295.535578838883,-4530.967172676048,-243.9035282521107,8.910813055859647,-177.39616011780967,0.004601718127415809,0.0,0.0
2024-10-04 16:30:25.163253,1.0,1.0,1.0,1.0,1.0,1.0,1.0,893768.0,0.0440213406934204,0.03819186010094626,0.04847078642501301,0.03245856839932655,0.03417650843776925,0.03170255949350469,-2.2254573802153277e-05,0.00031156403323014586,-0.0003910446539521219,-0.0,0.0,0.0,0.0,1.0,0.0,0.0,52.365975865803755,53.05620345164032,53.30232512651461,130.78239420615515,132.41021883963566,134.0179854708399,-3774.5773769645984,-3938.0062359922713,-3959.2089268659165,-4164.637366949949,-243.46598754296963,8.207905167216335,-163.34666615844668,0.004943022423803143,0.0,0.0
2024-10-04 16:30:25.213529,1.0,1.0,1.0,1.0,1.0,1.0,1.0,893769.0,0.043664886724146465,0.038123599349151736,0.048845497142607545,0.03257790177388484,0.03360399710929144,0.03197678183797181,-3.1792248288790396e-05,0.0002765925601124764,-0.00044509147604306553,-0.0,0.0,0.0,0.0,1.0,0.0,0.0,48.02401975707101,48.01610838534051,49.539784710823724,136.37405111145674,128.81895762568794,132.98852409063974,-3522.326359703602,-3264.281053584025,-3836.977148247833,-3796.7853754032703,-243.47117711677984,7.486086944856146,-148.91548991803884,0.005384982735460089,0.0,0.0
2024-10-04 16:30:25.263772,1.0,1.0,1.0,1.0,1.0,1.0,1.0,893770.0,0.043425625269995945,0.0378493252884673,0.0483631929817295,0.03299216966314644,0.03357511528435138,0.03173314566510837,-2.8613023459911357e-05,0.00027023411045471834,-0.00043237457672754936,-0.0,0.0,0.0,0.0,1.0,0.0,0.0,44.06122670230047,43.29245821340643,45.90115924932484,134.98437570533864,136.2622094992257,130.27174211449147,-3335.373259774768,-3053.2411922456263,-3102.2912143504204,-3406.1798279081945,-240.48878555381356,6.802068954000468,-135.25213379653016,0.005801508988048724,0.0,0.0
2024-10-04 16:30:25.314465,1.0,1.0,1.0,1.0,1.0,1.0,1.0,893771.0,0.04324531047620408,0.03722482060496381,0.047984716118142805,0.03348832035600082,0.033690494027434716,0.03173314566510837,-3.179224828879043e-06,0.0002734133352835974,-0.000400582328438759,-0.0,0.0,0.0,0.0,1.0,0.0,0.0,39.792805219070246,39.34191487400666,40.8361335532561,131.28138947916693,134.19976004985526,136.40464127608828,-2774.033254282691,-2814.254514830246,-2709.3473287825436,-2993.290965194455,-237.78665272849503,6.048724146399676,-120.20785382776513,0.006337114089462297,0.0,0.0
2024-10-04 16:30:25.364925,1.0,1.0,1.0,1.0,1.0,1.0,1.0,893772.0,0.04189929789626443,0.037503662109375,0.04694204212496726,0.03348832035600082,0.03380547898296581,0.03148762440853117,1.907534897327423e-05,0.0002670548856258393,-0.0003815069794654848,-0.0,0.0,0.0,0.0,1.0,0.0,0.0,34.74299758523144,35.634357991217634,37.26035822085431,136.18474036268208,128.37796955108203,138.3754010292538,-2332.557418601895,-2363.751518645814,-2420.750680523251,-2588.384548226047,-230.56947864684108,5.397106349691476,-107.2008831066076,0.0068670491110880555,0.0,0.0
2024-10-04 16:30:25.415458,1.0,1.0,1.0,1.0,1.0,1.0,1.0,893773.0,0.04127296521748623,0.0378493252884673,0.04627140705916456,0.033748035476753,0.0337192770263005,0.0313331966781849,2.2254573802153277e-05,0.00026069643596808123,-0.00039740310360987996,-0.0,0.0,0.0,0.0,1.0,0.0,0.0,30.50180808367575,32.211670093952115,31.515393629910868,140.38546479942372,126.72127600210973,134.40191916538,-1956.144755772799,-1962.0967269040443,-2061.3973577606866,-2195.899447376983,-226.733154471446,4.660061841113893,-92.4844676723681,0.007690554056450448,0.0,0.0
2024-10-04 16:30:25.465773,1.0,1.0,1.0,1.0,1.0,1.0,1.0,893774.0,0.041461858493688546,0.03764230828317236,0.04621508152756301,0.033284918697807614,0.033430331878977426,0.03188563643118791,4.4509147604306555e-05,0.0002511587614814441,-0.000403761553267638,-0.0,0.0,0.0,0.0,1.0,0.0,0.0,27.144595707271158,28.24030592459668,27.716496187504806,142.2997886181995,131.68595708890692,127.67129369612256,-1626.0941627275347,-1669.7331480774026,-1613.2935715834833,-1831.3916682926579,-220.84488981090675,3.992800379299892,-79.18907347025088,0.008351708730601409,0.0,0.0
2024-10-04 16:30:25.516015,1.0,1.0,1.0,1.0,1.0,1.0,1.0,893775.0,0.04152463197171362,0.038055216156251626,0.04638385292864447,0.033226575237181734,0.03351727697218139,0.03170255949350469,3.815069794654848e-05,0.00029248868425687163,-0.00042283690224091225,-0.0,0.0,0.0,0.0,1.0,0.0,0.0,23.930102236793815,23.3043761090174,23.75770984211348,144.53863386414196,137.65754508827862,118.49598439748321,-1519.9257893458387,-1198.1280821153255,-1083.1710483853576,-1454.2623951452467,-214.88326877881204,3.2615089582465266,-64.62663660750687,0.009252504977759616,0.0,0.0
2024-10-04 16:30:25.566301,1.0,1.0,1.0,1.0,1.0,1.0,1.0,893776.0,0.04076497090344803,0.03757304914762413,0.04632766410980066,0.03296275176192149,0.03331405211143558,0.03194642892952922,1.589612414439519e-05,0.00030520558357238775,-0.0004482707008719446,-0.0,0.0,0.0,0.0,1.0,0.0,0.0,18.852872228577013,20.24589432081948,20.468264440361835,142.0790486216857,134.77055874130795,113.50970148372762,-1090.201880679898,-666.6868535091866,-1132.2306861365496,-1135.7756816999938,-204.1507411091177,2.6844628330663065,-53.126717935205555,0.010477677678964329,0.0,0.0
2024-10-04 16:30:25.617087,1.0,1.0,1.0,1.0,1.0,1.0,1.0,893777.0,0.04101975445198809,0.0373645014732293,0.04570502822314875,0.032696799620819436,0.0333431600699038,0.03224867245309928,-3.179224828879041e-06,0.0002893094594279926,-0.0004482707008719446,-0.0,0.0,0.0,0.0,1.0,0.0,0.0,16.726077488923586,17.141202684100005,17.211472903275745,134.22516763341864,137.17884380414898,107.71076710471013,-749.4159460606415,-598.3865035790304,-804.4842115755323,-878.2971147753585,-208.79860853286584,2.0312452981265414,-40.168465192959914,0.011235491104690904,0.0,0.0
2024-10-04 16:30:25.667459,1.0,1.0,1.0,1.0,1.0,1.0,1.0,893778.0,0.04127296521748624,0.037503662109375,0.045246820880521094,0.03251828982682399,0.033226575237181734,0.0321582976678794,-2.5433798631032317e-05,0.0002829510097702345,-0.0004673460498452188,-0.0,0.0,0.0,0.0,1.0,0.0,0.0,11.559980650177069,13.623848615017952,16.434824794009465,133.75233788995686,134.14288944055767,98.74014444103362,-600.7487255591452,-107.78663822828602,-701.6334028489,-618.8863879175194,-200.33798846502208,1.493364261969571,-29.499795401976545,0.012304092403088463,0.0,0.0
2024-10-04 16:30:25.717686,1.0,1.0,1.0,1.0,1.0,1.0,1.0,893779.0,0.04057283328598263,0.037780445658522906,0.04513154216867338,0.032667115729434024,0.03348832035600082,0.03191604715477278,-3.179224828879043e-06,0.0002734133352835974,-0.0004450914760430655,-0.0,0.0,0.0,0.0,1.0,0.0,0.0,10.483815121614866,11.235705780707363,10.612562736960752,124.32354578390542,136.48866261385047,90.68129657308903,-390.0843160784608,-129.48518737882998,-263.2764597485798,-396.8507661645475,-193.27018380560418,0.9940233828787643,-19.60802019056046,0.013704278576717133,0.0,0.0
2024-10-04 16:30:25.767893,1.0,1.0,1.0,1.0,1.0,1.0,1.0,893780.0,0.04089256110871732,0.03839591423416136,0.045590908124401384,0.03224867245309928,0.03348832035600082,0.03224867245309928,-2.8613023459911363e-05,0.00029566790908575063,-0.00046098760018746065,-0.0,0.0,0.0,0.0,1.0,0.0,0.0,5.859489303314142,9.961733303110325,8.063171490630209,122.86386604497314,128.2576080021365,84.75804476337258,-84.54133688632119,175.9631423602789,-432.51326536392,-237.2440355273138,-203.57244416631184,0.5655958212620461,-11.128783503447181,0.01618938072996248,0.0,0.0
2024-10-04 16:30:25.818165,1.0,1.0,1.0,1.0,1.0,1.0,1.0,893781.0,0.04044423444177086,0.037918079796158174,0.04570502822314875,0.03203740138402003,0.03337224263981984,0.03212811624624381,-5.4046822090943663e-05,0.00031156403323014586,-0.0004705252746740978,-0.0,0.0,0.0,0.0,1.0,0.0,0.0,4.042101333218454,6.263429838794026,8.541732068898684,124.14172749465035,127.89598387382834,61.4948419459999,-132.0576663059263,461.1295991704575,-392.4545730001019,-129.600015596737,-223.26229688604698,0.28140269419793434,-5.543206370631001,0.015075817516516998,0.0,0.0
2024-10-04 16:30:25.868659,1.0,1.0,1.0,1.0,1.0,1.0,1.0,893782.0,0.04050858489526056,0.03757304914762413,0.046045691532351565,0.0316106234096681,0.033284918697807614,0.03185519667586617,-6.994294623533886e-05,0.0003179224828879039,-0.00044509147604306553,-0.0,0.0,0.0,0.0,1.0,0.0,0.0,3.855844500060645,3.897274898241526,8.712192711742386,116.90573013792114,131.02583957903468,40.68654504898495,-48.294355213806845,444.5382529544734,-255.19747313979153,-46.128944083852595,-275.5181532407594,0.08051387765231753,-1.5988019774811726,0.007126458133548538,0.0,0.0
2024-10-04 16:30:25.919015,1.0,1.0,1.0,1.0,1.0,1.0,1.0,893783.0,0.04095620715673985,0.03729472643293347,0.04615868726430256,0.03127121205432006,0.03313886745048406,0.03203740138402003,-5.0867597262064634e-05,0.00031156403323014586,-0.0004387330263853075,-0.0,0.0,0.0,0.0,1.0,0.0,0.0,3.0228629274510435,3.3053445768121863,9.172478344332768,108.66703167114451,128.66092247669647,36.29588342301551,109.45903199808846,379.40940850396953,-202.1793191967534,0.0,0.0,0.03490405815378344,0.0,1.0,0.0,0.0
2024-10-04 16:30:25.969771,1.0,1.0,1.0,1.0,1.0,1.0,1.0,893784.0,0.04114655461363215,0.03729472643293347,0.04536180663361167,0.031240173622796498,0.03377676944149575,0.032007105962223864,-6.676372140645982e-05,0.0003179224828879039,-0.00044509147604306553,-0.0,0.0,0.0,0.0,1.0,0.0,0.0,2.6663126197090943,3.135735129189518,9.693634245743896,102.93940736769245,121.04853256681697,37.688485203620914,201.38357722515983,329.41599517188007,-165.4109006393835,44.54271279341911,170.7768658735241,0.12549485524189677,2.490686153607757,0.007654079202350198,0.0,0.0
2024-10-04 16:30:26.019998,1.0,1.0,1.0,1.0,1.0,1.0,1.0,893785.0,0.04133602555253029,0.03764230828317236,0.04553374081900146,0.031146872746571578,0.03394866250806731,0.03254810944778678,-6.040527174870175e-05,0.00031474325805902487,-0.0004609876001874607,-0.0,0.0,0.0,0.0,1.0,0.0,0.0,2.6963038423629304,2.83490009762888,10.013004333882742,100.10472898415067,111.01573176693017,39.485565235702886,207.94316151945475,262.31431707136056,-103.04685590285598,51.32831536352685,190.66665302294112,0.12965253409640715,2.570713330674155,0.00861431340685491,5.666994720063917e-05,0.0
2024-10-04 16:30:26.070540,1.0,1.0,1.0,1.0,1.0,1.0,1.0,893786.0,0.04220897910845452,0.037084613626145846,0.04587567609077438,0.03070772063827226,0.03406277598114669,0.03251828982682399,-5.4046822090943663e-05,0.0002861302345991135,-0.0004514499257008236,-0.0,0.0,0.0,0.0,1.0,0.0,0.0,2.6520346056733493,2.4871826420269936,10.174672465134853,104.16672898086827,103.99034160013889,38.94689727302755,197.78592663274472,205.88127527953083,-1.1056985615191224,64.78368381046553,241.28654307759234,0.12965253409640715,2.563916755230476,0.011235386527811248,0.00011319006767149767,0.0
2024-10-04 16:30:26.070937,1.0,1.0,1.0,1.0,1.0,1.0,1.0,893787.0,0.04183708658073959,0.03729472643293347,0.04587567609077438,0.030453933471522428,0.03428986366919591,0.032696799620819436,-4.7688372433185584e-05,0.0002988471339146297,-0.00048642139881849305,-0.0,0.0,0.0,0.0,1.0,0.0,0.0,2.556327462041543,2.222149692318755,10.226152582506634,109.61743454729307,98.0756875186288,39.150919752203805,188.03218070600516,162.88758081845353,119.9395857051479,87.05868843337004,378.71376772743463,0.11153540753744133,2.1951914797943557,0.015921702237268343,0.00016158184429274213,0.0
2024-10-04 16:30:26.071434,1.0,1.0,1.0,1.0,1.0,1.0,1.0,893788.0,0.04196141697840431,0.03757304914762413,0.045304350237362054,0.030198013527012933,0.03462770299655218,0.032815266674204355,-4.450914760430655e-05,0.000324280932545662,-0.0004578083753585817,-0.0,0.0,0.0,0.0,1.0,0.0,0.0,2.4876319682063825,2.030597563613147,10.214954953009661,114.46936720715456,91.60313469286776,42.07055782313075,172.16481254084877,127.13696076756166,242.0337474889385,108.94668388581714,1003.811082574603,0.052930569432361504,1.0364143358185696,0.02096808429108783,0.0,0.0
2024-10-04 16:30:26.071434,1.0,1.0,1.0,1.0,1.0,1.0,1.0,893789.0,0.0423322172659213,0.03743414645719283,0.04513154216867338,0.030230122003416366,0.03468368961839258,0.033226575237181734,-6.040527174870174e-05,0.0003528939560055733,-0.0004578083753585817,-0.0,0.0,0.0,0.0,1.0,0.0,0.0,2.434491280061058,1.8914885451418242,10.188159446488216,118.21206370094299,84.82705766007712,47.344433929118246,158.68843920919153,100.92261904840544,355.6986454412621,0.0,0.0,0.0,0.0,1.0,0.0,0.0
2024-10-04 16:30:26.100395,1.0,1.0,1.0,1.0,1.0,1.0,1.0,893790.0,0.041649895097796784,0.0373645014732293,0.04466745228281862,0.030802351742838057,0.03457162570793951,0.03337224263981984,-5.404682209094367e-05,0.00033699783186117815,-0.00041965767741203324,-0.0,0.0,0.0,0.0,1.0,0.0,0.0,2.442999692759802,1.7655813843536348,10.137386300432551,120.84908675446053,77.77828254058332,53.70453435204537,139.0987631364941,78.25367441787499,456.68271045771496,0.0,0.0,0.0,0.0,1.0,0.0,0.0
2024-10-04 16:30:26.183524,1.0,1.0,1.0,1.0,1.0,1.0,1.0,893791.0,0.0420853800755884,0.03722482060496381,0.044316195568033935,0.031115710284795706,0.03462770299655218,0.0337192770263005,-4.132992277542751e-05,0.0003401770566900572,-0.00041012000292539613,-0.0,0.0,0.0,0.0,1.0,0.0,0.0,2.546519892977949,1.703790922987794,10.099662087380109,122.7789933893138,70.48683017502944,60.61738992990221,123.10607056989515,61.772221331481745,548.834372872663,0.0,0.0,0.0,0.0,1.0,0.0,0.0
2024-10-04 16:30:26.187024,1.0,1.0,1.0,1.0,1.0,1.0,1.0,893792.0,0.0423322172659213,0.0373645014732293,0.0449000968370928,0.03145679951185349,0.03490673815261534,0.03454355292563407,-3.815069794654847e-05,0.0003433562815189362,-0.0004673460498452188,-0.0,0.0,0.0,0.0,1.0,0.0,0.0,2.63664702524528,1.6615366410824626,10.017885444015848,123.56062042126452,63.372346254774264,67.5848597468991,106.07819247813407,50.00484830511442,626.7114962774173,0.0,0.0,0.0,0.0,1.0,0.0,0.0
2024-10-04 16:30:26.269411,1.0,1.0,1.0,1.0,1.0,1.0,1.0,893793.0,0.0420853800755884,0.037711440220720746,0.0451892182844354,0.03130221970899244,0.03518356039534762,0.034878935091133,-5.086759726206463e-05,0.0003338186070322991,-0.0004578083753585817,-0.0,0.0,0.0,0.0,1.0,0.0,0.0,2.642660789283342,1.63254516631398,9.936753519125604,123.55625230152557,56.00782856490112,76.03206283821045,95.20731470428672,40.202517941844214,708.3354428446873,0.0,0.0,0.0,0.0,1.0,0.0,0.0
2024-10-04 16:30:26.272414,1.0,1.0,1.0,1.0,1.0,1.0,1.0,893794.0,0.041712385598201944,0.03825999906698716,0.04581886408620405,0.03127121205432006,0.035128370462711604,0.03457162570793951,-1.58961241443952e-05,0.0003179224828879039,-0.0004673460498452188,-0.0,0.0,0.0,0.0,1.0,0.0,0.0,2.6349734535236227,1.6154323097579504,9.860387368314006,123.48727092870884,49.15117216772457,83.45392969371643,87.65177924637051,32.98731675034212,779.5735154832367,0.0,0.0,0.0,0.0,1.0,0.0,0.0
2024-10-04 16:30:26.354561,1.0,1.0,1.0,1.0,1.0,1.0,1.0,893795.0,0.04108320345271294,0.03764230828317236,0.04610222401715648,0.03127121205432006,0.03515597625908419,0.03434640099311143,-1.907534897327424e-05,0.0002829510097702345,-0.0004578083753585817,-0.0,0.0,0.0,0.0,1.0,0.0,0.0,2.559632926865942,1.915800267168468,9.725851838936908,123.14551730018306,44.23036223564089,87.01900779822024,83.24967273611367,35.27258070296591,808.2923558334097,0.0,0.0,0.0,0.0,1.0,0.0,0.0
2024-10-04 16:30:26.438074,1.0,1.0,1.0,1.0,1.0,1.0,1.0,893796.0,0.04076497090344803,0.03832801689680105,0.04587567609077438,0.0316106234096681,0.0357036100976489,0.03454355292563407,9.537674486637115e-06,0.00030520558357238775,-0.0004546291505297026,-0.0,0.0,0.0,0.0,1.0,0.0,0.0,2.473737145918055,1.9723752014636418,9.574490427494855,123.04700702078698,40.56046748230726,89.12639599909168,81.57708656972468,39.32124231143189,822.8742158690789,0.0,0.0,0.0,0.0,1.0,0.0,0.0
2024-10-04 16:30:26.441074,1.0,1.0,1.0,1.0,1.0,1.0,1.0,893797.0,0.040185802182344105,0.038463691717159486,0.04615868726430257,0.03197678183797181,0.03567642805328406,0.03414811083549323,9.537674486637115e-06,0.00030202635874350875,-0.00042919535189867025,-0.0,0.0,0.0,0.0,1.0,0.0,0.0,2.959400262724162,2.0149054608513204,9.395636370662697,121.04834077427422,37.181725553984286,89.53556881653039,70.02411930304491,39.40000773062442,808.5546064225013,0.0,0.0,0.0,0.0,1.0,0.0,0.0
2024-10-04 16:30:26.522990,1.0,1.0,1.0,1.0,1.0,1.0,1.0,893798.0,0.03946638873835309,0.037224820604963814,0.04666378216223113,0.032067668184708895,0.03526618335153976,0.03389146168814632,6.358449657758079e-06,0.00024797953665256506,-0.00048006294916073483,-0.0,0.0,0.0,0.0,1.0,0.0,0.0,2.9087741537051826,1.976199191644589,9.100245479723288,114.18870616205515,32.7493391843436,86.66956298486886,62.0157433534018,35.95518092186633,738.769921830931,0.0,0.0,0.0,0.0,1.0,0.0,0.0
2024-10-04 16:30:26.526136,1.0,1.0,1.0,1.0,1.0,1.0,1.0,893799.0,0.03913501101148131,0.037084613626145846,0.04749367142281465,0.031549183850304155,0.034851109849295854,0.03299216966314644,-2.2254573802153277e-05,0.00021936651319265374,-0.0005054967477917672,-0.0,0.0,0.0,0.0,1.0,0.0,0.0,2.879426072665003,1.956759012543496,8.790058340761131,107.05445164449141,29.036513013056712,83.1403242937234,51.28939683465229,32.260741302266396,661.9723274428264,0.0,0.0,0.0,0.0,1.0,0.0,0.0
2024-10-04 16:30:26.608627,1.0,1.0,1.0,1.0,1.0,1.0,1.0,893800.0,0.03859888964444313,0.03651840306907817,0.0480931562928653,0.03127121205432006,0.034767500508899686,0.032398736885968185,-2.225457380215327e-05,0.00020664961387713757,-0.0005372889960805576,-0.0,0.0,0.0,0.0,1.0,0.0,0.0,2.81091463779943,1.935627581687907,8.49233039508544,99.62361612857653,25.99051025709879,78.92170204167024,45.91910446874485,29.805755363632123,581.8841946535024,0.0,0.0,0.0,0.0,1.0,0.0,0.0
2024-10-04 16:30:26.611627,1.0,1.0,1.0,1.0,1.0,1.0,1.0,893801.0,0.037918079796158174,0.03687330356631608,0.04905833256084958,0.03070772063827226,0.03431814397393635,0.03148762440853117,-3.1792248288790396e-05,0.0001843950400749843,-0.0005468266705671948,-0.0,0.0,0.0,0.0,1.0,0.0,0.0,2.6823293181811794,1.9060427402524343,8.172081014101652,91.30201770531,23.26691412051874,73.72031717728558,38.78098322156109,27.339555533657453,495.13846575437555,0.0,0.0,0.0,0.0,1.0,0.0,0.0
2024-10-04 16:30:26.693440,1.0,1.0,1.0,1.0,1.0,1.0,1.0,893802.0,0.0378493252884673,0.03601566753881429,0.04932308533363413,0.030004641120915988,0.0337192770263005,0.03070772063827226,-5.404682209094367e-05,0.00016531969110171005,-0.0005213928719361623,-0.0,0.0,0.0,0.0,1.0,0.0,0.0,2.5714929427790207,1.883565626961918,7.889971749003588,83.09494699668761,21.873889000074442,67.29923441449662,34.491212499046824,25.34060073954651,407.1134395811683,0.0,0.0,0.0,0.0,1.0,0.0,0.0
2024-10-04 16:30:26.776817,1.0,1.0,1.0,1.0,1.0,1.0,1.0,893803.0,0.0378493252884673,0.035137104329171824,0.049058332560849585,0.029712222914499722,0.033546208593426816,0.030198013527012933,-6.994294623533886e-05,0.00014306511729955676,-0.0005436474457383157,-0.0,0.0,0.0,0.0,1.0,0.0,0.0,2.5660072437319337,1.865598323071825,7.6091218232503,74.32731633618258,21.776619237348097,57.10391339457157,27.136755143396286,24.51331132199518,302.0691266813797,0.0,0.0,0.0,0.0,1.0,0.0,0.0
2024-10-04 16:30:26.779866,1.0,1.0,1.0,1.0,1.0,1.0,1.0,893804.0,0.037918079796158174,0.034387826251204436,0.04895203052356151,0.02958133142821319,0.03308026640118225,0.029939906113202793,-9.537674486637117e-05,0.00012716899315516158,-0.0005277513215939206,-0.0,0.0,0.0,0.0,1.0,0.0,0.0,2.566952481868141,1.848405778433132,7.32476338436,64.03503211356806,21.66262779910095,44.23216809545403,19.385847261477892,23.684417129734268,196.09367920504693,0.0,0.0,0.0,0.0,1.0,0.0,0.0
2024-10-04 16:30:26.862135,1.0,1.0,1.0,1.0,1.0,1.0,1.0,893805.0,0.037918079796158174,0.033930318160450196,0.04889879284546899,0.029416898073163358,0.03284481667269478,0.029350866793321755,-0.00011127286901076637,0.00010173519452412927,-0.0005213928719361625,-0.0,0.0,0.0,0.0,1.0,0.0,0.0,2.629017641807534,1.4844093578871977,7.110129003452025,51.113457343391886,17.248277276675072,33.75602190162698,9.150952936823316,14.09210611264837,121.51039602414711,0.0,0.0,0.0,0.0,1.0,0.0,0.0
2024-10-04 16:30:26.865135,1.0,1.0,1.0,1.0,1.0,1.0,1.0,893806.0,0.03764230828317236,0.03299627680272549,0.0490052103659938,0.02858054422421529,0.03188563643118791,0.028850815431501826,-0.00016531969110171005,4.76883724331856e-05,-0.0005341097712516786,-0.0,0.0,0.0,0.0,1.0,0.0,0.0,2.6940503701203724,1.3708203494270828,6.931534740559829,33.025727536721654,11.27783233116738,21.674088541546393,-0.06085646336405464,5.120731389286561,52.84623311343986,0.0,0.0,0.0,0.0,1.0,0.0,0.0
2024-10-04 16:30:26.947232,1.0,1.0,1.0,1.0,1.0,1.0,1.0,893807.0,0.037918079796158174,0.03227801306031101,0.049586424553571054,0.028410319099464804,0.031364143052817484,0.02881717015424661,-0.0001716781407594681,4.450914760430654e-05,-0.0005500058953960738,-0.0,0.0,0.0,0.0,1.0,0.0,0.0,2.085571356163627,1.2323234324586283,6.784287589217623,0.238020042574398,0.28294678442326127,0.7184911973104298,-0.48861646253766694,-0.34356493977571123,4.864655892426003,0.0,0.0,0.0,0.0,1.0,0.0,0.0
2024-10-04 16:30:27.030627,1.0,1.0,1.0,1.0,1.0,1.0,1.0,893808.0,0.03832801689680105,0.032519197084621136,0.0498483726232365,0.028341942781077132,0.0316106234096681,0.028749761476771198,-0.0001684989159305891,4.4509147604306555e-05,-0.0005309305464227996,-0.0,0.0,0.0,0.0,1.0,0.0,0.0,2.0688038146709715,1.2371975108860915,6.797800306060953,0.23403878275343795,0.2861352672304659,0.7199114347797987,-0.4768396801896048,-0.3491602976760471,4.884164318265087,0.0,0.0,0.0,0.0,1.0,0.0,0.0
2024-10-04 16:30:27.033626,1.0,1.0,1.0,1.0,1.0,1.0,1.0,893809.0,0.038463691717159486,0.03179015607555206,0.04948125704482231,0.028648351067380656,0.0316106234096681,0.029118578158502894,-0.00014624434212843582,3.497147311766943e-05,-0.0005309305464227996,-0.0,0.0,0.0,0.0,1.0,0.0,0.0,2.0559334549664876,1.238493962661281,6.807285996807638,0.23673103968844358,0.29076389820467274,0.7181075333817296,-0.47918130753845156,-0.3556291518034414,4.8780848750233305,0.0,0.0,0.0,0.0,1.0,0.0,0.0
2024-10-04 16:30:27.115683,1.0,1.0,1.0,1.0,1.0,1.0,1.0,893810.0,0.03893483061427055,0.03146071551579092,0.04932308533363413,0.028410319099464804,0.03148762440853117,0.028985005994784836,-0.0001716781407594681,9.537674486637114e-06,-0.0005213928719361625,-0.0,0.0,0.0,0.0,1.0,0.0,0.0,2.0450023218672797,1.2406749838132332,6.816363449044576,0.23651590448610396,0.2957509520806912,0.7163560022742259,-0.47617337185787606,-0.36255502580797283,4.872747667235372,0.0,0.0,0.0,0.0,1.0,0.0,0.0
2024-10-04 16:30:27.119040,1.0,1.0,1.0,1.0,1.0,1.0,1.0,893811.0,0.03906839817849146,0.03087573750238642,0.048898792845469,0.028376151535570014,0.0316106234096681,0.029449858193388034,-0.00020029116421937945,-2.5433798631032317e-05,-0.000565902019540469,-0.0,0.0,0.0,0.0,1.0,0.0,0.0,2.0364195634555813,1.2396664277980207,6.823605664351086,0.23790580584199023,0.29892742069429856,0.7132790972027896,-0.4772748092534526,-0.36664914196920523,4.856641541833994,0.0,0.0,0.0,0.0,1.0,0.0,0.0
2024-10-04 16:30:27.201025,1.0,1.0,1.0,1.0,1.0,1.0,1.0,893812.0,0.03819186010094626,0.030875737502386418,0.04879214322483564,0.02871599779926609,0.03173314566510837,0.029416898073163358,-0.00020982883870601662,-3.497147311766944e-05,-0.0005913358181715013,-0.0,0.0,0.0,0.0,1.0,0.0,0.0,2.0273644294323687,1.2422327977692138,6.830944972280445,0.2362984555015165,0.2947961168174967,0.7125622797316906,-0.4722324703630496,-0.36199656931430474,4.857239858489753,0.0,0.0,0.0,0.0,1.0,0.0,0.0
2024-10-04 16:30:27.284178,1.0,1.0,1.0,1.0,1.0,1.0,1.0,893813.0,0.03757304914762413,0.03002028747297718,0.04932308533363413,0.028648351067380656,0.03170255949350469,0.029350866793321755,-0.00020664961387713754,-4.132992277542751e-05,-0.0006263072912891707,-0.0,0.0,0.0,0.0,1.0,0.0,0.0,2.0187453906396313,1.2427952064199648,6.837780990066036,0.23370925196963338,0.29648029185404257,0.7123162229178548,-0.4647028401163624,-0.36435065493505037,4.860622949008121,0.0,0.0,0.0,0.0,1.0,0.0,0.0
2024-10-04 16:30:27.287178,1.0,1.0,1.0,1.0,1.0,1.0,1.0,893814.0,0.03729472643293347,0.029671202493626012,0.04974375892424916,0.028682194376366547,0.03197678183797181,0.029679554160349852,-0.00022890418767929085,-4.132992277542751e-05,-0.0006803541133801144,-0.0,0.0,0.0,0.0,1.0,0.0,0.0,2.0100351160391696,1.242597412894829,6.844943935542203,0.23108463195863185,0.2903669039286542,0.7105294918180984,-0.4574163301546217,-0.35695336412718914,4.854321245990365,0.0,0.0,0.0,0.0,1.0,0.0,0.0
2024-10-04 16:30:27.369122,1.0,1.0,1.0,1.0,1.0,1.0,1.0,893815.0,0.037780445658522906,0.03002028747297718,0.04979609324585039,0.029317795383615314,0.03197678183797181,0.030230122003416366,-0.00020982883870601662,-1.271689931551617e-05,-0.0006994294623533886,-0.0,0.0,0.0,0.0,1.0,0.0,0.0,6.308648795801236,2.8978874517651003,8.49920463212541,118.57739060279387,45.48751408221531,72.7512099509319,429.6162319393508,83.75779453718195,296.5495673001059,0.0,0.0,0.0,0.0,1.0,0.0,0.0
2024-10-04 16:30:27.372618,1.0,1.0,1.0,1.0,1.0,1.0,1.0,893816.0,0.038055216156251626,0.030706554105680024,0.050264650185492185,0.030004641120915988,0.03203740138402003,0.03039015553037446,-0.00016531969110171007,1.9075348973274234e-05,-0.0007216840361555419,-0.0,0.0,0.0,0.0,1.0,0.0,0.0,6.994032804006014,3.378210565713359,9.340783681255926,199.6450676988784,76.72120772274516,122.28545407150087,922.1637122017415,193.22929093254055,731.366439331324,0.0,0.0,0.0,0.0,1.0,0.0,0.0
2024-10-04 16:30:27.454906,1.0,1.0,1.0,1.0,1.0,1.0,1.0,893817.0,0.03825999906698716,0.03170811682633252,0.04963892475308669,0.030198013527012933,0.0321582976678794,0.030676112065162197,-0.00012081054349740351,4.4509147604306555e-05,-0.0007153255864977838,-0.0,0.0,0.0,0.0,1.0,0.0,0.0,7.60674621619269,3.7766261192862367,10.111176959716564,255.54317840539017,98.24649196060194,156.46524796726,1407.037959188761,299.17763583050373,1163.0554199630583,0.0,0.0,0.0,0.0,1.0,0.0,0.0
2024-10-04 16:30:27.457906,1.0,1.0,1.0,1.0,1.0,1.0,1.0,893818.0,0.0378493252884673,0.03227801306031101,0.0490052103659938,0.030422061214259163,0.03221857569203676,0.03070772063827226,-0.00010809364418188737,6.994294623533886e-05,-0.0006867125630378724,-0.0,0.0,0.0,0.0,1.0,0.0,0.0,8.16743041274774,4.1303576275934395,10.833270436355068,301.15370498070314,115.07245886162818,185.09817228902077,1888.5256052338932,401.6451061149789,1602.0959057668435,0.0,0.0,0.0,0.0,1.0,0.0,0.0
2024-10-04 16:30:27.539547,1.0,1.0,1.0,1.0,1.0,1.0,1.0,893819.0,0.038463691717159486,0.033388636330645795,0.04916440475508811,0.030612797008878905,0.03233879467572394,0.030802351742838057,-8.901829520861311e-05,9.855596969525022e-05,-0.0006580995395779611,-0.0,0.0,0.0,0.0,1.0,0.0,0.0,8.604988572707166,4.390823268836905,11.429434291743567,338.8677844763251,128.35554457337125,209.43439423436033,2292.6558244026733,486.63152651634806,2014.481548278246,0.0,0.0,0.0,0.0,1.0,0.0,0.0
2024-10-04 16:30:27.623150,1.0,1.0,1.0,1.0,1.0,1.0,1.0,893820.0,0.03959816335788845,0.035285050685953695,0.04889879284546899,0.03070772063827226,0.03313886745048406,0.031641298451732976,-1.907534897327424e-05,0.0002002911642193795,-0.0006231280664602917,-0.0,0.0,0.0,0.0,1.0,0.0,0.0,8.589598645663026,4.390255331125866,11.522366388901537,343.2744886506814,129.38446148466085,212.95702032228004,2279.054157055141,490.9309139713347,2109.766429636631,0.0,0.0,0.0,0.0,1.0,0.0,0.0
2024-10-04 16:30:27.626650,1.0,1.0,1.0,1.0,1.0,1.0,1.0,893821.0,0.04025056580563931,0.03594327416403232,0.0483631929817295,0.030928076150071922,0.03386282504451316,0.032007105962223864,3.497147311766942e-05,0.00027977178494135546,-0.0005881565933426223,-0.0,0.0,0.0,0.0,1.0,0.0,0.0,8.570157348401702,4.399894251547267,11.673522691212792,345.4488235525029,129.62511681415725,215.15847295261008,2287.3358340221757,494.7447996372085,2197.1088356450873,0.0,0.0,0.0,0.0,1.0,0.0,0.0
2024-10-04 16:30:27.708177,1.0,1.0,1.0,1.0,1.0,1.0,1.0,893822.0,0.04063698009803076,0.036802597262395625,0.0480931562928653,0.03086527796111811,0.03428986366919591,0.03170255949350469,6.358449657758077e-05,0.00031474325805902487,-0.0005563643450538319,-0.0,0.0,0.0,0.0,1.0,0.0,0.0,8.550763027361796,4.405201764408545,11.826182774714143,347.5898933555493,129.7767967835252,217.5478894117402,2295.5686206153696,497.5614997044933,2289.2388609749605,0.0,0.0,0.0,0.0,1.0,0.0,0.0
2024-10-04 16:30:27.711678,1.0,1.0,1.0,1.0,1.0,1.0,1.0,893823.0,0.041712385598201944,0.03900167157440239,0.04782159479808185,0.03173314566510837,0.03431814397393635,0.032398736885968185,0.00012398976832628253,0.0003910446539521219,-0.0004991382981340092,-0.0,0.0,0.0,0.0,1.0,0.0,0.0,8.531361266498946,4.407175695721588,11.988715714265789,349.68391351182817,129.85586170189237,220.12677672703776,2303.3028468649077,499.4336679270865,2387.145369488204,0.0,0.0,0.0,0.0,1.0,0.0,0.0
2024-10-04 16:30:27.793051,1.0,1.0,1.0,1.0,1.0,1.0,1.0,893824.0,0.041774782619765874,0.03913501101148131,0.04743879714519196,0.032308781866774994,0.034599675713128386,0.032756086704177324,0.00014942356695731485,0.0004387330263853075,-0.0004578083753585817,-0.0,0.0,0.0,0.0,1.0,0.0,0.0,8.512110647628745,4.4060750696689075,12.154097722663114,351.7348532792804,129.88557091047005,222.90255652732762,2311.046701933019,500.498237877186,2490.113113367374,0.0,0.0,0.0,0.0,1.0,0.0,0.0
2024-10-04 16:30:27.876501,1.0,1.0,1.0,1.0,1.0,1.0,1.0,893825.0,0.0419614169784043,0.039400336158606504,0.04771253742739651,0.031763702384431956,0.03479539261166803,0.03242866644143693,0.00014624434212843582,0.00043237457672754936,-0.00045462915052970265,-0.0,0.0,0.0,0.0,1.0,0.0,0.0,6.027429864918862,3.5377557260701864,11.250290022001227,333.259391076854,121.66579606224698,213.81459854241288,1888.1042171477216,416.7510903152411,2306.1255722599417,0.0,0.0,0.0,0.0,1.0,0.0,0.0
2024-10-04 16:30:27.879588,1.0,1.0,1.0,1.0,1.0,1.0,1.0,893826.0,0.042023444236177564,0.03966388649582423,0.047218662327942335,0.03224867245309928,0.03504542260087845,0.03248844283583844,0.00015260279178619387,0.0004609876001874607,-0.0003910446539521218,-0.0,0.0,0.0,0.0,1.0,0.0,0.0,5.183268091894843,3.2326999560708822,10.917478088206906,294.2313871515568,105.77241554012012,195.01094005850152,1397.927148706588,317.12526067527426,2023.3366673410924,0.0,0.0,0.0,0.0,1.0,0.0,0.0
2024-10-04 16:30:27.961705,1.0,1.0,1.0,1.0,1.0,1.0,1.0,893827.0,0.042577623479846755,0.03926789767914727,0.04754848237172128,0.03221857569203676,0.035512898874331005,0.032308781866774994,0.00011763131866852446,0.00043237457672754936,-0.00038786542912324284,-0.0,0.0,0.0,0.0,1.0,0.0,0.0,4.226690621283554,2.788440045518198,10.613688165153507,249.0484724283752,92.64418152060634,180.48406520664557,913.4333042569342,227.9495759124388,1820.675359942851,0.0,0.0,0.0,0.0,1.0,0.0,0.0
2024-10-04 16:30:27.964824,1.0,1.0,1.0,1.0,1.0,1.0,1.0,893828.0,0.04269979768643891,0.03959816335788845,0.04754848237172128,0.03203740138402003,0.0357036100976489,0.03218845078999174,0.00010491441935300831,0.00042919535189867036,-0.0003751485298077266,-0.0,0.0,0.0,0.0,1.0,0.0,0.0,2.939426959745159,2.270024990601908,10.300859821905185,193.69276797438113,78.99763985577324,164.32403463436887,431.7403030701989,144.40170804181074,1616.964139605264,0.0,0.0,0.0,0.0,1.0,0.0,0.0
2024-10-04 16:30:28.046957,1.0,1.0,1.0,1.0,1.0,1.0,1.0,893829.0,0.04189929789626443,0.03946638873835309,0.046607930817067524,0.03221857569203676,0.035730771463385984,0.03203740138402003,8.265984555085504e-05,0.00045462915052970265,-0.0003560731808344524,-0.0,0.0,0.0,0.0,1.0,0.0,0.0,0.9555504108150037,1.7539889527602697,10.049253354903897,119.01546932160925,65.64071602876128,146.59821417029409,26.568539140203285,78.19116998933987,1432.9778878753555,0.0,0.0,0.0,0.0,1.0,0.0,0.0
2024-10-04 16:30:28.050457,1.0,1.0,1.0,1.0,1.0,1.0,1.0,893830.0,0.041461858493688546,0.03893483061427055,0.047273792133441635,0.032308781866774994,0.0352936813544323,0.03127121205432006,6.040527174870175e-05,0.0004260161270697913,-0.0003656108553210895,-0.0,0.0,0.0,0.0,1.0,0.0,0.0,0.8893198722563459,1.8039873069473,10.344286316793621,108.97159296353631,73.61461179604645,155.12606513687177,38.386084806732235,94.55865400959595,1565.375198450458,0.0,0.0,0.0,0.0,1.0,0.0,0.0
2024-10-04 16:30:28.132449,1.0,1.0,1.0,1.0,1.0,1.0,1.0,893831.0,0.04114655461363214,0.038463691717159486,0.047603230210664246,0.03218845078999174,0.034599675713128386,0.03064447088906264,1.907534897327424e-05,0.00037832775463660567,-0.0003369978318611782,-0.0,0.0,0.0,0.0,1.0,0.0,0.0,0.8651174751976266,1.8359012790887532,10.56713960022822,104.95517729507165,82.68546992756265,164.83045707970126,27.533696859900214,112.93164719335081,1705.4325126422737,0.0,0.0,0.0,0.0,1.0,0.0,0.0
2024-10-04 16:30:28.215550,1.0,1.0,1.0,1.0,1.0,1.0,1.0,893832.0,0.041587310697157,0.03893483061427055,0.04727379213344164,0.032637404840404415,0.034599675713128386,0.031022035078891817,1.5896124144395205e-05,0.0003910446539521218,-0.00030520558357238775,-0.0,0.0,0.0,0.0,1.0,0.0,0.0,0.9546344869998448,1.9550768015956115,10.800355713208392,100.90295559779138,89.38318456477927,172.26685935756265,12.966561778299605,135.91180427311375,1828.1567219449992,0.0,0.0,0.0,0.0,1.0,0.0,0.0
2024-10-04 16:30:28.219050,1.0,1.0,1.0,1.0,1.0,1.0,1.0,893833.0,0.041019754451988084,0.03798670986099516,0.04743879714519196,0.03242866644143693,0.03437463478414554,0.029939906113202793,-1.589612414439519e-05,0.00035925240566333144,-0.00029566790908575063,-0.0,0.0,0.0,0.0,1.0,0.0,0.0,1.2127774415219434,2.3300349601375077,11.049619477694158,97.86393798322564,90.53160326816437,174.606850980604,-15.45774872224567,153.34564560703234,1893.995927067328,0.0,0.0,0.0,0.0,1.0,0.0,0.0
2024-10-04 16:30:28.300594,1.0,1.0,1.0,1.0,1.0,1.0,1.0,893834.0,0.04050858489526056,0.03859888964444313,0.04732885772244516,0.031641298451732976,0.03394866250806731,0.02964684940754005,3.179224828879043e-06,0.00034017705669005726,-0.00029566790908575063,-0.0,0.0,0.0,0.0,1.0,0.0,0.0,1.6545130263591872,2.7912537886462028,11.229972699514814,94.36244909314516,91.39284250125618,175.74214532476287,-54.136072350030126,172.40668183628668,1933.9962162930544,0.0,0.0,0.0,0.0,1.0,0.0,0.0
2024-10-04 16:30:28.304091,1.0,1.0,1.0,1.0,1.0,1.0,1.0,893835.0,0.04025056580563931,0.038666311337125336,0.04666378216223114,0.03194642892952922,0.03386282504451316,0.030004641120915988,-2.2254573802153274e-05,0.0003815069794654847,-0.00029566790908575063,-0.0,0.0,0.0,0.0,1.0,0.0,0.0,2.74307904821463,3.6206158668685533,11.318281881389247,88.11823323777776,96.59027336561425,177.21665184084017,-86.01581718923362,242.54425857557322,1966.3714405820701,0.0,0.0,0.0,0.0,1.0,0.0,0.0
2024-10-04 16:30:28.385493,1.0,1.0,1.0,1.0,1.0,1.0,1.0,893836.0,0.03979500713939933,0.03859888964444313,0.046942042124967255,0.03167194378429309,0.03423323297213509,0.029939906113202793,-4.132992277542751e-05,0.00036879008014996856,-0.000321101707716783,-0.0,0.0,0.0,0.0,1.0,0.0,0.0,4.971587676957893,4.705139037170271,11.005231570613056,82.27984634945872,109.38575677251337,175.69931277482337,-19.214590974209045,400.93232671539795,1900.038156599345,0.0,0.0,0.0,0.0,1.0,0.0,0.0
2024-10-04 16:30:28.469770,1.0,1.0,1.0,1.0,1.0,1.0,1.0,893837.0,0.03953233095432663,0.039201510653345636,0.04705288535396546,0.03170255949350469,0.03403428348265909,0.03026219641244205,-2.8613023459911357e-05,0.00038468620429436373,-0.0003179224828879039,-0.0,0.0,0.0,0.0,1.0,0.0,0.0,7.986885102675224,5.316299858013378,10.472910450776258,88.22394496810432,118.25060016204223,164.504154216685,252.99848232905578,523.560614965576,1671.9115386991343,0.0,0.0,0.0,0.0,1.0,0.0,0.0
2024-10-04 16:30:28.472769,1.0,1.0,1.0,1.0,1.0,1.0,1.0,893838.0,0.03986040571620479,0.039598163357888454,0.04716346808075752,0.031549183850304155,0.03417650843776925,0.030422061214259163,-1.5896124144395198e-05,0.00039740310360987996,-0.0003179224828879039,-0.0,0.0,0.0,0.0,1.0,0.0,0.0,10.186707713367678,5.886647766461331,11.039711743994843,101.92332740087242,118.27905284853483,153.74279796517013,621.8486223296775,464.3133725491008,1571.8486954992889,700.476246991678,2078.162230637672,0.16723911110065992,3.2187359268764104,0.03768445500195279,0.0,0.0
2024-10-04 16:30:28.554779,1.0,1.0,1.0,1.0,1.0,1.0,1.0,893839.0,0.03986040571620479,0.03913501101148131,0.047603230210664246,0.031022035078891817,0.034091244666417886,0.030517578125,-2.3129646346357427e-21,0.0003560731808344524,-0.000324280932545662,-0.0,0.0,0.0,0.0,1.0,0.0,0.0,10.566691001850067,10.629889968708115,11.937427000051809,106.86666563254367,115.17626691899318,151.12429623245126,665.0167473454098,621.9506584610978,1662.480588056542,801.8918435087667,776.0677328094482,0.5070233872500965,9.867055051301499,0.02696253275251451,0.00021751374690869086,25104.378200432606
2024-10-04 16:30:28.557775,1.0,1.0,1.0,1.0,1.0,1.0,1.0,893840.0,0.039135011011481306,0.03886787470812279,0.046830936544030206,0.03086527796111811,0.034005767111097776,0.030612797008878905,-3.1792248288790396e-05,0.0003401770566900572,-0.000324280932545662,-0.0,0.0,0.0,0.0,1.0,0.0,0.0,14.463411471052115,14.283834757858104,12.536180002831609,107.04781044189181,122.7698394113943,142.86499209900285,893.1049099539651,1120.5238541422002,1373.7246479963244,948.979147360705,531.2057764147085,0.8698532181906066,17.05945931683657,0.019405862961444104,0.0005935800500709549,14911.413828687237
2024-10-04 16:30:28.639990,1.0,1.0,1.0,1.0,1.0,1.0,1.0,893841.0,0.039598163357888454,0.039201510653345636,0.04677528478753899,0.030990747087997286,0.03426156002122874,0.030802351742838057,-4.132992277542751e-05,0.00035925240566333144,-0.0003560731808344524,-0.0,0.0,0.0,0.0,1.0,0.0,0.0,16.704026595991305,15.822319305051595,19.08520336144223,118.67004747425516,121.04121021003525,133.6546636059192,1324.7206572910552,1113.3031822133648,1662.1778568771108,1182.632003068387,419.98463107469337,1.364703395093368,26.889802419488323,0.01481147785784548,0.001186350805629453,8527.291388509846
2024-10-04 16:30:28.722987,1.0,1.0,1.0,1.0,1.0,1.0,1.0,893842.0,0.03986040571620479,0.038666311337125336,0.046775284787538986,0.030612797008878905,0.03417650843776925,0.03086527796111811,-6.040527174870175e-05,0.0003528939560055733,-0.0003878654291232428,-0.0,0.0,0.0,0.0,1.0,0.0,0.0,20.383759460575337,20.336342796546507,20.419916613085544,117.6714850328743,123.50104364419975,129.33641328663128,1352.407214285749,1597.651578897539,1757.0241429839314,1383.2417814693345,355.445560793952,1.8806641203859717,37.161769558242256,0.01200407995725768,0.0020055613701133713,5594.0623296679305
2024-10-04 16:30:28.726490,1.0,1.0,1.0,1.0,1.0,1.0,1.0,893843.0,0.03999088202492748,0.03880080326089556,0.04632766410980066,0.030198013527012933,0.03443103291031149,0.03139505892336215,-6.676372140645982e-05,0.00037196930497884756,-0.000403761553267638,-0.0,0.0,0.0,0.0,1.0,0.0,0.0,22.93780672527262,22.14658834639343,23.201563164130025,119.97289050906522,127.0892787648141,122.8787363325563,1674.6257664599104,1472.859925931396,1672.453984772161,1419.844093586631,282.8999855394697,2.419868741337712,47.92687539023214,0.009721590028515342,0.0030620827120491556,2280.9366756177137
2024-10-04 16:30:28.808452,1.0,1.0,1.0,1.0,1.0,1.0,1.0,893844.0,0.04050858489526056,0.03880080326089556,0.04683093654403021,0.030581090322992784,0.034767500508899686,0.03139505892336215,-7.630139589309695e-05,0.0004005823284387589,-0.0003815069794654847,-0.0,0.0,0.0,0.0,1.0,0.0,0.0,26.027579166832503,25.57720189089995,24.209604029664153,118.69614553331971,129.1888290761572,121.41263601041574,1610.0774341755723,1676.029692280213,1457.9748131793413,1393.1715796675217,223.35568532429798,3.0010762480800213,59.56333096888737,0.007633827914339014,0.004375123252518851,0.0
2024-10-04 16:30:28.812480,1.0,1.0,1.0,1.0,1.0,1.0,1.0,893845.0,0.04095620715673985,0.03880080326089555,0.04683093654403021,0.03064447088906264,0.03465570761333854,0.03148762440853117,-6.040527174870175e-05,0.000403761553267638,-0.00036879008014996856,-0.0,0.0,0.0,0.0,1.0,0.0,0.0,27.137268266735145,27.46601825247709,28.79499631605104,122.66355458505494,128.40911690972987,115.36548238482142,1747.7511299263394,1464.9369019074181,1453.0567017716057,1365.946033432482,179.12848419999824,3.6633115049806153,72.81825585309642,0.006114334611004633,0.005980361248213777,0.0
2024-10-04 16:30:28.893339,1.0,1.0,1.0,1.0,1.0,1.0,1.0,893846.0,0.0418370865807396,0.038733615672373205,0.047273792133441635,0.03070772063827226,0.03426156002122874,0.0316106234096681,-4.4509147604306555e-05,0.00036561085532108955,-0.0003878654291232428,-0.0,0.0,0.0,0.0,1.0,0.0,0.0,30.342354544500708,29.16828100472401,29.584233377157293,122.84707452535702,120.91331886139099,114.26331063038788,1637.9310675660174,1490.0291028518739,1340.3879931997803,1303.9170740953823,150.13935652388955,4.16777057794952,82.93289082713527,0.005068905832899665,0.007808570752669736,0.0
2024-10-04 16:30:28.896839,1.0,1.0,1.0,1.0,1.0,1.0,1.0,893847.0,0.0418370865807396,0.038123599349151736,0.04666378216223113,0.030517578125,0.03437463478414554,0.03157991857152382,-1.58961241443952e-05,0.00036561085532108955,-0.0003910446539521218,-0.0,0.0,0.0,0.0,1.0,0.0,0.0,30.534404684932415,31.610499098931918,31.371884907922404,120.36919783539817,109.7622132420393,115.53049594086886,1414.2069552760147,1191.5252181827582,1462.0628606755768,1177.8500876859976,125.27199361559157,4.507879626735459,89.78574935991944,0.004124368944818173,0.009787847716337294,0.0
2024-10-04 16:30:28.978579,1.0,1.0,1.0,1.0,1.0,1.0,1.0,893848.0,0.0420853800755884,0.037711440220720746,0.04694204212496726,0.031022035078891817,0.03406277598114669,0.03182472780550264,-6.040527174870175e-05,0.00036879008014996856,-0.000406940778096517,-0.0,0.0,0.0,0.0,1.0,0.0,0.0,32.638170493307015,32.7738951476368,32.94735366359014,106.5387385526259,109.11852952668627,116.03435068733934,1100.150348971045,1402.5601165409328,1121.9422125553315,1037.5366542333927,102.90944368360768,4.829558265061843,96.27634622219281,0.0032592947611950495,0.011910206281946523,0.0
2024-10-04 16:30:29.062179,1.0,1.0,1.0,1.0,1.0,1.0,1.0,893849.0,0.04269979768643891,0.03832801689680105,0.04671956673942695,0.031022035078891817,0.03411968959808029,0.031641298451732976,-7.312217106421791e-05,0.0003687900801499686,-0.00039740310360987996,-0.0,0.0,0.0,0.0,1.0,0.0,0.0,33.33952916497289,33.98662373152106,35.11414818147453,103.71388058522214,108.24192139810327,104.83915928882445,990.7196667112864,1153.5033867167467,1067.5085567610067,907.5477798784158,86.76378061287457,5.007351196044311,99.88549201482734,0.002611479560945218,0.014112126461473383,0.0
2024-10-04 16:30:29.065638,1.0,1.0,1.0,1.0,1.0,1.0,1.0,893850.0,0.04324531047620408,0.038123599349151736,0.04632766410980066,0.031115710284795706,0.034204882463775475,0.03182472780550264,-7.312217106421791e-05,0.0003497147311766944,-0.0004260161270697913,-0.0,0.0,0.0,0.0,1.0,0.0,0.0,34.6568067180495,33.41174107574282,35.80769383911751,102.23472182784066,99.30584635888394,100.64283761559737,899.5082253350445,723.0742019119883,1017.5660616814076,726.3934836674821,67.60957485103104,5.140259007413668,102.59710741576303,0.002023951830153188,0.016373822696060872,0.0
2024-10-04 16:30:29.146767,1.0,1.0,1.0,1.0,1.0,1.0,1.0,893851.0,0.04276075388833108,0.03819186010094626,0.04638385292864447,0.031084516582433108,0.03417650843776925,0.032097906445255474,-4.450914760430655e-05,0.00033699783186117815,-0.0004355538015564284,-0.0,0.0,0.0,0.0,1.0,0.0,0.0,34.4826503101598,35.46122152582394,33.600422723336564,91.2506816715747,95.63756020405248,97.85645615159845,382.8700941359331,679.9910638734045,631.5301815456418,423.64333891680405,38.3093021186298,5.286298046140835,105.6008767078674,0.0011830983975696858,0.018701735355932083,0.0
2024-10-04 16:30:29.150264,1.0,1.0,1.0,1.0,1.0,1.0,1.0,893852.0,0.04263875434188018,0.03819186010094626,0.04666378216223113,0.030990747087997286,0.03423323297213509,0.032308781866774994,-1.9075348973274238e-05,0.0003338186070322991,-0.00041647845258315413,-0.0,0.0,0.0,0.0,1.0,0.0,0.0,34.56916547817243,33.75205022136046,35.338235288932,92.09500365288272,92.80514455560086,87.83306815287986,528.1632323432749,224.9454251200487,151.59606290151427,168.04139693774033,14.943393422376937,5.371693194740635,107.38371751623701,0.0004667651032710487,0.021068949750956686,0.0
2024-10-04 16:30:29.232659,1.0,1.0,1.0,1.0,1.0,1.0,1.0,893853.0,0.04312468176012514,0.037711440220720746,0.046886522244954286,0.03148762440853117,0.03462770299655218,0.03224867245309928,-4.76883724331856e-05,0.00031156403323014586,-0.0004164784525831542,-0.0,0.0,0.0,0.0,1.0,0.0,0.0,34.132257377693264,35.058345346039594,35.05608819702869,89.83691437000998,88.34545462176148,92.5486149523665,76.89504312725362,376.7892748993135,333.1817988332913,129.39029990371355,11.50498726308951,5.371693194740635,107.39571638059579,0.00035507904895098954,0.023436428654280042,0.0
2024-10-04 16:30:29.315662,1.0,1.0,1.0,1.0,1.0,1.0,1.0,893854.0,0.043425625269995945,0.038055216156251626,0.0459324178268601,0.0313331966781849,0.03448733880714076,0.03245856839932655,-4.132992277542751e-05,0.0002734133352835974,-0.000403761553267638,-0.0,0.0,0.0,0.0,1.0,0.0,0.0,34.09831215235466,33.275435809522534,35.61965444885581,91.19615283421042,91.92809659711895,88.17143749295658,383.65361375858436,132.15139124282342,316.7736055413905,145.5410297313212,12.979091122240995,5.356245006130865,107.08103095785096,0.0004095141719256648,0.025796970492284223,0.0
2024-10-04 16:30:29.319774,1.0,1.0,1.0,1.0,1.0,1.0,1.0,893855.0,0.04306424069081518,0.03757304914762413,0.04621508152756301,0.03127121205432006,0.034711649066398086,0.03242866644143693,-1.58961241443952e-05,0.00025433798631032317,-0.00041965767741203324,-0.0,0.0,0.0,0.0,1.0,0.0,0.0,34.34460017493424,34.423688209866214,32.54627918788139,89.32082259391366,89.61868870233187,92.40269056778112,136.97908729869047,354.0454400450029,254.51702260754732,118.18503361238467,10.552486446069857,5.349318596359105,106.94957474727642,0.0003439426839404013,0.028154614451157516,0.0
2024-10-04 16:30:29.400941,1.0,1.0,1.0,1.0,1.0,1.0,1.0,893856.0,0.04263875434188018,0.0378493252884673,0.045131542168673384,0.03095942747707764,0.03473958601181881,0.03218845078999174,-9.537674486637115e-06,0.00027023411045471834,-0.0003878654291232428,-0.0,0.0,0.0,0.0,1.0,0.0,0.0,33.00685583262906,33.49905674586552,34.98579494250295,91.78489443599554,90.866956706653,87.86306975021975,375.3017357603844,131.43853693380862,192.77738979341353,103.16910754805681,9.226328115315281,5.340624987130406,106.78055171306801,0.00029910384662000457,0.030508532391143373,0.0
2024-10-04 16:30:29.404441,1.0,1.0,1.0,1.0,1.0,1.0,1.0,893857.0,0.04269979768643891,0.038123599349151736,0.045304350237362054,0.030802351742838057,0.03454355292563407,0.032097906445255474,-2.5433798631032327e-05,0.0002765925601124764,-0.00036561085532108955,-0.0,0.0,0.0,0.0,1.0,0.0,0.0,33.85528859554086,33.548760179239984,34.500195329501246,88.8042561406007,89.82663837266644,92.11416443811045,161.95021061953145,415.3095406901442,277.20952869196145,154.2386566238533,13.877959736444389,5.30886479674728,106.13020249543852,0.00044353587169836876,0.032848113743931706,0.0
2024-10-04 16:30:29.486379,1.0,1.0,1.0,1.0,1.0,1.0,1.0,893858.0,0.04282162331969714,0.03886787470812279,0.044958069872003174,0.030990747087997286,0.03445919735911931,0.032067668184708895,2.8613023459911357e-05,0.00029248868425687163,-0.0003497147311766943,-0.0,0.0,0.0,0.0,1.0,0.0,0.0,33.05986121173734,33.08716842969515,34.2620859328213,91.94862412877623,90.6038794941259,89.0753379356134,335.8206859149208,157.67460727742665,439.0611978105315,181.18338478964938,16.39232870009718,5.2802256447324565,105.54777843817638,0.0005372351513931646,0.03517485588194662,0.0
2024-10-04 16:30:29.489880,1.0,1.0,1.0,1.0,1.0,1.0,1.0,893859.0,0.04282162331969714,0.038733615672373205,0.04507379225100919,0.031084516582433108,0.034878935091133,0.03254810944778678,2.225457380215327e-05,0.0003083848084012668,-0.00037514852980772667,-0.0,0.0,0.0,0.0,1.0,0.0,0.0,33.743389649242324,33.260283170935715,32.11978690859652,89.01290455141242,90.97253815418823,91.54226274528207,265.6133200832746,374.3658435934518,190.1448194186794,148.3734131342062,13.515033164236113,5.2441677883982765,104.83597858811282,0.0004517130435596484,0.037485906787711236,0.0
2024-10-04 16:30:29.572064,1.0,1.0,1.0,1.0,1.0,1.0,1.0,893860.0,0.042882406350036345,0.03859888964444313,0.045590908124401384,0.03142594437984583,0.035128370462711604,0.03245856839932655,3.17922482887904e-05,0.0002861302345991135,-0.00036879008014996856,-0.0,0.0,0.0,0.0,1.0,0.0,0.0,32.259048105663844,33.2186677532772,34.363351637874224,91.91435553697453,89.66327498929995,88.96183691405443,326.99125253278265,210.1193459020528,283.85780643491626,145.21842611324843,13.192130239444335,5.25820313257533,105.11826334844693,0.0004355033640289986,0.039803180504192556,0.0
2024-10-04 16:30:29.654586,1.0,1.0,1.0,1.0,1.0,1.0,1.0,893861.0,0.04324531047620408,0.038733615672373205,0.04541919034616077,0.031240173622796498,0.03545822155341263,0.03248844283583844,2.5433798631032317e-05,0.0002861302345991135,-0.00035925240566333144,-0.0,0.0,0.0,0.0,1.0,0.0,0.0,33.31515517393281,32.58957989540947,34.24288084608566,89.06312323723033,90.68213240459998,91.29292761231082,259.9701594109781,403.8706183263092,311.8951189279751,196.1633929164698,17.98485301534634,5.210824906305735,104.15555893515644,0.0005847365057740473,0.04209923193671867,0.0
2024-10-04 16:30:29.658086,1.0,1.0,1.0,1.0,1.0,1.0,1.0,893862.0,0.04330549882888886,0.03893483061427055,0.045590908124401384,0.0313331966781849,0.03564922528298997,0.032368779656366614,3.815069794654848e-05,0.0002734133352835974,-0.00035925240566333144,-0.0,0.0,0.0,0.0,1.0,0.0,0.0,32.63388908531253,32.81399497221556,33.16158893686201,91.75990802416415,90.09429665723714,89.98969294208005,315.15841413459094,226.52798133118964,476.86647168418244,211.41743269005198,19.464116751716272,5.189555772424021,103.72357471228034,0.000650737164816379,0.04438576051704272,0.0
2024-10-04 16:30:29.739950,1.0,1.0,1.0,1.0,1.0,1.0,1.0,893863.0,0.043425625269995945,0.039135011011481306,0.045246820880521094,0.03127121205432006,0.03556749214080218,0.032667115729434024,6.676372140645982e-05,0.00027023411045471834,-0.00036243163049221044,-0.0,0.0,0.0,0.0,1.0,0.0,0.0,33.09106390743395,32.653997220634594,31.981004885418,89.43244023797308,91.33105816775473,90.66623524565524,338.99311568690683,357.7752541612393,190.94480834270485,168.93938263524498,15.536407020048998,5.194595801671739,103.8368953436734,0.0005295954859824216,0.04667478718772992,0.0
2024-10-04 16:30:29.743604,1.0,1.0,1.0,1.0,1.0,1.0,1.0,893864.0,0.04276075388833108,0.03893483061427055,0.04587567609077438,0.03151841915858901,0.03586626975568591,0.032398736885968185,6.358449657758079e-05,0.0002765925601124764,-0.00040376155326763796,-0.0,0.0,0.0,0.0,1.0,0.0,0.0,31.939111887538854,32.84529700148126,33.92485131932265,91.49371781482478,89.40119814498195,89.67241014861897,311.3752869096285,280.1599800041876,312.1244832579845,173.82623091650433,16.008108124624084,5.187385725794472,103.69234268291612,0.0005337161713075319,0.048960627275317754,0.0
2024-10-04 16:30:29.825880,1.0,1.0,1.0,1.0,1.0,1.0,1.0,893865.0,0.04183708658073959,0.03966388649582423,0.04553374081900145,0.0313331966781849,0.03564922528298997,0.032398736885968185,6.358449657758079e-05,0.0002893094594279926,-0.00037832775463660567,-0.0,0.0,0.0,0.0,1.0,0.0,0.0,32.82461210732533,32.110849346761505,33.986355268868195,89.52156219625957,90.84883755965724,90.76496790875294,307.2603278345244,385.67218172866245,361.5043013640805,223.48506319930095,20.70934315780985,5.156089383915426,103.05132010512786,0.0006833432077464597,0.05123233637630191,0.0
2024-10-04 16:30:29.908273,1.0,1.0,1.0,1.0,1.0,1.0,1.0,893866.0,0.0419614169784043,0.03959816335788845,0.045932417826860104,0.0313331966781849,0.03564922528298997,0.03257790177388484,6.040527174870175e-05,0.00030520558357238775,-0.0003910446539521218,-0.0,0.0,0.0,0.0,1.0,0.0,0.0,32.41334875497775,32.500757571699815,32.441658090151456,91.36856216336338,90.1657763250798,90.4233686679675,319.8979148747402,275.9559090128527,472.21411916536937,229.0176925431877,21.346854733783083,5.126146033163483,102.44871652983426,0.000723780916065911,0.05349076141624848,0.0
2024-10-04 16:30:29.911714,1.0,1.0,1.0,1.0,1.0,1.0,1.0,893867.0,0.04214722489965789,0.03966388649582423,0.045590908124401384,0.03127121205432006,0.03556749214080218,0.03224867245309928,2.543379863103232e-05,0.0002861302345991135,-0.0003878654291232428,-0.0,0.0,0.0,0.0,1.0,0.0,0.0,32.58174558853927,32.333893887435444,31.87016034189379,89.85485248682544,91.24277795322536,90.18163509158497,372.2996626776292,346.8700987422454,211.84833025000228,184.33103482781112,17.080096733320392,5.155913244862544,103.05747964831558,0.0005894712153650594,0.05576260630094024,0.0
2024-10-04 16:30:29.993400,1.0,1.0,1.0,1.0,1.0,1.0,1.0,893868.0,0.041774782619765874,0.03913501101148131,0.04587567609077438,0.03105329154533826,0.03564922528298997,0.03224867245309928,9.537674486637124e-06,0.00026069643596808123,-0.00041965767741203314,-0.0,0.0,0.0,0.0,1.0,0.0,0.0,31.762014606370464,32.51276729649248,33.654392320881655,91.08358547773378,89.47210900802665,89.9597361282008,314.43571384618247,323.3214584382936,320.17530058908534,192.66861213911955,17.938330044239912,5.1313493209901475,102.56527310503728,0.0006013361292051552,0.0580236007658335,0.0
2024-10-04 16:30:29.996900,1.0,1.0,1.0,1.0,1.0,1.0,1.0,893869.0,0.041774782619765874,0.038867874708122786,0.04598908955455482,0.030990747087997286,0.03548557074494756,0.03194642892952922,2.2254573802153277e-05,0.00024480031182368605,-0.00042601612706979125,-0.0,0.0,0.0,0.0,1.0,0.0,0.0,32.46155170051283,31.850048573882344,33.73072154940631,89.8617904887766,90.75370598796198,90.49972885099112,329.2150679653283,377.0346233246368,403.43157079106265,242.721061742157,22.61623682998423,5.128105410561481,102.48457440336509,0.0007559693264578136,0.06028281627268102,0.0
2024-10-04 16:30:30.078730,1.0,1.0,1.0,1.0,1.0,1.0,1.0,893870.0,0.04196141697840431,0.03893483061427055,0.04615868726430256,0.03077084037730748,0.03515597625908419,0.032007105962223864,2.8613023459911357e-05,0.0002829510097702345,-0.0004323745767275493,-0.0,0.0,0.0,0.0,1.0,0.0,0.0,32.26288795731626,32.24061278133564,32.006802194406305,91.0655242714077,90.30389839337501,90.53978751270324,332.01066517085326,304.4014950247286,460.7235708224776,239.51136421836222,22.421593656123832,5.104296158275442,102.00724745974799,0.0007706812391096294,0.06253150937223813,0.0
2024-10-04 16:30:30.161391,1.0,1.0,1.0,1.0,1.0,1.0,1.0,893871.0,0.04220897910845452,0.038463691717159486,0.04610222401715648,0.031115710284795706,0.03462770299655218,0.03188563643118791,4.132992277542751e-05,0.0002988471339146297,-0.00042601612706979125,-0.0,0.0,0.0,0.0,1.0,0.0,0.0,32.21723390775094,32.14519767899141,31.75980636143796,90.12892137423927,91.04806769875114,89.95483930598694,386.9960031047624,344.3019480855609,231.93221482482016,195.76058647473022,18.21538055483101,5.13457190962071,102.62623360375065,0.0006349564268577382,0.06479384767745859,0.0
2024-10-04 16:30:30.165560,1.0,1.0,1.0,1.0,1.0,1.0,1.0,893872.0,0.0420853800755884,0.038463691717159486,0.04553374081900147,0.031178004061435775,0.03414811083549323,0.03173314566510837,2.8613023459911357e-05,0.0003179224828879039,-0.0004482707008719445,-0.0,0.0,0.0,0.0,1.0,0.0,0.0,31.62893967415616,32.23237391858042,33.47909041326127,90.80925988820918,89.56001862061593,90.0588683240979,324.5171151960987,349.52057849576,325.07696685503214,206.98551672508938,19.299462503831524,5.124131872557528,102.41560290714214,0.000654106350847544,0.06705154274598937,0.0
2024-10-04 16:30:30.247765,1.0,1.0,1.0,1.0,1.0,1.0,1.0,893873.0,0.04152463197171362,0.03839591423416136,0.04581886408620406,0.03120910432259612,0.03380547898296581,0.03167194378429309,9.537674486637115e-06,0.0003083848084012668,-0.00046098760018746065,-0.0,0.0,0.0,0.0,1.0,0.0,0.0,32.20424871236426,31.68261582142148,33.51310853145447,90.06423357230426,90.59293875668222,90.41740585273763,338.7177821082374,374.37625280658744,433.982995073085,255.795970955559,23.988361654844095,5.095483084702413,101.82736225092826,0.0008075725279815124,0.06929627037605428,0.0
2024-10-04 16:30:30.251264,1.0,1.0,1.0,1.0,1.0,1.0,1.0,893874.0,0.0420853800755884,0.037918079796158174,0.04570502822314875,0.03130221970899244,0.033284918697807614,0.03148762440853117,-2.5433798631032314e-05,0.00030202635874350875,-0.0004387330263853075,-0.0,0.0,0.0,0.0,1.0,0.0,0.0,32.148187073140136,32.031956479848255,31.722817486670124,90.84011304016586,90.41727736994376,90.55284187846306,345.7908685204471,322.143030183979,451.4919255110618,247.55133933694708,23.30606419022195,5.0756110864907,101.4303032968324,0.0008069809879606967,0.07153224506206445,0.0
2024-10-04 16:30:30.332359,1.0,1.0,1.0,1.0,1.0,1.0,1.0,893875.0,0.04324531047620408,0.0378493252884673,0.04587567609077438,0.03173314566510837,0.03363285413230715,0.03157991857152382,-2.2254573802153277e-05,0.0002829510097702345,-0.00046416682501633976,-0.0,0.0,0.0,0.0,1.0,0.0,0.0,31.969083027474106,32.02065244790993,31.658781499079762,90.26990715572626,90.8565772886953,89.87711513512173,392.55152172454336,345.33543016439756,246.57675562456157,203.34349167666167,19.019922058090586,5.108017717193835,102.09228538496541,0.0006662952507209169,0.07378281277543969,0.0
2024-10-04 16:30:30.335801,1.0,1.0,1.0,1.0,1.0,1.0,1.0,893876.0,0.04306424069081518,0.03715478325109878,0.04541919034616077,0.0316106234096681,0.0337192770263005,0.031364143052817484,-2.8613023459911363e-05,0.00025433798631032317,-0.0004609876001874607,-0.0,0.0,0.0,0.0,1.0,0.0,0.0,31.538600969052027,32.03802172810815,33.362785645639676,90.61290478524637,89.64096311642741,90.06017364202752,333.72168829789115,364.970094032557,328.16825824871165,216.66489031031335,20.286249866284116,5.1030304492783065,101.99013178279282,0.0006905426439625137,0.07603112856940704,0.0
2024-10-04 16:30:30.417745,1.0,1.0,1.0,1.0,1.0,1.0,1.0,893877.0,0.04220897910845451,0.0373645014732293,0.04632766410980066,0.031549183850304155,0.03392007415562166,0.031549183850304155,6.358449657758077e-06,0.00026069643596808123,-0.0004737044995029769,-0.0,0.0,0.0,0.0,1.0,0.0,0.0,32.02698871876255,31.57502300217699,33.340540623575265,90.18625471008778,90.44107461759768,90.39288983596454,342.8536198634925,374.5774315464581,454.6699136887676,264.58382408947796,24.883781982257712,5.081065053249408,101.53558690400392,0.0008434664788383322,0.07826942417404642,0.0
2024-10-04 16:30:30.500999,1.0,1.0,1.0,1.0,1.0,1.0,1.0,893878.0,0.042393702000235525,0.03701431097784902,0.04564800383634771,0.03170255949350469,0.033834164163335345,0.031364143052817484,-3.179224828879051e-06,0.0002670548856258393,-0.00045462915052970265,-0.0,0.0,0.0,0.0,1.0,0.0,0.0,32.0530174863487,31.864272983089567,31.542627458432943,90.75099565638034,90.47596504774867,90.49538739137404,358.0860136258869,331.4711544325124,446.8510476346943,253.6631521108794,23.886254733295036,5.074735669343199,101.40998240911411,0.000834831440204209,0.08050495089737622,0.0
2024-10-04 16:30:30.504499,1.0,1.0,1.0,1.0,1.0,1.0,1.0,893879.0,0.04189929789626443,0.03673175485356617,0.04518921828443541,0.03188563643118791,0.033834164163335345,0.031763702384431956,-1.2716899315516164e-05,0.00027977178494135546,-0.0004482707008719446,-0.0,0.0,0.0,0.0,1.0,0.0,0.0,31.79210358117788,31.92529656092012,31.58125206999685,90.38259911847484,90.65632261860273,89.8280763368413,395.13057253648526,346.7142787620693,258.8018472783686,209.1335644018011,19.631851165883223,5.089836552134845,101.72644523349949,0.0006904525172613625,0.08274745386785692,0.0
2024-10-04 16:30:30.585822,1.0,1.0,1.0,1.0,1.0,1.0,1.0,893880.0,0.04139898983206045,0.03694387454679471,0.044900096837092805,0.03194642892952922,0.03389146168814632,0.03188563643118791,9.537674486637107e-06,0.0002829510097702345,-0.0004260161270697913,-0.0,0.0,0.0,0.0,1.0,0.0,0.0,31.451098064600423,31.86904221866764,33.27456965993489,90.52049941942856,89.65372794349744,90.0303586383523,342.23056599786895,374.3846184404964,331.9889748428907,224.28910203000498,21.09607081463062,5.079966334898079,101.52616451674375,0.0007201049809643838,0.0849855417612038,0.0
2024-10-04 16:30:30.589445,1.0,1.0,1.0,1.0,1.0,1.0,1.0,893881.0,0.04164989509779679,0.03729472643293347,0.045246820880521094,0.031549183850304155,0.034091244666417886,0.03224867245309928,-2.5433798631032317e-05,0.0002861302345991135,-0.00043237457672754936,-0.0,0.0,0.0,0.0,1.0,0.0,0.0,31.89338932866007,31.479547304111072,33.208648610314036,90.23842330909966,90.31512275899931,90.40556132611988,345.30035622464277,376.6427574256065,468.6140200715051,271.09774736356957,25.59888079068012,5.060864515728014,101.12913976230975,0.0008709040913521604,0.08721487746440851,0.0
2024-10-04 16:30:30.671601,1.0,1.0,1.0,1.0,1.0,1.0,1.0,893882.0,0.04127296521748623,0.03757304914762413,0.04501596824740669,0.03142594437984583,0.03448733880714076,0.032308781866774994,-9.537674486637127e-06,0.00029566790908575063,-0.00042919535189867025,-0.0,0.0,0.0,0.0,1.0,0.0,0.0,31.976600693398776,31.740608170750328,31.415085982473315,90.63178375323322,90.50562006363513,90.4531405757643,366.45963183421577,339.855121822979,443.66884669812833,258.5593026531749,24.465996987906014,5.0502279268390184,100.91799926237513,0.0008569838397314515,0.08943955869259242,0.0
2024-10-04 16:30:30.755048,1.0,1.0,1.0,1.0,1.0,1.0,1.0,893883.0,0.041336025552530284,0.03757304914762413,0.044958069872003174,0.031364143052817484,0.03443103291031149,0.032308781866774994,9.537674486637115e-06,0.00031156403323014586,-0.0004132992277542751,-0.0,0.0,0.0,0.0,1.0,0.0,0.0,31.668130462331312,31.857222725501163,31.504117554553243,90.3880367435836,90.55391696959468,89.81299188478526,397.51201857241625,353.4282041313789,267.41310461141546,215.34077906875726,20.246344765741547,5.0819654997974615,101.56662795561319,0.0007150977347143042,0.09167853857996949,0.0
2024-10-04 16:30:30.758548,1.0,1.0,1.0,1.0,1.0,1.0,1.0,893884.0,0.04183708658073959,0.03757304914762413,0.04501596824740669,0.031084516582433108,0.03473958601181881,0.03245856839932655,2.8613023459911346e-05,0.00031474325805902487,-0.00043555380155642836,-0.0,0.0,0.0,0.0,1.0,0.0,0.0,31.387530405109615,31.755002061206536,33.21103136175645,90.39165880308376,89.71242825131353,89.99361164697858,349.51767666699186,383.22429558361125,334.43238675676355,230.75751734967702,21.72093652494276,5.07624102700974,101.44921559797709,0.0007446941724734081,0.09391493017715156,0.0
2024-10-04 16:30:30.840389,1.0,1.0,1.0,1.0,1.0,1.0,1.0,893885.0,0.04183708658073959,0.03764230828317236,0.044609101569099904,0.030833830904597324,0.03434640099311143,0.03272645658802371,3.179224828879038e-05,0.0003083848084012668,-0.000410120002925396,-0.0,0.0,0.0,0.0,1.0,0.0,0.0,31.80168322557083,31.42071577554502,33.10469909385009,90.2101923629016,90.23820725374821,90.39374030276163,348.10746397346287,382.211961567458,478.58806269542976,277.50912074525525,26.212607454276487,5.059386765777829,101.09703522643035,0.0008963545714642258,0.09614355815369865,0.0
2024-10-04 16:30:30.843889,1.0,1.0,1.0,1.0,1.0,1.0,1.0,893886.0,0.04227064309912445,0.03819186010094626,0.04501596824740669,0.031022035078891817,0.03394866250806731,0.032874340109372714,6.358449657758079e-06,0.000324280932545662,-0.00042283690224091225,-0.0,0.0,0.0,0.0,1.0,0.0,0.0,31.908189041886704,31.635922508820933,31.313850264140815,90.53517056350186,90.53434639413942,90.40585289851893,374.6645857459459,347.2287146595284,441.8898681429093,263.470190524794,24.93802277663562,5.048850776607543,100.88831072526962,0.0008784653261314147,0.09836758491457571,0.0
2024-10-04 16:30:30.925008,1.0,1.0,1.0,1.0,1.0,1.0,1.0,893887.0,0.04263875434188018,0.038055216156251626,0.04513154216867338,0.030612797008878905,0.033834164163335345,0.03284481667269478,-3.1792248288790384e-06,0.00032746015737454104,-0.00045462915052970265,-0.0,0.0,0.0,0.0,1.0,0.0,0.0,31.569176742851464,31.7936358306721,31.443204002738263,90.35318313713516,90.48130492789879,89.79722290604687,400.6227306100047,358.450239823378,273.0617379891369,220.20524186328393,20.752370611406448,5.070147114891748,101.32843151333672,0.0007347990384675414,0.10060131389371416,0.0
2024-10-04 16:30:30.928508,1.0,1.0,1.0,1.0,1.0,1.0,1.0,893888.0,0.04214722489965788,0.03859888964444313,0.045932417826860104,0.030198013527012933,0.03417650843776925,0.032815266674204355,1.9075348973274238e-05,0.00033699783186117815,-0.0004578083753585817,-0.0,0.0,0.0,0.0,1.0,0.0,0.0,31.326199495193713,31.665804621544023,33.15486404183411,90.2916889998131,89.71043852466336,89.9688544801655,356.05965039389486,390.65172740883906,338.99081043212163,237.1906331310764,22.365524307199383,5.06750130999781,101.27210397412095,0.0007688426807260873,0.10283380116354367,0.0
2024-10-04 16:30:31.010112,1.0,1.0,1.0,1.0,1.0,1.0,1.0,893889.0,0.0423322172659213,0.03940033615860651,0.046607930817067524,0.03013369393635788,0.03423323297213509,0.032637404840404415,4.132992277542751e-05,0.0003433562815189362,-0.0004355538015564284,-0.0,0.0,0.0,0.0,1.0,0.0,0.0,31.72732534775046,31.36473536358305,33.01931905168916,90.18397284882032,90.20104055348521,90.38719655069352,353.0656748703718,388.1101406390526,487.90755593099004,284.463173239804,26.858226209346103,5.061639159618651,101.13933763719659,0.0009230760256670498,0.10506336167323475,0.0
2024-10-04 16:30:31.093797,1.0,1.0,1.0,1.0,1.0,1.0,1.0,893890.0,0.04214722489965788,0.03953233095432663,0.04655201246361906,0.030036956306502573,0.03403428348265909,0.032667115729434024,1.9075348973274234e-05,0.0003433562815189362,-0.0004387330263853075,-0.0,0.0,0.0,0.0,1.0,0.0,0.0,31.858831230526615,31.574960233508275,31.24788754369182,90.43583461558211,90.54534332666432,90.38123942148853,382.61604562519256,355.4078986032443,445.09139284113354,270.1303804854287,25.507584349104636,5.061023117137773,101.12894599145265,0.0009041289595467058,0.10729269310486855,0.0
2024-10-04 16:30:31.097797,1.0,1.0,1.0,1.0,1.0,1.0,1.0,893891.0,0.041587310697157,0.03933417265909615,0.04570502822314875,0.03013369393635788,0.03414811083549323,0.03233879467572394,6.994294623533886e-05,0.0003497147311766943,-0.00042283690224091225,-0.0,0.0,0.0,0.0,1.0,0.0,0.0,31.491422579219222,31.75246313840781,31.390217884309923,90.3321067858001,90.42884355236305,89.76716081375692,408.0390086947417,367.3442782732143,284.0054909238389,229.49441951893078,21.57152006084635,5.083545614754106,101.59276075700879,0.000768671553241489,0.10953224907533417,0.0
2024-10-04 16:30:31.179006,1.0,1.0,1.0,1.0,1.0,1.0,1.0,893892.0,0.042023444236177564,0.039400336158606504,0.04621508152756302,0.03010148260279399,0.03380547898296581,0.03242866644143693,5.404682209094367e-05,0.0003528939560055733,-0.00041965767741203324,-0.0,0.0,0.0,0.0,1.0,0.0,0.0,31.275439718826433,31.586228558767523,33.10560563322522,90.26587781138343,89.71820933677246,89.95818297159079,369.490457679137,402.899313995938,350.92314251153084,249.8908499316623,23.503824279987477,5.080500576817685,101.52738599374926,0.0008131634014712015,0.11177036389546303,0.0
2024-10-04 16:30:31.182687,1.0,1.0,1.0,1.0,1.0,1.0,1.0,893893.0,0.042332217265921304,0.04012093401707996,0.04638385292864447,0.029875030834123562,0.03389146168814632,0.03227874115189541,4.76883724331856e-05,0.0003815069794654847,-0.00041965767741203324,-0.0,0.0,0.0,0.0,1.0,0.0,0.0,31.64995126757587,31.315335241105572,32.96413071319345,90.18646944429382,90.2424536702913,90.3980383742906,369.6973614985328,403.0818813391889,506.6143493297934,301.33685168546833,28.419413876017227,5.067632135833985,101.25314270882372,0.0009817209022769393,0.1140024331747331,0.0
2024-10-04 16:30:31.263768,1.0,1.0,1.0,1.0,1.0,1.0,1.0,893894.0,0.041774782619765874,0.039925697169818586,0.04587567609077438,0.029972291094128595,0.03377676944149575,0.03245856839932655,5.404682209094367e-05,0.00039740310360987996,-0.000403761553267638,-0.0,0.0,0.0,0.0,1.0,0.0,0.0,31.804961929763408,31.483949840446993,31.185345137737684,90.52064636968282,90.56981613454224,90.39362405979246,409.8457049494601,378.6747836286954,466.9948503491622,294.33433812822034,27.787760787319982,5.062427358626069,101.14834050859605,0.0009897096474339327,0.1162321921477226,0.0
2024-10-04 16:30:31.347417,1.0,1.0,1.0,1.0,1.0,1.0,1.0,893895.0,0.04164989509779679,0.03979500713939933,0.04587567609077438,0.029972291094128595,0.03392007415562166,0.03197678183797181,6.994294623533886e-05,0.000403761553267638,-0.0003846862042943638,-0.0,0.0,0.0,0.0,1.0,0.0,0.0,31.40296295509502,31.700850178809816,31.323628282421435,90.41101008647225,90.52607574031134,89.83000935427344,439.5785265937037,398.7710708116431,315.991713871091,261.1398385596847,24.574990105162737,5.07812014341231,101.47315453753617,0.0008787536351005333,0.11846911146552784,0.0
2024-10-04 16:30:31.350849,1.0,1.0,1.0,1.0,1.0,1.0,1.0,893896.0,0.04101975445198809,0.039729500910396995,0.046607930817067524,0.029939906113202793,0.034204882463775475,0.03224867245309928,9.53767448663712e-05,0.0004260161270697913,-0.00041965767741203324,-0.0,0.0,0.0,0.0,1.0,0.0,0.0,31.228582728891176,31.499298652059963,33.04992546541412,90.40132660999316,89.84337118510767,90.02876763912475,411.68223434347817,442.06025927484376,389.16122942579506,289.66369616598746,27.23431045010639,5.083120184248991,101.5661677872348,0.0009466222935591575,0.12070808120874867,0.0
2024-10-04 16:30:31.432350,1.0,1.0,1.0,1.0,1.0,1.0,1.0,893897.0,0.04076497090344803,0.03959816335788845,0.04610222401715648,0.030422061214259163,0.03417650843776925,0.03242866644143693,9.219752003749215e-05,0.00040694077809651707,-0.00040376155326763796,-0.0,0.0,0.0,0.0,1.0,0.0,0.0,31.561121882615204,31.27747343632528,32.902652413935044,90.3326715588092,90.30014892598194,90.56612896163745,410.0300359487608,447.2472423185713,556.0470964366431,345.8389850496706,32.67053195104782,5.060003559561478,101.08556065204904,0.0011315262710057167,0.12293645623467828,148.99043741800028
2024-10-04 16:30:31.436350,1.0,1.0,1.0,1.0,1.0,1.0,1.0,893898.0,0.04095620715673985,0.03880080326089556,0.04587567609077438,0.030581090322992784,0.03386282504451316,0.03257790177388484,5.0867597262064634e-05,0.00035289395600557344,-0.0003974031036098799,-0.0,0.0,0.0,0.0,1.0,0.0,0.0,31.76360014515458,31.397330297178314,31.14161275341133,90.59069981534755,90.79318079447067,90.50903392495182,458.4626695318326,424.8745105208882,507.4193668286843,339.23128681712484,32.10197609293671,5.051300149447964,100.91030407361603,0.0011452389673962421,0.1251609678267011,0.0
2024-10-04 16:30:31.517869,1.0,1.0,1.0,1.0,1.0,1.0,1.0,893899.0,0.04120980838596827,0.03853134997827472,0.04507379225100918,0.030802351742838057,0.03392007415562166,0.03233879467572394,3.1792248288790396e-05,0.00034017705669005726,-0.0003974031036098799,-0.0,0.0,0.0,0.0,1.0,0.0,0.0,31.328879139302963,31.6687476733847,31.269336606383252,90.56862133545376,90.60992286755102,90.01130925669398,481.16496367150995,442.8125269429063,364.77730666417835,305.7538741540451,28.820413996353043,5.070629610142772,101.30785861841818,0.001032747336028752,0.12739424328780047,0.0
2024-10-04 16:30:31.521369,1.0,1.0,1.0,1.0,1.0,1.0,1.0,893900.0,0.04101975445198809,0.03832801689680105,0.04536180663361167,0.030928076150071922,0.03434640099311143,0.03233879467572394,2.8613023459911363e-05,0.000317922482887904,-0.0004005823284387589,-0.0,0.0,0.0,0.0,1.0,0.0,0.0,31.184789322755677,31.414597270382938,32.99800380226981,90.54043210647743,90.03498936938183,90.198827946316,462.0444066194999,490.0624817973565,435.37759077084,337.6281475836214,31.82278151021767,5.071347173551802,101.31456660563754,0.0011079587095176977,0.1296276666227514,0.0
2024-10-04 16:30:31.603098,1.0,1.0,1.0,1.0,1.0,1.0,1.0,893901.0,0.04044423444177085,0.03839591423416136,0.04581886408620406,0.031178004061435775,0.03411968959808029,0.032067668184708895,1.907534897327424e-05,0.0003147432580590249,-0.000400582328438759,-0.0,0.0,0.0,0.0,1.0,0.0,0.0,31.48387377349339,31.239257057938445,32.85799686482928,90.50187670989095,90.56091278278295,90.77397481672367,463.60408536637294,500.5787557347271,611.911112769827,399.73132846833226,37.820703522646475,5.0530137501363726,100.92760457985277,0.0013127850965285982,0.13185255959482284,294.5915449130482
2024-10-04 16:30:31.686266,1.0,1.0,1.0,1.0,1.0,1.0,1.0,893902.0,0.040185802182344105,0.03819186010094626,0.045590908124401384,0.03142594437984583,0.03417650843776925,0.032308781866774994,1.5896124144395208e-05,0.00030520558357238775,-0.0004005823284387589,-0.0,0.0,0.0,0.0,1.0,0.0,0.0,31.736451298288383,31.310644490124474,31.098610180627883,90.90587751079298,91.02389759713505,90.77190171357303,526.5146292355118,489.70048538634256,570.2699153421192,403.97037360953084,38.24261902297955,5.050544992852829,100.87261301429666,0.0013690289162418818,0.13407624030838244,34.331018543668506
2024-10-04 16:30:31.689267,1.0,1.0,1.0,1.0,1.0,1.0,1.0,893903.0,0.03966388649582423,0.03743414645719283,0.04598908955455482,0.0313331966781849,0.03445919735911931,0.03260766687993288,2.2254573802153284e-05,0.00024797953665256506,-0.000410120002925396,-0.0,0.0,0.0,0.0,1.0,0.0,0.0,31.24949727640074,31.640907747123368,31.173349568783113,90.8855289851399,90.99462228919181,90.37402668041035,557.7603326861288,523.7374876842571,442.89693883671185,383.6686723444365,36.18115035551427,5.069689085869305,101.26173177987211,0.001302347493873592,0.13630849892895208,0.0
2024-10-04 16:30:31.771967,1.0,1.0,1.0,1.0,1.0,1.0,1.0,893904.0,0.04044423444177085,0.038123599349151736,0.04638385292864447,0.031364143052817484,0.03454355292563407,0.032308781866774994,3.815069794654848e-05,0.0002352626373370489,-0.000410120002925396,-0.0,0.0,0.0,0.0,1.0,0.0,0.0,31.15775879110121,31.327016268327338,32.924057196668635,91.07124973678661,90.50226561289956,90.63122476981518,556.2086803170738,580.1550512791291,525.294925881844,428.1136050051223,40.37685808672518,5.069689085869305,101.25066635215653,0.0014114806924598274,0.13854051361831518,123.70135753758586
2024-10-04 16:30:31.775467,1.0,1.0,1.0,1.0,1.0,1.0,1.0,893905.0,0.0402505658056393,0.038123599349151736,0.04671956673942695,0.03130221970899244,0.03426156002122874,0.0321582976678794,2.2254573802153274e-05,0.00022254573802153277,-0.00044509147604306553,-0.0,0.0,0.0,0.0,1.0,0.0,0.0,31.381364850746667,31.220304522896008,32.82954077437442,91.08166154903863,91.05936006775771,91.3756446948576,559.799606649223,601.2697909973408,721.6038654373716,500.7580676598199,47.446946838571705,5.047527645602359,100.78387808475298,0.0016510541298313053,0.14076223821965017,749.5976607343875
2024-10-04 16:30:31.857588,1.0,1.0,1.0,1.0,1.0,1.0,1.0,893906.0,0.04076497090344802,0.03798670986099516,0.04621508152756301,0.031146872746571578,0.03386282504451316,0.03191604715477278,4.450914760430655e-05,0.00020029116421937945,-0.0004132992277542751,-0.0,0.0,0.0,0.0,1.0,0.0,0.0,31.71590581821325,31.193654747678472,31.068144561069072,91.55179389094728,91.67814977560406,91.40372314961101,640.9069394469957,600.8466716255997,677.4123611623506,513.5142611743222,48.67977105111591,5.045511678846037,100.73383409497661,0.0017480831793897382,0.14298285962903276,465.9691002194477
2024-10-04 16:30:31.940643,1.0,1.0,1.0,1.0,1.0,1.0,1.0,893907.0,0.04152463197171362,0.038055216156251626,0.04627140705916457,0.031549183850304155,0.033748035476753,0.031641298451732976,6.040527174870175e-05,0.00020982883870601657,-0.000410120002925396,-0.0,0.0,0.0,0.0,1.0,0.0,0.0,31.15294726677434,31.61441431033563,31.07268497298344,91.61156440767957,91.82808776950061,91.19500346212978,678.2922636970371,648.0145318405373,568.3517409249931,505.4949482482732,47.680230431216415,5.070725244781144,101.23946842633833,0.0017259510310158807,0.14521462746634226,63.306060510094994
2024-10-04 16:30:31.943557,1.0,1.0,1.0,1.0,1.0,1.0,1.0,893908.0,0.04189929789626443,0.03900167157440239,0.045932417826860104,0.03157991857152382,0.03363285413230715,0.031549183850304155,9.219752003749214e-05,0.0002702341104547183,-0.000406940778096517,-0.0,0.0,0.0,0.0,1.0,0.0,0.0,31.139149020812603,31.22136848453275,32.800528840721995,92.10892632451386,91.39662542768386,91.63768616359813,702.8004183463979,725.1285913460371,666.0314830479618,570.2071140744832,53.70624560660784,5.078924528019813,101.38628731100783,0.0018921648503346135,0.14744963184439824,675.5364337975732
2024-10-04 16:30:32.025139,1.0,1.0,1.0,1.0,1.0,1.0,1.0,893909.0,0.04214722489965789,0.03900167157440239,0.046045691532351565,0.0316106234096681,0.03357511528435138,0.03167194378429309,0.0001144520938396454,0.00030202635874350875,-0.00042919535189867025,-0.0,0.0,0.0,0.0,1.0,0.0,0.0,31.217733053114188,31.196868452014115,32.79638999488966,92.14315547409201,92.43071776898056,92.70449881697213,728.0863034686735,778.4792297634248,898.9556323272376,672.3019299909596,63.597486924153294,5.058660007820159,100.94755052433901,0.0022303300846008615,0.14967496451373477,1397.0499691121381
2024-10-04 16:30:32.028639,1.0,1.0,1.0,1.0,1.0,1.0,1.0,893910.0,0.04251640472283598,0.03933417265909616,0.04587567609077438,0.031364143052817484,0.033430331878977426,0.03170255949350469,0.00010491441935300831,0.0003306393822034201,-0.00042919535189867025,-0.0,0.0,0.0,0.0,1.0,0.0,0.0,31.71341342611691,31.03288855367806,31.01328032844776,93.25985186685243,93.22121194202835,92.8948015701763,852.8430309300935,804.4235733875166,874.2473258549605,714.1000375411463,67.67675148028825,5.050389658590006,100.76064381123636,0.0024468345738767653,0.15189617692841803,1251.1544084669254
2024-10-04 16:30:32.110538,1.0,1.0,1.0,1.0,1.0,1.0,1.0,893911.0,0.042943103346232976,0.03933417265909615,0.04694204212496726,0.03145679951185349,0.033690494027434716,0.032067668184708895,7.9480620721976e-05,0.000324280932545662,-0.00043555380155642836,-0.0,0.0,0.0,0.0,1.0,0.0,0.0,30.98381360324662,31.588379473083805,30.936107880599135,93.4509242089361,93.68654462154336,93.35864639898104,897.5706605186987,882.1533119705201,804.1255016069823,730.991371538829,69.2758066561404,5.05088631277666,100.76322088783652,0.002519412949890477,0.15411744615332323,1317.1773696793282
2024-10-04 16:30:32.194072,1.0,1.0,1.0,1.0,1.0,1.0,1.0,893912.0,0.0436051944382425,0.03900167157440239,0.04771253742739651,0.03130221970899244,0.033546208593426816,0.03188563643118791,7.9480620721976e-05,0.0003179224828879039,-0.0004355538015564284,-0.0,0.0,0.0,0.0,1.0,0.0,0.0,31.1403419333866,31.083166565825397,32.612935795196634,94.42889466372417,93.88444163648315,93.76648356947439,964.3417160688232,977.2852613948326,895.9370484176377,813.0034750760848,76.95094094520456,5.05829519057789,100.89040125036519,0.002723274846689246,0.1563415189986646,1634.2077609044202
2024-10-04 16:30:32.197572,1.0,1.0,1.0,1.0,1.0,1.0,1.0,893913.0,0.043664886724146465,0.03913501101148131,0.04705288535396546,0.0313331966781849,0.0333431600699038,0.031549183850304155,9.219752003749215e-05,0.0003497147311766943,-0.00041965767741203314,-0.0,0.0,0.0,0.0,1.0,0.0,0.0,31.001748034673078,31.175129837969855,32.8404183944682,94.7672290510727,94.86789944221346,95.54468956570894,977.6916499363931,1038.3134574977996,1178.9835595238683,929.3796458708405,88.56087476406428,5.0262358545011985,100.2126718215478,0.0031041646025894956,0.15855065167526405,2594.695989305449
2024-10-04 16:30:32.279073,1.0,1.0,1.0,1.0,1.0,1.0,1.0,893914.0,0.04245509769062346,0.03900167157440239,0.046775284787538986,0.03086527796111811,0.03363285413230715,0.03173314566510837,7.9480620721976e-05,0.00036561085532108955,-0.0004260161270697913,-0.0,0.0,0.0,0.0,1.0,0.0,0.0,31.744208306232654,30.90018174011222,30.98716971219236,96.15629075960359,96.41591975520524,95.65996073874892,1141.5568178564683,1087.0375513027175,1135.0228246490447,984.4788379859651,93.71336109860837,5.032944664373889,100.31739653642084,0.0033926138059319237,0.1607620929500225,2323.639192741543
2024-10-04 16:30:32.283074,1.0,1.0,1.0,1.0,1.0,1.0,1.0,893915.0,0.04263875434188018,0.03893483061427055,0.04699749641733918,0.030990747087997286,0.033459338679991214,0.03157991857152382,7.312217106421791e-05,0.00037196930497884756,-0.00042919535189867025,-0.0,0.0,0.0,0.0,1.0,0.0,0.0,30.85354587896245,31.56037675213982,30.866974674799472,96.744414530159,96.65776424828562,96.78990987577218,1173.9224300935373,1159.6089853570645,1101.2817835100639,1007.1003035752169,95.70349785798224,5.042068653150825,100.48848480409566,0.00349943925000227,0.1629773057705928,2405.996990648809
2024-10-04 16:30:32.363942,1.0,1.0,1.0,1.0,1.0,1.0,1.0,893916.0,0.04251640472283598,0.038666311337125336,0.046607930817067524,0.03139505892336215,0.03392007415562166,0.03139505892336215,4.450914760430655e-05,0.0003815069794654848,-0.00042283690224091225,-0.0,0.0,0.0,0.0,1.0,0.0,0.0,31.192736400008535,31.053962393704975,32.40528724490489,97.88031236773422,97.60288421734694,97.0960219423206,1267.7055210673464,1279.206902097099,1163.606925985783,1095.7040154713418,103.89453535211904,5.0541777362186,100.70984559690555,0.003697031910733901,0.16519739836686237,2743.608175493859
2024-10-04 16:30:32.367442,1.0,1.0,1.0,1.0,1.0,1.0,1.0,893917.0,0.042023444236177564,0.03839591423416136,0.04615868726430256,0.03148762440853117,0.03406277598114669,0.03203740138402003,6.040527174870175e-05,0.000403761553267638,-0.00043555380155642836,-0.0,0.0,0.0,0.0,1.0,0.0,0.0,30.84832485599667,31.17279744782123,32.97797890387371,98.65267896054524,98.59735901625457,99.59391641602758,1279.056410619974,1341.8623931043105,1502.3062312659779,1229.1790911691123,116.79841830188361,5.045606096061383,100.49618709688268,0.00412175283232725,0.1674127809801981,3273.5448598331914
2024-10-04 16:30:32.449537,1.0,1.0,1.0,1.0,1.0,1.0,1.0,893918.0,0.041461858493688546,0.038123599349151736,0.04638385292864447,0.031549183850304155,0.03445919735911931,0.03191604715477278,5.0867597262064634e-05,0.0003815069794654848,-0.0004164784525831542,-0.0,0.0,0.0,0.0,1.0,0.0,0.0,31.822293438003808,30.86736440963415,31.00277444878952,100.6263990207883,101.08188179898559,99.70331260663141,1483.852527977585,1423.092858778904,1444.7870056187187,1302.7407472849995,123.94943646857048,5.040970753533224,100.36558555078773,0.004501409967104571,0.16962528455500658,3566.8970259905236
2024-10-04 16:30:32.532730,1.0,1.0,1.0,1.0,1.0,1.0,1.0,893919.0,0.041461858493688546,0.03859888964444313,0.04643997376336176,0.0313331966781849,0.03434640099311143,0.031641298451732976,5.72260469198227e-05,0.00034653550634781527,-0.00038468620429436373,-0.0,0.0,0.0,0.0,1.0,0.0,0.0,30.79619888429592,31.52215388166289,30.88925186471845,101.75484860802851,101.28523837520511,101.89493629069236,1511.5186525842234,1489.8949405187038,1452.0888179128765,1334.3959457071905,127.31798065223305,5.027673188372832,100.08439171581799,0.0046649019741721864,0.17183158936794196,3904.394231548347
2024-10-04 16:30:32.536140,1.0,1.0,1.0,1.0,1.0,1.0,1.0,893920.0,0.041587310697157,0.03825999906698716,0.04615868726430257,0.0313331966781849,0.03445919735911931,0.03157991857152382,6.358449657758079e-05,0.00033699783186117815,-0.00039422387878100085,-0.0,0.0,0.0,0.0,1.0,0.0,0.0,31.28994478641473,31.13050731463417,32.14799056314511,103.14586024116589,103.42254781989088,102.07705307112822,1631.1432127800886,1645.9760854924157,1474.3712649505344,1429.2791982672104,136.25300026017027,5.032984245774547,100.17108571332244,0.004853971106493301,0.17403980530188898,4071.1922069656302
2024-10-04 16:30:32.618122,1.0,1.0,1.0,1.0,1.0,1.0,1.0,893921.0,0.04108320345271294,0.038123599349151736,0.04576198155144105,0.0313331966781849,0.03468368961839258,0.03130221970899244,0.00010173519452412927,0.0003179224828879039,-0.000410120002925396,-0.0,0.0,0.0,0.0,1.0,0.0,0.0,30.769158984644424,31.1664817415815,33.21195389728726,104.5862814332609,103.62884470280487,105.17927040426812,1625.6287428541534,1665.4277106551901,1871.0582858263845,1561.1290362103412,149.5978235874528,5.008847150395467,99.65174504236627,0.005242703058942384,0.17623657265926737,4985.021475585851
2024-10-04 16:30:32.621622,1.0,1.0,1.0,1.0,1.0,1.0,1.0,893922.0,0.04089256110871732,0.03859888964444313,0.04518921828443541,0.03105329154533826,0.034599675713128386,0.031178004061435775,0.00012716899315516158,0.00030202635874350875,-0.0004005823284387589,-0.0,0.0,0.0,0.0,1.0,0.0,0.0,31.922796165524673,31.00008454242226,31.12032080342624,105.84779181996238,107.06594396037794,105.11976265358959,1818.010585369792,1784.9203971539482,1772.4521726864334,1629.0465441950942,156.50673336159548,4.997883410003638,99.39667302481962,0.005612327551801763,0.1784277170957256,5079.742236884459
2024-10-04 16:30:32.703214,1.0,1.0,1.0,1.0,1.0,1.0,1.0,893923.0,0.04057283328598263,0.038733615672373205,0.04553374081900147,0.031084516582433108,0.034767500508899686,0.03120910432259612,0.00012398976832628253,0.000324280932545662,-0.000410120002925396,-0.0,0.0,0.0,0.0,1.0,0.0,0.0,30.932603474854133,31.500225745626906,31.023273822340943,107.6996073783219,106.34354357184085,107.21903568177373,1849.8706894142802,1783.907031803148,1791.4945290690118,1643.645269434603,158.07652165105245,4.993243415690017,99.29150765257324,0.0057413650156273545,0.1806165432199779,4962.940784102169
2024-10-04 16:30:32.786503,1.0,1.0,1.0,1.0,1.0,1.0,1.0,893924.0,0.04076497090344803,0.03880080326089556,0.04598908955455482,0.03142594437984583,0.034091244666417886,0.030928076150071922,0.00013034821798404061,0.0003306393822034201,-0.0004005823284387589,-0.0,0.0,0.0,0.0,1.0,0.0,0.0,31.407676901302064,31.384224054610282,31.98975439083782,108.24752287482285,109.00843660965656,107.36702435479972,1933.7378755568343,1973.9664452951981,1757.4435825185792,1719.4147668870232,165.06686702688054,5.002707187930646,99.47000181352153,0.0058382583983795505,0.18280930414884486,5249.1915415699505
2024-10-04 16:30:32.789503,1.0,1.0,1.0,1.0,1.0,1.0,1.0,893925.0,0.04012093401707996,0.03853134997827472,0.04581886408620405,0.031084516582433108,0.03445919735911931,0.03105329154533826,0.00012398976832628253,0.0003433562815189362,-0.00040376155326763796,-0.0,0.0,0.0,0.0,1.0,0.0,0.0,30.894429545701367,31.200928123726385,33.484697996881685,110.28951055636976,108.73837030629805,110.3148568899948,1944.5080333791325,1948.2627709818735,2175.026751741561,1848.1262570111417,178.4768685533215,4.974866741910327,98.88287428352187,0.006175648379766652,0.18498912217749494,6210.760466505375
2024-10-04 16:30:32.872070,1.0,1.0,1.0,1.0,1.0,1.0,1.0,893926.0,0.040315225390783915,0.03926789767914727,0.04643997376336176,0.030896693010431804,0.03445919735911931,0.03095942747707764,0.00012716899315516158,0.0003497147311766943,-0.000410120002925396,-0.0,0.0,0.0,0.0,1.0,0.0,0.0,32.019505152733984,31.231115902230485,31.361227579679067,111.15077579249888,112.59117762235877,110.52290486354167,2109.1286343208385,2101.638945430249,2082.7413549482244,1919.4739975043333,185.55287672980816,4.971809279791624,98.7838443326378,0.006560401118423652,0.18716675714589442,6084.220753273007
2024-10-04 16:30:32.875569,1.0,1.0,1.0,1.0,1.0,1.0,1.0,893927.0,0.04095620715673986,0.039400336158606504,0.04699749641733918,0.03070772063827226,0.03417650843776925,0.030517578125,8.90182952086131e-05,0.0003433562815189362,-0.0003974031036098799,-0.0,0.0,0.0,0.0,1.0,0.0,0.0,31.187584705820456,31.508886706956144,31.184944771579353,113.58212506631709,111.57653273733233,112.68156149293863,2166.6648862541024,2060.4829131134265,2097.0582663221007,1927.404903631088,186.53463332708094,4.966776695630583,98.6699399294591,0.0067004621300784115,0.18934188115500605,6124.018725590886
2024-10-04 16:30:32.957290,1.0,1.0,1.0,1.0,1.0,1.0,1.0,893928.0,0.04070102581168387,0.03893483061427055,0.04743879714519196,0.030517578125,0.03431814397393635,0.030517578125,9.855596969525022e-05,0.00037196930497884767,-0.0004419122512141865,-0.0,0.0,0.0,0.0,1.0,0.0,0.0,31.515862699370114,31.71527944981247,31.905074686029167,113.454297770752,114.61549956294753,112.98334871322093,2203.901869013271,2280.191545299319,2029.9340230278412,1986.6969998235147,191.75767176434445,4.980239922029066,98.93507103162807,0.006723846837085375,0.19152284983196993,6150.249065910627
2024-10-04 16:30:32.960791,1.0,1.0,1.0,1.0,1.0,1.0,1.0,893929.0,0.040315225390783915,0.037918079796158174,0.04782159479808185,0.030896693010431804,0.03434640099311143,0.03064447088906264,9.219752003749211e-05,0.00039422387878100085,-0.0004673460498452188,-0.0,0.0,0.0,0.0,1.0,0.0,0.0,31.129911754332504,31.29270852664366,33.74286284195512,116.07749223356471,113.80335110053409,115.51284166938066,2235.7351280239354,2202.588768265051,2452.0319007731564,2106.562883860797,204.2807898095916,4.958273892777535,98.47325229539193,0.0069805094991535295,0.19369363797145947,7172.390220355912
2024-10-04 16:30:33.041664,1.0,1.0,1.0,1.0,1.0,1.0,1.0,893930.0,0.040185802182344105,0.037780445658522906,0.04825535964135791,0.03086527796111811,0.03426156002122874,0.030990747087997286,0.0001144520938396454,0.000406940778096517,-0.00048642139881849305,-0.0,0.0,0.0,0.0,1.0,0.0,0.0,32.0947300998079,31.54068216501236,31.75084320093598,116.02355535077571,117.7737341996025,116.07020607727637,2338.4212062947254,2375.279030284928,2369.3212293797,2166.9333202055386,210.0312616204801,4.962384107559855,98.52194761875829,0.007312357494991135,0.19586549957229965,7080.891973409785
2024-10-04 16:30:33.126320,1.0,1.0,1.0,1.0,1.0,1.0,1.0,893931.0,0.040185802182344105,0.037918079796158174,0.04803896680377672,0.030517578125,0.0337192770263005,0.03127121205432006,8.90182952086131e-05,0.0004450914760430655,-0.00047688372433185594,-0.0,0.0,0.0,0.0,1.0,0.0,0.0,31.566918734809757,31.57184772633937,31.363890587333685,118.94922158568488,116.73720860905,117.56644714119652,2442.2319652906363,2295.918637776332,2341.001843855973,2163.558012206808,209.24609216874344,4.973935900142091,98.73760090040774,0.007450006567363546,0.19804211512992642,7049.402411454064
2024-10-04 16:30:33.129320,1.0,1.0,1.0,1.0,1.0,1.0,1.0,893932.0,0.040315225390783915,0.03832801689680105,0.047930404028165105,0.030612797008878905,0.03380547898296581,0.032007105962223864,7.312217106421791e-05,0.0004514499257008236,-0.0005086759726206463,-0.0,0.0,0.0,0.0,1.0,0.0,0.0,31.629853650695008,32.04965549431959,31.93213246177048,118.16516811417668,119.41850890743441,118.32918339839354,2422.2168002240082,2526.6874233719745,2266.5590903689827,2205.668506394197,212.60370408356917,4.9904999892952855,99.06968849708319,0.007417205594735113,0.2002260513741288,6952.579275520353
2024-10-04 16:30:33.211557,1.0,1.0,1.0,1.0,1.0,1.0,1.0,893933.0,0.04063698009803076,0.03839591423416136,0.04754848237172128,0.03073929670896773,0.033834164163335345,0.03182472780550264,6.358449657758079e-05,0.0004164784525831542,-0.0004991382981340092,-0.0,0.0,0.0,0.0,1.0,0.0,0.0,31.434093317353366,31.46011797411323,33.929165936782674,120.85084828224991,118.6476222805019,119.75090257577466,2482.8728218505535,2429.6160017267835,2640.367196842578,2313.1959251640187,223.28494096009806,4.984262570312577,98.92917030056444,0.007584683742290138,0.20240688997275458,7620.625582554204
2024-10-04 16:30:33.214215,1.0,1.0,1.0,1.0,1.0,1.0,1.0,893934.0,0.04139898983206045,0.03839591423416136,0.04738385931883414,0.030517578125,0.03423323297213509,0.03221857569203676,7.9480620721976e-05,0.00043237457672754936,-0.0005054967477917672,-0.0,0.0,0.0,0.0,1.0,0.0,0.0,32.20178066443413,31.813673503361123,32.19747026896872,120.0460594598798,121.7301671676589,120.74375117888786,2520.3645330330173,2585.7642032428066,2606.35674295597,2363.3364412600235,228.0688937006351,4.986865027344525,98.9534357042468,0.007859294750765503,0.20458826348872375,7814.998131341304
2024-10-04 16:30:33.295785,1.0,1.0,1.0,1.0,1.0,1.0,1.0,893935.0,0.04196141697840431,0.0387336156723732,0.04754848237172128,0.03070772063827226,0.03411968959808029,0.03224867245309928,9.53767448663712e-05,0.00043555380155642836,-0.00048642139881849305,-0.0,0.0,0.0,0.0,1.0,0.0,0.0,31.93398737926282,31.753306236757616,31.53852669806467,122.76626387165834,120.97740577552702,121.35192842500182,2646.885052441444,2499.0011486596436,2521.2886821342195,2346.9246634004044,225.3202168682428,5.013253128577429,99.46501910111627,0.007979284607352052,0.20678091457646391,7344.191145951723
2024-10-04 16:30:33.379247,1.0,1.0,1.0,1.0,1.0,1.0,1.0,893936.0,0.042023444236177564,0.03825999906698716,0.04699749641733918,0.030833830904597324,0.03394866250806731,0.032785690042080325,0.00011763131866852446,0.0004355538015564284,-0.0004609876001874607,-0.0,0.0,0.0,0.0,1.0,0.0,0.0,31.78694593971523,32.31924357063523,32.07864612317518,121.98618278255161,123.22830099561769,122.31610688437411,2601.250986105404,2710.782515170021,2452.4421454807552,2376.431970552246,227.56990148432288,5.025783751259103,99.71992585172133,0.007916667457701126,0.20897918494190632,7616.925223615183
2024-10-04 16:30:33.382246,1.0,1.0,1.0,1.0,1.0,1.0,1.0,893937.0,0.0418370865807396,0.03839591423416135,0.04671956673942695,0.03070772063827226,0.034204882463775475,0.03299216966314644,0.00012398976832628253,0.0004673460498452188,-0.0004514499257008236,-0.0,0.0,0.0,0.0,1.0,0.0,0.0,31.741027240023048,31.697544454741507,34.075022991871855,124.5250397484693,122.51405805367837,123.1460621855239,2666.0272248496203,2612.6469501186257,2788.837736071899,2473.0472992949476,237.2482343259115,5.0172353435123584,99.54072871425335,0.008012163083334451,0.21117350500600718,8188.803203500298
2024-10-04 16:30:33.464365,1.0,1.0,1.0,1.0,1.0,1.0,1.0,893938.0,0.04251640472283598,0.038733615672373205,0.04643997376336176,0.030517578125,0.033661686417184034,0.03290383705573704,0.0001367066676417987,0.00045462915052970265,-0.00042919535189867036,-0.0,0.0,0.0,0.0,1.0,0.0,0.0,32.333228572014654,32.04611910491791,32.66804756043581,123.24564581969423,124.82855647129769,124.29222522404798,2662.0775915612344,2736.4387904224754,2794.647864608949,2512.715918454982,241.88234815717863,5.001136229645307,99.19975443960898,0.008227831791691785,0.21336030848165366,8615.55487327998
2024-10-04 16:30:33.467742,1.0,1.0,1.0,1.0,1.0,1.0,1.0,893939.0,0.042332217265921304,0.039400336158606504,0.04615868726430258,0.030485772407004817,0.033690494027434716,0.033021561356871405,0.00013988589247067773,0.0004673460498452188,-0.00042919535189867036,-0.0,0.0,0.0,0.0,1.0,0.0,0.0,32.2879350380389,32.009489422811335,31.70120727567464,125.41950022150294,124.05456955489451,123.58043741453612,2785.885717130973,2638.1694318973778,2632.8305296887206,2467.9682151518823,236.6369201951404,5.021158699837139,99.59291403332861,0.008267613244738653,0.21555577894212172,7887.620212842125
2024-10-04 16:30:33.549854,1.0,1.0,1.0,1.0,1.0,1.0,1.0,893940.0,0.042023444236177564,0.040185802182344105,0.04564800383634771,0.03077084037730748,0.03360399710929144,0.032368779656366614,0.0001208105434974035,0.0004641668250163397,-0.00037196930497884767,-0.0,0.0,0.0,0.0,1.0,0.0,0.0,31.989753465508734,32.54857798834688,32.319347558953275,124.18295064744798,124.88388514301542,124.46065440307399,2700.7092010408323,2788.388968662405,2563.731665382985,2465.851005717016,235.71824619717148,5.035594858768604,99.89529011505788,0.008108347506275785,0.21775791511532477,7914.817404987418
2024-10-04 16:30:33.633131,1.0,1.0,1.0,1.0,1.0,1.0,1.0,893941.0,0.042393702000235525,0.03979500713939933,0.04564800383634772,0.030802351742838057,0.03377676944149575,0.03248844283583844,0.00011763131866852446,0.00042283690224091225,-0.0003815069794654848,-0.0,0.0,0.0,0.0,1.0,0.0,0.0,32.02337957875529,32.034258709744385,34.201914275984656,125.87098617884591,124.5091022046431,124.673686059272,2742.2655888362065,2720.2803303881988,2846.9364374096685,2548.0937875932027,243.33286335289014,5.040846093860992,99.9967820628676,0.008134942022442183,0.21996228862213288,8436.514820323302
2024-10-04 16:30:33.636136,1.0,1.0,1.0,1.0,1.0,1.0,1.0,893942.0,0.0420853800755884,0.039201510653345636,0.04547650165015325,0.030833830904597324,0.034091244666417886,0.032007105962223864,0.00012716899315516158,0.00044509147604306553,-0.0003401770566900572,-0.0,0.0,0.0,0.0,1.0,0.0,0.0,32.51032035314991,32.21967552322219,33.10767049861452,125.2972676599609,126.12576539370647,125.72084379257186,2750.6728663136314,2789.7625193489375,2901.0581312377885,2589.863156744497,247.8266089058357,5.031656974910995,99.79304284087165,0.008348111382961584,0.22216217081098052,8618.239894493847
2024-10-04 16:30:33.718152,1.0,1.0,1.0,1.0,1.0,1.0,1.0,893943.0,0.04214722489965788,0.03906839817849146,0.045590908124401384,0.03073929670896773,0.03406277598114669,0.03194642892952922,0.00013352744281291964,0.0004609876001874607,-0.0003560731808344524,-0.0,0.0,0.0,0.0,1.0,0.0,0.0,32.558047763621104,32.26213151035388,31.856615302126702,126.9772946013792,126.02021468355326,125.7693795127479,2860.6287054582835,2745.694916948872,2729.2664294042925,2554.344979625974,243.56051540219758,5.05006535893529,100.14840768376179,0.00844444016387779,0.2243698868203648,8196.34189464461
2024-10-04 16:30:33.721152,1.0,1.0,1.0,1.0,1.0,1.0,1.0,893944.0,0.04152463197171362,0.03880080326089556,0.04553374081900147,0.03105329154533826,0.034204882463775475,0.03185519667586617,0.00012716899315516158,0.00043555380155642836,-0.0003528939560055733,-0.0,0.0,0.0,0.0,1.0,0.0,0.0,32.18703311941298,32.70619487306294,32.49887557032593,126.61699502134034,126.87735192140855,126.44680515277962,2812.9807966427506,2869.346812267039,2665.940333778247,2557.209630797775,243.96021081971918,5.04684445449633,100.09645881912057,0.008326294562706903,0.22657645764588852,8462.154122503782
2024-10-04 16:30:33.803161,1.0,1.0,1.0,1.0,1.0,1.0,1.0,893945.0,0.04139898983206045,0.03880080326089556,0.044958069872003174,0.03120910432259612,0.03465570761333854,0.03203740138402003,0.00010809364418188733,0.00044509147604306553,-0.0003528939560055733,-0.0,0.0,0.0,0.0,1.0,0.0,0.0,32.22398461642765,32.28458781165814,34.306940769818894,127.84791955942539,126.66067552622398,126.74806149170885,2831.7839177278915,2826.4885127048337,2929.121360843143,2633.8445218182756,251.46535810259925,5.042932425366037,100.01919424905986,0.008323076609537834,0.22878132521689,8766.132125768934
2024-10-04 16:30:33.807161,1.0,1.0,1.0,1.0,1.0,1.0,1.0,893946.0,0.04127296521748623,0.038463691717159486,0.04501596824740669,0.03105329154533826,0.03490673815261534,0.03148762440853117,0.00011127286901076638,0.00044509147604306553,-0.0003528939560055733,-0.0,0.0,0.0,0.0,1.0,0.0,0.0,32.68391097108922,32.36457560688774,33.42481686520699,127.32192451800024,127.68212200602592,127.53934882675736,2839.8277149352693,2856.681010300346,2999.5891918621014,2668.557853404661,255.86106145520472,5.022501415914916,99.59643821076074,0.008497659202571716,0.23097687336589168,9239.766234931705
2024-10-04 16:30:33.888772,1.0,1.0,1.0,1.0,1.0,1.0,1.0,893947.0,0.04044423444177086,0.03819186010094626,0.04530435023736206,0.030928076150071922,0.03526618335153976,0.03130221970899244,0.00012716899315516158,0.00042601612706979125,-0.00036243163049221044,-0.0,0.0,0.0,0.0,1.0,0.0,0.0,32.76526964398289,32.50096687062577,32.00511707056104,128.3564611051927,127.72982190160418,127.36373418560454,2927.2439660814493,2831.6176356733754,2798.2291661196855,2622.784475069406,250.44234940703362,5.04352702257417,100.00603688481159,0.008570426635987016,0.23318145089010797,8437.029590697972
2024-10-04 16:30:33.971397,1.0,1.0,1.0,1.0,1.0,1.0,1.0,893948.0,0.04012093401707996,0.03832801689680105,0.04518921828443541,0.03130221970899244,0.03548557074494756,0.03139505892336215,0.00010491441935300831,0.00042601612706979125,-0.00036243163049221044,-0.0,0.0,0.0,0.0,1.0,0.0,0.0,32.38043348382194,32.833007026098336,32.675143981826714,128.3859755848011,128.18064604418365,127.74753945056864,2895.9555559102614,2918.4277452315036,2730.0929548427634,2617.6591276493823,249.47977764724754,5.052439387816872,100.19570967008536,0.008442239686329765,0.23539020964550186,8686.055406483156
2024-10-04 16:30:33.974897,1.0,1.0,1.0,1.0,1.0,1.0,1.0,893949.0,0.04012093401707996,0.0378493252884673,0.04547650165015325,0.03086527796111811,0.03540345978860444,0.03142594437984583,7.948062072197598e-05,0.00041012000292539613,-0.00037196930497884756,-0.0,0.0,0.0,0.0,1.0,0.0,0.0,32.392193809070044,32.514711284708405,34.409355755110695,129.0960815653762,128.16468751400515,128.28058727245326,2889.2585661307367,2906.9863199346105,2982.0439365810707,2692.6095711357466,257.26089714019815,5.039841069302023,99.94728180457103,0.008428237813331288,0.23759349194661597,9174.902801645243
2024-10-04 16:30:34.057284,1.0,1.0,1.0,1.0,1.0,1.0,1.0,893950.0,0.04044423444177086,0.037711440220720746,0.045246820880521094,0.03086527796111811,0.03543085125095238,0.03148762440853117,6.994294623533886e-05,0.00041965767741203324,-0.0003751485298077266,-0.0,0.0,0.0,0.0,1.0,0.0,0.0,32.862784179181595,32.47259857057702,33.6468236311917,128.82626441739086,128.8579246937338,128.7800005497666,2910.2864257569586,2907.447171532522,3059.6601826746723,2724.457408909996,261.1783392501111,5.023789076890995,99.61259385820495,0.008591002392850676,0.23978939623789017,9393.157943944836
2024-10-04 16:30:34.060284,1.0,1.0,1.0,1.0,1.0,1.0,1.0,893951.0,0.04089256110871732,0.03798670986099516,0.04484204885310999,0.03095942747707764,0.03534861318744721,0.031178004061435775,9.219752003749215e-05,0.0004387330263853075,-0.00037196930497884756,-0.0,0.0,0.0,0.0,1.0,0.0,0.0,32.931998134329284,32.7160075567687,32.126925897348634,129.26793729556104,128.94340529104494,128.5252669161024,2968.777173553543,2896.3533035284363,2842.746761189298,2669.2162467379167,254.84580580783768,5.044455452977828,100.01788144079484,0.00863549719967696,0.24199423486876281,8618.566890664126
2024-10-04 16:30:34.142428,1.0,1.0,1.0,1.0,1.0,1.0,1.0,893952.0,0.040185802182344105,0.03798670986099516,0.044900096837092805,0.03070772063827226,0.035512898874331005,0.030896693010431804,0.00010491441935300828,0.00040694077809651707,-0.0003815069794654847,-0.0,0.0,0.0,0.0,1.0,0.0,0.0,32.56081242157847,32.95472672848972,32.8791663404021,129.52441530195443,129.0424296659669,128.57461916262292,2950.1557155934324,2951.2022318167265,2772.631430360846,2657.5034252519044,252.91675657967681,5.059856280164766,100.3385016000487,0.008484667900672703,0.24420614139292388,8600.505901676219
2024-10-04 16:30:34.225188,1.0,1.0,1.0,1.0,1.0,1.0,1.0,893953.0,0.039925697169818586,0.03832801689680105,0.04466745228281863,0.03086527796111811,0.03504542260087845,0.03070772063827226,9.855596969525021e-05,0.00040694077809651707,-0.00034653550634781527,-0.0,0.0,0.0,0.0,1.0,0.0,0.0,32.54672570594283,32.74103069036757,34.52167879116518,129.69639282277691,129.08594126550844,129.1563765477992,2915.8161658761233,2959.348095074585,3018.1457221935584,2728.063093554969,260.1385774606928,5.049857212610395,100.14310003016298,0.008456122481168584,0.24641374039803324,9117.559095346214
2024-10-04 16:30:34.228686,1.0,1.0,1.0,1.0,1.0,1.0,1.0,893954.0,0.040315225390783915,0.038463691717159486,0.0447839256286125,0.030802351742838057,0.03473958601181881,0.030833830904597324,0.00010809364418188734,0.00041012000292539613,-0.0003497147311766943,-0.0,0.0,0.0,0.0,1.0,0.0,0.0,33.02000052891743,32.58144806775319,33.85757817007904,129.69479171090862,129.47465048890163,129.3357596813649,2951.3574762061007,2925.7256942817794,3096.458435039988,2754.0292688794684,262.9643833540025,5.043880550573067,100.00990232320474,0.008601598308647655,0.24861840313369143,9231.632513117636
2024-10-04 16:30:34.310340,1.0,1.0,1.0,1.0,1.0,1.0,1.0,893955.0,0.04057283328598263,0.03825999906698716,0.04530435023736206,0.030612797008878905,0.034091244666417886,0.03054935072925873,0.00011445209383964543,0.0003942238787810009,-0.00036243163049221044,-0.0,0.0,0.0,0.0,1.0,0.0,0.0,33.071924730506495,32.92632688678209,32.23895755350869,129.57189036191048,129.55864540805743,128.97347187959778,2983.0487471459833,2930.9950014726705,2865.580478604359,2691.370713810589,256.15676476724116,5.060237349837147,100.33190882581697,0.0086244785627898,0.2508301643238072,8730.798077971707
2024-10-04 16:30:34.313495,1.0,1.0,1.0,1.0,1.0,1.0,1.0,893956.0,0.04070102581168387,0.038666311337125336,0.044609101569099904,0.030230122003416366,0.03403428348265909,0.03120910432259612,0.00010173519452412925,0.000400582328438759,-0.00039422387878100085,-0.0,0.0,0.0,0.0,1.0,0.0,0.0,32.72251523491988,33.0407181850703,33.08048554215177,129.88579317592573,129.0449786513966,128.67922620701654,2969.1451267700418,2945.9028486059537,2790.6238135207614,2667.2893490585525,252.6363519566589,5.083875696969248,100.81976277868193,0.008435996588334766,0.25305267998328396,8472.684486469572
2024-10-04 16:30:34.395942,1.0,1.0,1.0,1.0,1.0,1.0,1.0,893957.0,0.041019754451988084,0.03913501101148131,0.0440213406934204,0.0303262434606198,0.0337192770263005,0.03148762440853117,9.219752003749214e-05,0.00037514852980772667,-0.0003878654291232428,-0.0,0.0,0.0,0.0,1.0,0.0,0.0,32.68715320836889,32.938951159989394,34.6234180854439,129.41717837822026,129.17454312993615,129.27296133308514,2903.7988302821295,2974.2615039147668,3023.872485622811,2730.7486496149363,259.6459242008964,5.064064361374091,100.43188174788261,0.008386598382101826,0.25526664502092616,9370.129689760508
2024-10-04 16:30:34.399442,1.0,1.0,1.0,1.0,1.0,1.0,1.0,893958.0,0.04139898983206046,0.03906839817849147,0.044198489661446745,0.030453933471522428,0.03406277598114669,0.03188563643118791,8.265984555085504e-05,0.00038468620429436373,-0.00039422387878100085,-0.0,0.0,0.0,0.0,1.0,0.0,0.0,33.17570781132353,32.674500840789634,34.032462124493215,129.84381347682424,129.31616448646926,129.10607432049179,2962.7637536691072,2909.4569675085313,3101.2749799161243,2754.0286704909113,261.9980006370579,5.062091524257301,100.37876821799655,0.008524759607898374,0.2574794392003096,9193.285799466505
2024-10-04 16:30:34.481325,1.0,1.0,1.0,1.0,1.0,1.0,1.0,893959.0,0.0420853800755884,0.040055960801949016,0.044198489661446745,0.030422061214259163,0.03397722680635423,0.031641298451732976,7.312217106421792e-05,0.0004005823284387589,-0.0003815069794654847,-0.0,0.0,0.0,0.0,1.0,0.0,0.0,33.19552041059555,33.10955520533892,32.32582379818412,129.35266706918244,129.60185756225974,129.22402632049858,2971.645247335123,2945.1701675953695,2870.579092972275,2693.6828826622746,255.23842326294823,5.082475706044903,100.77940627052007,0.008559882040785154,0.25970106522298414,8639.309588920625
2024-10-04 16:30:34.563888,1.0,1.0,1.0,1.0,1.0,1.0,1.0,893960.0,0.04227064309912445,0.03940033615860651,0.04443358966925188,0.03054935072925873,0.034091244666417886,0.03173314566510837,8.265984555085504e-05,0.00037196930497884756,-0.0004005823284387589,-0.0,0.0,0.0,0.0,1.0,0.0,0.0,32.83245780962599,33.13173903414225,33.27582024093196,130.21116706329457,129.1950302495497,128.70135469953215,2985.081018397498,2941.8782109718118,2805.6475577665456,2675.516243403721,252.13212995293304,5.109529513497829,101.33297224907865,0.008392338459073265,0.2619348943001194,8407.14164791194
2024-10-04 16:30:34.567330,1.0,1.0,1.0,1.0,1.0,1.0,1.0,893961.0,0.041336025552530284,0.03946638873835309,0.044725726870264354,0.030676112065162197,0.03437463478414554,0.03197678183797181,6.994294623533886e-05,0.00037196930497884767,-0.0003815069794654847,-0.0,0.0,0.0,0.0,1.0,0.0,0.0,32.82694287100263,33.13496119685215,34.727515165990305,129.47696748291608,129.8449147965706,129.71844101569752,2912.801767512733,3011.0035351352467,3043.368880223812,2750.9332947387484,258.91478089835005,5.115836518411739,101.45993916329613,0.00837391110774456,0.2641715222923414,9070.723260099448
2024-10-04 16:30:34.649981,1.0,1.0,1.0,1.0,1.0,1.0,1.0,893962.0,0.04245509769062346,0.03946638873835309,0.04513154216867338,0.031022035078891817,0.03414811083549323,0.03203740138402003,4.132992277542752e-05,0.00041647845258315413,-0.000410120002925396,-0.0,0.0,0.0,0.0,1.0,0.0,0.0,33.73566153574362,32.90548415184104,34.447020260010646,138.75742618464207,133.8631620826717,131.47141588428394,3346.451288274556,3015.160325920779,3270.2049003163147,2955.4986141767463,277.4732046344333,5.131662880697069,101.71408393120993,0.008955904782726174,0.2664137527647805,9643.724239421306
2024-10-04 16:30:34.652982,1.0,1.0,1.0,1.0,1.0,1.0,1.0,893963.0,0.04276075388833108,0.03866631133712533,0.04564800383634771,0.03064447088906264,0.03411968959808029,0.03272645658802371,2.8613023459911357e-05,0.0003815069794654847,-0.0004546291505297026,-0.0,0.0,0.0,0.0,1.0,0.0,0.0,34.423355646486144,34.7344527409897,32.99416591140988,139.97233593243382,144.94374442915083,142.95396854266158,3490.220648872778,3719.0351224920537,3292.2228733723146,3218.1369859136166,296.93370720337,5.224842025121581,103.49429446975073,0.009594032009585493,0.2686952269895359,9365.069364196055
2024-10-04 16:30:34.735546,1.0,1.0,1.0,1.0,1.0,1.0,1.0,893964.0,0.04276075388833108,0.03832801689680105,0.0459324178268601,0.030581090322992784,0.034005767111097776,0.03242866644143693,2.2254573802153277e-05,0.00037832775463660567,-0.00046098760018746065,-0.0,0.0,0.0,0.0,1.0,0.0,0.0,34.63416158237344,35.254289970765385,37.0779553679891,156.3123188521979,146.5827416579874,152.54017024217165,4082.483490656032,3753.5055591797964,4209.706097355281,3694.8940982743675,332.09428008610695,5.366306654188693,106.24585159171579,0.010065409616638816,0.2710373577624022,10111.233068948484
2024-10-04 16:30:34.818408,1.0,1.0,1.0,1.0,1.0,1.0,1.0,893965.0,0.0423322172659213,0.03853134997827472,0.04570502822314875,0.030581090322992784,0.03434640099311143,0.03251828982682399,2.2254573802153274e-05,0.00037514852980772667,-0.0004609876001874607,-0.0,0.0,0.0,0.0,1.0,0.0,0.0,38.54169863984818,36.598834643752475,37.85612254679312,163.28627813954014,163.7557647382939,155.94447819573642,4955.254308364775,4658.2664156331075,4369.240725332203,4297.776907875518,374.7419344864507,5.533973097071686,109.5173573459772,0.01049973116124713,0.27345160706211796,11473.25617740189
2024-10-04 16:30:34.822167,1.0,1.0,1.0,1.0,1.0,1.0,1.0,893966.0,0.04183708658073959,0.03812359934915173,0.04610222401715648,0.03095942747707764,0.03417650843776925,0.03191604715477278,3.469446951953614e-21,0.00035925240566333144,-0.00042919535189867036,-0.0,0.0,0.0,0.0,1.0,0.0,0.0,39.713047506411215,40.348378907719194,39.425520116612624,169.45778336332774,170.2884746329166,169.0388945657889,5259.68480281554,5439.938659815129,5209.464418433398,4897.18620951199,406.6594331860198,5.812036786591666,114.99716896454231,0.01069820110361222,0.2759866557646252,11228.973800752252
2024-10-04 16:30:34.903661,1.0,1.0,1.0,1.0,1.0,1.0,1.0,893967.0,0.0420853800755884,0.03764230828317236,0.04638385292864447,0.030896693010431804,0.03423323297213509,0.03151841915858901,6.35844965775808e-06,0.00036243163049221044,-0.0004355538015564284,-0.0,0.0,0.0,0.0,1.0,0.0,0.0,42.87735415648184,43.18228905264011,42.30766537544941,176.56160910569642,180.13536568992893,176.81685676799924,6028.998180810831,6288.368068012697,5892.253760062045,5617.884350326965,437.2563652001603,6.200267441021768,122.68968073187604,0.010609768861377556,0.27869128161542567,10932.76462064561
2024-10-04 16:30:34.907161,1.0,1.0,1.0,1.0,1.0,1.0,1.0,893968.0,0.04227064309912445,0.037503662109375,0.04615868726430257,0.030612797008878905,0.03389146168814632,0.03148762440853117,1.2716899315516157e-05,0.00034653550634781527,-0.0004355538015564284,-0.0,0.0,0.0,0.0,1.0,0.0,0.0,45.180949628796625,47.0398574133429,45.68733100686715,185.36950970653413,184.6222551341341,187.1092575499429,6694.202194417237,7004.871993153551,6879.524626623529,6360.638112214805,459.56141469998965,6.6777499633502355,132.16866748117494,0.010380231316225036,0.2816048664630107,10603.392931869017
2024-10-04 16:30:34.988653,1.0,1.0,1.0,1.0,1.0,1.0,1.0,893969.0,0.042023444236177564,0.03637547335010834,0.045932417826860104,0.031022035078891817,0.034204882463775475,0.03173314566510837,2.2254573802153277e-05,0.00032746015737454104,-0.0004514499257008236,-0.0,0.0,0.0,0.0,1.0,0.0,0.0,49.72993733956323,50.30461512986143,50.34423816861968,192.6019438817815,194.80897065103872,192.50146378359656,7748.529803457127,8034.1806394848845,7753.7094165327535,7294.125031376809,487.1397986786933,7.221246138286818,142.9851624633503,0.00996891862439446,0.2847568949333139,10802.853393948599
2024-10-04 16:30:35.072718,1.0,1.0,1.0,1.0,1.0,1.0,1.0,893970.0,0.04214722489965788,0.03637547335010834,0.04705288535396546,0.0303262434606198,0.03380547898296581,0.03218845078999174,2.2254573802153277e-05,0.0003338186070322991,-0.0004578083753585817,-0.0,0.0,0.0,0.0,1.0,0.0,0.0,53.80937759426,54.689301830686226,53.48074178712003,200.54543524068936,200.414382444291,200.63232812488977,8709.608523266996,8954.785759387589,8767.919265572795,8207.489043127396,503.3836680908097,7.860638755539559,155.6978346008612,0.009636243039805923,0.2881891671982929,10158.531894792959
2024-10-04 16:30:35.075718,1.0,1.0,1.0,1.0,1.0,1.0,1.0,893971.0,0.04336560364453033,0.0373645014732293,0.047493671422814646,0.030198013527012933,0.033459338679991214,0.03185519667586617,1.5896124144395198e-05,0.00036879008014996856,-0.0004737044995029769,-0.0,0.0,0.0,0.0,1.0,0.0,0.0,59.58313179307736,58.112340563790646,57.80047269628045,208.47157242899695,209.34394621862495,203.9180156233804,10192.829600512425,9944.765751632945,9446.34732087404,9203.75295518805,520.2705413608895,8.524664696852382,168.93012323741002,0.009168517209919127,0.2919131379149931,10503.574870486402
2024-10-04 16:30:35.157311,1.0,1.0,1.0,1.0,1.0,1.0,1.0,893972.0,0.04251640472283597,0.0373645014732293,0.048201352506762565,0.03026219641244205,0.033284918697807614,0.03182472780550264,4.6259292692714854e-21,0.0003338186070322991,-0.00047688372433185594,-0.0,0.0,0.0,0.0,1.0,0.0,0.0,62.91138193738172,62.73466478748757,63.88275768165909,211.1059191814859,209.00518255545884,211.92470789944682,10820.964941576402,10654.445317505995,10849.894646728604,10076.820082057417,525.1338026800377,9.24124505889273,183.24195302479413,0.008564582710298451,0.2959526049683397,9973.642492710569
2024-10-04 16:30:35.160811,1.0,1.0,1.0,1.0,1.0,1.0,1.0,893973.0,0.0423322172659213,0.0378493252884673,0.04830930639899937,0.030833830904597324,0.03348832035600082,0.031549183850304155,1.5896124144395198e-05,0.0003592524056633315,-0.0004609876001874607,-0.0,0.0,0.0,0.0,1.0,0.0,0.0,67.38731392822929,67.93353631611707,68.3388476892659,214.48450755513784,210.59821748641238,210.72950253791203,11700.89162061318,11462.273599710274,11782.384083807503,10917.224753587443,525.3930475952832,10.001287630794796,198.42633536906814,0.007996056637262439,0.3003268032946978,9403.479049197576
2024-10-04 16:30:35.242982,1.0,1.0,1.0,1.0,1.0,1.0,1.0,893974.0,0.042577623479846755,0.038055216156251626,0.0478760303248665,0.030581090322992784,0.03348832035600082,0.03179422973639322,-3.1792248288790367e-06,0.00034653550634781527,-0.0004705252746740978,-0.0,0.0,0.0,0.0,1.0,0.0,0.0,73.33588548011883,72.84206854665725,71.6559648442574,210.5425314076939,215.55546168930633,210.4216699798111,12516.367543557943,12779.16990673428,12051.875760376011,11688.258344987873,524.0102092028892,10.729962195424132,213.0008987309241,0.007448046640090655,0.3050222897733884,9804.378290789582
2024-10-04 16:30:35.246482,1.0,1.0,1.0,1.0,1.0,1.0,1.0,893975.0,0.04318503823719134,0.038055216156251626,0.048685259978782675,0.030612797008878905,0.0333431600699038,0.03197678183797181,-2.8613023459911357e-05,0.00033699783186117815,-0.0004737044995029769,-0.0,0.0,0.0,0.0,1.0,0.0,0.0,76.46732983284164,77.46217636505092,78.36179490987588,212.17968651216472,209.46515495543548,213.9978507015041,13056.136113384458,13049.499116903951,13505.467911389811,12413.638335998496,520.1961620809969,11.473390242444934,227.87848664922518,0.006926105388597034,0.31004574441241134,9467.65273421566
2024-10-04 16:30:35.326809,1.0,1.0,1.0,1.0,1.0,1.0,1.0,893976.0,0.04312468176012514,0.038055216156251626,0.04884549714260755,0.030358216314476834,0.033459338679991214,0.03194642892952922,-2.861302345991135e-05,0.00032746015737454104,-0.0005023175229628882,-0.0,0.0,0.0,0.0,1.0,0.0,0.0,82.70698482137756,82.11777303727692,82.05476174188176,213.509778572788,210.85710304236858,211.0382801448289,14207.649522029827,13935.720648757184,13939.532981553559,13204.188537776605,519.972828112488,12.204038562214523,242.49481069228452,0.006497687400449157,0.3153914077947835,9671.31056217761
2024-10-04 16:30:35.410270,1.0,1.0,1.0,1.0,1.0,1.0,1.0,893977.0,0.04324531047620408,0.038055216156251626,0.04879214322483564,0.030581090322992784,0.03337224263981984,0.03221857569203676,-4.7688372433185584e-05,0.0003433562815189363,-0.0005054967477917672,-0.0,0.0,0.0,0.0,1.0,0.0,0.0,86.63506703190998,87.22308713392749,87.10796523734369,213.63359130626904,209.7965008787571,210.58002336450122,14879.842598359592,14545.468783515404,14799.068120004462,13886.366402879878,515.1351575388368,12.949826687417769,257.41794039017026,0.006095036622068851,0.3210660432807179,9290.23937863013
2024-10-04 16:30:35.414270,1.0,1.0,1.0,1.0,1.0,1.0,1.0,893978.0,0.042943103346232976,0.03859888964444313,0.048685259978782675,0.03130221970899244,0.03310957989067469,0.0321582976678794,-4.132992277542751e-05,0.0003497147311766943,-0.0005023175229628882,-0.0,0.0,0.0,0.0,1.0,0.0,0.0,92.55729018349662,90.96413657117509,92.63245113064053,214.14034947591713,210.18335666593669,208.45733709160194,16027.147397077235,15172.74837462131,15485.803791490322,14669.377355543447,515.09458546431,13.676106046502783,271.95439254449207,0.005731632894015669,0.3270611267785876,9589.236749254198
2024-10-04 16:30:35.495960,1.0,1.0,1.0,1.0,1.0,1.0,1.0,893979.0,0.042577623479846755,0.03839591423416136,0.04847078642501301,0.031084516582433108,0.03310957989067469,0.032067668184708895,-1.907534897327423e-05,0.00033699783186117815,-0.0004705252746740978,-0.0,0.0,0.0,0.0,1.0,0.0,0.0,97.73296331841577,96.4311361702173,96.28788282862749,212.74402937723548,210.99636075650744,207.73791449283758,16746.463674247552,16226.068545838423,15914.63941422156,15366.436228367596,511.91640634466347,14.410285218315392,286.64573978953257,0.0054126776574574985,0.33338007286461463,9381.329082661165
2024-10-04 16:30:35.499551,1.0,1.0,1.0,1.0,1.0,1.0,1.0,893980.0,0.04214722489965788,0.03839591423416136,0.0479304040281651,0.031549183850304155,0.03337224263981984,0.0316106234096681,-2.8613023459911346e-05,0.00033699783186117815,-0.0004705252746740978,-0.0,0.0,0.0,0.0,1.0,0.0,0.0,101.78904786288481,101.88321303898132,101.59106634610326,211.31273222259998,209.6289405895715,209.417377493163,17134.141487237688,17032.93485606188,17030.975637333853,16095.99226823458,510.5220520104623,15.131217773750622,301.07495533681237,0.005119879184106236,0.34001710299115057,9537.9248208033
2024-10-04 16:30:35.581111,1.0,1.0,1.0,1.0,1.0,1.0,1.0,893981.0,0.041336025552530284,0.03757304914762413,0.0479304040281651,0.03145679951185349,0.03351727697218139,0.03197678183797181,-3.497147311766943e-05,0.00031156403323014586,-0.0004896006236473721,-0.0,0.0,0.0,0.0,1.0,0.0,0.0,105.83627638748332,107.39543329004307,106.46771782009144,209.63080089927794,208.78085402666807,210.65988114574424,17546.211915288695,17873.189064220867,17894.53657058104,16760.124984294696,506.84768305765476,15.86545183580402,315.7702198021154,0.004849584272451502,0.34697808205878833,9231.652511478236
2024-10-04 16:30:35.664374,1.0,1.0,1.0,1.0,1.0,1.0,1.0,893982.0,0.042393702000235525,0.0373645014732293,0.04688652224495428,0.031364143052817484,0.03360399710929144,0.03185519667586617,-3.4971473117669426e-05,0.00031156403323014586,-0.00045462915052970265,-0.0,0.0,0.0,0.0,1.0,0.0,0.0,110.93856899685004,112.45314890154057,110.84482096176708,208.09027981204264,210.10881455908063,209.55461502816465,18256.296832796324,18824.361658146012,18454.62990047386,17456.676500528763,504.5902096550383,16.594785042899456,330.3650727089617,0.004611774557701546,0.3542607965505059,9239.97206519339
2024-10-04 16:30:35.667873,1.0,1.0,1.0,1.0,1.0,1.0,1.0,893983.0,0.0419614169784043,0.037084613626145846,0.04671956673942695,0.030802351742838057,0.033748035476753,0.03142594437984583,-1.907534897327423e-05,0.0003306393822034201,-0.0004514499257008236,-0.0,0.0,0.0,0.0,1.0,0.0,0.0,116.39641470591762,116.74419173870471,115.96915050188632,209.2296290158208,210.09146795295572,207.29332424359816,19355.356542239173,19446.328901574412,19005.831390718784,18166.647831626033,503.1179776705586,17.31639143352406,344.8072138308094,0.004390680487644582,0.3618618800198429,9316.590750514157
2024-10-04 16:30:35.749557,1.0,1.0,1.0,1.0,1.0,1.0,1.0,893984.0,0.04245509769062346,0.03722482060496381,0.04732885772244516,0.030990747087997286,0.03337224263981984,0.03130221970899244,-3.497147311766943e-05,0.0003338186070322991,-0.0004482707008719446,-0.0,0.0,0.0,0.0,1.0,0.0,0.0,121.00414243167697,121.7591987703498,120.79599654516561,208.79985252508828,207.80803242235464,208.25914372390204,19931.383088429142,20021.002591636305,19916.768439248648,18806.878330851207,500.5881787113846,18.013511387064906,358.7628846755366,0.004183923482136508,0.36977060849980137,9583.969860584764
2024-10-04 16:30:35.753558,1.0,1.0,1.0,1.0,1.0,1.0,1.0,893985.0,0.042393702000235525,0.03673175485356617,0.04716346808075751,0.03070772063827226,0.0333431600699038,0.031178004061435775,3.179224828879041e-06,0.0003306393822034201,-0.0004673460498452188,-0.0,0.0,0.0,0.0,1.0,0.0,0.0,127.12985179734817,126.13373093612151,124.79128344166384,208.2557080555724,210.26382601249134,205.61224372600992,21038.77752343709,20968.42959380817,20065.833320501333,19490.468124860894,498.6888310590428,18.735973021884973,373.21922835035826,0.004003614025246428,0.37799801904476926,9183.936414602831
2024-10-04 16:30:35.835102,1.0,1.0,1.0,1.0,1.0,1.0,1.0,893986.0,0.04282162331969714,0.0373645014732293,0.04738385931883414,0.030928076150071922,0.033226575237181734,0.0316106234096681,-3.179224828879035e-06,0.0003528939560055733,-0.00048006294916073494,-0.0,0.0,0.0,0.0,1.0,0.0,0.0,130.91144835827023,130.3131740270747,131.450151068433,208.9810133905598,206.67612806304484,206.69156663686974,21652.967633848122,21070.415212840035,21438.390267317583,20134.80954570872,496.7012269503865,19.429396445110036,387.1004491478954,0.0038279103483930895,0.38653143339042956,9535.6038199609
2024-10-04 16:30:35.839102,1.0,1.0,1.0,1.0,1.0,1.0,1.0,893987.0,0.04251640472283598,0.037780445658522906,0.04705288535396546,0.030928076150071922,0.032933307582966455,0.0313331966781849,2.543379863103232e-05,0.00033699783186117815,-0.0004514499257008236,-0.0,0.0,0.0,0.0,1.0,0.0,0.0,135.68507707992424,135.99312608822538,135.5637558731593,207.71213268903634,207.4744631819233,205.85765018952566,22237.555225356533,22111.375598771658,21927.684421416634,20785.13634127615,494.5347616541449,20.14158911932567,401.35385190979906,0.0036688527105745382,0.3953790560814189,9176.683798485994
2024-10-04 16:30:35.920264,1.0,1.0,1.0,1.0,1.0,1.0,1.0,893988.0,0.042577623479846755,0.03666077555081008,0.04716346808075752,0.030198013527012933,0.032785690042080325,0.03127121205432006,4.4509147604306555e-05,0.000324280932545662,-0.0004514499257008236,-0.0,0.0,0.0,0.0,1.0,0.0,0.0,141.10171100739925,141.29375188215218,139.38404727408,206.01462548092772,207.28873102653588,205.9026648819247,22790.52082224125,23101.104928586778,22387.830122056734,21397.041462933314,491.38233480360793,20.864376666203388,415.8201882933956,0.0035163883737035456,0.4045455811211311,8911.877370850654
2024-10-04 16:30:36.003264,1.0,1.0,1.0,1.0,1.0,1.0,1.0,893989.0,0.04269979768643891,0.03715478325109878,0.04754848237172128,0.030198013527012933,0.03251828982682399,0.03120910432259612,4.76883724331856e-05,0.0003433562815189362,-0.0004482707008719446,-0.0,0.0,0.0,0.0,1.0,0.0,0.0,144.8570283072242,145.520928980045,146.12051258042735,207.51610609676214,203.8941821457317,206.55141500475423,23502.788085862678,23102.125535858493,23778.161310938463,22038.633420948914,489.49711019997983,21.569758463075722,429.93807826582895,0.0033776247383108414,0.41402332720201335,9093.059964996122
2024-10-04 16:30:36.011263,1.0,1.0,1.0,1.0,1.0,1.0,1.0,893990.0,0.04263875434188018,0.036873303566316074,0.04699749641733918,0.030198013527012933,0.03233879467572394,0.0313331966781849,6.358449657758079e-05,0.00032746015737454104,-0.0004482707008719446,-0.0,0.0,0.0,0.0,1.0,0.0,0.0,151.11335755184297,150.26852625697148,149.78624034376818,207.30258739783497,204.69560570230288,204.5796631638034,24534.56559025755,23996.597924810678,24008.59958995393,22695.97370856416,488.00507146561114,22.278224923847024,444.11543427038663,0.0032521985290729664,0.4238136052197072,9003.11923967563
2024-10-04 16:30:36.088763,1.0,1.0,1.0,1.0,1.0,1.0,1.0,893991.0,0.04269979768643891,0.03694387454679471,0.04710820916537822,0.03013369393635788,0.03221857569203676,0.031240173622796498,7.630139589309694e-05,0.0003083848084012668,-0.00043237457672754936,-0.0,0.0,0.0,0.0,1.0,0.0,0.0,155.23198095433654,155.22817602879806,155.14629595479644,207.40709404024872,203.31583620850114,204.6905755795991,25172.31572058518,24492.52924576234,25008.470429724042,23344.15686327007,486.8070322623296,22.968230015906236,457.9232892141023,0.003137619013359601,0.43390826972860475,9227.163758765962
2024-10-04 16:30:36.096763,1.0,1.0,1.0,1.0,1.0,1.0,1.0,893992.0,0.04189929789626443,0.036873303566316074,0.04710820916537822,0.03026219641244205,0.032308781866774994,0.03157991857152382,9.855596969525021e-05,0.00029566790908575063,-0.00048006294916073494,-0.0,0.0,0.0,0.0,1.0,0.0,0.0,161.06476188116844,159.22372691942076,160.09738918834967,207.03200598555796,203.27235331488805,203.63825433481526,26150.315029306355,25138.07318348553,25471.49099458097,23973.566132590877,484.8362150962373,23.680684941338164,472.1815039478765,0.0030239726647153333,0.44431724866007793,8841.864514395354
2024-10-04 16:30:36.173763,1.0,1.0,1.0,1.0,1.0,1.0,1.0,893993.0,0.04251640472283598,0.03722482060496381,0.04666378216223113,0.030802351742838057,0.03188563643118791,0.0321582976678794,0.00010491441935300831,0.0002988471339146297,-0.00048642139881849305,-0.0,0.0,0.0,0.0,1.0,0.0,0.0,166.06125005848125,164.74046125271576,164.210947995069,205.8916951616724,203.6447642908335,203.40379121822076,26716.806763767083,26172.62072176753,26040.67396366938,24628.556347877213,483.98730750605836,24.36787724704587,485.93296847143495,0.0029230623066586357,0.4550293709872705,9177.18585304154
2024-10-04 16:30:36.256764,1.0,1.0,1.0,1.0,1.0,1.0,1.0,893994.0,0.04245509769062346,0.03715478325109878,0.046775284787538986,0.030802351742838057,0.032815266674204355,0.0321582976678794,0.00012716899315516158,0.00030520558357238775,-0.00047688372433185594,-0.0,0.0,0.0,0.0,1.0,0.0,0.0,169.87767336278534,170.08974952651874,169.05968054950864,204.8965176508585,202.45572848267545,203.12381230743813,27301.03135959332,26970.252229507456,26997.3418159232,25341.956834991877,483.7941454132509,25.081696799421408,500.2083306897244,0.0028419235550616825,0.4660561857438084,8811.804040731178
2024-10-04 16:30:36.264764,1.0,1.0,1.0,1.0,1.0,1.0,1.0,893995.0,0.04189929789626443,0.03743414645719283,0.04564800383634771,0.031178004061435775,0.032815266674204355,0.03233879467572394,0.00010491441935300831,0.00032746015737454104,-0.0004419122512141865,-0.0,0.0,0.0,0.0,1.0,0.0,0.0,172.77190436161473,174.11396887114518,173.30473871109967,201.1450710213904,199.0626134266058,201.89391311478113,27716.096683654367,27841.61342201693,28182.81022129783,26118.98906506627,482.42836781584305,25.922901188785467,517.0051964923374,0.0028022081185892773,0.47745327807537286,6989.497349308078
2024-10-04 16:30:36.342264,1.0,1.0,1.0,1.0,1.0,1.0,1.0,893996.0,0.04152463197171362,0.036873303566316074,0.04570502822314875,0.031240173622796498,0.032785690042080325,0.03203740138402003,0.00011763131866852446,0.000324280932545662,-0.00043237457672754936,-0.0,0.0,0.0,0.0,1.0,0.0,0.0,176.39204461374652,177.83221676852094,175.9410551423759,197.48760189310747,196.71097802807748,198.25287183357582,28312.62791091719,28715.654604746815,28531.269210485116,26685.69411982959,478.9092692484629,26.678678472304355,532.104146032605,0.002753928413297458,0.4891832183612472,8057.687737847494
2024-10-04 16:30:36.352263,1.0,1.0,1.0,1.0,1.0,1.0,1.0,893997.0,0.041587310697157,0.03637547335010834,0.04666378216223113,0.030928076150071922,0.03290383705573704,0.03272645658802371,0.00011445209383964543,0.0003306393822034201,-0.00046416682501633976,-0.0,0.0,0.0,0.0,1.0,0.0,0.0,180.08732831275182,180.10871204316456,179.24764375027803,195.59454907597456,194.35615506477123,194.29967347677052,29349.23142127322,29233.069235730818,29043.83369642972,27334.965026150818,477.8538576681598,27.387279810512315,546.2542239653282,0.0027227462077955055,0.501225089253994,8698.001255434967
2024-10-04 16:30:36.427763,1.0,1.0,1.0,1.0,1.0,1.0,1.0,893998.0,0.04114655461363215,0.03701431097784901,0.04716346808075751,0.030928076150071922,0.032933307582966455,0.032667115729434024,9.855596969525022e-05,0.00031474325805902487,-0.0004578083753585817,-0.0,0.0,0.0,0.0,1.0,0.0,0.0,182.1940759129927,183.07641991985489,182.09507823041574,193.1743278346704,191.187516454833,192.41454360534806,29862.326360249717,29779.823156268678,29899.01765747469,27939.029852110732,476.4077537525373,28.07686587339244,560.0204452337924,0.0027012848244819024,0.5135704288467033,8922.812718056328
2024-10-04 16:30:36.510763,1.0,1.0,1.0,1.0,1.0,1.0,1.0,893999.0,0.04139898983206045,0.03694387454679471,0.04716346808075751,0.031084516582433108,0.032815266674204355,0.03299216966314644,5.722604691982271e-05,0.00029566790908575063,-0.0005150344222784043,-0.0,0.0,0.0,0.0,1.0,0.0,0.0,185.79495396691723,185.36465201375424,183.4948749991417,190.49892229641785,190.85659479189093,189.06673671714245,30785.03605677706,30789.69783674853,30015.02896138207,28588.56118477405,475.4506005518774,28.787127587657807,574.193511144225,0.0026905091593703344,0.5262282058034827,8607.628508758427
2024-10-04 16:30:36.514763,1.0,1.0,1.0,1.0,1.0,1.0,1.0,894000.0,0.04127296521748624,0.03743414645719283,0.047657915157139484,0.030990747087997286,0.03245856839932655,0.033021561356871405,5.0867597262064634e-05,0.00031156403323014586,-0.0005531851202249528,-0.0,0.0,0.0,0.0,1.0,0.0,0.0,187.13958073573866,186.6728115075373,187.09806501152715,189.1952766167708,187.03480983659372,187.98485650971583,31407.56683906429,30888.719861181653,31153.267153616325,29180.122258086365,473.6712519307912,29.49298234861391,588.2764485034253,0.0026840257287974916,0.5391964332904916,8610.878114839032
2024-10-04 16:30:36.595863,1.0,1.0,1.0,1.0,1.0,1.0,1.0,894001.0,0.04164989509779679,0.037084613626145846,0.047603230210664246,0.031022035078891817,0.032007105962223864,0.03299216966314644,6.040527174870175e-05,0.00031156403323014586,-0.0005468266705671948,-0.0,0.0,0.0,0.0,1.0,0.0,0.0,189.10638140700522,188.79837179434173,188.5604785286584,186.65771010058438,186.875485465904,185.78592360129008,32025.007961301773,31879.783946839085,31566.6965827555,29827.13265919109,472.97863883395536,30.191226585106193,602.2008451803898,0.0026890039017743177,0.5524716163664682,8707.053739945786
2024-10-04 16:30:36.598860,1.0,1.0,1.0,1.0,1.0,1.0,1.0,894002.0,0.041712385598201944,0.03701431097784901,0.047218662327942335,0.030896693010431804,0.03194642892952922,0.03310957989067469,5.722604691982271e-05,0.00031474325805902487,-0.0005245720967650415,-0.0,0.0,0.0,0.0,1.0,0.0,0.0,190.40361056718956,191.44532972294004,189.19574273891084,184.82875863705112,186.05185983571235,184.39890228326792,32478.73072364291,32860.526219218475,32110.085672476172,30463.367153995623,471.85632627838567,30.90896289306696,616.5091188695305,0.002701706617570267,0.566062217386881,8400.94010239192
2024-10-04 16:30:36.680991,1.0,1.0,1.0,1.0,1.0,1.0,1.0,894003.0,0.04152463197171362,0.036802597262395625,0.04732885772244516,0.030612797008878905,0.03218845078999174,0.03305092691301418,4.4509147604306555e-05,0.00030520558357238775,-0.0005372889960805577,-0.0,0.0,0.0,0.0,1.0,0.0,0.0,191.3573158660412,191.39472925933967,191.98971018434003,185.45554117692737,182.89493758231282,183.6110046348924,33389.87603649434,32805.88249935015,33185.76475200694,31088.10213719131,473.09415192603024,31.460919187829894,627.5061874685766,0.0027211479070255724,0.5798952426750772,10818.82977893014
2024-10-04 16:30:36.683992,1.0,1.0,1.0,1.0,1.0,1.0,1.0,894004.0,0.04095620715673985,0.036873303566316074,0.04581886408620405,0.030802351742838057,0.03182472780550264,0.03337224263981984,4.132992277542751e-05,0.00032746015737454104,-0.0005341097712516786,-0.0,0.0,0.0,0.0,1.0,0.0,0.0,193.00654552109248,192.7930256755914,192.18099355386067,184.45633453543084,183.63833477454543,183.00176789257375,33969.1364520716,33717.731910574264,33480.42851721598,31663.753543274303,472.0248856269075,32.11667584690582,640.5733739943754,0.0027402321338161977,0.5940163268306865,9311.060320466973
2024-10-04 16:30:36.767178,1.0,1.0,1.0,1.0,1.0,1.0,1.0,894005.0,0.04101975445198809,0.03764230828317236,0.04643997376336176,0.030453933471522428,0.03191604715477278,0.03308026640118225,2.861302345991136e-05,0.0003401770566900572,-0.0005563643450538319,-0.0,0.0,0.0,0.0,1.0,0.0,0.0,194.78589054310993,194.0241435502206,194.29508075536268,186.96957849392342,184.94509914801694,184.9832959141453,34631.00545870425,34006.4590892472,34109.36297376452,32152.92594363201,470.292883839755,32.73274604591693,652.8651325126557,0.0027339417279140057,0.6084083759740766,9803.530838929508
2024-10-04 16:30:36.849813,1.0,1.0,1.0,1.0,1.0,1.0,1.0,894006.0,0.04183708658073959,0.037780445658522906,0.04615868726430257,0.030453933471522428,0.03167194378429309,0.033459338679991214,4.132992277542751e-05,0.0003401770566900572,-0.0005500058953960738,-0.0,0.0,0.0,0.0,1.0,0.0,0.0,197.27422740304814,195.70122292396044,195.55829133632704,189.88085321880553,188.16121681008244,187.0732881307997,35561.77312355398,34847.80253719686,34610.11200524921,32867.084932952814,470.49083851484653,33.44603164867011,667.0853420159249,0.002743660259542627,0.6231139017358499,8450.831613857166
2024-10-04 16:30:36.853008,1.0,1.0,1.0,1.0,1.0,1.0,1.0,894007.0,0.04189929789626443,0.03839591423416136,0.04598908955455482,0.03086527796111811,0.03182472780550264,0.03299216966314644,2.2254573802153277e-05,0.00036879008014996856,-0.000565902019540469,-0.0,0.0,0.0,0.0,1.0,0.0,0.0,198.51486722846923,198.18630930271274,197.11689069495733,191.7532582430649,190.9889699914635,189.54278532645722,36042.226113301345,35743.23496776848,35264.807164066224,33502.57354323274,470.37751397158,34.10105451987659,680.1473319612054,0.0027473614272459567,0.6381073718093058,9282.34863248505
2024-10-04 16:30:36.934598,1.0,1.0,1.0,1.0,1.0,1.0,1.0,894008.0,0.04282162331969714,0.038123599349151736,0.04541919034616077,0.030612797008878905,0.03218845078999174,0.03284481667269478,4.132992277542751e-05,0.00037514852980772667,-0.0005849773685137433,-0.0,0.0,0.0,0.0,1.0,0.0,0.0,199.65340757236547,199.81012724732784,199.9424892039845,194.0809813741279,192.88717005310195,192.85883973539396,36599.929985753464,36306.45110038974,36360.045477872845,34197.06514425312,470.5118715806444,34.79819146323436,694.0481997182411,0.002752484347455166,0.6534072787897612,8702.217153023177
2024-10-04 16:30:36.938308,1.0,1.0,1.0,1.0,1.0,1.0,1.0,894009.0,0.04245509769062346,0.03764230828317236,0.04518921828443541,0.0303262434606198,0.03248844283583844,0.032667115729434024,7.948062072197598e-05,0.00037514852980772667,-0.0005245720967650415,-0.0,0.0,0.0,0.0,1.0,0.0,0.0,201.13951021328114,201.65716525024638,201.91555772083265,196.097815607886,194.67266236551527,195.48306375761885,37174.5696299929,36915.809890491975,37163.40706275101,34818.26660709428,469.7428779534827,35.48835498393897,707.8126567308112,0.002753639819107754,0.6690106155781382,8779.747423890032
2024-10-04 16:30:37.020659,1.0,1.0,1.0,1.0,1.0,1.0,1.0,894010.0,0.04251640472283598,0.03764230828317236,0.045246820880521094,0.030453933471522428,0.03337224263981984,0.032368779656366614,8.583907037973405e-05,0.00037196930497884767,-0.00048642139881849305,-0.0,0.0,0.0,0.0,1.0,0.0,0.0,203.09622141467534,203.8210873917086,203.30599356574658,198.27682827084712,197.5713397906189,197.05528851533765,37919.16251707158,37812.54890522698,37655.71563380518,35486.16928050567,469.79667980277145,36.16505963359198,721.3076841785196,0.0027561249912447083,0.6849114427493624,8985.908179357017
2024-10-04 16:30:37.103325,1.0,1.0,1.0,1.0,1.0,1.0,1.0,894011.0,0.04251640472283598,0.03764230828317236,0.044725726870264354,0.03086527796111811,0.034091244666417886,0.0321582976678794,6.040527174870175e-05,0.0003497147311766943,-0.0004927798484762511,-0.0,0.0,0.0,0.0,1.0,0.0,0.0,205.5470649222917,205.3068602211651,204.91592392447888,200.54300311990653,199.40228934366746,198.3922799794309,38787.10435949886,38391.27513288964,38126.87910672746,36083.492892488466,468.54243373760283,36.872107676656306,735.4125275761447,0.0027522510711618753,0.7011232033572632,8511.637466638955
2024-10-04 16:30:37.106316,1.0,1.0,1.0,1.0,1.0,1.0,1.0,894012.0,0.04245509769062346,0.0378493252884673,0.04518921828443541,0.031022035078891817,0.03434640099311143,0.032067668184708895,6.040527174870175e-05,0.0003687900801499686,-0.000483242173989614,-0.0,0.0,0.0,0.0,1.0,0.0,0.0,206.80193254735656,207.0304873231765,207.38159180291916,202.4639306021754,200.97098248828073,201.1554830120097,39349.43500528891,38958.107490737,39119.45000614444,36747.60641008057,469.0120383351437,37.51320637470998,748.1978365912022,0.0027540846313666633,0.7176168089994515,9484.566079638815
2024-10-04 16:30:37.188395,1.0,1.0,1.0,1.0,1.0,1.0,1.0,894013.0,0.042393702000235525,0.03729472643293347,0.04536180663361167,0.031115710284795706,0.0344028454042274,0.03188563643118791,3.4971473117669426e-05,0.0003497147311766943,-0.0004737044995029769,-0.0,0.0,0.0,0.0,1.0,0.0,0.0,208.73298776101177,209.87770225506412,208.0869196930326,203.51500500126298,204.02256254330288,202.4882220084052,39871.21173551045,40124.30766797096,39441.80252031015,37375.25699399682,468.1369781346112,38.22518476553476,762.3995340373307,0.002752323221288513,0.7344234831720078,8449.127614527013
2024-10-04 16:30:37.191895,1.0,1.0,1.0,1.0,1.0,1.0,1.0,894014.0,0.04251640472283598,0.03687330356631608,0.04688652224495428,0.031022035078891817,0.03431814397393635,0.03151841915858901,3.497147311766943e-05,0.00030838480840126686,-0.0004896006236473721,-0.0,0.0,0.0,0.0,1.0,0.0,0.0,210.93440450775705,210.88022818523112,210.32642352588618,206.18970451573801,205.29530692748892,204.07499343845768,40830.10863891752,40498.08385761566,40168.45583694195,38018.915310374134,467.5693059970391,38.93066514299239,776.470768080294,0.0027517315356470353,0.7515403498816889,8530.934766017766
2024-10-04 16:30:37.274310,1.0,1.0,1.0,1.0,1.0,1.0,1.0,894015.0,0.04227064309912445,0.03722482060496381,0.04666378216223113,0.031364143052817484,0.03445919735911931,0.03185519667586617,7.312217106421791e-05,0.0002829510097702345,-0.0004959590733051301,-0.0,0.0,0.0,0.0,1.0,0.0,0.0,213.22466577161967,212.51322682762856,211.52278933538594,208.16259619364595,207.05811901516967,205.09324728690964,41670.69649882681,41149.98648606049,40555.7174139753,38605.646755620706,466.1127381643756,39.65490969482086,790.9176054634879,0.002749455804729722,0.7689756890954619,8215.506141223652
2024-10-04 16:30:37.278057,1.0,1.0,1.0,1.0,1.0,1.0,1.0,894016.0,0.041461858493688546,0.036873303566316074,0.04716346808075751,0.03120910432259612,0.0344028454042274,0.03157991857152382,5.72260469198227e-05,0.00026069643596808123,-0.00048006294916073494,-0.0,0.0,0.0,0.0,1.0,0.0,0.0,213.5345206778348,214.70712613815834,214.08612808291124,209.07471727576495,208.09835270147448,208.01973600971968,41851.63620015856,41763.344717685235,41690.18191451386,39208.48220768193,465.45449341297376,40.33104651967461,804.4039332901979,0.0027484993505100972,0.7867083269137702,8885.807739272463
2024-10-04 16:30:37.358886,1.0,1.0,1.0,1.0,1.0,1.0,1.0,894017.0,0.04164989509779679,0.03601566753881429,0.04649602686012361,0.03070772063827226,0.034711649066398086,0.031146872746571578,4.768837243318558e-05,0.00021300806353489565,-0.0004514499257008236,-0.0,0.0,0.0,0.0,1.0,0.0,0.0,216.39711394499568,215.79346036520658,215.20604844279276,211.42818463610456,209.74036674640777,208.53634749061132,42939.30850549305,42293.34822531085,41958.25468748995,39797.247421203196,464.4110512170513,41.02855127829954,818.3175613849111,0.0027462146613394713,0.8047476829336332,8549.432485742269
2024-10-04 16:30:37.442241,1.0,1.0,1.0,1.0,1.0,1.0,1.0,894018.0,0.041019754451988084,0.03587073468713995,0.047108209165378216,0.030896693010431804,0.034515457310635475,0.030833830904597324,6.358449657758077e-06,0.00021618728836377468,-0.00043237457672754936,-0.0,0.0,0.0,0.0,1.0,0.0,0.0,217.73870563427676,217.4253261266414,217.21810695238273,212.93724783113407,211.1754644053479,210.42588070254786,43515.33762156903,42908.54623570135,42766.160514064,40423.39181004554,463.59448600175756,41.74750286738184,832.6564897605097,0.0027469518289668787,0.8231031326634649,8224.534485929098
2024-10-04 16:30:37.445769,1.0,1.0,1.0,1.0,1.0,1.0,1.0,894019.0,0.0419614169784043,0.03673175485356617,0.04716346808075751,0.031022035078891817,0.03454355292563407,0.03073929670896773,-1.2716899315516158e-05,0.00023208341250816988,-0.0004419122512141865,-0.0,0.0,0.0,0.0,1.0,0.0,0.0,219.90097804966177,219.27436137384487,217.92462896365282,214.34780057594594,213.38053283091753,211.06952546938146,44268.41024369523,43764.31212219568,43009.887619735244,41003.079694042375,462.6743423426684,42.430373575994814,846.2768152115802,0.002746448018118259,0.841758834901018,8711.631878278346
2024-10-04 16:30:37.527929,1.0,1.0,1.0,1.0,1.0,1.0,1.0,894020.0,0.04312468176012515,0.03666077555081008,0.04716346808075751,0.031240173622796498,0.03448733880714076,0.03086527796111811,1.9075348973274234e-05,0.00021300806353489562,-0.0004387330263853075,-0.0,0.0,0.0,0.0,1.0,0.0,0.0,220.611283565507,221.48787991845435,219.58210390541225,215.11867654736818,214.7728807631072,213.45361886504793,44532.120132604716,44543.9356096217,43874.51254480353,41601.33305748636,461.639016741229,43.14607012265844,860.5500256954211,0.0027480796640414365,0.860729182134126,8214.814593613006
2024-10-04 16:30:37.531429,1.0,1.0,1.0,1.0,1.0,1.0,1.0,894021.0,0.043962132407454745,0.03729472643293347,0.04705288535396546,0.030612797008878905,0.03437463478414554,0.03077084037730748,1.5896124144395198e-05,0.00025751721113920217,-0.00042283690224091225,-0.0,0.0,0.0,0.0,1.0,0.0,0.0,222.3208647539301,222.26930525970292,221.529614865533,217.0832167233415,215.7072670603335,214.75093462827877,45339.33184497241,44889.65670077034,44555.522477205544,42176.17612018224,460.2703055039029,43.872377346227154,875.0354081033942,0.002749040474958818,0.880018851574983,8019.56408767821
2024-10-04 16:30:37.613098,1.0,1.0,1.0,1.0,1.0,1.0,1.0,894022.0,0.04390284427203976,0.0373645014732293,0.046496026860123614,0.030833830904597324,0.03403428348265909,0.03039015553037446,2.5433798631032317e-05,0.0002670548856258393,-0.000400582328438759,-0.0,0.0,0.0,0.0,1.0,0.0,0.0,224.3419522770235,223.33826343988883,222.54229713658498,218.98154672449644,217.3667915997095,215.77213233162317,46213.07716580583,45489.24758231085,44980.73231649529,42773.77871682778,459.6629289484465,44.55302876005489,888.6065708725747,0.002754026378026413,0.8996076897595519,8659.150214782292
2024-10-04 16:30:37.696011,1.0,1.0,1.0,1.0,1.0,1.0,1.0,894023.0,0.044316195568033935,0.03839591423416136,0.04604569153235156,0.030833830904597324,0.034005767111097776,0.0300692367632191,4.132992277542751e-05,0.00027977178494135546,-0.00037514852980772667,-0.0,0.0,0.0,0.0,1.0,0.0,0.0,225.70434851338146,224.56663759776055,223.74814807056933,220.39662880934787,218.550492298058,217.2802652029443,46821.32141405052,46037.1428379599,45571.76779151416,43323.57349371486,458.57633599912873,45.232804526355324,902.1609271102251,0.0027581347685700142,0.9194953261971817,8638.03683523803
2024-10-04 16:30:37.699511,1.0,1.0,1.0,1.0,1.0,1.0,1.0,894024.0,0.044139519001880914,0.0387336156723732,0.045590908124401384,0.031084516582433108,0.03414811083549323,0.030036956306502573,1.9075348973274234e-05,0.00029566790908575063,-0.0003560731808344524,-0.0,0.0,0.0,0.0,1.0,0.0,0.0,226.42752085806953,225.98709451945194,225.3563639016494,221.3926275175144,219.9392341107428,219.3254199956087,47203.41882134798,46681.85871135053,46396.382136239576,43907.58776499872,457.52433874637995,45.94825763613761,916.4246410831272,0.002764535338579471,0.9396973982850586,8100.12079297146
2024-10-04 16:30:37.781398,1.0,1.0,1.0,1.0,1.0,1.0,1.0,894025.0,0.044198489661446745,0.037918079796158174,0.04541919034616077,0.03167194378429309,0.03431814397393635,0.0303262434606198,-3.179224828879039e-05,0.0003083848084012668,-0.000324280932545662,-0.0,0.0,0.0,0.0,1.0,0.0,0.0,227.24978554465636,227.7071834511906,226.17937405301413,222.31614914841106,221.7253545719759,220.92796407763535,47594.390916266064,47495.46768897347,46941.67654452995,44460.37548801277,456.50237313893314,46.631237871376435,930.0396598576388,0.0027718517542044577,0.9601996058979203,8533.099368520623
2024-10-04 16:30:37.784398,1.0,1.0,1.0,1.0,1.0,1.0,1.0,894026.0,0.04495806987200317,0.03798670986099515,0.044958069872003174,0.03173314566510837,0.03493451908670038,0.030198013527012933,-3.1792248288790396e-05,0.00029566790908575063,-0.0003433562815189362,-0.0,0.0,0.0,0.0,1.0,0.0,0.0,229.01717743070398,228.16362387889285,227.05960430725884,224.45225234348663,223.29140047101995,222.10406748278763,48510.5248989059,47986.251596977076,47419.40888391605,45058.5497134748,455.7967722127782,47.33235016240643,944.0116322855836,0.0027839003910670166,0.9810098178807491,8260.91772493206
2024-10-04 16:30:37.866943,1.0,1.0,1.0,1.0,1.0,1.0,1.0,894027.0,0.04495806987200317,0.03839591423416135,0.04501596824740669,0.032007105962223864,0.034851109849295854,0.03064447088906264,-2.2254573802153277e-05,0.000321101707716783,-0.0003306393822034201,-0.0,0.0,0.0,0.0,1.0,0.0,0.0,229.12131975698998,228.71737907451484,228.65983930262394,223.75293372740384,222.0901827721363,222.59136361722506,48322.11229958105,47807.136809722506,47874.504416820404,45075.211939671804,449.6070434930572,48.00087000822667,957.3617088440077,0.002766294985976768,1.0021143248845992,8461.568517907777
2024-10-04 16:30:37.870147,1.0,1.0,1.0,1.0,1.0,1.0,1.0,894028.0,0.04536180663361167,0.038733615672373205,0.044550674429986614,0.032067668184708895,0.03437463478414554,0.030802351742838057,-1.9075348973274234e-05,0.0003338186070322991,-0.00031474325805902487,-0.0,0.0,0.0,0.0,1.0,0.0,0.0,229.98450673577227,229.00530613898314,228.40604269131583,215.39573367694695,214.3882600848102,213.86963438542747,45787.667942337175,45354.59264411381,44965.44408336418,42485.915886118855,419.3711661075066,48.49731011979828,967.4260995800869,0.0025981882393616715,1.023440695790898,9576.49555746628
2024-10-04 16:30:37.952103,1.0,1.0,1.0,1.0,1.0,1.0,1.0,894029.0,0.044667452282818626,0.03866631133712533,0.044958069872003174,0.03182472780550264,0.03397722680635423,0.030833830904597324,-3.497147311766944e-05,0.0003306393822034201,-0.0003433562815189362,-0.0,0.0,0.0,0.0,1.0,0.0,0.0,229.3430457124884,229.24861258815992,229.49401896680004,204.98494083448534,203.69624796800366,204.5457230290034,41606.0831763428,41285.241344260285,41396.11018672662,38601.186401111336,377.1453248912304,48.98425213966538,977.379681435055,0.0023531658212107304,1.0449864878794217,7918.264202404575
2024-10-04 16:30:38.034981,1.0,1.0,1.0,1.0,1.0,1.0,1.0,894030.0,0.04330549882888885,0.03825999906698716,0.04425738174574523,0.03170255949350469,0.033661686417184034,0.030928076150071922,-9.219752003749215e-05,0.00036243163049221044,-0.0003497147311766943,-0.0,0.0,0.0,0.0,1.0,0.0,0.0,230.06688619111713,228.8588581590168,229.3273634641633,194.55359565220465,192.9684446998809,193.16385112131087,37167.186952977674,36546.17506850036,36547.85880461715,33986.20812790471,330.61644481989657,49.18342939267629,981.634115045774,0.0020682502550895764,1.0666260665933196,10085.865934679878
2024-10-04 16:30:38.038482,1.0,1.0,1.0,1.0,1.0,1.0,1.0,894031.0,0.043124681760125134,0.038055216156251626,0.04478392562861249,0.03203740138402003,0.033834164163335345,0.031178004061435775,-9.53767448663712e-05,0.0003560731808344524,-0.0003497147311766943,-0.0,0.0,0.0,0.0,1.0,0.0,0.0,229.90744058876172,229.31496692395123,228.70387967566805,182.72950542965413,182.37278339310228,182.13398765172536,32000.211133094723,31847.697957375512,31483.080869705573,29070.268211428905,281.04269128430406,49.47512117461951,987.7524717073821,0.0017685169267516263,1.0884005210807357,6714.21779762986
2024-10-04 16:30:38.120193,1.0,1.0,1.0,1.0,1.0,1.0,1.0,894032.0,0.04276075388833108,0.03832801689680105,0.04478392562861249,0.03218845078999174,0.03389146168814632,0.03130221970899244,-8.901829520861311e-05,0.00033699783186117815,-0.0003656108553210895,-0.0,0.0,0.0,0.0,1.0,0.0,0.0,229.38737584419957,229.12150415236755,228.44562665105607,170.00375180000913,169.74385438252762,170.77220458898188,26532.324182453805,26688.934283992538,26506.964229535242,23933.165248714293,231.3067878547394,49.47512117461951,988.0596039127445,0.001458126372802016,1.11018174612699,8806.297394232466
2024-10-04 16:30:38.123192,1.0,1.0,1.0,1.0,1.0,1.0,1.0,894033.0,0.0420853800755884,0.03853134997827472,0.04576198155144105,0.03197678183797181,0.03394866250806731,0.03142594437984583,-9.219752003749215e-05,0.0003433562815189362,-0.00037832775463660567,-0.0,0.0,0.0,0.0,1.0,0.0,0.0,228.78760888585248,228.7660646578319,227.81099738174896,157.24270201357587,156.33160394484457,157.92152896951143,21207.845206409173,21297.569698495154,21415.062338494525,18728.133627170857,181.14705166094876,49.41991877445873,987.266979281128,0.001144676312814229,1.1319454982035875,7524.804034434205
2024-10-04 16:30:38.205278,1.0,1.0,1.0,1.0,1.0,1.0,1.0,894034.0,0.04189929789626443,0.03819186010094626,0.045304350237362054,0.03148762440853117,0.0337192770263005,0.03127121205432006,-6.994294623533886e-05,0.0003433562815189362,-0.00035607318083445244,-0.0,0.0,0.0,0.0,1.0,0.0,0.0,227.5461405873075,228.0586835982742,227.4448378923242,143.2011752650871,141.43236343734193,143.2279967549777,15913.735005652734,15733.99019568616,16190.67525327659,13434.144445260357,130.31797225487142,49.26128056423058,984.4124141950601,0.0008253917480799084,1.153646322978732,6904.95098088725
2024-10-04 16:30:38.288372,1.0,1.0,1.0,1.0,1.0,1.0,1.0,894035.0,0.04306424069081518,0.03866631133712533,0.045304350237362054,0.03077084037730748,0.033284918697807614,0.030928076150071922,-5.0867597262064634e-05,0.0003751485298077266,-0.00036879008014996856,-0.0,0.0,0.0,0.0,1.0,0.0,0.0,227.07605663342434,226.43171654999986,226.59890220999844,127.01145057120719,126.05000431721446,127.31585401985816,10680.599722424662,10502.755272948869,10751.2924883551,8199.15041943453,80.15110947150472,48.867606180573446,976.8563357473591,0.0005072766018840137,1.1751805782023181,8181.2241172890535
2024-10-04 16:30:38.291872,1.0,1.0,1.0,1.0,1.0,1.0,1.0,894036.0,0.04251640472283598,0.039400336158606504,0.04507379225100918,0.030833830904597324,0.03299216966314644,0.030833830904597324,-5.722604691982271e-05,0.0004005823284387589,-0.00034653550634781527,-0.0,0.0,0.0,0.0,1.0,0.0,0.0,225.73320378003552,226.13909934341515,224.6271111330754,107.99818278216094,106.99888943226873,108.6984195885828,5124.030528520328,5251.631762390169,5456.510466209328,2900.099036493285,28.618223318938107,48.39384824283238,967.7017863128674,0.00018099257461530373,1.1965130264694819,7195.127741475825
2024-10-04 16:30:38.375037,1.0,1.0,1.0,1.0,1.0,1.0,1.0,894037.0,0.04263875434188018,0.03926789767914727,0.04547650165015325,0.030833830904597324,0.03251828982682399,0.0303262434606198,-5.722604691982271e-05,0.0003878654291232428,-0.00035925240566333144,-0.0,0.0,0.0,0.0,1.0,0.0,0.0,224.648083553667,224.3324891132352,223.90775283804462,89.93685594158555,90.13050295991765,90.20471513783389,483.0203987675319,471.8986991077975,452.60848338823644,-1851.504919909234,-18.496674117204293,47.79948927766533,955.8783107556561,0.0001166066827649103,1.2175848327865844,7149.3120357359685
2024-10-04 16:30:38.378037,1.0,1.0,1.0,1.0,1.0,1.0,1.0,894038.0,0.042943103346232976,0.03866631133712533,0.04501596824740669,0.03077084037730748,0.033226575237181734,0.030485772407004817,-3.815069794654847e-05,0.0003656108553210895,-0.0003687900801499686,-0.0,0.0,0.0,0.0,1.0,0.0,0.0,223.30369593223645,224.19880493701987,222.35457967935568,88.68835526791206,88.47788567161341,88.75332554748132,-1758.2482942104418,-1638.9994609827586,-1648.2931883095432,-3979.2188605080514,-40.223757640250355,47.24614922408798,944.6840202626286,0.00025289279978940273,1.2384098671888184,5811.36116766458
2024-10-04 16:30:38.458959,1.0,1.0,1.0,1.0,1.0,1.0,1.0,894039.0,0.042882406350036345,0.03859888964444313,0.0446091015690999,0.031240173622796498,0.033284918697807614,0.030294236862297798,-2.861302345991135e-05,0.0003656108553210895,-0.0003433562815189362,-0.0,0.0,0.0,0.0,1.0,0.0,0.0,222.8389679831432,222.43523403540152,220.61767845417322,95.00597371991273,95.00037859110485,94.30956537231613,-225.98176005785882,-246.04258723760364,-460.1547606104289,-2592.396143155137,-26.447095395031482,46.80984702163902,936.0407737925362,0.00016680960329990574,1.2590443660244228,4575.628738675062
2024-10-04 16:30:38.542296,1.0,1.0,1.0,1.0,1.0,1.0,1.0,894040.0,0.04318503823719134,0.03926789767914727,0.04484204885310999,0.03105329154533826,0.033546208593426816,0.030036956306502573,5.782411586589357e-21,0.00037196930497884756,-0.0003401770566900572,-0.0,0.0,0.0,0.0,1.0,0.0,0.0,220.5126847771893,220.71749984908456,219.38762754376717,107.23899567384633,106.59489402979315,107.40810046428003,3099.937375870333,3091.3826872623677,3199.3290024554876,860.3792734016666,8.864281726308816,46.34599723860113,926.8677498546235,5.631005966952361e-05,1.2794766506434403,6366.759230865424
2024-10-04 16:30:38.545448,1.0,1.0,1.0,1.0,1.0,1.0,1.0,894041.0,0.04227064309912445,0.03880080326089556,0.04354542032592321,0.03142594437984583,0.03357511528435138,0.030453933471522428,3.497147311766943e-05,0.00035925240566333144,-0.00034653550634781527,-0.0,0.0,0.0,0.0,1.0,0.0,0.0,218.90683748568577,219.27617751560155,216.85764907899886,123.65212612019623,123.70181584349294,122.47784475297608,7689.378904360281,7755.246604531732,7395.1890848352,5343.836379492266,55.61669189235802,45.89276156014133,917.5281153182223,0.00035639158930950165,1.2997030482077887,8392.636529939096
2024-10-04 16:30:38.628329,1.0,1.0,1.0,1.0,1.0,1.0,1.0,894042.0,0.04276075388833108,0.038666311337125336,0.0440213406934204,0.030990747087997286,0.03340129988750126,0.030581090322992784,1.907534897327424e-05,0.0003656108553210895,-0.00032746015737454104,-0.0,0.0,0.0,0.0,1.0,0.0,0.0,216.57214395601181,216.98478856277328,216.313018774864,140.70037661435683,139.23014500203567,139.97508823242237,12677.583386024922,12338.9525938259,12659.362841460188,10276.670108000097,107.79883965793154,45.54941781036423,910.3527559682387,0.0006977040208198591,1.3197712689615775,8993.038182024397
2024-10-04 16:30:38.631170,1.0,1.0,1.0,1.0,1.0,1.0,1.0,894043.0,0.04318503823719134,0.038055216156251626,0.04330549882888886,0.031240173622796498,0.033226575237181734,0.030928076150071922,3.497147311766943e-05,0.0003497147311766943,-0.0003306393822034201,-0.0,0.0,0.0,0.0,1.0,0.0,0.0,215.292785584355,215.0408566668579,214.4905917757819,157.42388049725727,156.82704295957845,155.3077124220116,18127.706899652214,17729.744686127266,17490.282558490933,15477.683407699764,162.96736819056144,45.395354597419804,906.9360998944443,0.001069483940110967,1.3397641714303616,8578.316392038334
2024-10-04 16:30:38.712605,1.0,1.0,1.0,1.0,1.0,1.0,1.0,894044.0,0.04330549882888886,0.03825999906698716,0.042882406350036345,0.03194642892952922,0.03411968959808029,0.031084516582433108,4.76883724331856e-05,0.00037832775463660567,-0.0003433562815189362,-0.0,0.0,0.0,0.0,1.0,0.0,0.0,213.75428964072492,213.4447404608438,212.8794921122505,172.26635490923323,172.22390501736413,172.07120692579176,23208.444738045833,23176.306063881093,22884.728477450586,20752.858275686438,218.5999188798493,45.39448223390791,906.5657466258583,0.001458214729135936,1.3597489096670916,8695.633402062587
2024-10-04 16:30:38.716105,1.0,1.0,1.0,1.0,1.0,1.0,1.0,894045.0,0.042393702000235525,0.037780445658522906,0.04336560364453033,0.03191604715477278,0.034599675713128386,0.031115710284795706,6.358449657758079e-05,0.00035925240566333144,-0.0003560731808344524,-0.0,0.0,0.0,0.0,1.0,0.0,0.0,212.082628687676,212.26582139935655,211.75119293051117,188.52481143000577,186.63484381625443,187.20823326498788,28747.19560908506,28332.825939274346,28499.166413895993,26144.001730215285,275.4993296112334,45.39448223390791,906.197582427184,0.0018637311934248046,1.3797255319285975,11061.571145475144
2024-10-04 16:30:38.798394,1.0,1.0,1.0,1.0,1.0,1.0,1.0,894046.0,0.0423322172659213,0.0373645014732293,0.04366488672414647,0.03179422973639322,0.03465570761333854,0.03120910432259612,4.132992277542751e-05,0.00033699783186117815,-0.00034653550634781527,-0.0,0.0,0.0,0.0,1.0,0.0,0.0,211.28507956516728,210.2702548655143,210.8450617076357,202.8549836679411,201.3650543147206,200.74234548096567,34405.05267904305,33726.405542029686,33579.755400381764,31469.046199505254,330.0775621513957,45.62444963310994,910.4140659051411,0.0022739197664226186,1.399795104225884,10026.628485318994
2024-10-04 16:30:38.881278,1.0,1.0,1.0,1.0,1.0,1.0,1.0,894047.0,0.0423322172659213,0.03743414645719283,0.04282162331969714,0.03182472780550264,0.03499001478345783,0.03148762440853117,3.1792248288790396e-05,0.0003433562815189363,-0.0003179224828879039,-0.0,0.0,0.0,0.0,1.0,0.0,0.0,210.0383816026539,210.1998909280685,208.77986010285963,216.2872354714652,215.01291007149203,214.34300796572626,39611.120432353135,39299.54803467259,38999.43972378169,36808.0646892997,383.1289576178777,45.9950041986043,917.4225008788435,0.002693317607434558,1.420019173578591,10227.86442251498
2024-10-04 16:30:38.884779,1.0,1.0,1.0,1.0,1.0,1.0,1.0,894048.0,0.04196141697840431,0.037711440220720746,0.04330549882888886,0.03188563643118791,0.034599675713128386,0.03139505892336215,3.497147311766943e-05,0.00036561085532108955,-0.00031156403323014586,-0.0,0.0,0.0,0.0,1.0,0.0,0.0,209.52454971880897,208.42528485727053,208.12284667817502,229.19604639436398,228.15816936446785,227.40620961905952,45065.77394546188,44607.22025915921,44242.71177508573,42074.10962181432,433.5396889485473,46.48165930482413,926.7390312627288,0.0031132223731235595,1.4404486206677605,10671.755960481816
2024-10-04 16:30:38.966554,1.0,1.0,1.0,1.0,1.0,1.0,1.0,894049.0,0.041712385598201944,0.037780445658522906,0.043064240690815186,0.03145679951185349,0.034851109849295854,0.03142594437984583,2.861302345991135e-05,0.0003751485298077266,-0.00029566790908575063,-0.0,0.0,0.0,0.0,1.0,0.0,0.0,208.2125572103967,208.0612128867477,207.71865047685003,240.48997465667287,239.27160152865298,239.00349719136227,48145.06448403482,47738.69323389711,47573.780959699165,45195.12120773096,462.0380976645602,46.86210329320429,934.0823166149221,0.003371326751377514,1.461039946402916,13325.34221454066
2024-10-04 16:30:38.970054,1.0,1.0,1.0,1.0,1.0,1.0,1.0,894050.0,0.042393702000235525,0.03764230828317236,0.04306424069081518,0.03120910432259612,0.034515457310635475,0.031364143052817484,6.358449657758082e-06,0.0003338186070322991,-0.0002861302345991135,-0.0,0.0,0.0,0.0,1.0,0.0,0.0,208.68966820938104,207.67165101659836,207.39875250216494,248.90687434805315,247.59676577187594,247.11542646531626,50118.559571900136,49542.44562400426,49286.021888290445,46974.94089375549,472.9038665658138,47.595055900708914,948.5598964097702,0.0035100511399527813,1.4819504223415492,8609.223886154052
2024-10-04 16:30:39.051844,1.0,1.0,1.0,1.0,1.0,1.0,1.0,894051.0,0.04220897910845451,0.0378493252884673,0.04396213240745474,0.03064447088906264,0.03443103291031149,0.030581090322992784,-2.8613023459911357e-05,0.0003274601573745411,-0.0002734133352835974,-0.0,0.0,0.0,0.0,1.0,0.0,0.0,208.02239219870847,207.3829692181827,208.5118711294287,254.34376199776474,252.63937471081712,253.63654377249466,51018.91919320102,50425.7071558434,50838.485247871795,48050.93129985275,476.28016730518857,48.344047677371165,963.4089884293184,0.0035908920383285665,1.5031882382642576,8495.649645869331
2024-10-04 16:30:39.135378,1.0,1.0,1.0,1.0,1.0,1.0,1.0,894052.0,0.0419614169784043,0.036873303566316074,0.043664886724146465,0.030485772407004817,0.03448733880714076,0.03039015553037446,-3.1792248288790396e-05,0.000321101707716783,-0.0002893094594279926,-0.0,0.0,0.0,0.0,1.0,0.0,0.0,208.1529747643033,208.5617674814046,207.53157745044666,258.0724207803171,257.98561139134597,257.34734883638373,51666.47160824103,51695.63970468537,51230.75499366791,48792.53060289165,476.23744380917043,49.09719784546864,978.365628200096,0.0036441272275248467,1.5247557650014687,8429.893377316399
2024-10-04 16:30:39.138878,1.0,1.0,1.0,1.0,1.0,1.0,1.0,894053.0,0.04251640472283597,0.03715478325109878,0.04276075388833108,0.030453933471522428,0.03479539261166803,0.030422061214259163,-5.0867597262064634e-05,0.0003179224828879039,-0.0002988471339146297,-0.0,0.0,0.0,0.0,1.0,0.0,0.0,208.49238544770702,208.57601336332553,208.2396194117504,262.02192133176794,261.41823935737506,260.9799358780453,52413.31649522797,52222.95402131089,51983.33621292214,49438.98056696851,475.19428445494697,49.85874561919061,993.504138756517,0.003681173264297006,1.5466570117936125,8269.9974312714
2024-10-04 16:30:39.220458,1.0,1.0,1.0,1.0,1.0,1.0,1.0,894054.0,0.04306424069081517,0.037503662109375,0.04372449751876115,0.029810014367864183,0.034204882463775475,0.030198013527012933,-6.676372140645982e-05,0.0002893094594279926,-0.0003179224828879039,-0.0,0.0,0.0,0.0,1.0,0.0,0.0,209.19132346298284,208.44724601665777,208.97734462286087,265.73087790023266,263.9967012909176,264.0282065429042,53188.39254460921,52528.83954020528,52604.34565750181,49979.156379623935,473.48138095077366,50.58715743027413,1007.9927248763747,0.003706893132191997,1.568877651417554,8676.626554047083
2024-10-04 16:30:39.223841,1.0,1.0,1.0,1.0,1.0,1.0,1.0,894055.0,0.04306424069081518,0.037503662109375,0.04318503823719134,0.03016587087444806,0.03394866250806731,0.03010148260279399,-8.265984555085504e-05,0.00029566790908575063,-0.00030520558357238775,-0.0,0.0,0.0,0.0,1.0,0.0,0.0,209.57508313089087,209.9332932500491,208.48221046782817,267.4325559371695,267.8041182612767,266.21873940515684,53431.242199879896,53537.74561448004,52712.429529718014,50408.35102960389,470.72303293637214,51.32138758252191,1022.6062051088111,0.0037231520050798527,1.5914204370946192,8485.928290056549
2024-10-04 16:30:39.305914,1.0,1.0,1.0,1.0,1.0,1.0,1.0,894056.0,0.0434855640497593,0.03798670986099516,0.04282162331969714,0.030198013527012933,0.03406277598114669,0.030230122003416366,-5.404682209094367e-05,0.00030520558357238775,-0.0003083848084012668,-0.0,0.0,0.0,0.0,1.0,0.0,0.0,209.67856135867143,210.20016012009043,210.10295474394144,270.24675758104837,269.29897512410486,269.4710738600194,53840.845185108126,53671.66440614111,53649.78224639998,50874.260869720165,468.26032052447704,52.06873748896082,1037.4857409861581,0.0037344949970053044,1.6142912338736919,8207.229687957837
2024-10-04 16:30:39.309414,1.0,1.0,1.0,1.0,1.0,1.0,1.0,894057.0,0.042577623479846755,0.0378493252884673,0.04372449751876115,0.030358216314476834,0.03411968959808029,0.030004641120915988,-3.815069794654848e-05,0.00026069643596808123,-0.00029566790908575063,-0.0,0.0,0.0,0.0,1.0,0.0,0.0,210.91400746492062,210.77685409888986,210.60411183413237,272.9235344566025,271.8715682571141,271.1856351338891,54537.93092728069,54158.39349104504,53918.621892072886,51329.92376053397,465.7049014357579,52.82371083065401,1052.5220245481203,0.003740926189027225,1.6374934971703972,8003.445413954367
2024-10-04 16:30:39.391323,1.0,1.0,1.0,1.0,1.0,1.0,1.0,894058.0,0.04227064309912445,0.038055216156251626,0.043664886724146465,0.030036956306502573,0.03448733880714076,0.030358216314476834,-1.9075348973274255e-05,0.00021936651319265374,-0.00033699783186117815,-0.0,0.0,0.0,0.0,1.0,0.0,0.0,210.8653111009686,211.70906141309007,211.2075242462923,270.42834950769486,269.5996556253393,269.2749144438604,53796.72162049133,53717.883038928754,53502.690887076365,50804.63224461061,454.39514189989046,53.58138597446905,1067.6797713841434,0.0036840668017795214,1.661029904575132,7466.9630557880755
2024-10-04 16:30:39.474092,1.0,1.0,1.0,1.0,1.0,1.0,1.0,894059.0,0.042577623479846755,0.037711440220720746,0.04372449751876115,0.030358216314476834,0.03411968959808029,0.030676112065162197,-1.2721305490496585e-20,0.00019711193939050045,-0.0003656108553210895,-0.0,0.0,0.0,0.0,1.0,0.0,0.0,211.27423010655332,211.83300060858085,211.9574620206687,264.4238681995878,263.0504047646614,262.8637277780594,52312.0977117473,51993.0847695897,51996.81403734075,49269.4305254915,434.72544322118296,54.30636917128078,1082.2656277053993,0.0035555274447057923,1.6848878490792154,7081.84087477305
2024-10-04 16:30:39.477592,1.0,1.0,1.0,1.0,1.0,1.0,1.0,894060.0,0.04164989509779679,0.03764230828317236,0.0440213406934204,0.03054935072925873,0.034091244666417886,0.03095942747707764,3.4971473117669426e-05,0.00020664961387713757,-0.00036879008014996856,-0.0,0.0,0.0,0.0,1.0,0.0,0.0,212.03629700605188,212.29767597331556,211.63490351182858,256.22004241393444,255.09652197233814,254.06244188303836,50313.54560496067,50003.78258107296,49605.89372352585,47194.23448739836,411.2571051316528,54.978497005949485,1095.8394070837435,0.0033927200982255537,1.709045020008706,6853.03596920206
2024-10-04 16:30:39.559083,1.0,1.0,1.0,1.0,1.0,1.0,1.0,894061.0,0.04189929789626443,0.038123599349151736,0.043425625269995945,0.030581090322992784,0.034091244666417886,0.031240173622796498,6.994294623533885e-05,0.0002034703890482585,-0.00036879008014996856,-0.0,0.0,0.0,0.0,1.0,0.0,0.0,212.4309893719672,212.93266004547988,211.3549554511829,246.4246483272203,245.60144382779302,243.88512329031823,47852.690046073745,47652.51414506238,46953.65366260605,44765.3629340701,386.07235891023885,55.540494084981994,1107.2476895839775,0.003206842299792978,1.7334536801879794,7365.068052050821
2024-10-04 16:30:39.562583,1.0,1.0,1.0,1.0,1.0,1.0,1.0,894062.0,0.042455097690623465,0.039201510653345636,0.0436051944382425,0.030581090322992784,0.034515457310635475,0.031364143052817484,6.994294623533886e-05,0.00022890418767929085,-0.0003815069794654847,-0.0,0.0,0.0,0.0,1.0,0.0,0.0,212.5319662220059,212.66991054922244,212.14754396124897,236.10152920232133,234.0981704933624,233.15685685246837,45297.587219013454,44700.254934533186,44479.26088274298,42167.49953997675,360.30807681767527,56.04732196210873,1117.5712821461736,0.003010988730454231,1.7580899182299572,7090.690959171512
2024-10-04 16:30:39.644566,1.0,1.0,1.0,1.0,1.0,1.0,1.0,894063.0,0.04164989509779679,0.038867874708122786,0.04443358966925188,0.030581090322992784,0.03496227794613525,0.031549183850304155,6.040527174870175e-05,0.00023844186216592797,-0.0003751485298077266,-0.0,0.0,0.0,0.0,1.0,0.0,0.0,212.43598349054557,212.33898359331667,212.66123869928626,223.63920999162187,221.4109617547105,221.56377510347627,42350.89519789121,41695.77228940091,41838.195687686784,39373.01753840001,334.2222111831495,56.40602313140759,1124.9540256759904,0.002806825207996689,1.7828889047515257,8112.975113835681
2024-10-04 16:30:39.727465,1.0,1.0,1.0,1.0,1.0,1.0,1.0,894064.0,0.04164989509779679,0.03886787470812279,0.04425738174574523,0.03070772063827226,0.03496227794613525,0.032097906445255474,6.358449657758079e-05,0.00023208341250816988,-0.0003656108553210895,-0.0,0.0,0.0,0.0,1.0,0.0,0.0,212.9688523840225,212.8381425336018,211.51613171211005,210.21738158623867,209.31500421872937,207.64000711230133,39479.23936451391,39142.39686639626,38536.35199563029,36534.515324399785,308.4607502640298,56.699100117753254,1131.0318156915055,0.002601616831160211,1.8078218727774362,7989.05244103059
2024-10-04 16:30:39.730890,1.0,1.0,1.0,1.0,1.0,1.0,1.0,894065.0,0.0418370865807396,0.03900167157440239,0.04413951900188092,0.03064447088906264,0.034711649066398086,0.03233879467572394,3.815069794654847e-05,0.00020029116421937945,-0.0003560731808344524,-0.0,0.0,0.0,0.0,1.0,0.0,0.0,212.24593481518886,212.58783359979884,212.09488582894994,196.21358997543243,193.9511951363381,194.0446899233086,36422.9035198332,35919.024574713636,35937.95008906106,33647.26077681948,283.03130346845774,56.8981468893845,1135.2372282162773,0.0023952533785605978,1.832847546786115,8280.65747006068
2024-10-04 16:30:39.813405,1.0,1.0,1.0,1.0,1.0,1.0,1.0,894066.0,0.04127296521748624,0.03900167157440239,0.04478392562861249,0.030453933471522428,0.03479539261166803,0.032308781866774994,4.132992277542751e-05,0.00022254573802153277,-0.0003560731808344524,-0.0,0.0,0.0,0.0,1.0,0.0,0.0,212.06164208146333,212.30437894075683,211.56120954448116,180.2627786822314,179.22710567506041,178.02088778328206,33430.095568054254,33084.77960545589,32771.302598815375,30724.2661810452,258.201418019613,56.93988932835844,1136.3033262380584,0.0021904330676914495,1.8578967223334073,9505.063098395356
2024-10-04 16:30:39.816405,1.0,1.0,1.0,1.0,1.0,1.0,1.0,894067.0,0.04164989509779679,0.03880080326089555,0.044725726870264354,0.030230122003416366,0.03473958601181881,0.03248844283583844,3.815069794654846e-05,0.00024480031182368605,-0.0003910446539521218,-0.0,0.0,0.0,0.0,1.0,0.0,0.0,211.58722432280962,211.6251000129359,211.30859728445347,162.9954081864012,161.42642620243458,161.68761725028065,30356.510472965787,29944.915071210366,29949.1585180839,27788.609893090867,233.42095475660452,56.955004098189654,1136.837426806717,0.001986353256313728,1.8829576718310133,8859.560941019725
2024-10-04 16:30:39.898033,1.0,1.0,1.0,1.0,1.0,1.0,1.0,894068.0,0.04214722489965788,0.03825999906698716,0.04443358966925187,0.03077084037730748,0.03468368961839258,0.03248844283583844,1.589612414439519e-05,0.0002765925601124764,-0.00037832775463660567,-0.0,0.0,0.0,0.0,1.0,0.0,0.0,211.76648551798377,211.43198767978436,210.53708374153788,152.25618317830128,150.4340083199556,149.70649038813642,28487.322982811977,27943.92131388453,27736.035777254005,25806.36533784476,216.71705776032906,56.96105562647079,1137.116934642655,0.0018470320323406798,1.9080247829235801,8352.671279646936
2024-10-04 16:30:39.982164,1.0,1.0,1.0,1.0,1.0,1.0,1.0,894069.0,0.042023444236177564,0.0378493252884673,0.0440213406934204,0.03064447088906264,0.03554020599014928,0.03260766687993288,-1.907534897327424e-05,0.0002765925601124764,-0.00035925240566333144,-0.0,0.0,0.0,0.0,1.0,0.0,0.0,211.14412824036634,211.63418870537552,210.39103585878874,146.48434851294678,145.38281255969306,144.7147188158104,27281.620978983145,27011.57587329913,26771.072067367837,24793.832011640116,208.22115062790436,56.95508624128695,1137.0778360247245,0.0017767410556100698,1.9330910321088364,8202.469151536849
2024-10-04 16:30:39.984664,1.0,1.0,1.0,1.0,1.0,1.0,1.0,894070.0,0.042577623479846755,0.03764230828317236,0.04384347596324186,0.030676112065162197,0.035974300933343493,0.032308781866774994,-5.404682209094367e-05,0.0003083848084012668,-0.0003528939560055733,-0.0,0.0,0.0,0.0,1.0,0.0,0.0,210.95283894960363,211.04646461515844,210.65596185296957,144.14675617735884,142.57635286627428,142.47522305152611,26790.3237585028,26373.130059447627,26376.283504668787,24297.211152765292,204.17981450542146,56.91711493797169,1136.3575584620132,0.0017435355776408042,1.9581414031753768,8549.153882502264
2024-10-04 16:30:40.066680,1.0,1.0,1.0,1.0,1.0,1.0,1.0,894071.0,0.04263875434188018,0.037503662109375,0.044316195568033935,0.030676112065162197,0.036082008662183536,0.032398736885968185,-7.312217106421791e-05,0.0003401770566900572,-0.00036243163049221044,-0.0,0.0,0.0,0.0,1.0,0.0,0.0,210.9792447087885,210.79626573801093,210.28813676305748,143.18570134713676,141.6584624879557,141.26654277251885,26617.463771321894,26174.087561941105,26087.172567191632,24083.988209566283,202.60840908421673,56.854503672306734,1135.1214266707352,0.001731302401957762,1.9831645244033183,8852.330770162165
2024-10-04 16:30:40.070177,1.0,1.0,1.0,1.0,1.0,1.0,1.0,894072.0,0.043003714672582107,0.03729472643293347,0.044842048853109995,0.03070772063827226,0.035812131959156876,0.03254810944778678,-5.404682209094367e-05,0.0003401770566900572,-0.0003815069794654847,-0.0,0.0,0.0,0.0,1.0,0.0,0.0,210.622005042988,210.67841258889675,210.09106672695063,142.7359275513417,141.4191058638197,141.0907689844365,26497.648683287665,26141.98906191874,26034.831280156042,24021.003908650302,202.2679121073133,56.80122676227467,1134.058725458077,0.0017304289884825894,2.008164218973416,8713.126584742213
2024-10-04 16:30:40.152415,1.0,1.0,1.0,1.0,1.0,1.0,1.0,894073.0,0.043003714672582107,0.03729472643293347,0.04513154216867338,0.031084516582433108,0.035812131959156876,0.03233879467572394,-5.404682209094367e-05,0.0003528939560055733,-0.0003878654291232428,-0.0,0.0,0.0,0.0,1.0,0.0,0.0,210.3893405795191,210.48781749006443,209.80879287466144,143.05395211855256,141.56636089493287,141.39087297805239,26542.50485183988,26169.740745001833,26083.30154988625,24064.849565033925,202.72489824879784,56.777035235439484,1133.5676464380347,0.0017375495766671128,2.033153087979339,8323.268526268626
2024-10-04 16:30:40.155333,1.0,1.0,1.0,1.0,1.0,1.0,1.0,894074.0,0.04214722489965788,0.03637547335010834,0.045246820880521094,0.030928076150071922,0.03567642805328406,0.03197678183797181,-6.676372140645982e-05,0.0003592524056633315,-0.0003751485298077266,-0.0,0.0,0.0,0.0,1.0,0.0,0.0,210.07554195997793,210.27465100144136,209.5078603842861,143.62388227510732,142.2918363390335,141.92701244606408,26666.84059501032,26315.5918034042,26184.267710315893,24191.55470748728,204.05740076731135,56.70405645400999,1132.0948414407292,0.001751451098636776,2.0581094898173213,9079.57940274413
2024-10-04 16:30:40.237407,1.0,1.0,1.0,1.0,1.0,1.0,1.0,894075.0,0.04245509769062346,0.03630379747090976,0.04610222401715648,0.030294236862297798,0.0357036100976489,0.03167194378429309,-4.132992277542751e-05,0.00036243163049221044,-0.00036561085532108955,-0.0,0.0,0.0,0.0,1.0,0.0,0.0,209.80093461983026,209.92047866221645,209.3116780049233,144.24770753664285,142.82594238636224,142.65829748860173,26782.905665555885,26407.853554761237,26341.41766992538,24316.2855103462,205.29570837285326,56.653412165795764,1131.0680775391727,0.0017652650566653627,2.083043257215518,8809.947095947555
2024-10-04 16:30:40.320591,1.0,1.0,1.0,1.0,1.0,1.0,1.0,894076.0,0.042393702000235525,0.03579804821997391,0.04581886408620406,0.03039015553037446,0.03562200173928452,0.03170255949350469,-5.086759726206463e-05,0.00037514852980772667,-0.00038786542912324284,-0.0,0.0,0.0,0.0,1.0,0.0,0.0,209.7459106179399,209.50912435798318,208.9949434016204,144.93281456836039,143.54365908231912,143.0608337726102,26966.606694385562,26528.096486739207,26410.37246174531,24443.28280737758,206.46508009801133,56.62753249219609,1130.5357639191657,0.0017790691524778857,2.107965290055692,8504.070357742432
2024-10-04 16:30:40.323591,1.0,1.0,1.0,1.0,1.0,1.0,1.0,894077.0,0.04214722489965788,0.03630379747090976,0.04570502822314875,0.030612797008878905,0.03600125807533038,0.03182472780550264,-7.630139589309694e-05,0.0004005823284387589,-0.0004005823284387589,-0.0,0.0,0.0,0.0,1.0,0.0,0.0,209.3875357258832,209.518258632305,208.54105046776544,145.28656363877352,144.3623865894796,143.71617209717542,27008.928124186736,26744.94438107445,26502.450266204705,24563.17100147595,207.59162116278907,56.597231068423966,1129.9155700983038,0.0017925358112683577,2.1328736510676367,8612.793130876256
2024-10-04 16:30:40.405322,1.0,1.0,1.0,1.0,1.0,1.0,1.0,894078.0,0.041774782619765874,0.036231979799249525,0.04643997376336176,0.03016587087444806,0.03645647986559919,0.03179422973639322,-7.630139589309694e-05,0.00040694077809651707,-0.00038468620429436373,-0.0,0.0,0.0,0.0,1.0,0.0,0.0,208.70230350224273,209.16721549516365,208.7961925207415,145.9384411502676,144.6677741063532,144.62431710725238,27062.85503909872,26774.62601248898,26764.216338013688,24680.922961729128,208.7056670741031,56.565742551961264,1129.2719391375445,0.0018057854538057947,2.1577678235926245,8674.987432194288
2024-10-04 16:30:40.408823,1.0,1.0,1.0,1.0,1.0,1.0,1.0,894079.0,0.04164989509779679,0.03666077555081008,0.04688652224495428,0.02984254030701896,0.03583921107981937,0.03142594437984583,-5.086759726206463e-05,0.0004164784525831542,-0.00039740310360987996,-0.0,0.0,0.0,0.0,1.0,0.0,0.0,208.911682119089,208.4197526654044,208.4270059667484,146.64680005531548,145.14474573618688,144.7941699902434,27286.219864255494,26794.04139713596,26747.223245294754,24760.16198266497,209.48823910713983,56.53599530702275,1128.6654147534466,0.0018169764022470574,2.1826486256245228,8680.22974422638
2024-10-04 16:30:40.491217,1.0,1.0,1.0,1.0,1.0,1.0,1.0,894080.0,0.041461858493688546,0.036231979799249525,0.04671956673942695,0.029548517961177193,0.035757912197617196,0.03188563643118791,-4.450914760430655e-05,0.0003942238787810009,-0.000403761553267638,-0.0,0.0,0.0,0.0,1.0,0.0,0.0,208.55291890599918,208.71485210026523,207.54964519998262,146.60510243413734,145.8734982457949,145.09027818115274,27236.479584790926,27022.32815189061,26688.733741294185,24804.81201632275,209.92571077199585,56.52041951592128,1128.3444310880423,0.0018258527166470798,2.2075223517498412,8493.885931858034
2024-10-04 16:30:40.574290,1.0,1.0,1.0,1.0,1.0,1.0,1.0,894081.0,0.04189929789626443,0.036802597262395625,0.04671956673942695,0.029416898073163358,0.03556749214080218,0.03188563643118791,-5.086759726206463e-05,0.0003783277546366057,-0.0003942238787810009,-0.0,0.0,0.0,0.0,1.0,0.0,0.0,207.78690983293933,208.41612795568534,207.75910901846308,147.0517574508637,146.0607341410732,145.96444387765754,27221.087107220043,27014.57371698256,26928.413846697484,24880.49597451433,210.555875326667,56.523807768245234,1128.3999313090005,0.0018365925243543277,2.2323973013466976,8290.894973264585
2024-10-04 16:30:40.577790,1.0,1.0,1.0,1.0,1.0,1.0,1.0,894082.0,0.04139898983206046,0.03666077555081008,0.04671956673942694,0.030004641120915988,0.03543085125095238,0.03197678183797181,-7.312217106421791e-05,0.0003656108553210895,-0.0003656108553210895,-0.0,0.0,0.0,0.0,1.0,0.0,0.0,208.09719055037152,207.58491195692142,207.49572192597552,148.14919854347656,146.60534323577176,146.3255570142116,27517.75129065275,27011.902861604452,26978.869628210246,24997.766290017447,211.58947714573438,56.513570373755,1128.1803211523554,0.0018500745121171798,2.257267409759656,8333.222909189864
2024-10-04 16:30:40.659032,1.0,1.0,1.0,1.0,1.0,1.0,1.0,894083.0,0.04139898983206046,0.037224820604963814,0.046607930817067524,0.029712222914499722,0.03493451908670038,0.03182472780550264,-5.72260469198227e-05,0.0003656108553210895,-0.00035925240566333144,-0.0,0.0,0.0,0.0,1.0,0.0,0.0,207.9052884093977,207.817109219938,206.75681958210677,148.31021777052223,147.7063754187249,146.70730372254283,27542.190274308254,27304.7414367409,26944.4599969182,25094.38342447391,212.48145244319718,56.49449126396349,1127.7864829870846,0.0018615463606510621,2.2821288362290604,8650.897001261961
2024-10-04 16:30:40.663029,1.0,1.0,1.0,1.0,1.0,1.0,1.0,894084.0,0.041461858493688546,0.0378493252884673,0.04627140705916456,0.03010148260279399,0.03526618335153976,0.031763702384431956,-8.265984555085502e-05,0.0003528939560055733,-0.0003815069794654847,-0.0,0.0,0.0,0.0,1.0,0.0,0.0,206.9545559818656,207.7444109177946,207.05379542753803,148.4093091778385,147.65867301752954,147.55260737673083,27410.067667339594,27299.892588846258,27192.78569443743,25134.88500924502,212.7684805242393,56.5097592647551,1128.082839171846,0.0018690100176851434,2.306996795705915,8170.5035174108225
2024-10-04 16:30:40.744550,1.0,1.0,1.0,1.0,1.0,1.0,1.0,894085.0,0.04108320345271294,0.037711440220720746,0.04621508152756301,0.030802351742838057,0.03540345978860444,0.03218845078999174,-7.312217106421791e-05,0.0003401770566900572,-0.0004164784525831542,-0.0,0.0,0.0,0.0,1.0,0.0,0.0,207.1719141158331,206.77464735400298,207.0738485581774,149.23126040686066,147.67318899678855,147.49986035439738,27642.129067382866,27146.074235581702,27186.351022616276,25162.385209736858,213.03947187827134,56.49999733833639,1127.880561514049,0.0018755622588681584,2.3318602960841806,8392.64271321722
2024-10-04 16:30:40.748050,1.0,1.0,1.0,1.0,1.0,1.0,1.0,894086.0,0.04189929789626443,0.038055216156251626,0.04604569153235156,0.03086527796111811,0.03562200173928452,0.03191604715477278,-4.7688372433185584e-05,0.00033699783186117815,-0.0004005823284387589,-0.0,0.0,0.0,0.0,1.0,0.0,0.0,207.24626441885096,207.04286914802333,206.0062783307455,149.2981004101684,148.61111740875086,147.6300077927563,27664.699062831198,27403.34810047129,27028.69615066865,25206.23870148359,213.37953202790172,56.50870680834038,1128.0456324847814,0.0018833413488343542,2.3567274353602894,8406.787359544594
2024-10-04 16:30:40.829867,1.0,1.0,1.0,1.0,1.0,1.0,1.0,894087.0,0.0420853800755884,0.038055216156251626,0.046045691532351565,0.030802351742838057,0.03534861318744721,0.03212811624624381,-1.2716899315516152e-05,0.00036243163049221044,-0.00040694077809651707,-0.0,0.0,0.0,0.0,1.0,0.0,0.0,206.1775582651222,207.16893424273633,206.19415641876404,149.3497049148872,148.65129423277043,148.4894147334365,27502.10212747773,27423.321183537126,27268.60285505669,25242.159784289535,213.67988877096457,56.51011088143447,1128.0653112725774,0.0018907292188788116,2.3815950084443425,8419.173080173612
2024-10-04 16:30:40.912519,1.0,1.0,1.0,1.0,1.0,1.0,1.0,894088.0,0.04214722489965788,0.03791807979615817,0.04547650165015326,0.031084516582433108,0.03526618335153976,0.03182472780550264,-3.1792248288790384e-06,0.00034653550634781527,-0.00041329922775427513,-0.0,0.0,0.0,0.0,1.0,0.0,0.0,206.53699125973444,206.05692465417897,206.2960440400251,150.1170142390633,148.75182217155265,148.42299837249791,27747.853501839523,27259.361335585007,27258.128891961216,25268.96992631539,213.97659669863708,56.49203314644116,1127.6975704808442,0.0018968094513643484,2.4064544748869423,8693.885839022149
2024-10-04 16:30:40.915955,1.0,1.0,1.0,1.0,1.0,1.0,1.0,894089.0,0.042393702000235525,0.03764230828317236,0.04581886408620406,0.03139505892336215,0.03501772965099794,0.031641298451732976,-3.179224828879035e-06,0.0003528939560055733,-0.00039740310360987996,-0.0,0.0,0.0,0.0,1.0,0.0,0.0,206.65474050878058,206.4195817449767,205.2916341057567,150.09257391286053,149.5944319675035,148.40046937689908,27747.828971411738,27508.802061837345,27088.477619047375,25297.831232644363,214.2894756487174,56.47428890002164,1127.3371810699987,0.0019022788708662889,2.4313059967451967,8701.236941432271
2024-10-04 16:30:40.997880,1.0,1.0,1.0,1.0,1.0,1.0,1.0,894090.0,0.0423322172659213,0.037711440220720746,0.04627140705916457,0.03191604715477278,0.0352936813544323,0.03151841915858901,1.2716899315516169e-05,0.00034653550634781527,-0.00042283690224091225,-0.0,0.0,0.0,0.0,1.0,0.0,0.0,205.60492081767472,206.54710791706404,205.761954045959,150.12020184678286,149.66483356052996,149.30601567769472,27578.521452310775,27534.172102380242,27358.731046299737,25341.523474647394,214.76843039908624,56.4460145631298,1126.765806028798,0.0019084476118226142,2.456144922958098,8871.683542868155
2024-10-04 16:30:41.001880,1.0,1.0,1.0,1.0,1.0,1.0,1.0,894091.0,0.04220897910845451,0.03722482060496381,0.046045691532351565,0.033021561356871405,0.03545822155341263,0.0316106234096681,1.2716899315516157e-05,0.0003433562815189363,-0.0004419122512141865,-0.0,0.0,0.0,0.0,1.0,0.0,0.0,205.95260610158283,205.57605783683388,205.90455039366117,151.14809442886548,149.7021631588456,149.40506087756748,27852.69525810826,27372.055460240532,27390.799239554,25391.144305066002,215.1910084797612,56.44586445066274,1126.7551062081532,0.0019152712303585526,2.4809836132993976,8480.292829796941
2024-10-04 16:30:41.083744,1.0,1.0,1.0,1.0,1.0,1.0,1.0,894092.0,0.04189929789626443,0.03757304914762413,0.045875676090774385,0.03254810944778678,0.03545822155341263,0.0316106234096681,1.5896124144395198e-05,0.0003401770566900572,-0.00044509147604306553,-0.0,0.0,0.0,0.0,1.0,0.0,0.0,206.06769326407647,205.94435537832456,204.87913350663047,151.1383789151482,150.58262275566446,149.2798061345166,27871.41738983495,27618.28040841929,27185.671383382727,25413.52091772946,215.34959281673514,56.45429595145464,1126.9176103438458,0.0019204107045381305,2.5058258859540885,8486.968813384537
2024-10-04 16:30:41.167746,1.0,1.0,1.0,1.0,1.0,1.0,1.0,894093.0,0.042023444236177564,0.037503662109375,0.04530435023736206,0.03251828982682399,0.03540345978860444,0.03203740138402003,3.179224828879042e-06,0.0003401770566900572,-0.0004419122512141865,-0.0,0.0,0.0,0.0,1.0,0.0,0.0,205.14616131472619,206.10562954583688,205.07076576051213,150.8979832487171,150.38057980733817,149.972437128549,27657.096768434192,27601.05045866494,27377.144590616037,25403.345079149607,215.2894656023181,56.44761122309284,1126.7809864559304,0.0019232328515596526,2.5306651468110726,8484.372733664615
2024-10-04 16:30:41.170746,1.0,1.0,1.0,1.0,1.0,1.0,1.0,894094.0,0.04251640472283598,0.037503662109375,0.04576198155144106,0.03254810944778678,0.034599675713128386,0.03191604715477278,3.17922482887904e-05,0.00034653550634781527,-0.00043237457672754936,-0.0,0.0,0.0,0.0,1.0,0.0,0.0,205.49252968205087,205.12001443566487,205.30528192220453,151.66528070876075,150.13569417763873,149.75060472608962,27880.190607200642,27359.926329663445,27368.729471454408,25396.67571427322,215.36524322719654,56.41305198078777,1126.0888017379157,0.0019252972508735588,2.555489148840495,8982.478576320576
2024-10-04 16:30:41.252312,1.0,1.0,1.0,1.0,1.0,1.0,1.0,894095.0,0.042393702000235525,0.037780445658522906,0.04598908955455482,0.032398736885968185,0.034823262373934814,0.03139505892336215,3.179224828879043e-06,0.00036561085532108955,-0.00040694077809651707,-0.0,0.0,0.0,0.0,1.0,0.0,0.0,205.79950477145283,205.47693314689258,204.40448671581032,151.56074322100966,151.0485892482401,149.60900843106214,27896.170584350304,27615.213229463126,27164.162530911417,25419.596458616532,215.59736109133289,56.40336006658743,1125.8916363293174,0.0019285774817873462,2.5803088044680216,8496.29404264393
2024-10-04 16:30:41.255312,1.0,1.0,1.0,1.0,1.0,1.0,1.0,894096.0,0.041587310697157,0.0373645014732293,0.04632766410980066,0.03260766687993288,0.03462770299655218,0.031641298451732976,-2.5433798631032307e-05,0.0003497147311766943,-0.0004355538015564284,-0.0,0.0,0.0,0.0,1.0,0.0,0.0,204.78225353274163,205.80600338822705,204.86430246056614,151.4677452418333,150.96788617787797,150.48255271158374,27686.151456565287,27638.400259917842,27431.241280320275,25446.931840003796,215.80541768597996,56.409779460312485,1126.0157503790758,0.00193214620587862,2.6051311961208223,8504.977344646552
2024-10-04 16:30:41.336825,1.0,1.0,1.0,1.0,1.0,1.0,1.0,894097.0,0.041774782619765874,0.03701431097784902,0.04621508152756301,0.032667115729434024,0.03434640099311143,0.0316106234096681,-4.13299227754275e-05,0.000324280932545662,-0.00042919535189867036,-0.0,0.0,0.0,0.0,1.0,0.0,0.0,205.1974262171025,204.78536128118296,205.23095550625848,152.31110623880872,150.79437982216484,150.25496883893248,27947.79247577763,27409.787628455328,27422.886566165467,25456.117701027295,215.98693987606225,56.382843311240585,1125.4755402449066,0.001934388061864744,2.629941679141332,8898.65279515329
2024-10-04 16:30:41.420457,1.0,1.0,1.0,1.0,1.0,1.0,1.0,894098.0,0.04183708658073959,0.03819186010094626,0.04627140705916457,0.032874340109372714,0.03434640099311143,0.03188563643118791,-3.815069794654847e-05,0.0003433562815189362,-0.00043237457672754936,-0.0,0.0,0.0,0.0,1.0,0.0,0.0,205.48895130656024,205.31023795714287,204.10899075925843,152.06443501742743,151.44229823928796,149.94578298781687,27927.482116132145,27642.339927280485,27165.6791667431,25442.904217752344,215.8320439912531,56.39407301834006,1125.6986399201292,0.0019353278898319,2.654757080270238,8505.800936979762
2024-10-04 16:30:41.423400,1.0,1.0,1.0,1.0,1.0,1.0,1.0,894099.0,0.04152463197171362,0.03893483061427055,0.045932417826860104,0.032874340109372714,0.03443103291031149,0.03218845078999174,-1.589612414439519e-05,0.00031156403323014586,-0.0004578083753585817,-0.0,0.0,0.0,0.0,1.0,0.0,0.0,204.50995509329547,205.60334007114054,204.56394315731936,151.8757513956394,151.31194984968698,150.69913707729577,27711.8922491233,27633.411761082174,27400.221113497082,25447.184802947784,215.75114088271866,56.424814339333565,1126.3102199854466,0.0019371501943081762,2.6795859633419172,8067.173301762463
2024-10-04 16:30:41.505486,1.0,1.0,1.0,1.0,1.0,1.0,1.0,894100.0,0.04183708658073959,0.03946638873835309,0.04541919034616077,0.03251828982682399,0.03392007415562166,0.03224867245309928,-1.2716899315516147e-05,0.00029566790908575063,-0.0004419122512141865,-0.0,0.0,0.0,0.0,1.0,0.0,0.0,205.12208763321507,204.67180802506766,204.79007518829272,152.91227996228173,151.26496715079045,150.56584229573187,28021.252422959307,27436.329354457303,27399.289979160243,25483.895985546198,216.03693159643842,56.43165928558588,1126.442961034793,0.0019405992174007039,2.704417772616284,8514.890271352317
2024-10-04 16:30:41.508932,1.0,1.0,1.0,1.0,1.0,1.0,1.0,894101.0,0.04127296521748623,0.03906839817849147,0.04576198155144106,0.0316106234096681,0.03386282504451316,0.03197678183797181,-2.8613023459911346e-05,0.0002988471339146297,-0.00042919535189867036,-0.0,0.0,0.0,0.0,1.0,0.0,0.0,205.34732699887002,205.2047192208061,203.97708443907308,152.67358260763558,152.09134980143355,150.39880870192184,28005.320704325168,27707.757905060946,27219.740258111833,25509.037972330865,216.38123199711052,56.39758227893196,1125.7601547077422,0.0019428943425786364,2.729234529804508,9017.559071897334
2024-10-04 16:30:41.590852,1.0,1.0,1.0,1.0,1.0,1.0,1.0,894102.0,0.041461858493688546,0.03906839817849147,0.04581886408620406,0.03157991857152382,0.034005767111097776,0.03157991857152382,-1.9075348973274224e-05,0.00029248868425687163,-0.0004260161270697913,-0.0,0.0,0.0,0.0,1.0,0.0,0.0,204.47433540126815,205.42679964436894,204.59630095614733,152.21665449302105,151.65318089681116,150.94503690702373,27752.213262977973,27649.011880208203,27434.22840953873,25477.226607343833,216.18271753237957,56.378847711348016,1125.3887259208323,0.001940646532305549,2.754043099051474,8785.698686277841
2024-10-04 16:30:41.594352,1.0,1.0,1.0,1.0,1.0,1.0,1.0,894103.0,0.04114655461363214,0.03839591423416135,0.04643997376336176,0.03151841915858901,0.03403428348265909,0.0316106234096681,-1.9075348973274228e-05,0.0002765925601124764,-0.0004387330263853075,-0.0,0.0,0.0,0.0,1.0,0.0,0.0,204.97657711807383,204.6437950521285,204.89468852649412,152.93112191528886,151.30407307120333,150.5706826773583,27979.126842758138,27413.571649208574,27390.158542712652,25459.667042945213,215.8925429725776,56.415632673876644,1126.1246368865736,0.0019391935242555026,2.7788678910468403,7984.451327562153
2024-10-04 16:30:41.676683,1.0,1.0,1.0,1.0,1.0,1.0,1.0,894104.0,0.041209808385968265,0.038463691717159486,0.046045691532351565,0.0313331966781849,0.03454355292563407,0.031364143052817484,-2.225457380215327e-05,0.0002670548856258393,-0.0004228369022409122,-0.0,0.0,0.0,0.0,1.0,0.0,0.0,205.32895926220388,205.20149117516746,204.00407331728204,152.7993005810305,152.1953543620273,150.5064703917762,27993.200810525334,27693.64765548797,27195.26548720086,25491.850024169795,216.1338080799046,56.424025665312655,1126.2894896305936,0.0019415697921447003,2.8036963171293636,8518.751557976955
2024-10-04 16:30:41.759698,1.0,1.0,1.0,1.0,1.0,1.0,1.0,894105.0,0.041336025552530284,0.03839591423416136,0.04541919034616077,0.031240173622796498,0.03443103291031149,0.03191604715477278,3.1792248288790447e-06,0.00026069643596808123,-0.0004482707008719446,-0.0,0.0,0.0,0.0,1.0,0.0,0.0,204.46417157428945,205.54827610841488,204.45242787637622,152.74730686637605,152.04137034231073,151.33598928442265,27819.569677031417,27701.03944779705,27462.717105244235,25525.27465502609,216.43350397512987,56.41994691411453,1126.2046477589229,0.001944605271171328,2.8285228729199603,8531.034726550602
2024-10-04 16:30:41.763198,1.0,1.0,1.0,1.0,1.0,1.0,1.0,894106.0,0.04139898983206045,0.03819186010094626,0.04576198155144106,0.031240173622796498,0.03406277598114669,0.03194642892952922,3.1792248288790477e-06,0.00023844186216592797,-0.0004514499257008236,-0.0,0.0,0.0,0.0,1.0,0.0,0.0,205.07293077051463,204.64328811811157,204.78457925117857,153.44805790107966,151.7754904040867,150.90140056321465,28082.299704220164,27469.76298699914,27421.627733490124,25521.863135469135,216.38342049844113,56.42543559812157,1126.3147607801113,0.0019441154144969129,2.853351856090935,8529.064781697018
2024-10-04 16:30:41.844741,1.0,1.0,1.0,1.0,1.0,1.0,1.0,894107.0,0.04108320345271294,0.0378493252884673,0.045246820880521094,0.030928076150071922,0.03443103291031149,0.03188563643118791,6.3584496577580886e-06,0.00023844186216592797,-0.0004482707008719446,-0.0,0.0,0.0,0.0,1.0,0.0,0.0,205.4547585455541,205.27210277675871,203.91378447636933,153.10338171154754,152.3994171942736,150.68314764955647,28042.038698025975,27720.166393503456,27217.068159993247,25522.83414598195,216.40645083751664,56.42153118361873,1126.237743928684,0.0019433004543548858,2.878179141468207,8529.947846107167
2024-10-04 16:30:41.848241,1.0,1.0,1.0,1.0,1.0,1.0,1.0,894108.0,0.04063698009803076,0.03798670986099516,0.045419190346160765,0.030485772407004817,0.03403428348265909,0.032097906445255474,3.1792248288790456e-06,0.00023208341250816986,-0.0004419122512141865,-0.0,0.0,0.0,0.0,1.0,0.0,0.0,204.54300573182556,205.6128013228793,204.73667517629838,153.0634365246907,152.14322070519916,151.57133668712746,27853.56546325098,27694.181156870818,27538.438430528066,25556.283970919518,216.6635379462131,56.42849581203071,1126.3756586606883,0.0019442814737038582,2.9030094670991273,8540.667786402777
2024-10-04 16:30:41.930283,1.0,1.0,1.0,1.0,1.0,1.0,1.0,894109.0,0.04063698009803076,0.03743414645719283,0.04518921828443541,0.030485772407004817,0.03426156002122874,0.03227874115189541,-3.179224828879038e-05,0.00025751721113920217,-0.0004260161270697913,-0.0,0.0,0.0,0.0,1.0,0.0,0.0,205.2624328852204,204.73014114349016,205.0251897323147,153.79454039095745,151.9648345067604,151.233440984086,28139.638167501733,27502.214621370644,27492.24826593253,25571.25002965688,216.8482089543654,56.41347759046573,1126.0754782019349,0.0019446360170416648,2.927833175418601,8762.767004492865
2024-10-04 16:30:42.013104,1.0,1.0,1.0,1.0,1.0,1.0,1.0,894110.0,0.040055960801949016,0.037503662109375,0.04484204885310999,0.03070772063827226,0.03448733880714076,0.03212811624624381,-2.8613023459911357e-05,0.0002988471339146297,-0.0004164784525831542,-0.0,0.0,0.0,0.0,1.0,0.0,0.0,205.44525189315226,205.47739444469502,204.12504709048946,153.26194667089493,152.57022993327587,150.9524273702769,28051.044182126865,27764.574196772865,27272.80088513607,25556.103628067303,216.71041491565876,56.41583482456001,1126.1240638089157,0.0019432777066076485,2.952657954780789,8542.383588888615
2024-10-04 16:30:42.016490,1.0,1.0,1.0,1.0,1.0,1.0,1.0,894111.0,0.04063698009803077,0.037780445658522906,0.044609101569099904,0.03070772063827226,0.03397722680635423,0.0321582976678794,1.907534897327424e-05,0.00029566790908575063,-0.00041329922775427513,-0.0,0.0,0.0,0.0,1.0,0.0,0.0,204.68647790182632,205.67116592598234,204.76045319108195,152.9473852616287,151.98238724748293,151.45172860470726,27841.881435342402,27654.14119223549,27492.638458150515,25522.948108632892,216.41218817540442,56.42011642187158,1126.2129147202616,0.001940277560577113,2.977484692811956,8530.162963945122
2024-10-04 16:30:42.098368,1.0,1.0,1.0,1.0,1.0,1.0,1.0,894112.0,0.04076497090344803,0.03764230828317236,0.044080469451694804,0.030676112065162197,0.03426156002122874,0.032368779656366614,4.132992277542751e-05,0.000321101707716783,-0.00041965767741203324,-0.0,0.0,0.0,0.0,1.0,0.0,0.0,205.4460791433026,204.91420552143168,204.93924910953444,153.7154489605666,151.86243075689785,151.07169326202623,28126.226731336406,27477.82074727156,27433.71952970042,25537.92697380861,216.62143125204167,56.398697930048165,1125.7853733241402,0.001940279968464557,3.002302005930568,8844.391836231864
2024-10-04 16:30:42.101860,1.0,1.0,1.0,1.0,1.0,1.0,1.0,894113.0,0.041712385598201944,0.038123599349151736,0.043962132407454745,0.03070772063827226,0.03411968959808029,0.032097906445255474,7.312217106421791e-05,0.0003306393822034201,-0.00041012000292539613,-0.0,0.0,0.0,0.0,1.0,0.0,0.0,205.666792537827,205.5824097090477,204.29124895601876,153.43573042353427,152.70874829915613,151.03110146926838,28095.31487139044,27774.421221149772,27298.847973966236,25579.439624091956,217.00194542759937,56.39141316208886,1125.6380903884228,0.0019419382584535331,3.027116072278686,8553.986764043295
2024-10-04 16:30:42.183604,1.0,1.0,1.0,1.0,1.0,1.0,1.0,894114.0,0.04120980838596827,0.038123599349151736,0.043962132407454745,0.03070772063827226,0.03363285413230715,0.032874340109372714,0.00011127286901076638,0.0003497147311766943,-0.0004355538015564284,-0.0,0.0,0.0,0.0,1.0,0.0,0.0,204.8874061442184,205.83618311759045,205.0212499862082,153.27158596699462,152.16386319363124,151.71973557202534,27907.2787359429,27701.452277803182,27583.526106493788,25586.11195014959,217.02846156234241,56.399186171631385,1125.7941457229124,0.0019411430007623446,3.0519335787799555,8555.215114158822
2024-10-04 16:30:42.187104,1.0,1.0,1.0,1.0,1.0,1.0,1.0,894115.0,0.04127296521748624,0.03798670986099516,0.043664886724146465,0.030833830904597324,0.033661686417184034,0.03260766687993288,0.00014306511729955676,0.00037196930497884767,-0.0004260161270697913,-0.0,0.0,0.0,0.0,1.0,0.0,0.0,205.57340750221218,205.0426210859217,205.29148324518147,153.76764121373898,151.7509811933567,151.17481916251683,28140.125098594217,27476.605677418684,27500.25771169133,25560.598089670995,216.66071046312436,56.43841068488162,1126.580502480754,0.001938140346556986,3.076768420079087,7980.507357685665
2024-10-04 16:30:42.269090,1.0,1.0,1.0,1.0,1.0,1.0,1.0,894116.0,0.041774782619765874,0.03832801689680105,0.043365603644530334,0.030833830904597324,0.034204882463775475,0.03245856839932655,0.00016849891593058908,0.00040376155326763796,-0.00039740310360987996,-0.0,0.0,0.0,0.0,1.0,0.0,0.0,205.8167345566542,205.76577623459815,204.40438787013812,153.1882829547141,152.26533128367146,150.9379464604693,28039.221078485658,27721.910128755535,27283.884064868034,25536.51788883525,216.55211444431654,56.413383995797204,1126.0835928917643,0.0019357879899054046,3.10159230728239,8891.514560017047
2024-10-04 16:30:42.352157,1.0,1.0,1.0,1.0,1.0,1.0,1.0,894117.0,0.042023444236177564,0.03880080326089556,0.04413951900188092,0.031146872746571578,0.03377676944149575,0.032308781866774994,0.00015260279178619387,0.00039740310360987996,-0.0003910446539521219,-0.0,0.0,0.0,0.0,1.0,0.0,0.0,204.99696524570075,206.036151392863,205.13594215410333,153.09180942002592,151.81163040365416,151.72241753204946,27852.46163904395,27640.51982944086,27579.40168576383,25544.30514855294,216.5077237099328,56.442125978107384,1126.657939747238,0.0019352387751631855,3.12642885564304,8125.010502029562
2024-10-04 16:30:42.355157,1.0,1.0,1.0,1.0,1.0,1.0,1.0,894118.0,0.04214722489965788,0.03819186010094626,0.044080469451694804,0.030990747087997286,0.03389146168814632,0.03221857569203676,0.00016531969110171005,0.000406940778096517,-0.0003942238787810009,-0.0,0.0,0.0,0.0,1.0,0.0,0.0,205.84000458958437,205.13418481674472,205.32852143271242,153.73698761307838,151.71881406485912,151.265488851345,28152.751963288676,27470.748259474585,27503.886967998584,25561.687516433474,216.68389637326402,56.434639753844365,1126.5079657796164,0.0019357165269420875,3.151262097910893,8541.621558561363
2024-10-04 16:30:42.436776,1.0,1.0,1.0,1.0,1.0,1.0,1.0,894119.0,0.0423322172659213,0.03819186010094626,0.04437493143949452,0.031084516582433108,0.03406277598114669,0.032398736885968185,0.00017167814075946816,0.0003942238787810009,-0.000403761553267638,-0.0,0.0,0.0,0.0,1.0,0.0,0.0,205.9765197615704,205.9599679398363,204.55116275355167,153.05240780493276,152.14528741556936,150.90400722959748,28017.040036427887,27716.86662933452,27304.411898832837,25531.607940380152,216.43241832347394,56.433528745959165,1126.4897302184977,0.0019322242903708343,3.176094938185932,8531.23618708668
2024-10-04 16:30:42.440723,1.0,1.0,1.0,1.0,1.0,1.0,1.0,894120.0,0.042882406350036345,0.038463691717159486,0.04513154216867338,0.03130221970899244,0.033748035476753,0.03245856839932655,0.00014306511729955676,0.00037196930497884756,-0.000403761553267638,-0.0,0.0,0.0,0.0,1.0,0.0,0.0,205.21916267241022,206.03644879720062,205.4777168185027,152.7365823029163,151.40782301747066,151.4102787776015,27810.4385958643,27563.81842575277,27565.37139861974,25497.9035502968,216.12332442795798,56.43939958628066,1126.6115952781895,0.001928082565882579,3.200930464908509,8518.59760073581
2024-10-04 16:30:42.522999,1.0,1.0,1.0,1.0,1.0,1.0,1.0,894121.0,0.042577623479846755,0.03853134997827472,0.044842048853109995,0.03130221970899244,0.03397722680635423,0.03242866644143693,0.00013034821798404061,0.00038786542912324284,-0.00040694077809651707,-0.0,0.0,0.0,0.0,1.0,0.0,0.0,206.0517775344232,205.33602395589463,205.5689267888593,153.541870538837,151.44769235612188,151.13297110034966,28117.408743876458,27446.917142952432,27496.977654954666,25536.443151089028,216.44648306121215,56.4404015730074,1126.629852978005,0.0019296270237602448,3.225766394111935,8531.93713470377
2024-10-04 16:30:42.605648,1.0,1.0,1.0,1.0,1.0,1.0,1.0,894122.0,0.04276075388833108,0.03825999906698716,0.04507379225100918,0.0316106234096681,0.03403428348265909,0.03248844283583844,8.583907037973408e-05,0.00037832775463660567,-0.00041012000292539613,-0.0,0.0,0.0,0.0,1.0,0.0,0.0,206.0817309566171,206.17435954988426,204.7922941679702,153.0664853535324,152.11203009364877,151.08485198777947,28017.238588814744,27737.023330815948,27353.346196629198,25551.141661105496,216.4395254319563,56.4747341599455,1127.3145666597698,0.0019301698109508404,3.2506174174480793,8044.301928489247
2024-10-04 16:30:42.609648,1.0,1.0,1.0,1.0,1.0,1.0,1.0,894123.0,0.041774782619765874,0.03825999906698716,0.0447839256286125,0.03197678183797181,0.034091244666417886,0.032398736885968185,4.1329922775427525e-05,0.0003656108553210895,-0.00042283690224091225,-0.0,0.0,0.0,0.0,1.0,0.0,0.0,205.4018857286469,206.20855471670978,205.4379295174846,152.7029927635743,151.27799508243015,151.44492182776722,27820.70011923735,27568.278313063645,27561.938198374963,25499.908128071205,215.9470548753696,56.48980538623427,1127.6198499620182,0.0019262393876097023,3.2754751705850196,8294.389823408494
2024-10-04 16:30:42.690854,1.0,1.0,1.0,1.0,1.0,1.0,1.0,894124.0,0.04189929789626443,0.03900167157440239,0.0446091015690999,0.032007105962223864,0.03443103291031149,0.03224867245309928,2.3129646346357427e-21,0.00034653550634781527,-0.00041647845258315413,-0.0,0.0,0.0,0.0,1.0,0.0,0.0,206.15156661147876,205.49166527099771,205.58912181317953,153.1249896834867,151.14341932031923,150.77406754395733,28050.611865869563,27397.01678920864,27427.814852404717,25474.120744031887,215.7909351877361,56.47332915219176,1127.294499318584,0.0019231057898124724,3.300325751547776,8738.14748867756
2024-10-04 16:30:42.694354,1.0,1.0,1.0,1.0,1.0,1.0,1.0,894125.0,0.04152463197171362,0.03859888964444313,0.04513154216867338,0.032097906445255474,0.03411968959808029,0.032308781866774994,-2.5433798631032317e-05,0.00029566790908575063,-0.00041965767741203324,-0.0,0.0,0.0,0.0,1.0,0.0,0.0,206.28321317768578,206.27873306421913,204.966457541274,152.66705034546078,152.0334963694637,150.91752494619465,27961.099617159158,27730.851411733205,27322.763104513393,25518.064636467756,216.21402064445118,56.46013549064701,1127.0294441388419,0.0019246018940728817,3.325170489516348,8712.23441247386
2024-10-04 16:30:42.777102,1.0,1.0,1.0,1.0,1.0,1.0,1.0,894126.0,0.040956207156739845,0.03853134997827472,0.04587567609077438,0.03233879467572394,0.03406277598114669,0.03257790177388484,-5.72260469198227e-05,0.00030202635874350875,-0.00042919535189867025,-0.0,0.0,0.0,0.0,1.0,0.0,0.0,205.49303677918272,206.35979271023749,205.82487681595123,152.54087276808428,151.42254121039542,151.51120603099852,27800.882234056025,27615.119429639013,27612.61745561629,25521.932580666486,216.13599187320418,56.48904256888365,1127.6072140323845,0.0019239459959317841,3.3500279641012396,8108.141724606268
2024-10-04 16:30:42.859957,1.0,1.0,1.0,1.0,1.0,1.0,1.0,894127.0,0.04114655461363214,0.03886787470812279,0.04610222401715648,0.0321582976678794,0.034091244666417886,0.03284481667269478,-2.5433798631032303e-05,0.00030520558357238775,-0.00046416682501633976,-0.0,0.0,0.0,0.0,1.0,0.0,0.0,206.29620763328316,205.53159560080027,205.8958501906651,152.82184407579106,151.0753284340468,150.66449990826248,28029.30637092903,27414.05787611327,27431.83016673496,25471.580483286314,215.75846735378985,56.47600785521771,1127.3517073044384,0.001919797346047306,3.374879806182262,8686.862086444851
2024-10-04 16:30:42.862960,1.0,1.0,1.0,1.0,1.0,1.0,1.0,894128.0,0.04114655461363215,0.03859888964444313,0.04615868726430256,0.032785690042080325,0.034005767111097776,0.032756086704177324,-4.13299227754275e-05,0.0003083848084012668,-0.00048006294916073494,-0.0,0.0,0.0,0.0,1.0,0.0,0.0,206.3600136866493,206.44574315944234,205.00084884240783,152.13505523248637,151.52964678340797,150.5648126872438,27859.531617376997,27673.43656848978,27246.368652314257,25439.572821216385,215.55394086228148,56.458392074552826,1127.0034076239808,0.00191683980675324,3.3997239701903283,8744.535218184006
2024-10-04 16:30:42.944869,1.0,1.0,1.0,1.0,1.0,1.0,1.0,894129.0,0.04152463197171362,0.038463691717159486,0.04610222401715648,0.032398736885968185,0.033661686417184034,0.03242866644143693,-4.450914760430654e-05,0.00032746015737454104,-0.0004927798484762511,-0.0,0.0,0.0,0.0,1.0,0.0,0.0,205.60695669740772,206.47459315907327,205.85038085111725,152.3552638757955,151.21239449405263,151.40232420042315,27770.453759025357,27580.949199132305,27575.74927284922,25487.210707628266,215.93077741610182,56.46556293393437,1127.1433238792863,0.0019196964368685826,3.4245712185745116,8511.119197751545
2024-10-04 16:30:42.947869,1.0,1.0,1.0,1.0,1.0,1.0,1.0,894130.0,0.04139898983206046,0.037711440220720746,0.046775284787538986,0.031763702384431956,0.03348832035600082,0.03203740138402003,-3.4971473117669426e-05,0.0003083848084012668,-0.0005054967477917672,-0.0,0.0,0.0,0.0,1.0,0.0,0.0,206.49515444756238,205.72136360164805,205.78148149329311,152.9272754504106,151.1936365508585,150.8754586689399,28056.745636874275,27463.959932422375,27452.565584219352,25502.107561620345,216.1213298774457,56.44879201691746,1126.8077463695042,0.0019204077637260124,3.449411069338924,8758.704922878276
2024-10-04 16:30:43.030398,1.0,1.0,1.0,1.0,1.0,1.0,1.0,894131.0,0.041461858493688546,0.037918079796158174,0.0478760303248665,0.03170255949350469,0.03340129988750126,0.03203740138402003,-4.7688372433185584e-05,0.00030202635874350875,-0.0005245720967650415,-0.0,0.0,0.0,0.0,1.0,0.0,0.0,206.3743094697073,206.58103181967914,205.16439703170553,152.0403355566811,151.5157248967075,150.5598248449263,27848.843177001894,27692.216362126277,27290.64018083221,25455.20926015928,215.71176740814158,56.45171624807636,1126.8710362548431,0.0019160522039554275,3.4742523152936973,8501.856047567937
2024-10-04 16:30:43.033398,1.0,1.0,1.0,1.0,1.0,1.0,1.0,894132.0,0.04108320345271294,0.03825999906698716,0.04814728479203762,0.03157991857152382,0.03290383705573704,0.03194642892952922,-3.4971473117669426e-05,0.0002734133352835974,-0.0005277513215939206,-0.0,0.0,0.0,0.0,1.0,0.0,0.0,205.71855490926,206.47781188479087,206.13948604537126,151.97025103781615,150.9432726140411,151.1935252078582,27713.97772652744,27543.429471134066,27573.209434991622,25453.57472619759,215.69759724741428,56.45171624807636,1126.872701985607,0.0019145768451228006,3.4990935979685798,8501.273401915836
2024-10-04 16:30:43.115635,1.0,1.0,1.0,1.0,1.0,1.0,1.0,894133.0,0.0418370865807396,0.037780445658522906,0.048845497142607545,0.031146872746571578,0.032933307582966455,0.03185519667586617,-2.5433798631032307e-05,0.00027023411045471834,-0.0005150344222784043,-0.0,0.0,0.0,0.0,1.0,0.0,0.0,206.51955527571522,205.85714456581783,206.06607716483592,152.65156776609834,151.06843322440963,150.71484744385384,28004.54837837887,27458.001730157932,27444.50944607281,25478.01286211462,215.99320062367232,56.428650656344445,1126.4109264891417,0.0019157702803441745,3.523924701059185,8843.480630946924
2024-10-04 16:30:43.198504,1.0,1.0,1.0,1.0,1.0,1.0,1.0,894134.0,0.042023444236177564,0.03666077555081008,0.04963892475308669,0.03105329154533826,0.03308026640118225,0.0321582976678794,3.179224828879043e-06,0.0002734133352835974,-0.0005563643450538319,-0.0,0.0,0.0,0.0,1.0,0.0,0.0,206.50206181504993,206.64705862985537,205.29310427342094,151.93622079541151,151.50319625243148,150.58841124299255,27847.701072465712,27705.47394379149,27285.9874222263,25455.8555463063,215.75128121607335,56.442698801337066,1126.6932603112787,0.0019140790229288517,3.548762028042047,8301.88976513817
2024-10-04 16:30:43.202004,1.0,1.0,1.0,1.0,1.0,1.0,1.0,894135.0,0.04245509769062346,0.03715478325109878,0.04974375892424917,0.03095942747707764,0.033284918697807614,0.03233879467572394,1.2716899315516158e-05,0.00029248868425687163,-0.0005627227947115899,-0.0,0.0,0.0,0.0,1.0,0.0,0.0,205.82086415430177,206.60558343715303,206.00451185595645,151.80118677313095,150.6731553872095,150.9071145488456,27696.164321574102,27505.72535855229,27502.39180371361,25411.744918519606,215.3487960765365,56.45001518166606,1126.843025842226,0.001910785837836113,3.5736026565228354,8486.871514984754
2024-10-04 16:30:43.283748,1.0,1.0,1.0,1.0,1.0,1.0,1.0,894136.0,0.04269979768643891,0.037780445658522906,0.049375865536358574,0.030802351742838057,0.03340129988750126,0.03218845078999174,2.8613023459911357e-05,0.00029566790908575063,-0.000565902019540469,-0.0,0.0,0.0,0.0,1.0,0.0,0.0,206.68589609311428,205.92256263419515,205.9836865293662,152.40227172755937,150.86210006584503,150.34207930297586,27982.268094900428,27412.95209833987,27357.77606733932,25426.750942074716,215.5685526161433,56.42577694978346,1126.3590305967414,0.0019109248605003654,3.5984326155973236,8841.796261382591
2024-10-04 16:30:43.287248,1.0,1.0,1.0,1.0,1.0,1.0,1.0,894137.0,0.04306424069081518,0.037711440220720746,0.04911139729519536,0.03086527796111811,0.0333431600699038,0.032368779656366614,3.179224828879043e-06,0.00030520558357238775,-0.0005468266705671948,-0.0,0.0,0.0,0.0,1.0,0.0,0.0,206.61990753393087,206.82979630621332,205.33239294550944,151.84256621841593,151.56654810902972,150.48095973944345,27838.76984394847,27734.555732928162,27272.95539448291,25456.33005912296,215.7711853646983,56.43842574616402,1126.610327057435,0.0019119844656477853,3.623268114362679,8324.760772204467
2024-10-04 16:30:43.368964,1.0,1.0,1.0,1.0,1.0,1.0,1.0,894138.0,0.04306424069081518,0.038123599349151736,0.048685259978782675,0.03054935072925873,0.0333431600699038,0.03260766687993288,1.5896124144395198e-05,0.0003083848084012668,-0.0005372889960805577,-0.0,0.0,0.0,0.0,1.0,0.0,0.0,205.81254521744145,206.74299464098345,206.35412072949208,151.77011916687994,150.9383400023287,150.87871243871447,27706.88041701882,27568.013166423625,27542.78677389897,25446.360897253682,215.64278810613686,56.449826170484364,1126.8396655597646,0.0019104202760597574,3.6481086687679074,8498.98569026316
2024-10-04 16:30:43.451848,1.0,1.0,1.0,1.0,1.0,1.0,1.0,894139.0,0.04220897910845451,0.03839591423416136,0.04905833256084958,0.031022035078891817,0.03308026640118225,0.032696799620819436,2.8613023459911357e-05,0.00030520558357238775,-0.0005277513215939206,-0.0,0.0,0.0,0.0,1.0,0.0,0.0,206.75468570555273,206.02488448320327,206.20481005306863,152.1928555657175,150.90288955868556,150.15418993356732,27970.979402636298,27445.771836655094,27338.527667662252,25425.514020771476,215.51058676905652,56.438063439749115,1126.6071790879903,0.0019083660704373809,3.672944098138025,8493.33581949299
2024-10-04 16:30:43.455348,1.0,1.0,1.0,1.0,1.0,1.0,1.0,894140.0,0.0423322172659213,0.038123599349151736,0.04814728479203763,0.03170255949350469,0.033168129149298335,0.032785690042080325,6.358449657758082e-06,0.0003306393822034201,-0.0005213928719361625,-0.0,0.0,0.0,0.0,1.0,0.0,0.0,206.57131380386738,206.98052053864464,205.49816515719905,151.6258679705361,151.49511923943882,150.2200294070091,27805.407732722342,27728.172730981245,27229.738459640008,25427.707592468396,215.40128580286597,56.47155995993964,1127.2760995142073,0.0019081283447049853,3.697794273487316,8012.909170674095
2024-10-04 16:30:43.537089,1.0,1.0,1.0,1.0,1.0,1.0,1.0,894141.0,0.042023444236177564,0.0378493252884673,0.047603230210664246,0.03194642892952922,0.03380547898296581,0.03272645658802371,5.2041704279304214e-21,0.000321101707716783,-0.0005023175229628882,-0.0,0.0,0.0,0.0,1.0,0.0,0.0,205.99407524241448,206.75600615690817,206.3592549914625,151.6931061175069,150.9783193205928,150.76187897869048,27727.9949478649,27565.45049131306,27492.16635107692,25434.670150171092,215.46030103292225,56.47155995993964,1127.2759188319526,0.0019082883210318252,3.722644444853567,8491.841200375817
2024-10-04 16:30:43.540532,1.0,1.0,1.0,1.0,1.0,1.0,1.0,894142.0,0.041461858493688546,0.03764230828317236,0.04738385931883414,0.03221857569203676,0.03411968959808029,0.032637404840404415,9.537674486637122e-06,0.0003497147311766943,-0.00048006294916073494,-0.0,0.0,0.0,0.0,1.0,0.0,0.0,206.9243352549187,206.1478290728716,206.09975534163024,152.1724061395394,151.0688083480302,150.02700433406963,28000.456829201983,27485.504786618574,27294.451100548362,25432.727353441354,215.52243711559905,56.45093582866902,1126.86483934967,0.0019077427079750512,3.747485554201009,8788.076223198015
2024-10-04 16:30:43.622578,1.0,1.0,1.0,1.0,1.0,1.0,1.0,894143.0,0.040956207156739845,0.037780445658522906,0.04688652224495428,0.03197678183797181,0.03434640099311143,0.03227874115189541,2.2254573802153277e-05,0.0003656108553210895,-0.00046416682501633976,-0.0,0.0,0.0,0.0,1.0,0.0,0.0,206.6919279369735,207.02337090738484,205.63282938152167,151.48043402635167,151.5565167855422,150.14361056425145,27805.078838496967,27750.124675677685,27235.52933592693,25435.188689747334,215.42491262503736,56.4819054557247,1127.4840850448243,0.0019068266662484613,3.7723403144757746,8049.363286173847
2024-10-04 16:30:43.626078,1.0,1.0,1.0,1.0,1.0,1.0,1.0,894144.0,0.04063698009803076,0.03798670986099516,0.04615868726430256,0.03197678183797181,0.03431814397393635,0.0316106234096681,1.58961241443952e-05,0.0003974031036098799,-0.00041329922775427513,-0.0,0.0,0.0,0.0,1.0,0.0,0.0,206.08050372922636,206.88264670343273,206.5552855917847,151.5875996894218,150.8925671152579,150.65823508856707,27715.13708331429,27574.291349498246,27508.29640267254,25436.536720716915,215.47546797359254,56.47159202180103,1127.2792932706614,0.0019058672584690757,3.797190560229652,8492.469220968691
2024-10-04 16:30:43.708498,1.0,1.0,1.0,1.0,1.0,1.0,1.0,894145.0,0.0401858021823441,0.03825999906698716,0.04598908955455482,0.03142594437984583,0.03443103291031149,0.03139505892336215,2.8613023459911357e-05,0.00042283690224091225,-0.00041329922775427513,-0.0,0.0,0.0,0.0,1.0,0.0,0.0,206.93644497852273,206.30255416657377,206.40008569479477,152.15102081802183,151.10183370778796,149.9498553243648,28004.06137621641,27507.282208514484,27314.52471607979,25445.103250308635,215.53899178781322,56.47395581638787,1127.3265944633354,0.0019057650852548856,3.8220418487120438,8495.128270972416
2024-10-04 16:30:43.791452,1.0,1.0,1.0,1.0,1.0,1.0,1.0,894146.0,0.04005596080194901,0.0378493252884673,0.04541919034616077,0.031084516582433108,0.034005767111097776,0.03157991857152382,4.132992277542751e-05,0.0004132992277542751,-0.00042283690224091225,-0.0,0.0,0.0,0.0,1.0,0.0,0.0,206.76184541497034,207.18685163301834,205.6835531922194,151.59230673360852,151.5303692562919,150.11671503461102,27835.794746552638,27764.097141885544,27235.507507852868,25448.274240369567,215.48122678645754,56.49615075685305,1127.769327912749,0.00190604775321857,3.846902897007365,8177.477412071312
2024-10-04 16:30:43.794952,1.0,1.0,1.0,1.0,1.0,1.0,1.0,894147.0,0.040185802182344105,0.037711440220720746,0.04610222401715648,0.03095942747707764,0.0344028454042274,0.030990747087997286,4.132992277542752e-05,0.00041647845258315413,-0.00042283690224091225,-0.0,0.0,0.0,0.0,1.0,0.0,0.0,206.13762245286063,206.9649853111492,206.54554909446156,151.71208247994593,150.8657170782792,150.514497876613,27762.03142608695,27561.829747975335,27488.4545729891,25440.65312818154,215.46412541683497,56.483675876296445,1127.521073775937,0.0019053679816323184,3.8717584726781586,8669.663795611159
2024-10-04 16:30:43.876870,1.0,1.0,1.0,1.0,1.0,1.0,1.0,894148.0,0.04082881584609786,0.037780445658522906,0.046775284787538986,0.030612797008878905,0.03428986366919591,0.03039015553037446,3.497147311766944e-05,0.000406940778096517,-0.00040694077809651707,-0.0,0.0,0.0,0.0,1.0,0.0,0.0,207.16521655472135,206.28973645455807,206.31349744442187,152.2106064143618,151.01110443741894,149.79928927436953,28053.28215057261,27480.444475654323,27284.021463353503,25441.80803664905,215.53528912330617,56.46755226805109,1127.199966195223,0.0019047037452478456,3.896606969710729,8724.465559710039
2024-10-04 16:30:43.880369,1.0,1.0,1.0,1.0,1.0,1.0,1.0,894149.0,0.041336025552530284,0.03729472643293347,0.046607930817067524,0.0300692367632191,0.03428986366919591,0.030198013527012933,2.543379863103232e-05,0.0003974031036098799,-0.0004260161270697913,-0.0,0.0,0.0,0.0,1.0,0.0,0.0,206.8760797390723,207.2953749899353,205.77029907924242,151.64844515829475,151.52791498548422,149.998520835914,27863.709648797012,27769.31935313741,27245.192080634723,25460.711609358805,215.70957441960297,56.463870683778374,1127.1260772275882,0.00190505576568405,3.921453837902057,8501.986029158828
2024-10-04 16:30:43.962053,1.0,1.0,1.0,1.0,1.0,1.0,1.0,894150.0,0.040956207156739845,0.03757304914762413,0.04699749641733918,0.029744855788601574,0.03426156002122874,0.030928076150071922,4.132992277542752e-05,0.000406940778096517,-0.00043237457672754936,-0.0,0.0,0.0,0.0,1.0,0.0,0.0,206.28900782211775,206.96057151303913,206.76715409003467,151.69986229318303,150.70216444910557,150.36279614996155,27784.81651616697,27537.402739664958,27503.886801219644,25443.346214262547,215.68763152978693,56.43099878233948,1126.47191405756,0.001903263840424774,3.946286285429726,8968.872340564087
2024-10-04 16:30:44.045097,1.0,1.0,1.0,1.0,1.0,1.0,1.0,894151.0,0.04108320345271294,0.0373645014732293,0.047218662327942335,0.02961410853680346,0.03394866250806731,0.03105329154533826,2.543379863103232e-05,0.00041965767741203314,-0.0004737044995029769,-0.0,0.0,0.0,0.0,1.0,0.0,0.0,207.14374615970695,206.34566171558507,206.16774154750468,148.28409574483186,147.30076898966595,145.95965369934711,26975.414322360335,26486.584706033427,26209.26901521655,24408.23939927411,206.89707757013701,56.43099878233948,1126.5578029968854,0.0018271629905562317,3.971120626331346,8138.935729983719
2024-10-04 16:30:44.048096,1.0,1.0,1.0,1.0,1.0,1.0,1.0,894152.0,0.04139898983206045,0.03701431097784902,0.04699749641733918,0.02891798855021124,0.033546208593426816,0.031022035078891817,-1.271689931551615e-05,0.0003974031036098799,-0.0004705252746740978,-0.0,0.0,0.0,0.0,1.0,0.0,0.0,206.29235694108326,207.23978954204907,205.53108689838137,141.83003453817014,141.39077703391806,140.42834088514795,24812.52085529296,24733.372246665225,24383.35474831884,22520.584057795808,191.23249899986652,56.32393636714552,1124.577347321254,0.0016878969620148377,3.99591130918785,8906.208095763459
2024-10-04 16:30:44.129860,1.0,1.0,1.0,1.0,1.0,1.0,1.0,894153.0,0.040956207156739845,0.03651840306907817,0.04710820916537822,0.029317795383615314,0.033226575237181734,0.031178004061435775,9.53767448663712e-06,0.00039422387878100085,-0.0004896006236473721,-0.0,0.0,0.0,0.0,1.0,0.0,0.0,206.06379146350068,206.07922400170384,206.25790346542928,135.42074313352595,134.38392047586052,133.76701591418905,22477.351919934063,22078.81637927424,22017.691614571348,20097.78832651213,171.1156955206158,56.163653289685584,1121.5788292174375,0.0015083033928861525,4.020635891378599,8801.167514012648
2024-10-04 16:30:44.133207,1.0,1.0,1.0,1.0,1.0,1.0,1.0,894154.0,0.04063698009803076,0.036589658557456724,0.04705288535396545,0.029744855788601574,0.03363285413230715,0.031115710284795706,2.5433798631032317e-05,0.000406940778096517,-0.00047688372433185594,-0.0,0.0,0.0,0.0,1.0,0.0,0.0,206.32225697502116,206.37914181900436,205.20296622739565,128.59826408325873,127.82847863078484,126.56381302699818,19724.71431826316,19405.172699637955,19154.760583808027,17362.17568946354,148.09101480494718,56.05101731104072,1119.5585717800404,0.001303967805492217,4.045315938116506,7160.322008320223
2024-10-04 16:30:44.214870,1.0,1.0,1.0,1.0,1.0,1.0,1.0,894155.0,0.04108320345271294,0.036802597262395625,0.04716346808075751,0.030612797008878905,0.033546208593426816,0.03120910432259612,1.2716899315516169e-05,0.00041965767741203314,-0.0004419122512141865,-0.0,0.0,0.0,0.0,1.0,0.0,0.0,205.97010299130596,206.1468343252644,205.19873263911322,121.02876717967838,120.92855982091017,119.89994369003963,16684.992847298145,16551.975313746578,16237.899653103435,14452.332256650807,124.06160283274038,55.68190238489943,1112.4280512255643,0.0010865258015613736,4.069838796490189,9813.385455950352
2024-10-04 16:30:44.218320,1.0,1.0,1.0,1.0,1.0,1.0,1.0,894156.0,0.04152463197171362,0.036447008273383014,0.04710820916537823,0.0303262434606198,0.03377676944149575,0.031146872746571578,6.358449657758086e-06,0.000406940778096517,-0.0004260161270697913,-0.0,0.0,0.0,0.0,1.0,0.0,0.0,205.144378807157,205.8342047687896,205.6702207187414,113.87848161132672,113.10617714883128,112.60612182382441,13734.468425617179,13388.076554771274,13432.289493198161,11504.80797389501,99.409935407286,55.30536056750653,1105.149329913502,0.0008659933022762067,4.094201199496283,8888.745428851653
2024-10-04 16:30:44.300716,1.0,1.0,1.0,1.0,1.0,1.0,1.0,894157.0,0.04050858489526056,0.036731754853566174,0.04671956673942695,0.03054935072925873,0.0333431600699038,0.03148762440853117,9.537674486637129e-06,0.0004005823284387589,-0.00040694077809651707,-0.0,0.0,0.0,0.0,1.0,0.0,0.0,205.51454271018238,205.7284958980432,204.5900722908355,106.40918539128725,106.01042483607745,104.68304526333651,10753.187211467673,10446.883487557427,10272.692424889558,8501.989248717282,73.95215489174036,54.92747058911652,1097.8451814109083,0.0006410547981445431,4.118402586606496,7852.024331621118
2024-10-04 16:30:44.384171,1.0,1.0,1.0,1.0,1.0,1.0,1.0,894158.0,0.039925697169818586,0.036447008273383014,0.04621508152756301,0.031115710284795706,0.03357511528435138,0.03170255949350469,-1.5896124144395188e-05,0.00038468620429436373,-0.00040694077809651707,-0.0,0.0,0.0,0.0,1.0,0.0,0.0,205.10884641509983,205.80235558017966,203.821012839133,97.72262768948096,98.1773575207696,97.17973242931866,7545.511407782262,7544.05121091408,7254.199139724305,5483.710596518529,48.129253552726794,54.42354898896228,1088.019759498493,0.0004145450720644466,4.142387377749219,8578.272385785454
2024-10-04 16:30:44.387668,1.0,1.0,1.0,1.0,1.0,1.0,1.0,894159.0,0.040315225390783915,0.03701431097784902,0.04610222401715648,0.031240173622796498,0.03386282504451316,0.03127121205432006,-2.5433798631032307e-05,0.0003910446539521219,-0.0003846862042943638,-0.0,0.0,0.0,0.0,1.0,0.0,0.0,204.69134651228384,204.81481464509105,204.03599983904905,89.16370841356466,88.75263539027313,88.67219091276263,4574.231892438598,4397.6146015720815,4384.417775563,2511.7881728634843,22.280762461387575,53.836529049853326,1076.5255571583907,0.00019041331443003727,4.166118785587021,8695.0353732683
2024-10-04 16:30:44.468922,1.0,1.0,1.0,1.0,1.0,1.0,1.0,894160.0,0.04063698009803076,0.03666077555081008,0.04627140705916457,0.03145679951185349,0.03380547898296581,0.03077084037730748,-2.5433798631032307e-05,0.00036879008014996856,-0.00037196930497884756,-0.0,0.0,0.0,0.0,1.0,0.0,0.0,204.65888741423433,204.40337401932808,203.16189036331266,79.74110532635343,80.04006142798765,78.79873318929673,1684.2660397968407,1502.15692698203,1272.764804064032,-431.3721902276164,-3.8702368275562304,53.21943224363852,1064.3537247892882,3.280764375910053e-05,4.1895818721423765,8090.548526379891
2024-10-04 16:30:44.472449,1.0,1.0,1.0,1.0,1.0,1.0,1.0,894161.0,0.04070102581168387,0.036802597262395625,0.04587567609077438,0.031641298451732976,0.03357511528435138,0.03073929670896773,-1.2716899315516147e-05,0.00034653550634781527,-0.0003179224828879039,-0.0,0.0,0.0,0.0,1.0,0.0,0.0,203.6781131887654,204.56222551586302,202.9346898160835,76.41118598509466,76.73475029195978,76.80303635406877,-437.9327692817892,-352.5649154376338,-487.2851026289671,-2332.950055334767,-21.195986929429154,52.56183320863736,1051.0495251651075,0.00017801796114762792,4.2127516750082385,8173.415971525348
2024-10-04 16:30:44.553868,1.0,1.0,1.0,1.0,1.0,1.0,1.0,894162.0,0.04082881584609787,0.03701431097784902,0.046045691532351565,0.032067668184708895,0.033748035476753,0.03105329154533826,3.497147311766943e-05,0.0003497147311766943,-0.0003306393822034201,-0.0,0.0,0.0,0.0,1.0,0.0,0.0,203.29086506968457,203.825634569651,202.95163894664674,77.59794339520623,77.59552426016398,77.57374868904347,-1413.4046593750409,-1487.6673704543769,-1512.813444586306,-3372.4242969169795,-31.093067267236382,51.800294694141634,1035.7382739588177,0.00025831892037989036,4.235583949847508,9188.584138160102
2024-10-04 16:30:44.637764,1.0,1.0,1.0,1.0,1.0,1.0,1.0,894163.0,0.041336025552530284,0.03764230828317236,0.046271407059164556,0.031549183850304155,0.03437463478414554,0.0313331966781849,1.5896124144395205e-05,0.00034017705669005726,-0.0003083848084012668,-0.0,0.0,0.0,0.0,1.0,0.0,0.0,202.54145076351833,203.81459522395693,202.59292225551522,79.65307396951331,79.40737450123169,79.47032403912759,-1887.7632273076988,-1945.8253935028622,-1894.6853450321455,-3806.2031156698827,-35.49588146217371,51.213270700622076,1023.9656241519433,0.00029268767293817727,4.258156703162147,6480.867102945192
2024-10-04 16:30:44.641263,1.0,1.0,1.0,1.0,1.0,1.0,1.0,894164.0,0.04189929789626443,0.037918079796158174,0.04627140705916457,0.030896693010431804,0.03443103291031149,0.03194642892952922,-3.179224828879042e-06,0.00034653550634781527,-0.00033699783186117815,-0.0,0.0,0.0,0.0,1.0,0.0,0.0,202.46152506552704,202.16402133240553,202.6755006028507,81.43177470462183,81.64945724156979,81.26027382539395,-1884.3812718272625,-2098.7631081153054,-2156.76674832307,-3936.143019876212,-37.26402383529516,50.449251127387726,1008.6778944198754,0.00030439314857575773,4.280392446968025,8892.340870931703
2024-10-04 16:30:44.722999,1.0,1.0,1.0,1.0,1.0,1.0,1.0,894165.0,0.041461858493688546,0.036943874546794715,0.04671956673942695,0.030422061214259163,0.03437463478414554,0.0316106234096681,-3.179224828879038e-05,0.000324280932545662,-0.00036879008014996856,-0.0,0.0,0.0,0.0,1.0,0.0,0.0,201.77018279232703,202.64584237885234,201.29106211609,82.88008108157345,82.93800052752063,83.16757938836408,-2006.3295302113506,-1971.6015705577672,-2043.5444001027977,-3889.3499696611834,-37.400453172039214,49.66756868129521,993.0509722518528,0.00030241199844003127,4.302283703956332,9116.69403800988
2024-10-04 16:30:44.726502,1.0,1.0,1.0,1.0,1.0,1.0,1.0,894166.0,0.04108320345271294,0.03715478325109878,0.04666378216223114,0.030990747087997286,0.03434640099311143,0.031641298451732976,-2.2254573802153284e-05,0.0002988471339146297,-0.0003878654291232428,-0.0,0.0,0.0,0.0,1.0,0.0,0.0,201.13589347806706,201.7318472788024,201.3348343695163,84.60503665557773,84.45929898454406,84.49310692324467,-1847.9306555204696,-1936.4249604160261,-1937.9992996862004,-3782.939432028438,-36.904580695455046,48.957464629322345,978.8598033285134,0.00029565384985256354,4.3238621245097075,8097.018156928757
2024-10-04 16:30:44.807288,1.0,1.0,1.0,1.0,1.0,1.0,1.0,894167.0,0.041587310697157,0.03637547335010833,0.04666378216223113,0.030581090322992784,0.034878935091133,0.03105329154533826,-1.9075348973274234e-05,0.00027977178494135546,-0.0004005823284387589,-0.0,0.0,0.0,0.0,1.0,0.0,0.0,200.94764022742106,200.97938865241883,200.52233578941198,85.62606210075339,85.87684448132919,86.08505644743546,-1663.7250658294145,-1636.7591097227178,-1794.6727367638216,-3565.535425253519,-35.27814585560225,48.27053944267066,965.1401579115216,0.00028032723998573395,4.34513810310189,7816.104800930394
2024-10-04 16:30:44.890789,1.0,1.0,1.0,1.0,1.0,1.0,1.0,894168.0,0.041774782619765874,0.03658965855745672,0.04710820916537822,0.03016587087444806,0.03479539261166803,0.03105329154533826,-9.53767448663712e-06,0.00027977178494135546,-0.0004164784525831542,-0.0,0.0,0.0,0.0,1.0,0.0,0.0,199.63835721623954,200.29079910019226,200.72147892974314,87.38195086717931,87.3464267491556,87.15401999669572,-1407.4288395749875,-1617.9881332730806,-1553.6455829297645,-3385.074550195594,-33.9960803571577,47.555098635182915,950.8472889900761,0.000267777505348063,4.366099003339182,8265.2430614551
2024-10-04 16:30:44.894008,1.0,1.0,1.0,1.0,1.0,1.0,1.0,894169.0,0.04114655461363214,0.036447008273383014,0.047218662327942335,0.030004641120915988,0.03518356039534762,0.031146872746571578,4.6259292692714854e-21,0.0002861302345991135,-0.00043237457672754936,-0.0,0.0,0.0,0.0,1.0,0.0,0.0,198.98955795196505,200.41073862907132,199.45517841572425,88.8698259384827,88.54826164458886,88.70419469856195,-1348.4934550240275,-1417.3160598042487,-1342.9651411565496,-3219.9376585246005,-32.847920140624844,46.81578290155231,936.0756954011247,0.0002562839015488214,4.386734272002247,8642.17156236421
2024-10-04 16:30:44.976342,1.0,1.0,1.0,1.0,1.0,1.0,1.0,894170.0,0.04202344423617756,0.03701431097784902,0.04787603032486651,0.02990748606458951,0.03567642805328406,0.031084516582433108,-1.5896124144395198e-05,0.00029566790908575063,-0.00046416682501633976,-0.0,0.0,0.0,0.0,1.0,0.0,0.0,198.9905199273288,199.34370866209207,198.79277582037372,90.24295396324575,90.35951767529257,90.3077397806118,-1153.6236254843047,-1185.5436471430614,-1290.1372725413617,-3052.5040301081744,-31.616995965843152,46.108732817380194,921.9492687878932,0.0002444087550653334,4.407058131438638,8219.551221210431
2024-10-04 16:30:44.979984,1.0,1.0,1.0,1.0,1.0,1.0,1.0,894171.0,0.04214722489965788,0.03729472643293347,0.0478760303248665,0.029515668014433095,0.03564922528298997,0.031084516582433108,-1.5896124144395198e-05,0.000321101707716783,-0.00047688372433185594,-0.0,0.0,0.0,0.0,1.0,0.0,0.0,198.3625246038001,198.33882749580388,198.58811228904958,91.71295454773937,92.23826805250816,91.4507364373175,-863.1971301852079,-1092.1930077034065,-1207.7907223093064,-2888.787636400972,-30.398493787115463,45.38434166501199,907.4755514449356,0.00023276954953278746,4.427062925817157,8505.460711550608
2024-10-04 16:30:45.061482,1.0,1.0,1.0,1.0,1.0,1.0,1.0,894172.0,0.04263875434188018,0.037503662109375,0.04814728479203763,0.029118578158502894,0.03578503234728569,0.030676112065162197,-5.722604691982271e-05,0.000321101707716783,-0.0005054967477917672,-0.0,0.0,0.0,0.0,1.0,0.0,0.0,197.86075369253825,197.53516568075918,198.15362417679793,93.56265710310369,94.0486867555661,93.09034793807454,-715.3149382144073,-988.9885123824058,-1098.6581955002066,-2761.4642750642706,-29.47588700260844,44.74156437490828,894.6309697331845,0.0002238609308589152,4.44678456852772,7371.47167840329
2024-10-04 16:30:45.064604,1.0,1.0,1.0,1.0,1.0,1.0,1.0,894173.0,0.04214722489965787,0.03715478325109878,0.04776709723644845,0.02984254030701896,0.03543085125095238,0.03070772063827226,-5.404682209094367e-05,0.00033699783186117815,-0.0005213928719361625,-0.0,0.0,0.0,0.0,1.0,0.0,0.0,197.47354924077092,197.1619499287009,197.06489719787186,95.26329128579742,95.91285011364774,94.89605382017756,-636.639784643472,-842.4438681074414,-1017.1062712267802,-2651.4408931545518,-28.75470653362524,44.03605025113577,880.5304772658404,0.0002163315690081489,4.466195373715447,8283.354713174229
2024-10-04 16:30:45.146696,1.0,1.0,1.0,1.0,1.0,1.0,1.0,894174.0,0.04183708658073959,0.03630379747090976,0.04803896680377672,0.030004641120915988,0.03465570761333854,0.030453933471522428,-8.265984555085502e-05,0.0002765925601124764,-0.0005404682209094367,-0.0,0.0,0.0,0.0,1.0,0.0,0.0,196.4712660999667,197.1497871604123,196.35206326645525,97.31321603565587,97.78051038900895,96.98623136889134,-594.9999104251184,-743.0725088268663,-843.2762266907453,-2539.91660835145,-27.992972530803225,43.3313663546164,866.446640096215,0.00020849445945739548,4.485295708537124,8290.746901747894
2024-10-04 16:30:45.230430,1.0,1.0,1.0,1.0,1.0,1.0,1.0,894175.0,0.042943103346232976,0.03694387454679471,0.04782159479808185,0.029744855788601574,0.03499001478345783,0.03039015553037446,-8.265984555085502e-05,0.00025751721113920217,-0.0005150344222784043,-0.0,0.0,0.0,0.0,1.0,0.0,0.0,196.09186633171146,195.86283094031205,196.2064373619034,99.38988342202472,100.01266939319102,98.8439749862796,-394.43798279640345,-683.0897309731658,-798.434108764717,-2431.2546641871963,-27.293536138461434,42.54017479812599,850.6326093276183,0.00020085323545607564,4.50404743183608,9545.022099685813
2024-10-04 16:30:45.234145,1.0,1.0,1.0,1.0,1.0,1.0,1.0,894176.0,0.042882406350036345,0.03666077555081008,0.04814728479203763,0.029939906113202793,0.03496227794613525,0.03039015553037446,-7.630139589309694e-05,0.00027977178494135546,-0.0005213928719361625,-0.0,0.0,0.0,0.0,1.0,0.0,0.0,196.27183504069043,195.51706857349737,194.39770921225045,101.28936972662129,102.11710487412599,101.61709915999693,-471.73273541011366,-416.1127071833025,-786.4555360208414,-2356.705040851461,-26.869450081729127,41.886396064208824,837.563676636942,0.00019605965500432327,4.522511057774388,7589.222509759757
2024-10-04 16:30:45.314771,1.0,1.0,1.0,1.0,1.0,1.0,1.0,894177.0,0.043003714672582107,0.03743414645719283,0.047984716118142805,0.0303262434606198,0.035128370462711604,0.03105329154533826,-7.312217106421791e-05,0.00030202635874350875,-0.0005054967477917672,-0.0,0.0,0.0,0.0,1.0,0.0,0.0,194.88784030969956,195.34434011706878,194.17995722937823,104.07038497445251,104.182709934429,103.91462031067205,-442.8924271969916,-479.34801998969033,-577.9752847847727,-2292.8793526384,-26.612664831413806,41.14505069447427,822.7430477875066,0.0001919624588044681,4.540647971183392,8836.469694983036
2024-10-04 16:30:45.318464,1.0,1.0,1.0,1.0,1.0,1.0,1.0,894178.0,0.043064240690815186,0.03743414645719283,0.047657915157139484,0.03054935072925873,0.03562200173928452,0.031146872746571578,-6.358449657758079e-05,0.00033699783186117815,-0.0005086759726206463,-0.0,0.0,0.0,0.0,1.0,0.0,0.0,194.11683687716976,194.8802935845896,193.69730168066476,106.71729111254668,106.7513589464726,106.26880606540718,-345.33954279331215,-435.77220755743366,-464.77091725926505,-2203.0668641479133,-25.986744397649527,40.48534049608923,809.5565401170041,0.00018558545258494252,4.558494195356638,7685.335311869303
2024-10-04 16:30:45.399911,1.0,1.0,1.0,1.0,1.0,1.0,1.0,894179.0,0.04324531047620408,0.03757304914762413,0.04841701959046651,0.030990747087997286,0.035512898874331005,0.03127121205432006,-6.040527174870175e-05,0.000324280932545662,-0.0005182136471072835,-0.0,0.0,0.0,0.0,1.0,0.0,0.0,194.3210597555213,193.1028208611533,193.59942405411414,108.69033319938312,109.86907369647523,108.78968182712381,-139.5049695605478,-307.47449873199827,-652.795350793938,-2149.771183572316,-25.844886594695563,39.72264188048594,794.3080944737544,0.00018219223232926503,4.576004276017037,9149.410651411958
2024-10-04 16:30:45.484347,1.0,1.0,1.0,1.0,1.0,1.0,1.0,894180.0,0.042023444236177564,0.03825999906698716,0.04743879714519196,0.030833830904597324,0.03515597625908419,0.031084516582433108,-4.13299227754275e-05,0.000324280932545662,-0.000483242173989614,-0.0,0.0,0.0,0.0,1.0,0.0,0.0,192.69157380186803,193.79710791618265,192.83313240256842,112.22490030139512,111.82996375687995,111.81752516619456,-312.2108566630368,-365.01012109463926,-292.17457295765854,-2102.3278847930537,-25.730549608261626,39.018506376207284,780.2302242871104,0.00017927805294018888,4.59320401785021,8305.694151549536
2024-10-04 16:30:45.487346,1.0,1.0,1.0,1.0,1.0,1.0,1.0,894181.0,0.041587310697157,0.03798670986099516,0.04782159479808185,0.030802351742838057,0.03526618335153976,0.031240173622796498,-3.815069794654847e-05,0.0003083848084012668,-0.0005054967477917672,-0.0,0.0,0.0,0.0,1.0,0.0,0.0,192.71319850182832,192.7114222208437,192.18875966562658,114.96892270369652,115.3735221724502,114.55585448432872,-134.9206681599573,-282.89434702494214,-426.3054183576144,-2057.094654804832,-25.666092314480117,38.2747690618904,765.3602551769752,0.00017652106615504117,4.610075959475445,8860.77032025306
2024-10-04 16:30:45.569358,1.0,1.0,1.0,1.0,1.0,1.0,1.0,894182.0,0.04089256110871732,0.038055216156251626,0.04749367142281465,0.031115710284795706,0.03515597625908419,0.0313331966781849,-3.179224828879038e-05,0.00029566790908575063,-0.0004927798484762511,-0.0,0.0,0.0,0.0,1.0,0.0,0.0,191.75822264165976,192.8786243529441,191.18103890261438,118.50951214715005,117.99545085220987,117.83235255482519,-220.98375332559525,-265.8352173865086,-181.79201541788046,-1995.1400423623122,-25.34642008384084,37.590057857980945,751.6715942973938,0.0001723366092100569,4.6266461421764005,8019.907383149906
2024-10-04 16:30:45.572859,1.0,1.0,1.0,1.0,1.0,1.0,1.0,894183.0,0.041209808385968265,0.038463691717159486,0.047603230210664246,0.030928076150071922,0.035238663890968365,0.03130221970899244,-4.450914760430655e-05,0.0002861302345991135,-0.0004991382981340092,-0.0,0.0,0.0,0.0,1.0,0.0,0.0,192.12044014576352,192.00297766456688,190.19270945013645,120.96391538830295,121.65994229465352,121.68951688095251,-246.91668114813277,14.405336728335397,-362.2312569158591,-1969.3623172205275,-25.516948886676577,36.856370553232225,737.0013137147738,0.0001710658808475814,4.642892926692069,8699.712827026104
2024-10-04 16:30:45.654416,1.0,1.0,1.0,1.0,1.0,1.0,1.0,894184.0,0.04095620715673985,0.03880080326089555,0.04743879714519196,0.031084516582433108,0.0357036100976489,0.031022035078891817,-1.5896124144395198e-05,0.00029248868425687163,-0.0004673460498452188,-0.0,0.0,0.0,0.0,1.0,0.0,0.0,191.3508274980632,191.00182753903323,190.3264920836344,124.66854861354504,125.41983945967078,124.63424355180517,-3.288383288710805,-61.07058549670929,-341.5553271267899,-1905.0927013624569,-25.187812977920732,36.11930243377207,722.265773695982,0.00016649681936656773,4.658814874414434,8747.007451701591
2024-10-04 16:30:45.657416,1.0,1.0,1.0,1.0,1.0,1.0,1.0,894185.0,0.03999088202492748,0.037918079796158174,0.047218662327942335,0.03157991857152382,0.03548557074494756,0.031364143052817484,3.17922482887904e-06,0.0002861302345991135,-0.0004927798484762511,-0.0,0.0,0.0,0.0,1.0,0.0,0.0,190.04009720716286,190.94478960871731,190.0293276349661,128.97838598198518,128.66095605243592,128.18177559500924,-17.109544524489717,-200.04307714899147,-86.01040448675437,-1870.1696529142046,-25.230877264255916,35.39659403527584,707.8154474717853,0.0001644695441820027,4.674418272723145,8529.490291766886
2024-10-04 16:30:45.739660,1.0,1.0,1.0,1.0,1.0,1.0,1.0,894186.0,0.039400336158606504,0.037918079796158174,0.04671956673942695,0.03157991857152382,0.03540345978860444,0.03148762440853117,-1.5896124144395195e-05,0.0002670548856258393,-0.0004514499257008236,-0.0,0.0,0.0,0.0,1.0,0.0,0.0,189.18222551228126,190.56406295242266,189.87444781692017,133.22118975347811,132.36129138859633,132.02934027221565,15.399909637299851,-214.59232186408062,48.26264301814626,-1821.1655899971636,-25.088463533179336,34.664639766871815,693.1811638132283,0.0001610164204195089,4.68969906637876,8653.717141307181
2024-10-04 16:30:45.823082,1.0,1.0,1.0,1.0,1.0,1.0,1.0,894187.0,0.03906839817849147,0.037084613626145846,0.04615868726430257,0.03145679951185349,0.03493451908670038,0.030802351742838057,1.5896124144395198e-05,0.00024480031182368605,-0.0004482707008719446,-0.0,0.0,0.0,0.0,1.0,0.0,0.0,188.97571382588845,189.66995196019266,189.29643979838303,137.05254765844757,136.70788572867585,136.20507351438357,85.47542057384189,-153.52300346148465,-38.03240303999222,-1807.1529857419634,-25.407101126641997,33.96651813356882,679.2211260241276,0.00016080047831121852,4.704672118756892,8149.000663394736
2024-10-04 16:30:45.826582,1.0,1.0,1.0,1.0,1.0,1.0,1.0,894188.0,0.03832801689680105,0.03666077555081008,0.04615868726430257,0.03130221970899244,0.03448733880714076,0.030676112065162197,3.179224828879043e-06,0.00022254573802153274,-0.0004387330263853075,-0.0,0.0,0.0,0.0,1.0,0.0,0.0,188.9780944590901,189.20607995084345,188.3753431555553,141.379332374416,140.53502595377267,140.61925718767648,13.014003502181197,11.73573247612501,12.235292457801048,-1762.632638724277,-25.311829921366414,33.254324916324926,664.9816268035408,0.00015768102828958843,4.719331269285539,8339.42843614461
2024-10-04 16:30:45.907846,1.0,1.0,1.0,1.0,1.0,1.0,1.0,894189.0,0.03839591423416136,0.036802597262395625,0.045419190346160765,0.030990747087997286,0.03417650843776925,0.03064447088906264,-2.3129646346357427e-21,0.0001843950400749843,-0.0004164784525831542,-0.0,0.0,0.0,0.0,1.0,0.0,0.0,187.67821985457635,189.17563685030228,187.96347591322785,146.51924067104866,145.73173912397405,145.4271166750914,71.51049728505804,-122.14391723329803,125.72839563470836,-1753.8030461407202,-25.709443069895038,32.576028868650454,651.4176676112461,0.00015795320261097477,4.733691409869325,7831.915566057989
2024-10-04 16:30:45.911343,1.0,1.0,1.0,1.0,1.0,1.0,1.0,894190.0,0.03913501101148131,0.03579804821997391,0.045246820880521094,0.031178004061435775,0.034005767111097776,0.030833830904597324,2.5433798631032317e-05,0.00016849891593058908,-0.0004260161270697913,-0.0,0.0,0.0,0.0,1.0,0.0,0.0,187.92800339218067,187.32969996673734,188.10166236886135,151.02112593139213,151.54560810720105,149.5208562255946,491.3562729852971,-59.173539801982194,-136.79370951850478,-1685.6951921551,-25.290154280638408,31.82989993426822,636.5007964774363,0.0001526900934795909,4.747722716316116,8797.301029958646
2024-10-04 16:30:45.993634,1.0,1.0,1.0,1.0,1.0,1.0,1.0,894191.0,0.03940033615860651,0.03587073468713995,0.04484204885310999,0.03151841915858901,0.03403428348265909,0.030676112065162197,4.76883724331856e-05,0.00015578201661507293,-0.00041012000292539613,-0.0,0.0,0.0,0.0,1.0,0.0,0.0,186.89180355432575,186.71805595804767,186.0029587691874,149.63425009865784,149.29894272136727,149.10584303173138,108.4825866656215,102.62498395402493,24.07054038039785,-1681.1273542490574,-25.739623177951948,31.18938709603113,623.6914811361893,0.00015431656950614856,4.761471648522496,7272.836434814713
2024-10-04 16:30:46.076549,1.0,1.0,1.0,1.0,1.0,1.0,1.0,894192.0,0.03953233095432663,0.03579804821997391,0.044550674429986614,0.03130221970899244,0.034204882463775475,0.030802351742838057,6.040527174870175e-05,0.0001875742649038633,-0.0003910446539521218,-0.0,0.0,0.0,0.0,1.0,0.0,0.0,185.50481207458492,184.82203901665983,183.79989321365716,145.74636055322847,146.2297206009745,145.99116098549155,20.750864355569707,198.2553080254059,-234.04588575584341,-1724.9278011763886,-27.03779691068284,30.465697924840633,609.21558130068,0.0001614556744693362,4.774901467559169,8388.948652794455
2024-10-04 16:30:46.080054,1.0,1.0,1.0,1.0,1.0,1.0,1.0,894193.0,0.03999088202492748,0.035505814366342106,0.044725726870264354,0.03105329154533826,0.03386282504451316,0.03095942747707764,4.132992277542751e-05,0.00016531969110171005,-0.00039422387878100085,-0.0,0.0,0.0,0.0,1.0,0.0,0.0,181.8072942657357,182.85219500107877,182.88301466710223,142.83181192076495,142.48795034576523,141.58339838961982,176.43396116894405,-180.77129347219255,-34.62150967903447,-1686.9901549019899,-27.01057581253588,29.825677578497004,596.4171011313362,0.00016169027233335317,4.7880491512107755,7190.984660581111
2024-10-04 16:30:46.161280,1.0,1.0,1.0,1.0,1.0,1.0,1.0,894194.0,0.04044423444177086,0.03579804821997391,0.04513154216867338,0.031240173622796498,0.034204882463775475,0.03170255949350469,5.0867597262064634e-05,0.00019075348973274234,-0.0004005823284387589,-0.0,0.0,0.0,0.0,1.0,0.0,0.0,180.39024648118874,180.2733618638128,179.07819218751627,138.15340413905082,138.32581352057585,137.6484211193603,71.86529133043516,54.52672470942933,-124.77652137578123,-1620.2608716645886,-26.585325418621395,29.10407125948136,581.9884227781807,0.00015977560427416832,4.800878762664019,8350.74682064267
2024-10-04 16:30:46.164779,1.0,1.0,1.0,1.0,1.0,1.0,1.0,894195.0,0.04082881584609787,0.0361600194902826,0.04449217056439318,0.031022035078891817,0.03411968959808029,0.03173314566510837,6.040527174870175e-05,0.00020347038904825854,-0.0003878654291232428,-0.0,0.0,0.0,0.0,1.0,0.0,0.0,177.1233917847836,177.5818154007853,176.09844772617134,133.25386811342958,133.7081402513238,132.4644147903596,111.7884268714898,-18.736871156084117,-161.3270089703338,-1583.697978844924,-26.603836654220714,28.427560225751794,568.4594255494163,0.0001614260332063232,4.813410134889464,7701.540149031425
2024-10-04 16:30:46.247040,1.0,1.0,1.0,1.0,1.0,1.0,1.0,894196.0,0.04164989509779679,0.03673175485356617,0.044550674429986614,0.030485772407004817,0.03406277598114669,0.03173314566510837,7.312217106421791e-05,0.00020664961387713757,-0.0003910446539521218,-0.0,0.0,0.0,0.0,1.0,0.0,0.0,174.7613927436244,173.47763464843987,172.37603644740534,126.98902427105685,128.6451081161331,126.4284189813287,275.2611183846451,87.81559118981339,-380.2893536479151,-1499.498769867825,-25.82274610980497,27.73026737146135,554.5172625015207,0.00015882451929924072,4.825634159876165,8014.174953766106
2024-10-04 16:30:46.330054,1.0,1.0,1.0,1.0,1.0,1.0,1.0,894197.0,0.04196141697840431,0.03729472643293347,0.045246820880521094,0.030453933471522428,0.034091244666417886,0.03224867245309928,4.4509147604306555e-05,0.00021936651319265374,-0.00041647845258315413,-0.0,0.0,0.0,0.0,1.0,0.0,0.0,170.31805349503756,169.44948853581968,169.8421440170818,120.90649784990558,122.41100014660226,119.03715176291504,447.50871579563983,-151.48127713224878,-340.8533383884492,-1437.2874300441297,-25.32767369449878,27.09933829407769,541.9006938289525,0.00015880840274996803,4.837580059615683,7086.921228370635
2024-10-04 16:30:46.333551,1.0,1.0,1.0,1.0,1.0,1.0,1.0,894198.0,0.04189929789626443,0.03729472643293347,0.0459324178268601,0.03070772063827226,0.03392007415562166,0.03257790177388484,3.8150697946548475e-05,0.00019075348973274234,-0.0004228369022409122,-0.0,0.0,0.0,0.0,1.0,0.0,0.0,166.12907107795198,165.9915536772662,164.93137110300262,112.65689643362978,115.13609581069045,111.7979656099872,337.983679319714,-31.857524453182336,-342.13131485441545,-1355.1446920786873,-24.55765677347474,26.35168871524864,526.9508691448752,0.00015730521294712532,4.849196398775499,8755.276947244263
2024-10-04 16:30:46.415660,1.0,1.0,1.0,1.0,1.0,1.0,1.0,894199.0,0.04183708658073959,0.03694387454679471,0.04598908955455482,0.030896693010431804,0.03406277598114669,0.032874340109372714,5.404682209094367e-05,0.00023844186216592797,-0.0004323745767275493,-0.0,0.0,0.0,0.0,1.0,0.0,0.0,162.05303761151725,161.316037739755,159.96122684747385,102.73446181686518,105.18511679273882,102.7447100528753,187.55922542069104,130.55523603625255,-365.2416489681473,-1272.7340330858437,-23.677478817131984,25.66914445469583,513.302740138864,0.0001561192567092348,4.860511872513671,7859.4543205726795
2024-10-04 16:30:46.419159,1.0,1.0,1.0,1.0,1.0,1.0,1.0,894200.0,0.041587310697157,0.03715478325109878,0.04649602686012361,0.030581090322992784,0.0344028454042274,0.032933307582966455,3.1792248288790396e-05,0.00023844186216592797,-0.0004450914760430655,-0.0,0.0,0.0,0.0,1.0,0.0,0.0,157.03172567675753,156.43951209420996,154.59364094639568,91.48629091958443,93.50264671947966,92.28137855211035,21.45584561077103,104.31228058924468,-307.68542279583534,-1225.4507261160556,-23.475250238420376,24.9285234420199,498.4906365540319,0.00016012237257407422,4.871500821657262,8677.357809342971
2024-10-04 16:30:46.501354,1.0,1.0,1.0,1.0,1.0,1.0,1.0,894201.0,0.0423322172659213,0.037084613626145846,0.04688652224495428,0.030485772407004817,0.03428986366919591,0.03313886745048406,9.537674486637124e-06,0.00023844186216592797,-0.0004737044995029768,-0.0,0.0,0.0,0.0,1.0,0.0,0.0,151.5447297429898,151.9180345445343,150.6806950586347,89.49210873123468,92.24803481521515,88.43243211662555,269.47681038252597,-105.58281613747232,-302.7773447441083,-1143.4875245011183,-22.533882858794975,24.23291852050141,484.58144482783547,0.0001587212496252389,4.882183150396578,8066.3890275099475
2024-10-04 16:30:46.504851,1.0,1.0,1.0,1.0,1.0,1.0,1.0,894202.0,0.042882406350036345,0.036518403069078165,0.04771253742739652,0.030833830904597324,0.03417650843776925,0.03299216966314644,4.6259292692714854e-21,0.00019075348973274234,-0.00047052527467409777,-0.0,0.0,0.0,0.0,1.0,0.0,0.0,147.35661021036267,146.6397411410027,147.17938840361217,89.75317581656205,92.48358371729667,88.32040972021824,478.74983523089367,-87.21757016531737,-230.53709061377896,-986.2341932344608,-20.04439289764638,23.495871627026535,469.84924223255285,0.00014511125413923566,4.8925407159142384,8735.856386769852
2024-10-04 16:30:46.585590,1.0,1.0,1.0,1.0,1.0,1.0,1.0,894203.0,0.04276075388833109,0.03608791569074071,0.04776709723644845,0.03095942747707764,0.034091244666417886,0.03310957989067469,2.5433798631032317e-05,0.0001907534897327424,-0.0004737044995029769,-0.0,0.0,0.0,0.0,1.0,0.0,0.0,143.96341859676906,142.51496717416123,141.51799378908973,89.68698271183845,92.32471093191037,89.00034159502648,323.7090172344095,72.8192864550482,-252.90752386765604,-935.5195596062839,-19.54682502151064,22.855018755146475,457.0334940021463,0.000146316005030941,4.902615765382019,7394.343212351872
2024-10-04 16:30:46.668805,1.0,1.0,1.0,1.0,1.0,1.0,1.0,894204.0,0.04269979768643891,0.03651840306907817,0.047218662327942335,0.03120910432259612,0.033661686417184034,0.033021561356871405,3.179224828879043e-06,0.00021300806353489565,-0.000483242173989614,-0.0,0.0,0.0,0.0,1.0,0.0,0.0,138.3482162940043,139.02329374205766,137.73940904755386,90.34746786033475,91.38644472184971,89.61692864268518,146.14771514678037,-25.818161471755488,-47.9810068357186,-905.64219138486,-19.5556007267419,22.11527259849741,442.2388249143531,0.000150635845202322,4.9123646745890195,8775.709080069277
2024-10-04 16:30:46.672805,1.0,1.0,1.0,1.0,1.0,1.0,1.0,894205.0,0.042393702000235525,0.036873303566316074,0.04710820916537822,0.03139505892336215,0.0337192770263005,0.033226575237181734,4.6259292692714854e-21,0.00022890418767929085,-0.0004927798484762511,-0.0,0.0,0.0,0.0,1.0,0.0,0.0,134.64965939842457,134.26843324318594,133.35971198132546,89.97449407244356,91.35481772576217,90.23496045822621,84.1188736811392,113.40404782168152,-118.2233548156971,-851.4928334218008,-19.006552161558865,21.393634435555555,427.8081336198174,0.00015087453113232053,4.921795467223483,8529.20161361462
2024-10-04 16:30:46.754390,1.0,1.0,1.0,1.0,1.0,1.0,1.0,894206.0,0.04269979768643891,0.036589658557456724,0.04825535964135791,0.032097906445255474,0.03394866250806731,0.032785690042080325,-6.358449657758079e-06,0.00025115876148144406,-0.0005182136471072835,-0.0,0.0,0.0,0.0,1.0,0.0,0.0,128.8936491260341,130.22488598186007,130.25815231287427,91.01662497631341,91.3389113666472,89.79514514812743,107.95688644447561,-172.34790349619774,2.615088688302625,-848.2619099778486,-19.57734596287479,20.69127482527053,413.75907520527596,0.00016050557709847596,4.930916556170231,8225.514242290305
2024-10-04 16:30:46.757890,1.0,1.0,1.0,1.0,1.0,1.0,1.0,894207.0,0.04183708658073959,0.03673175485356617,0.047930404028165105,0.032308781866774994,0.033661686417184034,0.032696799620819436,-9.537674486637124e-06,0.00025115876148144406,-0.0005245720967650415,-0.0,0.0,0.0,0.0,1.0,0.0,0.0,126.10302112373594,125.55974984891733,124.61023439668712,90.16967230941455,91.60250201821862,90.9191529507415,10.299005422080556,115.08607365748485,-175.04710665857897,-794.8649303068939,-18.99901568065164,19.978993738829804,399.51548503926927,0.0001611435945385872,4.939723653084874,8408.740577929084
2024-10-04 16:30:46.839641,1.0,1.0,1.0,1.0,1.0,1.0,1.0,894208.0,0.04214722489965788,0.03715478325109878,0.04754848237172128,0.032007105962223864,0.033661686417184034,0.032067668184708895,-6.358449657758082e-06,0.0002702341104547183,-0.0005086759726206463,-0.0,0.0,0.0,0.0,1.0,0.0,0.0,121.5977963633555,121.10762475685621,120.41179681753488,90.89455217726878,91.06970352963512,91.26178432731494,-34.944212022037185,42.503813272340636,-82.85909012731727,-755.571268612252,-18.70294207972709,19.292049625747595,385.7774945093841,0.00016457039764963702,4.948227903630503,8037.647935377725
2024-10-04 16:30:46.922330,1.0,1.0,1.0,1.0,1.0,1.0,1.0,894209.0,0.04227064309912445,0.037084613626145846,0.04738385931883414,0.03245856839932655,0.033661686417184034,0.03203740138402003,-1.2716899315516158e-05,0.000244800311823686,-0.00048642139881849305,-0.0,0.0,0.0,0.0,1.0,0.0,0.0,116.67254691130941,116.33216971727995,117.29361604823208,91.61795198862167,91.96095723107344,90.01654891954513,194.9118220361852,-178.64931675242295,-52.97117383925747,-697.6753934045147,-17.906031495877,18.606573753328526,372.0706764962813,0.0001633792741620725,4.956429994987932,8020.697438551567
2024-10-04 16:30:46.925829,1.0,1.0,1.0,1.0,1.0,1.0,1.0,894210.0,0.04220897910845451,0.03701431097784901,0.04738385931883414,0.03284481667269478,0.033834164163335345,0.0321582976678794,1.2716899315516153e-05,0.00023526263733704888,-0.00047688372433185594,-0.0,0.0,0.0,0.0,1.0,0.0,0.0,111.90532532391988,113.28777765006276,112.39628595381818,91.65899735515717,91.0146682016098,91.06914208076762,-64.74078612139014,-86.97495404192836,65.58822799759533,-670.9855639266024,-17.888618642330535,17.91229706285162,358.1852955024224,0.0001692852524646514,4.9643259908354525,8119.272553611409
2024-10-04 16:30:47.007705,1.0,1.0,1.0,1.0,1.0,1.0,1.0,894211.0,0.04139898983206046,0.03701431097784901,0.047218662327942335,0.03290383705573704,0.03389146168814632,0.03218845078999174,1.589612414439519e-05,0.0002543379863103231,-0.000483242173989614,-0.0,0.0,0.0,0.0,1.0,0.0,0.0,107.9879684367592,108.49290757010442,108.11183216909954,91.3759952436031,91.6776019673926,90.94077378115502,17.71188229766162,-48.011801266792716,-62.47228954067464,-630.7895581286698,-17.543135036363783,17.170917173749704,343.35918643560433,0.00017225940464080176,4.971895153345322,8765.193086928602
2024-10-04 16:30:47.010705,1.0,1.0,1.0,1.0,1.0,1.0,1.0,894212.0,0.04089256110871732,0.0378493252884673,0.04638385292864447,0.03308026640118225,0.03397722680635423,0.03245856839932655,3.815069794654846e-05,0.00030838480840126675,-0.00048642139881849305,-0.0,0.0,0.0,0.0,1.0,0.0,0.0,103.12324904551977,104.5462610155508,103.79031778053475,92.50051693228339,91.64876709590452,90.55263835737293,8.109436742372704,-206.20947667269363,70.69241712584235,-601.4502031982047,-17.477722960116488,16.433639352384144,328.6141097935603,0.0001785278746368361,4.979139268832327,8681.363449786222
2024-10-04 16:30:47.093378,1.0,1.0,1.0,1.0,1.0,1.0,1.0,894213.0,0.04095620715673986,0.03859888964444313,0.04615868726430256,0.03331405211143558,0.03414811083549323,0.03245856839932655,6.676372140645981e-05,0.00033699783186117815,-0.0004927798484762511,-0.0,0.0,0.0,0.0,1.0,0.0,0.0,98.77288943554963,100.39581581552021,99.49324290737091,92.22020748709693,90.92141619975024,91.49639599195926,-109.58913042467537,-91.67362477558521,116.26044529971745,-548.701874849627,-16.6702938558529,15.718516881743458,314.3146116843566,0.00017726211363264808,4.98606815982768,8372.271906190166
2024-10-04 16:30:47.096878,1.0,1.0,1.0,1.0,1.0,1.0,1.0,894214.0,0.04089256110871733,0.0378493252884673,0.046607930817067524,0.033168129149298335,0.03386282504451316,0.0321582976678794,7.630139589309694e-05,0.00029884713391462964,-0.0004959590733051301,-0.0,0.0,0.0,0.0,1.0,0.0,0.0,94.95513092260123,95.51585208979178,94.96578691346252,91.70916482986954,91.94133409736975,91.52541528620364,-10.069956271214442,-65.59470137474885,-66.4087646125467,-529.8784473320193,-16.815899434635437,15.048007994752977,300.9037053006533,0.00018758162019155296,4.992701414842308,7714.7020032624405
2024-10-04 16:30:47.178838,1.0,1.0,1.0,1.0,1.0,1.0,1.0,894215.0,0.04037978143756249,0.0373645014732293,0.04683093654403021,0.033284918697807614,0.03380547898296581,0.03191604715477278,5.4046822090943663e-05,0.0002638756607969603,-0.0004927798484762511,-0.0,0.0,0.0,0.0,1.0,0.0,0.0,91.46987447309631,90.23444421580774,90.87941771988993,91.21417180461403,92.69539373547197,91.6079002869245,83.18275008080039,15.080070266590614,-135.79382156409275,-459.8354468876707,-15.30302687362828,14.349741986495175,286.9435634612787,0.00017866616930485517,4.999026926285722,8134.45326981447
2024-10-04 16:30:47.262442,1.0,1.0,1.0,1.0,1.0,1.0,1.0,894216.0,0.04025056580563931,0.038123599349151736,0.04536180663361167,0.03310957989067469,0.033834164163335345,0.0321582976678794,4.7688372433185584e-05,0.0002797717849413554,-0.000483242173989614,-0.0,0.0,0.0,0.0,1.0,0.0,0.0,87.5348339861362,86.20688610953275,85.56031843667903,90.80577111405543,92.76133665258244,92.20840488081828,-12.99150175900131,123.70435459205711,-216.71775265713134,-447.94520726596056,-15.677818242966318,13.644709149368419,272.8416398219921,0.00019254043747314335,5.0050415686569085,8190.728559179432
2024-10-04 16:30:47.265441,1.0,1.0,1.0,1.0,1.0,1.0,1.0,894217.0,0.04101975445198809,0.037503662109375,0.04513154216867338,0.03308026640118225,0.03414811083549323,0.03221857569203676,3.4971473117669426e-05,0.00026387566079696023,-0.0004673460498452188,-0.0,0.0,0.0,0.0,1.0,0.0,0.0,82.22751594185758,82.58012408128266,81.78402635676257,91.43395492439018,92.20187767679849,92.45217035766052,-83.8388676161378,44.246966196396556,19.4777057889749,-387.7988221646965,-14.314188449679367,12.937825395071588,258.70876168648806,0.0001845217936004375,5.0107446595811975,8239.534049490287
2024-10-04 16:30:47.347400,1.0,1.0,1.0,1.0,1.0,1.0,1.0,894218.0,0.04139898983206046,0.037780445658522906,0.0446091015690999,0.03331405211143558,0.03406277598114669,0.03248844283583844,5.722604691982271e-05,0.00026069643596808123,-0.00047688372433185594,-0.0,0.0,0.0,0.0,1.0,0.0,0.0,78.17775860678117,77.33401016451812,78.03006710679946,91.35877675929855,92.6676370602535,92.18436278909796,12.89869055121527,4.318388396461594,-162.8292947105197,-398.80595013441894,-15.545561727358704,12.251481380810654,244.97772191781849,0.00021183437651847684,5.016145057362142,7879.638357491767
2024-10-04 16:30:47.350809,1.0,1.0,1.0,1.0,1.0,1.0,1.0,894219.0,0.04127296521748624,0.038463691717159486,0.044842048853109995,0.03290383705573704,0.03397722680635423,0.03248844283583844,6.040527174870174e-05,0.00025433798631032317,-0.00048006294916073494,-0.0,0.0,0.0,0.0,1.0,0.0,0.0,73.3861077176388,74.36463024750445,73.0935756411763,92.27323453291645,91.03788418855045,92.9118930533598,-217.12141068445402,25.973589300075965,49.55858380755186,-369.0547613114274,-15.278709107497875,11.535618521944695,230.66172326884097,0.00021952516007961044,5.021229866906201,8272.954722798468
2024-10-04 16:30:47.431974,1.0,1.0,1.0,1.0,1.0,1.0,1.0,894220.0,0.04101975445198809,0.03880080326089556,0.04443358966925187,0.03248844283583844,0.03337224263981984,0.03224867245309928,4.132992277542751e-05,0.0002638756607969603,-0.0004959590733051301,-0.0,0.0,0.0,0.0,1.0,0.0,0.0,69.01673342775358,68.63027304558975,69.34460527940219,93.2798079134849,93.02017029059385,90.98979201612984,98.52304954724848,-189.93913027153204,-57.47435376484048,-342.9515807545011,-15.060380899326653,10.875250883985698,217.45441771940264,0.00023263812877106352,5.026023528736816,7475.906271836278
2024-10-04 16:30:47.515238,1.0,1.0,1.0,1.0,1.0,1.0,1.0,894221.0,0.04108320345271294,0.03886787470812279,0.04449217056439318,0.032398736885968185,0.03357511528435138,0.032308781866774994,5.72260469198227e-05,0.00023844186216592797,-0.0004609876001874607,-0.0,0.0,0.0,0.0,1.0,0.0,0.0,64.49354850766031,65.06946376365856,64.95855685530313,92.09140292498317,93.09726711493212,91.55271355214025,2.2876377545883493,-59.563917497880055,-55.87459967366067,-306.09642209059564,-14.465850233656107,10.105503754933917,202.0624761831873,0.00023550985999971146,5.030477883767342,9003.939332626229
2024-10-04 16:30:47.519238,1.0,1.0,1.0,1.0,1.0,1.0,1.0,894222.0,0.04127296521748624,0.03839591423416136,0.0446091015690999,0.032696799620819436,0.03331405211143558,0.03218845078999174,4.132992277542752e-05,0.00021618728836377468,-0.00044509147604306553,-0.0,0.0,0.0,0.0,1.0,0.0,0.0,61.09819758350116,60.64606594011977,60.373940824648564,91.48295312267247,91.44502152284,94.00488226793102,-166.5336009857058,142.41068743430608,-10.444932117091414,-257.07725786013543,-12.989901302496065,9.451427328803899,188.98580701496942,0.00022610109363204844,5.034643970890873,7410.914293593205
2024-10-04 16:30:47.601066,1.0,1.0,1.0,1.0,1.0,1.0,1.0,894223.0,0.04189929789626443,0.03859888964444313,0.04507379225100919,0.03248844283583844,0.03340129988750126,0.03179422973639322,-3.1792248288790384e-06,0.00021618728836377465,-0.00043237457672754936,-0.0,0.0,0.0,0.0,1.0,0.0,0.0,56.4922340489998,55.31358406288361,56.460873089292065,92.98943029814373,94.2620664242263,90.77053742270235,163.16899364089576,-122.12388140938451,-75.08844422149367,-233.73844229067743,-12.850419890504465,8.686785371809814,173.69375692688274,0.00024146164270186387,5.038472953265794,8942.155624788124
2024-10-04 16:30:47.604066,1.0,1.0,1.0,1.0,1.0,1.0,1.0,894224.0,0.04183708658073959,0.03913501101148131,0.04484204885310999,0.032368779656366614,0.03417650843776925,0.032007105962223864,-6.3584496577580725e-06,0.00022572496285041177,-0.0004132992277542751,-0.0,0.0,0.0,0.0,1.0,0.0,0.0,51.61205248817561,51.80563250696494,52.51817189285637,92.28640902299067,92.09714201936096,93.29319637332925,-3.7748762369091855,-24.606225695353196,-0.06606268090459828,-212.07429150539895,-12.572418514216503,8.056041149552597,161.07961292075657,0.00025577122516083953,5.0420238638439585,7045.989167459341
2024-10-04 16:30:47.686244,1.0,1.0,1.0,1.0,1.0,1.0,1.0,894225.0,0.04269979768643891,0.03946638873835309,0.04501596824740669,0.032308781866774994,0.03406277598114669,0.03188563643118791,-1.589612414439519e-05,0.000241621086994807,-0.00038468620429436373,-0.0,0.0,0.0,0.0,1.0,0.0,0.0,46.8959810776052,47.686399663714276,48.622832373707396,93.0493431677509,94.00204365029508,90.09536917608834,120.77312674169512,-116.72315198813281,-75.033937976183,-207.28874229575806,-13.556688742659363,7.302854436418543,146.01365544312208,0.00029737197712837994,5.045242653759504,8699.067154758213
2024-10-04 16:30:47.769192,1.0,1.0,1.0,1.0,1.0,1.0,1.0,894226.0,0.04245509769062346,0.03893483061427055,0.04581886408620406,0.03227874115189541,0.03377676944149575,0.03197678183797181,-2.5433798631032307e-05,0.00021300806353489565,-0.00039740310360987996,-0.0,0.0,0.0,0.0,1.0,0.0,0.0,42.47062917632199,43.80053295431865,44.755672724318,95.60379953169901,90.02065820056777,92.11810399512801,-35.711889174168306,-106.56052793685865,254.08921449105807,-130.43006714832538,-9.340220249705736,6.668980176530686,133.34968143894346,0.00022433783635743786,5.048182273403669,7155.8976609866095
2024-10-04 16:30:47.772192,1.0,1.0,1.0,1.0,1.0,1.0,1.0,894227.0,0.04220897910845451,0.03946638873835309,0.04610222401715648,0.03218845078999174,0.03357511528435138,0.032007105962223864,-9.537674486637114e-06,0.00020664961387713757,-0.00036243163049221055,-0.0,0.0,0.0,0.0,1.0,0.0,0.0,38.47276589627935,39.62197540016746,40.144322281878054,91.90177242060837,91.40672295119842,95.36004274011349,-63.62731010318141,15.494233940715125,187.00864210561082,-106.43660152839708,-8.54430245664436,5.949135923697495,118.9558399537251,0.00022590272410610683,5.050804588808871,8375.333626718182
2024-10-04 16:30:47.854176,1.0,1.0,1.0,1.0,1.0,1.0,1.0,894228.0,0.04152463197171362,0.03893483061427055,0.046496026860123614,0.03185519667586617,0.033459338679991214,0.0321582976678794,-2.2254573802153274e-05,0.00020347038904825854,-0.0003751485298077266,-0.0,0.0,0.0,0.0,1.0,0.0,0.0,34.866069071114026,34.61773676469556,36.65544567648053,90.2254344068244,96.50070649318815,92.74199280606186,99.46136027764607,22.67400854423411,167.33253156857793,-43.543747480412506,-3.9500801852730016,5.263945291978561,105.26676412429254,0.00011532904129130984,5.053125136142456,8038.26048093956
2024-10-04 16:30:47.857173,1.0,1.0,1.0,1.0,1.0,1.0,1.0,894229.0,0.041461858493688546,0.038055216156251626,0.04615868726430257,0.031763702384431956,0.0337192770263005,0.032097906445255474,-2.2254573802153274e-05,0.00022890418767929085,-0.00036243163049221044,-0.0,0.0,0.0,0.0,1.0,0.0,0.0,31.59473022036877,30.051726265746865,31.453031656793986,92.28423998361978,99.35807044494689,88.28315374255901,234.56733961346956,2.12439226139234,18.268887143692222,-42.73307557385145,-4.460670164911374,4.574775787469754,91.48195172013735,0.0001482480222841811,5.05514180494482,8056.144662357601
2024-10-04 16:30:47.939526,1.0,1.0,1.0,1.0,1.0,1.0,1.0,894230.0,0.041461858493688546,0.038463691717159486,0.04671956673942695,0.0321582976678794,0.03406277598114669,0.032308781866774994,-1.2716899315516157e-05,0.00022254573802153277,-0.0003560731808344524,-0.0,0.0,0.0,0.0,1.0,0.0,0.0,28.09782069802935,26.500075937535676,27.638602214237054,95.13810919519781,97.59080359099838,85.77045995117643,175.06900901346313,110.87248432143436,29.20909892236845,-12.607216083057505,-1.5639421678876468,3.849146384020561,76.9785788546009,5.6490782324922064e-05,5.056838754949792,8648.369667689582
2024-10-04 16:30:47.942782,1.0,1.0,1.0,1.0,1.0,1.0,1.0,894231.0,0.0418370865807396,0.038666311337125336,0.046496026860123614,0.03248844283583844,0.03389146168814632,0.03185519667586617,-3.815069794654847e-05,0.000241621086994807,-0.00035925240566333144,-0.0,0.0,0.0,0.0,1.0,0.0,0.0,23.46419082956768,23.718415134043827,23.267949317625007,101.34443532045118,94.69611059088456,83.36050723238758,171.27273120254736,2.8267190783330745,182.88931131040496,9.431085537717188,1.385030285611343,3.2513903379948705,65.024017062023,5.8278113060128866e-05,5.058272173281471,6945.542323502138
2024-10-04 16:30:48.024605,1.0,1.0,1.0,1.0,1.0,1.0,1.0,894232.0,0.04133602555253029,0.03859888964444313,0.046942042124967255,0.03179422973639322,0.03431814397393635,0.03197678183797181,-2.8613023459911357e-05,0.00027023411045471834,-0.0003910446539521218,-0.0,0.0,0.0,0.0,1.0,0.0,0.0,20.22960646954319,18.686965927529737,20.442139246761776,105.0139481468326,92.1353630964904,84.74794346336326,401.1714238051509,-64.65206266592551,-107.87479592819992,-28.014755081721628,-5.181180186678927,2.582303044547566,51.63325640241153,0.00024792768933188666,5.05941039973372,7660.88337758896
2024-10-04 16:30:48.108592,1.0,1.0,1.0,1.0,1.0,1.0,1.0,894233.0,0.04070102581168386,0.03846369171715948,0.04688652224495428,0.03170255949350469,0.03445919735911931,0.03203740138402003,-3.179224828879041e-06,0.00026069643596808123,-0.00040694077809651707,-0.0,0.0,0.0,0.0,1.0,0.0,0.0,17.233330437297138,16.479203651203264,17.124226419666886,109.52367298180275,85.17127902009855,92.62117231168274,254.1044666847841,89.53400465205345,-180.4741192508486,-48.77718493353587,-11.619421527452246,2.005553680776084,40.08700471329894,0.0006000562950133339,5.0602940954820665,6056.531049248297
2024-10-04 16:30:48.111591,1.0,1.0,1.0,1.0,1.0,1.0,1.0,894234.0,0.04063698009803076,0.03839591423416136,0.046942042124967255,0.03151841915858901,0.034204882463775475,0.03191604715477278,1.5896124144395198e-05,0.00027977178494135546,-0.00041647845258315413,-0.0,0.0,0.0,0.0,1.0,0.0,0.0,13.972213083827446,11.51374473828101,16.383662242344787,116.33086386759169,82.25038531916255,93.88627234589747,451.3520915977789,-57.285282346773535,-232.6491601877193,-48.75434753930779,-16.67849236199839,1.3969901233078905,27.914377054058697,0.0009100068667238532,5.060909452416236,6249.243776212477
2024-10-04 16:30:48.193100,1.0,1.0,1.0,1.0,1.0,1.0,1.0,894235.0,0.040185802182344105,0.03880080326089555,0.04699749641733918,0.031115710284795706,0.03457162570793951,0.03167194378429309,4.132992277542751e-05,0.0002893094594279926,-0.00043237457672754936,-0.0,0.0,0.0,0.0,1.0,0.0,0.0,11.62786037868767,10.527477737609125,10.616963701484764,122.42932527265364,75.22045294905827,99.2157250107373,319.3376913628659,23.980756687913026,-256.45909270427944,-73.2259955008703,-37.215145524852986,0.9416795411144709,18.789574484945298,0.0023371187023999047,5.061323658147104,3115.807987982959
2024-10-04 16:30:48.197101,1.0,1.0,1.0,1.0,1.0,1.0,1.0,894236.0,0.04012093401707996,0.03853134997827472,0.046496026860123614,0.030928076150071922,0.03462770299655218,0.03139505892336215,4.132992277542751e-05,0.00032746015737454104,-0.00038786542912324284,-0.0,0.0,0.0,0.0,1.0,0.0,0.0,10.638537390781407,5.855879800084864,7.282222027866305,127.57504682802956,76.73903142695944,98.22163033140413,497.59412673297896,55.62608978239083,-582.3957544555878,-112.72293086349801,-101.95927781771144,0.531837174313638,10.557398226460505,0.007459544353462571,5.0615563901257845,0.0
2024-10-04 16:30:48.278670,1.0,1.0,1.0,1.0,1.0,1.0,1.0,894237.0,0.04025056580563931,0.03853134997827471,0.046607930817067524,0.030833830904597324,0.03468368961839258,0.03167194378429309,3.1792248288790396e-05,0.0003528939560055733,-0.0004419122512141865,-0.0,0.0,0.0,0.0,1.0,0.0,0.0,7.2235144126232855,3.027334078510151,7.588553836177234,137.11332851724245,73.6342525886395,94.03225546280574,590.1927576681668,-77.8077775541288,-660.7848908289263,-150.71293961488524,-248.52794056746527,0.2954178125436011,5.790908484458608,0.01987824725296155,5.061684047486153,0.0
2024-10-04 16:30:48.361919,1.0,1.0,1.0,1.0,1.0,1.0,1.0,894238.0,0.040185802182344105,0.03880080326089556,0.04671956673942694,0.03073929670896773,0.03543085125095238,0.03191604715477278,3.497147311766943e-05,0.00039740310360987996,-0.00043873302638530737,-0.0,0.0,0.0,0.0,1.0,0.0,0.0,4.71275028736531,2.920096149475144,7.637498040250095,144.39924360118678,67.75291503885514,94.29795684517029,511.7968351889672,-63.02712663716528,-671.0703674238252,-173.09368954459006,-800.2526049454318,0.10691206268492687,2.0655015283015996,0.034018483775448236,5.061729580319843,0.0
2024-10-04 16:30:48.365420,1.0,1.0,1.0,1.0,1.0,1.0,1.0,894239.0,0.03999088202492748,0.039135011011481306,0.04710820916537822,0.030676112065162197,0.03504542260087845,0.03194642892952922,2.5433798631032317e-05,0.00040694077809651707,-0.0004705252746740978,-0.0,0.0,0.0,0.0,1.0,0.0,0.0,3.875965369659717,2.2893358429393236,7.9024432035107255,148.47887622120402,66.97372560636913,95.59896854993946,454.54292490143234,14.68213112717121,-713.6946275154963,-0.0,0.0,0.04241797612551302,0.0,1.0,0.0,0.0
2024-10-04 16:30:48.447208,1.0,1.0,1.0,1.0,1.0,1.0,1.0,894240.0,0.03986040571620479,0.03853134997827472,0.04643997376336176,0.030453933471522428,0.03556749214080218,0.032007105962223864,-6.358449657758084e-06,0.0004419122512141865,-0.00046416682501633976,-0.0,0.0,0.0,0.0,1.0,0.0,0.0,3.729300890293215,1.979074493315587,8.275054733090101,151.56658319042666,72.0687482360246,95.44623278948126,444.81013122067657,59.8945235453825,-738.4142149203867,-182.69467414167485,-1740.4527937814032,0.05256497755452133,-1.002386065399804,0.046526687507750346,0.0,0.0
2024-10-04 16:30:48.450708,1.0,1.0,1.0,1.0,1.0,1.0,1.0,894241.0,0.039135011011481306,0.03798670986099516,0.047108209165378216,0.02961410853680346,0.03548557074494756,0.03203740138402003,-1.5896124144395198e-05,0.00043237457672754936,-0.0004514499257008236,-0.0,0.0,0.0,0.0,1.0,0.0,0.0,3.114363292763001,1.9148988399025837,8.380147756769647,153.48626751271965,79.24268082233667,93.6169668098393,432.6841226718064,70.05697253323018,-724.3993833717409,-182.5282084366241,-751.8088662468763,0.12240343798747405,-2.3184296911595963,0.05295564843658692,0.0,0.0
2024-10-04 16:30:48.532344,1.0,1.0,1.0,1.0,1.0,1.0,1.0,894242.0,0.040120934017079966,0.03859888964444313,0.04738385931883414,0.029712222914499722,0.03532115794976128,0.03188563643118791,-1.2716899315516158e-05,0.00041329922775427513,-0.00045462915052970265,-0.0,0.0,0.0,0.0,1.0,0.0,0.0,3.0402285144301135,2.05024586361426,8.422656229505733,155.39595316751087,89.89586579008946,85.53500942598038,431.39561937820736,85.70785441149724,-642.5871793426547,-156.65352138838477,-639.5442434794151,0.12240343798747405,-2.339057777714096,0.04452937916929276,0.0,0.0
2024-10-04 16:30:48.535344,1.0,1.0,1.0,1.0,1.0,1.0,1.0,894243.0,0.03986040571620479,0.03832801689680105,0.04683093654403022,0.029972291094128595,0.03510074295512457,0.03179422973639322,-1.5896124144395198e-05,0.0004164784525831542,-0.0004323745767275493,-0.0,0.0,0.0,0.0,1.0,0.0,0.0,3.009093121381897,2.1516899447791027,8.38624651952407,155.8694603006594,100.20616632639819,74.41867523639782,429.88147033534045,101.16523855287484,-534.6642205717527,-119.00644379850976,-608.7774048223918,0.09654095984084497,-1.8667378559340386,0.03318868021848122,0.0,0.0
2024-10-04 16:30:48.617432,1.0,1.0,1.0,1.0,1.0,1.0,1.0,894244.0,0.040055960801949016,0.037780445658522906,0.04671956673942695,0.029972291094128595,0.0350730936850165,0.03148762440853117,-3.8150697946548475e-05,0.00039740310360987996,-0.00041647845258315413,-0.0,0.0,0.0,0.0,1.0,0.0,0.0,3.0525691592660396,2.2643113682134244,8.306951142303387,155.30567183567547,109.35187112330316,62.78815152790209,432.0102796550317,112.42414184201101,-423.7961814179029,-77.78837621884588,-750.763034098073,0.050531507068643726,-0.9894257464496392,0.020981360099185904,0.0,0.0
2024-10-04 16:30:48.700428,1.0,1.0,1.0,1.0,1.0,1.0,1.0,894245.0,0.03953233095432663,0.03722482060496381,0.047273792133441635,0.03064447088906264,0.035128370462711604,0.03185519667586617,-5.086759726206463e-05,0.00041965767741203324,-0.0004260161270697913,-0.0,0.0,0.0,0.0,1.0,0.0,0.0,3.122223118185622,2.5112256499077827,8.266588172101587,153.74455173813968,118.2784529384478,51.87460652083495,434.93287111199265,127.02571899061277,-317.1952451576935,-0.0,0.0,0.0,0.0,1.0,0.0,0.0
2024-10-04 16:30:48.703928,1.0,1.0,1.0,1.0,1.0,1.0,1.0,894246.0,0.039729500910396995,0.037780445658522906,0.04765791515713948,0.030928076150071922,0.03526618335153976,0.031641298451732976,-2.5433798631032307e-05,0.00041329922775427513,-0.0004260161270697913,-0.0,0.0,0.0,0.0,1.0,0.0,0.0,3.193751943594458,2.8296235215009817,8.245122751381944,151.2087880359407,126.1902619292856,41.86191094193902,436.20362478285875,137.60956630669824,-218.8425452995972,0.0,0.0,0.0,0.0,1.0,0.0,0.0
2024-10-04 16:30:48.785239,1.0,1.0,1.0,1.0,1.0,1.0,1.0,894247.0,0.03953233095432663,0.03722482060496381,0.04754848237172128,0.031146872746571578,0.03540345978860444,0.031240173622796498,-3.497147311766944e-05,0.00041012000292539613,-0.00041329922775427513,-0.0,0.0,0.0,0.0,1.0,0.0,0.0,3.2715047863506435,3.0319900506903164,8.246254504412997,148.06555427355732,133.09550786700066,33.27317638340055,439.8338982086652,154.55880282815681,-128.09203290343072,0.0,0.0,0.0,0.0,1.0,0.0,0.0
2024-10-04 16:30:48.788738,1.0,1.0,1.0,1.0,1.0,1.0,1.0,894248.0,0.04012093401707996,0.037711440220720746,0.04754848237172128,0.03167194378429309,0.034711649066398086,0.03073929670896773,-2.2254573802153277e-05,0.0003910446539521219,-0.00038468620429436373,-0.0,0.0,0.0,0.0,1.0,0.0,0.0,3.377576155793875,3.0224624736656174,8.190439805220164,143.4111025700811,137.8879190149466,28.253160417715613,441.24691268028374,169.74263179498544,-44.624929105747036,0.0,0.0,0.0,0.0,1.0,0.0,0.0
2024-10-04 16:30:48.871310,1.0,1.0,1.0,1.0,1.0,1.0,1.0,894249.0,0.04037978143756249,0.03859888964444313,0.04732885772244516,0.03194642892952922,0.03515597625908419,0.03148762440853117,-9.53767448663712e-06,0.00036561085532108955,-0.00036561085532108955,-0.0,0.0,0.0,0.0,1.0,0.0,0.0,3.4865112466952084,3.001422916111148,8.129259881664384,138.18052214812965,141.4063186520604,26.4820491532236,439.7951776430788,183.86783404241427,30.030551024506636,0.0,0.0,0.0,0.0,1.0,0.0,0.0
2024-10-04 16:30:48.954151,1.0,1.0,1.0,1.0,1.0,1.0,1.0,894250.0,0.04037978143756249,0.03819186010094626,0.047603230210664246,0.03212811624624381,0.03465570761333854,0.03120910432259612,2.5433798631032317e-05,0.00034017705669005726,-0.0003528939560055733,-0.0,0.0,0.0,0.0,1.0,0.0,0.0,3.6497700947849103,2.9678470900685783,8.14958745564591,133.00249163874437,143.98027892581104,26.812817566661945,432.49181748485904,193.30511004086816,97.55778155836985,0.0,0.0,0.0,0.0,1.0,0.0,0.0
2024-10-04 16:30:48.957652,1.0,1.0,1.0,1.0,1.0,1.0,1.0,894251.0,0.04025056580563931,0.03839591423416136,0.04716346808075751,0.032637404840404415,0.03493451908670038,0.031641298451732976,5.722604691982271e-05,0.00034653550634781527,-0.0003592524056633315,-0.0,0.0,0.0,0.0,1.0,0.0,0.0,3.612045326677901,3.0107091946562723,8.309841782048858,124.2557658212713,143.8313532736858,39.25528295858962,396.2143413269953,197.72964057634894,207.08989313421696,0.0,0.0,0.0,0.0,1.0,0.0,0.0
2024-10-04 16:30:49.039724,1.0,1.0,1.0,1.0,1.0,1.0,1.0,894252.0,0.03926789767914727,0.037711440220720746,0.04694204212496726,0.03299216966314644,0.03515597625908419,0.03185519667586617,2.5433798631032317e-05,0.0003369978318611782,-0.0003401770566900572,-0.0,0.0,0.0,0.0,1.0,0.0,0.0,3.5372740986183966,2.9326590719819916,8.397528604769995,115.26725440390841,143.09292320831753,49.46165522111062,357.71913870068096,197.05764335190688,306.3802929456804,0.0,0.0,0.0,0.0,1.0,0.0,0.0
2024-10-04 16:30:49.042724,1.0,1.0,1.0,1.0,1.0,1.0,1.0,894253.0,0.03986040571620479,0.03764230828317236,0.047273792133441635,0.03272645658802371,0.03510074295512457,0.03188563643118791,1.2716899315516164e-05,0.000321101707716783,-0.00032746015737454104,-0.0,0.0,0.0,0.0,1.0,0.0,0.0,3.4792838768963334,3.7316542414299203,8.394175864482207,105.65115400493062,138.25448230540508,52.66168338506338,314.74331867424576,175.30502888846308,337.62820957833713,0.0,0.0,0.0,0.0,1.0,0.0,0.0
2024-10-04 16:30:49.124584,1.0,1.0,1.0,1.0,1.0,1.0,1.0,894254.0,0.039598163357888454,0.037711440220720746,0.04743879714519196,0.03296275176192149,0.03462770299655218,0.032398736885968185,1.907534897327424e-05,0.0003306393822034201,-0.00035925240566333144,-0.0,0.0,0.0,0.0,1.0,0.0,0.0,3.349789327111096,3.670429865199151,8.28136810702342,95.84709995681287,130.9767968827013,52.6474571753713,271.7554855620075,160.78045808470432,338.2488167171583,0.0,0.0,0.0,0.0,1.0,0.0,0.0
2024-10-04 16:30:49.207512,1.0,1.0,1.0,1.0,1.0,1.0,1.0,894255.0,0.040315225390783915,0.037918079796158174,0.047438797145191954,0.03257790177388484,0.03431814397393635,0.03224867245309928,1.58961241443952e-05,0.0003179224828879039,-0.0003497147311766943,-0.0,0.0,0.0,0.0,1.0,0.0,0.0,3.1926759038877055,3.513556405070758,8.135149484874919,85.30268993442125,122.26489533774838,52.48377569234093,227.4273294273304,140.34901418380534,330.1285207538335,0.0,0.0,0.0,0.0,1.0,0.0,0.0
2024-10-04 16:30:49.211011,1.0,1.0,1.0,1.0,1.0,1.0,1.0,894256.0,0.039729500910396995,0.037780445658522906,0.04705288535396545,0.03203740138402003,0.0344028454042274,0.032637404840404415,-9.53767448663711e-06,0.0003179224828879039,-0.00036243163049221044,-0.0,0.0,0.0,0.0,1.0,0.0,0.0,3.0244563100343163,3.2658466263817734,7.980472976737428,73.73837093156887,112.35466082285575,52.15556962943403,183.76348742617088,121.80861027895068,316.94428634334076,0.0,0.0,0.0,0.0,1.0,0.0,0.0
2024-10-04 16:30:49.292831,1.0,1.0,1.0,1.0,1.0,1.0,1.0,894257.0,0.040185802182344105,0.03819186010094626,0.04710820916537822,0.032007105962223864,0.03445919735911931,0.03290383705573704,8.0953762212251e-21,0.0003306393822034201,-0.0003401770566900572,-0.0,0.0,0.0,0.0,1.0,0.0,0.0,2.849125787443877,3.089091187745082,7.81389576686478,60.882736647767295,101.05820605498461,51.53858861095352,138.97508597722404,97.02929138981186,297.9166482578036,0.0,0.0,0.0,0.0,1.0,0.0,0.0
2024-10-04 16:30:49.296274,1.0,1.0,1.0,1.0,1.0,1.0,1.0,894258.0,0.040185802182344105,0.0378493252884673,0.0479304040281651,0.031641298451732976,0.034599675713128386,0.032815266674204355,-1.271689931551615e-05,0.0003401770566900572,-0.00036243163049221044,-0.0,0.0,0.0,0.0,1.0,0.0,0.0,2.6166611554712222,3.094579512994423,7.723446323684255,49.31698126622579,89.48993616584815,50.202517850426275,95.66790130792133,72.46854099689375,270.25358670602515,0.0,0.0,0.0,0.0,1.0,0.0,0.0
2024-10-04 16:30:49.378596,1.0,1.0,1.0,1.0,1.0,1.0,1.0,894259.0,0.040185802182344105,0.036731754853566174,0.04782159479808185,0.031364143052817484,0.03465570761333854,0.03221857569203676,-2.225457380215327e-05,0.0003497147311766944,-0.0003910446539521218,-0.0,0.0,0.0,0.0,1.0,0.0,0.0,2.33259765691172,3.0973573270617885,7.648271637952041,36.52333169836526,76.58108416241998,48.410499945839135,53.59600542782271,47.79445016857115,238.83220549842247,0.0,0.0,0.0,0.0,1.0,0.0,0.0
2024-10-04 16:30:49.382097,1.0,1.0,1.0,1.0,1.0,1.0,1.0,894260.0,0.040315225390783915,0.03694387454679471,0.04782159479808185,0.031115710284795706,0.03515597625908419,0.03245856839932655,-3.4971473117669426e-05,0.00037196930497884767,-0.0003974031036098799,-0.0,0.0,0.0,0.0,1.0,0.0,0.0,1.8894194095485937,3.100339908955172,7.484423411840843,15.567153794941436,61.20810042537536,46.53155912655837,16.122873195802583,25.744278142181287,204.32605241490683,0.0,0.0,0.0,0.0,1.0,0.0,0.0
2024-10-04 16:30:49.463664,1.0,1.0,1.0,1.0,1.0,1.0,1.0,894261.0,0.04025056580563931,0.03729472643293347,0.04765791515713948,0.031115710284795706,0.03540345978860444,0.032667115729434024,-4.7688372433185584e-05,0.0003815069794654848,-0.00042283690224091225,-0.0,0.0,0.0,0.0,1.0,0.0,0.0,1.7723901587613342,3.008820602596779,7.173256759702879,11.829932524010005,46.9823926219075,35.559752777714976,9.593713517503994,10.216638752500767,117.07978442006694,0.0,0.0,0.0,0.0,1.0,0.0,0.0
2024-10-04 16:30:49.546818,1.0,1.0,1.0,1.0,1.0,1.0,1.0,894262.0,0.04044423444177086,0.03743414645719283,0.047273792133441635,0.03064447088906264,0.035211122922407,0.03254810944778678,4.6259292692714854e-21,0.00039422387878100085,-0.0004355538015564284,-0.0,0.0,0.0,0.0,1.0,0.0,0.0,1.6843954565382537,3.0078937117795794,6.915445793456926,6.521875500346581,24.639420987799568,18.26411408334514,2.490162399945834,-5.754056008959502,30.490837323862618,0.0,0.0,0.0,0.0,1.0,0.0,0.0
2024-10-04 16:30:49.550092,1.0,1.0,1.0,1.0,1.0,1.0,1.0,894263.0,0.03986040571620479,0.037780445658522906,0.04771253742739651,0.030453933471522428,0.03559475737450401,0.032874340109372714,1.5896124144395198e-05,0.0004164784525831542,-0.0004578083753585817,-0.0,0.0,0.0,0.0,1.0,0.0,0.0,1.5414530696436177,1.7868960537753276,6.773581547429729,0.08197874432745812,0.536393462752109,0.7274789241123825,0.10943490457144574,-0.9545218696441207,4.9180104214891625,0.0,0.0,0.0,0.0,1.0,0.0,0.0
2024-10-04 16:30:49.632506,1.0,1.0,1.0,1.0,1.0,1.0,1.0,894264.0,0.03999088202492748,0.0378493252884673,0.047273792133441635,0.030485772407004817,0.03583921107981937,0.03251828982682399,2.2254573802153277e-05,0.00042283690224091225,-0.00042919535189867036,-0.0,0.0,0.0,0.0,1.0,0.0,0.0,1.5422478779862392,1.7711606940028204,6.78199783638155,0.08159329928422566,0.5344191310961611,0.7293447784128627,0.10891930873843364,-0.9429171901745264,4.937253028807833,0.0,0.0,0.0,0.0,1.0,0.0,0.0
2024-10-04 16:30:49.636006,1.0,1.0,1.0,1.0,1.0,1.0,1.0,894265.0,0.03946638873835309,0.038055216156251626,0.04688652224495428,0.030581090322992784,0.03583921107981937,0.03260766687993288,4.7688372433185584e-05,0.0004482707008719446,-0.00043555380155642836,-0.0,0.0,0.0,0.0,1.0,0.0,0.0,1.5441404231019331,1.7592752136545409,6.790935727374707,0.0787856483638835,0.5389373152480661,0.7313695068347762,0.10028847238898157,-0.9445337229695772,4.957516537365071,0.0,0.0,0.0,0.0,1.0,0.0,0.0
2024-10-04 16:30:49.717454,1.0,1.0,1.0,1.0,1.0,1.0,1.0,894266.0,0.039400336158606504,0.037918079796158174,0.046552012463619064,0.031084516582433108,0.03543085125095238,0.03248844283583844,5.4046822090943663e-05,0.00042919535189867025,-0.00045462915052970265,-0.0,0.0,0.0,0.0,1.0,0.0,0.0,1.5416288230175952,1.7475491449553364,6.798762149015217,0.07975364159761872,0.539061677522266,0.7334671484622434,0.10157903160863793,-0.9382974358669335,4.977335097427277,0.0,0.0,0.0,0.0,1.0,0.0,0.0
2024-10-04 16:30:49.800512,1.0,1.0,1.0,1.0,1.0,1.0,1.0,894267.0,0.03886787470812279,0.037918079796158174,0.04666378216223113,0.03077084037730748,0.03534861318744721,0.032368779656366614,6.676372140645982e-05,0.0004132992277542751,-0.00048642139881849305,-0.0,0.0,0.0,0.0,1.0,0.0,0.0,1.5437776957368838,1.7365892053612824,6.806890408124689,0.0765840620077942,0.5426974131029358,0.7311412896346485,0.09622358533115272,-0.9390207641847134,4.968243077930079,0.0,0.0,0.0,0.0,1.0,0.0,0.0
2024-10-04 16:30:49.803781,1.0,1.0,1.0,1.0,1.0,1.0,1.0,894268.0,0.03832801689680105,0.03757304914762413,0.04587567609077438,0.030928076150071922,0.03540345978860444,0.032785690042080325,7.312217106421791e-05,0.0003974031036098799,-0.0005150344222784043,-0.0,0.0,0.0,0.0,1.0,0.0,0.0,1.5467777423451425,1.7232257263147126,6.812389445743807,0.0732621698200392,0.5447670863870229,0.732550244881802,0.08827932066638959,-0.9354608019506332,4.981897856980762,0.0,0.0,0.0,0.0,1.0,0.0,0.0
2024-10-04 16:30:49.885850,1.0,1.0,1.0,1.0,1.0,1.0,1.0,894269.0,0.038733615672373205,0.037711440220720746,0.04621508152756301,0.031364143052817484,0.03515597625908419,0.03248844283583844,6.040527174870175e-05,0.0004132992277542751,-0.0004927798484762511,-0.0,0.0,0.0,0.0,1.0,0.0,0.0,1.5523958518172989,1.7116549958047445,6.818890716723177,0.0677366666135943,0.5466985568482066,0.7329836933540538,0.08062983238205652,-0.9324209226301103,4.989386134175392,0.0,0.0,0.0,0.0,1.0,0.0,0.0
2024-10-04 16:30:49.888850,1.0,1.0,1.0,1.0,1.0,1.0,1.0,894270.0,0.038463691717159486,0.037780445658522906,0.04632766410980066,0.03167194378429309,0.03499001478345783,0.03272645658802371,5.722604691982271e-05,0.0004005823284387589,-0.0005118551974495253,-0.0,0.0,0.0,0.0,1.0,0.0,0.0,1.553751105463286,1.7007736719630593,6.826481697767701,0.06611698393980699,0.5475932814358858,0.7357514049562872,0.07701608615862567,-0.9279044279469363,5.013884580470891,0.0,0.0,0.0,0.0,1.0,0.0,0.0
2024-10-04 16:30:49.971322,1.0,1.0,1.0,1.0,1.0,1.0,1.0,894271.0,0.038463691717159486,0.03764230828317236,0.046045691532351565,0.03182472780550264,0.034515457310635475,0.03227874115189541,6.994294623533886e-05,0.0004228369022409122,-0.0004927798484762511,-0.0,0.0,0.0,0.0,1.0,0.0,0.0,1.5574932058659428,1.69084702949032,6.834231003072833,0.06539904385547231,0.548209880160765,0.7350908165149435,0.07478303606620329,-0.9236904558507197,5.015147948066548,0.0,0.0,0.0,0.0,1.0,0.0,0.0
2024-10-04 16:30:49.974601,1.0,1.0,1.0,1.0,1.0,1.0,1.0,894272.0,0.03886787470812279,0.037918079796158174,0.04638385292864447,0.0321582976678794,0.034599675713128386,0.032667115729434024,5.722604691982271e-05,0.0004323745767275493,-0.0004896006236473721,-0.0,0.0,0.0,0.0,1.0,0.0,0.0,1.560700174393655,1.6793075750055289,6.840229226381315,0.06352286912188268,0.5481445685616574,0.7316825460448738,0.07264054341751779,-0.917486263779682,4.99560944154598,0.0,0.0,0.0,0.0,1.0,0.0,0.0
2024-10-04 16:30:50.056747,1.0,1.0,1.0,1.0,1.0,1.0,1.0,894273.0,0.03900167157440239,0.037711440220720746,0.04598908955455483,0.0321582976678794,0.03448733880714076,0.03248844283583844,3.815069794654847e-05,0.000410120002925396,-0.00048006294916073494,-0.0,0.0,0.0,0.0,1.0,0.0,0.0,1.5657673540272647,1.6696395145010001,6.8462244771570395,0.06425270694495394,0.5484177299418468,0.7302152235411358,0.07380012362061292,-0.9126978549591764,4.989920731764211,0.0,0.0,0.0,0.0,1.0,0.0,0.0
2024-10-04 16:30:50.140048,1.0,1.0,1.0,1.0,1.0,1.0,1.0,894274.0,0.03913501101148131,0.038055216156251626,0.04699749641733918,0.03227874115189541,0.03457162570793951,0.03257790177388484,1.5896124144395198e-05,0.00040376155326763796,-0.0005054967477917672,-0.0,0.0,0.0,0.0,1.0,0.0,0.0,1.56622862065848,1.6600331154518813,6.850303098806096,0.061326522886072765,0.5504444114529098,0.7327718345239749,0.06789209358421297,-0.9109054113649132,5.0102970439283405,0.0,0.0,0.0,0.0,1.0,0.0,0.0
2024-10-04 16:30:50.143226,1.0,1.0,1.0,1.0,1.0,1.0,1.0,894275.0,0.03933417265909616,0.03798670986099516,0.04716346808075751,0.032007105962223864,0.03445919735911931,0.032637404840404415,-3.1792248288790396e-06,0.0003656108553210895,-0.0005150344222784043,-0.0,0.0,0.0,0.0,1.0,0.0,0.0,1.5668955183629754,1.6527508772574906,6.85637720774852,0.0621530439159748,0.5493395087587795,0.7312589396260791,0.06941956182549276,-0.9049591507294137,5.004588741542764,0.0,0.0,0.0,0.0,1.0,0.0,0.0
2024-10-04 16:30:50.224844,1.0,1.0,1.0,1.0,1.0,1.0,1.0,894276.0,0.039532330954326636,0.03798670986099516,0.047273792133441635,0.03151841915858901,0.03462770299655218,0.03296275176192149,-9.537674486637117e-06,0.0003656108553210895,-0.0005309305464227996,-0.0,0.0,0.0,0.0,1.0,0.0,0.0,1.5658370330135971,1.6433601751663485,6.862369737753534,0.06208991640640853,0.5491323443825716,0.7315799826226833,0.06876834640105352,-0.8995333052280557,5.011076227357466,0.0,0.0,0.0,0.0,1.0,0.0,0.0
2024-10-04 16:30:50.228344,1.0,1.0,1.0,1.0,1.0,1.0,1.0,894277.0,0.03946638873835309,0.03839591423416136,0.04705288535396546,0.03191604715477278,0.03465570761333854,0.03308026640118225,-2.2254573802153277e-05,0.0003815069794654847,-0.0005309305464227996,-0.0,0.0,0.0,0.0,1.0,0.0,0.0,1.5678041481105829,1.634716603351651,6.868291520854115,0.06176043038472933,0.547269400850908,0.7307394753239063,0.06834042526228071,-0.8916439389634627,5.009481614812972,0.0,0.0,0.0,0.0,1.0,0.0,0.0
2024-10-04 16:30:50.310045,1.0,1.0,1.0,1.0,1.0,1.0,1.0,894278.0,0.04012093401707996,0.03839591423416136,0.046607930817067524,0.03151841915858901,0.034711649066398086,0.03313886745048406,-3.497147311766943e-05,0.0003815069794654847,-0.0005054967477917672,-0.0,0.0,0.0,0.0,1.0,0.0,0.0,1.5684404839895973,1.6267872400255567,6.8734492491065255,0.06254384943338837,0.5470591725375189,0.7257945240257827,0.07118582307347976,-0.8868303528690805,4.977767795813942,0.0,0.0,0.0,0.0,1.0,0.0,0.0
2024-10-04 16:30:50.393765,1.0,1.0,1.0,1.0,1.0,1.0,1.0,894279.0,0.03933417265909616,0.03886787470812279,0.046552012463619064,0.03142594437984583,0.03465570761333854,0.03389146168814632,-1.9075348973274234e-05,0.0003656108553210895,-0.0005054967477917672,-0.0,0.0,0.0,0.0,1.0,0.0,0.0,1.570675765737617,1.6186607561117665,6.878536174386667,0.06465213823381351,0.5442243468180682,0.7235718169287618,0.07451311314971332,-0.8777318592758183,4.965694096575611,0.0,0.0,0.0,0.0,1.0,0.0,0.0
2024-10-04 16:30:50.396764,1.0,1.0,1.0,1.0,1.0,1.0,1.0,894280.0,0.03986040571620479,0.03900167157440239,0.04632766410980066,0.031146872746571578,0.03443103291031149,0.033834164163335345,-1.2716899315516153e-05,0.0003656108553210895,-0.0005150344222784043,-0.0,0.0,0.0,0.0,1.0,0.0,0.0,1.572785697353955,1.6107364404662163,6.881370324449002,0.06751271333499556,0.5415278263567977,0.7193531337436189,0.08002922592746273,-0.8690865797416115,4.937940616078231,0.0,0.0,0.0,0.0,1.0,0.0,0.0
2024-10-04 16:30:50.478461,1.0,1.0,1.0,1.0,1.0,1.0,1.0,894281.0,0.04050858489526056,0.03900167157440239,0.04666378216223113,0.031178004061435775,0.034711649066398086,0.03397722680635423,-2.5433798631032317e-05,0.00035925240566333144,-0.0004896006236473721,-0.0,0.0,0.0,0.0,1.0,0.0,0.0,1.5746121763917198,1.6046408026188144,6.8863747051035595,0.06583838828828353,0.5404393136263334,0.7140513105811961,0.07901933002140345,-0.8641384127707925,4.904636520223594,0.0,0.0,0.0,0.0,1.0,0.0,0.0
2024-10-04 16:30:50.481462,1.0,1.0,1.0,1.0,1.0,1.0,1.0,894282.0,0.03999088202492748,0.03880080326089556,0.04643997376336176,0.03077084037730748,0.03457162570793951,0.03403428348265909,-2.5433798631032317e-05,0.0003497147311766943,-0.0004959590733051301,-0.0,0.0,0.0,0.0,1.0,0.0,0.0,1.5746814639984659,1.598124422248982,6.891951958994007,0.06361604948192275,0.5383038307846391,0.7115365105118819,0.07489325550159019,-0.8570015261288918,4.890975134609146,0.0,0.0,0.0,0.0,1.0,0.0,0.0
2024-10-04 16:30:50.563656,1.0,1.0,1.0,1.0,1.0,1.0,1.0,894283.0,0.03986040571620479,0.038733615672373205,0.04666378216223113,0.03105329154533826,0.03457162570793951,0.03423323297213509,-1.907534897327424e-05,0.00037196930497884756,-0.0005213928719361625,-0.0,0.0,0.0,0.0,1.0,0.0,0.0,1.5741928914579333,1.592605839808266,6.896871329656851,0.06249142600313435,0.539436219456236,0.7113882927861216,0.07345464365055089,-0.8557100858938893,4.893190629577164,0.0,0.0,0.0,0.0,1.0,0.0,0.0
2024-10-04 16:30:50.567156,1.0,1.0,1.0,1.0,1.0,1.0,1.0,894284.0,0.03946638873835309,0.03853134997827472,0.046552012463619064,0.031022035078891817,0.03431814397393635,0.03437463478414554,-6.358449657758078e-06,0.0003656108553210895,-0.0005404682209094367,-0.0,0.0,0.0,0.0,1.0,0.0,0.0,1.5752722179471108,1.5866362079267864,6.9033707643589235,0.0633732039894926,0.5401108010162754,0.706025766897526,0.0765548588549789,-0.8535795552888888,4.861771300996544,0.0,0.0,0.0,0.0,1.0,0.0,0.0
2024-10-04 16:30:50.649464,1.0,1.0,1.0,1.0,1.0,1.0,1.0,894285.0,0.03953233095432663,0.03859888964444313,0.046045691532351565,0.03127121205432006,0.03414811083549323,0.03437463478414554,-1.9075348973274234e-05,0.00036879008014996856,-0.0005309305464227996,-0.0,0.0,0.0,0.0,1.0,0.0,0.0,1.5765487028369214,1.5786402372003816,6.906872103958397,0.06340607967585193,0.5388662504522622,0.7074006122872161,0.0788573030988745,-0.8474069430972853,4.873490369480119,0.0,0.0,0.0,0.0,1.0,0.0,0.0
2024-10-04 16:30:50.732411,1.0,1.0,1.0,1.0,1.0,1.0,1.0,894286.0,0.03999088202492748,0.03825999906698716,0.04638385292864447,0.03157991857152382,0.034091244666417886,0.03462770299655218,2.3129646346357427e-21,0.0003751485298077266,-0.0005054967477917672,-0.0,0.0,0.0,0.0,1.0,0.0,0.0,1.5806184319831205,1.5727752350336797,6.912462210802998,0.06268268027102804,0.5408259706663883,0.7069203620616227,0.07893516887523895,-0.8470795481224305,4.874371481548666,0.0,0.0,0.0,0.0,1.0,0.0,0.0
2024-10-04 16:30:50.735916,1.0,1.0,1.0,1.0,1.0,1.0,1.0,894287.0,0.04044423444177086,0.037711440220720746,0.04638385292864447,0.03151841915858901,0.03443103291031149,0.034851109849295854,-2.3129646346357427e-21,0.0003974031036098799,-0.0005054967477917672,-0.0,0.0,0.0,0.0,1.0,0.0,0.0,1.5807039343439422,1.567385407190952,6.916378425749778,0.06233257363016125,0.5420897985791727,0.7081427587371432,0.07801755249303219,-0.8461900106875551,4.885335597679127,0.0,0.0,0.0,0.0,1.0,0.0,0.0
2024-10-04 16:30:50.817623,1.0,1.0,1.0,1.0,1.0,1.0,1.0,894288.0,0.039729500910396995,0.03798670986099516,0.046607930817067524,0.032067668184708895,0.03411968959808029,0.03479539261166803,3.1792248288790362e-06,0.0003974031036098799,-0.0005182136471072835,-0.0,0.0,0.0,0.0,1.0,0.0,0.0,1.582439162326929,1.5612386574607242,6.919626896879663,0.06359890130843349,0.5388498759320457,0.7130241416770111,0.0810005611165003,-0.8378499009916676,4.9217070861855605,0.0,0.0,0.0,0.0,1.0,0.0,0.0
2024-10-04 16:30:50.820622,1.0,1.0,1.0,1.0,1.0,1.0,1.0,894289.0,0.039925697169818586,0.03798670986099516,0.04627140705916457,0.03145679951185349,0.03426156002122874,0.0344028454042274,-3.469446951953614e-21,0.00041329922775427513,-0.0005245720967650415,-0.0,0.0,0.0,0.0,1.0,0.0,0.0,1.5808815156437999,1.554342763377967,6.923970868259332,0.06036298879698822,0.5387162892679327,0.7155870614217507,0.06972725275545916,-0.8340884448707473,4.943025336222371,0.0,0.0,0.0,0.0,1.0,0.0,0.0
2024-10-04 16:30:50.902262,1.0,1.0,1.0,1.0,1.0,1.0,1.0,894290.0,0.03986040571620479,0.03819186010094626,0.046607930817067524,0.03173314566510837,0.03392007415562166,0.03431814397393635,-1.2716899315516158e-05,0.0004228369022409122,-0.0005023175229628882,-0.0,0.0,0.0,0.0,1.0,0.0,0.0,1.580036270897495,1.5483568228053675,6.928964780277136,0.05829141280187007,0.5388498759320457,0.7180219144744995,0.06689119707118782,-0.8310642240735715,4.963761939507155,0.0,0.0,0.0,0.0,1.0,0.0,0.0
2024-10-04 16:30:50.985782,1.0,1.0,1.0,1.0,1.0,1.0,1.0,894291.0,0.03953233095432663,0.037780445658522906,0.04638385292864447,0.03148762440853117,0.0333431600699038,0.03428986366919591,-3.1792248288790396e-05,0.000403761553267638,-0.0005436474457383157,-0.0,0.0,0.0,0.0,1.0,0.0,0.0,1.5772903185007154,1.5413931604687392,6.9323030777525645,0.05819618973764517,0.5402189021764416,0.7256242518883749,0.06334148951931011,-0.8293072124353877,5.018778896167178,0.0,0.0,0.0,0.0,1.0,0.0,0.0
2024-10-04 16:30:50.989281,1.0,1.0,1.0,1.0,1.0,1.0,1.0,894292.0,0.03926789767914727,0.03764230828317236,0.04660793081706753,0.03142594437984583,0.03325575976212062,0.033661686417184034,-3.497147311766943e-05,0.000406940778096517,-0.0005372889960805577,-0.0,0.0,0.0,0.0,1.0,0.0,0.0,1.5786078860901371,1.536064794238118,6.935886237706422,0.0596632640507316,0.5421815720824863,0.7303161863870185,0.06507672809327246,-0.8296369665969211,5.0552122702193545,0.0,0.0,0.0,0.0,1.0,0.0,0.0
2024-10-04 16:30:51.072064,1.0,1.0,1.0,1.0,1.0,1.0,1.0,894293.0,0.039135011011481306,0.03729472643293347,0.046552012463619064,0.03197678183797181,0.03313886745048406,0.0337192770263005,-4.7688372433185584e-05,0.00042283690224091225,-0.0005500058953960738,-0.0,0.0,0.0,0.0,1.0,0.0,0.0,1.5783246202346606,1.5296928204799065,6.939803496506728,0.058974995527648295,0.5426466768474052,0.7325095893682829,0.06379595045688591,-0.8270121737667878,5.073776499926852,0.0,0.0,0.0,0.0,1.0,0.0,0.0
2024-10-04 16:30:51.075064,1.0,1.0,1.0,1.0,1.0,1.0,1.0,894294.0,0.03913501101148131,0.0373645014732293,0.04627140705916457,0.03157991857152382,0.03305092691301418,0.03380547898296581,-4.132992277542752e-05,0.00041965767741203314,-0.0005595435698827109,-0.0,0.0,0.0,0.0,1.0,0.0,0.0,1.5791608847383622,1.5244007611413226,6.942720972325129,0.05967165158241725,0.5445584370420734,0.7358472240783209,0.06533138358153327,-0.82665332086689,5.0998537425438535,0.0,0.0,0.0,0.0,1.0,0.0,0.0
2024-10-04 16:30:51.156165,1.0,1.0,1.0,1.0,1.0,1.0,1.0,894295.0,0.039135011011481306,0.036731754853566174,0.04710820916537822,0.03148762440853117,0.033168129149298335,0.03363285413230715,-1.5896124144395198e-05,0.00041965767741203324,-0.0005468266705671948,-0.0,0.0,0.0,0.0,1.0,0.0,0.0,1.5795689571234977,1.5186425050419665,6.946214476174538,0.058964071491553055,0.547464022219979,0.7342543281091768,0.06130036199665013,-0.8277719706529753,5.0914312610670995,0.0,0.0,0.0,0.0,1.0,0.0,0.0
2024-10-04 16:30:51.239813,1.0,1.0,1.0,1.0,1.0,1.0,1.0,894296.0,0.03926789767914727,0.03701431097784901,0.04716346808075752,0.031240173622796498,0.033226575237181734,0.033168129149298335,-2.2254573802153277e-05,0.00042601612706979125,-0.0005372889960805577,-0.0,0.0,0.0,0.0,1.0,0.0,0.0,1.5804243403480607,1.5159784801616132,6.948882511214354,0.05687060521080361,0.5460362596103128,0.7345423652924832,0.05390593711699111,-0.8240710417581955,5.095539122329328,0.0,0.0,0.0,0.0,1.0,0.0,0.0
2024-10-04 16:30:51.242813,1.0,1.0,1.0,1.0,1.0,1.0,1.0,894297.0,0.03946638873835309,0.03701431097784901,0.04710820916537823,0.031178004061435775,0.032785690042080325,0.03290383705573704,-2.861302345991135e-05,0.0003878654291232428,-0.0005372889960805577,-0.0,0.0,0.0,0.0,1.0,0.0,0.0,1.580282969225691,1.511565446096576,6.952803686492336,0.05954192155213685,0.5479175607621265,0.7325246199787309,0.05817109431242013,-0.8246498562246103,5.083849512139306,0.0,0.0,0.0,0.0,1.0,0.0,0.0
2024-10-04 16:30:51.324409,1.0,1.0,1.0,1.0,1.0,1.0,1.0,894298.0,0.039400336158606504,0.0373645014732293,0.04705288535396546,0.030928076150071922,0.03337224263981984,0.03290383705573704,-3.1792248288790396e-05,0.00040376155326763796,-0.0005182136471072835,-0.0,0.0,0.0,0.0,1.0,0.0,0.0,1.5816145123009604,1.5075036445071006,6.957554420869947,0.05866870361263595,0.5518191638017423,0.7337934055225392,0.05523087906442646,-0.8284739464389186,5.096203395284314,0.0,0.0,0.0,0.0,1.0,0.0,0.0
2024-10-04 16:30:51.328406,1.0,1.0,1.0,1.0,1.0,1.0,1.0,894299.0,0.03946638873835309,0.03743414645719283,0.04694204212496726,0.031115710284795706,0.03310957989067469,0.03296275176192149,-4.132992277542751e-05,0.00039740310360987996,-0.0005277513215939206,-0.0,0.0,0.0,0.0,1.0,0.0,0.0,1.5808485631114466,1.5034447290726474,6.959468535155283,0.061106796796171904,0.5579601981330707,0.7325899417414529,0.06279848128279666,-0.8353785562234141,5.088389764799556,0.0,0.0,0.0,0.0,1.0,0.0,0.0
2024-10-04 16:30:51.410179,1.0,1.0,1.0,1.0,1.0,1.0,1.0,894300.0,0.03986040571620479,0.036731754853566174,0.046496026860123614,0.03070772063827226,0.03299216966314644,0.03299216966314644,-3.179224828879038e-05,0.0003878654291232428,-0.0005277513215939206,-0.0,0.0,0.0,0.0,1.0,0.0,0.0,1.581604631194911,1.500532334415663,6.962804178384846,0.0624351357926703,0.5628959917201638,0.7353178079196323,0.06402226206241309,-0.8412389567619145,5.110564773874511,0.0,0.0,0.0,0.0,1.0,0.0,0.0
2024-10-04 16:30:51.413681,1.0,1.0,1.0,1.0,1.0,1.0,1.0,894301.0,0.040055960801949016,0.037084613626145846,0.04643997376336176,0.03095942747707764,0.03308026640118225,0.03337224263981984,-2.225457380215327e-05,0.000400582328438759,-0.0005118551974495253,-0.0,0.0,0.0,0.0,1.0,0.0,0.0,1.581443601419199,1.4955612952278168,6.964972013381708,0.06396117730914969,0.566656490699179,0.7317188070775706,0.07034291006410397,-0.8441578972765627,5.0873402757694715,0.0,0.0,0.0,0.0,1.0,0.0,0.0
2024-10-04 16:30:51.496101,1.0,1.0,1.0,1.0,1.0,1.0,1.0,894302.0,0.04050858489526056,0.037780445658522906,0.045932417826860104,0.031364143052817484,0.032815266674204355,0.033661686417184034,-6.358449657758079e-06,0.00039422387878100085,-0.0004927798484762511,-0.0,0.0,0.0,0.0,1.0,0.0,0.0,1.5826593392250583,1.4907420642783522,6.968055213946635,0.0653965322350148,0.566699452639429,0.7320643962938964,0.07336939542817177,-0.8415678782693262,5.092090563329298,0.0,0.0,0.0,0.0,1.0,0.0,0.0
2024-10-04 16:30:51.578401,1.0,1.0,1.0,1.0,1.0,1.0,1.0,894303.0,0.04070102581168387,0.03819186010094626,0.045246820880521094,0.03077084037730748,0.032933307582966455,0.033546208593426816,3.1792248288790375e-06,0.00037832775463660567,-0.0004546291505297026,-0.0,0.0,0.0,0.0,1.0,0.0,0.0,1.5814930113626158,1.4847944294676425,6.970801864648864,0.06850970018391653,0.5685132738365607,0.7286020260212951,0.0786411746850446,-0.8407689298181164,5.069586937632911,0.0,0.0,0.0,0.0,1.0,0.0,0.0
2024-10-04 16:30:51.582401,1.0,1.0,1.0,1.0,1.0,1.0,1.0,894304.0,0.04082881584609787,0.037918079796158174,0.04518921828443541,0.031146872746571578,0.033459338679991214,0.03337224263981984,-1.2716899315516158e-05,0.0004005823284387589,-0.0004323745767275493,-0.0,0.0,0.0,0.0,1.0,0.0,0.0,1.5806283192542745,1.4807189996987287,6.9749677553909954,0.06787459374658635,0.5634385375008578,0.7285478661044563,0.07643953415644085,-0.8309304422086659,5.0722701445139515,0.0,0.0,0.0,0.0,1.0,0.0,0.0
2024-10-04 16:30:51.663268,1.0,1.0,1.0,1.0,1.0,1.0,1.0,894305.0,0.04108320345271294,0.037780445658522906,0.044900096837092805,0.030833830904597324,0.033459338679991214,0.03363285413230715,-4.4509147604306555e-05,0.0003910446539521218,-0.0004546291505297026,-0.0,0.0,0.0,0.0,1.0,0.0,0.0,1.5779723490416202,1.4754080744024545,6.9797168382272154,0.07300145776630788,0.56143613514805,0.7268196942125464,0.08747299817981284,-0.8249731573166993,5.062967467729249,0.0,0.0,0.0,0.0,1.0,0.0,0.0
2024-10-04 16:30:51.667264,1.0,1.0,1.0,1.0,1.0,1.0,1.0,894306.0,0.04050858489526056,0.03722482060496381,0.04437493143949452,0.031084516582433108,0.033661686417184034,0.03348832035600082,-6.676372140645982e-05,0.00039740310360987996,-0.0004578083753585817,-0.0,0.0,0.0,0.0,1.0,0.0,0.0,1.5764596706512568,1.46878441269804,6.983046539301877,0.07584524780962307,0.5630112874692433,0.7279527083708507,0.0975795163100219,-0.8236156156987965,5.073556876888906,0.0,0.0,0.0,0.0,1.0,0.0,0.0
2024-10-04 16:30:51.748755,1.0,1.0,1.0,1.0,1.0,1.0,1.0,894307.0,0.040055960801949016,0.03743414645719283,0.044316195568033935,0.031178004061435775,0.03380547898296581,0.033430331878977426,-3.8150697946548475e-05,0.00043873302638530737,-0.0004482707008719446,-0.0,0.0,0.0,0.0,1.0,0.0,0.0,1.5743579717349618,1.4628116020789785,6.985879303172022,0.07369203994312098,0.5625840414257186,0.7299476403257031,0.09065822400582259,-0.8196057994594156,5.089849806980924,0.0,0.0,0.0,0.0,1.0,0.0,0.0
2024-10-04 16:30:51.832424,1.0,1.0,1.0,1.0,1.0,1.0,1.0,894308.0,0.040315225390783915,0.03743414645719283,0.044667452282818626,0.03145679951185349,0.03377676944149575,0.033430331878977426,-4.76883724331856e-05,0.0004228369022409122,-0.0004705252746740978,-0.0,0.0,0.0,0.0,1.0,0.0,0.0,1.572524571993385,1.4570673653679471,6.988130466626232,0.07289996072181916,0.5587522366552483,0.7298235651982871,0.08540485986207894,-0.8105750578386641,5.0908221409343755,0.0,0.0,0.0,0.0,1.0,0.0,0.0
2024-10-04 16:30:51.835424,1.0,1.0,1.0,1.0,1.0,1.0,1.0,894309.0,0.040315225390783915,0.036943874546794715,0.044900096837092805,0.03179422973639322,0.033546208593426816,0.03351727697218139,-3.497147311766943e-05,0.00042283690224091225,-0.0004705252746740978,-0.0,0.0,0.0,0.0,1.0,0.0,0.0,1.572531197441094,1.4502041707369515,6.990380159904826,0.07167773233382214,0.5549540774648472,0.7304668034192864,0.08428191644034516,-0.8011078120131668,5.097758767951985,0.0,0.0,0.0,0.0,1.0,0.0,0.0
2024-10-04 16:30:51.917404,1.0,1.0,1.0,1.0,1.0,1.0,1.0,894310.0,0.039925697169818586,0.03722482060496381,0.04513154216867338,0.0321582976678794,0.0337192770263005,0.03325575976212062,-2.2254573802153277e-05,0.0004387330263853075,-0.000483242173989614,-0.0,0.0,0.0,0.0,1.0,0.0,0.0,1.574087178901925,1.4438883686282318,6.993877416811907,0.0706879953239073,0.5523859705707077,0.7289402415660735,0.08260199259361385,-0.7938652960468591,5.089691989587567,0.0,0.0,0.0,0.0,1.0,0.0,0.0
2024-10-04 16:30:51.920403,1.0,1.0,1.0,1.0,1.0,1.0,1.0,894311.0,0.039925697169818586,0.037503662109375,0.045246820880521094,0.03167194378429309,0.03431814397393635,0.03310957989067469,-3.1792248288790337e-06,0.00044509147604306553,-0.0004896006236473721,-0.0,0.0,0.0,0.0,1.0,0.0,0.0,1.5760836602397101,1.4392370232218672,6.9977135392168535,0.0736626400598673,0.5503523370126275,0.7270119373577829,0.08743060851542778,-0.7882560500645162,5.078215534647414,0.0,0.0,0.0,0.0,1.0,0.0,0.0
2024-10-04 16:30:52.002617,1.0,1.0,1.0,1.0,1.0,1.0,1.0,894312.0,0.03979500713939933,0.037503662109375,0.04643997376336176,0.0316106234096681,0.034851109849295854,0.033168129149298335,-2.5433798631032307e-05,0.00046416682501633976,-0.0005500058953960738,-0.0,0.0,0.0,0.0,1.0,0.0,0.0,1.5752292269760246,1.43570052713429,7.001549791909641,0.0724576354347951,0.5504302277888792,0.7262578833653609,0.08370015614457492,-0.7865207778479628,5.075323642775754,0.0,0.0,0.0,0.0,1.0,0.0,0.0
2024-10-04 16:30:52.005553,1.0,1.0,1.0,1.0,1.0,1.0,1.0,894313.0,0.039925697169818586,0.037711440220720746,0.04694204212496726,0.03170255949350469,0.03454355292563407,0.033226575237181734,-4.132992277542751e-05,0.0004737044995029769,-0.0005817981436848642,-0.0,0.0,0.0,0.0,1.0,0.0,0.0,1.5762551522916204,1.4335458305409476,7.003299568974368,0.07419237316118048,0.5474608156635509,0.7272058978270965,0.08557206774358826,-0.7813122718937029,5.084035160365888,0.0,0.0,0.0,0.0,1.0,0.0,0.0
2024-10-04 16:30:52.088332,1.0,1.0,1.0,1.0,1.0,1.0,1.0,894314.0,0.040055960801949016,0.03819186010094626,0.04732885772244516,0.03191604715477278,0.034204882463775475,0.0333431600699038,-3.8150697946548475e-05,0.00046416682501633976,-0.0005627227947115899,-0.0,0.0,0.0,0.0,1.0,0.0,0.0,1.5782061668261047,1.4291720180011855,7.005219031127904,0.07364626299929672,0.5525258674131532,0.7286650683777327,0.0840126306304181,-0.7863027549357396,5.0954390356217525,0.0,0.0,0.0,0.0,1.0,0.0,0.0
2024-10-04 16:30:52.171493,1.0,1.0,1.0,1.0,1.0,1.0,1.0,894315.0,0.040185802182344105,0.03886787470812279,0.047273792133441635,0.032308781866774994,0.03443103291031149,0.03290383705573704,-1.2716899315516158e-05,0.00048642139881849305,-0.0005436474457383157,-0.0,0.0,0.0,0.0,1.0,0.0,0.0,1.5805263330917958,1.4267381167299564,7.006048760593073,0.07080158156106163,0.556086870078917,0.7317904294381169,0.07995769967679871,-0.7901021010245278,5.118479004116354,0.0,0.0,0.0,0.0,1.0,0.0,0.0
2024-10-04 16:30:52.174993,1.0,1.0,1.0,1.0,1.0,1.0,1.0,894316.0,0.040055960801949016,0.039135011011481306,0.04738385931883414,0.032368779656366614,0.03437463478414554,0.03299216966314644,-1.2716899315516157e-05,0.0004705252746740978,-0.0005563643450538319,-0.0,0.0,0.0,0.0,1.0,0.0,0.0,1.580486781084025,1.424250343216268,7.007714615163884,0.07001400873232588,0.5542145451371179,0.732685344141706,0.07753413369544097,-0.7860017336493956,5.125755509612661,0.0,0.0,0.0,0.0,1.0,0.0,0.0
2024-10-04 16:30:52.256965,1.0,1.0,1.0,1.0,1.0,1.0,1.0,894317.0,0.04025056580563931,0.03906839817849147,0.04771253742739651,0.03248844283583844,0.03434640099311143,0.032637404840404415,-4.4509147604306555e-05,0.0004482707008719446,-0.0005500058953960738,-0.0,0.0,0.0,0.0,1.0,0.0,0.0,1.582984240896,1.4220819608941622,7.009299522992738,0.06991287344757237,0.5525894071787876,0.7340886927865691,0.08072571586844657,-0.78251991053773,5.136926191250523,0.0,0.0,0.0,0.0,1.0,0.0,0.0
2024-10-04 16:30:52.259965,1.0,1.0,1.0,1.0,1.0,1.0,1.0,894318.0,0.04037978143756249,0.03832801689680105,0.047603230210664246,0.03245856839932655,0.03406277598114669,0.032667115729434024,-2.8613023459911357e-05,0.00045462915052970265,-0.0005277513215939206,-0.0,0.0,0.0,0.0,1.0,0.0,0.0,1.585884213645307,1.4203393026199915,7.010794622418108,0.0700484574592915,0.5552938583970171,0.7313704016640075,0.08502200297365832,-0.7856484464956105,5.118411891353068,0.0,0.0,0.0,0.0,1.0,0.0,0.0
2024-10-04 16:30:52.342529,1.0,1.0,1.0,1.0,1.0,1.0,1.0,894319.0,0.040315225390783915,0.038666311337125336,0.04732885772244516,0.032398736885968185,0.03406277598114669,0.032308781866774994,-1.2716899315516169e-05,0.00046416682501633976,-0.0005054967477917672,-0.0,0.0,0.0,0.0,1.0,0.0,0.0,1.5878789850570034,1.4208217098766804,7.012536149805085,0.07250879978706065,0.5554447499793586,0.7320643962938964,0.08936067974325516,-0.7862736519920515,5.124655741730652,0.0,0.0,0.0,0.0,1.0,0.0,0.0
2024-10-04 16:30:52.425371,1.0,1.0,1.0,1.0,1.0,1.0,1.0,894320.0,0.040055960801949016,0.03886787470812279,0.04732885772244516,0.03188563643118791,0.03406277598114669,0.03248844283583844,-3.815069794654848e-05,0.0004737044995029769,-0.00048642139881849305,-0.0,0.0,0.0,0.0,1.0,0.0,0.0,1.587633467054835,1.4182479249053959,7.0119524693971975,0.07337484919941299,0.5538302286673675,0.7321677541653429,0.09104250649902756,-0.7825589885095849,5.124160224216351,0.0,0.0,0.0,0.0,1.0,0.0,0.0
2024-10-04 16:30:52.428871,1.0,1.0,1.0,1.0,1.0,1.0,1.0,894321.0,0.03979500713939933,0.038733615672373205,0.047218662327942335,0.03179422973639322,0.0337192770263005,0.03233879467572394,-4.76883724331856e-05,0.0004673460498452188,-0.0004896006236473721,-0.0,0.0,0.0,0.0,1.0,0.0,0.0,1.5895705160811906,1.4177205491186748,7.012866369991183,0.07210572971987327,0.5485640284880945,0.7353565282220421,0.0887232535757126,-0.7746648765370298,5.147961949278053,0.0,0.0,0.0,0.0,1.0,0.0,0.0
2024-10-04 16:30:52.510539,1.0,1.0,1.0,1.0,1.0,1.0,1.0,894322.0,0.04012093401707996,0.038055216156251626,0.04610222401715648,0.031641298451732976,0.03340129988750126,0.032067668184708895,-6.676372140645982e-05,0.0004482707008719446,-0.0004355538015564284,-0.0,0.0,0.0,0.0,1.0,0.0,0.0,1.5906197579894188,1.4144719697730814,7.012448206509719,0.0737262669712397,0.5470997892017294,0.7351876119166145,0.09334451128658107,-0.7707270407232881,5.146636729779243,0.0,0.0,0.0,0.0,1.0,0.0,0.0
2024-10-04 16:30:52.513539,1.0,1.0,1.0,1.0,1.0,1.0,1.0,894323.0,0.040055960801949016,0.038123599349151736,0.04632766410980066,0.03145679951185349,0.03363285413230715,0.03197678183797181,-6.040527174870175e-05,0.00043237457672754936,-0.00041329922775427513,-0.0,0.0,0.0,0.0,1.0,0.0,0.0,1.5931698162058379,1.4113177612582397,7.014365165163656,0.06912052145216571,0.5491419347144517,0.7347070390118561,0.08453987731315028,-0.771817094307209,5.1448668729793665,0.0,0.0,0.0,0.0,1.0,0.0,0.0
2024-10-04 16:30:52.594921,1.0,1.0,1.0,1.0,1.0,1.0,1.0,894324.0,0.04012093401707996,0.038055216156251626,0.045419190346160765,0.03139505892336215,0.033661686417184034,0.03194642892952922,-3.815069794654847e-05,0.00041965767741203324,-0.00042601612706979125,-0.0,0.0,0.0,0.0,1.0,0.0,0.0,1.5923343658974516,1.4077274395975736,7.013949319177693,0.07356791633275704,0.5452642148681468,0.7301053779071708,0.09296786986680743,-0.7644062118926718,5.1117378321405385,0.0,0.0,0.0,0.0,1.0,0.0,0.0
2024-10-04 16:30:52.678883,1.0,1.0,1.0,1.0,1.0,1.0,1.0,894325.0,0.040055960801949016,0.038055216156251626,0.044842048853109995,0.031641298451732976,0.03331405211143558,0.032007105962223864,-4.132992277542751e-05,0.00041965767741203324,-0.0004164784525831542,-0.0,0.0,0.0,0.0,1.0,0.0,0.0,1.5936819899604964,1.4052467884081563,7.016115458569247,0.07389105152094913,0.5405098297263105,0.7279518410709497,0.09402313070387401,-0.7565195012900888,5.098285446915999,0.0,0.0,0.0,0.0,1.0,0.0,0.0
2024-10-04 16:30:52.681882,1.0,1.0,1.0,1.0,1.0,1.0,1.0,894326.0,0.03999088202492748,0.03825999906698716,0.045419190346160765,0.0313331966781849,0.03351727697218139,0.03191604715477278,-3.815069794654846e-05,0.00043237457672754936,-0.00041329922775427513,-0.0,0.0,0.0,0.0,1.0,0.0,0.0,1.5951360659408944,1.400907335354353,7.016784455464623,0.0764624849670347,0.5399458708550561,0.7285540907367412,0.0981640205796028,-0.7535008672656447,5.103106110570416,0.0,0.0,0.0,0.0,1.0,0.0,0.0
2024-10-04 16:30:52.764135,1.0,1.0,1.0,1.0,1.0,1.0,1.0,894327.0,0.04025056580563931,0.03819186010094626,0.045419190346160765,0.03070772063827226,0.033748035476753,0.03221857569203676,-2.5433798631032317e-05,0.00042283690224091225,-0.00042283690224091225,-0.0,0.0,0.0,0.0,1.0,0.0,0.0,1.5970346584955568,1.398885934438053,7.016782970638854,0.07930138824132864,0.5416574787167725,0.7272574580189667,0.10454466803929106,-0.75474041800969,5.093143244200183,0.0,0.0,0.0,0.0,1.0,0.0,0.0
2024-10-04 16:30:52.767076,1.0,1.0,1.0,1.0,1.0,1.0,1.0,894328.0,0.04012093401707996,0.03853134997827471,0.04547650165015325,0.0303262434606198,0.033546208593426816,0.032067668184708895,-2.5433798631032314e-05,0.00041329922775427513,-0.0004260161270697913,-0.0,0.0,0.0,0.0,1.0,0.0,0.0,1.5952077277226147,1.395220343047323,7.017283563021536,0.08386297332011097,0.5416486940436736,0.7335958655803325,0.11366278998161236,-0.7527470335286731,5.1370859262715545,0.0,0.0,0.0,0.0,1.0,0.0,0.0
2024-10-04 16:30:52.849356,1.0,1.0,1.0,1.0,1.0,1.0,1.0,894329.0,0.04070102581168387,0.037780445658522906,0.04541919034616077,0.030294236862297798,0.03357511528435138,0.03233879467572394,-6.040527174870175e-05,0.000400582328438759,-0.00044509147604306553,-0.0,0.0,0.0,0.0,1.0,0.0,0.0,1.5967807610499016,1.3915525829590834,7.018785125950688,0.08447518971982726,0.5443695659064207,0.7303019748338739,0.11539725898131056,-0.7543420035256948,5.114233246079835,0.0,0.0,0.0,0.0,1.0,0.0,0.0
2024-10-04 16:30:52.852856,1.0,1.0,1.0,1.0,1.0,1.0,1.0,894330.0,0.04114655461363215,0.03764230828317236,0.045419190346160765,0.030485772407004817,0.033834164163335345,0.03218845078999174,-3.815069794654846e-05,0.0004132992277542751,-0.0004578083753585817,-0.0,0.0,0.0,0.0,1.0,0.0,0.0,1.5973113450175689,1.3895438162821587,7.020287109754295,0.0826673212555594,0.548302819898854,0.7312845457079953,0.11181282807042218,-0.7585216034074419,5.122857297139258,0.0,0.0,0.0,0.0,1.0,0.0,0.0
2024-10-04 16:30:52.934323,1.0,1.0,1.0,1.0,1.0,1.0,1.0,894331.0,0.041461858493688546,0.03757304914762413,0.04518921828443541,0.031115710284795706,0.03360399710929144,0.03197678183797181,-3.1792248288790396e-05,0.000406940778096517,-0.0004419122512141865,-0.0,0.0,0.0,0.0,1.0,0.0,0.0,1.5982189799257684,1.386293090644969,7.0212825656060165,0.07980932580682144,0.5546132554178157,0.7308651226503594,0.1068254653786805,-0.7658078084832035,5.120400059129852,0.0,0.0,0.0,0.0,1.0,0.0,0.0
2024-10-04 16:30:53.017006,1.0,1.0,1.0,1.0,1.0,1.0,1.0,894332.0,0.04095620715673985,0.038123599349151736,0.04553374081900146,0.03086527796111811,0.03363285413230715,0.03167194378429309,4.6259292692714854e-21,0.00041012000292539613,-0.0004578083753585817,-0.0,0.0,0.0,0.0,1.0,0.0,0.0,1.5978124103514548,1.3831348822004124,7.021784320975001,0.0796871621083998,0.5533270205918065,0.7313844977117884,0.10607576126972759,-0.7623291015165088,5.124681659141526,0.0,0.0,0.0,0.0,1.0,0.0,0.0
2024-10-04 16:30:53.020440,1.0,1.0,1.0,1.0,1.0,1.0,1.0,894333.0,0.04114655461363215,0.03757304914762413,0.04501596824740669,0.03120910432259612,0.03363285413230715,0.03167194378429309,1.2716899315516158e-05,0.00042919535189867036,-0.0004482707008719446,-0.0,0.0,0.0,0.0,1.0,0.0,0.0,1.5984661310047636,1.3806326834834362,7.0223664423630545,0.08266300577297479,0.5499954764603762,0.7326146395228292,0.11379867240577998,-0.7562546205568921,5.133710872127058,0.0,0.0,0.0,0.0,1.0,0.0,0.0
2024-10-04 16:30:53.103127,1.0,1.0,1.0,1.0,1.0,1.0,1.0,894334.0,0.04114655461363215,0.0373645014732293,0.04513154216867338,0.030453933471522428,0.03357511528435138,0.031641298451732976,-9.537674486637114e-06,0.0004260161270697913,-0.0004355538015564284,-0.0,0.0,0.0,0.0,1.0,0.0,0.0,1.6008024919944954,1.3780670024974142,7.022452777823854,0.0796397394612964,0.5497015854253448,0.7375033094804008,0.10807540116996786,-0.7544328364181436,5.168760013370871,0.0,0.0,0.0,0.0,1.0,0.0,0.0
2024-10-04 16:30:53.106627,1.0,1.0,1.0,1.0,1.0,1.0,1.0,894335.0,0.04089256110871732,0.03729472643293347,0.04541919034616077,0.03013369393635788,0.03403428348265909,0.031763702384431956,-1.5896124144395198e-05,0.00042283690224091225,-0.0004673460498452188,-0.0,0.0,0.0,0.0,1.0,0.0,0.0,1.6037999915461816,1.3780254198156958,7.022539854027634,0.07967640428230499,0.5512046749303803,0.7379040387615955,0.10842506123193453,-0.7565621474792285,5.171338436197598,0.0,0.0,0.0,0.0,1.0,0.0,0.0
2024-10-04 16:30:53.187996,1.0,1.0,1.0,1.0,1.0,1.0,1.0,894336.0,0.04108320345271294,0.037084613626145846,0.04501596824740669,0.030453933471522428,0.033834164163335345,0.03185519667586617,-6.358449657758073e-06,0.00041012000292539613,-0.0004737044995029769,-0.0,0.0,0.0,0.0,1.0,0.0,0.0,1.6046779858110134,1.3775091170159344,7.0237887589972345,0.07731279579352114,0.5506356454165193,0.7330595299394619,0.10473832109981684,-0.7554291070749363,5.137923937975986,0.0,0.0,0.0,0.0,1.0,0.0,0.0
2024-10-04 16:30:53.271094,1.0,1.0,1.0,1.0,1.0,1.0,1.0,894337.0,0.040315225390783915,0.03764230828317236,0.044958069872003174,0.03070772063827226,0.03351727697218139,0.03173314566510837,-1.5896124144395195e-05,0.0004387330263853075,-0.0004578083753585817,-0.0,0.0,0.0,0.0,1.0,0.0,0.0,1.606529816004218,1.375643381640876,7.026207770199342,0.07649735121629417,0.550237579115049,0.7271097447144087,0.10257827963471476,-0.7538017413656538,5.097401592976303,0.0,0.0,0.0,0.0,1.0,0.0,0.0
2024-10-04 16:30:53.274098,1.0,1.0,1.0,1.0,1.0,1.0,1.0,894338.0,0.040185802182344105,0.03729472643293347,0.04541919034616077,0.031115710284795706,0.03386282504451316,0.03142594437984583,-2.8613023459911346e-05,0.00043237457672754936,-0.00045462915052970265,-0.0,0.0,0.0,0.0,1.0,0.0,0.0,1.608679973662622,1.374966371296031,7.0285419127417805,0.071036772154518,0.5509357463080521,0.7208525218464551,0.09177736581479803,-0.7543702317620226,5.056914736704572,0.0,0.0,0.0,0.0,1.0,0.0,0.0
2024-10-04 16:30:53.357043,1.0,1.0,1.0,1.0,1.0,1.0,1.0,894339.0,0.03946638873835309,0.03764230828317236,0.04547650165015325,0.031364143052817484,0.034599675713128386,0.030990747087997286,-2.2254573802153274e-05,0.0004387330263853075,-0.0004355538015564284,-0.0,0.0,0.0,0.0,1.0,0.0,0.0,1.6096942881719445,1.3729826625050259,7.0312967932598145,0.06740721615352607,0.5481711997790606,0.7232365521823716,0.08433367977158678,-0.7495409408857311,5.076041092050795,0.0,0.0,0.0,0.0,1.0,0.0,0.0
2024-10-04 16:30:53.360544,1.0,1.0,1.0,1.0,1.0,1.0,1.0,894340.0,0.039925697169818586,0.037711440220720746,0.04518921828443541,0.031364143052817484,0.03499001478345783,0.031146872746571578,9.251858538542971e-21,0.00041647845258315413,-0.000400582328438759,-0.0,0.0,0.0,0.0,1.0,0.0,0.0,1.6106917928571054,1.3703585937047351,7.033294076279172,0.06975234150226156,0.5461632346388533,0.7209476619192569,0.08876409568092171,-0.7453636770613815,5.061747986893266,0.0,0.0,0.0,0.0,1.0,0.0,0.0
2024-10-04 16:30:53.442074,1.0,1.0,1.0,1.0,1.0,1.0,1.0,894341.0,0.04012093401707996,0.03729472643293347,0.04547650165015325,0.030896693010431804,0.03526618335153976,0.031084516582433108,-2.5433798631032307e-05,0.000406940778096517,-0.0003942238787810009,-0.0,0.0,0.0,0.0,1.0,0.0,0.0,1.6095554879014102,1.3677812578817183,7.033716184827514,0.06947905138619163,0.5432344498603747,0.7220898898032572,0.08697146915507142,-0.7398804162735305,5.070282645383659,0.0,0.0,0.0,0.0,1.0,0.0,0.0
2024-10-04 16:30:53.445071,1.0,1.0,1.0,1.0,1.0,1.0,1.0,894342.0,0.04070102581168387,0.037084613626145846,0.04553374081900147,0.03127121205432006,0.03534861318744721,0.03139505892336215,-4.768837243318558e-05,0.0004132992277542751,-0.00039740310360987996,-0.0,0.0,0.0,0.0,1.0,0.0,0.0,1.6104626915607878,1.3655476544287277,7.035213499988302,0.07020341377512074,0.5455394959410365,0.7207304810865333,0.08937879417572923,-0.7419311277292393,5.061423197116535,0.0,0.0,0.0,0.0,1.0,0.0,0.0
2024-10-04 16:30:53.526726,1.0,1.0,1.0,1.0,1.0,1.0,1.0,894343.0,0.040315225390783915,0.03715478325109878,0.04621508152756302,0.03095942747707764,0.03548557074494756,0.031178004061435775,-4.13299227754275e-05,0.00040376155326763796,-0.0003846862042943638,-0.0,0.0,0.0,0.0,1.0,0.0,0.0,1.610930744649341,1.3623123238237067,7.035713521450666,0.0676170211150236,0.545480301061294,0.7161157862004085,0.08602174933061114,-0.7400581416699828,5.029197354707101,0.0,0.0,0.0,0.0,1.0,0.0,0.0
2024-10-04 16:30:53.610562,1.0,1.0,1.0,1.0,1.0,1.0,1.0,894344.0,0.040185802182344105,0.03743414645719283,0.04627140705916457,0.031364143052817484,0.03540345978860444,0.030612797008878905,-4.13299227754275e-05,0.00041647845258315413,-0.0003687900801499686,-0.0,0.0,0.0,0.0,1.0,0.0,0.0,1.611595306166858,1.3605505426949323,7.037373834400162,0.06717746567536184,0.5478963134819883,0.7133644003134174,0.08537609544696051,-0.7423927124854133,5.011787280334935,0.0,0.0,0.0,0.0,1.0,0.0,0.0
2024-10-04 16:30:53.614051,1.0,1.0,1.0,1.0,1.0,1.0,1.0,894345.0,0.04025056580563931,0.03729472643293347,0.04610222401715648,0.03145679951185349,0.03526618335153976,0.030517578125,-1.9075348973274228e-05,0.00040694077809651707,-0.00036243163049221044,-0.0,0.0,0.0,0.0,1.0,0.0,0.0,1.6098332583906425,1.355708640934374,7.038785717599059,0.07101447716876003,0.5513860940881633,0.7144245867788745,0.08974962383794534,-0.7442723135190822,5.020300575780181,0.0,0.0,0.0,0.0,1.0,0.0,0.0
2024-10-04 16:30:53.696202,1.0,1.0,1.0,1.0,1.0,1.0,1.0,894346.0,0.04044423444177085,0.03701431097784901,0.04649602686012361,0.031178004061435775,0.03515597625908419,0.030453933471522428,-2.225457380215327e-05,0.00040376155326763796,-0.0003338186070322991,-0.0,0.0,0.0,0.0,1.0,0.0,0.0,1.6095135946069026,1.3546180954588203,7.040037660232802,0.07047837414512136,0.556383698591592,0.7165203854992076,0.08825539237369605,-0.7505048347542201,5.035897175733522,0.0,0.0,0.0,0.0,1.0,0.0,0.0
2024-10-04 16:30:53.699203,1.0,1.0,1.0,1.0,1.0,1.0,1.0,894347.0,0.04108320345271294,0.03666077555081008,0.04627140705916457,0.031178004061435775,0.03554020599014928,0.03039015553037446,-2.5433798631032307e-05,0.00039422387878100085,-0.00035925240566333144,-0.0,0.0,0.0,0.0,1.0,0.0,0.0,1.6068567395436038,1.3538067362953468,7.0406249315202105,0.07033971479672872,0.5561509167159134,0.7220334606033167,0.08716043538216889,-0.749681619481747,5.075361444431821,0.0,0.0,0.0,0.0,1.0,0.0,0.0
2024-10-04 16:30:53.780745,1.0,1.0,1.0,1.0,1.0,1.0,1.0,894348.0,0.04189929789626443,0.037780445658522906,0.04576198155144105,0.030990747087997286,0.03583921107981937,0.03054935072925873,1.5896124144395205e-05,0.00042919535189867025,-0.0003528939560055733,-0.0,0.0,0.0,0.0,1.0,0.0,0.0,1.6071866556553764,1.3535089981323467,7.042380533830681,0.07249120615676927,0.55503515112693,0.7250910455876217,0.09299737441892306,-0.7480661884815445,5.098142495342443,0.0,0.0,0.0,0.0,1.0,0.0,0.0
2024-10-04 16:30:53.864479,1.0,1.0,1.0,1.0,1.0,1.0,1.0,894349.0,0.0419614169784043,0.037780445658522906,0.045932417826860104,0.03073929670896773,0.035757912197617196,0.03070772063827226,1.5896124144395198e-05,0.0004578083753585817,-0.0003433562815189362,-0.0,0.0,0.0,0.0,1.0,0.0,0.0,1.6059280360381663,1.3530102914382882,7.0440503684295654,0.07583367422302886,0.5546860505416785,0.7285727326110502,0.1010589381817707,-0.7472652488094927,5.1230964328798585,0.0,0.0,0.0,0.0,1.0,0.0,0.0
2024-10-04 16:30:53.867479,1.0,1.0,1.0,1.0,1.0,1.0,1.0,894350.0,0.04089256110871732,0.0373645014732293,0.046045691532351565,0.030517578125,0.03526618335153976,0.03016587087444806,-6.3584496577580725e-06,0.00042283690224091225,-0.0003560731808344524,-0.0,0.0,0.0,0.0,1.0,0.0,0.0,1.6080111497955314,1.3534374400938614,7.045382254159291,0.07566623489916598,0.5523840470558087,0.7290892842273498,0.0999719713055542,-0.7442161093658572,5.127303657533962,0.0,0.0,0.0,0.0,1.0,0.0,0.0
2024-10-04 16:30:53.949107,1.0,1.0,1.0,1.0,1.0,1.0,1.0,894351.0,0.04037978143756249,0.03764230828317236,0.04581886408620406,0.03073929670896773,0.03526618335153976,0.030422061214259163,3.497147311766944e-05,0.0004419122512141865,-0.0003560731808344524,-0.0,0.0,0.0,0.0,1.0,0.0,0.0,1.6083311121976551,1.353112671629933,7.047463791874606,0.07529254927047256,0.5533910527234243,0.7252783328779925,0.0988490615264112,-0.7454389923088323,5.101941908716412,0.0,0.0,0.0,0.0,1.0,0.0,0.0
2024-10-04 16:30:53.952107,1.0,1.0,1.0,1.0,1.0,1.0,1.0,894352.0,0.040055960801949016,0.037503662109375,0.045590908124401384,0.03077084037730748,0.03532115794976128,0.03070772063827226,6.994294623533886e-05,0.0004514499257008236,-0.0003306393822034201,-0.0,0.0,0.0,0.0,1.0,0.0,0.0,1.6096847613669523,1.3550347728000633,7.049884285567659,0.07339698667403403,0.5547486766871748,0.725980823812849,0.09481733765244547,-0.7482347820172616,5.108671221678978,0.0,0.0,0.0,0.0,1.0,0.0,0.0
2024-10-04 16:30:54.034283,1.0,1.0,1.0,1.0,1.0,1.0,1.0,894353.0,0.04012093401707996,0.037780445658522906,0.045419190346160765,0.03095942747707764,0.03504542260087845,0.03077084037730748,6.994294623533886e-05,0.0004355538015564284,-0.00032746015737454104,-0.0,0.0,0.0,0.0,1.0,0.0,0.0,1.6077557456244895,1.3571045699674342,7.052547817951861,0.07350125425943882,0.5600071207695558,0.7292427836379545,0.09303160996036737,-0.7566947854960476,5.1342102879765665,0.0,0.0,0.0,0.0,1.0,0.0,0.0
2024-10-04 16:30:54.117431,1.0,1.0,1.0,1.0,1.0,1.0,1.0,894354.0,0.040185802182344105,0.03757304914762413,0.04553374081900146,0.03073929670896773,0.034711649066398086,0.03095942747707764,6.994294623533886e-05,0.0004355538015564284,-0.000321101707716783,-0.0,0.0,0.0,0.0,1.0,0.0,0.0,1.60637146714902,1.35914978258277,7.0560482230605945,0.0762717984911493,0.5608686727970248,0.7276496299118346,0.09862490304669407,-0.7589482124851741,5.1248856467854065,0.0,0.0,0.0,0.0,1.0,0.0,0.0
2024-10-04 16:30:54.120930,1.0,1.0,1.0,1.0,1.0,1.0,1.0,894355.0,0.03966388649582423,0.0373645014732293,0.04553374081900145,0.030453933471522428,0.03473958601181881,0.030928076150071922,5.722604691982271e-05,0.0004260161270697913,-0.00029248868425687163,-0.0,0.0,0.0,0.0,1.0,0.0,0.0,1.6040432176422328,1.3585435147308929,7.057297841530956,0.07236360421234084,0.5583979314727365,0.7251257993164032,0.09243204642608781,-0.7554940793283835,5.107795341033298,0.0,0.0,0.0,0.0,1.0,0.0,0.0
2024-10-04 16:30:54.203202,1.0,1.0,1.0,1.0,1.0,1.0,1.0,894356.0,0.03946638873835309,0.03764230828317236,0.04581886408620406,0.030581090322992784,0.03473958601181881,0.03127121205432006,6.676372140645982e-05,0.00043237457672754936,-0.000324280932545662,-0.0,0.0,0.0,0.0,1.0,0.0,0.0,1.6056917664554555,1.357395410035017,7.058627965619714,0.07341006318202785,0.5566417791052086,0.7219491818007042,0.09436902069301122,-0.7524903721009372,5.085756466701942,0.0,0.0,0.0,0.0,1.0,0.0,0.0
2024-10-04 16:30:54.206702,1.0,1.0,1.0,1.0,1.0,1.0,1.0,894357.0,0.039201510653345636,0.038463691717159486,0.04570502822314875,0.030612797008878905,0.03426156002122874,0.03145679951185349,8.583907037973408e-05,0.0004355538015564284,-0.00029566790908575063,-0.0,0.0,0.0,0.0,1.0,0.0,0.0,1.6053647880977393,1.3551446883220388,7.059124852638054,0.07202752459097124,0.5571663703861245,0.7229762157076524,0.09224496418407412,-0.7520288041660584,5.094001668546571,0.0,0.0,0.0,0.0,1.0,0.0,0.0
2024-10-04 16:30:54.288003,1.0,1.0,1.0,1.0,1.0,1.0,1.0,894358.0,0.038867874708122786,0.03771144022072074,0.04621508152756301,0.030517578125,0.033661686417184034,0.031641298451732976,6.676372140645982e-05,0.00040694077809651707,-0.0002893094594279926,-0.0,0.0,0.0,0.0,1.0,0.0,0.0,1.6060738192197748,1.3528263329104286,7.059872700179656,0.07265879178337795,0.5571242487884251,0.7214275177950242,0.09348242698482911,-0.7505742541376363,5.083412129021875,0.0,0.0,0.0,0.0,1.0,0.0,0.0
2024-10-04 16:30:54.291504,1.0,1.0,1.0,1.0,1.0,1.0,1.0,894359.0,0.039201510653345636,0.03743414645719283,0.04627140705916457,0.030485772407004817,0.033021561356871405,0.03179422973639322,9.537674486637117e-05,0.00035925240566333144,-0.0003338186070322991,-0.0,0.0,0.0,0.0,1.0,0.0,0.0,1.6051608896949399,1.3501939565955245,7.058455440565521,0.07100182698218474,0.5569842628064674,0.719528560246417,0.09050568219123219,-0.7488768929155705,5.069401146425319,0.0,0.0,0.0,0.0,1.0,0.0,0.0
2024-10-04 16:30:54.374015,1.0,1.0,1.0,1.0,1.0,1.0,1.0,894360.0,0.03959816335788845,0.038123599349151736,0.04610222401715648,0.03105329154533826,0.033168129149298335,0.032637404840404415,8.265984555085502e-05,0.00039740310360987996,-0.0003433562815189362,-0.0,0.0,0.0,0.0,1.0,0.0,0.0,1.604137213798589,1.34750231614661,7.060040025553169,0.07027291212058953,0.5588792157417705,0.7203354507471036,0.08935402481826615,-0.7502794188826725,5.07624616466823,0.0,0.0,0.0,0.0,1.0,0.0,0.0
2024-10-04 16:30:54.456863,1.0,1.0,1.0,1.0,1.0,1.0,1.0,894361.0,0.040315225390783915,0.038463691717159486,0.04615868726430257,0.030896693010431804,0.03319736505550277,0.032756086704177324,5.722604691982272e-05,0.00038468620429436373,-0.00032746015737454104,-0.0,0.0,0.0,0.0,1.0,0.0,0.0,1.6033139766261435,1.3449880513154757,7.061126806082141,0.0726199975458141,0.5580130191191864,0.7218560189744694,0.09482294965712026,-0.7477265286796877,5.087778462103756,0.0,0.0,0.0,0.0,1.0,0.0,0.0
2024-10-04 16:30:54.459862,1.0,1.0,1.0,1.0,1.0,1.0,1.0,894362.0,0.040315225390783915,0.0378493252884673,0.04643997376336176,0.031084516582433108,0.032756086704177324,0.032398736885968185,3.1792248288790396e-05,0.00034653550634781527,-0.00034017705669005726,-0.0,0.0,0.0,0.0,1.0,0.0,0.0,1.6044547019434447,1.34114337080266,7.061371846282268,0.07355141350010524,0.557895696762406,0.7200174782212357,0.09757532570480767,-0.7451906195743998,5.075019286667599,0.0,0.0,0.0,0.0,1.0,0.0,0.0
2024-10-04 16:30:54.541494,1.0,1.0,1.0,1.0,1.0,1.0,1.0,894363.0,0.04012093401707996,0.03743414645719283,0.04610222401715648,0.031084516582433108,0.03254810944778678,0.03221857569203676,2.2254573802153277e-05,0.00033699783186117815,-0.00035925240566333144,-0.0,0.0,0.0,0.0,1.0,0.0,0.0,1.6052805992531214,1.3372954278382116,7.062791470981279,0.07175935878379082,0.5525542940009861,0.7194934719469435,0.09448758349091202,-0.7358759891566603,5.071381450246506,0.0,0.0,0.0,0.0,1.0,0.0,0.0
2024-10-04 16:30:54.544995,1.0,1.0,1.0,1.0,1.0,1.0,1.0,894364.0,0.04063698009803076,0.037780445658522906,0.04553374081900146,0.031178004061435775,0.033546208593426816,0.032308781866774994,2.5433798631032317e-05,0.0003401770566900572,-0.00036243163049221044,-0.0,0.0,0.0,0.0,1.0,0.0,0.0,1.6082503177797227,1.333006730957281,7.063544092810956,0.07067935370846745,0.5492945162370703,0.7206954513046485,0.09014835792655304,-0.7291824361654344,5.080562231514159,0.0,0.0,0.0,0.0,1.0,0.0,0.0
2024-10-04 16:30:54.626727,1.0,1.0,1.0,1.0,1.0,1.0,1.0,894365.0,0.04164989509779679,0.038463691717159486,0.04576198155144106,0.031240173622796498,0.03319736505550277,0.03224867245309928,3.815069794654848e-05,0.0003560731808344524,-0.0003910446539521218,-0.0,0.0,0.0,0.0,1.0,0.0,0.0,1.610433760918216,1.3282291481922315,7.064295897037575,0.07081618833768796,0.5476670096455506,0.7210229811390608,0.08986157166143369,-0.7243347680239284,5.083016445895719,0.0,0.0,0.0,0.0,1.0,0.0,0.0
2024-10-04 16:30:54.710103,1.0,1.0,1.0,1.0,1.0,1.0,1.0,894366.0,0.04189929789626443,0.03886787470812279,0.045131542168673384,0.03105329154533826,0.03337224263981984,0.03188563643118791,1.5896124144395198e-05,0.0003528939560055733,-0.0003815069794654848,-0.0,0.0,0.0,0.0,1.0,0.0,0.0,1.6098107884528376,1.3232603889536623,7.0652162987266465,0.07004277825063772,0.5452231225435918,0.7271640435088824,0.08752342001274707,-0.7183696843588864,5.127198532848416,0.0,0.0,0.0,0.0,1.0,0.0,0.0
2024-10-04 16:30:54.713371,1.0,1.0,1.0,1.0,1.0,1.0,1.0,894367.0,0.042023444236177564,0.03853134997827472,0.045590908124401384,0.03148762440853117,0.03377676944149575,0.032067668184708895,3.1792248288790396e-05,0.00033699783186117815,-0.0004005823284387589,-0.0,0.0,0.0,0.0,1.0,0.0,0.0,1.612565972963632,1.3182033829284467,7.066470193478758,0.07050677218313162,0.5446067049116757,0.7279357852593229,0.08943940130302264,-0.7147545882265004,5.13284498333084,0.0,0.0,0.0,0.0,1.0,0.0,0.0
2024-10-04 16:30:54.795591,1.0,1.0,1.0,1.0,1.0,1.0,1.0,894368.0,0.041774782619765874,0.03839591423416136,0.04536180663361167,0.03227874115189541,0.033546208593426816,0.032067668184708895,6.358449657758082e-06,0.0003401770566900572,-0.00041329922775427513,-0.0,0.0,0.0,0.0,1.0,0.0,0.0,1.613519731595332,1.3131110332904523,7.066882948909784,0.06687685024457793,0.5457441303254302,0.7260689823986672,0.08135494165448605,-0.7136202715064204,5.1198339846920335,0.0,0.0,0.0,0.0,1.0,0.0,0.0
2024-10-04 16:30:54.798889,1.0,1.0,1.0,1.0,1.0,1.0,1.0,894369.0,0.04196141697840431,0.03839591423416135,0.04536180663361167,0.032637404840404415,0.03414811083549323,0.03185519667586617,3.179224828879041e-06,0.0003306393822034201,-0.00039422387878100085,-0.0,0.0,0.0,0.0,1.0,0.0,0.0,1.6145148727872793,1.3087144924286886,7.068133599919984,0.06694980187321684,0.5420556245307958,0.7284341435962695,0.08194212681801985,-0.7064980614447485,5.137275863928461,0.0,0.0,0.0,0.0,1.0,0.0,0.0
2024-10-04 16:30:54.881242,1.0,1.0,1.0,1.0,1.0,1.0,1.0,894370.0,0.042023444236177564,0.037918079796158174,0.04507379225100918,0.032368779656366614,0.03434640099311143,0.03167194378429309,-6.358449657758079e-06,0.00030520558357238775,-0.0003846862042943638,-0.0,0.0,0.0,0.0,1.0,0.0,0.0,1.6153775500847731,1.3047885151677943,7.069137056461982,0.06580099446573406,0.5377933104735771,0.7291655258494221,0.08038460733252423,-0.6985368240929359,5.143076098898672,0.0,0.0,0.0,0.0,1.0,0.0,0.0
2024-10-04 16:30:54.884364,1.0,1.0,1.0,1.0,1.0,1.0,1.0,894371.0,0.04152463197171362,0.03764230828317236,0.045246820880521094,0.032874340109372714,0.03434640099311143,0.03148762440853117,3.1792248288790396e-06,0.00031156403323014586,-0.000403761553267638,-0.0,0.0,0.0,0.0,1.0,0.0,0.0,1.6177023677207796,1.302860258762836,7.069882371245732,0.06511800727543227,0.5370218887512933,0.7277215575392565,0.07915734244209996,-0.6966089985080433,5.132810470238022,0.0,0.0,0.0,0.0,1.0,0.0,0.0
2024-10-04 16:30:54.965656,1.0,1.0,1.0,1.0,1.0,1.0,1.0,894372.0,0.04120980838596827,0.037918079796158174,0.04501596824740669,0.03218845078999174,0.03457162570793951,0.03148762440853117,0.0,0.00031474325805902487,-0.00041012000292539613,-0.0,0.0,0.0,0.0,1.0,0.0,0.0,1.6172942539949358,1.2991402587159995,7.070801309005976,0.06398163805052494,0.5347190890320593,0.7284145997159239,0.0774005578914038,-0.6918530169397271,5.1387952474346426,0.0,0.0,0.0,0.0,1.0,0.0,0.0
2024-10-04 16:30:55.049438,1.0,1.0,1.0,1.0,1.0,1.0,1.0,894373.0,0.04089256110871732,0.03819186010094626,0.045419190346160765,0.03173314566510837,0.03473958601181881,0.03145679951185349,-6.358449657758079e-06,0.00032746015737454104,-0.00041965767741203314,-0.0,0.0,0.0,0.0,1.0,0.0,0.0,1.618698155751881,1.2968061402043916,7.070715563894605,0.06747837733209906,0.5343547275104038,0.7275473339980305,0.0839508859630239,-0.6900183855366239,5.133021855046552,0.0,0.0,0.0,0.0,1.0,0.0,0.0
2024-10-04 16:30:55.052938,1.0,1.0,1.0,1.0,1.0,1.0,1.0,894374.0,0.04025056580563931,0.037918079796158174,0.045932417826860104,0.03182472780550264,0.03457162570793951,0.03203740138402003,3.1792248288790384e-06,0.00031474325805902487,-0.00042283690224091225,-0.0,0.0,0.0,0.0,1.0,0.0,0.0,1.6155448710478955,1.2941588058148203,7.069965179149421,0.06581869971593471,0.531107456101535,0.7282964902461558,0.08355864699709903,-0.6843706461224407,5.1379137863242175,0.0,0.0,0.0,0.0,1.0,0.0,0.0
2024-10-04 16:30:55.134952,1.0,1.0,1.0,1.0,1.0,1.0,1.0,894375.0,0.03966388649582423,0.03729472643293347,0.04587567609077438,0.03194642892952922,0.03499001478345783,0.032097906445255474,-3.179224828879042e-06,0.0002988471339146297,-0.0004260161270697913,-0.0,0.0,0.0,0.0,1.0,0.0,0.0,1.6154965025805823,1.2933457688003085,7.0707961518157,0.06779018264658435,0.5284023992895943,0.7279393497223946,0.0875668399814748,-0.6804015731631584,5.136257637275859,0.0,0.0,0.0,0.0,1.0,0.0,0.0
2024-10-04 16:30:55.138452,1.0,1.0,1.0,1.0,1.0,1.0,1.0,894376.0,0.03946638873835309,0.036731754853566174,0.04610222401715649,0.031549183850304155,0.03490673815261534,0.032067668184708895,-1.2716899315516158e-05,0.00029566790908575063,-0.00044509147604306553,-0.0,0.0,0.0,0.0,1.0,0.0,0.0,1.614566315753011,1.2914754221435465,7.071128808222263,0.0688800548748169,0.5287802104850382,0.723687175931692,0.09170890524521902,-0.6799526022758658,5.106970281726317,0.0,0.0,0.0,0.0,1.0,0.0,0.0
2024-10-04 16:30:55.219854,1.0,1.0,1.0,1.0,1.0,1.0,1.0,894377.0,0.039400336158606504,0.03630379747090976,0.045989089554554836,0.03142594437984583,0.03501772965099794,0.03170255949350469,-1.2716899315516158e-05,0.0002829510097702345,-0.0004260161270697913,-0.0,0.0,0.0,0.0,1.0,0.0,0.0,1.6131555888486007,1.2904904214852995,7.072541318554454,0.069188919011323,0.5302251651240608,0.7210122491915825,0.09134307150773399,-0.6812688097656695,5.089987035108724,0.0,0.0,0.0,0.0,1.0,0.0,0.0
2024-10-04 16:30:55.302800,1.0,1.0,1.0,1.0,1.0,1.0,1.0,894378.0,0.03940033615860651,0.03687330356631608,0.04564800383634772,0.03064447088906264,0.03515597625908419,0.03151841915858901,9.537674486637114e-06,0.00030520558357238775,-0.0003942238787810009,-0.0,0.0,0.0,0.0,1.0,0.0,0.0,1.6104596387104395,1.2898922687110712,7.073463593202115,0.06966490068277395,0.5299276324598993,0.722310222156863,0.09220460358844558,-0.6804552940726512,5.09996720638659,0.0,0.0,0.0,0.0,1.0,0.0,0.0
2024-10-04 16:30:55.305799,1.0,1.0,1.0,1.0,1.0,1.0,1.0,894379.0,0.03866631133712533,0.03666077555081008,0.04610222401715648,0.030294236862297798,0.03490673815261534,0.03170255949350469,-1.2716899315516164e-05,0.00031474325805902487,-0.00041012000292539613,-0.0,0.0,0.0,0.0,1.0,0.0,0.0,1.6109792502001845,1.2904783112634988,7.074125693923514,0.06825542673159614,0.533457630015435,0.7191050107132765,0.08933865856492657,-0.6852838006560451,5.0785099788072605,0.0,0.0,0.0,0.0,1.0,0.0,0.0
2024-10-04 16:30:55.388660,1.0,1.0,1.0,1.0,1.0,1.0,1.0,894380.0,0.03880080326089556,0.03729472643293347,0.04615868726430256,0.030422061214259163,0.034711649066398086,0.03130221970899244,1.2716899315516153e-05,0.0003306393822034201,-0.0004005823284387589,-0.0,0.0,0.0,0.0,1.0,0.0,0.0,1.6093812524964801,1.2906768394185877,7.072956665761017,0.07007516188696887,0.5365654255810586,0.7186910998447689,0.09294126068016095,-0.6894733671553113,5.075124398737174,0.0,0.0,0.0,0.0,1.0,0.0,0.0
2024-10-04 16:30:55.391660,1.0,1.0,1.0,1.0,1.0,1.0,1.0,894381.0,0.038733615672373205,0.036589658557456724,0.04615868726430257,0.02984254030701896,0.03465570761333854,0.03105329154533826,9.537674486637114e-06,0.00031156403323014586,-0.00041329922775427513,-0.0,0.0,0.0,0.0,1.0,0.0,0.0,1.6097719559626738,1.2904638114194276,7.072462223655365,0.06992913392038694,0.5388171253987597,0.7213863314907354,0.09243626226324513,-0.6921875294251943,5.094211480563983,0.0,0.0,0.0,0.0,1.0,0.0,0.0
2024-10-04 16:30:55.473182,1.0,1.0,1.0,1.0,1.0,1.0,1.0,894382.0,0.03926789767914727,0.03715478325109878,0.04576198155144105,0.0303262434606198,0.034851109849295854,0.03142594437984583,9.537674486637115e-06,0.00030520558357238775,-0.00041329922775427513,-0.0,0.0,0.0,0.0,1.0,0.0,0.0,1.6093780156277355,1.2904678482180125,7.072125210351235,0.06805222903290356,0.5388063224302403,0.7193730522409849,0.08509796373831975,-0.6922288593479697,5.079638889583533,0.0,0.0,0.0,0.0,1.0,0.0,0.0
2024-10-04 16:30:55.556522,1.0,1.0,1.0,1.0,1.0,1.0,1.0,894383.0,0.03999088202492748,0.037918079796158174,0.045131542168673384,0.030928076150071922,0.03548557074494756,0.031763702384431956,3.815069794654847e-05,0.0003338186070322991,-0.0003815069794654848,-0.0,0.0,0.0,0.0,1.0,0.0,0.0,1.6113244871167065,1.2915883592059993,7.073963120201127,0.06780990436927956,0.5398115284677645,0.7164165649437886,0.08569398428725761,-0.6941280193428544,5.059658378294627,0.0,0.0,0.0,0.0,1.0,0.0,0.0
2024-10-04 16:30:55.559962,1.0,1.0,1.0,1.0,1.0,1.0,1.0,894384.0,0.040185802182344105,0.03798670986099516,0.045304350237362054,0.030928076150071922,0.035238663890968365,0.030990747087997286,0.0,0.0002893094594279926,-0.00037196930497884756,-0.0,0.0,0.0,0.0,1.0,0.0,0.0,1.6120630304074068,1.2916206251243494,7.074207715770135,0.0708509352824514,0.5425442534753467,0.7128400614305459,0.09077053348716181,-0.6978866263568678,5.033928571123278,0.0,0.0,0.0,0.0,1.0,0.0,0.0
2024-10-04 16:30:55.642057,1.0,1.0,1.0,1.0,1.0,1.0,1.0,894385.0,0.039729500910396995,0.0378493252884673,0.044725726870264354,0.03105329154533826,0.03600125807533038,0.03148762440853117,2.3129646346357427e-21,0.00030520558357238775,-0.0003433562815189362,-0.0,0.0,0.0,0.0,1.0,0.0,0.0,1.614592308690288,1.2945482968017743,7.075628446326598,0.07075400709664507,0.5481435572241041,0.7128563924414719,0.08981475168837505,-0.7067149236875898,5.0349975350081015,0.0,0.0,0.0,0.0,1.0,0.0,0.0
2024-10-04 16:30:55.645057,1.0,1.0,1.0,1.0,1.0,1.0,1.0,894386.0,0.03933417265909615,0.038055216156251626,0.04501596824740669,0.03139505892336215,0.03583921107981937,0.03142594437984583,6.358449657758084e-06,0.0002765925601124764,-0.00032746015737454104,-0.0,0.0,0.0,0.0,1.0,0.0,0.0,1.6147500327385964,1.2938345225503238,7.074793623287685,0.06767692718808553,0.5516516209716232,0.7127402310724829,0.08152409449827495,-0.7106915704351218,5.033715861637736,0.0,0.0,0.0,0.0,1.0,0.0,0.0
2024-10-04 16:30:55.727210,1.0,1.0,1.0,1.0,1.0,1.0,1.0,894387.0,0.03926789767914727,0.03771144022072075,0.044900096837092805,0.030928076150071922,0.03567642805328406,0.03120910432259612,-1.9075348973274224e-05,0.00026069643596808123,-0.00031474325805902487,-0.0,0.0,0.0,0.0,1.0,0.0,0.0,1.6163040470476011,1.294966569975217,7.073960174552907,0.06762047502778319,0.5494521841381368,0.71142660552552,0.08254184594928178,-0.7084458349833129,5.023465309063081,0.0,0.0,0.0,0.0,1.0,0.0,0.0
2024-10-04 16:30:55.730211,1.0,1.0,1.0,1.0,1.0,1.0,1.0,894388.0,0.03966388649582423,0.037918079796158174,0.044900096837092805,0.031115710284795706,0.035920325957808266,0.03142594437984583,-3.1792248288790337e-06,0.00024797953665256506,-0.0003306393822034201,-0.0,0.0,0.0,0.0,1.0,0.0,0.0,1.6162685936404475,1.2933289168888178,7.072041691127824,0.0734078256560202,0.5508003101698693,0.7110427788464884,0.09262326039878185,-0.7092738254010149,5.019254976674654,0.0,0.0,0.0,0.0,1.0,0.0,0.0
2024-10-04 16:30:55.812431,1.0,1.0,1.0,1.0,1.0,1.0,1.0,894389.0,0.03999088202492748,0.03832801689680105,0.04443358966925188,0.031115710284795706,0.03583921107981937,0.03148762440853117,-6.358449657758066e-06,0.000241621086994807,-0.000324280932545662,-0.0,0.0,0.0,0.0,1.0,0.0,0.0,1.6170626855284038,1.293581744422019,7.072127420160733,0.07452447575731369,0.5518188289342834,0.7117402378511041,0.09476944321914375,-0.7106818708556673,5.02435829276085,0.0,0.0,0.0,0.0,1.0,0.0,0.0
2024-10-04 16:30:55.895453,1.0,1.0,1.0,1.0,1.0,1.0,1.0,894390.0,0.03986040571620479,0.038733615672373205,0.04547650165015325,0.0313331966781849,0.036082008662183536,0.03167194378429309,-2.5433798631032307e-05,0.00023844186216592797,-0.0003338186070322991,-0.0,0.0,0.0,0.0,1.0,0.0,0.0,1.616815155190193,1.292885938686074,7.071879806125679,0.0773245130925959,0.5524412478542362,0.7081693637421238,0.09687975042176072,-0.7112026728796027,4.999044148209256,0.0,0.0,0.0,0.0,1.0,0.0,0.0
2024-10-04 16:30:55.898453,1.0,1.0,1.0,1.0,1.0,1.0,1.0,894391.0,0.03959816335788845,0.03946638873835309,0.04559090812440138,0.03120910432259612,0.036082008662183536,0.03185519667586617,-2.5433798631032307e-05,0.00021618728836377468,-0.0003751485298077266,-0.0,0.0,0.0,0.0,1.0,0.0,0.0,1.615470705472533,1.2920317822890723,7.072540581994471,0.07714191312718673,0.5549147016908258,0.7059708674597,0.09620846088393438,-0.7139241797475858,4.983322679574904,0.0,0.0,0.0,0.0,1.0,0.0,0.0
2024-10-04 16:30:55.981000,1.0,1.0,1.0,1.0,1.0,1.0,1.0,894392.0,0.03933417265909615,0.0401858021823441,0.04615868726430257,0.03130221970899244,0.03645647986559919,0.03173314566510837,-1.907534897327423e-05,0.00027977178494135546,-0.00036879008014996856,-0.0,0.0,0.0,0.0,1.0,0.0,0.0,1.6155479142888396,1.2923372670486268,7.073462856738169,0.07924958962597471,0.5575661182955165,0.7099264733728302,0.10222243774669193,-0.7176508641482712,5.010973924444222,0.0,0.0,0.0,0.0,1.0,0.0,0.0
2024-10-04 16:30:55.984003,1.0,1.0,1.0,1.0,1.0,1.0,1.0,894393.0,0.03859888964444313,0.03886787470812279,0.04610222401715648,0.030833830904597324,0.035947323576018514,0.03185519667586617,-5.0867597262064614e-05,0.0002352626373370489,-0.0003942238787810009,-0.0,0.0,0.0,0.0,1.0,0.0,0.0,1.6138771550373696,1.2908971612156883,7.071959644159264,0.07721839513695845,0.559274600560173,0.7152471066241979,0.09737301177981753,-0.7193024714468739,5.047334155298716,0.0,0.0,0.0,0.0,1.0,0.0,0.0
2024-10-04 16:30:56.066880,1.0,1.0,1.0,1.0,1.0,1.0,1.0,894394.0,0.03846369171715948,0.03900167157440239,0.04615868726430257,0.03086527796111811,0.03661579517603752,0.03242866644143693,-1.2716899315516157e-05,0.00032746015737454104,-0.00042919535189867036,-0.0,0.0,0.0,0.0,1.0,0.0,0.0,1.616390703395052,1.291075450660584,7.07371704329959,0.07396645363803282,0.5606321498977144,0.7222922607688104,0.09143339135067348,-0.7211260028976811,5.098641768210941,0.0,0.0,0.0,0.0,1.0,0.0,0.0
2024-10-04 16:30:56.149314,1.0,1.0,1.0,1.0,1.0,1.0,1.0,894395.0,0.03900167157440239,0.03926789767914727,0.04705288535396546,0.030453933471522428,0.035238663890968365,0.032067668184708895,-4.450914760430655e-05,0.000321101707716783,-0.00047688372433185594,-0.0,0.0,0.0,0.0,1.0,0.0,0.0,1.6146564730283757,1.2892058510287996,7.07287904855639,0.07213007137604076,0.5590745881420749,0.7272609940460222,0.08714022249309479,-0.7181508666404558,5.13327058313085,0.0,0.0,0.0,0.0,1.0,0.0,0.0
2024-10-04 16:30:56.152814,1.0,1.0,1.0,1.0,1.0,1.0,1.0,894396.0,0.03946638873835309,0.03900167157440239,0.04627140705916456,0.031022035078891817,0.035730771463385984,0.03251828982682399,-2.2254573802153274e-05,0.0003528939560055733,-0.0004673460498452188,-0.0,0.0,0.0,0.0,1.0,0.0,0.0,1.6176701652428114,1.2935495274212518,7.074714553569233,0.07585411292992598,0.5554012501622253,0.7283400131661983,0.09560941460448807,-0.7157084755268939,5.141800737719401,0.0,0.0,0.0,0.0,1.0,0.0,0.0
2024-10-04 16:30:56.235342,1.0,1.0,1.0,1.0,1.0,1.0,1.0,894397.0,0.039201510653345636,0.03900167157440239,0.04643997376336176,0.030928076150071922,0.03515597625908419,0.03248844283583844,-3.815069794654847e-05,0.0003433562815189362,-0.0004959590733051301,-0.0,0.0,0.0,0.0,1.0,0.0,0.0,1.61623958572887,1.2935656360219332,7.0743813294057,0.07755752768986081,0.5538745191182913,0.7302072205631028,0.09847465103093876,-0.7137063334589642,5.15513830919225,0.0,0.0,0.0,0.0,1.0,0.0,0.0
2024-10-04 16:30:56.238577,1.0,1.0,1.0,1.0,1.0,1.0,1.0,894398.0,0.03866631133712533,0.038867874708122786,0.04621508152756301,0.030612797008878905,0.034823262373934814,0.032696799620819436,-5.0867597262064634e-05,0.0003497147311766943,-0.0005245720967650415,-0.0,0.0,0.0,0.0,1.0,0.0,0.0,1.6188971313184533,1.2973585757874686,7.076794088664493,0.07519223342635994,0.5533136622377904,0.7306943040134725,0.09538550423887794,-0.7150739699567634,5.16045116815513,0.0,0.0,0.0,0.0,1.0,0.0,0.0
2024-10-04 16:30:56.319795,1.0,1.0,1.0,1.0,1.0,1.0,1.0,894399.0,0.038733615672373205,0.03900167157440239,0.04615868726430257,0.03086527796111811,0.03479539261166803,0.032667115729434024,-5.086759726206463e-05,0.00035925240566333144,-0.0005150344222784043,-0.0,0.0,0.0,0.0,1.0,0.0,0.0,1.6184828815480856,1.2969250073782985,7.075959403148287,0.07386822825994327,0.5513045675987811,0.7320192751872492,0.09199817265140851,-0.7122351913253007,5.168811629515778,0.0,0.0,0.0,0.0,1.0,0.0,0.0
2024-10-04 16:30:56.322795,1.0,1.0,1.0,1.0,1.0,1.0,1.0,894400.0,0.038463691717159486,0.038123599349151736,0.04530435023736206,0.030358216314476834,0.03454355292563407,0.032933307582966455,-4.1329922775427505e-05,0.00037196930497884756,-0.0005309305464227996,-0.0,0.0,0.0,0.0,1.0,0.0,0.0,1.6198825372823882,1.299081746020763,7.077207714136091,0.06927577511251999,0.5486692012029433,0.7341379866768463,0.08729009602970379,-0.7098741900494876,5.185113277244133,0.0,0.0,0.0,0.0,1.0,0.0,0.0
2024-10-04 16:30:56.405218,1.0,1.0,1.0,1.0,1.0,1.0,1.0,894401.0,0.03893483061427055,0.037780445658522906,0.04530435023736206,0.030802351742838057,0.03411968959808029,0.032815266674204355,-3.179224828879039e-05,0.000400582328438759,-0.0004896006236473721,-0.0,0.0,0.0,0.0,1.0,0.0,0.0,1.6194814063367906,1.2989791176758971,7.0771242548928015,0.07088508589898286,0.5442752755151473,0.7348241181044685,0.0911847683994722,-0.7042760145821737,5.19115120973419,0.0,0.0,0.0,0.0,1.0,0.0,0.0
2024-10-04 16:30:56.488406,1.0,1.0,1.0,1.0,1.0,1.0,1.0,894402.0,0.03900167157440239,0.0373645014732293,0.044900096837092805,0.03070772063827226,0.03380547898296581,0.03251828982682399,-2.861302345991135e-05,0.0003751485298077266,-0.000483242173989614,-0.0,0.0,0.0,0.0,1.0,0.0,0.0,1.6196354379047104,1.3003622013542182,7.078205468446497,0.07082412475196372,0.5373210815114239,0.7321350909531106,0.09184445544880268,-0.6956274527927034,5.173191571025631,0.0,0.0,0.0,0.0,1.0,0.0,0.0
2024-10-04 16:30:56.491906,1.0,1.0,1.0,1.0,1.0,1.0,1.0,894403.0,0.039729500910396995,0.038123599349151736,0.04610222401715648,0.030581090322992784,0.033546208593426816,0.03197678183797181,-1.2716899315516152e-05,0.0003878654291232428,-0.0004896006236473721,-0.0,0.0,0.0,0.0,1.0,0.0,0.0,1.6172201686461238,1.3003501830687667,7.078870069257102,0.07146516060838509,0.5346897142427602,0.7303720389070695,0.09194797370063826,-0.6922616440526865,5.161468675697354,0.0,0.0,0.0,0.0,1.0,0.0,0.0
2024-10-04 16:30:56.573899,1.0,1.0,1.0,1.0,1.0,1.0,1.0,894404.0,0.03959816335788845,0.03825999906698716,0.046045691532351565,0.030517578125,0.032756086704177324,0.03173314566510837,-1.5896124144395195e-05,0.00036879008014996856,-0.0004705252746740978,-0.0,0.0,0.0,0.0,1.0,0.0,0.0,1.616303865860328,1.301842224406843,7.079956166720728,0.07515665927259577,0.5349611967888737,0.7277767734109393,0.0991070476311594,-0.6935635387227745,5.14386474010113,0.0,0.0,0.0,0.0,1.0,0.0,0.0
2024-10-04 16:30:56.577442,1.0,1.0,1.0,1.0,1.0,1.0,1.0,894405.0,0.03946638873835309,0.038123599349151736,0.045590908124401384,0.03064447088906264,0.032785690042080325,0.0316106234096681,-1.2716899315516152e-05,0.00035925240566333144,-0.0004387330263853075,-0.0,0.0,0.0,0.0,1.0,0.0,0.0,1.6151424814981217,1.3017838331598062,7.081040626246055,0.0731267183606274,0.5332992180931927,0.7228885533243532,0.09674146465501407,-0.6914621047534762,5.11009520320835,0.0,0.0,0.0,0.0,1.0,0.0,0.0
2024-10-04 16:30:56.659132,1.0,1.0,1.0,1.0,1.0,1.0,1.0,894406.0,0.039729500910396995,0.03933417265909616,0.04587567609077438,0.0303262434606198,0.03254810944778678,0.031364143052817484,3.815069794654847e-05,0.00038468620429436373,-0.0004387330263853075,-0.0,0.0,0.0,0.0,1.0,0.0,0.0,1.6145824480250637,1.301536601381766,7.082385415220736,0.06992502327763113,0.5329064064538644,0.7221669343450363,0.08807055577461707,-0.690804099833685,5.106029058758691,0.0,0.0,0.0,0.0,1.0,0.0,0.0
2024-10-04 16:30:56.742065,1.0,1.0,1.0,1.0,1.0,1.0,1.0,894407.0,0.03959816335788845,0.03913501101148131,0.04581886408620406,0.030358216314476834,0.03313886745048406,0.03151841915858901,4.132992277542751e-05,0.0003878654291232428,-0.0004578083753585817,-0.0,0.0,0.0,0.0,1.0,0.0,0.0,1.6115534658986452,1.302842633441096,7.084799125081141,0.07201886552621745,0.5352793202521199,0.7212499911430647,0.09054634767283967,-0.6946000648420996,5.1013122876299315,0.0,0.0,0.0,0.0,1.0,0.0,0.0
2024-10-04 16:30:56.745563,1.0,1.0,1.0,1.0,1.0,1.0,1.0,894408.0,0.039925697169818586,0.038733615672373205,0.04615868726430257,0.03054935072925873,0.033168129149298335,0.03130221970899244,6.358449657758079e-05,0.0003974031036098799,-0.00041647845258315413,-0.0,0.0,0.0,0.0,1.0,0.0,0.0,1.6092230022404213,1.304446011509648,7.086970806393848,0.06961105620640459,0.5343002593596642,0.7226316821222589,0.08647115546892195,-0.6942733994909323,5.112654575918047,0.0,0.0,0.0,0.0,1.0,0.0,0.0
2024-10-04 16:30:56.827441,1.0,1.0,1.0,1.0,1.0,1.0,1.0,894409.0,0.03959816335788845,0.03832801689680105,0.04598908955455483,0.03016587087444806,0.03331405211143558,0.031364143052817484,6.676372140645982e-05,0.000406940778096517,-0.0004323745767275493,-0.0,0.0,0.0,0.0,1.0,0.0,0.0,1.6064038961242615,1.3084550017109788,7.08980245900264,0.07160049350957377,0.5369680352772808,0.7217162361841641,0.09082293602762828,-0.6998722246807805,5.108688324731065,0.0,0.0,0.0,0.0,1.0,0.0,0.0
2024-10-04 16:30:56.830941,1.0,1.0,1.0,1.0,1.0,1.0,1.0,894410.0,0.03986040571620479,0.03859888964444313,0.04638385292864447,0.030198013527012933,0.03325575976212062,0.030896693010431804,5.722604691982271e-05,0.00038468620429436373,-0.0004355538015564284,-0.0,0.0,0.0,0.0,1.0,0.0,0.0,1.6049470455242991,1.310917769026302,7.091718341410226,0.0722955476856069,0.5390177983142005,0.7248626255232942,0.09141331513462445,-0.7038079977831747,5.132459519141634,0.0,0.0,0.0,0.0,1.0,0.0,0.0
2024-10-04 16:30:56.912389,1.0,1.0,1.0,1.0,1.0,1.0,1.0,894411.0,0.03953233095432663,0.03906839817849147,0.04576198155144105,0.030358216314476834,0.034005767111097776,0.03151841915858901,3.815069794654848e-05,0.000410120002925396,-0.00041647845258315413,-0.0,0.0,0.0,0.0,1.0,0.0,0.0,1.6034728100570343,1.3151596681203117,7.094637961802016,0.0733623261537335,0.5373699994581513,0.7275109602975041,0.09261046149565132,-0.7038028946226855,5.153033456294664,0.0,0.0,0.0,0.0,1.0,0.0,0.0
2024-10-04 16:30:56.915392,1.0,1.0,1.0,1.0,1.0,1.0,1.0,894412.0,0.03933417265909615,0.03853134997827472,0.0459324178268601,0.030004641120915988,0.03394866250806731,0.03185519667586617,1.5896124144395198e-05,0.0003751485298077266,-0.0004578083753585817,-0.0,0.0,0.0,0.0,1.0,0.0,0.0,1.6031323812425395,1.3173181887234584,7.095802683843221,0.0736670995647235,0.5436704441014149,0.7278060988576839,0.09409190877540353,-0.7135764331079699,5.1556345079690145,0.0,0.0,0.0,0.0,1.0,0.0,0.0
2024-10-04 16:30:56.998109,1.0,1.0,1.0,1.0,1.0,1.0,1.0,894413.0,0.03933417265909615,0.03933417265909616,0.04466745228281863,0.03070772063827226,0.03434640099311143,0.03212811624624381,2.2254573802153277e-05,0.0004260161270697913,-0.000406940778096517,-0.0,0.0,0.0,0.0,1.0,0.0,0.0,1.6043737123139548,1.320707863434326,7.097555647227366,0.07335662361179818,0.545019903005627,0.7279802921993951,0.09378851778907143,-0.7168067379029653,5.158388090944646,0.0,0.0,0.0,0.0,1.0,0.0,0.0
2024-10-04 16:30:57.080871,1.0,1.0,1.0,1.0,1.0,1.0,1.0,894414.0,0.03900167157440239,0.03893483061427055,0.04443358966925187,0.030676112065162197,0.034515457310635475,0.03221857569203676,-2.2254573802153277e-05,0.00040376155326763796,-0.00041965767741203324,-0.0,0.0,0.0,0.0,1.0,0.0,0.0,1.6035828999526647,1.3238772740715812,7.09888630026952,0.07186314536594772,0.5438520830741437,0.7278745414612918,0.08919201261437068,-0.7167733917875146,5.158622176091305,0.0,0.0,0.0,0.0,1.0,0.0,0.0
2024-10-04 16:30:57.083871,1.0,1.0,1.0,1.0,1.0,1.0,1.0,894415.0,0.03866631133712533,0.03933417265909616,0.04478392562861249,0.030676112065162197,0.03490673815261534,0.032097906445255474,9.537674486637119e-06,0.0004228369022409122,-0.000410120002925396,-0.0,0.0,0.0,0.0,1.0,0.0,0.0,1.6028274489136751,1.3267259147640171,7.100053260219514,0.07164281321660017,0.5445976285035669,0.729263202738203,0.08468983075091241,-0.7191287579293721,5.169496596869419,0.0,0.0,0.0,0.0,1.0,0.0,0.0
2024-10-04 16:30:57.166612,1.0,1.0,1.0,1.0,1.0,1.0,1.0,894416.0,0.03906839817849147,0.03900167157440239,0.044958069872003174,0.03073929670896773,0.035238663890968365,0.03248844283583844,-1.58961241443952e-05,0.0004419122512141865,-0.0004164784525831542,-0.0,0.0,0.0,0.0,1.0,0.0,0.0,1.601393368930713,1.3304768194305954,7.102798006597267,0.07343397248322223,0.5444907360551527,0.7314155312194953,0.09136509478872452,-0.7211353029713702,5.1867017416051615,0.0,0.0,0.0,0.0,1.0,0.0,0.0
2024-10-04 16:30:57.170237,1.0,1.0,1.0,1.0,1.0,1.0,1.0,894417.0,0.03893483061427055,0.03853134997827471,0.0447839256286125,0.030802351742838057,0.035128370462711604,0.03227874115189541,-1.589612414439519e-05,0.0004355538015564284,-0.000406940778096517,-0.0,0.0,0.0,0.0,1.0,0.0,0.0,1.6042535699873088,1.3340368455599865,7.104968585620763,0.07047039879223675,0.541989230382658,0.7316074296919526,0.08693499427867818,-0.7196425013172292,5.189735689316398,0.0,0.0,0.0,0.0,1.0,0.0,0.0
2024-10-04 16:30:57.251110,1.0,1.0,1.0,1.0,1.0,1.0,1.0,894418.0,0.03893483061427055,0.03906839817849146,0.045304350237362054,0.031022035078891817,0.03532115794976128,0.032097906445255474,-4.132992277542751e-05,0.0004260161270697913,-0.00043237457672754936,-0.0,0.0,0.0,0.0,1.0,0.0,0.0,1.6049176505099327,1.3354577369533371,7.103884845631477,0.07101950047486492,0.5395519904044641,0.7277918700276713,0.08771254183682688,-0.7171258168499112,5.161107017846449,0.0,0.0,0.0,0.0,1.0,0.0,0.0
2024-10-04 16:30:57.334707,1.0,1.0,1.0,1.0,1.0,1.0,1.0,894419.0,0.03859888964444313,0.03966388649582423,0.045246820880521094,0.031364143052817484,0.035757912197617196,0.032097906445255474,-2.2254573802153277e-05,0.0004578083753585816,-0.000406940778096517,-0.0,0.0,0.0,0.0,1.0,0.0,0.0,1.606908245427291,1.3368966013016021,7.104387366445564,0.07134014843168747,0.5367172788158959,0.7251891438692684,0.08827298324335106,-0.7141200805537082,5.142693191546365,0.0,0.0,0.0,0.0,1.0,0.0,0.0
2024-10-04 16:30:57.338207,1.0,1.0,1.0,1.0,1.0,1.0,1.0,894420.0,0.038666311337125336,0.038733615672373205,0.04501596824740669,0.031084516582433108,0.03543085125095238,0.03191604715477278,-3.497147311766943e-05,0.00044509147604306553,-0.000410120002925396,-0.0,0.0,0.0,0.0,1.0,0.0,0.0,1.607619836230749,1.3365210421217433,7.104303493233848,0.07242819513678199,0.5366104523086109,0.7213414497230891,0.09026708262942196,-0.7138807408549008,5.115497761728902,0.0,0.0,0.0,0.0,1.0,0.0,0.0
2024-10-04 16:30:57.419676,1.0,1.0,1.0,1.0,1.0,1.0,1.0,894421.0,0.03966388649582423,0.03933417265909616,0.04643997376336176,0.03095942747707764,0.035238663890968365,0.03185519667586617,-1.2716899315516153e-05,0.0004387330263853075,-0.0003974031036098799,-0.0,0.0,0.0,0.0,1.0,0.0,0.0,1.6101010928499155,1.3362919324003137,7.104804518006874,0.07141411105545352,0.5369275986077074,0.7154081177640867,0.08770618759249296,-0.7140852184190106,5.073238739934501,0.0,0.0,0.0,0.0,1.0,0.0,0.0
2024-10-04 16:30:57.423177,1.0,1.0,1.0,1.0,1.0,1.0,1.0,894422.0,0.03979500713939933,0.03893483061427055,0.04638385292864447,0.031084516582433108,0.03545822155341263,0.03157991857152382,-1.9075348973274234e-05,0.0004578083753585817,-0.0003401770566900572,-0.0,0.0,0.0,0.0,1.0,0.0,0.0,1.6114047639222926,1.3381385680428188,7.106558193060012,0.07074994437986466,0.5354061715791445,0.7129171552056719,0.08523683614774313,-0.713014740617601,5.056415564763847,0.0,0.0,0.0,0.0,1.0,0.0,0.0
2024-10-04 16:30:57.505485,1.0,1.0,1.0,1.0,1.0,1.0,1.0,894423.0,0.039925697169818586,0.0373645014732293,0.04716346808075752,0.030422061214259163,0.03501772965099794,0.03139505892336215,-5.086759726206463e-05,0.00039740310360987996,-0.00039422387878100085,-0.0,0.0,0.0,0.0,1.0,0.0,0.0,1.6117272847752284,1.3406112782253352,7.106552328783502,0.07061919621668768,0.5375459468911156,0.7107069662952354,0.08469570558832767,-0.7175278584257252,5.040453063787839,0.0,0.0,0.0,0.0,1.0,0.0,0.0
2024-10-04 16:30:57.588290,1.0,1.0,1.0,1.0,1.0,1.0,1.0,894424.0,0.040315225390783915,0.03798670986099516,0.047218662327942335,0.03016587087444806,0.03540345978860444,0.031178004061435775,0.0,0.00042919535189867025,-0.00038468620429436373,-0.0,0.0,0.0,0.0,1.0,0.0,0.0,1.6111080458815166,1.3407907275825024,7.107809924990141,0.06860979907750894,0.5362276476847478,0.7053126142021734,0.081840770102642,-0.7157875923871031,5.002255093795919,0.0,0.0,0.0,0.0,1.0,0.0,0.0
2024-10-04 16:30:57.591589,1.0,1.0,1.0,1.0,1.0,1.0,1.0,894425.0,0.04012093401707996,0.037780445658522906,0.04683093654403021,0.03070772063827226,0.035757912197617196,0.03157991857152382,-9.537674486637122e-06,0.0004260161270697913,-0.000406940778096517,-0.0,0.0,0.0,0.0,1.0,0.0,0.0,1.6132585598283151,1.3428103550848076,7.108977618454826,0.07049140953683318,0.5318655682166327,0.7043828906591365,0.08814470404470012,-0.7109810649287991,4.995931775413585,0.0,0.0,0.0,0.0,1.0,0.0,0.0
2024-10-04 16:30:57.673718,1.0,1.0,1.0,1.0,1.0,1.0,1.0,894426.0,0.039729500910396995,0.037918079796158174,0.04716346808075752,0.030612797008878905,0.03526618335153976,0.030833830904597324,-2.8613023459911357e-05,0.0003878654291232428,-0.0003878654291232428,-0.0,0.0,0.0,0.0,1.0,0.0,0.0,1.610172088603279,1.3414888688057973,7.107056859935821,0.06956248306452385,0.5325109627475222,0.7042515565082336,0.08695317599633381,-0.7110549798034087,4.993753926504649,0.0,0.0,0.0,0.0,1.0,0.0,0.0
2024-10-04 16:30:57.677218,1.0,1.0,1.0,1.0,1.0,1.0,1.0,894427.0,0.04063698009803076,0.03940033615860651,0.04694204212496726,0.03120910432259612,0.03586626975568591,0.03105329154533826,6.3584496577580725e-06,0.0004609876001874607,-0.0003497147311766943,-0.0,0.0,0.0,0.0,1.0,0.0,0.0,1.6095425417889586,1.342601718974513,7.10823054000602,0.06688997359675337,0.5347401687686649,0.7042965653177208,0.08003917992901027,-0.7146019265601804,4.994976674877261,0.0,0.0,0.0,0.0,1.0,0.0,0.0
2024-10-04 16:30:57.758835,1.0,1.0,1.0,1.0,1.0,1.0,1.0,894428.0,0.04095620715673985,0.03839591423416136,0.046552012463619064,0.03054935072925873,0.03556749214080218,0.03077084037730748,-2.8613023459911357e-05,0.00041965767741203314,-0.0003560731808344524,-0.0,0.0,0.0,0.0,1.0,0.0,0.0,1.6085216544130543,1.3423348395033852,7.11056339916726,0.06668538624210765,0.5378057658592466,0.7067712416420008,0.07865579659606313,-0.7185577758786235,5.0146962121788246,0.0,0.0,0.0,0.0,1.0,0.0,0.0
2024-10-04 16:30:57.762335,1.0,1.0,1.0,1.0,1.0,1.0,1.0,894429.0,0.04189929789626443,0.03900167157440239,0.04694204212496726,0.03013369393635788,0.03518356039534762,0.031115710284795706,-2.2254573802153277e-05,0.00041965767741203324,-0.00034653550634781527,-0.0,0.0,0.0,0.0,1.0,0.0,0.0,1.609213108674065,1.3440135556125195,7.1128161146588615,0.06354262281624105,0.5379907588015868,0.708856822302792,0.0718719258645597,-0.7197515874178391,5.031075052831729,0.0,0.0,0.0,0.0,1.0,0.0,0.0
2024-10-04 16:30:57.844408,1.0,1.0,1.0,1.0,1.0,1.0,1.0,894430.0,0.04152463197171362,0.040055960801949016,0.04716346808075752,0.030453933471522428,0.03624297009463465,0.03167194378429309,-1.2716899315516158e-05,0.0004737044995029768,-0.00033699783186117815,-0.0,0.0,0.0,0.0,1.0,0.0,0.0,1.6087350234220625,1.3460322176394028,7.116904452535612,0.06363416100295322,0.5376919386761413,0.7106131855495333,0.0719020780365479,-0.7204017367926828,5.04639913938909,0.0,0.0,0.0,0.0,1.0,0.0,0.0
2024-10-04 16:30:57.926976,1.0,1.0,1.0,1.0,1.0,1.0,1.0,894431.0,0.04050858489526056,0.03859888964444313,0.04683093654403022,0.029875030834123562,0.03589330803299428,0.031022035078891817,-5.404682209094367e-05,0.0004387330263853075,-0.0003974031036098799,-0.0,0.0,0.0,0.0,1.0,0.0,0.0,1.607723343917058,1.346502558705473,7.117901033538423,0.06285265373881069,0.5413652052415049,0.7145413255780904,0.0726377700064402,-0.7255644951314656,5.075631640694362,0.0,0.0,0.0,0.0,1.0,0.0,0.0
2024-10-04 16:30:57.930476,1.0,1.0,1.0,1.0,1.0,1.0,1.0,894432.0,0.041019754451988084,0.03979500713939933,0.04743879714519196,0.02990748606458951,0.03554020599014928,0.03120910432259612,-3.1792248288790337e-06,0.0004705252746740978,-0.00041965767741203314,-0.0,0.0,0.0,0.0,1.0,0.0,0.0,1.6046781683109868,1.3451049530900219,7.118234415920251,0.0644103302115529,0.5436797908988447,0.7201018868760822,0.07516160772962306,-0.7279470676159556,5.115402666740733,0.0,0.0,0.0,0.0,1.0,0.0,0.0
2024-10-04 16:30:58.013271,1.0,1.0,1.0,1.0,1.0,1.0,1.0,894433.0,0.04044423444177086,0.03979500713939933,0.04683093654403021,0.030230122003416366,0.03589330803299428,0.032007105962223864,1.9075348973274234e-05,0.0004705252746740978,-0.0004355538015564284,-0.0,0.0,0.0,0.0,1.0,0.0,0.0,1.6054716859224385,1.3444706854703112,7.121154869426723,0.06292733413857507,0.5400526363771416,0.7221731500077239,0.07016945937934269,-0.7226215737575757,5.132390959746945,0.0,0.0,0.0,0.0,1.0,0.0,0.0
2024-10-04 16:30:58.016276,1.0,1.0,1.0,1.0,1.0,1.0,1.0,894434.0,0.04050858489526056,0.03866631133712533,0.047218662327942335,0.03010148260279399,0.03515597625908419,0.03167194378429309,3.179224828879042e-06,0.00039740310360987996,-0.0004355538015564284,-0.0,0.0,0.0,0.0,1.0,0.0,0.0,1.6031323812425395,1.3435462205277275,7.1198988986929095,0.06524581541745363,0.5411924627952177,0.7261519135991171,0.07251013001701409,-0.7237647931482414,5.161508777665564,0.0,0.0,0.0,0.0,1.0,0.0,0.0
2024-10-04 16:30:58.097322,1.0,1.0,1.0,1.0,1.0,1.0,1.0,894435.0,0.041712385598201944,0.03933417265909616,0.04738385931883414,0.02984254030701896,0.03515597625908419,0.03167194378429309,4.132992277542751e-05,0.0004514499257008236,-0.00041965767741203324,-0.0,0.0,0.0,0.0,1.0,0.0,0.0,1.602859949591302,1.3431198047403325,7.1217332572277625,0.06430796493063622,0.546416419821168,0.7301621112282093,0.07056773508765096,-0.7309202441922679,5.191816672795825,0.0,0.0,0.0,0.0,1.0,0.0,0.0
2024-10-04 16:30:58.181301,1.0,1.0,1.0,1.0,1.0,1.0,1.0,894436.0,0.04114655461363215,0.0378493252884673,0.04716346808075751,0.02984254030701896,0.03490673815261534,0.03185519667586617,4.6259292692714854e-21,0.0004228369022409122,-0.0004705252746740978,-0.0,0.0,0.0,0.0,1.0,0.0,0.0,1.6055881277991486,1.3435074468277532,7.124898056546036,0.07131891991150369,0.5453984846872844,0.7291913638259419,0.07967529115380484,-0.7297709270820231,5.187588026222041,0.0,0.0,0.0,0.0,1.0,0.0,0.0
2024-10-04 16:30:58.184301,1.0,1.0,1.0,1.0,1.0,1.0,1.0,894437.0,0.04120980838596827,0.03715478325109878,0.04782159479808185,0.02908524262592732,0.03377676944149575,0.03151841915858901,-1.5896124144395188e-05,0.0003656108553210895,-0.0004927798484762511,-0.0,0.0,0.0,0.0,1.0,0.0,0.0,1.6063098502923843,1.3420911962692654,7.12489074506836,0.07368674604345388,0.5433062187220993,0.728248630003134,0.08673915655241353,-0.7261667332517122,5.181013692059237,0.0,0.0,0.0,0.0,1.0,0.0,0.0
2024-10-04 16:30:58.266380,1.0,1.0,1.0,1.0,1.0,1.0,1.0,894438.0,0.04183708658073959,0.03819186010094626,0.047603230210664246,0.029350866793321755,0.0344028454042274,0.0316106234096681,4.4509147604306555e-05,0.0004132992277542751,-0.0004578083753585817,-0.0,0.0,0.0,0.0,1.0,0.0,0.0,1.6064943291851284,1.342545100479309,7.124143141686556,0.07405501887022603,0.5426105797105382,0.7250821153198719,0.08737835736661982,-0.725403563695799,5.157045612796765,0.0,0.0,0.0,0.0,1.0,0.0,0.0
2024-10-04 16:30:58.269880,1.0,1.0,1.0,1.0,1.0,1.0,1.0,894439.0,0.0423322172659213,0.038328016896801057,0.047657915157139484,0.02958133142821319,0.034711649066398086,0.03151841915858901,9.219752003749215e-05,0.0004132992277542751,-0.0004260161270697913,-0.0,0.0,0.0,0.0,1.0,0.0,0.0,1.6088352213998733,1.3421106037170796,7.1243038391130895,0.07579443948144006,0.5461041073691855,0.7254290618951021,0.09281634574058817,-0.7297617384494157,5.159023385012999,0.0,0.0,0.0,0.0,1.0,0.0,0.0
2024-10-04 16:30:58.350988,1.0,1.0,1.0,1.0,1.0,1.0,1.0,894440.0,0.04196141697840431,0.03825999906698717,0.04705288535396545,0.02984254030701896,0.034005767111097776,0.03151841915858901,9.855596969525022e-05,0.0003656108553210895,-0.00042283690224091225,-0.0,0.0,0.0,0.0,1.0,0.0,0.0,1.6084570632745214,1.339945368477105,7.122632340551527,0.07587806387540495,0.54434750121212,0.7264253360235005,0.09325220442812354,-0.7262666138984194,5.165022346766958,0.0,0.0,0.0,0.0,1.0,0.0,0.0
2024-10-04 16:30:58.354488,1.0,1.0,1.0,1.0,1.0,1.0,1.0,894441.0,0.041712385598201944,0.03839591423416136,0.046775284787538986,0.030036956306502573,0.03394866250806731,0.0316106234096681,0.00011445209383964544,0.0003560731808344524,-0.000403761553267638,-0.0,0.0,0.0,0.0,1.0,0.0,0.0,1.6089578953006385,1.3383043674335071,7.121546168150303,0.07642652822899014,0.544799733625983,0.7259799541572145,0.0941295232945595,-0.7259101433144814,5.161296442453845,0.0,0.0,0.0,0.0,1.0,0.0,0.0
2024-10-04 16:30:58.436339,1.0,1.0,1.0,1.0,1.0,1.0,1.0,894442.0,0.04152463197171362,0.038123599349151736,0.046607930817067524,0.030230122003416366,0.034005767111097776,0.03145679951185349,0.00011127286901076638,0.0003306393822034201,-0.0003910446539521218,-0.0,0.0,0.0,0.0,1.0,0.0,0.0,1.6102012058213369,1.336722116579787,7.121215135386371,0.07598605368723672,0.5417681704473927,0.7243573244395451,0.09255058609470741,-0.7209969036608799,5.1497852935919495,0.0,0.0,0.0,0.0,1.0,0.0,0.0
2024-10-04 16:30:58.519823,1.0,1.0,1.0,1.0,1.0,1.0,1.0,894443.0,0.041336025552530284,0.03940033615860651,0.04587567609077437,0.030517578125,0.03417650843776925,0.03157991857152382,0.00010173519452412927,0.0003433562815189362,-0.0003497147311766943,-0.0,0.0,0.0,0.0,1.0,0.0,0.0,1.6095973801055528,1.3351301871401713,7.121545436658746,0.07912153415902808,0.5452697218515742,0.727844319608977,0.10282666919044246,-0.7249824509763355,5.174641852650347,0.0,0.0,0.0,0.0,1.0,0.0,0.0
2024-10-04 16:30:58.523322,1.0,1.0,1.0,1.0,1.0,1.0,1.0,894444.0,0.041461858493688546,0.03946638873835309,0.04581886408620405,0.030896693010431804,0.03423323297213509,0.031763702384431956,9.53767448663712e-05,0.0003560731808344524,-0.00038468620429436373,-0.0,0.0,0.0,0.0,1.0,0.0,0.0,1.610869302188209,1.3332184630636632,7.121793518292983,0.07856290855583614,0.5494258672559359,0.7302683952509093,0.10444877824491529,-0.7295336227599578,5.191822513990649,0.0,0.0,0.0,0.0,1.0,0.0,0.0
2024-10-04 16:30:58.605063,1.0,1.0,1.0,1.0,1.0,1.0,1.0,894445.0,0.04127296521748624,0.03900167157440239,0.045590908124401384,0.03054935072925873,0.03397722680635423,0.03170255949350469,7.312217106421792e-05,0.000321101707716783,-0.0003656108553210895,-0.0,0.0,0.0,0.0,1.0,0.0,0.0,1.610152858711505,1.3324589417024737,7.121206357074668,0.07957764785678914,0.5497054512212113,0.7260245173646742,0.10758360116194814,-0.7293681096239591,5.16164430684253,0.0,0.0,0.0,0.0,1.0,0.0,0.0
2024-10-04 16:30:58.608563,1.0,1.0,1.0,1.0,1.0,1.0,1.0,894446.0,0.04133602555253029,0.03946638873835309,0.045590908124401384,0.03070772063827226,0.03428986366919591,0.03191604715477278,9.219752003749215e-05,0.0003433562815189362,-0.0003560731808344524,-0.0,0.0,0.0,0.0,1.0,0.0,0.0,1.6097395948386124,1.3308736555684364,7.120122893691619,0.07649107713536636,0.5524961851503576,0.7235826066798542,0.10335415137131015,-0.7323192040447469,5.142356113813351,0.0,0.0,0.0,0.0,1.0,0.0,0.0
2024-10-04 16:30:58.690129,1.0,1.0,1.0,1.0,1.0,1.0,1.0,894447.0,0.04114655461363215,0.03900167157440239,0.044958069872003174,0.030422061214259163,0.03431814397393635,0.03218845078999174,9.219752003749215e-05,0.0003306393822034201,-0.0003528939560055733,-0.0,0.0,0.0,0.0,1.0,0.0,0.0,1.6092616659970236,1.3277091755035588,7.118871131487612,0.07930873442950875,0.5563587059906394,0.7231882293172308,0.10724802052422362,-0.7358588293326996,5.138205597951334,0.0,0.0,0.0,0.0,1.0,0.0,0.0
2024-10-04 16:30:58.773512,1.0,1.0,1.0,1.0,1.0,1.0,1.0,894448.0,0.04070102581168387,0.03880080326089556,0.04541919034616077,0.030802351742838057,0.03397722680635423,0.03254810944778678,8.265984555085502e-05,0.000321101707716783,-0.0003497147311766943,-0.0,0.0,0.0,0.0,1.0,0.0,0.0,1.6105724854985652,1.3261142830760424,7.118290315650233,0.08157439294727126,0.5553148226347031,0.7264671693105398,0.11292504581368236,-0.7335636602990606,5.161345817161142,0.0,0.0,0.0,0.0,1.0,0.0,0.0
2024-10-04 16:30:58.777080,1.0,1.0,1.0,1.0,1.0,1.0,1.0,894449.0,0.03959816335788845,0.03853134997827472,0.045246820880521094,0.030896693010431804,0.03403428348265909,0.03254810944778678,3.179224828879041e-06,0.00032746015737454104,-0.000403761553267638,-0.0,0.0,0.0,0.0,1.0,0.0,0.0,1.6083795140683066,1.3226400016825803,7.117789508271679,0.08033018694475459,0.5519569445184377,0.7229126772490354,0.1077599514175024,-0.7271924306621294,5.135639000495268,0.0,0.0,0.0,0.0,1.0,0.0,0.0
2024-10-04 16:30:58.858752,1.0,1.0,1.0,1.0,1.0,1.0,1.0,894450.0,0.040055960801949016,0.037780445658522906,0.04576198155144106,0.030358216314476834,0.03360399710929144,0.0321582976678794,-3.179224828879039e-05,0.0003401770566900572,-0.00041965767741203314,-0.0,0.0,0.0,0.0,1.0,0.0,0.0,1.6087220707069632,1.3204625649561874,7.115872592460751,0.08014767818157532,0.552194673493792,0.7202941057950809,0.10623081576531701,-0.726270575313484,5.11510728479367,0.0,0.0,0.0,0.0,1.0,0.0,0.0
2024-10-04 16:30:58.861752,1.0,1.0,1.0,1.0,1.0,1.0,1.0,894451.0,0.04127296521748624,0.03825999906698716,0.04536180663361167,0.03077084037730748,0.034005767111097776,0.032007105962223864,3.1792248288790477e-06,0.0003910446539521218,-0.00039422387878100085,-0.0,0.0,0.0,0.0,1.0,0.0,0.0,1.6080660403357023,1.3195449671245132,7.117709452417404,0.07939134028905559,0.5506875750731464,0.720893770689676,0.10325506973613392,-0.7239112792964911,5.120467903619487,0.0,0.0,0.0,0.0,1.0,0.0,0.0
2024-10-04 16:30:58.944379,1.0,1.0,1.0,1.0,1.0,1.0,1.0,894452.0,0.04164989509779679,0.038733615672373205,0.04501596824740669,0.030676112065162197,0.03423323297213509,0.032696799620819436,1.58961241443952e-05,0.0004482707008719445,-0.0003878654291232428,-0.0,0.0,0.0,0.0,1.0,0.0,0.0,1.6089805591613464,1.3203773799825016,7.119293288165439,0.07951499134228678,0.5531793928681703,0.7180183329477223,0.10530067803135368,-0.7276372698187413,5.10092375775964,0.0,0.0,0.0,0.0,1.0,0.0,0.0
2024-10-04 16:30:59.026814,1.0,1.0,1.0,1.0,1.0,1.0,1.0,894453.0,0.04189929789626443,0.03764230828317236,0.04518921828443541,0.03010148260279399,0.03414811083549323,0.03242866644143693,2.5433798631032317e-05,0.0004482707008719446,-0.00041329922775427513,-0.0,0.0,0.0,0.0,1.0,0.0,0.0,1.6078785018844053,1.3206368629999619,7.119373326209813,0.07962510748404898,0.5537983640430425,0.7152959659636975,0.1056070863375465,-0.7285727441086677,5.082089680831482,0.0,0.0,0.0,0.0,1.0,0.0,0.0
2024-10-04 16:30:59.030313,1.0,1.0,1.0,1.0,1.0,1.0,1.0,894454.0,0.041587310697157,0.037918079796158174,0.044900096837092805,0.029712222914499722,0.03411968959808029,0.0321582976678794,3.1792248288790477e-06,0.00043237457672754936,-0.0003656108553210895,-0.0,0.0,0.0,0.0,1.0,0.0,0.0,1.6080044884131361,1.3213755832224396,7.119541448276174,0.07904923120134355,0.5532884474656977,0.7153077308887954,0.1040858819261379,-0.7282723367996055,5.082619206799739,0.0,0.0,0.0,0.0,1.0,0.0,0.0
2024-10-04 16:30:59.112697,1.0,1.0,1.0,1.0,1.0,1.0,1.0,894455.0,0.04120980838596827,0.0378493252884673,0.04576198155144106,0.0300692367632191,0.03380547898296581,0.03179422973639322,-1.589612414439519e-05,0.00041329922775427513,-0.0003846862042943638,-0.0,0.0,0.0,0.0,1.0,0.0,0.0,1.6070991385668747,1.3198085608563952,7.118042843772171,0.08170297028303176,0.5543008108536764,0.7161157539454588,0.10954728764595228,-0.7287045011101406,5.086946712126535,0.0,0.0,0.0,0.0,1.0,0.0,0.0
2024-10-04 16:30:59.116197,1.0,1.0,1.0,1.0,1.0,1.0,1.0,894456.0,0.04133602555253029,0.03926789767914727,0.04615868726430256,0.029679554160349852,0.033748035476753,0.03179422973639322,3.179224828879043e-06,0.0004419122512141864,-0.0003306393822034201,-0.0,0.0,0.0,0.0,1.0,0.0,0.0,1.6090742668965319,1.32091995763064,7.116712844586743,0.08076276291245273,0.552960884974279,0.7173306275575635,0.10613829443534324,-0.7273661904381934,5.095437075940839,0.0,0.0,0.0,0.0,1.0,0.0,0.0
2024-10-04 16:30:59.197794,1.0,1.0,1.0,1.0,1.0,1.0,1.0,894457.0,0.041209808385968265,0.040185802182344105,0.04627140705916456,0.030485772407004817,0.03448733880714076,0.032067668184708895,3.1792248288790396e-05,0.0005054967477917672,-0.0003306393822034201,-0.0,0.0,0.0,0.0,1.0,0.0,0.0,1.6106531634307224,1.323671918841419,7.117632323238313,0.08225827394583597,0.5521786942199205,0.7238525109214065,0.10871877576809301,-0.7278147807436778,5.1414266615471735,0.0,0.0,0.0,0.0,1.0,0.0,0.0
2024-10-04 16:30:59.200791,1.0,1.0,1.0,1.0,1.0,1.0,1.0,894458.0,0.039925697169818586,0.039135011011481306,0.04553374081900146,0.029972291094128595,0.03437463478414554,0.03173314566510837,-2.225457380215327e-05,0.0004737044995029769,-0.00037832775463660567,-0.0,0.0,0.0,0.0,1.0,0.0,0.0,1.6114405060730155,1.3237254092146045,7.119540716578642,0.08436848357800088,0.5541814522120492,0.72447246271611,0.1122029286291705,-0.7306376422243769,5.1474155094972796,0.0,0.0,0.0,0.0,1.0,0.0,0.0
2024-10-04 16:30:59.282957,1.0,1.0,1.0,1.0,1.0,1.0,1.0,894459.0,0.03986040571620479,0.037780445658522906,0.046045691532351565,0.029515668014433095,0.03363285413230715,0.030802351742838057,-3.8150697946548475e-05,0.00040694077809651707,-0.00037196930497884756,-0.0,0.0,0.0,0.0,1.0,0.0,0.0,1.61094044587635,1.3224856630956516,7.118372560425173,0.08473733910226067,0.5567767899612454,0.7274282157899358,0.1144249208225353,-0.733543956254172,5.167884662595996,0.0,0.0,0.0,0.0,1.0,0.0,0.0
2024-10-04 16:30:59.366260,1.0,1.0,1.0,1.0,1.0,1.0,1.0,894460.0,0.03999088202492748,0.03832801689680105,0.04655201246361906,0.029449858193388034,0.03377676944149575,0.03073929670896773,-1.5896124144395195e-05,0.0003942238787810009,-0.0003497147311766943,-0.0,0.0,0.0,0.0,1.0,0.0,0.0,1.6121242457152773,1.3239110821984583,7.119789599737294,0.08546321798573785,0.5586569833999859,0.7307208887267181,0.117299518299871,-0.7370143303716625,5.192709803679928,0.0,0.0,0.0,0.0,1.0,0.0,0.0
2024-10-04 16:30:59.369760,1.0,1.0,1.0,1.0,1.0,1.0,1.0,894461.0,0.03933417265909615,0.038666311337125336,0.04738385931883414,0.029383900981372436,0.03403428348265909,0.030928076150071922,-3.815069794654848e-05,0.00040376155326763796,-0.0003401770566900572,-0.0,0.0,0.0,0.0,1.0,0.0,0.0,1.6123660344649273,1.32410066340769,7.118128018778211,0.08420359905148127,0.5609829029232694,0.7297145258129044,0.11488118374137984,-0.7400859073206875,5.184242199078287,0.0,0.0,0.0,0.0,1.0,0.0,0.0
2024-10-04 16:30:59.451397,1.0,1.0,1.0,1.0,1.0,1.0,1.0,894462.0,0.03999088202492748,0.03886787470812279,0.04782159479808185,0.029875030834123562,0.03454355292563407,0.03026219641244205,-6.040527174870175e-05,0.000400582328438759,-0.00034017705669005726,-0.0,0.0,0.0,0.0,1.0,0.0,0.0,1.614299222135844,1.3248610444368776,7.115793247123262,0.08464642807607421,0.5620488901614092,0.7295407465564044,0.11549133207578414,-0.7419182825675467,5.181183852078087,0.0,0.0,0.0,0.0,1.0,0.0,0.0
2024-10-04 16:30:59.454397,1.0,1.0,1.0,1.0,1.0,1.0,1.0,894463.0,0.04012093401707996,0.03906839817849146,0.04830930639899937,0.030453933471522428,0.034878935091133,0.029383900981372436,-8.583907037973408e-05,0.00041012000292539613,-0.000321101707716783,-0.0,0.0,0.0,0.0,1.0,0.0,0.0,1.616538765564567,1.3229187298931773,7.114377608504872,0.08370610762403198,0.5619741716416813,0.7300956125823069,0.11423324005889413,-0.7405913662205647,5.1841738667710855,0.0,0.0,0.0,0.0,1.0,0.0,0.0
2024-10-04 16:30:59.537261,1.0,1.0,1.0,1.0,1.0,1.0,1.0,894464.0,0.040055960801949016,0.03832801689680105,0.0483631929817295,0.03039015553037446,0.034823262373934814,0.029679554160349852,-5.722604691982271e-05,0.00041965767741203324,-0.00036879008014996856,-0.0,0.0,0.0,0.0,1.0,0.0,0.0,1.6197832034775042,1.322849455087783,7.113294569679292,0.08312790693324101,0.5608438800577351,0.728481251811336,0.11103703202965605,-0.7391223414674587,5.171793456443245,0.0,0.0,0.0,0.0,1.0,0.0,0.0
2024-10-04 16:30:59.620359,1.0,1.0,1.0,1.0,1.0,1.0,1.0,894465.0,0.040185802182344105,0.03764230828317237,0.04776709723644845,0.02990748606458951,0.03496227794613525,0.029515668014433095,-7.312217106421791e-05,0.00040694077809651707,-0.0003815069794654847,-0.0,0.0,0.0,0.0,1.0,0.0,0.0,1.621418961825694,1.3204326137244764,7.112708904065555,0.0815765008590867,0.5599545703893365,0.7290839617998012,0.10813005355869287,-0.7366042818592426,5.17606514450661,0.0,0.0,0.0,0.0,1.0,0.0,0.0
2024-10-04 16:30:59.623789,1.0,1.0,1.0,1.0,1.0,1.0,1.0,894466.0,0.04095620715673985,0.03701431097784902,0.04776709723644845,0.030294236862297798,0.03537604711721689,0.030004641120915988,-2.225457380215327e-05,0.00041647845258315413,-0.00039740310360987996,-0.0,0.0,0.0,0.0,1.0,0.0,0.0,1.6213771944403885,1.3186006885006707,7.1134591737984385,0.07998480977911779,0.5603249578310948,0.7301656015543863,0.10745889859122966,-0.736260225391303,5.18390259394564,0.0,0.0,0.0,0.0,1.0,0.0,0.0
2024-10-04 16:30:59.705384,1.0,1.0,1.0,1.0,1.0,1.0,1.0,894467.0,0.04152463197171362,0.038055216156251626,0.04803896680377672,0.03026219641244205,0.03543085125095238,0.030612797008878905,-1.9075348973274234e-05,0.0004419122512141864,-0.00035289395600557344,-0.0,0.0,0.0,0.0,1.0,0.0,0.0,1.620582002186329,1.3147002714056422,7.112711833666434,0.07722939566129229,0.5602449794948938,0.7244858852897961,0.1032759428610521,-0.7338903613954807,5.143520933849961,0.0,0.0,0.0,0.0,1.0,0.0,0.0
2024-10-04 16:30:59.708884,1.0,1.0,1.0,1.0,1.0,1.0,1.0,894468.0,0.042332217265921304,0.039201510653345636,0.04825535964135791,0.030928076150071922,0.03583921107981937,0.03086527796111811,4.76883724331856e-05,0.00047688372433185594,-0.0003433562815189362,-0.0,0.0,0.0,0.0,1.0,0.0,0.0,1.620992501844442,1.3129579231438802,7.111968077386612,0.07237193833257684,0.5601038764672513,0.7294795425114989,0.09507635616419831,-0.7326871530601273,5.1773873277616005,0.0,0.0,0.0,0.0,1.0,0.0,0.0
2024-10-04 16:30:59.790877,1.0,1.0,1.0,1.0,1.0,1.0,1.0,894469.0,0.04189929789626443,0.03946638873835309,0.04771253742739651,0.03139505892336215,0.035920325957808266,0.03142594437984583,4.768837243318561e-05,0.0004927798484762511,-0.00036243163049221044,-0.0,0.0,0.0,0.0,1.0,0.0,0.0,1.6203285794961662,1.3114507228240833,7.111719653006668,0.07359763302945345,0.5610467200104222,0.7309509962706059,0.09828651535530122,-0.7330524127709072,5.187713807458326,0.0,0.0,0.0,0.0,1.0,0.0,0.0
2024-10-04 16:30:59.793877,1.0,1.0,1.0,1.0,1.0,1.0,1.0,894470.0,0.041712385598201944,0.03893483061427055,0.04732885772244516,0.0313331966781849,0.03578503234728569,0.03127121205432006,3.8150697946548496e-05,0.00046416682501633976,-0.00035925240566333144,-0.0,0.0,0.0,0.0,1.0,0.0,0.0,1.6187398113482145,1.308840970169632,7.111470487420663,0.07157654545832987,0.5626577758122379,0.7274121801746296,0.0946830574566638,-0.7337565017320838,5.161878640103296,0.0,0.0,0.0,0.0,1.0,0.0,0.0
2024-10-04 16:30:59.875821,1.0,1.0,1.0,1.0,1.0,1.0,1.0,894471.0,0.04139898983206046,0.038733615672373205,0.046496026860123614,0.030990747087997286,0.03532115794976128,0.030802351742838057,2.2254573802153288e-05,0.000400582328438759,-0.0003815069794654848,-0.0,0.0,0.0,0.0,1.0,0.0,0.0,1.6169855490403235,1.3066644591485557,7.109133529308946,0.07266850476555972,0.5629345630333337,0.7279437814785492,0.09737517121361333,-0.7329436168376426,5.163787419776482,0.0,0.0,0.0,0.0,1.0,0.0,0.0
2024-10-04 16:30:59.958605,1.0,1.0,1.0,1.0,1.0,1.0,1.0,894472.0,0.04012093401707996,0.037711440220720746,0.04627140705916457,0.03064447088906264,0.03437463478414554,0.030676112065162197,3.17922482887905e-06,0.000324280932545662,-0.000406940778096517,-0.0,0.0,0.0,0.0,1.0,0.0,0.0,1.614868850109536,1.3041313796861027,7.107879831778312,0.07135263073038968,0.5621424181591053,0.7301133187284007,0.09454578517296448,-0.7306236868571883,5.179143719114517,0.0,0.0,0.0,0.0,1.0,0.0,0.0
2024-10-04 16:30:59.961602,1.0,1.0,1.0,1.0,1.0,1.0,1.0,894473.0,0.03979500713939933,0.03750366210937501,0.046045691532351565,0.03016587087444806,0.03340129988750126,0.03073929670896773,1.5896124144395222e-05,0.00029248868425687163,-0.0004164784525831542,-0.0,0.0,0.0,0.0,1.0,0.0,0.0,1.6130136752938442,1.3024028910836687,7.104962720032226,0.07223197514544881,0.5644317957299255,0.7291096759463158,0.09560019022662809,-0.7326365714248868,5.170127138921822,0.0,0.0,0.0,0.0,1.0,0.0,0.0
2024-10-04 16:31:00.044819,1.0,1.0,1.0,1.0,1.0,1.0,1.0,894474.0,0.040055960801949016,0.03805521615625162,0.04632766410980066,0.030517578125,0.033546208593426816,0.030422061214259163,3.179224828879041e-05,0.00030202635874350875,-0.0003878654291232428,-0.0,0.0,0.0,0.0,1.0,0.0,0.0,1.611359685818494,1.2989694604603914,7.103465440002448,0.07532822960236868,0.5638673481467295,0.73067395651846,0.10298835127641591,-0.7298606392556666,5.180212657767398,0.0,0.0,0.0,0.0,1.0,0.0,0.0
2024-10-04 16:31:00.047819,1.0,1.0,1.0,1.0,1.0,1.0,1.0,894475.0,0.04012093401707996,0.038463691717159486,0.046607930817067524,0.03077084037730748,0.03403428348265909,0.030422061214259163,5.4046822090943684e-05,0.0003083848084012668,-0.00036243163049221044,-0.0,0.0,0.0,0.0,1.0,0.0,0.0,1.6104368138176202,1.2992292095132458,7.102547794581507,0.07376493170700972,0.5602358266067422,0.7316559962734379,0.10114303414541556,-0.7252330609430547,5.186067818472385,0.0,0.0,0.0,0.0,1.0,0.0,0.0
2024-10-04 16:31:00.129192,1.0,1.0,1.0,1.0,1.0,1.0,1.0,894476.0,0.03979500713939933,0.038733615672373205,0.04632766410980066,0.030517578125,0.033546208593426816,0.02977745290061739,6.3584496577580886e-06,0.0002702341104547183,-0.00037832775463660567,-0.0,0.0,0.0,0.0,1.0,0.0,0.0,1.607441968062141,1.2960276592323845,7.1011207122882976,0.07465921324146917,0.5585198629600795,0.7342639752098592,0.09962133140313101,-0.7211314824346545,5.203400409752657,0.0,0.0,0.0,0.0,1.0,0.0,0.0
2024-10-04 16:31:00.212621,1.0,1.0,1.0,1.0,1.0,1.0,1.0,894477.0,0.03900167157440239,0.03750366210937501,0.04610222401715648,0.03016587087444806,0.03290383705573704,0.029118578158502894,-2.5433798631032307e-05,0.00020029116421937945,-0.0003942238787810009,-0.0,0.0,0.0,0.0,1.0,0.0,0.0,1.6065944846253388,1.296007561702098,7.099113893481521,0.07300163354856878,0.5602336002059325,0.7338656542473435,0.09723070572347249,-0.7233888392989168,5.199031633377619,0.0,0.0,0.0,0.0,1.0,0.0,0.0
2024-10-04 16:31:00.216121,1.0,1.0,1.0,1.0,1.0,1.0,1.0,894478.0,0.03906839817849146,0.0378493252884673,0.04564800383634772,0.029810014367864183,0.03272645658802371,0.029051868842559465,-4.450914760430655e-05,0.00017485736558834716,-0.00036243163049221055,-0.0,0.0,0.0,0.0,1.0,0.0,0.0,1.60414983841403,1.2942641988824644,7.096612279577581,0.07137837981382737,0.5644236110579113,0.7260066478682069,0.09253583381864962,-0.7275868353698358,5.1419063376065415,0.0,0.0,0.0,0.0,1.0,0.0,0.0
2024-10-04 16:31:00.297914,1.0,1.0,1.0,1.0,1.0,1.0,1.0,894479.0,0.040185802182344105,0.0387336156723732,0.04632766410980066,0.02964684940754005,0.03308026640118225,0.029151875571506957,2.3129646346357427e-21,0.00018121581524610522,-0.00032746015737454104,-0.0,0.0,0.0,0.0,1.0,0.0,0.0,1.6049208963745203,1.294631897312937,7.0955294658037875,0.06931218296934832,0.56495594049721,0.7213091395257105,0.08765636922353091,-0.7283816983489275,5.107929402552239,0.0,0.0,0.0,0.0,1.0,0.0,0.0
2024-10-04 16:31:00.301914,1.0,1.0,1.0,1.0,1.0,1.0,1.0,894480.0,0.04101975445198809,0.03933417265909615,0.04688652224495428,0.030036956306502573,0.03337224263981984,0.029482781466042968,3.815069794654848e-05,0.0002352626373370489,-0.00030520558357238775,-0.0,0.0,0.0,0.0,1.0,0.0,0.0,1.6032067522633466,1.2926071500872502,7.093526205853557,0.0710764305378311,0.5660194239091154,0.7237756777196602,0.08997899691923367,-0.7283932966320996,5.124210852110154,0.0,0.0,0.0,0.0,1.0,0.0,0.0
2024-10-04 16:31:00.383726,1.0,1.0,1.0,1.0,1.0,1.0,1.0,894481.0,0.041461858493688546,0.039925697169818586,0.047218662327942335,0.03016587087444806,0.03380547898296581,0.02984254030701896,6.994294623533886e-05,0.00030202635874350875,-0.0002734133352835974,-0.0,0.0,0.0,0.0,1.0,0.0,0.0,1.6051736887028527,1.292750581572369,7.095701089439259,0.07623898358546036,0.5628414128995605,0.7232213285393002,0.09739710618280306,-0.7242134297122881,5.12185838553909,0.0,0.0,0.0,0.0,1.0,0.0,0.0
2024-10-04 16:31:00.466304,1.0,1.0,1.0,1.0,1.0,1.0,1.0,894482.0,0.042023444236177564,0.04012093401707996,0.04666378216223114,0.030198013527012933,0.0344028454042274,0.030422061214259163,0.00012398976832628253,0.0003338186070322991,-0.00025751721113920217,-0.0,0.0,0.0,0.0,1.0,0.0,0.0,1.6045551672100347,1.290848734910279,7.0969613425339215,0.07617465905608783,0.5610343688826638,0.7238766665394937,0.09644505871159306,-0.7205901289930753,5.1275366282698025,0.0,0.0,0.0,0.0,1.0,0.0,0.0
2024-10-04 16:31:00.469309,1.0,1.0,1.0,1.0,1.0,1.0,1.0,894483.0,0.042455097690623465,0.04108320345271294,0.047218662327942335,0.03054935072925873,0.034851109849295854,0.031240173622796498,0.00014306511729955676,0.0003910446539521218,-0.00024797953665256506,0.0,0.0,0.0,0.0,1.0,0.0,0.0,1.6071835965821875,1.290449311412432,7.099635829489721,0.07544983151021509,0.5571295556217342,0.7237533272257234,0.09439398139270937,-0.7152639202296412,5.128446340745837,0.0,0.0,0.0,0.0,1.0,0.0,0.0
2024-10-04 16:31:00.552039,1.0,1.0,1.0,1.0,1.0,1.0,1.0,894484.0,0.04245509769062346,0.041336025552530284,0.04666378216223113,0.030928076150071922,0.03562200173928452,0.03221857569203676,0.00013352744281291964,0.0004514499257008236,-0.0002638756607969603,0.0,0.0,0.0,0.0,1.0,0.0,0.0,1.607830267073548,1.2905364718620074,7.101469553638841,0.0731547549090426,0.5574907161009046,0.7235110763532512,0.0899891674949594,-0.7156438607259735,5.128388753041067,0.0,0.0,0.0,0.0,1.0,0.0,0.0
2024-10-04 16:31:00.555039,1.0,1.0,1.0,1.0,1.0,1.0,1.0,894485.0,0.04189929789626443,0.040572833285982636,0.04598908955455482,0.03105329154533826,0.03543085125095238,0.03245856839932655,9.219752003749215e-05,0.0004355538015564284,-0.00030202635874350875,-0.0,0.0,0.0,0.0,1.0,0.0,0.0,1.609917391065046,1.2900053443750488,7.102885564653646,0.0732277258707676,0.5615680190408059,0.7260476357045536,0.090067884849403,-0.7205973116862071,5.147135148966999,0.0,0.0,0.0,0.0,1.0,0.0,0.0
2024-10-04 16:31:00.636894,1.0,1.0,1.0,1.0,1.0,1.0,1.0,894486.0,0.041649895097796784,0.03926789767914727,0.04581886408620406,0.03095942747707764,0.035128370462711604,0.032097906445255474,6.676372140645982e-05,0.00039740310360987996,-0.00032746015737454104,-0.0,0.0,0.0,0.0,1.0,0.0,0.0,1.611240609672025,1.2906502331962,7.103218918392424,0.07183060311456116,0.5639032314939565,0.7235566961094099,0.09085008980371306,-0.7241096990915982,5.13076437833056,0.0,0.0,0.0,0.0,1.0,0.0,0.0
2024-10-04 16:31:00.640455,1.0,1.0,1.0,1.0,1.0,1.0,1.0,894487.0,0.04164989509779679,0.03832801689680105,0.04576198155144106,0.03064447088906264,0.0350730936850165,0.031641298451732976,4.76883724331856e-05,0.00035289395600557344,-0.00037196930497884756,-0.0,0.0,0.0,0.0,1.0,0.0,0.0,1.6117211838594212,1.2906381244739331,7.104048934485147,0.07108289369583966,0.5602322808531294,0.722214387389213,0.08968427731067558,-0.7193547898808633,5.121568520976914,0.0,0.0,0.0,0.0,1.0,0.0,0.0
2024-10-04 16:31:00.722158,1.0,1.0,1.0,1.0,1.0,1.0,1.0,894488.0,0.041461858493688546,0.036802597262395625,0.046552012463619064,0.030294236862297798,0.034599675713128386,0.03142594437984583,3.1792248288790477e-06,0.0003433562815189363,-0.00042601612706979125,-0.0,0.0,0.0,0.0,1.0,0.0,0.0,1.6122210018957623,1.2897824794664012,7.105960242716855,0.07164997749984453,0.5556237869736825,0.72687134535489,0.09307559133982879,-0.7132234445321777,5.156128440076226,0.0,0.0,0.0,0.0,1.0,0.0,0.0
2024-10-04 16:31:00.806005,1.0,1.0,1.0,1.0,1.0,1.0,1.0,894489.0,0.04101975445198809,0.03601566753881429,0.04581886408620405,0.030230122003416366,0.03428986366919591,0.031084516582433108,-1.2716899315516158e-05,0.000324280932545662,-0.000410120002925396,-0.0,0.0,0.0,0.0,1.0,0.0,0.0,1.6124401612208683,1.2888430389894099,7.107292987012998,0.0747435583565457,0.5555012198033963,0.7307890899508327,0.09940343465062312,-0.7125567366946834,5.185575059650528,0.0,0.0,0.0,0.0,1.0,0.0,0.0
2024-10-04 16:31:00.809009,1.0,1.0,1.0,1.0,1.0,1.0,1.0,894490.0,0.04082881584609787,0.035137104329171824,0.04507379225100918,0.030004641120915988,0.03392007415562166,0.030896693010431804,-5.722604691982272e-05,0.0002638756607969603,-0.0004673460498452188,-0.0,0.0,0.0,0.0,1.0,0.0,0.0,1.6138063222800185,1.2879983351107942,7.107621003569208,0.07211637130842113,0.5528475877227872,0.7309979738886616,0.09409273512153961,-0.7088842084545092,5.1875867688302115,0.0,0.0,0.0,0.0,1.0,0.0,0.0
2024-10-04 16:31:00.890354,1.0,1.0,1.0,1.0,1.0,1.0,1.0,894491.0,0.04037978143756249,0.033544295152698266,0.0451892182844354,0.029515668014433095,0.03348832035600082,0.030802351742838057,-9.53767448663712e-05,0.00020664961387713757,-0.0005341097712516786,-0.0,0.0,0.0,0.0,1.0,0.0,0.0,1.6146691967675935,1.2857622341039399,7.106450155011977,0.06534565115033236,0.5549388436172593,0.7321572171260243,0.08355388236517955,-0.7104535470026788,5.195367871135006,0.0,0.0,0.0,0.0,1.0,0.0,0.0
2024-10-04 16:31:00.893632,1.0,1.0,1.0,1.0,1.0,1.0,1.0,894492.0,0.03979500713939933,0.032519197084621136,0.04553374081900146,0.028850815431501826,0.03299216966314644,0.029875030834123562,-0.0001780365904172262,0.00014306511729955676,-0.0005627227947115899,-0.0,0.0,0.0,0.0,1.0,0.0,0.0,1.6153449386711018,1.2825839306293803,7.105109187604665,0.06539190118189701,0.5562407025008413,0.7356494402085842,0.0855378364074678,-0.7105192699064329,5.218861350163995,0.0,0.0,0.0,0.0,1.0,0.0,0.0
2024-10-04 16:31:00.975817,1.0,1.0,1.0,1.0,1.0,1.0,1.0,894493.0,0.039925697169818586,0.031127788521240877,0.04553374081900146,0.02810131550407159,0.03257790177388484,0.028951516664139216,-0.00021300806353489562,6.676372140645985e-05,-0.0005881565933426223,-0.0,0.0,0.0,0.0,1.0,0.0,0.0,1.6148751204812168,1.2796370278346487,7.102769403068956,0.06585826582331702,0.5547550888057168,0.7333287179768905,0.08610207942675034,-0.7071517054437096,5.20052011616417,0.0,0.0,0.0,0.0,1.0,0.0,0.0
2024-10-04 16:31:01.059164,1.0,1.0,1.0,1.0,1.0,1.0,1.0,894494.0,0.03959816335788845,0.030279460230773842,0.04576198155144107,0.027543417493819798,0.031364143052817484,0.02810131550407159,-0.00022890418767929085,6.358449657758083e-06,-0.0005786189188559852,-0.0,0.0,0.0,0.0,1.0,0.0,0.0,1.6130490186883737,1.2753276612173303,7.100270544465474,0.06372178184394146,0.5533413804626994,0.7342138298753801,0.0832023383181291,-0.7031656745160114,5.2047926831402185,0.0,0.0,0.0,0.0,1.0,0.0,0.0
2024-10-04 16:31:01.062164,1.0,1.0,1.0,1.0,1.0,1.0,1.0,894495.0,0.03979500713939933,0.031043998898136287,0.046552012463619064,0.026757321039963047,0.03077084037730748,0.02799755644637631,-0.00020664961387713757,-2.225457380215327e-05,-0.0005786189188559852,-0.0,0.0,0.0,0.0,1.0,0.0,0.0,1.6115401723910037,1.272682344547542,7.099018216969537,0.061785607785550554,0.5501802331731944,0.7317303395192232,0.07937467357855031,-0.6976617256374916,5.186499511786649,0.0,0.0,0.0,0.0,1.0,0.0,0.0
2024-10-04 16:31:01.144208,1.0,1.0,1.0,1.0,1.0,1.0,1.0,894496.0,0.03959816335788845,0.03079126200207882,0.04638385292864447,0.026611899740163612,0.03086527796111811,0.028032185471914422,-0.00023208341250816988,-6.358449657758079e-06,-0.0005563643450538319,-0.0,0.0,0.0,0.0,1.0,0.0,0.0,1.6112273135831483,1.2683493487929893,7.09835256705259,0.06427371377025909,0.5506984805177649,0.7308200855299649,0.08179997425599522,-0.6959466452833933,5.179496941085784,0.0,0.0,0.0,0.0,1.0,0.0,0.0
2024-10-04 16:31:01.147708,1.0,1.0,1.0,1.0,1.0,1.0,1.0,894497.0,0.03940033615860651,0.030959982508907833,0.04643997376336176,0.02657542007977932,0.031178004061435775,0.028032185471914422,-0.00023844186216592797,-2.8613023459911357e-05,-0.0005500058953960738,-0.0,0.0,0.0,0.0,1.0,0.0,0.0,1.6118272967414733,1.2642395895473797,7.096272008618114,0.06406109205993521,0.5524824722425483,0.7351894236977751,0.08090166241291147,-0.6960829839851984,5.20970537610172,0.0,0.0,0.0,0.0,1.0,0.0,0.0
2024-10-04 16:31:01.230098,1.0,1.0,1.0,1.0,1.0,1.0,1.0,894498.0,0.03940033615860651,0.030959982508907833,0.04615868726430257,0.026538890275460948,0.03145679951185349,0.027788876097916127,-0.0002352626373370489,-3.179224828879039e-05,-0.0005372889960805577,-0.0,0.0,0.0,0.0,1.0,0.0,0.0,1.6111951634519852,1.2611664577059256,7.093353060799166,0.06671128250962295,0.552905408984934,0.7342129699715212,0.08276845823546405,-0.6949262465810244,5.200329913571862,0.0,0.0,0.0,0.0,1.0,0.0,0.0
2024-10-04 16:31:01.233103,1.0,1.0,1.0,1.0,1.0,1.0,1.0,894499.0,0.03926789767914727,0.030621611884573404,0.046327664109800666,0.02657542007977932,0.031115710284795706,0.027718966864906235,-0.00027023411045471834,-2.2254573802153277e-05,-0.000572260469198227,-0.0,0.0,0.0,0.0,1.0,0.0,0.0,1.6110435584384886,1.2582439169581459,7.09051768330344,0.06538844730165701,0.5516455914955861,0.7366959922613537,0.08184066286688389,-0.6917826892063598,5.215513714730986,0.0,0.0,0.0,0.0,1.0,0.0,0.0
2024-10-04 16:31:01.314870,1.0,1.0,1.0,1.0,1.0,1.0,1.0,894500.0,0.03832801689680105,0.030365359581316056,0.04610222401715648,0.02646567940419046,0.03070772063827226,0.02764888086939877,-0.00026069643596808123,6.3584496577580725e-06,-0.0005531851202249528,-0.0,0.0,0.0,0.0,1.0,0.0,0.0,1.6129751014746363,1.2567208398952217,7.0888507109283525,0.06408164104967572,0.5533455547738628,0.7359984562421191,0.07876936346923281,-0.6930676574479606,5.20926616787374,0.0,0.0,0.0,0.0,1.0,0.0,0.0
2024-10-04 16:31:01.397515,1.0,1.0,1.0,1.0,1.0,1.0,1.0,894501.0,0.03825999906698716,0.03002028747297718,0.04581886408620406,0.02679355304171941,0.0303262434606198,0.02792816958270741,-0.0002829510097702345,-6.358449657758084e-06,-0.0005372889960805577,-0.0,0.0,0.0,0.0,1.0,0.0,0.0,1.6122305137138973,1.2555543093855386,7.08826743520457,0.06368552288973386,0.5527946910116392,0.7363771797270694,0.07732162606544395,-0.6916634640699529,5.211721189677479,0.0,0.0,0.0,0.0,1.0,0.0,0.0
2024-10-04 16:31:01.401015,1.0,1.0,1.0,1.0,1.0,1.0,1.0,894502.0,0.03757304914762413,0.030279460230773842,0.045590908124401384,0.026829736114304472,0.029972291094128595,0.028066771771894115,-0.0002670548856258393,1.2716899315516153e-05,-0.0005309305464227996,-0.0,0.0,0.0,0.0,1.0,0.0,0.0,1.6141929089033487,1.2556355945477464,7.08734708697731,0.06188219215334693,0.553394976224604,0.7329484508300539,0.07416943516092,-0.6924685796285854,5.187191792198463,0.0,0.0,0.0,0.0,1.0,0.0,0.0
2024-10-04 16:31:01.482821,1.0,1.0,1.0,1.0,1.0,1.0,1.0,894503.0,0.037084613626145846,0.030193316499374605,0.04564800383634771,0.02733126991297999,0.030230122003416366,0.02810131550407159,-0.0002638756607969603,1.2716899315516152e-05,-0.0005309305464227996,-0.0,0.0,0.0,0.0,1.0,0.0,0.0,1.6144987398400066,1.2547494715808352,7.085678633495534,0.06279448033240752,0.5555594301079353,0.733352561461903,0.07613806710576909,-0.6947653445826246,5.1888682697823,0.0,0.0,0.0,0.0,1.0,0.0,0.0
2024-10-04 16:31:01.486321,1.0,1.0,1.0,1.0,1.0,1.0,1.0,894504.0,0.037084613626145846,0.030621611884573404,0.045590908124401384,0.02764888086939877,0.030517578125,0.02799755644637631,-0.00027023411045471834,-9.537674486637124e-06,-0.0005118551974495253,-0.0,0.0,0.0,0.0,1.0,0.0,0.0,1.618781646782598,1.2551602557151949,7.084843524130829,0.06798751992755708,0.5571410812262159,0.7292277487333099,0.08469560886587918,-0.6970422414841454,5.158669359824878,0.0,0.0,0.0,0.0,1.0,0.0,0.0
2024-10-04 16:31:01.568031,1.0,1.0,1.0,1.0,1.0,1.0,1.0,894505.0,0.037503662109375,0.029933397891395198,0.04518921828443541,0.027962884536546752,0.030485772407004817,0.02792816958270741,-0.0002734133352835974,6.358449657758075e-06,-0.0005023175229628882,-0.0,0.0,0.0,0.0,1.0,0.0,0.0,1.6180751456737805,1.2530110667792616,7.08359729417865,0.07166806412782918,0.556552141028894,0.7297447335170674,0.09107245050748528,-0.6952292906281391,5.161378938291767,0.0,0.0,0.0,0.0,1.0,0.0,0.0
2024-10-04 16:31:01.651675,1.0,1.0,1.0,1.0,1.0,1.0,1.0,894506.0,0.037918079796158174,0.03002028747297718,0.045131542168673384,0.02799755644637631,0.03070772063827226,0.02768394604629166,-0.0002638756607969603,-9.53767448663712e-06,-0.0004927798484762511,-0.0,0.0,0.0,0.0,1.0,0.0,0.0,1.620636647657908,1.2527750011226353,7.082592944294051,0.06938198219273169,0.55346542755409,0.7281677668509026,0.08813756761013053,-0.6911572040558828,5.148436028051379,0.0,0.0,0.0,0.0,1.0,0.0,0.0
2024-10-04 16:31:01.654675,1.0,1.0,1.0,1.0,1.0,1.0,1.0,894507.0,0.037711440220720746,0.0298462553545495,0.044958069872003174,0.028376151535570014,0.030612797008878905,0.027718966864906235,-0.00026069643596808123,3.4971473117669426e-05,-0.0004896006236473721,-0.0,0.0,0.0,0.0,1.0,0.0,0.0,1.620861096978581,1.2522378750450174,7.083177422747011,0.07251106505496047,0.5517693500339432,0.7259371912682737,0.09334741506269795,-0.6886571663630161,5.133026270636592,0.0,0.0,0.0,0.0,1.0,0.0,0.0
2024-10-04 16:31:01.736832,1.0,1.0,1.0,1.0,1.0,1.0,1.0,894508.0,0.03729472643293347,0.029671202493626012,0.04513154216867338,0.028032185471914422,0.0303262434606198,0.02768394604629166,-0.0002511587614814441,1.907534897327423e-05,-0.0004959590733051301,-0.0,0.0,0.0,0.0,1.0,0.0,0.0,1.623395740869843,1.2529022035380406,7.084264330527082,0.07268746782896564,0.5514408851811914,0.7218668023736347,0.0966464832105894,-0.6885892756148184,5.10533865812664,0.0,0.0,0.0,0.0,1.0,0.0,0.0
2024-10-04 16:31:01.739832,1.0,1.0,1.0,1.0,1.0,1.0,1.0,894509.0,0.0373645014732293,0.029139734961116416,0.045304350237362054,0.02768394604629166,0.03039015553037446,0.027437548745241652,-0.00026069643596808123,-3.469446951953614e-21,-0.0005054967477917672,-0.0,0.0,0.0,0.0,1.0,0.0,0.0,1.6235654440849914,1.2518053247595076,7.086600668605046,0.0726998247049548,0.5535036544984907,0.7161944194488261,0.09543294870252796,-0.6904172226556656,5.067350891247248,0.0,0.0,0.0,0.0,1.0,0.0,0.0
2024-10-04 16:31:01.822115,1.0,1.0,1.0,1.0,1.0,1.0,1.0,894510.0,0.037711440220720746,0.029139734961116416,0.045875676090774385,0.02775394349316061,0.031115710284795706,0.027260187166059602,-0.0002734133352835974,-1.2716899315516157e-05,-0.0005118551974495253,-0.0,0.0,0.0,0.0,1.0,0.0,0.0,1.6249543102969346,1.2505817581894136,7.089271715995521,0.07432788531213617,0.5558774832915185,0.7159017103611023,0.10117895181639897,-0.6925391092174974,5.067164881362815,0.0,0.0,0.0,0.0,1.0,0.0,0.0
2024-10-04 16:31:01.905571,1.0,1.0,1.0,1.0,1.0,1.0,1.0,894511.0,0.0373645014732293,0.02940666940527156,0.04564800383634771,0.02782376484498668,0.03120910432259612,0.02708166404617134,-0.00025751721113920217,-2.2254573802153274e-05,-0.0005150344222784043,-0.0,0.0,0.0,0.0,1.0,0.0,0.0,1.625606729794329,1.2481460182263127,7.090272915667032,0.0761438583562286,0.5526478405927991,0.718065245243728,0.10645639984981853,-0.6871301144487972,5.082353283146229,0.0,0.0,0.0,0.0,1.0,0.0,0.0
2024-10-04 16:31:01.908498,1.0,1.0,1.0,1.0,1.0,1.0,1.0,894512.0,0.038123599349151736,0.02841565323055667,0.04598908955455483,0.028066771771894115,0.031240173622796498,0.02736674204979371,-0.0002765925601124764,-3.179224828879039e-05,-0.0005245720967650415,-0.0,0.0,0.0,0.0,1.0,0.0,0.0,1.6257601810226516,1.2442508270451222,7.0921075916207155,0.07948919813758576,0.5509668541797869,0.7183066315861719,0.11183217466278364,-0.6829422111551129,5.085157216464289,0.0,0.0,0.0,0.0,1.0,0.0,0.0
2024-10-04 16:31:01.990914,1.0,1.0,1.0,1.0,1.0,1.0,1.0,894513.0,0.038463691717159486,0.028415653230556677,0.04576198155144106,0.027962884536546752,0.03086527796111811,0.027718966864906235,-0.0002893094594279926,-2.225457380215327e-05,-0.0005500058953960738,-0.0,0.0,0.0,0.0,1.0,0.0,0.0,1.6260958726356305,1.241087941847834,7.0945246022869455,0.08057543707324329,0.5491721347531578,0.7204324438736649,0.11364220281871582,-0.6789322456267352,5.102024253162675,0.0,0.0,0.0,0.0,1.0,0.0,0.0
2024-10-04 16:31:01.993914,1.0,1.0,1.0,1.0,1.0,1.0,1.0,894514.0,0.03791807979615817,0.02804660310941084,0.04536180663361167,0.027718966864906235,0.03086527796111811,0.02736674204979371,-0.0002893094594279926,-9.537674486637115e-06,-0.0005627227947115899,-0.0,0.0,0.0,0.0,1.0,0.0,0.0,1.6268213057445748,1.2401578205724606,7.096189507697976,0.07936101187067898,0.5445347681051241,0.7226003353057527,0.1121237991529898,-0.6724012998927293,5.118409523755742,0.0,0.0,0.0,0.0,1.0,0.0,0.0
2024-10-04 16:31:02.076465,1.0,1.0,1.0,1.0,1.0,1.0,1.0,894515.0,0.03715478325109878,0.02795357929391522,0.045246820880521094,0.02775394349316061,0.03142594437984583,0.027260187166059602,-0.00029248868425687163,-1.9075348973274234e-05,-0.0005563643450538319,-0.0,0.0,0.0,0.0,1.0,0.0,0.0,1.6296752375861596,1.2388151387760005,7.095357103825627,0.07840705936155738,0.5485559439221137,0.719951892687406,0.11133876401573023,-0.6765705630884586,5.0990788191077865,0.0,0.0,0.0,0.0,1.0,0.0,0.0
2024-10-04 16:31:02.079464,1.0,1.0,1.0,1.0,1.0,1.0,1.0,894516.0,0.036231979799249525,0.028323841510000683,0.04564800383634771,0.027858609899147853,0.03157991857152382,0.02799755644637631,-0.0002988471339146297,2.2254573802153277e-05,-0.0006199488416314126,-0.0,0.0,0.0,0.0,1.0,0.0,0.0,1.6309378897106155,1.2384645189263777,7.096024502980142,0.0813746177342182,0.5513716832939831,0.7187495804031206,0.11748974402146084,-0.6798638131708068,5.091211431968284,0.0,0.0,0.0,0.0,1.0,0.0,0.0
2024-10-04 16:31:02.161226,1.0,1.0,1.0,1.0,1.0,1.0,1.0,894517.0,0.03666077555081008,0.02804660310941084,0.04576198155144105,0.02789341142414604,0.031763702384431956,0.028135816825234642,-0.00030202635874350875,1.271689931551616e-05,-0.000642203415433566,-0.0,0.0,0.0,0.0,1.0,0.0,0.0,1.6324383803559108,1.2353483526558349,7.096691105316554,0.08029893466788171,0.5530198638828498,0.7203255850395365,0.11549463115234268,-0.6803193065153872,5.102914444525409,0.0,0.0,0.0,0.0,1.0,0.0,0.0
2024-10-04 16:31:02.244723,1.0,1.0,1.0,1.0,1.0,1.0,1.0,894518.0,0.036802597262395625,0.02823173121237927,0.04513154216867338,0.02858054422421529,0.03245856839932655,0.028546580404464273,-0.0003179224828879039,3.815069794654847e-05,-0.0006358449657758078,-0.0,0.0,0.0,0.0,1.0,0.0,0.0,1.6345323271230126,1.2350836045257723,7.097695662108521,0.08052777263342271,0.5536128955574707,0.7226728613765615,0.11511520160285794,-0.681009364413546,5.120634098017949,0.0,0.0,0.0,0.0,1.0,0.0,0.0
2024-10-04 16:31:02.247723,1.0,1.0,1.0,1.0,1.0,1.0,1.0,894519.0,0.03594327416403232,0.028323841510000686,0.04466745228281863,0.029018456676423974,0.033168129149298335,0.0287834855487486,-0.0002765925601124764,5.0867597262064634e-05,-0.0006326657409469288,-0.0,0.0,0.0,0.0,1.0,0.0,0.0,1.6356132405449704,1.2345050234072141,7.096611545515933,0.08202221766098526,0.5528670571178316,0.7275402964585533,0.11835530269975665,-0.6798406166044627,5.154190996915693,0.0,0.0,0.0,0.0,1.0,0.0,0.0
2024-10-04 16:31:02.329708,1.0,1.0,1.0,1.0,1.0,1.0,1.0,894520.0,0.03543237930455048,0.028507169258887383,0.04413951900188092,0.029118578158502894,0.033168129149298335,0.02908524262592732,-0.0002638756607969603,4.132992277542751e-05,-0.0006294865161180497,-0.0,0.0,0.0,0.0,1.0,0.0,0.0,1.634456015097095,1.2347572388752954,7.095858760285822,0.08391862207763548,0.5498257815340264,0.728289459945856,0.12127204803535616,-0.6763876693489974,5.159012985247123,0.0,0.0,0.0,0.0,1.0,0.0,0.0
2024-10-04 16:31:02.333210,1.0,1.0,1.0,1.0,1.0,1.0,1.0,894521.0,0.03565223071686204,0.028139319405636336,0.044609101569099904,0.028985005994784836,0.033459338679991214,0.02858054422421529,-0.0002670548856258393,4.4509147604306555e-05,-0.0006072319423158965,-0.0,0.0,0.0,0.0,1.0,0.0,0.0,1.634627756934555,1.2333385993771735,7.09377379865848,0.08577846391121079,0.5509328953640209,0.7243742992652416,0.12374949893383672,-0.6769415315263618,5.130065869834129,0.0,0.0,0.0,0.0,1.0,0.0,0.0
2024-10-04 16:31:02.414729,1.0,1.0,1.0,1.0,1.0,1.0,1.0,894522.0,0.03528505068595369,0.028689325548469594,0.04484204885310999,0.0287834855487486,0.03377676944149575,0.02810131550407159,-0.0002511587614814441,3.497147311766943e-05,-0.0005913358181715013,-0.0,0.0,0.0,0.0,1.0,0.0,0.0,1.6327345919514948,1.2337607347089496,7.0927752965401325,0.08527866347536014,0.5529098372427126,0.7259068887578068,0.12255367724982186,-0.6795352175759934,5.139799310556525,0.0,0.0,0.0,0.0,1.0,0.0,0.0
2024-10-04 16:31:02.498144,1.0,1.0,1.0,1.0,1.0,1.0,1.0,894523.0,0.03468947962748154,0.02823173121237927,0.044900096837092805,0.028546580404464273,0.03428986366919591,0.02820469285687616,-0.00024797953665256506,1.9075348973274245e-05,-0.0005881565933426223,-0.0,0.0,0.0,0.0,1.0,0.0,0.0,1.63176013974327,1.2328588891867067,7.090694570966049,0.08338942897527256,0.5530546969124698,0.7252203787875114,0.11885764335200069,-0.679252354878024,5.133261861289189,0.0,0.0,0.0,0.0,1.0,0.0,0.0
2024-10-04 16:31:02.501648,1.0,1.0,1.0,1.0,1.0,1.0,1.0,894524.0,0.03543237930455048,0.02813931940563634,0.044958069872003174,0.028135816825234642,0.03423323297213509,0.0287834855487486,-0.000241621086994807,1.589612414439519e-05,-0.0005881565933426223,-0.0,0.0,0.0,0.0,1.0,0.0,0.0,1.6288458983134437,1.2302856680895178,7.090777135819566,0.08310925705888657,0.5576316519201235,0.7231426501992393,0.11797256986838953,-0.6838407942415848,5.118871079074649,0.0,0.0,0.0,0.0,1.0,0.0,0.0
2024-10-04 16:31:02.583649,1.0,1.0,1.0,1.0,1.0,1.0,1.0,894525.0,0.035358791729157395,0.02813931940563634,0.044725726870264354,0.028273401102065627,0.034091244666417886,0.029151875571506957,-0.0002670548856258393,3.1792248288790396e-05,-0.0005976942678292594,-0.0,0.0,0.0,0.0,1.0,0.0,0.0,1.6278595179709694,1.2292813013951784,7.092025776792646,0.08383680350086707,0.5564839898311841,0.7245278624386428,0.11952212447051758,-0.6820047855949215,5.129163924591241,0.0,0.0,0.0,0.0,1.0,0.0,0.0
2024-10-04 16:31:02.586649,1.0,1.0,1.0,1.0,1.0,1.0,1.0,894526.0,0.035505814366342106,0.02813931940563634,0.044198489661446745,0.028273401102065627,0.03406277598114669,0.02908524262592732,-0.0002511587614814441,1.589612414439519e-05,-0.0005563643450538319,-0.0,0.0,0.0,0.0,1.0,0.0,0.0,1.6258561257163961,1.2269501497027662,7.0913609397217,0.07976171837859675,0.5541124258475487,0.7293953534938976,0.1099283215264849,-0.6777679785902119,5.1636935191002875,0.0,0.0,0.0,0.0,1.0,0.0,0.0
2024-10-04 16:31:02.668369,1.0,1.0,1.0,1.0,1.0,1.0,1.0,894527.0,0.035062897056625214,0.02804660310941084,0.0440213406934204,0.028273401102065627,0.03417650843776925,0.029284686626149053,-0.00025751721113920217,1.9075348973274234e-05,-0.0005531851202249528,-0.0,0.0,0.0,0.0,1.0,0.0,0.0,1.6260958726356305,1.2269416581293089,7.091613750178582,0.07785731754207685,0.5543072281530437,0.7265197463189177,0.10670284023794281,-0.677956429665138,5.143667678625627,0.0,0.0,0.0,0.0,1.0,0.0,0.0
2024-10-04 16:31:02.671373,1.0,1.0,1.0,1.0,1.0,1.0,1.0,894528.0,0.03468947962748154,0.028046603109410838,0.043545420325923206,0.028410319099464804,0.03386282504451316,0.029515668014433095,-0.000241621086994807,6.358449657758079e-06,-0.0005531851202249528,-0.0,0.0,0.0,0.0,1.0,0.0,0.0,1.6234308582384767,1.223517868044788,7.09161301559953,0.07660607614427296,0.5501311947133837,0.7266132118718798,0.10483217131212647,-0.670733973093584,5.143699470873915,0.0,0.0,0.0,0.0,1.0,0.0,0.0
2024-10-04 16:31:02.753642,1.0,1.0,1.0,1.0,1.0,1.0,1.0,894529.0,0.03565223071686204,0.029671202493626012,0.043124681760125134,0.02847853124831018,0.0337192770263005,0.03026219641244205,-0.0002257249628504118,1.5896124144395195e-05,-0.0005531851202249528,-0.0,0.0,0.0,0.0,1.0,0.0,0.0,1.6251973956190555,1.2228094938008525,7.09320047515945,0.07568136098027703,0.5479984109342513,0.7248501128045419,0.10368971308507734,-0.6675598934784325,5.132616268382733,0.0,0.0,0.0,0.0,1.0,0.0,0.0
2024-10-04 16:31:02.836893,1.0,1.0,1.0,1.0,1.0,1.0,1.0,894530.0,0.03687330356631608,0.03146071551579092,0.04312468176012514,0.029151875571506957,0.034204882463775475,0.030990747087997286,-0.0001748573655883472,8.583907037973405e-05,-0.0005372889960805577,-0.0,0.0,0.0,0.0,1.0,0.0,0.0,1.625075947607828,1.2202321571710741,7.093877623698097,0.07346000519287027,0.5470524168746812,0.7220665807703633,0.09986713047936854,-0.6648660891812963,5.112889867992651,0.0,0.0,0.0,0.0,1.0,0.0,0.0
2024-10-04 16:31:02.840390,1.0,1.0,1.0,1.0,1.0,1.0,1.0,894531.0,0.03825999906698717,0.033544295152698266,0.042455097690623465,0.02961410853680346,0.035211122922407,0.03227874115189541,-0.00010491441935300834,0.0002002911642193795,-0.0005086759726206463,-0.0,0.0,0.0,0.0,1.0,0.0,0.0,1.6258659180082335,1.2203840949034805,7.09705411071191,0.06981776754050198,0.5479945330961676,0.7212643170040925,0.0928336191082927,-0.666035097720458,5.109410778341486,0.0,0.0,0.0,0.0,1.0,0.0,0.0
2024-10-04 16:31:02.922257,1.0,1.0,1.0,1.0,1.0,1.0,1.0,894532.0,0.038463691717159486,0.03468947962748154,0.04269979768643891,0.030036956306502573,0.03526618335153976,0.03310957989067469,-7.630139589309695e-05,0.00025433798631032317,-0.0005086759726206463,-0.0,0.0,0.0,0.0,1.0,0.0,0.0,1.625463058798214,1.2181710216070378,7.095223650646623,0.06814283153659204,0.5459800800235118,0.7182246812498285,0.09130043372924193,-0.6623441354431971,5.08716997276961,0.0,0.0,0.0,0.0,1.0,0.0,0.0
2024-10-04 16:31:02.925754,1.0,1.0,1.0,1.0,1.0,1.0,1.0,894533.0,0.03926789767914727,0.03543237930455048,0.04269979768643891,0.03013369393635788,0.03501772965099794,0.032785690042080325,-5.404682209094367e-05,0.0002893094594279926,-0.0004673460498452188,-0.0,0.0,0.0,0.0,1.0,0.0,0.0,1.6266170744132673,1.2178401236080638,7.095885189260802,0.06902045674718493,0.5462630343927705,0.7176336008181918,0.09208280058852011,-0.6623920950590185,5.083704550420951,0.0,0.0,0.0,0.0,1.0,0.0,0.0
2024-10-04 16:31:03.007115,1.0,1.0,1.0,1.0,1.0,1.0,1.0,894534.0,0.0387336156723732,0.035358791729157395,0.04330549882888886,0.0303262434606198,0.03515597625908419,0.03272645658802371,-7.630139589309695e-05,0.00027977178494135546,-0.0004959590733051301,-0.0,0.0,0.0,0.0,1.0,0.0,0.0,1.625360680828837,1.2161885665076049,7.095468981680758,0.0690132054334817,0.5431425140425168,0.7209342055092165,0.09170090882192257,-0.6576110623765417,5.106481673559098,0.0,0.0,0.0,0.0,1.0,0.0,0.0
2024-10-04 16:31:03.090375,1.0,1.0,1.0,1.0,1.0,1.0,1.0,894535.0,0.03940033615860651,0.035062897056625214,0.043664886724146465,0.030294236862297798,0.03548557074494756,0.03260766687993288,-7.9480620721976e-05,0.0002638756607969603,-0.0005086759726206463,-0.0,0.0,0.0,0.0,1.0,0.0,0.0,1.6261855707877335,1.2169393217866824,7.095552225149864,0.06603386290989893,0.5426118567728637,0.7237453166236578,0.08594162109001661,-0.6574060318123458,5.126311882368363,0.0,0.0,0.0,0.0,1.0,0.0,0.0
2024-10-04 16:31:03.094123,1.0,1.0,1.0,1.0,1.0,1.0,1.0,894536.0,0.03986040571620479,0.03491400934771429,0.0440213406934204,0.03026219641244205,0.03540345978860444,0.032398736885968185,-8.583907037973408e-05,0.00024480031182368605,-0.0005213928719361625,-0.0,0.0,0.0,0.0,1.0,0.0,0.0,1.6252422701076776,1.2175091356767198,7.095717975004272,0.07111422626577445,0.5446352055464039,0.7279064967697845,0.09532750651503206,-0.6602482924519545,5.154900994356876,0.0,0.0,0.0,0.0,1.0,0.0,0.0
2024-10-04 16:31:03.176273,1.0,1.0,1.0,1.0,1.0,1.0,1.0,894537.0,0.03986040571620479,0.035358791729157395,0.044316195568033935,0.03010148260279399,0.035512898874331005,0.03242866644143693,-7.630139589309696e-05,0.00027023411045471834,-0.0005118551974495253,-0.0,0.0,0.0,0.0,1.0,0.0,0.0,1.626680944466612,1.2187744541296177,7.0969708848590765,0.07017185738762072,0.5476147935523878,0.7290440106716632,0.09343932662071379,-0.664384026600646,5.163396248962815,0.0,0.0,0.0,0.0,1.0,0.0,0.0
2024-10-04 16:31:03.179273,1.0,1.0,1.0,1.0,1.0,1.0,1.0,894538.0,0.04012093401707996,0.03616001949028261,0.04518921828443541,0.029972291094128595,0.035812131959156876,0.03260766687993288,-8.901829520861311e-05,0.0003179224828879039,-0.0005341097712516786,-0.0,0.0,0.0,0.0,1.0,0.0,0.0,1.6259969184097645,1.2181924032719507,7.0983016475212315,0.07043477181161588,0.5514712106322168,0.7287094356832952,0.09422274060563006,-0.668987319168037,5.162477385702088,0.0,0.0,0.0,0.0,1.0,0.0,0.0
2024-10-04 16:31:03.260947,1.0,1.0,1.0,1.0,1.0,1.0,1.0,894539.0,0.04057283328598263,0.03601566753881429,0.04570502822314875,0.029972291094128595,0.03610888539489512,0.03251828982682399,-8.901829520861311e-05,0.00036879008014996856,-0.0005118551974495253,-0.0,0.0,0.0,0.0,1.0,0.0,0.0,1.6243880387331933,1.2172319482385516,7.099474573699963,0.06865803693564473,0.5496415780640771,0.7277811744191439,0.08838293353801174,-0.6663271301270773,5.156477978183801,0.0,0.0,0.0,0.0,1.0,0.0,0.0
2024-10-04 16:31:03.263948,1.0,1.0,1.0,1.0,1.0,1.0,1.0,894540.0,0.04089256110871732,0.036589658557456724,0.04581886408620406,0.029548517961177193,0.03629646528256086,0.032398736885968185,-7.630139589309695e-05,0.00039422387878100085,-0.00048642139881849305,-0.0,0.0,0.0,0.0,1.0,0.0,0.0,1.6236454764052597,1.218108619504359,7.098639619635099,0.06901748194141974,0.5479313879145623,0.7289952067062582,0.08835168167383738,-0.6644519173488436,5.164200155490842,0.0,0.0,0.0,0.0,1.0,0.0,0.0
2024-10-04 16:31:03.346484,1.0,1.0,1.0,1.0,1.0,1.0,1.0,894541.0,0.040055960801949016,0.03594327416403233,0.04581886408620405,0.02961410853680346,0.03540345978860444,0.03179422973639322,-9.855596969525027e-05,0.00031474325805902487,-0.0005023175229628882,-0.0,0.0,0.0,0.0,1.0,0.0,0.0,1.6242280433272709,1.2172319482385516,7.096797089804237,0.0682863653794563,0.549474968663426,0.7311571802809749,0.08464406421147765,-0.6659921424400154,5.178346351865074,0.0,0.0,0.0,0.0,1.0,0.0,0.0
2024-10-04 16:31:03.429806,1.0,1.0,1.0,1.0,1.0,1.0,1.0,894542.0,0.03999088202492748,0.03453898225996593,0.04518921828443541,0.029383900981372436,0.03504542260087845,0.03142594437984583,-0.00014306511729955676,0.00027977178494135546,-0.0005150344222784043,-0.0,0.0,0.0,0.0,1.0,0.0,0.0,1.6231459669103792,1.2176211632922196,7.099043900372066,0.06711631078544082,0.5493102430140602,0.7331910279471016,0.08229730636753665,-0.6660301732862324,5.194363130955986,0.0,0.0,0.0,0.0,1.0,0.0,0.0
2024-10-04 16:31:03.433306,1.0,1.0,1.0,1.0,1.0,1.0,1.0,894543.0,0.03959816335788845,0.03453898225996593,0.04484204885310999,0.029350866793321755,0.03578503234728569,0.032097906445255474,-0.00013352744281291964,0.00029566790908575063,-0.0005372889960805577,-0.0,0.0,0.0,0.0,1.0,0.0,0.0,1.6222458560963433,1.2185342864113369,7.100548715659927,0.06649202000697554,0.5511838896168783,0.7365773709811694,0.08237713182481414,-0.6689617655176762,5.2196801645650615,0.0,0.0,0.0,0.0,1.0,0.0,0.0
2024-10-04 16:31:03.515449,1.0,1.0,1.0,1.0,1.0,1.0,1.0,894544.0,0.040315225390783915,0.03608791569074071,0.044198489661446745,0.0300692367632191,0.036509662213151245,0.03319736505550277,-8.265984555085504e-05,0.0003815069794654847,-0.00047688372433185594,-0.0,0.0,0.0,0.0,1.0,0.0,0.0,1.6232613213638096,1.2205513442910703,7.101386379533509,0.06439020498382403,0.5537601574429107,0.736356895160038,0.07810269978763898,-0.6732604181175524,5.218570472118771,0.0,0.0,0.0,0.0,1.0,0.0,0.0
2024-10-04 16:31:03.518466,1.0,1.0,1.0,1.0,1.0,1.0,1.0,894545.0,0.04108320345271294,0.03743414645719283,0.04413951900188092,0.030358216314476834,0.036269727551283916,0.03319736505550277,-1.9075348973274245e-05,0.00042601612706979125,-0.00042919535189867036,-0.0,0.0,0.0,0.0,1.0,0.0,0.0,1.6235239123024283,1.2195236175022421,7.101973712369032,0.06617409817083955,0.553088191353857,0.7352737765422347,0.07872998691938468,-0.6717442264521704,5.2107671867306795,0.0,0.0,0.0,0.0,1.0,0.0,0.0
2024-10-04 16:31:03.600310,1.0,1.0,1.0,1.0,1.0,1.0,1.0,894546.0,0.04127296521748623,0.0373645014732293,0.044550674429986614,0.030581090322992784,0.035920325957808266,0.03337224263981984,-2.5433798631032327e-05,0.0004260161270697913,-0.0004578083753585816,-0.0,0.0,0.0,0.0,1.0,0.0,0.0,1.62402651322966,1.2177024483104448,7.100559720471261,0.0612710474010472,0.5526462523556506,0.7282636534046352,0.07012674590502137,-0.6701105022932301,5.160734442974837,0.0,0.0,0.0,0.0,1.0,0.0,0.0
2024-10-04 16:31:03.683200,1.0,1.0,1.0,1.0,1.0,1.0,1.0,894547.0,0.041587310697157,0.0373645014732293,0.04425738174574523,0.030612797008878905,0.03583921107981937,0.03351727697218139,-6.040527174870175e-05,0.00041965767741203324,-0.0004737044995029768,-0.0,0.0,0.0,0.0,1.0,0.0,0.0,1.623194107436476,1.217102764423247,7.1000539939253295,0.06116712078266751,0.5501327902115212,0.7259300108437472,0.06910809661737305,-0.6668144535678612,5.143729820696125,0.0,0.0,0.0,0.0,1.0,0.0,0.0
2024-10-04 16:31:03.686203,1.0,1.0,1.0,1.0,1.0,1.0,1.0,894548.0,0.04189929789626443,0.0373645014732293,0.043664886724146465,0.030612797008878905,0.03578503234728569,0.033430331878977426,-1.2716899315516164e-05,0.000410120002925396,-0.0004450914760430655,-0.0,0.0,0.0,0.0,1.0,0.0,0.0,1.6261248848171181,1.2198625997470895,7.100054727631069,0.05909659009272858,0.5505712928276705,0.7267831887508855,0.06402591648883675,-0.6688278785196744,5.14955777716114,0.0,0.0,0.0,0.0,1.0,0.0,0.0
2024-10-04 16:31:03.768353,1.0,1.0,1.0,1.0,1.0,1.0,1.0,894549.0,0.041712385598201944,0.03839591423416137,0.04354542032592321,0.030612797008878905,0.03548557074494756,0.03357511528435138,-3.179224828879043e-06,0.000406940778096517,-0.00042601612706979125,-0.0,0.0,0.0,0.0,1.0,0.0,0.0,1.6277192462199928,1.2201178420132317,7.098798692885385,0.059286544996273886,0.5494878318342408,0.7280148762745596,0.0654799177224968,-0.6674955814608293,5.156980514383603,0.0,0.0,0.0,0.0,1.0,0.0,0.0
2024-10-04 16:31:03.771353,1.0,1.0,1.0,1.0,1.0,1.0,1.0,894550.0,0.04082881584609787,0.037084613626145846,0.0434855640497593,0.03064447088906264,0.03490673815261534,0.033021561356871405,-6.040527174870175e-05,0.00035925240566333144,-0.0004578083753585817,-0.0,0.0,0.0,0.0,1.0,0.0,0.0,1.630118959571959,1.2188906393032328,7.0978753066116775,0.05668681645237877,0.5512495115465649,0.7283933217637607,0.059568107099957746,-0.6692239443303007,5.159573941805819,0.0,0.0,0.0,0.0,1.0,0.0,0.0
2024-10-04 16:31:03.853526,1.0,1.0,1.0,1.0,1.0,1.0,1.0,894551.0,0.040315225390783915,0.036231979799249525,0.04372449751876115,0.030230122003416366,0.03504542260087845,0.03290383705573704,-0.00011445209383964543,0.0003338186070322991,-0.0004959590733051301,-0.0,0.0,0.0,0.0,1.0,0.0,0.0,1.6287471111648815,1.2191119009788114,7.098543202868801,0.05667690043838718,0.5504966109030582,0.7263050691279819,0.058313270003725895,-0.668367689931018,5.1452911817449545,0.0,0.0,0.0,0.0,1.0,0.0,0.0
2024-10-04 16:31:03.936834,1.0,1.0,1.0,1.0,1.0,1.0,1.0,894552.0,0.0401858021823441,0.03757304914762413,0.043124681760125134,0.03039015553037446,0.03589330803299428,0.03337224263981984,-7.312217106421791e-05,0.0003783277546366057,-0.0004800629491607349,-0.0,0.0,0.0,0.0,1.0,0.0,0.0,1.633059459469385,1.2207723049684023,7.099717556622028,0.05960843646664688,0.5498402328448359,0.7269015441071413,0.06151970117523777,-0.6684877287975892,5.149839247896916,0.0,0.0,0.0,0.0,1.0,0.0,0.0
2024-10-04 16:31:03.940334,1.0,1.0,1.0,1.0,1.0,1.0,1.0,894553.0,0.04114655461363215,0.038666311337125336,0.042882406350036345,0.031240173622796498,0.035757912197617196,0.03340129988750126,-1.907534897327423e-05,0.000410120002925396,-0.0004419122512141865,-0.0,0.0,0.0,0.0,1.0,0.0,0.0,1.634745666973285,1.2211237387331608,7.100804867145519,0.062339860985031005,0.5489308245512502,0.7249196416973135,0.06440865562818962,-0.6673249588563557,5.136186197234333,0.0,0.0,0.0,0.0,1.0,0.0,0.0
2024-10-04 16:31:04.022527,1.0,1.0,1.0,1.0,1.0,1.0,1.0,894554.0,0.04183708658073959,0.03819186010094626,0.04378402715493126,0.03086527796111811,0.03548557074494756,0.032637404840404415,-2.5433798631032317e-05,0.0003528939560055733,-0.00047688372433185594,-0.0,0.0,0.0,0.0,1.0,0.0,0.0,1.6355023005865095,1.221177455109383,7.101133916996126,0.06226954569283273,0.5496925931428344,0.7201180211259145,0.06413505936131864,-0.6682925071512683,5.102045797036746,0.0,0.0,0.0,0.0,1.0,0.0,0.0
2024-10-04 16:31:04.026027,1.0,1.0,1.0,1.0,1.0,1.0,1.0,894555.0,0.040315225390783915,0.03764230828317236,0.0436051944382425,0.030485772407004817,0.03515597625908419,0.032815266674204355,-7.312217106421791e-05,0.00031156403323014586,-0.0005150344222784043,-0.0,0.0,0.0,0.0,1.0,0.0,0.0,1.633088168616098,1.221978826348482,7.101626362870251,0.060763745204313775,0.5480752876249031,0.7160398540248614,0.06436079904280252,-0.666768178184241,5.0742755961717485,0.0,0.0,0.0,0.0,1.0,0.0,0.0
2024-10-04 16:31:04.107853,1.0,1.0,1.0,1.0,1.0,1.0,1.0,894556.0,0.039925697169818586,0.0378493252884673,0.04306424069081518,0.03073929670896773,0.03605511189462744,0.03305092691301418,-2.5433798631032314e-05,0.00032428093254566203,-0.0004896006236473721,-0.0,0.0,0.0,0.0,1.0,0.0,0.0,1.6347552268739634,1.2245737569805644,7.104376367563325,0.06277866124963999,0.5485189723572621,0.7170194083208551,0.06906574900622646,-0.6687177158561595,5.08346451894637,0.0,0.0,0.0,0.0,1.0,0.0,0.0
2024-10-04 16:31:04.110939,1.0,1.0,1.0,1.0,1.0,1.0,1.0,894557.0,0.04012093401707996,0.038733615672373205,0.04336560364453033,0.03157991857152382,0.036135742137466224,0.03357511528435138,5.086759726206464e-05,0.00037832775463660567,-0.0004609876001874607,-0.0,0.0,0.0,0.0,1.0,0.0,0.0,1.6346821120235941,1.2250907296860227,7.103880445769406,0.062155810474306,0.5481499623304278,0.7174523344549576,0.06754885084643793,-0.6686024184922263,5.086398716375937,0.0,0.0,0.0,0.0,1.0,0.0,0.0
2024-10-04 16:31:04.192540,1.0,1.0,1.0,1.0,1.0,1.0,1.0,894558.0,0.040185802182344105,0.03798670986099516,0.043962132407454745,0.03157991857152382,0.03586626975568591,0.03340129988750126,0.0,0.0003338186070322991,-0.00046416682501633976,-0.0,0.0,0.0,0.0,1.0,0.0,0.0,1.633170924000155,1.2230683803320506,7.102049544603549,0.0647657297419147,0.5511175892866741,0.7186829363987908,0.07107949145999007,-0.6709455240124056,5.094053238432917,0.0,0.0,0.0,0.0,1.0,0.0,0.0
2024-10-04 16:31:04.276393,1.0,1.0,1.0,1.0,1.0,1.0,1.0,894559.0,0.03946638873835309,0.036589658557456724,0.043962132407454745,0.031641298451732976,0.035812131959156876,0.03310957989067469,-3.815069794654846e-05,0.0002893094594279926,-0.0004959590733051301,-0.0,0.0,0.0,0.0,1.0,0.0,0.0,1.6301826924225327,1.2228265342780968,7.10113244980758,0.0690992052929608,0.5557346063275347,0.720624542566978,0.07843395735244801,-0.6766026581200645,5.107413135970074,0.0,0.0,0.0,0.0,1.0,0.0,0.0
2024-10-04 16:31:04.279894,1.0,1.0,1.0,1.0,1.0,1.0,1.0,894560.0,0.039729500910396995,0.03743414645719283,0.044316195568033935,0.0321582976678794,0.035947323576018514,0.03394866250806731,4.6259292692714854e-21,0.00029248868425687163,-0.0004737044995029769,-0.0,0.0,0.0,0.0,1.0,0.0,0.0,1.6292417060032895,1.2237528008558567,7.100555318548773,0.06958358353736412,0.5583837016404315,0.7219993684904845,0.08028880584994924,-0.6804383550281925,5.116753685901349,0.0,0.0,0.0,0.0,1.0,0.0,0.0
2024-10-04 16:31:04.361079,1.0,1.0,1.0,1.0,1.0,1.0,1.0,894561.0,0.03966388649582423,0.03715478325109878,0.044842048853109995,0.03227874115189541,0.03589330803299428,0.03397722680635423,3.1792248288790396e-05,0.0002765925601124764,-0.0004419122512141865,-0.0,0.0,0.0,0.0,1.0,0.0,0.0,1.6275147676898198,1.2222975573486103,7.09755931704663,0.0721849878616752,0.5585808187226835,0.7230486721297551,0.08913044246791617,-0.6799093400067823,5.121803977059147,0.0,0.0,0.0,0.0,1.0,0.0,0.0
2024-10-04 16:31:04.364575,1.0,1.0,1.0,1.0,1.0,1.0,1.0,894562.0,0.03986040571620479,0.03608791569074071,0.04530435023736206,0.032308781866774994,0.0357036100976489,0.033430331878977426,1.5896124144395198e-05,0.00024480031182368605,-0.00044509147604306553,-0.0,0.0,0.0,0.0,1.0,0.0,0.0,1.6261567397784218,1.223207189548552,7.09463502473786,0.07233423208566261,0.5580401727899431,0.7182768861421849,0.0910084770184518,-0.6796595185382843,5.086125189496911,0.0,0.0,0.0,0.0,1.0,0.0,0.0
2024-10-04 16:31:04.447760,1.0,1.0,1.0,1.0,1.0,1.0,1.0,894563.0,0.039201510653345636,0.03587073468713996,0.04501596824740669,0.0321582976678794,0.0357036100976489,0.0337192770263005,-6.358449657758082e-06,0.00026069643596808123,-0.0004514499257008236,-0.0,0.0,0.0,0.0,1.0,0.0,0.0,1.6234180227765835,1.224124656980937,7.093546034111958,0.06812181224347287,0.5559853439530728,0.7170582362388422,0.08392224350229704,-0.6775988930316045,5.077035125475301,0.0,0.0,0.0,0.0,1.0,0.0,0.0
2024-10-04 16:31:04.529722,1.0,1.0,1.0,1.0,1.0,1.0,1.0,894564.0,0.03940033615860651,0.036731754853566174,0.044842048853109995,0.032368779656366614,0.03567642805328406,0.033748035476753,2.861302345991135e-05,0.00030520558357238775,-0.0004387330263853075,-0.0,0.0,0.0,0.0,1.0,0.0,0.0,1.6246823314318313,1.2251757710582005,7.092714054465519,0.06904320977052777,0.5521521726242998,0.7216866312723803,0.08625047899735074,-0.6733660243126782,5.109666428388837,0.0,0.0,0.0,0.0,1.0,0.0,0.0
2024-10-04 16:31:04.532868,1.0,1.0,1.0,1.0,1.0,1.0,1.0,894565.0,0.040120934017079966,0.036731754853566174,0.045131542168673384,0.03260766687993288,0.03583921107981937,0.033690494027434716,4.4509147604306555e-05,0.0003306393822034201,-0.0004355538015564284,-0.0,0.0,0.0,0.0,1.0,0.0,0.0,1.6253348601032334,1.2249258355312902,7.090466707506588,0.06931010938338894,0.5524006894195131,0.7253033433245791,0.08674861222308516,-0.6735832187761036,5.134336880840355,0.0,0.0,0.0,0.0,1.0,0.0,0.0
2024-10-04 16:31:04.615272,1.0,1.0,1.0,1.0,1.0,1.0,1.0,894566.0,0.040055960801949016,0.036802597262395625,0.04530435023736206,0.03188563643118791,0.035211122922407,0.03337224263981984,1.2716899315516164e-05,0.0002988471339146297,-0.0004323745767275493,-0.0,0.0,0.0,0.0,1.0,0.0,0.0,1.6265720578097875,1.2230871552427895,7.089047481026794,0.07235498536784275,0.5546809701852582,0.7294591927969305,0.09190981879736784,-0.675248831905781,5.1621660781936125,0.0,0.0,0.0,0.0,1.0,0.0,0.0
2024-10-04 16:31:04.618272,1.0,1.0,1.0,1.0,1.0,1.0,1.0,894567.0,0.04012093401707996,0.03701431097784902,0.04449217056439318,0.03148762440853117,0.03518356039534762,0.032933307582966455,9.537674486637115e-06,0.00027977178494135546,-0.00042601612706979125,-0.0,0.0,0.0,0.0,1.0,0.0,0.0,1.6262332611721078,1.2209327089071793,7.088384569355381,0.07353473245636988,0.5565463306553792,0.7319247747948266,0.0951217799697395,-0.6761929964974385,5.1793834814483715,0.0,0.0,0.0,0.0,1.0,0.0,0.0
2024-10-04 16:31:04.699541,1.0,1.0,1.0,1.0,1.0,1.0,1.0,894568.0,0.04063698009803076,0.03825999906698716,0.04413951900188092,0.03173314566510837,0.03586626975568591,0.033459338679991214,3.815069794654847e-05,0.00034653550634781527,-0.00040694077809651707,-0.0,0.0,0.0,0.0,1.0,0.0,0.0,1.6283575815534221,1.2213719276203938,7.088381629700137,0.07147130134082914,0.553767748920466,0.7298457297997891,0.09183943639479042,-0.6731866125813629,5.1642786310391635,0.0,0.0,0.0,0.0,1.0,0.0,0.0
2024-10-04 16:31:04.703041,1.0,1.0,1.0,1.0,1.0,1.0,1.0,894569.0,0.04133602555253029,0.037918079796158174,0.04449217056439318,0.031364143052817484,0.03548557074494756,0.033168129149298335,2.2254573802153274e-05,0.000324280932545662,-0.00041329922775427513,-0.0,0.0,0.0,0.0,1.0,0.0,0.0,1.629018231606494,1.2207288470243425,7.088546077429234,0.06930496217869496,0.5505401626050295,0.7231417132472688,0.08908919244629383,-0.6688050919724055,5.116015685208664,0.0,0.0,0.0,0.0,1.0,0.0,0.0
2024-10-04 16:31:04.785140,1.0,1.0,1.0,1.0,1.0,1.0,1.0,894570.0,0.04082881584609787,0.03743414645719283,0.04372449751876115,0.030833830904597324,0.03554020599014928,0.032667115729434024,1.907534897327424e-05,0.0003306393822034201,-0.00042283690224091225,-0.0,0.0,0.0,0.0,1.0,0.0,0.0,1.6315467684967053,1.2214060484496243,7.090967975296058,0.071267837628928,0.5465978224158407,0.7211647132890986,0.09248565589449856,-0.6644126564454012,5.102990573503024,0.0,0.0,0.0,0.0,1.0,0.0,0.0
2024-10-04 16:31:04.868689,1.0,1.0,1.0,1.0,1.0,1.0,1.0,894571.0,0.042577623479846755,0.03859888964444313,0.0434855640497593,0.030581090322992784,0.03543085125095238,0.03272645658802371,2.225457380215327e-05,0.00037196930497884756,-0.00043237457672754936,-0.0,0.0,0.0,0.0,1.0,0.0,0.0,1.6345229450863545,1.2215987444141814,7.093466439036449,0.07164184598347406,0.5477004961836226,0.7182813453575027,0.09351918782324398,-0.665776333630798,5.083902095508697,0.0,0.0,0.0,0.0,1.0,0.0,0.0
2024-10-04 16:31:04.872189,1.0,1.0,1.0,1.0,1.0,1.0,1.0,894572.0,0.0419614169784043,0.038666311337125336,0.04318503823719134,0.03054935072925873,0.03501772965099794,0.03257790177388484,2.5433798631032317e-05,0.0003687900801499686,-0.0004260161270697913,-0.0,0.0,0.0,0.0,1.0,0.0,0.0,1.6356325291950693,1.219784944172977,7.095049078569534,0.07058986175845566,0.5498273779184168,0.7197882931408067,0.0916355643973147,-0.6674705597839353,5.096190754080828,0.0,0.0,0.0,0.0,1.0,0.0,0.0
2024-10-04 16:31:04.954101,1.0,1.0,1.0,1.0,1.0,1.0,1.0,894573.0,0.041587310697157,0.03966388649582423,0.043425625269995945,0.03013369393635788,0.034823262373934814,0.0321582976678794,2.2254573802153277e-05,0.0003401770566900572,-0.00041329922775427513,-0.0,0.0,0.0,0.0,1.0,0.0,0.0,1.6382397160900881,1.2173389352782569,7.093137767913609,0.07100945350729956,0.5551371838946604,0.7182876589587679,0.09365449622070642,-0.672589683682474,5.084018246553371,0.0,0.0,0.0,0.0,1.0,0.0,0.0
2024-10-04 16:31:04.957076,1.0,1.0,1.0,1.0,1.0,1.0,1.0,894574.0,0.04082881584609787,0.038733615672373205,0.0434855640497593,0.029810014367864183,0.03445919735911931,0.03185519667586617,-1.9075348973274228e-05,0.00031474325805902487,-0.00040694077809651707,-0.0,0.0,0.0,0.0,1.0,0.0,0.0,1.638372906701493,1.214312667895223,7.0923890209706535,0.07043692159830361,0.5586922918392877,0.7168696176570666,0.08982205213057468,-0.675425249446517,5.073366964463942,0.0,0.0,0.0,0.0,1.0,0.0,0.0
2024-10-04 16:31:05.039219,1.0,1.0,1.0,1.0,1.0,1.0,1.0,894575.0,0.039925697169818586,0.03846369171715948,0.04318503823719134,0.02990748606458951,0.03428986366919591,0.03197678183797181,-1.907534897327423e-05,0.00031156403323014586,-0.00042283690224091225,-0.0,0.0,0.0,0.0,1.0,0.0,0.0,1.6407792630830578,1.2121340306945414,7.092804674827922,0.07499273921134583,0.5603519994693855,0.7177768174709548,0.09735130600077749,-0.6763214333957339,5.079437134966615,0.0,0.0,0.0,0.0,1.0,0.0,0.0
2024-10-04 16:31:05.122612,1.0,1.0,1.0,1.0,1.0,1.0,1.0,894576.0,0.04037978143756249,0.03959816335788845,0.043425625269995945,0.03073929670896773,0.03473958601181881,0.03248844283583844,1.271689931551616e-05,0.0003942238787810009,-0.0004005823284387589,-0.0,0.0,0.0,0.0,1.0,0.0,0.0,1.6403927691700415,1.2101718186676562,7.092303536852174,0.07078617412673949,0.555370723399652,0.7128263871613859,0.08853257998713297,-0.6691483262995328,5.0448313820426876,0.0,0.0,0.0,0.0,1.0,0.0,0.0
2024-10-04 16:31:05.126112,1.0,1.0,1.0,1.0,1.0,1.0,1.0,894577.0,0.039925697169818586,0.03839591423416136,0.043962132407454745,0.030422061214259163,0.03426156002122874,0.03224867245309928,-2.5433798631032307e-05,0.00037196930497884756,-0.0004228369022409122,-0.0,0.0,0.0,0.0,1.0,0.0,0.0,1.6416313117540162,1.2088173775791382,7.090961363479767,0.07008270615015269,0.5511979700761799,0.7137432784468664,0.08738989256993412,-0.6634120500997216,5.050339414290663,0.0,0.0,0.0,0.0,1.0,0.0,0.0
2024-10-04 16:31:05.207043,1.0,1.0,1.0,1.0,1.0,1.0,1.0,894578.0,0.03886787470812279,0.038123599349151736,0.04396213240745474,0.0303262434606198,0.033748035476753,0.03224867245309928,-2.5433798631032307e-05,0.0003497147311766944,-0.0004546291505297026,-0.0,0.0,0.0,0.0,1.0,0.0,0.0,1.6404465761979434,1.205901883486537,7.089963200027242,0.07065665535857542,0.5472687255478897,0.7139969958793445,0.08935960528301208,-0.656929835658463,5.051053108211509,0.0,0.0,0.0,0.0,1.0,0.0,0.0
2024-10-04 16:31:05.210543,1.0,1.0,1.0,1.0,1.0,1.0,1.0,894579.0,0.03926789767914727,0.039135011011481306,0.044139519001880914,0.03070772063827226,0.033690494027434716,0.03251828982682399,1.5896124144395198e-05,0.00039422387878100085,-0.00045462915052970265,-0.0,0.0,0.0,0.0,1.0,0.0,0.0,1.6422074982811046,1.202313407198747,7.08871640037987,0.07057306256536895,0.5498328391983858,0.7164489990651643,0.08815533089806331,-0.6580509602776328,5.0682228945843395,0.0,0.0,0.0,0.0,1.0,0.0,0.0
2024-10-04 16:31:05.293176,1.0,1.0,1.0,1.0,1.0,1.0,1.0,894580.0,0.03946638873835309,0.03825999906698716,0.04437493143949452,0.030485772407004817,0.03331405211143558,0.03212811624624381,-2.5433798631032317e-05,0.0003497147311766943,-0.0004927798484762511,-0.0,0.0,0.0,0.0,1.0,0.0,0.0,1.6412765799884206,1.1978624632555226,7.086537902958939,0.07020878755136992,0.5510279747742645,0.7191670334373783,0.0891217837061137,-0.6570701652125998,5.086420230812743,0.0,0.0,0.0,0.0,1.0,0.0,0.0
2024-10-04 16:31:05.376107,1.0,1.0,1.0,1.0,1.0,1.0,1.0,894581.0,0.03853134997827472,0.038055216156251626,0.043962132407454745,0.03148762440853117,0.03319736505550277,0.032756086704177324,-6.358449657758082e-06,0.00036561085532108955,-0.0004578083753585817,-0.0,0.0,0.0,0.0,1.0,0.0,0.0,1.6431979468157882,1.1963452474371752,7.086544518902362,0.07060909228985342,0.5503863316488228,0.7227596444319098,0.09008270020531851,-0.6554168021912906,5.112024866519765,0.0,0.0,0.0,0.0,1.0,0.0,0.0
2024-10-04 16:31:05.380047,1.0,1.0,1.0,1.0,1.0,1.0,1.0,894582.0,0.03880080326089556,0.03880080326089556,0.045304350237362054,0.03170255949350469,0.03331405211143558,0.03290383705573704,-6.358449657758077e-06,0.00035289395600557344,-0.0004482707008719446,-0.0,0.0,0.0,0.0,1.0,0.0,0.0,1.6409598668831045,1.1943527346198157,7.084793978080211,0.07022187298686372,0.5530728225852085,0.7249696546153291,0.08835416491756946,-0.6572879210867586,5.126275460058518,0.0,0.0,0.0,0.0,1.0,0.0,0.0
2024-10-04 16:31:05.461024,1.0,1.0,1.0,1.0,1.0,1.0,1.0,894583.0,0.03900167157440239,0.03715478325109878,0.0451892182844354,0.03194642892952922,0.033430331878977426,0.03308026640118225,-6.358449657758079e-05,0.0003433562815189362,-0.00048006294916073494,-0.0,0.0,0.0,0.0,1.0,0.0,0.0,1.6405226095615544,1.1946177880528985,7.085704365249768,0.07080060283556082,0.5471723174908126,0.7296604484726938,0.08932402614059841,-0.6504639399763955,5.160459709167865,0.0,0.0,0.0,0.0,1.0,0.0,0.0
2024-10-04 16:31:05.464521,1.0,1.0,1.0,1.0,1.0,1.0,1.0,894584.0,0.039201510653345636,0.03819186010094626,0.044609101569099904,0.032368779656366614,0.03448733880714076,0.0337192770263005,-5.722604691982271e-05,0.00041012000292539613,-0.0004482707008719446,-0.0,0.0,0.0,0.0,1.0,0.0,0.0,1.6390676591686486,1.1954369639211366,7.085368717030483,0.07265275141968776,0.5452975100887708,0.73142080510059,0.09619524144841904,-0.6486358310305801,5.172816010374086,0.0,0.0,0.0,0.0,1.0,0.0,0.0
2024-10-04 16:31:05.546683,1.0,1.0,1.0,1.0,1.0,1.0,1.0,894585.0,0.03926789767914727,0.03819186010094626,0.04501596824740669,0.032637404840404415,0.03462770299655218,0.0337192770263005,-6.676372140645981e-05,0.00041965767741203324,-0.0004482707008719446,-0.0,0.0,0.0,0.0,1.0,0.0,0.0,1.6390074501709417,1.1971432597156002,7.085123036262362,0.06827561550683398,0.5433500066762441,0.7295044089231525,0.08950551950721847,-0.6471109700900859,5.1592877569020095,0.0,0.0,0.0,0.0,1.0,0.0,0.0
2024-10-04 16:31:05.550182,1.0,1.0,1.0,1.0,1.0,1.0,1.0,894586.0,0.039201510653345636,0.037918079796158174,0.04501596824740669,0.032637404840404415,0.03473958601181881,0.03380547898296581,-9.219752003749214e-05,0.00041647845258315413,-0.00042919535189867036,-0.0,0.0,0.0,0.0,1.0,0.0,0.0,1.6378462616968559,1.1989739329112372,7.084289332079934,0.06992795947568527,0.5446063656094214,0.732594376893741,0.09262396689318828,-0.6496334873415807,5.180275863784829,0.0,0.0,0.0,0.0,1.0,0.0,0.0
2024-10-04 16:31:05.631718,1.0,1.0,1.0,1.0,1.0,1.0,1.0,894587.0,0.03959816335788845,0.03798670986099516,0.04587567609077438,0.03245856839932655,0.03496227794613525,0.033661686417184034,-9.537674486637115e-05,0.00037196930497884756,-0.00042283690224091225,-0.0,0.0,0.0,0.0,1.0,0.0,0.0,1.6357565571328834,1.201329017794844,7.084040672421205,0.07194837835666464,0.5442862245626008,0.7305420370545652,0.09632984335147507,-0.6504527411989891,5.1653470524372125,0.0,0.0,0.0,0.0,1.0,0.0,0.0
2024-10-04 16:31:05.715396,1.0,1.0,1.0,1.0,1.0,1.0,1.0,894588.0,0.039729500910396995,0.03839591423416136,0.04587567609077438,0.03221857569203676,0.03545822155341263,0.03360399710929144,-0.00010491441935300828,0.00037832775463660567,-0.0004005823284387589,-0.0,0.0,0.0,0.0,1.0,0.0,0.0,1.634844270785424,1.2026442456695243,7.083707151568045,0.07225797916717261,0.544270352615831,0.7330763347690432,0.09654955470122321,-0.6512184696944637,5.18307069257676,0.0,0.0,0.0,0.0,1.0,0.0,0.0
2024-10-04 16:31:05.718396,1.0,1.0,1.0,1.0,1.0,1.0,1.0,894589.0,0.040055960801949016,0.0378493252884673,0.045590908124401384,0.032007105962223864,0.035947323576018514,0.03363285413230715,-0.00012398976832628253,0.00034653550634781527,-0.0003815069794654847,-0.0,0.0,0.0,0.0,1.0,0.0,0.0,1.6348155924777827,1.2045970968776558,7.083120510447591,0.07194256373795711,0.5390586780807631,0.7360985944843759,0.09742664437750947,-0.6460858719383171,5.204267076533787,0.0,0.0,0.0,0.0,1.0,0.0,0.0
2024-10-04 16:31:05.800551,1.0,1.0,1.0,1.0,1.0,1.0,1.0,894590.0,0.0398604057162048,0.03798670986099516,0.04570502822314875,0.03221857569203676,0.036028195047355945,0.03397722680635423,-0.00014624434212843582,0.0003560731808344524,-0.0003910446539521218,-0.0,0.0,0.0,0.0,1.0,0.0,0.0,1.634300372039064,1.2046645232095392,7.082623100329142,0.07151559953263859,0.5382818607389642,0.7334918481975862,0.0963924900608346,-0.6452966630171388,5.185503014042369,0.0,0.0,0.0,0.0,1.0,0.0,0.0
2024-10-04 16:31:05.804052,1.0,1.0,1.0,1.0,1.0,1.0,1.0,894591.0,0.039925697169818586,0.03839591423416136,0.046552012463619064,0.03185519667586617,0.0364298595773722,0.03348832035600082,-0.00014306511729955676,0.0003528939560055733,-0.0004228369022409122,-0.0,0.0,0.0,0.0,1.0,0.0,0.0,1.6330722191524554,1.2062973104651182,7.081366916272311,0.06960139591336072,0.5363385125807992,0.7348830959318932,0.09272230208338152,-0.6440463844919578,5.194704266826512,0.0,0.0,0.0,0.0,1.0,0.0,0.0
2024-10-04 16:31:05.886233,1.0,1.0,1.0,1.0,1.0,1.0,1.0,894592.0,0.04044423444177086,0.037780445658522906,0.04576198155144105,0.03139505892336215,0.0361625789344349,0.033459338679991214,-0.00014942356695731485,0.0003369978318611782,-0.0004419122512141865,-0.0,0.0,0.0,0.0,1.0,0.0,0.0,1.6334732017362987,1.205683312639888,7.079866117698837,0.06923052567067786,0.5321464783060549,0.7347387285983363,0.09204562552570625,-0.6390562862370532,5.192832216451811,0.0,0.0,0.0,0.0,1.0,0.0,0.0
2024-10-04 16:31:05.968679,1.0,1.0,1.0,1.0,1.0,1.0,1.0,894593.0,0.04057283328598263,0.038463691717159486,0.04638385292864447,0.03148762440853117,0.03586626975568591,0.03357511528435138,-0.00011763131866852446,0.00035925240566333144,-0.0004355538015564284,-0.0,0.0,0.0,0.0,1.0,0.0,0.0,1.6338232508753257,1.206761678665145,7.080201291014554,0.06983063222600676,0.5321391860707887,0.7337158293745872,0.09229010202759366,-0.6395478549522613,5.185506626415554,0.0,0.0,0.0,0.0,1.0,0.0,0.0
2024-10-04 16:31:05.971615,1.0,1.0,1.0,1.0,1.0,1.0,1.0,894594.0,0.04057283328598263,0.03784932528846731,0.046775284787538986,0.03127121205432006,0.03473958601181881,0.03305092691301418,-0.00010809364418188734,0.00032746015737454104,-0.0004705252746740978,-0.0,0.0,0.0,0.0,1.0,0.0,0.0,1.6327984020632915,1.2043670781912499,7.079618774329511,0.06788276065110252,0.5309815788638699,0.7327895075264473,0.08829593590091196,-0.6367800621873482,5.178621169778523,0.0,0.0,0.0,0.0,1.0,0.0,0.0
2024-10-04 16:31:06.053679,1.0,1.0,1.0,1.0,1.0,1.0,1.0,894595.0,0.04076497090344803,0.03729472643293347,0.04683093654403021,0.030581090322992784,0.03465570761333854,0.03340129988750126,-0.00011127286901076638,0.00030202635874350875,-0.0004896006236473721,-0.0,0.0,0.0,0.0,1.0,0.0,0.0,1.6322825449103406,1.2019503709230484,7.079869796687392,0.06734310680050133,0.5323566080167004,0.733368372698187,0.0865192727843876,-0.6372159376961789,5.182859812407092,0.0,0.0,0.0,0.0,1.0,0.0,0.0
2024-10-04 16:31:06.057120,1.0,1.0,1.0,1.0,1.0,1.0,1.0,894596.0,0.04063698009803076,0.036731754853566174,0.04598908955455483,0.030676112065162197,0.03434640099311143,0.03348832035600082,-9.219752003749215e-05,0.0002765925601124764,-0.0004991382981340092,-0.0,0.0,0.0,0.0,1.0,0.0,0.0,1.631537189796245,1.1987758268704425,7.079457062591521,0.06553057291677856,0.5316267431083307,0.7308846642099959,0.08436717727869583,-0.634704335362731,5.165334020138608,0.0,0.0,0.0,0.0,1.0,0.0,0.0
2024-10-04 16:31:06.138623,1.0,1.0,1.0,1.0,1.0,1.0,1.0,894597.0,0.04070102581168387,0.03701431097784902,0.04553374081900147,0.03077084037730748,0.03386282504451316,0.03348832035600082,-6.994294623533886e-05,0.00029566790908575063,-0.00047688372433185594,-0.0,0.0,0.0,0.0,1.0,0.0,0.0,1.6313842819648703,1.1945610978162124,7.078042988431386,0.06612827877655494,0.5358030997195167,0.7342499344419662,0.08522040594747009,-0.6372093290297521,5.188357861216254,0.0,0.0,0.0,0.0,1.0,0.0,0.0
2024-10-04 16:31:06.141626,1.0,1.0,1.0,1.0,1.0,1.0,1.0,894598.0,0.04037978143756249,0.036802597262395625,0.04564800383634771,0.03105329154533826,0.03325575976212062,0.03340129988750126,-7.630139589309694e-05,0.0002829510097702345,-0.0004705252746740978,-0.0,0.0,0.0,0.0,1.0,0.0,0.0,1.6314607376719585,1.1905711412485092,7.077790429256342,0.06568700523423093,0.5373595112751993,0.7350256855799591,0.08550026604421224,-0.6368738324985046,5.193208908335472,0.0,0.0,0.0,0.0,1.0,0.0,0.0
2024-10-04 16:31:06.224322,1.0,1.0,1.0,1.0,1.0,1.0,1.0,894599.0,0.039400336158606504,0.037224820604963814,0.04576198155144107,0.031022035078891817,0.03296275176192149,0.03348832035600082,-5.722604691982271e-05,0.00030520558357238775,-0.0004705252746740978,-0.0,0.0,0.0,0.0,1.0,0.0,0.0,1.6298956054550877,1.1857486510231061,7.076373077408606,0.06400862819533024,0.5423468445046995,0.7351629691549205,0.08248071315650742,-0.6400155416333382,5.1932229499117994,0.0,0.0,0.0,0.0,1.0,0.0,0.0
2024-10-04 16:31:06.307315,1.0,1.0,1.0,1.0,1.0,1.0,1.0,894600.0,0.039201510653345636,0.038123599349151736,0.045590908124401384,0.031240173622796498,0.033226575237181734,0.03392007415562166,-2.8613023459911346e-05,0.0003306393822034201,-0.0004609876001874607,-0.0,0.0,0.0,0.0,1.0,0.0,0.0,1.6295574998068367,1.18262312046428,7.076206874428122,0.06662612946235966,0.5414323584952807,0.738061880640097,0.08616389558464996,-0.6371143202507225,5.214016905403218,0.0,0.0,0.0,0.0,1.0,0.0,0.0
2024-10-04 16:31:06.310815,1.0,1.0,1.0,1.0,1.0,1.0,1.0,894601.0,0.03893483061427055,0.03798670986099516,0.044958069872003174,0.030990747087997286,0.03305092691301418,0.03377676944149575,-3.179224828879039e-05,0.0003497147311766943,-0.0004578083753585817,-0.0,0.0,0.0,0.0,1.0,0.0,0.0,1.629015033756619,1.176255953091773,7.074620019769955,0.06682279479379136,0.5441325782517293,0.7385148847458896,0.0864586193985319,-0.6365895252717936,5.216429705755526,0.0,0.0,0.0,0.0,1.0,0.0,0.0
2024-10-04 16:31:06.392974,1.0,1.0,1.0,1.0,1.0,1.0,1.0,894602.0,0.03859888964444313,0.03819186010094626,0.044842048853109995,0.031084516582433108,0.03308026640118225,0.03394866250806731,-3.179224828879038e-05,0.0003878654291232428,-0.00046416682501633976,-0.0,0.0,0.0,0.0,1.0,0.0,0.0,1.6299369748830534,1.1740129430244102,7.075625501371667,0.06858899772462161,0.544216876875063,0.7418987004721942,0.09076318888906176,-0.6355244534141903,5.240609241317031,0.0,0.0,0.0,0.0,1.0,0.0,0.0
2024-10-04 16:31:06.396474,1.0,1.0,1.0,1.0,1.0,1.0,1.0,894603.0,0.03866631133712533,0.038123599349151736,0.0447839256286125,0.03105329154533826,0.033459338679991214,0.03363285413230715,-2.5433798631032307e-05,0.00035607318083445244,-0.0004482707008719446,-0.0,0.0,0.0,0.0,1.0,0.0,0.0,1.628006357202676,1.1691025126422154,7.074041461914976,0.06813951709663749,0.5477307756984227,0.7412601785868305,0.08784321176208527,-0.6371063763939742,5.235098017228255,0.0,0.0,0.0,0.0,1.0,0.0,0.0
2024-10-04 16:31:06.478109,1.0,1.0,1.0,1.0,1.0,1.0,1.0,894604.0,0.03880080326089556,0.03687330356631608,0.044667452282818626,0.030896693010431804,0.0337192770263005,0.03357511528435138,-7.312217106421788e-05,0.00029248868425687163,-0.00048006294916073494,-0.0,0.0,0.0,0.0,1.0,0.0,0.0,1.6297551495648928,1.1669466083989586,7.073208661042168,0.06732111348597167,0.5506292692245048,0.7390910054470072,0.08566470261730594,-0.6396159601719752,5.219029045863071,0.0,0.0,0.0,0.0,1.0,0.0,0.0
2024-10-04 16:31:06.561288,1.0,1.0,1.0,1.0,1.0,1.0,1.0,894605.0,0.039925697169818586,0.03859888964444313,0.04449217056439318,0.03105329154533826,0.03386282504451316,0.03380547898296581,-6.3584496577580725e-06,0.00032746015737454104,-0.0004355538015564284,-0.0,0.0,0.0,0.0,1.0,0.0,0.0,1.6300358695816832,1.1648430281420323,7.07220946518287,0.0693338408292419,0.5496188004456043,0.7360959586162297,0.08984062494334817,-0.6371961852900663,5.196348624146801,0.0,0.0,0.0,0.0,1.0,0.0,0.0
2024-10-04 16:31:06.564788,1.0,1.0,1.0,1.0,1.0,1.0,1.0,894606.0,0.03959816335788845,0.03819186010094626,0.044900096837092805,0.03077084037730748,0.0333431600699038,0.03337224263981984,-4.1329922775427505e-05,0.00030520558357238775,-0.00045462915052970265,-0.0,0.0,0.0,0.0,1.0,0.0,0.0,1.6323876800115578,1.1634152568586225,7.072203572424368,0.07269897744338917,0.5499887568649666,0.73667838162129,0.09533583936423634,-0.6368523012404044,5.200620240719661,0.0,0.0,0.0,0.0,1.0,0.0,0.0
2024-10-04 16:31:06.646476,1.0,1.0,1.0,1.0,1.0,1.0,1.0,894607.0,0.04037978143756249,0.03900167157440239,0.045246820880521094,0.031178004061435775,0.03406277598114669,0.03377676944149575,6.358449657758082e-06,0.0003687900801499686,-0.0004673460498452188,-0.0,0.0,0.0,0.0,1.0,0.0,0.0,1.6339854948716113,1.1623146028421372,7.074371020241035,0.07120046392052717,0.5446980543539525,0.7349385385266737,0.09326699665475792,-0.6301114804091301,5.189667314955958,0.0,0.0,0.0,0.0,1.0,0.0,0.0
2024-10-04 16:31:06.649973,1.0,1.0,1.0,1.0,1.0,1.0,1.0,894608.0,0.04076497090344803,0.03750366210937501,0.044958069872003174,0.031240173622796498,0.0344028454042274,0.03377676944149575,-1.589612414439519e-05,0.00033699783186117815,-0.00047688372433185594,-0.0,0.0,0.0,0.0,1.0,0.0,0.0,1.6370843472515364,1.163082217550332,7.075539078474556,0.0697798580692889,0.5447534333250995,0.729827120441474,0.08984204634280869,-0.6305963773780537,5.154830151471338,0.0,0.0,0.0,0.0,1.0,0.0,0.0
2024-10-04 16:31:06.731759,1.0,1.0,1.0,1.0,1.0,1.0,1.0,894609.0,0.04152463197171362,0.0378493252884673,0.0446091015690999,0.03148762440853117,0.0344028454042274,0.03403428348265909,-6.3584496577580725e-06,0.0003497147311766943,-0.0004578083753585817,-0.0,0.0,0.0,0.0,1.0,0.0,0.0,1.6394957723236567,1.164719626400386,7.077461030153305,0.0698829486990749,0.5437486123687911,0.726363000274445,0.08862017478021915,-0.6305178429551976,5.131736813211784,0.0,0.0,0.0,0.0,1.0,0.0,0.0
2024-10-04 16:31:06.814721,1.0,1.0,1.0,1.0,1.0,1.0,1.0,894610.0,0.041712385598201944,0.037224820604963814,0.044725726870264354,0.031084516582433108,0.03423323297213509,0.03397722680635423,-3.1792248288790362e-06,0.0003306393822034201,-0.0004514499257008236,-0.0,0.0,0.0,0.0,1.0,0.0,0.0,1.6406526181758767,1.1679064528345209,7.0789638104087835,0.06644085764748527,0.5445270479067668,0.7228482597820282,0.08328763279907056,-0.6332245470832367,5.107626270193324,0.0,0.0,0.0,0.0,1.0,0.0,0.0
2024-10-04 16:31:06.818220,1.0,1.0,1.0,1.0,1.0,1.0,1.0,894611.0,0.042023444236177564,0.03715478325109878,0.044900096837092805,0.03142594437984583,0.03403428348265909,0.03437463478414554,-5.72260469198227e-05,0.0003179224828879039,-0.00046416682501633976,-0.0,0.0,0.0,0.0,1.0,0.0,0.0,1.641596583733239,1.171714921102017,7.080049893492281,0.06598401782256594,0.541066370382692,0.7209108591098685,0.08055569462528309,-0.6314572891734979,5.094764106376135,0.0,0.0,0.0,0.0,1.0,0.0,0.0
2024-10-04 16:31:06.900165,1.0,1.0,1.0,1.0,1.0,1.0,1.0,894612.0,0.04189929789626443,0.03750366210937501,0.044958069872003174,0.03142594437984583,0.03403428348265909,0.0350730936850165,-5.404682209094367e-05,0.0003083848084012668,-0.00047688372433185583,-0.0,0.0,0.0,0.0,1.0,0.0,0.0,1.6444345547065378,1.1750653654768561,7.081467245058799,0.06432053508009519,0.5432942295600373,0.7173036109775334,0.07737136663591485,-0.6358886765126417,5.07134005303855,0.0,0.0,0.0,0.0,1.0,0.0,0.0
2024-10-04 16:31:06.903665,1.0,1.0,1.0,1.0,1.0,1.0,1.0,894613.0,0.041712385598201944,0.03715478325109878,0.04501596824740669,0.031240173622796498,0.033748035476753,0.03473958601181881,-8.583907037973405e-05,0.00032746015737454104,-0.00048642139881849305,-0.0,0.0,0.0,0.0,1.0,0.0,0.0,1.6456953791357964,1.1758804418454951,7.081964000780204,0.06760718978214378,0.5418701437360598,0.7143385587778077,0.08494660151706865,-0.6347984757423861,5.0504490218514295,0.0,0.0,0.0,0.0,1.0,0.0,0.0
2024-10-04 16:31:06.985555,1.0,1.0,1.0,1.0,1.0,1.0,1.0,894614.0,0.04183708658073959,0.038463691717159486,0.04449217056439318,0.031364143052817484,0.03397722680635423,0.03504542260087845,-5.404682209094367e-05,0.00037832775463660567,-0.0004419122512141865,-0.0,0.0,0.0,0.0,1.0,0.0,0.0,1.6463680568513168,1.1771019981598905,7.085296382435801,0.06781577056945533,0.5410428902158738,0.7175677652088603,0.08602404964275585,-0.634388544979034,5.074819024940647,0.0,0.0,0.0,0.0,1.0,0.0,0.0
2024-10-04 16:31:06.988583,1.0,1.0,1.0,1.0,1.0,1.0,1.0,894615.0,0.041461858493688546,0.03757304914762413,0.04507379225100917,0.031641298451732976,0.03380547898296581,0.03462770299655218,-0.00010173519452412925,0.00034653550634781527,-0.0004705252746740978,-0.0,0.0,0.0,0.0,1.0,0.0,0.0,1.6439540371811314,1.1770710187423306,7.087037978527143,0.06706715538772433,0.5454683596846372,0.7221185399030102,0.08510246553749876,-0.6395226944996804,5.108407875888986,0.0,0.0,0.0,0.0,1.0,0.0,0.0
2024-10-04 16:31:07.070612,1.0,1.0,1.0,1.0,1.0,1.0,1.0,894616.0,0.041774782619765874,0.03798670986099516,0.04478392562861249,0.03157991857152382,0.03417650843776925,0.03468368961839258,-8.265984555085502e-05,0.00037196930497884767,-0.0004514499257008236,-0.0,0.0,0.0,0.0,1.0,0.0,0.0,1.6435934677555983,1.1789151860401876,7.090125406874248,0.06727741046957258,0.5473406406386369,0.7209135504991263,0.08602085149396964,-0.64277646920707,5.101959688825642,0.0,0.0,0.0,0.0,1.0,0.0,0.0
2024-10-04 16:31:07.154050,1.0,1.0,1.0,1.0,1.0,1.0,1.0,894617.0,0.04127296521748624,0.03701431097784901,0.04437493143949452,0.031364143052817484,0.03377676944149575,0.034515457310635475,-0.00014942356695731485,0.00034653550634781527,-0.0004387330263853075,-0.0,0.0,0.0,0.0,1.0,0.0,0.0,1.640601993176417,1.179909445087869,7.0916269725885055,0.06724886997094727,0.5481564516381401,0.7207044359276705,0.08621694574498899,-0.6442234433445805,5.101227365320151,0.0,0.0,0.0,0.0,1.0,0.0,0.0
2024-10-04 16:31:07.157051,1.0,1.0,1.0,1.0,1.0,1.0,1.0,894618.0,0.04189929789626443,0.038123599349151736,0.044198489661446745,0.031084516582433108,0.033430331878977426,0.03431814397393635,-0.00011763131866852446,0.0003815069794654847,-0.00043237457672754936,-0.0,0.0,0.0,0.0,1.0,0.0,0.0,1.638683940549806,1.1820901837567452,7.0928806050915245,0.06814505362765176,0.5498620771285553,0.7255529546775669,0.08679332532889608,-0.6475055598320418,5.135374944005545,0.0,0.0,0.0,0.0,1.0,0.0,0.0
2024-10-04 16:31:07.238868,1.0,1.0,1.0,1.0,1.0,1.0,1.0,894619.0,0.04164989509779679,0.03764230828317236,0.04443358966925188,0.030802351742838057,0.033430331878977426,0.03406277598114669,-0.00015260279178619387,0.0003528939560055733,-0.00047688372433185594,-0.0,0.0,0.0,0.0,1.0,0.0,0.0,1.6363157108807178,1.1834135874986127,7.09287913619575,0.06921487975460117,0.5495344057638737,0.725519961827508,0.09040141539175174,-0.6478270379162429,5.134977910970434,0.0,0.0,0.0,0.0,1.0,0.0,0.0
2024-10-04 16:31:07.242367,1.0,1.0,1.0,1.0,1.0,1.0,1.0,894620.0,0.0420853800755884,0.03839591423416136,0.04466745228281863,0.03120910432259612,0.033430331878977426,0.03386282504451316,-0.00013352744281291964,0.0003592524056633315,-0.0004705252746740978,-0.0,0.0,0.0,0.0,1.0,0.0,0.0,1.6358391775259764,1.1850027174893678,7.093880561075838,0.07027408080032373,0.5502882870917539,0.7283977507578346,0.09264248293408982,-0.6495921174682288,5.156254595586334,0.0,0.0,0.0,0.0,1.0,0.0,0.0
2024-10-04 16:31:07.325418,1.0,1.0,1.0,1.0,1.0,1.0,1.0,894621.0,0.04139898983206045,0.038733615672373205,0.044316195568033935,0.030990747087997286,0.033546208593426816,0.03357511528435138,-0.0001144520938396454,0.00037832775463660567,-0.00048006294916073494,-0.0,0.0,0.0,0.0,1.0,0.0,0.0,1.6319291526028132,1.1846405681629344,7.094712403928889,0.07242174572422819,0.5536632944014926,0.7290599787127185,0.0993469823832913,-0.6533400324463593,5.161868290801308,0.0,0.0,0.0,0.0,1.0,0.0,0.0
2024-10-04 16:31:07.407741,1.0,1.0,1.0,1.0,1.0,1.0,1.0,894622.0,0.04263875434188018,0.03900167157440239,0.04443358966925188,0.03095942747707764,0.03394866250806731,0.033546208593426816,-0.00010491441935300828,0.00042601612706979125,-0.0004482707008719446,-0.0,0.0,0.0,0.0,1.0,0.0,0.0,1.62798413809559,1.1846845414497953,7.097048238582197,0.07852222664401376,0.5509930974603966,0.7285655781612699,0.1083468253870715,-0.6499126493545642,5.159552940418523,0.0,0.0,0.0,0.0,1.0,0.0,0.0
2024-10-04 16:31:07.411242,1.0,1.0,1.0,1.0,1.0,1.0,1.0,894623.0,0.04263875434188018,0.03832801689680105,0.04384347596324186,0.030676112065162197,0.03351727697218139,0.033661686417184034,-0.00010491441935300828,0.0003974031036098799,-0.0004419122512141865,-0.0,0.0,0.0,0.0,1.0,0.0,0.0,1.6273837095177466,1.1855237635874323,7.098964366939785,0.07816193373605247,0.5530734908014214,0.7325687535343864,0.10671665682944452,-0.6528602785885013,5.190155616134537,0.0,0.0,0.0,0.0,1.0,0.0,0.0
2024-10-04 16:31:07.493104,1.0,1.0,1.0,1.0,1.0,1.0,1.0,894624.0,0.0423322172659213,0.03906839817849146,0.044316195568033935,0.030517578125,0.03363285413230715,0.03363285413230715,-7.630139589309691e-05,0.00043237457672754936,-0.0004578083753585817,-0.0,0.0,0.0,0.0,1.0,0.0,0.0,1.6257090922689332,1.1876082584246066,7.09938330470069,0.07935842468876397,0.5522547380419062,0.7335764907053611,0.10878787554689688,-0.653069508168559,5.197734438156933,0.0,0.0,0.0,0.0,1.0,0.0,0.0
2024-10-04 16:31:07.496604,1.0,1.0,1.0,1.0,1.0,1.0,1.0,894625.0,0.042332217265921304,0.03959816335788845,0.043425625269995945,0.0303262434606198,0.03403428348265909,0.03360399710929144,-0.00010173519452412923,0.0004514499257008236,-0.0004514499257008236,-0.0,0.0,0.0,0.0,1.0,0.0,0.0,1.6276168302380944,1.1893546588019845,7.099136641336167,0.08057263406320274,0.5496489742832914,0.7312288576517112,0.11023414108733906,-0.6509245217628319,5.181331946762708,0.0,0.0,0.0,0.0,1.0,0.0,0.0
2024-10-04 16:31:07.578176,1.0,1.0,1.0,1.0,1.0,1.0,1.0,894626.0,0.0423322172659213,0.040055960801949016,0.043784027154931265,0.030517578125,0.03490673815261534,0.03434640099311143,-7.948062072197597e-05,0.00047688372433185594,-0.0004419122512141865,-0.0,0.0,0.0,0.0,1.0,0.0,0.0,1.6273070622598074,1.1900015613149202,7.096887658030245,0.07652629926738451,0.5490802676389163,0.7345300174681152,0.10034873257705752,-0.6506268500169327,5.20315677431554,0.0,0.0,0.0,0.0,1.0,0.0,0.0
2024-10-04 16:31:07.582177,1.0,1.0,1.0,1.0,1.0,1.0,1.0,894627.0,0.04245509769062346,0.04082881584609787,0.043425625269995945,0.030358216314476834,0.03540345978860444,0.03462770299655218,-8.265984555085502e-05,0.00048324217398961394,-0.00047688372433185594,-0.0,0.0,0.0,0.0,1.0,0.0,0.0,1.629464970027664,1.1909052417744814,7.09605533605453,0.07994623186031258,0.551355428806685,0.7392458755147671,0.10519979862023256,-0.6539737873661827,5.235769001880102,0.0,0.0,0.0,0.0,1.0,0.0,0.0
2024-10-04 16:31:07.663551,1.0,1.0,1.0,1.0,1.0,1.0,1.0,894628.0,0.04220897910845451,0.041461858493688546,0.04372449751876115,0.030294236862297798,0.035238663890968365,0.03504542260087845,-6.676372140645982e-05,0.0004896006236473721,-0.00048642139881849305,-0.0,0.0,0.0,0.0,1.0,0.0,0.0,1.629139565490705,1.1907382032293483,7.092809081560595,0.08151175996644364,0.5517296632423585,0.7404752061098338,0.10948878318058276,-0.6543191790244439,5.242735696963225,0.0,0.0,0.0,0.0,1.0,0.0,0.0
2024-10-04 16:31:07.746909,1.0,1.0,1.0,1.0,1.0,1.0,1.0,894629.0,0.041774782619765874,0.04063698009803076,0.04330549882888886,0.030198013527012933,0.03548557074494756,0.034823262373934814,-7.948062072197598e-05,0.00048006294916073494,-0.00047688372433185594,-0.0,0.0,0.0,0.0,1.0,0.0,0.0,1.6307373684144484,1.1933006631784377,7.092475238548638,0.08307543576693387,0.5500936571852652,0.742249124346359,0.11193927374787556,-0.6538217396771445,5.255146044991536,0.0,0.0,0.0,0.0,1.0,0.0,0.0
2024-10-04 16:31:07.749912,1.0,1.0,1.0,1.0,1.0,1.0,1.0,894630.0,0.041461858493688546,0.04076497090344802,0.04276075388833108,0.03026219641244205,0.03600125807533038,0.03518356039534762,-8.583907037973405e-05,0.0004991382981340092,-0.0004737044995029769,-0.0,0.0,0.0,0.0,1.0,0.0,0.0,1.6312601011203833,1.192466914200013,7.090559560656073,0.08163304807348115,0.5506593876927203,0.7377664094823054,0.10495209453229201,-0.6539948266013929,5.2209354705549025,0.0,0.0,0.0,0.0,1.0,0.0,0.0
2024-10-04 16:31:07.831349,1.0,1.0,1.0,1.0,1.0,1.0,1.0,894631.0,0.04108320345271294,0.04037978143756249,0.042393702000235525,0.03013369393635788,0.03618939583017402,0.03510074295512457,-6.676372140645982e-05,0.0005054967477917672,-0.00043237457672754936,-0.0,0.0,0.0,0.0,1.0,0.0,0.0,1.6356643780353508,1.1959142611286426,7.08972282189867,0.07947050171039768,0.548065341467455,0.735828703718172,0.09657912653852041,-0.6528127016571501,5.205584263864047,0.0,0.0,0.0,0.0,1.0,0.0,0.0
2024-10-04 16:31:07.834891,1.0,1.0,1.0,1.0,1.0,1.0,1.0,894632.0,0.04050858489526056,0.03959816335788845,0.0423322172659213,0.030485772407004817,0.035947323576018514,0.03473958601181881,-6.040527174870175e-05,0.00046098760018746065,-0.0004578083753585817,-0.0,0.0,0.0,0.0,1.0,0.0,0.0,1.6359217937464192,1.1962294502635948,7.085630563683146,0.07304493340416744,0.5491230062669065,0.7377541156189145,0.0874181838861197,-0.6544697548501355,5.216681133657732,0.0,0.0,0.0,0.0,1.0,0.0,0.0
2024-10-04 16:31:07.917592,1.0,1.0,1.0,1.0,1.0,1.0,1.0,894633.0,0.04108320345271294,0.041019754451988084,0.042393702000235525,0.030833830904597324,0.0363231833320254,0.03556749214080218,-2.5433798631032307e-05,0.0005086759726206463,-0.0004578083753585817,-0.0,0.0,0.0,0.0,1.0,0.0,0.0,1.6362394820294408,1.19943245006021,7.0828813710619345,0.07116628432928575,0.5472052433430856,0.7384815222228214,0.08538321295757278,-0.6538253772822727,5.219652880423937,0.0,0.0,0.0,0.0,1.0,0.0,0.0
2024-10-04 16:31:08.000734,1.0,1.0,1.0,1.0,1.0,1.0,1.0,894634.0,0.04063698009803076,0.039400336158606504,0.0420853800755884,0.03077084037730748,0.035730771463385984,0.0352936813544323,-8.265984555085502e-05,0.0004450914760430655,-0.0004705252746740978,-0.0,0.0,0.0,0.0,1.0,0.0,0.0,1.636411036691513,1.199916840836007,7.079129212787793,0.07109148625848336,0.5468579024483434,0.7373392602665686,0.08556390941532367,-0.65361700558828,5.208897188554017,0.0,0.0,0.0,0.0,1.0,0.0,0.0
2024-10-04 16:31:08.004234,1.0,1.0,1.0,1.0,1.0,1.0,1.0,894635.0,0.04082881584609787,0.039925697169818586,0.04227064309912445,0.030928076150071922,0.0357036100976489,0.0352936813544323,-6.358449657758077e-06,0.0004482707008719446,-0.0004450914760430655,-0.0,0.0,0.0,0.0,1.0,0.0,0.0,1.6382842333345975,1.2011833434990065,7.0789638104087835,0.0704722561468162,0.5472690631995031,0.7371821827717434,0.08278358058002049,-0.6549094929489204,5.206995717733678,0.0,0.0,0.0,0.0,1.0,0.0,0.0
2024-10-04 16:31:08.085153,1.0,1.0,1.0,1.0,1.0,1.0,1.0,894636.0,0.04044423444177086,0.03959816335788845,0.04263875434188017,0.030485772407004817,0.03479539261166803,0.03457162570793951,-3.1792248288790396e-05,0.00040694077809651707,-0.00047688372433185594,-0.0,0.0,0.0,0.0,1.0,0.0,0.0,1.6377828270672379,1.2020829515281848,7.077960275033237,0.07087842365612948,0.5459852413411435,0.7346418111693201,0.08429698201302963,-0.6538547073134486,5.188618704838556,0.0,0.0,0.0,0.0,1.0,0.0,0.0
2024-10-04 16:31:08.088653,1.0,1.0,1.0,1.0,1.0,1.0,1.0,894637.0,0.040055960801949016,0.03946638873835309,0.04318503823719134,0.030581090322992784,0.03457162570793951,0.03414811083549323,-9.537674486637117e-06,0.0003910446539521218,-0.0004673460498452188,-0.0,0.0,0.0,0.0,1.0,0.0,0.0,1.6402091054477979,1.2053922042960026,7.078124228905162,0.06531775967733025,0.5473899290930088,0.727560699844237,0.07129602779023321,-0.6572354533637725,5.139282291221392,0.0,0.0,0.0,0.0,1.0,0.0,0.0
2024-10-04 16:31:08.170974,1.0,1.0,1.0,1.0,1.0,1.0,1.0,894638.0,0.03953233095432663,0.03893483061427055,0.043425625269995945,0.031084516582433108,0.03493451908670038,0.033834164163335345,-2.861302345991135e-05,0.00040376155326763796,-0.00046416682501633976,-0.0,0.0,0.0,0.0,1.0,0.0,0.0,1.6405100863405198,1.206377596365575,7.080541598559904,0.06240109052149146,0.5459671342088813,0.7199653353747385,0.06360783160254375,-0.6560302264729723,5.087310312837056,0.0,0.0,0.0,0.0,1.0,0.0,0.0
2024-10-04 16:31:08.253646,1.0,1.0,1.0,1.0,1.0,1.0,1.0,894639.0,0.039925697169818586,0.03906839817849146,0.04372449751876115,0.031240173622796498,0.03504542260087845,0.03380547898296581,-4.132992277542751e-05,0.00039740310360987996,-0.0004514499257008236,-0.0,0.0,0.0,0.0,1.0,0.0,0.0,1.6414888648994341,1.2078192769829166,7.080288392758161,0.05871133970978447,0.5478963134819883,0.7167866222172833,0.05865588614824762,-0.6591309337002904,5.064816359385519,0.0,0.0,0.0,0.0,1.0,0.0,0.0
2024-10-04 16:31:08.257142,1.0,1.0,1.0,1.0,1.0,1.0,1.0,894640.0,0.040055960801949016,0.03886787470812279,0.0440804694516948,0.031084516582433108,0.03457162570793951,0.033459338679991214,-2.2254573802153274e-05,0.00040694077809651707,-0.0004260161270697913,-0.0,0.0,0.0,0.0,1.0,0.0,0.0,1.6409725651351095,1.210182975939774,7.082037840555897,0.06431446979089296,0.5480511805250745,0.7206218500983292,0.07097449293416011,-0.6606245112366814,5.0935016681570495,0.0,0.0,0.0,0.0,1.0,0.0,0.0
2024-10-04 16:31:08.339478,1.0,1.0,1.0,1.0,1.0,1.0,1.0,894641.0,0.03986040571620479,0.03832801689680105,0.04437493143949452,0.03073929670896773,0.034515457310635475,0.03360399710929144,-3.1792248288790396e-05,0.0003656108553210895,-0.00048642139881849305,-0.0,0.0,0.0,0.0,1.0,0.0,0.0,1.642463888519749,1.211164470288678,7.083707151568045,0.06605422557996568,0.5474614907296228,0.7214499403424596,0.07724974656757674,-0.6604835193440388,5.100816324351302,0.0,0.0,0.0,0.0,1.0,0.0,0.0
2024-10-04 16:31:08.342981,1.0,1.0,1.0,1.0,1.0,1.0,1.0,894642.0,0.03946638873835309,0.03853134997827472,0.04443358966925188,0.03070772063827226,0.03468368961839258,0.033284918697807614,-4.4509147604306555e-05,0.0003656108553210895,-0.00048006294916073494,-0.0,0.0,0.0,0.0,1.0,0.0,0.0,1.6435586030120404,1.2121623603007747,7.085041140779829,0.06698789535324004,0.5467285538682527,0.719373897774882,0.07765687658524639,-0.6600774827105695,5.0870285645499065,0.0,0.0,0.0,0.0,1.0,0.0,0.0
2024-10-04 16:31:08.424544,1.0,1.0,1.0,1.0,1.0,1.0,1.0,894643.0,0.03893483061427055,0.03764230828317236,0.045131542168673384,0.03077084037730748,0.03457162570793951,0.03254810944778678,-6.040527174870175e-05,0.0003401770566900572,-0.0004959590733051301,-0.0,0.0,0.0,0.0,1.0,0.0,0.0,1.6458784306443797,1.212561794968391,7.088129438904199,0.06451913663571819,0.5450024419129473,0.7182345758155202,0.07266409323106501,-0.6581830221650846,5.08173332589395,0.0,0.0,0.0,0.0,1.0,0.0,0.0
2024-10-04 16:31:08.427544,1.0,1.0,1.0,1.0,1.0,1.0,1.0,894644.0,0.03933417265909616,0.037780445658522906,0.04553374081900146,0.030422061214259163,0.034599675713128386,0.032696799620819436,-4.768837243318558e-05,0.00031156403323014586,-0.0005086759726206463,-0.0,0.0,0.0,0.0,1.0,0.0,0.0,1.6466645705798164,1.2135799989137979,7.0913712241870694,0.06595627956579375,0.5457771423379317,0.7173982772469372,0.07498972352799504,-0.6596646755057054,5.078368171081791,0.0,0.0,0.0,0.0,1.0,0.0,0.0
2024-10-04 16:31:08.509257,1.0,1.0,1.0,1.0,1.0,1.0,1.0,894645.0,0.03900167157440239,0.0373645014732293,0.04570502822314875,0.030453933471522428,0.034599675713128386,0.032696799620819436,-7.630139589309694e-05,0.0003083848084012668,-0.0005086759726206463,-0.0,0.0,0.0,0.0,1.0,0.0,0.0,1.6467907531434691,1.216494220417683,7.093872483284124,0.0652403475568718,0.5488090353744549,0.7163514988295087,0.07646186232341035,-0.6647924686793562,5.071891442485492,0.0,0.0,0.0,0.0,1.0,0.0,0.0
2024-10-04 16:31:08.593451,1.0,1.0,1.0,1.0,1.0,1.0,1.0,894646.0,0.03886787470812279,0.0378493252884673,0.044900096837092805,0.03073929670896773,0.03431814397393635,0.032874340109372714,-7.630139589309694e-05,0.00031474325805902487,-0.0005213928719361625,-0.0,0.0,0.0,0.0,1.0,0.0,0.0,1.6468759831468016,1.2194271093686844,7.097207347500899,0.0658698388005614,0.5527282495821683,0.7191184371113473,0.07691127476970694,-0.6710506760325561,5.093139598184408,0.0,0.0,0.0,0.0,1.0,0.0,0.0
2024-10-04 16:31:08.595956,1.0,1.0,1.0,1.0,1.0,1.0,1.0,894647.0,0.038733615672373205,0.0373645014732293,0.044667452282818626,0.030833830904597324,0.03392007415562166,0.03299216966314644,-0.00010173519452412927,0.00029248868425687163,-0.0005023175229628882,-0.0,0.0,0.0,0.0,1.0,0.0,0.0,1.6464687728404754,1.2214469577739713,7.09879282219879,0.06611605232074846,0.554835525451077,0.7222886684376018,0.08090309222301968,-0.6747764478779663,5.116305999740491,0.0,0.0,0.0,0.0,1.0,0.0,0.0
2024-10-04 16:31:08.678428,1.0,1.0,1.0,1.0,1.0,1.0,1.0,894648.0,0.039729500910397,0.037780445658522906,0.0447839256286125,0.03073929670896773,0.03360399710929144,0.03319736505550277,-7.630139589309694e-05,0.0002765925601124764,-0.0005213928719361625,-0.0,0.0,0.0,0.0,1.0,0.0,0.0,1.647002327323547,1.2246307937287748,7.099376700721793,0.07482928321614173,0.556896504838174,0.7292533627881534,0.09597387950906064,-0.679028911303361,5.166238631556816,0.0,0.0,0.0,0.0,1.0,0.0,0.0
2024-10-04 16:31:08.681928,1.0,1.0,1.0,1.0,1.0,1.0,1.0,894649.0,0.039598163357888454,0.03798670986099516,0.04443358966925188,0.030612797008878905,0.03337224263981984,0.033459338679991214,-8.265984555085502e-05,0.0002734133352835974,-0.0005245720967650415,-0.0,0.0,0.0,0.0,1.0,0.0,0.0,1.6470434448810711,1.2250304153518234,7.101207557439201,0.07467777390369906,0.5557853946100013,0.7331072021367114,0.09308509326906272,-0.6778211990661667,5.195663442321644,0.0,0.0,0.0,0.0,1.0,0.0,0.0
2024-10-04 16:31:08.763166,1.0,1.0,1.0,1.0,1.0,1.0,1.0,894650.0,0.04025056580563931,0.037711440220720746,0.044550674429986614,0.03070772063827226,0.033168129149298335,0.033168129149298335,-8.901829520861311e-05,0.0002511587614814441,-0.0005245720967650415,-0.0,0.0,0.0,0.0,1.0,0.0,0.0,1.6477912702039266,1.2262497399829668,7.100957289381773,0.0707204827032968,0.5531168396032516,0.7353503297601326,0.08432989077479999,-0.6751848268768188,5.211341364827552,0.0,0.0,0.0,0.0,1.0,0.0,0.0
2024-10-04 16:31:08.846615,1.0,1.0,1.0,1.0,1.0,1.0,1.0,894651.0,0.04089256110871732,0.03825999906698716,0.044900096837092805,0.030990747087997286,0.032815266674204355,0.0333431600699038,-7.630139589309694e-05,0.00027023411045471834,-0.0004737044995029769,-0.0,0.0,0.0,0.0,1.0,0.0,0.0,1.6452908648551625,1.226582616346325,7.102377803323156,0.0731682605493718,0.5543456470538946,0.737285773503075,0.0845989789345062,-0.6768936244770886,5.226819669021057,0.0,0.0,0.0,0.0,1.0,0.0,0.0
2024-10-04 16:31:08.849615,1.0,1.0,1.0,1.0,1.0,1.0,1.0,894652.0,0.04082881584609787,0.03791807979615817,0.04437493143949452,0.030990747087997286,0.032874340109372714,0.03351727697218139,-9.855596969525021e-05,0.0002734133352835974,-0.00046416682501633976,-0.0,0.0,0.0,0.0,1.0,0.0,0.0,1.6451075699530848,1.2282820852968572,7.104290294417295,0.07111974774165424,0.5577814969715191,0.7374980790955628,0.07921048722222557,-0.6819936078441342,5.229991505095935,0.0,0.0,0.0,0.0,1.0,0.0,0.0
2024-10-04 16:31:08.932306,1.0,1.0,1.0,1.0,1.0,1.0,1.0,894653.0,0.04101975445198809,0.0378493252884673,0.044609101569099904,0.030612797008878905,0.033284918697807614,0.0337192770263005,-0.00010809364418188733,0.00026069643596808123,-0.0004896006236473721,-0.0,0.0,0.0,0.0,1.0,0.0,0.0,1.6431442298853207,1.2283821385647693,7.104280761923423,0.07541012479405845,0.5600518300832664,0.7362593959691186,0.08718075130167723,-0.6847179133551381,5.220933607596437,0.0,0.0,0.0,0.0,1.0,0.0,0.0
2024-10-04 16:31:08.935806,1.0,1.0,1.0,1.0,1.0,1.0,1.0,894654.0,0.04082881584609787,0.03900167157440239,0.044550674429986614,0.0313331966781849,0.03360399710929144,0.03397722680635423,-9.855596969525021e-05,0.00027977178494135546,-0.0004737044995029769,-0.0,0.0,0.0,0.0,1.0,0.0,0.0,1.643669355549336,1.2301874976480047,7.1042858948063285,0.07521011656559153,0.5608249347009512,0.7347677447491463,0.0868097260919022,-0.6867672749018919,5.209776462896042,0.0,0.0,0.0,0.0,1.0,0.0,0.0
2024-10-04 16:31:09.017076,1.0,1.0,1.0,1.0,1.0,1.0,1.0,894655.0,0.040185802182344105,0.03853134997827472,0.044080469451694804,0.03173314566510837,0.0333431600699038,0.03380547898296581,-0.00015260279178619387,0.00027023411045471834,-0.00047688372433185594,-0.0,0.0,0.0,0.0,1.0,0.0,0.0,1.6417675786110717,1.22885511798966,7.102866495882638,0.07521595155536621,0.5571422420652492,0.7361091692414518,0.08597738947200342,-0.6814818998330193,5.219912332084046,0.0,0.0,0.0,0.0,1.0,0.0,0.0
2024-10-04 16:31:09.020576,1.0,1.0,1.0,1.0,1.0,1.0,1.0,894656.0,0.041019754451988084,0.03819186010094626,0.044725726870264354,0.031763702384431956,0.034204882463775475,0.033546208593426816,-0.00013988589247067773,0.00025751721113920217,-0.0004578083753585817,-0.0,0.0,0.0,0.0,1.0,0.0,0.0,1.6415047325838537,1.2277876709310998,7.1017824351121,0.07513295658519473,0.5536868234166822,0.7353846928723132,0.0871314838301392,-0.676729955375597,5.213998162274828,0.0,0.0,0.0,0.0,1.0,0.0,0.0
2024-10-04 16:31:09.102247,1.0,1.0,1.0,1.0,1.0,1.0,1.0,894657.0,0.04127296521748624,0.03866631133712533,0.04437493143949452,0.031763702384431956,0.03468368961839258,0.033690494027434716,-0.00012716899315516156,0.0002638756607969603,-0.00047688372433185594,-0.0,0.0,0.0,0.0,1.0,0.0,0.0,1.6395845587816826,1.2273057910820135,7.100455993139307,0.07855402241873334,0.5494200656011488,0.732914866436773,0.09457905138726191,-0.6713290116994033,5.19531483359064,0.0,0.0,0.0,0.0,1.0,0.0,0.0
2024-10-04 16:31:09.186204,1.0,1.0,1.0,1.0,1.0,1.0,1.0,894658.0,0.04063698009803076,0.03729472643293347,0.04413951900188092,0.03170255949350469,0.034599675713128386,0.033226575237181734,-0.00015896124144395196,0.00022890418767929085,-0.0004673460498452188,-0.0,0.0,0.0,0.0,1.0,0.0,0.0,1.6400854142244239,1.2265358979699748,7.100207899660701,0.07308406394759837,0.5501795614429984,0.7256795955110517,0.08674798562983184,-0.6718915767944706,5.143112756706653,0.0,0.0,0.0,0.0,1.0,0.0,0.0
2024-10-04 16:31:09.189206,1.0,1.0,1.0,1.0,1.0,1.0,1.0,894659.0,0.04057283328598263,0.03859888964444313,0.044725726870264354,0.03182472780550264,0.034767500508899686,0.032874340109372714,-0.00010173519452412925,0.00025433798631032317,-0.0004514499257008236,-0.0,0.0,0.0,0.0,1.0,0.0,0.0,1.6384142408225169,1.2256414872424721,7.100712147969776,0.0725508726683544,0.5518613554757977,0.7246269401194168,0.08647829821147732,-0.6734894610809187,5.1355321642429175,0.0,0.0,0.0,0.0,1.0,0.0,0.0
2024-10-04 16:31:09.270784,1.0,1.0,1.0,1.0,1.0,1.0,1.0,894660.0,0.03966388649582423,0.037918079796158174,0.04541919034616077,0.03173314566510837,0.034767500508899686,0.03272645658802371,-0.00013034821798404061,0.00025433798631032317,-0.00048642139881849305,-0.0,0.0,0.0,0.0,1.0,0.0,0.0,1.6374049914467497,1.224528697956181,7.1015439241533675,0.07226994781863842,0.5538703487937321,0.7233223947562569,0.08707481919395307,-0.6754642370039092,5.126806462095446,0.0,0.0,0.0,0.0,1.0,0.0,0.0
2024-10-04 16:31:09.274226,1.0,1.0,1.0,1.0,1.0,1.0,1.0,894661.0,0.040055960801949016,0.0378493252884673,0.04553374081900145,0.031763702384431956,0.0350730936850165,0.03254810944778678,-0.00012716899315516156,0.00020982883870601662,-0.0004959590733051301,-0.0,0.0,0.0,0.0,1.0,0.0,0.0,1.635588118827804,1.2232693315601377,7.100457460467632,0.06888564365789479,0.5540951679128371,0.7238426931500673,0.08368478148058764,-0.675046656756478,5.129229245886568,0.0,0.0,0.0,0.0,1.0,0.0,0.0
2024-10-04 16:31:09.356106,1.0,1.0,1.0,1.0,1.0,1.0,1.0,894662.0,0.04012093401707996,0.03900167157440239,0.04615868726430256,0.03221857569203676,0.03526618335153976,0.032696799620819436,-8.265984555085504e-05,0.000241621086994807,-0.000483242173989614,-0.0,0.0,0.0,0.0,1.0,0.0,0.0,1.6372685403668188,1.2223316523393106,7.099632160743811,0.06883417245270514,0.5537508973678534,0.7253853324760451,0.08127869072247912,-0.6741020358871831,5.139501750251709,0.0,0.0,0.0,0.0,1.0,0.0,0.0
2024-10-04 16:31:09.439343,1.0,1.0,1.0,1.0,1.0,1.0,1.0,894663.0,0.03986040571620479,0.03900167157440239,0.045590908124401384,0.03245856839932655,0.03496227794613525,0.032368779656366614,-6.676372140645982e-05,0.0002511587614814441,-0.0004482707008719446,-0.0,0.0,0.0,0.0,1.0,0.0,0.0,1.637027247513162,1.222239628071898,7.098304583068249,0.06357088940588737,0.5526130655142516,0.7255181895734174,0.0708059477596672,-0.6727133685648212,5.13931853270231,0.0,0.0,0.0,0.0,1.0,0.0,0.0
2024-10-04 16:31:09.442878,1.0,1.0,1.0,1.0,1.0,1.0,1.0,894664.0,0.03959816335788845,0.03825999906698716,0.04576198155144105,0.032067668184708895,0.034711649066398086,0.03218845078999174,-7.630139589309694e-05,0.00025751721113920217,-0.00047052527467409777,-0.0,0.0,0.0,0.0,1.0,0.0,0.0,1.6374970725604925,1.2216549640052234,7.0983016475212315,0.06513223369979852,0.5525268707293864,0.7281845894100692,0.07194819572052395,-0.6722764627516478,5.158409239518277,0.0,0.0,0.0,0.0,1.0,0.0,0.0
2024-10-04 16:31:09.524638,1.0,1.0,1.0,1.0,1.0,1.0,1.0,894665.0,0.04044423444177086,0.03832801689680105,0.046663782162231125,0.03182472780550264,0.03473958601181881,0.03251828982682399,-2.8613023459911357e-05,0.0002988471339146297,-0.0004959590733051301,-0.0,0.0,0.0,0.0,1.0,0.0,0.0,1.6366587862418693,1.2210572212734594,7.098386325527836,0.06318643640790562,0.5545264551505713,0.7294733257761401,0.06894046189549316,-0.674500126561242,5.167123633549922,0.0,0.0,0.0,0.0,1.0,0.0,0.0
2024-10-04 16:31:09.528138,1.0,1.0,1.0,1.0,1.0,1.0,1.0,894666.0,0.04057283328598263,0.03825999906698716,0.04666378216223113,0.03170255949350469,0.034204882463775475,0.03290383705573704,-2.2254573802153277e-05,0.0003338186070322991,-0.0004991382981340092,-0.0,0.0,0.0,0.0,1.0,0.0,0.0,1.6378335392063752,1.2222719854814446,7.099219108007295,0.06395957226830531,0.5546651458260855,0.7256688369394546,0.07153246581558569,-0.6753839195237415,5.140298032527599,0.0,0.0,0.0,0.0,1.0,0.0,0.0
2024-10-04 16:31:09.610223,1.0,1.0,1.0,1.0,1.0,1.0,1.0,894667.0,0.04037978143756249,0.03757304914762413,0.046607930817067524,0.03151841915858901,0.03377676944149575,0.03242866644143693,-1.2716899315516158e-05,0.0003433562815189362,-0.000483242173989614,-0.0,0.0,0.0,0.0,1.0,0.0,0.0,1.6380842537633615,1.2226553354383891,7.098049809179463,0.06094130334750527,0.5564522771715783,0.7295859259688938,0.06673153774598516,-0.677871814343998,5.167277935292542,0.0,0.0,0.0,0.0,1.0,0.0,0.0
2024-10-04 16:31:09.613713,1.0,1.0,1.0,1.0,1.0,1.0,1.0,894668.0,0.04095620715673985,0.03825999906698716,0.047218662327942335,0.03145679951185349,0.03403428348265909,0.03248844283583844,-2.2254573802153274e-05,0.00038786542912324284,-0.0004578083753585817,-0.0,0.0,0.0,0.0,1.0,0.0,0.0,1.638401522742499,1.2233357287389168,7.098711084420059,0.06000918533495829,0.5562036603533163,0.7339018074158121,0.06495478000967424,-0.677861734182735,5.199500825564635,0.0,0.0,0.0,0.0,1.0,0.0,0.0
2024-10-04 16:31:09.694963,1.0,1.0,1.0,1.0,1.0,1.0,1.0,894669.0,0.041712385598201944,0.03757304914762413,0.04699749641733918,0.03167194378429309,0.03389146168814632,0.032756086704177324,-2.225457380215327e-05,0.00042919535189867025,-0.0004737044995029769,-0.0,0.0,0.0,0.0,1.0,0.0,0.0,1.6388234524978422,1.2247829678173834,7.099049770851026,0.060878942883889335,0.5556242026914765,0.7340807320372569,0.06795355018692362,-0.6779342150419124,5.201579298465725,0.0,0.0,0.0,0.0,1.0,0.0,0.0
2024-10-04 16:31:09.777956,1.0,1.0,1.0,1.0,1.0,1.0,1.0,894670.0,0.04196141697840431,0.0378493252884673,0.046942042124967255,0.03139505892336215,0.03389146168814632,0.03299216966314644,-3.179224828879039e-05,0.00042283690224091225,-0.00048642139881849305,-0.0,0.0,0.0,0.0,1.0,0.0,0.0,1.6412577145342753,1.2276553545450914,7.099137375136717,0.062330061971466906,0.5560425066054381,0.7310050097383238,0.0701972965205527,-0.6799443198905477,5.179890058964392,0.0,0.0,0.0,0.0,1.0,0.0,0.0
2024-10-04 16:31:09.781409,1.0,1.0,1.0,1.0,1.0,1.0,1.0,894671.0,0.042393702000235525,0.037711440220720746,0.046775284787538986,0.0313331966781849,0.033661686417184034,0.032874340109372714,-4.768837243318558e-05,0.0004705252746740978,-0.0005086759726206463,-0.0,0.0,0.0,0.0,1.0,0.0,0.0,1.64248609004774,1.2314372849632298,7.098720624393154,0.06044732685272799,0.5550155080823684,0.7249651728169335,0.06810298636985247,-0.6805487552925049,5.135571711108381,0.0,0.0,0.0,0.0,1.0,0.0,0.0
2024-10-04 16:31:09.863507,1.0,1.0,1.0,1.0,1.0,1.0,1.0,894672.0,0.042882406350036345,0.03715478325109878,0.04743879714519196,0.03077084037730748,0.033546208593426816,0.032815266674204355,-4.768837243318558e-05,0.0004514499257008236,-0.0005309305464227996,-0.0,0.0,0.0,0.0,1.0,0.0,0.0,1.641656697772522,1.2335860539670107,7.099468703572268,0.0636393232540942,0.5528383959246348,0.72031744011738,0.07823889971375712,-0.6790967557929962,5.10285190715447,0.0,0.0,0.0,0.0,1.0,0.0,0.0
2024-10-04 16:31:09.867008,1.0,1.0,1.0,1.0,1.0,1.0,1.0,894673.0,0.04263875434188018,0.03715478325109878,0.04727379213344164,0.03095942747707764,0.033834164163335345,0.032637404840404415,-7.31221710642179e-05,0.0004482707008719446,-0.0005404682209094367,-0.0,0.0,0.0,0.0,1.0,0.0,0.0,1.642802508915111,1.235743733299912,7.100301359101417,0.0642938754620034,0.5530709849864601,0.7159133362754634,0.08070232375454359,-0.6807461048326927,5.071303609702086,0.0,0.0,0.0,0.0,1.0,0.0,0.0
2024-10-04 16:31:09.948976,1.0,1.0,1.0,1.0,1.0,1.0,1.0,894674.0,0.04306424069081518,0.036873303566316074,0.04743879714519196,0.031240173622796498,0.03411968959808029,0.03245856839932655,-7.630139589309694e-05,0.0004514499257008236,-0.0005277513215939206,-0.0,0.0,0.0,0.0,1.0,0.0,0.0,1.6414160499906805,1.2372252665965444,7.100639969679438,0.06414344857814354,0.5531956772706623,0.712908958042897,0.08116730220706254,-0.6816456635542973,5.05099149180649,0.0,0.0,0.0,0.0,1.0,0.0,0.0
2024-10-04 16:31:10.032073,1.0,1.0,1.0,1.0,1.0,1.0,1.0,894675.0,0.042577623479846755,0.03722482060496381,0.04716346808075751,0.03086527796111811,0.03414811083549323,0.03218845078999174,-8.583907037973405e-05,0.00045462915052970265,-0.0004896006236473721,-0.0,0.0,0.0,0.0,1.0,0.0,0.0,1.6424069758059192,1.2398706049524062,7.102221010682728,0.06485213834119438,0.5522429431517105,0.712241723394053,0.08314094900060003,-0.681962877440117,5.047806879957763,0.0,0.0,0.0,0.0,1.0,0.0,0.0
2024-10-04 16:31:10.035934,1.0,1.0,1.0,1.0,1.0,1.0,1.0,894676.0,0.04245509769062346,0.03715478325109878,0.047603230210664246,0.031146872746571578,0.03490673815261534,0.03260766687993288,-8.265984555085502e-05,0.0004450914760430655,-0.0005118551974495253,-0.0,0.0,0.0,0.0,1.0,0.0,0.0,1.6407318170108505,1.24251202219212,7.103642005253206,0.07282863480856726,0.5514757341753499,0.7150689285181807,0.09109535059849808,-0.6823987403329761,5.0690654522438505,0.0,0.0,0.0,0.0,1.0,0.0,0.0
2024-10-04 16:31:10.117110,1.0,1.0,1.0,1.0,1.0,1.0,1.0,894677.0,0.04227064309912445,0.03715478325109878,0.04803896680377672,0.03127121205432006,0.03543085125095238,0.03305092691301418,-8.583907037973404e-05,0.00042919535189867036,-0.0005118551974495253,-0.0,0.0,0.0,0.0,1.0,0.0,0.0,1.640151935940992,1.2439620776156959,7.104885452477224,0.07456954149896527,0.5481860317948876,0.715816677350633,0.09518870769877602,-0.6787761986747177,5.075007200566861,0.0,0.0,0.0,0.0,1.0,0.0,0.0
2024-10-04 16:31:10.120809,1.0,1.0,1.0,1.0,1.0,1.0,1.0,894678.0,0.0418370865807396,0.036873303566316074,0.04754848237172128,0.030990747087997286,0.03526618335153976,0.03284481667269478,-7.948062072197598e-05,0.0003942238787810009,-0.0005213928719361625,-0.0,0.0,0.0,0.0,1.0,0.0,0.0,1.637135081026888,1.2444333216013044,7.1041372104080205,0.07694960842358986,0.5464732308373613,0.7139354083391738,0.10073494741657055,-0.6768657011267396,5.061472142880799,0.0,0.0,0.0,0.0,1.0,0.0,0.0
2024-10-04 16:31:10.203101,1.0,1.0,1.0,1.0,1.0,1.0,1.0,894679.0,0.04120980838596827,0.03666077555081008,0.047218662327942335,0.031084516582433108,0.03532115794976128,0.03325575976212062,-9.219752003749214e-05,0.0003560731808344524,-0.0005277513215939206,-0.0,0.0,0.0,0.0,1.0,0.0,0.0,1.6395400768439692,1.2468136438516038,7.104295427293313,0.07944046196966212,0.5457441303254302,0.7139453623498825,0.10509989484424409,-0.6772790066624798,5.061223498902978,0.0,0.0,0.0,0.0,1.0,0.0,0.0
2024-10-04 16:31:10.285330,1.0,1.0,1.0,1.0,1.0,1.0,1.0,894680.0,0.041461858493688546,0.03694387454679471,0.04632766410980066,0.03130221970899244,0.035812131959156876,0.033284918697807614,-6.994294623533888e-05,0.00036243163049221044,-0.0004927798484762511,-0.0,0.0,0.0,0.0,1.0,0.0,0.0,1.6367063503861543,1.2456461994831043,7.104048934485147,0.08011670708767651,0.5449247078329785,0.7123288909531977,0.10691119300797829,-0.6755773917553418,5.049149850128534,0.0,0.0,0.0,0.0,1.0,0.0,0.0
2024-10-04 16:31:10.288830,1.0,1.0,1.0,1.0,1.0,1.0,1.0,894681.0,0.04089256110871732,0.036731754853566174,0.04643997376336176,0.031178004061435775,0.036028195047355945,0.033459338679991214,-8.265984555085502e-05,0.00035289395600557344,-0.0004991382981340092,-0.0,0.0,0.0,0.0,1.0,0.0,0.0,1.637300178519563,1.245400372109578,7.105547557838217,0.0805094767813061,0.5470446477592796,0.7139372093459777,0.10722625376798783,-0.6782028280000237,5.062163149079486,0.0,0.0,0.0,0.0,1.0,0.0,0.0
2024-10-04 16:31:10.370773,1.0,1.0,1.0,1.0,1.0,1.0,1.0,894682.0,0.04070102581168387,0.03673175485356617,0.04643997376336176,0.03120910432259612,0.03600125807533038,0.03313886745048406,-0.00012716899315516158,0.0003433562815189363,-0.0005150344222784043,-0.0,0.0,0.0,0.0,1.0,0.0,0.0,1.6339823067431154,1.2452364602328845,7.105545358422311,0.07816896018758594,0.547674432530865,0.7135456584930527,0.10062389112173793,-0.679061828475779,5.058958641843634,0.0,0.0,0.0,0.0,1.0,0.0,0.0
2024-10-04 16:31:10.374273,1.0,1.0,1.0,1.0,1.0,1.0,1.0,894683.0,0.04139898983206046,0.036873303566316074,0.04699749641733918,0.030802351742838057,0.035730771463385984,0.033168129149298335,-0.00011127286901076638,0.00033699783186117815,-0.0004959590733051301,-0.0,0.0,0.0,0.0,1.0,0.0,0.0,1.6326583752700166,1.2457406764127077,7.107040001310784,0.07918796994277674,0.5486315636448207,0.7130241740718155,0.10292545855561129,-0.6805720632999309,5.055974468345459,0.0,0.0,0.0,0.0,1.0,0.0,0.0
2024-10-04 16:31:10.456422,1.0,1.0,1.0,1.0,1.0,1.0,1.0,894684.0,0.0420853800755884,0.03743414645719283,0.04643997376336176,0.031178004061435775,0.03559475737450401,0.033021561356871405,-9.855596969525022e-05,0.00034653550634781527,-0.0004673460498452188,-0.0,0.0,0.0,0.0,1.0,0.0,0.0,1.6312664880116388,1.2456060849324468,7.107624668191512,0.07647288945796633,0.5479855128014268,0.7112801076836592,0.0978693283056497,-0.6796844287740965,5.043391260480386,0.0,0.0,0.0,0.0,1.0,0.0,0.0
2024-10-04 16:31:10.459923,1.0,1.0,1.0,1.0,1.0,1.0,1.0,894685.0,0.04214722489965787,0.036943874546794715,0.04649602686012361,0.0316106234096681,0.03562200173928452,0.03296275176192149,-0.0001208105434974035,0.0002893094594279926,-0.0004927798484762511,-0.0,0.0,0.0,0.0,1.0,0.0,0.0,1.6311071673133835,1.2447697052984938,7.107044399216823,0.07639592985919404,0.544689318718834,0.7068370916081589,0.09682072239357215,-0.6751173335317248,5.011174211403118,0.0,0.0,0.0,0.0,1.0,0.0,0.0
2024-10-04 16:31:10.541264,1.0,1.0,1.0,1.0,1.0,1.0,1.0,894686.0,0.041587310697157,0.03694387454679471,0.04615868726430256,0.03173314566510837,0.03479539261166803,0.03218845078999174,-0.00015896124144395196,0.00027023411045471834,-0.00048006294916073494,-0.0,0.0,0.0,0.0,1.0,0.0,0.0,1.629707562242086,1.2419201234927058,7.104790586904497,0.06872760427990872,0.5458814979520251,0.7047326967785973,0.08798140921703107,-0.6750454939844341,4.995100206265288,0.0,0.0,0.0,0.0,1.0,0.0,0.0
2024-10-04 16:31:10.624656,1.0,1.0,1.0,1.0,1.0,1.0,1.0,894687.0,0.041774782619765874,0.038055216156251626,0.04610222401715648,0.032398736885968185,0.03454355292563407,0.03188563643118791,-0.00016849891593058908,0.000321101707716783,-0.00047688372433185594,-0.0,0.0,0.0,0.0,1.0,0.0,0.0,1.6298638235682474,1.2420802789643743,7.103464706648996,0.06792426056631824,0.5482253009899114,0.6979478312545474,0.08668698320209675,-0.6782711350752824,4.947626809987198,0.0,0.0,0.0,0.0,1.0,0.0,0.0
2024-10-04 16:31:10.628155,1.0,1.0,1.0,1.0,1.0,1.0,1.0,894688.0,0.04152463197171362,0.038463691717159486,0.04587567609077438,0.032637404840404415,0.03499001478345783,0.03245856839932655,-0.0001367066676417987,0.00033699783186117815,-0.0004578083753585817,-0.0,0.0,0.0,0.0,1.0,0.0,0.0,1.6302050612063737,1.2417197072665374,7.103215984876353,0.06288776049129888,0.5467395382808014,0.6999737421052677,0.07800124424715071,-0.6764061117967315,4.9611864099432355,0.0,0.0,0.0,0.0,1.0,0.0,0.0
2024-10-04 16:31:10.709493,1.0,1.0,1.0,1.0,1.0,1.0,1.0,894689.0,0.04127296521748623,0.03906839817849147,0.04638385292864447,0.032696799620819436,0.03534861318744721,0.03224867245309928,-0.00016531969110171005,0.0003878654291232428,-0.00044509147604306553,-0.0,0.0,0.0,0.0,1.0,0.0,0.0,1.6271187198935058,1.240032739417744,7.1031335646085685,0.0619785017818721,0.5477691498372385,0.6996881124035196,0.07752855953868082,-0.6766470789558681,4.958928718755727,0.0,0.0,0.0,0.0,1.0,0.0,0.0
2024-10-04 16:31:10.712990,1.0,1.0,1.0,1.0,1.0,1.0,1.0,894690.0,0.04120980838596827,0.039201510653345636,0.04694204212496726,0.03245856839932655,0.034878935091133,0.032097906445255474,-0.00017485736558834716,0.0003878654291232428,-0.000483242173989614,-0.0,0.0,0.0,0.0,1.0,0.0,0.0,1.6241833211249126,1.2393699190706542,7.102210008445548,0.061663655300615544,0.5500693026090597,0.7021532291698593,0.07625633553100054,-0.679250672748485,4.975960099510083,0.0,0.0,0.0,0.0,1.0,0.0,0.0
2024-10-04 16:31:10.795525,1.0,1.0,1.0,1.0,1.0,1.0,1.0,894691.0,0.040956207156739845,0.03953233095432663,0.04694204212496726,0.032815266674204355,0.03496227794613525,0.032097906445255474,-0.00015896124144395196,0.000400582328438759,-0.00045462915052970265,-0.0,0.0,0.0,0.0,1.0,0.0,0.0,1.621582446907316,1.238871519861473,7.10087777738042,0.06458326750555504,0.5490616736146751,0.7022342920615514,0.08344349681950065,-0.6778103808705686,4.975398924274547,0.0,0.0,0.0,0.0,1.0,0.0,0.0
2024-10-04 16:31:10.878133,1.0,1.0,1.0,1.0,1.0,1.0,1.0,894692.0,0.04057283328598263,0.039925697169818586,0.04638385292864447,0.03308026640118225,0.03501772965099794,0.0321582976678794,-0.00010173519452412927,0.00044509147604306553,-0.00042919535189867036,-0.0,0.0,0.0,0.0,1.0,0.0,0.0,1.622072803288415,1.2388631100009935,7.101549059014413,0.06965742170184809,0.5487987658048324,0.7043847488824393,0.0922976400705907,-0.6772548575902843,4.9913290442569265,0.0,0.0,0.0,0.0,1.0,0.0,0.0
2024-10-04 16:31:10.881100,1.0,1.0,1.0,1.0,1.0,1.0,1.0,894693.0,0.040315225390783915,0.03946638873835309,0.046775284787538986,0.03337224263981984,0.03496227794613525,0.03221857569203676,-9.855596969525022e-05,0.00042283690224091225,-0.00047688372433185594,-0.0,0.0,0.0,0.0,1.0,0.0,0.0,1.6225694326038869,1.238681510945771,7.101970778338622,0.07062141307198266,0.55168009260702,0.7076375088105152,0.09538128419639673,-0.6806215326270136,5.015889788219905,0.0,0.0,0.0,0.0,1.0,0.0,0.0
2024-10-04 16:31:10.963405,1.0,1.0,1.0,1.0,1.0,1.0,1.0,894694.0,0.03979500713939933,0.03926789767914727,0.04716346808075751,0.03319736505550277,0.034851109849295854,0.03254810944778678,-0.00010809364418188733,0.000403761553267638,-0.0004959590733051301,-0.0,0.0,0.0,0.0,1.0,0.0,0.0,1.6229154138549982,1.2392371239610562,7.102718515201984,0.07261593319805092,0.5524610660475746,0.7058434721022423,0.09914047785308688,-0.6819050247999439,5.003000710330091,0.0,0.0,0.0,0.0,1.0,0.0,0.0
2024-10-04 16:31:10.966905,1.0,1.0,1.0,1.0,1.0,1.0,1.0,894695.0,0.040185802182344105,0.039729500910397,0.04666378216223114,0.03290383705573704,0.03496227794613525,0.032667115729434024,-8.583907037973405e-05,0.0004578083753585817,-0.0005054967477917672,-0.0,0.0,0.0,0.0,1.0,0.0,0.0,1.62251824338205,1.2408429245923174,7.103804633079532,0.07504409032974137,0.5573341618356726,0.7099419821042262,0.10378578581104052,-0.6889530928995184,5.0330712695983575,0.0,0.0,0.0,0.0,1.0,0.0,0.0
2024-10-04 16:31:11.048781,1.0,1.0,1.0,1.0,1.0,1.0,1.0,894696.0,0.04082881584609787,0.03966388649582423,0.04632766410980066,0.03242866644143693,0.03518356039534762,0.03313886745048406,-6.676372140645982e-05,0.00048006294916073494,-0.000483242173989614,-0.0,0.0,0.0,0.0,1.0,0.0,0.0,1.622873865437184,1.241504958524729,7.106143343676135,0.07578411117340388,0.5596035030260905,0.7093038596158221,0.10428565373286208,-0.6921310771578625,5.03004769221573,0.0,0.0,0.0,0.0,1.0,0.0,0.0
2024-10-04 16:31:11.052326,1.0,1.0,1.0,1.0,1.0,1.0,1.0,894697.0,0.040956207156739845,0.038733615672373205,0.04638385292864447,0.03170255949350469,0.03515597625908419,0.033546208593426816,-5.4046822090943663e-05,0.0004482707008719446,-0.0005182136471072835,-0.0,0.0,0.0,0.0,1.0,0.0,0.0,1.6230500424429675,1.2415913591924825,7.109553333292418,0.07630809720388428,0.559264192756481,0.7101515336678395,0.10550240110834318,-0.6918144394014101,5.038918473830623,0.0,0.0,0.0,0.0,1.0,0.0,0.0
2024-10-04 16:31:11.134248,1.0,1.0,1.0,1.0,1.0,1.0,1.0,894698.0,0.04133602555253029,0.038666311337125336,0.04688652224495428,0.031549183850304155,0.03457162570793951,0.03310957989067469,-6.358449657758079e-05,0.0004482707008719446,-0.0005627227947115899,-0.0,0.0,0.0,0.0,1.0,0.0,0.0,1.622995658669462,1.2419603570976414,7.111138985620709,0.0785434361492847,0.5629743625753507,0.7071098488380448,0.11179877598078503,-0.696675312259798,5.018697893219222,0.0,0.0,0.0,0.0,1.0,0.0,0.0
2024-10-04 16:31:11.217868,1.0,1.0,1.0,1.0,1.0,1.0,1.0,894699.0,0.04139898983206046,0.037918079796158174,0.047273792133441635,0.03105329154533826,0.03434640099311143,0.03308026640118225,-5.0867597262064634e-05,0.00041647845258315413,-0.0005817981436848642,-0.0,0.0,0.0,0.0,1.0,0.0,0.0,1.6226721671555162,1.2428975120570884,7.111726245523848,0.07771567497938865,0.5633014328553616,0.7027868340225809,0.1091925496554395,-0.6978018743627028,4.988456328662013,0.0,0.0,0.0,0.0,1.0,0.0,0.0
2024-10-04 16:31:11.220868,1.0,1.0,1.0,1.0,1.0,1.0,1.0,894700.0,0.04114655461363214,0.038055216156251626,0.04705288535396545,0.031364143052817484,0.03426156002122874,0.03340129988750126,-4.132992277542751e-05,0.0004355538015564284,-0.0005341097712516786,-0.0,0.0,0.0,0.0,1.0,0.0,0.0,1.6241099106605865,1.2468178219755222,7.113395912810989,0.07662594039870546,0.5592761699740832,0.7005437509014577,0.10644494454765734,-0.6946023273063295,4.973354960260951,0.0,0.0,0.0,0.0,1.0,0.0,0.0
2024-10-04 16:31:11.302009,1.0,1.0,1.0,1.0,1.0,1.0,1.0,894701.0,0.04089256110871732,0.037503662109375,0.04683093654403021,0.030990747087997286,0.03431814397393635,0.03331405211143558,-5.0867597262064634e-05,0.00042919535189867025,-0.0005531851202249528,-0.0,0.0,0.0,0.0,1.0,0.0,0.0,1.6252009613715643,1.2461377087460095,7.11564333897942,0.07640345463398375,0.5571958038645008,0.6998416135272014,0.10583227722426826,-0.6915015212539011,4.9701888350158585,0.0,0.0,0.0,0.0,1.0,0.0,0.0
2024-10-04 16:31:11.305508,1.0,1.0,1.0,1.0,1.0,1.0,1.0,894702.0,0.04044423444177085,0.0373645014732293,0.04638385292864447,0.031240173622796498,0.03406277598114669,0.033748035476753,-7.630139589309694e-05,0.0003815069794654848,-0.0005404682209094367,-0.0,0.0,0.0,0.0,1.0,0.0,0.0,1.6273584607603813,1.246715069777675,7.11588650186737,0.07410608469753442,0.5560066144637421,0.6981211700797905,0.1026556512855271,-0.6902556688320698,4.958814321331098,0.0,0.0,0.0,0.0,1.0,0.0,0.0
2024-10-04 16:31:11.387418,1.0,1.0,1.0,1.0,1.0,1.0,1.0,894703.0,0.04108320345271294,0.037711440220720746,0.045419190346160765,0.03127121205432006,0.03403428348265909,0.03468368961839258,-4.7688372433185584e-05,0.000403761553267638,-0.0005118551974495253,-0.0,0.0,0.0,0.0,1.0,0.0,0.0,1.627211563062636,1.246568046702019,7.116806819259632,0.07450505018258062,0.5522672018719798,0.6969340925531505,0.10345483313221043,-0.685563749064588,4.951091626769224,0.0,0.0,0.0,0.0,1.0,0.0,0.0
2024-10-04 16:31:11.471153,1.0,1.0,1.0,1.0,1.0,1.0,1.0,894704.0,0.04101975445198809,0.038055216156251626,0.04507379225100918,0.03127121205432006,0.03423323297213509,0.03448733880714076,-2.8613023459911346e-05,0.0004355538015564284,-0.0005150344222784043,-0.0,0.0,0.0,0.0,1.0,0.0,0.0,1.6287536877127562,1.2479149101716571,7.11797450051391,0.07345486926803386,0.5518530680801198,0.7004468397017544,0.10229981991081392,-0.6859011232729335,4.9776078168841265,0.0,0.0,0.0,0.0,1.0,0.0,0.0
2024-10-04 16:31:11.475653,1.0,1.0,1.0,1.0,1.0,1.0,1.0,894705.0,0.04037978143756249,0.037711440220720746,0.04501596824740669,0.03148762440853117,0.03417650843776925,0.03490673815261534,-3.1792248288790396e-05,0.0004260161270697913,-0.0005054967477917672,-0.0,0.0,0.0,0.0,1.0,0.0,0.0,1.627412698740733,1.2481518950280925,7.119056095623323,0.07103319531045903,0.5515512048565017,0.6980609282744887,0.09679834796804034,-0.6855879675246271,4.960305537578149,0.0,0.0,0.0,0.0,1.0,0.0,0.0
2024-10-04 16:31:11.556330,1.0,1.0,1.0,1.0,1.0,1.0,1.0,894706.0,0.04012093401707996,0.037711440220720746,0.04547650165015325,0.03173314566510837,0.03414811083549323,0.03445919735911931,-5.404682209094367e-05,0.00040694077809651707,-0.0005245720967650415,-0.0,0.0,0.0,0.0,1.0,0.0,0.0,1.6271219214702852,1.2498237359512612,7.120305630453763,0.07131956765471897,0.5513304596401875,0.6976734675310284,0.09675743016700196,-0.6862730673459693,4.958609021626176,0.0,0.0,0.0,0.0,1.0,0.0,0.0
2024-10-04 16:31:11.559334,1.0,1.0,1.0,1.0,1.0,1.0,1.0,894707.0,0.040055960801949016,0.038055216156251626,0.04507379225100917,0.032308781866774994,0.03426156002122874,0.03411968959808029,-6.358449657758079e-05,0.0004260161270697913,-0.0004927798484762511,-0.0,0.0,0.0,0.0,1.0,0.0,0.0,1.6247017498549732,1.2494636975207791,7.120141184611671,0.07051794622327183,0.5529117589284495,0.6978310638703099,0.09503187855652288,-0.6880110204564753,4.959181576468044,0.0,0.0,0.0,0.0,1.0,0.0,0.0
2024-10-04 16:31:11.641831,1.0,1.0,1.0,1.0,1.0,1.0,1.0,894708.0,0.039729500910396995,0.03839591423416136,0.044139519001880914,0.03260766687993288,0.03499001478345783,0.03403428348265909,-6.994294623533885e-05,0.00044509147604306553,-0.0004514499257008236,-0.0,0.0,0.0,0.0,1.0,0.0,0.0,1.6240585896714437,1.2510730275786968,7.121469812024222,0.06852539474992118,0.5515828642871412,0.6988703943438809,0.09048104319880838,-0.6873164060899276,4.96770492684261,0.0,0.0,0.0,0.0,1.0,0.0,0.0
2024-10-04 16:31:11.724579,1.0,1.0,1.0,1.0,1.0,1.0,1.0,894709.0,0.039925697169818586,0.038463691717159486,0.04336560364453033,0.03313886745048406,0.03468368961839258,0.03403428348265909,-7.312217106421791e-05,0.0004482707008719446,-0.0004355538015564284,-0.0,0.0,0.0,0.0,1.0,0.0,0.0,1.6213197221533233,1.251742135972667,7.122718923417677,0.0714327244776659,0.5505424282062297,0.7036634882980344,0.09378380572370007,-0.6863418159802319,5.002230463214143,0.0,0.0,0.0,0.0,1.0,0.0,0.0
2024-10-04 16:31:11.728078,1.0,1.0,1.0,1.0,1.0,1.0,1.0,894710.0,0.04025056580563931,0.03825999906698716,0.04324531047620408,0.03319736505550277,0.034878935091133,0.03386282504451316,-6.040527174870175e-05,0.0004419122512141865,-0.00045462915052970265,-0.0,0.0,0.0,0.0,1.0,0.0,0.0,1.6217332472913826,1.2516564360036935,7.122133301353995,0.07411681997977568,0.5520451529927322,0.7050870030521366,0.09917434963401839,-0.688302769003735,5.012333286967352,0.0,0.0,0.0,0.0,1.0,0.0,0.0
2024-10-04 16:31:11.809915,1.0,1.0,1.0,1.0,1.0,1.0,1.0,894711.0,0.04082881584609787,0.03853134997827472,0.04324531047620408,0.03340129988750126,0.03457162570793951,0.03406277598114669,-8.583907037973408e-05,0.0004164784525831542,-0.00044509147604306553,-0.0,0.0,0.0,0.0,1.0,0.0,0.0,1.6188814038401909,1.2520931982451402,7.120556681656398,0.0765535266041215,0.5527905125407143,0.7061119789720971,0.10230523847059168,-0.6894715062995087,5.018449362785146,0.0,0.0,0.0,0.0,1.0,0.0,0.0
2024-10-04 16:31:11.813416,1.0,1.0,1.0,1.0,1.0,1.0,1.0,894712.0,0.041587310697157,0.038123599349151736,0.0434855640497593,0.03290383705573704,0.034515457310635475,0.033690494027434716,-8.583907037973404e-05,0.0004164784525831542,-0.00048006294916073494,-0.0,0.0,0.0,0.0,1.0,0.0,0.0,1.6179531630469854,1.2542688800074335,7.119313776379929,0.07657260008955558,0.5532291631766024,0.7085857589358022,0.10230735164582518,-0.6914052676990124,5.034536143696826,0.0,0.0,0.0,0.0,1.0,0.0,0.0
2024-10-04 16:31:11.895218,1.0,1.0,1.0,1.0,1.0,1.0,1.0,894713.0,0.04108320345271294,0.03832801689680105,0.043425625269995945,0.03254810944778678,0.034767500508899686,0.032785690042080325,-0.00011445209383964543,0.0004164784525831542,-0.00046416682501633976,-0.0,0.0,0.0,0.0,1.0,0.0,0.0,1.6165999925452081,1.2542439599804636,7.115648463665914,0.07731014006813643,0.5581400836118928,0.7103837627502362,0.10215638262235381,-0.6973333823621091,5.0442683901072485,0.0,0.0,0.0,0.0,1.0,0.0,0.0
2024-10-04 16:31:11.898718,1.0,1.0,1.0,1.0,1.0,1.0,1.0,894714.0,0.04108320345271294,0.03832801689680105,0.043003714672582107,0.03272645658802371,0.03468368961839258,0.03308026640118225,-0.00012398976832628253,0.00042283690224091225,-0.0004387330263853075,-0.0,0.0,0.0,0.0,1.0,0.0,0.0,1.6167125918771856,1.2559118391565927,7.1135619792103375,0.0776977739592567,0.5583894101632275,0.70888693043617,0.10164640299934039,-0.6985427977554617,5.031566356611535,0.0,0.0,0.0,0.0,1.0,0.0,0.0
2024-10-04 16:31:11.980451,1.0,1.0,1.0,1.0,1.0,1.0,1.0,894715.0,0.04127296521748623,0.038666311337125336,0.0436051944382425,0.032667115729434024,0.035211122922407,0.032785690042080325,-0.00010173519452412927,0.0004419122512141865,-0.0004609876001874607,-0.0,0.0,0.0,0.0,1.0,0.0,0.0,1.6179853598924985,1.2574110388656898,7.112228212296869,0.07939945392455655,0.55750157133092,0.7061357819442458,0.10604743631095126,-0.6983211877019962,5.012120754105412,0.0,0.0,0.0,0.0,1.0,0.0,0.0
2024-10-04 16:31:12.064047,1.0,1.0,1.0,1.0,1.0,1.0,1.0,894716.0,0.04127296521748623,0.03798670986099516,0.042943103346232976,0.03245856839932655,0.03510074295512457,0.032398736885968185,-8.583907037973405e-05,0.00042283690224091225,-0.0004514499257008236,-0.0,0.0,0.0,0.0,1.0,0.0,0.0,1.619327721815205,1.2573861811128935,7.110391401624532,0.0786870786419679,0.556855358344646,0.7054263532017487,0.10547991944705326,-0.6975133365802008,5.005429520350288,0.0,0.0,0.0,0.0,1.0,0.0,0.0
2024-10-04 16:31:12.067548,1.0,1.0,1.0,1.0,1.0,1.0,1.0,894717.0,0.04114655461363215,0.038123599349151736,0.0434855640497593,0.03185519667586617,0.03515597625908419,0.032637404840404415,-6.994294623533886e-05,0.00041329922775427513,-0.00045462915052970265,-0.0,0.0,0.0,0.0,1.0,0.0,0.0,1.6194946346593744,1.2572238318996007,7.107976121897089,0.07974186283330739,0.5546240836726981,0.7045776058052222,0.10747696886780335,-0.6946579469195395,4.998017414186511,0.0,0.0,0.0,0.0,1.0,0.0,0.0
2024-10-04 16:31:12.149206,1.0,1.0,1.0,1.0,1.0,1.0,1.0,894718.0,0.04164989509779679,0.038123599349151736,0.044550674429986614,0.03194642892952922,0.03465570761333854,0.03245856839932655,-4.132992277542751e-05,0.00038786542912324284,-0.0004578083753585817,-0.0,0.0,0.0,0.0,1.0,0.0,0.0,1.6197063773573783,1.2579583794806828,7.105974904620619,0.08077744299292625,0.5523397207263809,0.7096129291202865,0.11015197747000224,-0.6921409281289757,5.030979129394763,0.0,0.0,0.0,0.0,1.0,0.0,0.0
2024-10-04 16:31:12.152205,1.0,1.0,1.0,1.0,1.0,1.0,1.0,894719.0,0.04152463197171362,0.03859888964444313,0.044725726870264354,0.032097906445255474,0.034823262373934814,0.032398736885968185,9.537674486637107e-06,0.0003878654291232428,-0.00048006294916073494,-0.0,0.0,0.0,0.0,1.0,0.0,0.0,1.621611539838309,1.2585385961345035,7.104722849390963,0.07977426633619851,0.5509899114418746,0.7125240928930934,0.1100245645680639,-0.690693907732903,5.050238625294004,0.0,0.0,0.0,0.0,1.0,0.0,0.0
2024-10-04 16:31:12.234287,1.0,1.0,1.0,1.0,1.0,1.0,1.0,894720.0,0.041019754451988084,0.038666311337125336,0.045304350237362054,0.03194642892952922,0.03490673815261534,0.032368779656366614,-1.9075348973274248e-05,0.0003878654291232428,-0.000483242173989614,-0.0,0.0,0.0,0.0,1.0,0.0,0.0,1.6211081901840072,1.2579790848865577,7.106310312619673,0.07870720027918544,0.5489899839711522,0.7126729602961446,0.10757392471177454,-0.6878452886436365,5.0521133376387,0.0,0.0,0.0,0.0,1.0,0.0,0.0
2024-10-04 16:31:12.317108,1.0,1.0,1.0,1.0,1.0,1.0,1.0,894721.0,0.04044423444177086,0.03866631133712533,0.04553374081900146,0.032007105962223864,0.03499001478345783,0.03242866644143693,9.537674486637114e-06,0.000400582328438759,-0.0005309305464227996,-0.0,0.0,0.0,0.0,1.0,0.0,0.0,1.6238889379920816,1.259216148521972,7.106639107558507,0.07781310049061141,0.5472710046922371,0.7144987293876519,0.10592689280551819,-0.6863402074438602,5.065701479127693,0.0,0.0,0.0,0.0,1.0,0.0,0.0
2024-10-04 16:31:12.320608,1.0,1.0,1.0,1.0,1.0,1.0,1.0,894722.0,0.040315225390783915,0.038733615672373205,0.04564800383634771,0.031763702384431956,0.0350730936850165,0.032308781866774994,-9.251858538542971e-21,0.00040694077809651707,-0.0005086759726206463,-0.0,0.0,0.0,0.0,1.0,0.0,0.0,1.6240746276547622,1.2596816860080984,7.1068847775294515,0.07574972977763376,0.5498135984478572,0.7144607107087018,0.1010778305991566,-0.6897731037152195,5.065941548450187,0.0,0.0,0.0,0.0,1.0,0.0,0.0
2024-10-04 16:31:12.402829,1.0,1.0,1.0,1.0,1.0,1.0,1.0,894723.0,0.040315225390783915,0.03859888964444313,0.04587567609077438,0.0321582976678794,0.03499001478345783,0.03257790177388484,1.9075348973274228e-05,0.0004132992277542751,-0.0005372889960805577,-0.0,0.0,0.0,0.0,1.0,0.0,0.0,1.6251336474629898,1.2621240557389874,7.107881297574083,0.07700322084994844,0.5458896221262616,0.7172097158866063,0.10408797407475213,-0.686526065936634,5.086160661403566,0.0,0.0,0.0,0.0,1.0,0.0,0.0
2024-10-04 16:31:12.406329,1.0,1.0,1.0,1.0,1.0,1.0,1.0,894724.0,0.040185802182344105,0.038055216156251626,0.04705288535396546,0.03224867245309928,0.0352936813544323,0.032368779656366614,3.815069794654846e-05,0.00037832775463660567,-0.000572260469198227,-0.0,0.0,0.0,0.0,1.0,0.0,0.0,1.6232805763771734,1.261638774452885,7.107798931404101,0.0750488439189131,0.5468437102383931,0.7171492846149344,0.10149413453080007,-0.6871396605339316,5.085735532599828,0.0,0.0,0.0,0.0,1.0,0.0,0.0
2024-10-04 16:31:12.487648,1.0,1.0,1.0,1.0,1.0,1.0,1.0,894725.0,0.04082881584609786,0.03798670986099516,0.04743879714519196,0.03260766687993288,0.03510074295512457,0.03227874115189541,6.994294623533886e-05,0.00037196930497884756,-0.0005341097712516786,-0.0,0.0,0.0,0.0,1.0,0.0,0.0,1.6223612745501876,1.2632202222937194,7.108465895258719,0.07294733185581267,0.5483880780423175,0.7159069694706326,0.09692994096188329,-0.6898247408867458,5.075683059189048,0.0,0.0,0.0,0.0,1.0,0.0,0.0
2024-10-04 16:31:12.490753,1.0,1.0,1.0,1.0,1.0,1.0,1.0,894726.0,0.04050858489526056,0.03906839817849146,0.04776709723644845,0.032785690042080325,0.03490673815261534,0.03308026640118225,0.00010809364418188733,0.000406940778096517,-0.0005245720967650415,-0.0,0.0,0.0,0.0,1.0,0.0,0.0,1.6211881631687983,1.2634831977332253,7.110639872409586,0.07571089221429644,0.5483986922587705,0.7147304293304154,0.10058742675865431,-0.6899650809541921,5.068845967981589,0.0,0.0,0.0,0.0,1.0,0.0,0.0
2024-10-04 16:31:12.573549,1.0,1.0,1.0,1.0,1.0,1.0,1.0,894727.0,0.03992569716981858,0.03839591423416136,0.047603230210664246,0.03331405211143558,0.03468368961839258,0.033226575237181734,9.219752003749214e-05,0.00039422387878100085,-0.0005182136471072835,-0.0,0.0,0.0,0.0,1.0,0.0,0.0,1.6224574202396909,1.264468637611612,7.114639119718114,0.07759296032218972,0.5509677764887967,0.7133225217868835,0.10390366734647796,-0.6936055351893798,5.060782444537828,0.0,0.0,0.0,0.0,1.0,0.0,0.0
2024-10-04 16:31:12.656543,1.0,1.0,1.0,1.0,1.0,1.0,1.0,894728.0,0.039201510653345636,0.038055216156251626,0.04710820916537822,0.032874340109372714,0.0350730936850165,0.03348832035600082,4.76883724331856e-05,0.000400582328438759,-0.0005309305464227996,-0.0,0.0,0.0,0.0,1.0,0.0,0.0,1.622447787877015,1.2635309904480707,7.117138057063439,0.08006328825222746,0.5522965618632937,0.7041247139258306,0.10740107749098537,-0.694803970482166,4.997350777839522,0.0,0.0,0.0,0.0,1.0,0.0,0.0
2024-10-04 16:31:12.659544,1.0,1.0,1.0,1.0,1.0,1.0,1.0,894729.0,0.038867874708122786,0.0378493252884673,0.04776709723644845,0.03254810944778678,0.035238663890968365,0.0333431600699038,1.5896124144395198e-05,0.00036243163049221044,-0.0005372889960805577,-0.0,0.0,0.0,0.0,1.0,0.0,0.0,1.623178060753084,1.2626982326859812,7.117801218303495,0.07953964685926816,0.55322081276632,0.6965133846981573,0.10624085387334152,-0.6954782415946005,4.9450674498934735,0.0,0.0,0.0,0.0,1.0,0.0,0.0
2024-10-04 16:31:12.742133,1.0,1.0,1.0,1.0,1.0,1.0,1.0,894730.0,0.039400336158606504,0.03729472643293347,0.04738385931883414,0.03233879467572394,0.03526618335153976,0.033226575237181734,2.8613023459911357e-05,0.0003687900801499686,-0.0005404682209094367,-0.0,0.0,0.0,0.0,1.0,0.0,0.0,1.622838555557836,1.2627666820134125,7.117880541257472,0.07801048165819403,0.5560710026513406,0.6968921989201377,0.1035092268935188,-0.6992531883944241,4.947283811158206,0.0,0.0,0.0,0.0,1.0,0.0,0.0
2024-10-04 16:31:12.745635,1.0,1.0,1.0,1.0,1.0,1.0,1.0,894731.0,0.039729500910396995,0.037503662109375,0.04688652224495428,0.032368779656366614,0.0352936813544323,0.032667115729434024,5.722604691982271e-05,0.00037196930497884756,-0.0004705252746740978,-0.0,0.0,0.0,0.0,1.0,0.0,0.0,1.622905784210632,1.2659165538921802,7.1205479025329455,0.07635651346075419,0.5611067426198959,0.6959187111941013,0.10205221464798378,-0.7074301630649487,4.942368746394054,0.0,0.0,0.0,0.0,1.0,0.0,0.0
2024-10-04 16:31:12.826300,1.0,1.0,1.0,1.0,1.0,1.0,1.0,894732.0,0.03979500713939933,0.037711440220720746,0.04694204212496726,0.032785690042080325,0.035730771463385984,0.03310957989067469,7.948062072197598e-05,0.000400582328438759,-0.00048006294916073494,-0.0,0.0,0.0,0.0,1.0,0.0,0.0,1.6209989291910236,1.2664413303832978,7.122799654331425,0.07842254040393527,0.5593695008829795,0.6931132579034766,0.10691443321000296,-0.7055485708104379,4.92436763478171,0.0,0.0,0.0,0.0,1.0,0.0,0.0
2024-10-04 16:31:12.909721,1.0,1.0,1.0,1.0,1.0,1.0,1.0,894733.0,0.03959816335788845,0.03764230828317236,0.046886522244954286,0.03254810944778678,0.03583921107981937,0.03305092691301418,7.948062072197598e-05,0.0004005823284387589,-0.0004578083753585817,-0.0,0.0,0.0,0.0,1.0,0.0,0.0,1.6213516715224456,1.2675214337974596,7.124631803667946,0.07591779629671815,0.5592720399280225,0.6889418842240953,0.10304085474465473,-0.7059950458380269,4.8971522507025895,0.0,0.0,0.0,0.0,1.0,0.0,0.0
2024-10-04 16:31:12.912721,1.0,1.0,1.0,1.0,1.0,1.0,1.0,894734.0,0.03979500713939933,0.037711440220720746,0.04643997376336176,0.032067668184708895,0.03554020599014928,0.033168129149298335,6.358449657758079e-05,0.00040694077809651707,-0.00045462915052970265,-0.0,0.0,0.0,0.0,1.0,0.0,0.0,1.62079056943766,1.2687861459418193,7.126797925722067,0.07754452173905825,0.555807005237484,0.6911393161806746,0.10542205839623245,-0.702417002814063,4.91429706165709,0.0,0.0,0.0,0.0,1.0,0.0,0.0
2024-10-04 16:31:12.995515,1.0,1.0,1.0,1.0,1.0,1.0,1.0,894735.0,0.03966388649582423,0.03757304914762413,0.04570502822314875,0.03142594437984583,0.035128370462711604,0.033226575237181734,6.358449657758084e-06,0.00037196930497884767,-0.0004482707008719446,-0.0,0.0,0.0,0.0,1.0,0.0,0.0,1.6213516715224456,1.2683157356769081,7.129137861929871,0.07939072607571594,0.5530652215689633,0.6940544059084353,0.1105542272093466,-0.6987384294208577,4.9380692190868185,0.0,0.0,0.0,0.0,1.0,0.0,0.0
2024-10-04 16:31:12.998515,1.0,1.0,1.0,1.0,1.0,1.0,1.0,894736.0,0.04012093401707996,0.03729472643293347,0.04587567609077438,0.031022035078891817,0.03532115794976128,0.032785690042080325,-6.358449657758078e-06,0.0003528939560055733,-0.0004355538015564284,-0.0,0.0,0.0,0.0,1.0,0.0,0.0,1.6205403939430632,1.2681630012781673,7.1299699751305,0.07769123344358472,0.5505690273452488,0.6969869531563347,0.10910109647772302,-0.6953977516961549,4.959315145964094,0.0,0.0,0.0,0.0,1.0,0.0,0.0
2024-10-04 16:31:13.080698,1.0,1.0,1.0,1.0,1.0,1.0,1.0,894737.0,0.04063698009803076,0.037711440220720746,0.04547650165015325,0.030676112065162197,0.035238663890968365,0.032756086704177324,1.2716899315516164e-05,0.00033699783186117815,-0.00041012000292539613,-0.0,0.0,0.0,0.0,1.0,0.0,0.0,1.6212747390943745,1.2699134814553708,7.131973224503779,0.07575379538655654,0.548420593960872,0.6984611267073656,0.10562186384554739,-0.6937293924900049,4.971534824609152,0.0,0.0,0.0,0.0,1.0,0.0,0.0
2024-10-04 16:31:13.163601,1.0,1.0,1.0,1.0,1.0,1.0,1.0,894738.0,0.040315225390783915,0.0378493252884673,0.04541919034616077,0.030833830904597324,0.03479539261166803,0.032756086704177324,5.404682209094367e-05,0.0003401770566900572,-0.00037196930497884767,-0.0,0.0,0.0,0.0,1.0,0.0,0.0,1.6199661480492362,1.2720996359004944,7.132975003375357,0.07187085904062972,0.5474576090883413,0.7006711758143814,0.09879787222187476,-0.6936511818770849,4.988235057137117,0.0,0.0,0.0,0.0,1.0,0.0,0.0
2024-10-04 16:31:13.166602,1.0,1.0,1.0,1.0,1.0,1.0,1.0,894739.0,0.04050858489526056,0.037503662109375,0.044550674429986614,0.03054935072925873,0.03493451908670038,0.032785690042080325,7.312217106421791e-05,0.00037196930497884767,-0.00035289395600557344,-0.0,0.0,0.0,0.0,1.0,0.0,0.0,1.6198923656847248,1.2760037131604034,7.135473359761443,0.06982611147807087,0.5485820499042737,0.7026542701528279,0.09380087092787412,-0.6972543643270103,5.004056721817465,0.0,0.0,0.0,0.0,1.0,0.0,0.0
2024-10-04 16:31:13.249047,1.0,1.0,1.0,1.0,1.0,1.0,1.0,894740.0,0.03999088202492748,0.037711440220720746,0.04437493143949452,0.030612797008878905,0.034823262373934814,0.03290383705573704,7.312217106421791e-05,0.0003560731808344524,-0.00033699783186117815,-0.0,0.0,0.0,0.0,1.0,0.0,0.0,1.6188073911279097,1.2780506885023288,7.137473604801571,0.0699663756086716,0.5473631754655836,0.6975148642087745,0.09549727754142659,-0.6966496766056224,4.968376180635183,0.0,0.0,0.0,0.0,1.0,0.0,0.0
2024-10-04 16:31:13.252046,1.0,1.0,1.0,1.0,1.0,1.0,1.0,894741.0,0.039400336158606504,0.037780445658522906,0.044900096837092805,0.030581090322992784,0.03454355292563407,0.03319736505550277,5.0867597262064634e-05,0.00036243163049221044,-0.00035925240566333144,-0.0,0.0,0.0,0.0,1.0,0.0,0.0,1.618206776770052,1.2793253514589482,7.138889041780678,0.06944321147058333,0.545193042693343,0.6941513333060048,0.09405927335968328,-0.6946113266993638,4.945348790264211,0.0,0.0,0.0,0.0,1.0,0.0,0.0
2024-10-04 16:31:13.334257,1.0,1.0,1.0,1.0,1.0,1.0,1.0,894742.0,0.03893483061427055,0.037711440220720746,0.04466745228281863,0.03026219641244205,0.03406277598114669,0.03284481667269478,4.132992277542751e-05,0.0003560731808344524,-0.00034653550634781527,-0.0,0.0,0.0,0.0,1.0,0.0,0.0,1.6192567657736814,1.2804189974091054,7.14172126242647,0.07010489476100465,0.5435318377269566,0.696416852385985,0.09547666304392505,-0.692937736070347,4.963334766916026,0.0,0.0,0.0,0.0,1.0,0.0,0.0
2024-10-04 16:31:13.337869,1.0,1.0,1.0,1.0,1.0,1.0,1.0,894743.0,0.03933417265909616,0.03743414645719283,0.04530435023736206,0.0303262434606198,0.03360399710929144,0.03245856839932655,1.907534897327424e-05,0.0003497147311766943,-0.0003338186070322991,-0.0,0.0,0.0,0.0,1.0,0.0,0.0,1.6183255213079755,1.2826952465764354,7.145970769136773,0.07101968116270889,0.5441708665563045,0.6943665595728836,0.09605632278043333,-0.6950693453409146,4.951325165223783,0.0,0.0,0.0,0.0,1.0,0.0,0.0
2024-10-04 16:31:13.419227,1.0,1.0,1.0,1.0,1.0,1.0,1.0,894744.0,0.03959816335788845,0.03743414645719283,0.04541919034616077,0.03016587087444806,0.033661686417184034,0.03248844283583844,4.4509147604306555e-05,0.0003528939560055733,-0.0003179224828879039,-0.0,0.0,0.0,0.0,1.0,0.0,0.0,1.6193080580966581,1.2842629343333134,7.148632750178223,0.07307531935183648,0.5485263837134656,0.6950891262362515,0.09871348398822251,-0.7013468362066184,4.9583009059585015,0.0,0.0,0.0,0.0,1.0,0.0,0.0
2024-10-04 16:31:13.503291,1.0,1.0,1.0,1.0,1.0,1.0,1.0,894745.0,0.039532330954326636,0.038123599349151736,0.04518921828443541,0.030485772407004817,0.03394866250806731,0.03245856839932655,5.404682209094367e-05,0.0003974031036098799,-0.00029248868425687163,-0.0,0.0,0.0,0.0,1.0,0.0,0.0,1.6203189344781015,1.2884244277788286,7.1499611832931365,0.07142773023241834,0.5506372394529864,0.6950156050266288,0.09553656157415008,-0.7064210640677585,4.958817572046432,0.0,0.0,0.0,0.0,1.0,0.0,0.0
2024-10-04 16:31:13.506291,1.0,1.0,1.0,1.0,1.0,1.0,1.0,894746.0,0.039201510653345636,0.03825999906698716,0.045419190346160765,0.030612797008878905,0.03392007415562166,0.032308781866774994,4.132992277542752e-05,0.00039422387878100085,-0.00030202635874350875,-0.0,0.0,0.0,0.0,1.0,0.0,0.0,1.6216304532567134,1.2936267818902292,7.151212602632596,0.06830432817303875,0.5510084403968788,0.6923681346208607,0.08881634262440583,-0.7097425129491676,4.940821927355089,0.0,0.0,0.0,0.0,1.0,0.0,0.0
2024-10-04 16:31:13.588143,1.0,1.0,1.0,1.0,1.0,1.0,1.0,894747.0,0.03906839817849147,0.03853134997827472,0.04518921828443541,0.030517578125,0.03406277598114669,0.032308781866774994,3.8150697946548475e-05,0.0004387330263853075,-0.00033699783186117815,-0.0,0.0,0.0,0.0,1.0,0.0,0.0,1.620883413728481,1.297149022316022,7.1512155164598665,0.0657146618779702,0.5542192963520474,0.6945146739401552,0.08290685544329265,-0.715855499956596,4.956101635129885,0.0,0.0,0.0,0.0,1.0,0.0,0.0
2024-10-04 16:31:13.591143,1.0,1.0,1.0,1.0,1.0,1.0,1.0,894748.0,0.03986040571620479,0.03832801689680105,0.04570502822314875,0.030517578125,0.034204882463775475,0.03251828982682399,-9.537674486637115e-06,0.00043873302638530737,-0.0003656108553210895,-0.0,0.0,0.0,0.0,1.0,0.0,0.0,1.6226206202108449,1.2992893516732453,7.1517190819818115,0.06711998165013809,0.55596947362793,0.695116131170382,0.08638192901018289,-0.7194211519938423,4.961135971289006,0.0,0.0,0.0,0.0,1.0,0.0,0.0
2024-10-04 16:31:13.672847,1.0,1.0,1.0,1.0,1.0,1.0,1.0,894749.0,0.039925697169818586,0.038867874708122786,0.04581886408620406,0.03054935072925873,0.03389146168814632,0.03248844283583844,-3.815069794654847e-05,0.0004482707008719446,-0.0003560731808344524,-0.0,0.0,0.0,0.0,1.0,0.0,0.0,1.6228833148182369,1.2996940747224606,7.151135106339745,0.06756112670050976,0.5553459347667088,0.6924232674795453,0.08824166409399516,-0.7188779334911365,4.941505237811135,0.0,0.0,0.0,0.0,1.0,0.0,0.0
2024-10-04 16:31:13.756404,1.0,1.0,1.0,1.0,1.0,1.0,1.0,894750.0,0.040315225390783915,0.039135011011481306,0.04621508152756302,0.030802351742838057,0.03423323297213509,0.032368779656366614,-5.4046822090943663e-05,0.0004609876001874607,-0.0003751485298077266,-0.0,0.0,0.0,0.0,1.0,0.0,0.0,1.6234533200526018,1.3022941565410644,7.150471393945747,0.0672575326054843,0.5577701502477234,0.6967066412720195,0.08679441871309647,-0.7236724358258977,4.97268127158587,0.0,0.0,0.0,0.0,1.0,0.0,0.0
2024-10-04 16:31:13.759847,1.0,1.0,1.0,1.0,1.0,1.0,1.0,894751.0,0.04114655461363215,0.03866631133712533,0.04643997376336176,0.030802351742838057,0.0344028454042274,0.032696799620819436,-3.4971473117669426e-05,0.0004578083753585817,-0.0003878654291232428,-0.0,0.0,0.0,0.0,1.0,0.0,0.0,1.6232131828311132,1.3037016942623945,7.150055449551027,0.06920101051200703,0.5584048807939327,0.6974926436192148,0.0896836170748315,-0.7253031006117387,4.978216146415966,0.0,0.0,0.0,0.0,1.0,0.0,0.0
2024-10-04 16:31:13.841821,1.0,1.0,1.0,1.0,1.0,1.0,1.0,894752.0,0.04082881584609786,0.038867874708122786,0.04621508152756301,0.031084516582433108,0.03426156002122874,0.032667115729434024,-2.2254573802153277e-05,0.0004609876001874607,-0.0003910446539521219,-0.0,0.0,0.0,0.0,1.0,0.0,0.0,1.6226784073735339,1.3068326250377866,7.150224307308932,0.0675806114558778,0.5614851735754612,0.696173483372842,0.08604564608337582,-0.7311513141217286,4.968896888039333,0.0,0.0,0.0,0.0,1.0,0.0,0.0
2024-10-04 16:31:13.845072,1.0,1.0,1.0,1.0,1.0,1.0,1.0,894753.0,0.04037978143756249,0.03926789767914727,0.04564800383634771,0.03127121205432006,0.03437463478414554,0.03308026640118225,-1.271689931551615e-05,0.0004578083753585817,-0.00039740310360987996,-0.0,0.0,0.0,0.0,1.0,0.0,0.0,1.6216850633989277,1.309508408044015,7.146976417108581,0.06843739882106863,0.5598615845564421,0.6978116338409899,0.08696855486564493,-0.7301603695075891,4.979062101977147,0.0,0.0,0.0,0.0,1.0,0.0,0.0
2024-10-04 16:31:13.927240,1.0,1.0,1.0,1.0,1.0,1.0,1.0,894754.0,0.03926789767914727,0.039400336158606504,0.04570502822314875,0.031022035078891817,0.03423323297213509,0.03296275176192149,-4.132992277542751e-05,0.0004514499257008236,-0.00039740310360987996,-0.0,0.0,0.0,0.0,1.0,0.0,0.0,1.6215151633884388,1.3127548280519428,7.145974414092423,0.06513558295996502,0.5589174030267259,0.6942837019765337,0.08226252413399211,-0.7309471582648932,4.952903759689742,0.0,0.0,0.0,0.0,1.0,0.0,0.0
2024-10-04 16:31:13.930243,1.0,1.0,1.0,1.0,1.0,1.0,1.0,894755.0,0.038666311337125336,0.03880080326089555,0.04547650165015325,0.03064447088906264,0.03403428348265909,0.03299216966314644,-2.2254573802153274e-05,0.0004260161270697913,-0.00041965767741203324,-0.0,0.0,0.0,0.0,1.0,0.0,0.0,1.6178597885715809,1.3129222138553565,7.143727779477757,0.06674816637030527,0.5589297182829978,0.6911347152652484,0.08370017927385609,-0.7310653846368861,4.928476904827427,0.0,0.0,0.0,0.0,1.0,0.0,0.0
2024-10-04 16:31:14.011870,1.0,1.0,1.0,1.0,1.0,1.0,1.0,894756.0,0.03886787470812279,0.03893483061427055,0.04536180663361167,0.031115710284795706,0.03414811083549323,0.03357511528435138,-1.5896124144395198e-05,0.00045462915052970265,-0.00042283690224091225,-0.0,0.0,0.0,0.0,1.0,0.0,0.0,1.616519430246784,1.3127468915107525,7.14339121134566,0.06839500948976797,0.5604791930857201,0.6892348494817558,0.08686753037085107,-0.7330166485942442,4.914380457434313,0.0,0.0,0.0,0.0,1.0,0.0,0.0
2024-10-04 16:31:14.095431,1.0,1.0,1.0,1.0,1.0,1.0,1.0,894757.0,0.038123599349151736,0.038666311337125336,0.04621508152756301,0.030990747087997286,0.03380547898296581,0.033546208593426816,-6.358449657758075e-06,0.00044509147604306553,-0.0004355538015564284,-0.0,0.0,0.0,0.0,1.0,0.0,0.0,1.6129494456040325,1.3123922072088277,7.143053168777065,0.07118023937271359,0.5578783074402273,0.6863002760081787,0.09232407683895939,-0.7291692945284103,4.893430274161952,0.0,0.0,0.0,0.0,1.0,0.0,0.0
2024-10-04 16:31:14.098927,1.0,1.0,1.0,1.0,1.0,1.0,1.0,894758.0,0.03771144022072075,0.03900167157440239,0.046045691532351565,0.03073929670896773,0.033748035476753,0.03360399710929144,1.2716899315516164e-05,0.0004578083753585817,-0.0004578083753585817,-0.0,0.0,0.0,0.0,1.0,0.0,0.0,1.6126239388262888,1.3149014493337232,7.142717298180403,0.06961076125546707,0.5589918689932414,0.6870944064290796,0.08631086955046598,-0.731955437223933,4.898615287074537,0.0,0.0,0.0,0.0,1.0,0.0,0.0
2024-10-04 16:31:14.180921,1.0,1.0,1.0,1.0,1.0,1.0,1.0,894759.0,0.03743414645719283,0.03819186010094626,0.04581886408620405,0.03073929670896773,0.03386282504451316,0.033834164163335345,2.8613023459911357e-05,0.0004419122512141865,-0.0004673460498452188,-0.0,0.0,0.0,0.0,1.0,0.0,0.0,1.6091841555659252,1.316458484450404,7.142720215473279,0.06929625920045288,0.5596475842181214,0.6876092086284497,0.08592081104495614,-0.733630621670688,4.902197751996526,0.0,0.0,0.0,0.0,1.0,0.0,0.0
2024-10-04 16:31:14.184421,1.0,1.0,1.0,1.0,1.0,1.0,1.0,894760.0,0.03743414645719283,0.03798670986099516,0.04536180663361167,0.030896693010431804,0.033168129149298335,0.03394866250806731,6.358449657758086e-06,0.00041965767741203324,-0.0004737044995029769,-0.0,0.0,0.0,0.0,1.0,0.0,0.0,1.6082019120206652,1.3168658425144102,7.143385377306775,0.07088953911432921,0.5590489721315448,0.6874134952497344,0.08753182435245674,-0.7329793095238003,4.901247685232849,0.0,0.0,0.0,0.0,1.0,0.0,0.0
2024-10-04 16:31:14.266553,1.0,1.0,1.0,1.0,1.0,1.0,1.0,894761.0,0.03630379747090976,0.038463691717159486,0.04484204885310999,0.03095942747707764,0.03348832035600082,0.03389146168814632,3.179224828879041e-06,0.0004419122512141865,-0.0004737044995029769,-0.0,0.0,0.0,0.0,1.0,0.0,0.0,1.606203190576839,1.316051000296615,7.142889246635973,0.0676204750277832,0.557483506785543,0.6875659293677235,0.08173568957299701,-0.7305210243887558,4.901949108018706,0.0,0.0,0.0,0.0,1.0,0.0,0.0
2024-10-04 16:31:14.348790,1.0,1.0,1.0,1.0,1.0,1.0,1.0,894762.0,0.03694387454679471,0.03825999906698716,0.04507379225100919,0.030485772407004817,0.033748035476753,0.03414811083549323,-1.5896124144395198e-05,0.00040694077809651707,-0.000483242173989614,-0.0,0.0,0.0,0.0,1.0,0.0,0.0,1.6055946168108925,1.317914139071066,7.142970478879264,0.06718778007385595,0.5557574657851879,0.6872873876149539,0.08083884959325993,-0.7292360771737741,4.900144641403561,0.0,0.0,0.0,0.0,1.0,0.0,0.0
2024-10-04 16:31:14.352290,1.0,1.0,1.0,1.0,1.0,1.0,1.0,894763.0,0.036943874546794715,0.03764230828317236,0.045304350237362054,0.030198013527012933,0.03380547898296581,0.03377676944149575,-3.179224828879041e-06,0.00040694077809651707,-0.0004896006236473721,-0.0,0.0,0.0,0.0,1.0,0.0,0.0,1.6040722635430347,1.3165874474856034,7.144883040951339,0.06425985642630276,0.5550370654542658,0.686677200780111,0.07519977945418885,-0.7276110454192272,4.897097846427972,0.0,0.0,0.0,0.0,1.0,0.0,0.0
2024-10-04 16:31:14.433958,1.0,1.0,1.0,1.0,1.0,1.0,1.0,894764.0,0.037780445658522906,0.03764230828317236,0.04443358966925187,0.030676112065162197,0.03426156002122874,0.03406277598114669,0.0,0.00042283690224091225,-0.0005023175229628882,-0.0,0.0,0.0,0.0,1.0,0.0,0.0,1.603164693066085,1.3165755773113985,7.147387438762461,0.06222283091961611,0.5535054906608072,0.6882721662208939,0.0705734122748454,-0.7254271029960364,4.910874310729512,0.0,0.0,0.0,0.0,1.0,0.0,0.0
2024-10-04 16:31:14.437458,1.0,1.0,1.0,1.0,1.0,1.0,1.0,894765.0,0.038123599349151736,0.037918079796158174,0.045304350237362054,0.031084516582433108,0.03417650843776925,0.03389146168814632,-1.5896124144395198e-05,0.00042919535189867036,-0.0005118551974495253,-0.0,0.0,0.0,0.0,1.0,0.0,0.0,1.6030933869781638,1.3170683036782085,7.150467751282435,0.05907361195719143,0.5495397858913016,0.6910411195351102,0.06485474586864652,-0.7203785675609441,4.932590624105776,0.0,0.0,0.0,0.0,1.0,0.0,0.0
2024-10-04 16:31:14.520137,1.0,1.0,1.0,1.0,1.0,1.0,1.0,894766.0,0.03825999906698716,0.037918079796158174,0.044667452282818626,0.030802351742838057,0.03428986366919591,0.033661686417184034,-2.2254573802153274e-05,0.0004419122512141865,-0.0005182136471072835,-0.0,0.0,0.0,0.0,1.0,0.0,0.0,1.604211720788539,1.3197391227942348,7.151552444784937,0.05873327976341887,0.5450256667386567,0.6942585499896218,0.06244656926990952,-0.7158712215598007,4.956674635736081,0.0,0.0,0.0,0.0,1.0,0.0,0.0
2024-10-04 16:31:14.602680,1.0,1.0,1.0,1.0,1.0,1.0,1.0,894767.0,0.03886787470812279,0.03819186010094626,0.04449217056439318,0.03073929670896773,0.034599675713128386,0.033748035476753,-4.132992277542751e-05,0.0004355538015564284,-0.0005150344222784043,-0.0,0.0,0.0,0.0,1.0,0.0,0.0,1.606449113291047,1.321987074789331,7.151887900460964,0.05712415760799105,0.5426024064404806,0.696271055712858,0.06129798178335233,-0.7140783195852384,4.9710854563187565,0.0,0.0,0.0,0.0,1.0,0.0,0.0
2024-10-04 16:31:14.606131,1.0,1.0,1.0,1.0,1.0,1.0,1.0,894768.0,0.03900167157440239,0.0378493252884673,0.0440804694516948,0.031022035078891817,0.03443103291031149,0.033459338679991214,-6.994294623533886e-05,0.0004419122512141865,-0.0004927798484762511,-0.0,0.0,0.0,0.0,1.0,0.0,0.0,1.606345523497459,1.3239999743770323,7.1527180953342215,0.05807164924523325,0.536437470506784,0.6978273787160899,0.06516089554742271,-0.706934662371943,4.982616126293953,0.0,0.0,0.0,0.0,1.0,0.0,0.0
2024-10-04 16:31:14.688211,1.0,1.0,1.0,1.0,1.0,1.0,1.0,894769.0,0.03953233095432663,0.03832801689680105,0.04449217056439318,0.03105329154533826,0.03465570761333854,0.0333431600699038,-5.722604691982271e-05,0.0004482707008719446,-0.00048642139881849305,-0.0,0.0,0.0,0.0,1.0,0.0,0.0,1.6078462847911612,1.32632944037642,7.153631489699477,0.05856388391847575,0.534713127808275,0.7022749022251491,0.0666522442621744,-0.7060428372408942,5.015285735502418,0.0,0.0,0.0,0.0,1.0,0.0,0.0
2024-10-04 16:31:14.691711,1.0,1.0,1.0,1.0,1.0,1.0,1.0,894770.0,0.039532330954326636,0.03880080326089556,0.04443358966925187,0.03086527796111811,0.03504542260087845,0.033661686417184034,-9.537674486637115e-06,0.00045462915052970265,-0.0004896006236473721,-0.0,0.0,0.0,0.0,1.0,0.0,0.0,1.6095975620477536,1.3293201494049511,7.153880643212377,0.0561672632739418,0.5343160816327758,0.7048750501687975,0.06350516282612545,-0.7072254415920558,5.033597090676306,0.0,0.0,0.0,0.0,1.0,0.0,0.0
2024-10-04 16:31:14.773391,1.0,1.0,1.0,1.0,1.0,1.0,1.0,894771.0,0.04012093401707996,0.038666311337125336,0.044550674429986614,0.030676112065162197,0.034823262373934814,0.0333431600699038,-1.907534897327423e-05,0.0004419122512141865,-0.00047688372433185594,-0.0,0.0,0.0,0.0,1.0,0.0,0.0,1.6124401612208683,1.3323611986961703,7.155374654068087,0.05683742621090591,0.534953252072953,0.7068774700171109,0.06404961348871868,-0.7096793742169178,5.049221121957105,0.0,0.0,0.0,0.0,1.0,0.0,0.0
2024-10-04 16:31:14.776396,1.0,1.0,1.0,1.0,1.0,1.0,1.0,894772.0,0.04012093401707996,0.038666311337125336,0.044550674429986614,0.031084516582433108,0.03490673815261534,0.033021561356871405,-3.815069794654847e-05,0.000483242173989614,-0.00045462915052970265,-0.0,0.0,0.0,0.0,1.0,0.0,0.0,1.6134262820525826,1.3313438423319537,7.15462222681567,0.056434073254716687,0.5345458408636161,0.7084561602926179,0.06323267255942643,-0.7087252156731364,5.060347580409384,0.0,0.0,0.0,0.0,1.0,0.0,0.0
2024-10-04 16:31:14.858749,1.0,1.0,1.0,1.0,1.0,1.0,1.0,894773.0,0.04012093401707996,0.03906839817849146,0.044900096837092805,0.03148762440853117,0.03454355292563407,0.03313886745048406,-5.0867597262064634e-05,0.0004896006236473721,-0.0004578083753585817,-0.0,0.0,0.0,0.0,1.0,0.0,0.0,1.6167156329200587,1.3332348107766667,7.1550422741332955,0.05501325502132343,0.5347299745735767,0.7133390036550262,0.061730596063539186,-0.7100336412111596,5.0952240846986,0.0,0.0,0.0,0.0,1.0,0.0,0.0
2024-10-04 16:31:14.941515,1.0,1.0,1.0,1.0,1.0,1.0,1.0,894774.0,0.03959816335788845,0.03946638873835309,0.04536180663361167,0.03167194378429309,0.03431814397393635,0.032815266674204355,-4.4509147604306555e-05,0.0004991382981340092,-0.0004482707008719446,-0.0,0.0,0.0,0.0,1.0,0.0,0.0,1.6184605316975478,1.3339134748617352,7.152044332637732,0.05656330850342892,0.5346739030263268,0.7162178550882441,0.06390468961827842,-0.7104865945401362,5.113057803395186,0.0,0.0,0.0,0.0,1.0,0.0,0.0
2024-10-04 16:31:14.944514,1.0,1.0,1.0,1.0,1.0,1.0,1.0,894775.0,0.039201510653345636,0.03906839817849147,0.04507379225100919,0.03157991857152382,0.03468368961839258,0.03310957989067469,-4.132992277542752e-05,0.0004927798484762511,-0.0004419122512141865,-0.0,0.0,0.0,0.0,1.0,0.0,0.0,1.620264459035639,1.3343311204954065,7.1498763875090425,0.05731370893662055,0.5359522383139872,0.7167216863809529,0.064639435390305,-0.7124180892700859,5.115950368118661,0.0,0.0,0.0,0.0,1.0,0.0,0.0
2024-10-04 16:31:15.026671,1.0,1.0,1.0,1.0,1.0,1.0,1.0,894776.0,0.03900167157440239,0.03832801689680105,0.04581886408620406,0.0316106234096681,0.03448733880714076,0.03290383705573704,-4.76883724331856e-05,0.0004673460498452188,-0.00047688372433185594,-0.0,0.0,0.0,0.0,1.0,0.0,0.0,1.6193595296403789,1.3326714795504062,7.146628339191431,0.06313942446659539,0.5399514320804616,0.7171547922414213,0.0748102129715692,-0.7168384902006775,5.116873289516902,0.0,0.0,0.0,0.0,1.0,0.0,0.0
2024-10-04 16:31:15.030171,1.0,1.0,1.0,1.0,1.0,1.0,1.0,894777.0,0.03900167157440239,0.03832801689680105,0.045304350237362054,0.031763702384431956,0.03443103291031149,0.03254810944778678,-3.17922482887904e-05,0.00048006294916073494,-0.0004737044995029769,-0.0,0.0,0.0,0.0,1.0,0.0,0.0,1.62003028031685,1.3318350164331287,7.145709675548546,0.06132037072248849,0.541431078650897,0.7171629086665169,0.0719059553451355,-0.7182535564434934,5.116224059005319,0.0,0.0,0.0,0.0,1.0,0.0,0.0
2024-10-04 16:31:15.111845,1.0,1.0,1.0,1.0,1.0,1.0,1.0,894778.0,0.03933417265909615,0.037711440220720746,0.04610222401715648,0.03170255949350469,0.03434640099311143,0.032667115729434024,-9.537674486637126e-06,0.0004482707008719446,-0.00048006294916073494,-0.0,0.0,0.0,0.0,1.0,0.0,0.0,1.6196901153116894,1.3285685624912646,7.144376076981289,0.06317014668892633,0.5441232392321548,0.7154795757676484,0.07486429343625094,-0.7202888932352149,5.10289535235514,0.0,0.0,0.0,0.0,1.0,0.0,0.0
2024-10-04 16:31:15.194913,1.0,1.0,1.0,1.0,1.0,1.0,1.0,894779.0,0.03906839817849147,0.03757304914762413,0.04621508152756301,0.03203740138402003,0.03389146168814632,0.03272645658802371,-4.132992277542752e-05,0.00045462915052970265,-0.0004896006236473721,-0.0,0.0,0.0,0.0,1.0,0.0,0.0,1.622585485306354,1.3279875610017566,7.142794156487417,0.0630465166569815,0.5471642967908026,0.7110464279939052,0.07435336761537176,-0.723830253219255,5.069835657306561,0.0,0.0,0.0,0.0,1.0,0.0,0.0
2024-10-04 16:31:15.198415,1.0,1.0,1.0,1.0,1.0,1.0,1.0,894780.0,0.039135011011481306,0.036802597262395625,0.04671956673942694,0.03173314566510837,0.033690494027434716,0.032097906445255474,-4.4509147604306555e-05,0.0004482707008719446,-0.0004705252746740978,-0.0,0.0,0.0,0.0,1.0,0.0,0.0,1.6225758537039316,1.3260616113571086,7.141626156726304,0.0659912908631828,0.5448502693896997,0.7088285920507306,0.07977981447804001,-0.7196739760635675,5.053390427206073,0.0,0.0,0.0,0.0,1.0,0.0,0.0
2024-10-04 16:31:15.280700,1.0,1.0,1.0,1.0,1.0,1.0,1.0,894781.0,0.039729500910397,0.03694387454679471,0.04671956673942695,0.03167194378429309,0.033690494027434716,0.031763702384431956,-5.404682209094367e-05,0.0004355538015564284,-0.00044509147604306553,-0.0,0.0,0.0,0.0,1.0,0.0,0.0,1.6231555951298209,1.3252524232445473,7.141126256405116,0.06569599101393009,0.5427292485325592,0.7091935434921327,0.07910333346792364,-0.716436745100195,5.0555814261626795,0.0,0.0,0.0,0.0,1.0,0.0,0.0
2024-10-04 16:31:15.283644,1.0,1.0,1.0,1.0,1.0,1.0,1.0,894782.0,0.03979500713939933,0.03715478325109878,0.04705288535396545,0.03142594437984583,0.033459338679991214,0.03203740138402003,-5.0867597262064634e-05,0.0004164784525831542,-0.00048006294916073494,-0.0,0.0,0.0,0.0,1.0,0.0,0.0,1.6238919655958979,1.3237749622085127,7.139295421329795,0.06784993583201938,0.5412492246703049,0.708456127688937,0.08314913676613155,-0.7135957418524167,5.048448650224841,0.0,0.0,0.0,0.0,1.0,0.0,0.0
2024-10-04 16:31:15.365824,1.0,1.0,1.0,1.0,1.0,1.0,1.0,894783.0,0.039598163357888454,0.03722482060496381,0.04705288535396546,0.031022035078891817,0.03389146168814632,0.03212811624624381,-6.676372140645982e-05,0.00041965767741203324,-0.0005023175229628882,-0.0,0.0,0.0,0.0,1.0,0.0,0.0,1.6242855930058002,1.3225195067968705,7.1382103248674165,0.06935915528906023,0.5415079492708222,0.7016436003871542,0.0865806200486782,-0.7131845200546432,4.99857242862261,0.0,0.0,0.0,0.0,1.0,0.0,0.0
2024-10-04 16:31:15.369324,1.0,1.0,1.0,1.0,1.0,1.0,1.0,894784.0,0.040055960801949016,0.03666077555081008,0.04771253742739651,0.03073929670896773,0.03351727697218139,0.03191604715477278,-7.630139589309694e-05,0.0003751485298077266,-0.0004959590733051301,-0.0,0.0,0.0,0.0,1.0,0.0,0.0,1.623875925808543,1.3207677527347885,7.136794753278719,0.06874097167196251,0.5432503520727372,0.7006047133438701,0.08669105605824329,-0.7144118080743486,4.990662445757852,0.0,0.0,0.0,0.0,1.0,0.0,0.0
2024-10-04 16:31:15.451901,1.0,1.0,1.0,1.0,1.0,1.0,1.0,894785.0,0.04044423444177086,0.03673175485356617,0.047493671422814646,0.03095942747707764,0.03340129988750126,0.03191604715477278,-7.630139589309694e-05,0.0003974031036098799,-0.0005054967477917672,-0.0,0.0,0.0,0.0,1.0,0.0,0.0,1.6258274689909447,1.3205082954374725,7.135959785835392,0.06924290642492892,0.5454266051565106,0.701841807124168,0.08979153409541175,-0.7171453379632124,4.998730788502743,0.0,0.0,0.0,0.0,1.0,0.0,0.0
2024-10-04 16:31:15.534935,1.0,1.0,1.0,1.0,1.0,1.0,1.0,894786.0,0.040315225390783915,0.03729472643293347,0.04782159479808185,0.03095942747707764,0.03360399710929144,0.03197678183797181,-6.358449657758079e-05,0.000406940778096517,-0.0004959590733051301,-0.0,0.0,0.0,0.0,1.0,0.0,0.0,1.6271121367373318,1.3213322164476498,7.136541353485701,0.06504710467168036,0.5454731870811478,0.7020620674671205,0.08365663104275098,-0.7177832813855881,5.001020717702868,0.0,0.0,0.0,0.0,1.0,0.0,0.0
2024-10-04 16:31:15.538432,1.0,1.0,1.0,1.0,1.0,1.0,1.0,894787.0,0.04050858489526056,0.036802597262395625,0.04814728479203762,0.031084516582433108,0.03348832035600082,0.032398736885968185,-8.265984555085502e-05,0.00039422387878100085,-0.0005054967477917672,-0.0,0.0,0.0,0.0,1.0,0.0,0.0,1.6291841516408228,1.3225155678316103,7.135961245863267,0.06586337065316429,0.5444641793595337,0.7001142587972328,0.08496179535213047,-0.7171185689742599,4.986814549205243,0.0,0.0,0.0,0.0,1.0,0.0,0.0
2024-10-04 16:31:15.619778,1.0,1.0,1.0,1.0,1.0,1.0,1.0,894788.0,0.03979500713939933,0.0378493252884673,0.04782159479808185,0.031178004061435775,0.03392007415562166,0.032815266674204355,-6.994294623533886e-05,0.000410120002925396,-0.0005309305464227996,-0.0,0.0,0.0,0.0,1.0,0.0,0.0,1.6296180579489934,1.3236089488625349,7.136294514515769,0.0647517398793762,0.547937205331729,0.6992433180398692,0.0798346750302955,-0.7221664736107751,4.980556068505994,0.0,0.0,0.0,0.0,1.0,0.0,0.0
2024-10-04 16:31:15.623278,1.0,1.0,1.0,1.0,1.0,1.0,1.0,894789.0,0.03979500713939933,0.037711440220720746,0.047218662327942335,0.030896693010431804,0.03394866250806731,0.032756086704177324,-6.676372140645982e-05,0.000410120002925396,-0.0005372889960805577,-0.0,0.0,0.0,0.0,1.0,0.0,0.0,1.629063000845623,1.3228714758006246,7.139300529038505,0.06627141244855266,0.5500894581973299,0.6992877133162334,0.08172452864350516,-0.7245808803967927,4.982581688896964,0.0,0.0,0.0,0.0,1.0,0.0,0.0
2024-10-04 16:31:15.704895,1.0,1.0,1.0,1.0,1.0,1.0,1.0,894790.0,0.04012093401707996,0.03819186010094626,0.04705288535396546,0.03127121205432006,0.03431814397393635,0.0333431600699038,-6.040527174870175e-05,0.0004419122512141865,-0.000565902019540469,-0.0,0.0,0.0,0.0,1.0,0.0,0.0,1.6288172941887928,1.3226935337870012,7.1398876614755835,0.06595616283039098,0.5542934767062823,0.6981359705480624,0.0819457181645858,-0.7300635650552765,4.974635338391574,0.0,0.0,0.0,0.0,1.0,0.0,0.0
2024-10-04 16:31:15.787950,1.0,1.0,1.0,1.0,1.0,1.0,1.0,894791.0,0.03979500713939933,0.03825999906698716,0.04710820916537823,0.03179422973639322,0.034767500508899686,0.03386282504451316,-3.4971473117669426e-05,0.0004609876001874607,-0.0005976942678292594,-0.0,0.0,0.0,0.0,1.0,0.0,0.0,1.6269205698385805,1.3227825077859299,7.139136520732826,0.06586816337755241,0.5560802240910582,0.6973145221657472,0.08220630105681,-0.7326147310754838,4.968258852099832,0.0,0.0,0.0,0.0,1.0,0.0,0.0
2024-10-04 16:31:15.790951,1.0,1.0,1.0,1.0,1.0,1.0,1.0,894792.0,0.04012093401707996,0.037780445658522906,0.04677528478753899,0.03185519667586617,0.03468368961839258,0.03363285413230715,-3.179224828879039e-05,0.0004609876001874607,-0.000572260469198227,-0.0,0.0,0.0,0.0,1.0,0.0,0.0,1.6236488651983676,1.3242689436260189,7.139465992887723,0.06425462420236872,0.5570263949897213,0.6979849072113326,0.07871278714484749,-0.7346640715956182,4.97286221826039,0.0,0.0,0.0,0.0,1.0,0.0,0.0
2024-10-04 16:31:15.873373,1.0,1.0,1.0,1.0,1.0,1.0,1.0,894793.0,0.04025056580563931,0.037780445658522906,0.04643997376336176,0.03179422973639322,0.03548557074494756,0.03403428348265909,-2.5433798631032314e-05,0.0004705252746740978,-0.000565902019540469,-0.0,0.0,0.0,0.0,1.0,0.0,0.0,1.6195939861629158,1.3230178944525774,7.139047947886023,0.062143669735643094,0.5588479696586436,0.7017533040089513,0.07055212913085206,-0.7366185925762965,4.999835026644003,0.0,0.0,0.0,0.0,1.0,0.0,0.0
2024-10-04 16:31:15.876873,1.0,1.0,1.0,1.0,1.0,1.0,1.0,894794.0,0.03999088202492748,0.037503662109375,0.04587567609077438,0.031763702384431956,0.03559475737450401,0.034091244666417886,-3.179224828879039e-05,0.00048642139881849305,-0.0005817981436848642,-0.0,0.0,0.0,0.0,1.0,0.0,0.0,1.6183866806918807,1.3203931612874025,7.140545791721258,0.06139423960336836,0.5602323633127705,0.7012092149924674,0.06703039959853326,-0.7368820434993847,4.996882645394118,0.0,0.0,0.0,0.0,1.0,0.0,0.0
2024-10-04 16:31:15.958967,1.0,1.0,1.0,1.0,1.0,1.0,1.0,894795.0,0.03959816335788845,0.037084613626145846,0.045989089554554836,0.03148762440853117,0.03534861318744721,0.033834164163335345,-3.815069794654847e-05,0.0004419122512141865,-0.0005531851202249528,-0.0,0.0,0.0,0.0,1.0,0.0,0.0,1.6176156005993843,1.3183170958316102,7.1422972553819895,0.061559182456258764,0.5574939478327001,0.7043572029523808,0.06629196786015415,-0.7318731032909803,5.020000694136599,0.0,0.0,0.0,0.0,1.0,0.0,0.0
2024-10-04 16:31:15.962468,1.0,1.0,1.0,1.0,1.0,1.0,1.0,894796.0,0.040055960801949016,0.03666077555081008,0.0447839256286125,0.03151841915858901,0.03510074295512457,0.03357511528435138,-2.8613023459911357e-05,0.00044509147604306553,-0.0005213928719361625,-0.0,0.0,0.0,0.0,1.0,0.0,0.0,1.6172042437728311,1.3158302033505342,7.1433817310300505,0.06318014038107336,0.556432850199461,0.7039465424752261,0.06954586662459723,-0.7289274148139989,5.0175047881744135,0.0,0.0,0.0,0.0,1.0,0.0,0.0
2024-10-04 16:31:16.043990,1.0,1.0,1.0,1.0,1.0,1.0,1.0,894797.0,0.03953233095432663,0.036802597262395625,0.04501596824740669,0.031240173622796498,0.03515597625908419,0.033284918697807614,-1.9075348973274234e-05,0.00043237457672754936,-0.0005182136471072835,-0.0,0.0,0.0,0.0,1.0,0.0,0.0,1.6139417107122978,1.3120850713002674,7.144297048206599,0.06321551185136409,0.5595675090657025,0.7050227151168741,0.06627039665147724,-0.7311040673082995,5.025369816127238,0.0,0.0,0.0,0.0,1.0,0.0,0.0
2024-10-04 16:31:16.127455,1.0,1.0,1.0,1.0,1.0,1.0,1.0,894798.0,0.03986040571620479,0.03601566753881429,0.044900096837092805,0.03127121205432006,0.03501772965099794,0.03284481667269478,-1.5896124144395195e-05,0.00042283690224091225,-0.0005086759726206463,-0.0,0.0,0.0,0.0,1.0,0.0,0.0,1.6135808916395276,1.310572892317431,7.144886686461893,0.06426285178259196,0.5580888474047976,0.7041477530621637,0.07100799044126915,-0.7283460161760795,5.019611731117952,0.0,0.0,0.0,0.0,1.0,0.0,0.0
2024-10-04 16:31:16.130952,1.0,1.0,1.0,1.0,1.0,1.0,1.0,894799.0,0.03999088202492748,0.03594327416403232,0.04541919034616077,0.03179422973639322,0.034878935091133,0.032874340109372714,1.589612414439519e-05,0.0003910446539521219,-0.0005150344222784043,-0.0,0.0,0.0,0.0,1.0,0.0,0.0,1.6112695258274785,1.3096563206783598,7.142385787934076,0.06097178618014968,0.5550288254766048,0.7055088625335227,0.06426620028284798,-0.7239241728194082,5.028099058688439,0.0,0.0,0.0,0.0,1.0,0.0,0.0
2024-10-04 16:31:16.212632,1.0,1.0,1.0,1.0,1.0,1.0,1.0,894800.0,0.03946638873835309,0.035725213865335635,0.045304350237362054,0.03145679951185349,0.03465570761333854,0.03248844283583844,3.1792248288790396e-06,0.00037196930497884767,-0.0005054967477917672,-0.0,0.0,0.0,0.0,1.0,0.0,0.0,1.6116888618739356,1.3088330098954721,7.141799590286899,0.058015317519361696,0.5549290204773749,0.7052245466607537,0.05946723609948434,-0.7234009737608795,5.0251867415588505,0.0,0.0,0.0,0.0,1.0,0.0,0.0
2024-10-04 16:31:16.215632,1.0,1.0,1.0,1.0,1.0,1.0,1.0,894801.0,0.03900167157440239,0.035505814366342106,0.04501596824740669,0.030896693010431804,0.03423323297213509,0.032368779656366614,-3.1792248288790362e-06,0.00036243163049221044,-0.000483242173989614,-0.0,0.0,0.0,0.0,1.0,0.0,0.0,1.6127753952799924,1.306190110084254,7.140800508450424,0.0583663009666172,0.5571919900366743,0.7077845974276751,0.060372432057706836,-0.7248299617282933,5.04190108715365,0.0,0.0,0.0,0.0,1.0,0.0,0.0
2024-10-04 16:31:16.297132,1.0,1.0,1.0,1.0,1.0,1.0,1.0,894802.0,0.03893483061427055,0.03594327416403232,0.045304350237362054,0.0313331966781849,0.03434640099311143,0.03233879467572394,9.53767448663712e-06,0.00037196930497884756,-0.00048642139881849305,-0.0,0.0,0.0,0.0,1.0,0.0,0.0,1.6166801885388842,1.304350163151337,7.140383271141854,0.058880877974331454,0.558200418768517,0.7093503279422052,0.06213010603439678,-0.725076692283763,5.053216230076328,0.0,0.0,0.0,0.0,1.0,0.0,0.0
2024-10-04 16:31:16.380615,1.0,1.0,1.0,1.0,1.0,1.0,1.0,894803.0,0.03825999906698716,0.036231979799249525,0.04507379225100919,0.03142594437984583,0.033748035476753,0.03182472780550264,3.1792248288790396e-05,0.0004132992277542751,-0.0004419122512141865,-0.0,0.0,0.0,0.0,1.0,0.0,0.0,1.6190127885009027,1.3041896658286698,7.1396314529022495,0.05918052118085478,0.5576752262745521,0.7091779532524409,0.0658103783784367,-0.7241448408803317,5.0515942324629375,0.0,0.0,0.0,0.0,1.0,0.0,0.0
2024-10-04 16:31:16.384111,1.0,1.0,1.0,1.0,1.0,1.0,1.0,894804.0,0.038055216156251626,0.03608791569074071,0.04443358966925188,0.0313331966781849,0.033748035476753,0.03185519667586617,3.497147311766943e-05,0.00042919535189867025,-0.0004387330263853075,-0.0,0.0,0.0,0.0,1.0,0.0,0.0,1.6212138692994185,1.3072692511969501,7.139044299393951,0.061957710915391394,0.5582317010972199,0.7057591145611297,0.07209700531019951,-0.7266557072821062,5.026846948744723,0.0,0.0,0.0,0.0,1.0,0.0,0.0
2024-10-04 16:31:16.466409,1.0,1.0,1.0,1.0,1.0,1.0,1.0,894805.0,0.03832801689680105,0.03651840306907817,0.044550674429986614,0.03130221970899244,0.03414811083549323,0.03170255949350469,3.815069794654848e-05,0.0004482707008719446,-0.0004578083753585817,-0.0,0.0,0.0,0.0,1.0,0.0,0.0,1.6209957155209185,1.307265266280629,7.137960624375497,0.06322233208564193,0.5605465288938843,0.7031005970645688,0.07339743232226455,-0.7299481015810514,5.007536501141741,0.0,0.0,0.0,0.0,1.0,0.0,0.0
2024-10-04 16:31:16.469861,1.0,1.0,1.0,1.0,1.0,1.0,1.0,894806.0,0.0378493252884673,0.03673175485356617,0.04449217056439318,0.0313331966781849,0.034204882463775475,0.03194642892952922,1.9075348973274238e-05,0.0004355538015564284,-0.0004355538015564284,-0.0,0.0,0.0,0.0,1.0,0.0,0.0,1.6224349446378223,1.3087772866207008,7.137294227103445,0.06131735719266756,0.5612076715169795,0.7039915707853998,0.069335076869392,-0.7315855684782161,5.0135617882229875,0.0,0.0,0.0,0.0,1.0,0.0,0.0
2024-10-04 16:31:16.550981,1.0,1.0,1.0,1.0,1.0,1.0,1.0,894807.0,0.038733615672373205,0.03715478325109878,0.043664886724146465,0.03148762440853117,0.03417650843776925,0.031763702384431956,1.5896124144395195e-05,0.0004609876001874607,-0.0003910446539521219,-0.0,0.0,0.0,0.0,1.0,0.0,0.0,1.6235367469271729,1.3090072324891866,7.135874823672335,0.0605138644472053,0.560072038841606,0.7024415503405733,0.07014030597176835,-0.7301197439765582,5.002085236560386,0.0,0.0,0.0,0.0,1.0,0.0,0.0
2024-10-04 16:31:16.634353,1.0,1.0,1.0,1.0,1.0,1.0,1.0,894808.0,0.038733615672373205,0.037711440220720746,0.042943103346232976,0.03120910432259612,0.034515457310635475,0.031763702384431956,6.358449657758079e-06,0.0004927798484762511,-0.0003910446539521219,-0.0,0.0,0.0,0.0,1.0,0.0,0.0,1.623639239904029,1.3085974280921027,7.136119487166714,0.0578286429512432,0.559832291232911,0.7031963103989545,0.0658443216498736,-0.7296568303380485,5.008038810254056,0.0,0.0,0.0,0.0,1.0,0.0,0.0
2024-10-04 16:31:16.637574,1.0,1.0,1.0,1.0,1.0,1.0,1.0,894809.0,0.03832801689680105,0.038123599349151736,0.04318503823719134,0.03064447088906264,0.03465570761333854,0.03188563643118791,-2.8613023459911346e-05,0.0005245720967650415,-0.00037196930497884756,-0.0,0.0,0.0,0.0,1.0,0.0,0.0,1.623194107436476,1.3057714426267866,7.136282834829875,0.061628850697134856,0.5576164083762731,0.7026165091425685,0.07300467820416831,-0.7252197006291906,5.003766159171531,0.0,0.0,0.0,0.0,1.0,0.0,0.0
2024-10-04 16:31:16.719489,1.0,1.0,1.0,1.0,1.0,1.0,1.0,894810.0,0.03819186010094626,0.03886787470812279,0.04330549882888886,0.03086527796111811,0.03448733880714076,0.03188563643118791,-1.907534897327423e-05,0.0005309305464227996,-0.0003338186070322991,-0.0,0.0,0.0,0.0,1.0,0.0,0.0,1.6231076338892585,1.30450664738447,7.136785994130087,0.06271374901518474,0.5533936405677509,0.7040706285868473,0.07333521035061362,-0.7189075515869958,5.0149619003342005,0.0,0.0,0.0,0.0,1.0,0.0,0.0
2024-10-04 16:31:16.722554,1.0,1.0,1.0,1.0,1.0,1.0,1.0,894811.0,0.03866631133712533,0.03900167157440239,0.044316195568033935,0.03070772063827226,0.03428986366919591,0.0316106234096681,-4.13299227754275e-05,0.0005277513215939206,-0.00035925240566333144,-0.0,0.0,0.0,0.0,1.0,0.0,0.0,1.6226240111443286,1.304041133131731,7.136787453988941,0.06202705566358996,0.547232595621492,0.7043462170726462,0.07108132498118769,-0.7102862024481443,5.017191495753082,0.0,0.0,0.0,0.0,1.0,0.0,0.0
2024-10-04 16:31:16.805163,1.0,1.0,1.0,1.0,1.0,1.0,1.0,894812.0,0.03819186010094626,0.03900167157440239,0.0440804694516948,0.03016587087444806,0.0344028454042274,0.031763702384431956,-2.8613023459911346e-05,0.0005086759726206463,-0.0003751485298077266,-0.0,0.0,0.0,0.0,1.0,0.0,0.0,1.6223516416166672,1.3037000636940572,7.137790016843821,0.06244874048473807,0.5450638923077571,0.7060716549280599,0.07173204838273674,-0.707386877666584,5.02990269264946,0.0,0.0,0.0,0.0,1.0,0.0,0.0
2024-10-04 16:31:16.808663,1.0,1.0,1.0,1.0,1.0,1.0,1.0,894813.0,0.03832801689680105,0.03893483061427055,0.044198489661446745,0.03013369393635788,0.03426156002122874,0.032007105962223864,-6.040527174870173e-05,0.0004673460498452188,-0.000403761553267638,-0.0,0.0,0.0,0.0,1.0,0.0,0.0,1.6224285229801008,1.3024252574961745,7.137792206323964,0.06372782299727132,0.5448444190126772,0.7061284655870039,0.07457218112847842,-0.7065603107510043,5.030566410501699,0.0,0.0,0.0,0.0,1.0,0.0,0.0
2024-10-04 16:31:16.889377,1.0,1.0,1.0,1.0,1.0,1.0,1.0,894814.0,0.03893483061427055,0.03979500713939933,0.044609101569099904,0.030453933471522428,0.03406277598114669,0.03191604715477278,-8.265984555085502e-05,0.0004737044995029769,-0.00039740310360987996,-0.0,0.0,0.0,0.0,1.0,0.0,0.0,1.6210246383225073,1.299845476423257,7.138129038453347,0.06092555071668755,0.5406856952578049,0.7056665965740173,0.06619137230839277,-0.6997188649307018,5.027572842310049,0.0,0.0,0.0,0.0,1.0,0.0,0.0
2024-10-04 16:31:16.973674,1.0,1.0,1.0,1.0,1.0,1.0,1.0,894815.0,0.03959816335788845,0.03979500713939933,0.045304350237362054,0.03039015553037446,0.03348832035600082,0.031763702384431956,-8.583907037973405e-05,0.0004609876001874607,-0.00041329922775427513,-0.0,0.0,0.0,0.0,1.0,0.0,0.0,1.620456993528523,1.2988628125484178,7.1373806321076865,0.05978311531430583,0.5401108010162755,0.7050668120082825,0.0650596271438457,-0.6982667014235631,5.022711365987689,0.0,0.0,0.0,0.0,1.0,0.0,0.0
2024-10-04 16:31:16.976791,1.0,1.0,1.0,1.0,1.0,1.0,1.0,894816.0,0.03933417265909615,0.039729500910396995,0.04570502822314875,0.0303262434606198,0.03325575976212062,0.03157991857152382,-7.630139589309694e-05,0.0004514499257008236,-0.00043237457672754936,-0.0,0.0,0.0,0.0,1.0,0.0,0.0,1.620132995120079,1.2968430318242168,7.137051063684976,0.06177430830725727,0.5420767598572975,0.707345819555675,0.06885831509945173,-0.6996759201635688,5.03810722480716,0.0,0.0,0.0,0.0,1.0,0.0,0.0
2024-10-04 16:31:17.058467,1.0,1.0,1.0,1.0,1.0,1.0,1.0,894817.0,0.038867874708122786,0.03966388649582423,0.04666378216223113,0.03064447088906264,0.033284918697807614,0.03218845078999174,-8.265984555085502e-05,0.00044509147604306553,-0.0004896006236473721,-0.0,0.0,0.0,0.0,1.0,0.0,0.0,1.6200174179120441,1.296500068788053,7.137882984205367,0.06385507769182339,0.5419137067403416,0.7100513253136961,0.07241532729885294,-0.6994397596895903,5.058308296921231,0.0,0.0,0.0,0.0,1.0,0.0,0.0
2024-10-04 16:31:17.061202,1.0,1.0,1.0,1.0,1.0,1.0,1.0,894818.0,0.03893483061427055,0.03933417265909615,0.0478760303248665,0.030928076150071922,0.03319736505550277,0.03227874115189541,-5.722604691982271e-05,0.0004419122512141865,-0.0004737044995029769,-0.0,0.0,0.0,0.0,1.0,0.0,0.0,1.6206943248642944,1.294579586747593,7.138137066162634,0.07065850781714891,0.5381497640995212,0.7132056482647781,0.08281755328872431,-0.6933512834122083,5.081050229909421,0.0,0.0,0.0,0.0,1.0,0.0,0.0
2024-10-04 16:31:17.143992,1.0,1.0,1.0,1.0,1.0,1.0,1.0,894819.0,0.03906839817849146,0.03926789767914727,0.04754848237172128,0.030802351742838057,0.033168129149298335,0.032097906445255474,-5.722604691982271e-05,0.0004419122512141865,-0.00048642139881849305,-0.0,0.0,0.0,0.0,1.0,0.0,0.0,1.6218228255857732,1.294931104209684,7.139304177399631,0.07012652738667415,0.5417459998012438,0.7160371765751925,0.0814222079120923,-0.6980518745574642,5.102205439540654,0.0,0.0,0.0,0.0,1.0,0.0,0.0
2024-10-04 16:31:17.227348,1.0,1.0,1.0,1.0,1.0,1.0,1.0,894820.0,0.03913501101148131,0.03893483061427055,0.04754848237172128,0.030676112065162197,0.03351727697218139,0.03233879467572394,-6.358449657758079e-05,0.0004355538015564284,-0.0004991382981340092,-0.0,0.0,0.0,0.0,1.0,0.0,0.0,1.6201874749827427,1.293048579798364,7.139807853399206,0.07126034680352107,0.5462103457779536,0.7162169413276797,0.08336838342759453,-0.7027091298404691,5.104060702262555,0.0,0.0,0.0,0.0,1.0,0.0,0.0
2024-10-04 16:31:17.230850,1.0,1.0,1.0,1.0,1.0,1.0,1.0,894821.0,0.03906839817849147,0.038867874708122786,0.046607930817067524,0.031146872746571578,0.03360399710929144,0.032398736885968185,-5.722604691982271e-05,0.0004609876001874607,-0.0004896006236473721,-0.0,0.0,0.0,0.0,1.0,0.0,0.0,1.6205884311609762,1.291649598677322,7.14064382995191,0.0717650094354559,0.549386347525158,0.7125886224869353,0.08643991832338106,-0.7064776235708485,5.07887373090944,0.0,0.0,0.0,0.0,1.0,0.0,0.0
2024-10-04 16:31:17.312809,1.0,1.0,1.0,1.0,1.0,1.0,1.0,894822.0,0.03900167157440239,0.039135011011481306,0.046942042124967255,0.031146872746571578,0.03351727697218139,0.032007105962223864,-6.994294623533886e-05,0.0004896006236473721,-0.0004482707008719446,-0.0,0.0,0.0,0.0,1.0,0.0,0.0,1.6196163203723801,1.2898292977006698,7.141397729987138,0.07035376083553604,0.5526069629310163,0.7088979436979896,0.0807042897434424,-0.7097297413806422,5.053642767663556,0.0,0.0,0.0,0.0,1.0,0.0,0.0
2024-10-04 16:31:17.316309,1.0,1.0,1.0,1.0,1.0,1.0,1.0,894823.0,0.03959816335788845,0.03933417265909616,0.04754848237172127,0.03127121205432006,0.033168129149298335,0.03130221970899244,-6.040527174870174e-05,0.00048642139881849305,-0.0004355538015564284,-0.0,0.0,0.0,0.0,1.0,0.0,0.0,1.6194397698159313,1.2880226020749033,7.142897268995389,0.07224860174660352,0.5490917939350805,0.7117393183419883,0.08481084314995452,-0.7039506781133423,5.074424679107475,0.0,0.0,0.0,0.0,1.0,0.0,0.0
2024-10-04 16:31:17.397056,1.0,1.0,1.0,1.0,1.0,1.0,1.0,894824.0,0.03900167157440239,0.039201510653345636,0.04782159479808185,0.031146872746571578,0.03331405211143558,0.03170255949350469,-3.1792248288790396e-05,0.0005118551974495253,-0.00046416682501633976,-0.0,0.0,0.0,0.0,1.0,0.0,0.0,1.618097500847434,1.2847907265170628,7.143564602053739,0.07281978905115352,0.5487286413940353,0.7137378739447573,0.08799726959592277,-0.7019086085981403,5.089030542610207,0.0,0.0,0.0,0.0,1.0,0.0,0.0
2024-10-04 16:31:17.400556,1.0,1.0,1.0,1.0,1.0,1.0,1.0,894825.0,0.039201510653345636,0.03880080326089555,0.047273792133441635,0.030896693010431804,0.03348832035600082,0.032308781866774994,-3.497147311766943e-05,0.0005118551974495253,-0.00046416682501633976,-0.0,0.0,0.0,0.0,1.0,0.0,0.0,1.6199116607430426,1.2823160005069003,7.145391427053391,0.07479391388657289,0.5479462264217076,0.7141347532917548,0.09118056938361027,-0.6997320360049929,5.093568482342342,0.0,0.0,0.0,0.0,1.0,0.0,0.0
2024-10-04 16:31:17.483301,1.0,1.0,1.0,1.0,1.0,1.0,1.0,894826.0,0.039532330954326636,0.039729500910396995,0.04738385931883414,0.03070772063827226,0.033690494027434716,0.03227874115189541,-1.9075348973274234e-05,0.0005563643450538319,-0.00046416682501633976,-0.0,0.0,0.0,0.0,1.0,0.0,0.0,1.6174742594123093,1.2809931073514609,7.145970769136772,0.07462441675302363,0.5453392745012097,0.7132102039597904,0.09015124908669835,-0.6955973195446725,5.087499203368324,0.0,0.0,0.0,0.0,1.0,0.0,0.0
2024-10-04 16:31:17.566220,1.0,1.0,1.0,1.0,1.0,1.0,1.0,894827.0,0.03979500713939933,0.039729500910397,0.0479304040281651,0.03010148260279399,0.03360399710929144,0.03170255949350469,-1.2716899315516158e-05,0.0005500058953960738,-0.0004514499257008236,-0.0,0.0,0.0,0.0,1.0,0.0,0.0,1.6178374301132346,1.2798527705063845,7.146555166778971,0.07806698186712684,0.5450694013150974,0.7147875643310703,0.09671974836266445,-0.6945312930785558,5.09915504480785,0.0,0.0,0.0,0.0,1.0,0.0,0.0
2024-10-04 16:31:17.568723,1.0,1.0,1.0,1.0,1.0,1.0,1.0,894828.0,0.04044423444177086,0.03953233095432663,0.047657915157139484,0.030004641120915988,0.03310957989067469,0.031641298451732976,-2.5433798631032317e-05,0.0005213928719361625,-0.0004578083753585817,-0.0,0.0,0.0,0.0,1.0,0.0,0.0,1.6167639649148462,1.278527328647615,7.145551646623934,0.07232504197849984,0.5516125956957165,0.7169923800139508,0.08784726569427448,-0.7022669484485287,5.114011394220248,0.0,0.0,0.0,0.0,1.0,0.0,0.0
2024-10-04 16:31:17.651821,1.0,1.0,1.0,1.0,1.0,1.0,1.0,894829.0,0.04037978143756248,0.039201510653345636,0.0480931562928653,0.03039015553037446,0.03310957989067469,0.031364143052817484,-9.537674486637115e-06,0.0005213928719361625,-0.0004482707008719446,-0.0,0.0,0.0,0.0,1.0,0.0,0.0,1.6183707672971421,1.2780156672031,7.144804017784183,0.06937547155637731,0.5513211587555533,0.7155509943546993,0.08146079175839517,-0.7014564711019904,5.103684022994866,0.0,0.0,0.0,0.0,1.0,0.0,0.0
2024-10-04 16:31:17.654821,1.0,1.0,1.0,1.0,1.0,1.0,1.0,894830.0,0.04037978143756249,0.03933417265909616,0.04852449368406469,0.030294236862297798,0.03284481667269478,0.030990747087997286,3.179224828879042e-06,0.0005468266705671948,-0.00045462915052970265,-0.0,0.0,0.0,0.0,1.0,0.0,0.0,1.6194399506523511,1.2769199628700334,7.144547985514886,0.06708965275518639,0.5493067108359758,0.7144200388277069,0.07725992765661208,-0.6982988511243791,5.09514197154515,0.0,0.0,0.0,0.0,1.0,0.0,0.0
2024-10-04 16:31:17.736413,1.0,1.0,1.0,1.0,1.0,1.0,1.0,894831.0,0.04057283328598263,0.03913501101148131,0.04879214322483564,0.02977745290061739,0.032815266674204355,0.030990747087997286,-1.2716899315516153e-05,0.0005150344222784043,-0.00044509147604306553,-0.0,0.0,0.0,0.0,1.0,0.0,0.0,1.6206752198226257,1.2766597552337995,7.143464416167361,0.0656671931076552,0.5506356454165193,0.713254647448185,0.07215496728879267,-0.6998190147181353,5.086045549073882,0.0,0.0,0.0,0.0,1.0,0.0,0.0
2024-10-04 16:31:17.819655,1.0,1.0,1.0,1.0,1.0,1.0,1.0,894832.0,0.04127296521748624,0.03853134997827472,0.04841701959046651,0.029972291094128595,0.03296275176192149,0.031022035078891817,9.53767448663712e-06,0.0004673460498452188,-0.00046416682501633976,-0.0,0.0,0.0,0.0,1.0,0.0,0.0,1.6203287602333905,1.2740646020351922,7.141129903833489,0.06838078629842574,0.549256921528352,0.7130605309129047,0.07961638508000785,-0.6966907899542196,5.082923617577104,0.0,0.0,0.0,0.0,1.0,0.0,0.0
2024-10-04 16:31:17.823152,1.0,1.0,1.0,1.0,1.0,1.0,1.0,894833.0,0.04127296521748624,0.038055216156251626,0.04803896680377672,0.029875030834123562,0.03337224263981984,0.03130221970899244,3.1792248288790456e-06,0.0004705252746740978,-0.00047688372433185594,-0.0,0.0,0.0,0.0,1.0,0.0,0.0,1.622156301162434,1.2731503891070737,7.139545075138144,0.06587369600782264,0.5534395519230061,0.7088559642239717,0.07227116038670527,-0.7017752935241818,5.05196952817908,0.0,0.0,0.0,0.0,1.0,0.0,0.0
2024-10-04 16:31:17.905031,1.0,1.0,1.0,1.0,1.0,1.0,1.0,894834.0,0.04127296521748624,0.03757304914762413,0.04841701959046651,0.02977745290061739,0.033690494027434716,0.031146872746571578,1.2716899315516164e-05,0.00041329922775427513,-0.0004705252746740978,-0.0,0.0,0.0,0.0,1.0,0.0,0.0,1.624084250368733,1.2728337841486073,7.136631417332666,0.06571352927796309,0.5563881821952529,0.711478454311825,0.07438645510340564,-0.7053526636963298,5.069145370218251,0.0,0.0,0.0,0.0,1.0,0.0,0.0
2024-10-04 16:31:17.908532,1.0,1.0,1.0,1.0,1.0,1.0,1.0,894835.0,0.04050858489526056,0.0378493252884673,0.04825535964135791,0.0303262434606198,0.03351727697218139,0.030990747087997286,3.1792248288790477e-06,0.0004355538015564284,-0.0004514499257008236,-0.0,0.0,0.0,0.0,1.0,0.0,0.0,1.6230404135973648,1.2740850456957138,7.133717299731693,0.06295587698758838,0.5568322121058905,0.7128291738820699,0.06837918152686133,-0.7065526612669255,5.076472427912532,0.0,0.0,0.0,0.0,1.0,0.0,0.0
2024-10-04 16:31:17.990294,1.0,1.0,1.0,1.0,1.0,1.0,1.0,894836.0,0.04037978143756249,0.036802597262395625,0.048845497142607545,0.03039015553037446,0.03363285413230715,0.031084516582433108,3.179224828879043e-06,0.00039740310360987996,-0.00045462915052970265,-0.0,0.0,0.0,0.0,1.0,0.0,0.0,1.6231204718056735,1.2730784061507605,7.129637141504346,0.06108423872132571,0.5562309023520243,0.7110509975230153,0.066021414145087,-0.7053779671299215,5.061173775153802,0.0,0.0,0.0,0.0,1.0,0.0,0.0
2024-10-04 16:31:18.073501,1.0,1.0,1.0,1.0,1.0,1.0,1.0,894837.0,0.04063698009803076,0.036589658557456724,0.04841701959046651,0.03077084037730748,0.03389146168814632,0.031240173622796498,4.76883724331856e-05,0.000400582328438759,-0.0004737044995029769,-0.0,0.0,0.0,0.0,1.0,0.0,0.0,1.6236199891441672,1.2710029300984576,7.126138525800595,0.05564115247446878,0.5547996384921847,0.7094926772671953,0.058961470210966316,-0.7024795549036362,5.047421853122236,0.0,0.0,0.0,0.0,1.0,0.0,0.0
2024-10-04 16:31:18.076992,1.0,1.0,1.0,1.0,1.0,1.0,1.0,894838.0,0.040315225390783915,0.03701431097784902,0.04820135250676256,0.030485772407004817,0.03437463478414554,0.03139505892336215,2.5433798631032317e-05,0.00041329922775427513,-0.00048642139881849305,-0.0,0.0,0.0,0.0,1.0,0.0,0.0,1.624688924433452,1.2691981663540821,7.123221578185928,0.0560993674821562,0.5535192616840299,0.7037903811862865,0.057152379842252174,-0.6997602179827583,5.0047399061137945,0.0,0.0,0.0,0.0,1.0,0.0,0.0
2024-10-04 16:31:18.158638,1.0,1.0,1.0,1.0,1.0,1.0,1.0,894839.0,0.04012093401707996,0.037084613626145846,0.04771253742739651,0.029875030834123562,0.03457162570793951,0.03179422973639322,1.5896124144395198e-05,0.00041329922775427513,-0.0004991382981340092,-0.0,0.0,0.0,0.0,1.0,0.0,0.0,1.6251975758148218,1.266205333314866,7.120967033602318,0.056434573503982524,0.5514866240344132,0.7045005283875971,0.05624513799397776,-0.6956774330666337,5.008191791524988,0.0,0.0,0.0,0.0,1.0,0.0,0.0
2024-10-04 16:31:18.162138,1.0,1.0,1.0,1.0,1.0,1.0,1.0,894840.0,0.04025056580563931,0.03651840306907817,0.04666378216223113,0.029939906113202793,0.034767500508899686,0.032067668184708895,6.358449657758084e-06,0.00039740310360987996,-0.00048006294916073494,-0.0,0.0,0.0,0.0,1.0,0.0,0.0,1.625351065671834,1.2648903012706585,7.117713843730983,0.05853977602223033,0.5533168348760708,0.7038032355009093,0.0601217674217775,-0.6970866938598775,5.0004315938850405,0.0,0.0,0.0,0.0,1.0,0.0,0.0
2024-10-04 16:31:18.243771,1.0,1.0,1.0,1.0,1.0,1.0,1.0,894841.0,0.040185802182344105,0.03658965855745672,0.04666378216223113,0.03010148260279399,0.034878935091133,0.032007105962223864,2.5433798631032317e-05,0.00040694077809651707,-0.0004927798484762511,-0.0,0.0,0.0,0.0,1.0,0.0,0.0,1.624112937852475,1.2633669901144358,7.116045921634964,0.062055020014224666,0.5531286993771638,0.7046391480305431,0.06764711454612576,-0.6959735425347233,5.005064969236575,0.0,0.0,0.0,0.0,1.0,0.0,0.0
2024-10-04 16:31:18.247134,1.0,1.0,1.0,1.0,1.0,1.0,1.0,894842.0,0.03946638873835309,0.037224820604963814,0.046552012463619064,0.02990748606458951,0.03515597625908419,0.03218845078999174,-1.2716899315516152e-05,0.00042919535189867036,-0.0005086759726206463,-0.0,0.0,0.0,0.0,1.0,0.0,0.0,1.6251911650731525,1.2636051995958089,7.114462827391449,0.060814155213962995,0.5533608324841871,0.7027224013978214,0.0664378253124886,-0.696353493544365,4.98984166747055,0.0,0.0,0.0,0.0,1.0,0.0,0.0
2024-10-04 16:31:18.328677,1.0,1.0,1.0,1.0,1.0,1.0,1.0,894843.0,0.03926789767914727,0.037224820604963814,0.046830936544030206,0.030198013527012933,0.03554020599014928,0.032696799620819436,9.537674486637115e-06,0.00042283690224091225,-0.0005054967477917672,-0.0,0.0,0.0,0.0,1.0,0.0,0.0,1.6239304604391664,1.2614497504393418,7.112127584986479,0.06489854234567967,0.5536808161036029,0.704623522584022,0.07628536067619753,-0.6954547695795443,5.001608769163114,0.0,0.0,0.0,0.0,1.0,0.0,0.0
2024-10-04 16:31:18.412988,1.0,1.0,1.0,1.0,1.0,1.0,1.0,894844.0,0.03966388649582423,0.03764230828317236,0.04638385292864447,0.029875030834123562,0.03554020599014928,0.03254810944778678,1.2716899315516157e-05,0.0004514499257008236,-0.0004959590733051301,-0.0,0.0,0.0,0.0,1.0,0.0,0.0,1.6239368761576618,1.259768527464828,7.111297046725833,0.06647449409353348,0.5524875728150855,0.7014324401180555,0.07953868541393538,-0.6929394981010392,4.97823498206148,0.0,0.0,0.0,0.0,1.0,0.0,0.0
2024-10-04 16:31:18.416485,1.0,1.0,1.0,1.0,1.0,1.0,1.0,894845.0,0.039729500910396995,0.037918079796158174,0.04638385292864447,0.029416898073163358,0.03624297009463465,0.032667115729434024,4.450914760430654e-05,0.0004514499257008236,-0.0005341097712516786,-0.0,0.0,0.0,0.0,1.0,0.0,0.0,1.6229250434422269,1.2560577685305565,7.109214414495899,0.06747126459162187,0.5530597922076871,0.6997316101914547,0.08431118339166338,-0.6916707203562522,4.964815183891436,0.0,0.0,0.0,0.0,1.0,0.0,0.0
2024-10-04 16:31:18.497654,1.0,1.0,1.0,1.0,1.0,1.0,1.0,894846.0,0.040185802182344105,0.03825999906698716,0.04553374081900146,0.029449858193388034,0.036562767204438566,0.03308026640118225,4.132992277542751e-05,0.0004705252746740978,-0.0005468266705671948,-0.0,0.0,0.0,0.0,1.0,0.0,0.0,1.6246793053008683,1.2526387037908595,7.1092107506930695,0.06652840819616906,0.5515812729834726,0.6988426310573046,0.08260566384133292,-0.6880317211631157,4.959022198899538,0.0,0.0,0.0,0.0,1.0,0.0,0.0
2024-10-04 16:31:18.501154,1.0,1.0,1.0,1.0,1.0,1.0,1.0,894847.0,0.03979500713939933,0.03853134997827472,0.04507379225100919,0.029251540394105244,0.03648308073004008,0.03319736505550277,0.0,0.00045462915052970265,-0.0005341097712516786,-0.0,0.0,0.0,0.0,1.0,0.0,0.0,1.625443829638545,1.2485648498003086,7.106713423974554,0.06687807826977414,0.5539037939128306,0.6973284674910657,0.08327910019698352,-0.6885874610175782,4.946779819916352,0.0,0.0,0.0,0.0,1.0,0.0,0.0
2024-10-04 16:31:18.582325,1.0,1.0,1.0,1.0,1.0,1.0,1.0,894848.0,0.03913501101148131,0.038123599349151736,0.04530435023736206,0.029118578158502894,0.035974300933343493,0.03305092691301418,1.589612414439519e-05,0.0004482707008719446,-0.0005245720967650415,-0.0,0.0,0.0,0.0,1.0,0.0,0.0,1.6273646830085526,1.2452573771713544,7.103886312251562,0.06662489679326175,0.549882576359348,0.6996946598022568,0.08461904043192177,-0.6817894540899606,4.961789133778387,0.0,0.0,0.0,0.0,1.0,0.0,0.0
2024-10-04 16:31:18.666086,1.0,1.0,1.0,1.0,1.0,1.0,1.0,894849.0,0.03906839817849147,0.03832801689680105,0.044842048853109995,0.029449858193388034,0.0357036100976489,0.03296275176192149,1.589612414439519e-05,0.00044509147604306553,-0.0005182136471072835,-0.0,0.0,0.0,0.0,1.0,0.0,0.0,1.6274509303602482,1.2411232334289015,7.101722004244516,0.06770365724141796,0.5481412817077871,0.7001429063990452,0.08751463088590532,-0.6772886557780484,4.963208018455257,0.0,0.0,0.0,0.0,1.0,0.0,0.0
2024-10-04 16:31:18.669085,1.0,1.0,1.0,1.0,1.0,1.0,1.0,894850.0,0.03906839817849147,0.03880080326089556,0.04632766410980066,0.029744855788601574,0.035730771463385984,0.03337224263981984,2.2254573802153277e-05,0.0004514499257008236,-0.0006040527174870175,-0.0,0.0,0.0,0.0,1.0,0.0,0.0,1.630039245089393,1.237305263719929,7.101806641468683,0.071119531221264,0.5476866632019867,0.7009453657517151,0.09387803862047986,-0.6744784565274548,4.9694261322508915,0.0,0.0,0.0,0.0,1.0,0.0,0.0
2024-10-04 16:31:18.751416,1.0,1.0,1.0,1.0,1.0,1.0,1.0,894851.0,0.039201510653345636,0.03859888964444313,0.04671956673942695,0.03013369393635788,0.035512898874331005,0.03357511528435138,-3.179224828879043e-06,0.0004482707008719446,-0.0006104111671447755,-0.0,0.0,0.0,0.0,1.0,0.0,0.0,1.6308617686319846,1.2319682915074694,7.101138318559946,0.06989245991599002,0.5476032361673947,0.7010275018747558,0.09118662715261291,-0.6715086168756157,4.9697093019375025,0.0,0.0,0.0,0.0,1.0,0.0,0.0
2024-10-04 16:31:18.754916,1.0,1.0,1.0,1.0,1.0,1.0,1.0,894852.0,0.03946638873835309,0.03819186010094626,0.04705288535396546,0.030198013527012933,0.03548557074494756,0.03417650843776925,4.1329922775427505e-05,0.00046416682501633976,-0.0006072319423158965,-0.0,0.0,0.0,0.0,1.0,0.0,0.0,1.63213307808569,1.2300444623936215,7.10080633440175,0.06834928960242004,0.5487022898092482,0.7034594138753977,0.08403994631147099,-0.6717783274232514,4.986842346395877,0.0,0.0,0.0,0.0,1.0,0.0,0.0
2024-10-04 16:31:18.836885,1.0,1.0,1.0,1.0,1.0,1.0,1.0,894853.0,0.040120934017079966,0.0378493252884673,0.04705288535396545,0.029972291094128595,0.03526618335153976,0.03417650843776925,3.179224828879039e-05,0.000483242173989614,-0.0005976942678292594,-0.0,0.0,0.0,0.0,1.0,0.0,0.0,1.6317221885647528,1.227011321553386,7.098889235574772,0.06480974045024429,0.5476602614806872,0.7031844085348289,0.07740070087241463,-0.6689409933205304,4.983622821948565,0.0,0.0,0.0,0.0,1.0,0.0,0.0
2024-10-04 16:31:18.839889,1.0,1.0,1.0,1.0,1.0,1.0,1.0,894854.0,0.0398604057162048,0.03743414645719283,0.047273792133441635,0.03010148260279399,0.03510074295512457,0.03434640099311143,2.2254573802153274e-05,0.0004673460498452188,-0.0006008734926581384,-0.0,0.0,0.0,0.0,1.0,0.0,0.0,1.633027739157281,1.22509246488148,7.097635930401009,0.06627772460555602,0.5496188004456043,0.703619401941613,0.08028149489443996,-0.6702934296752822,4.985608277291466,0.0,0.0,0.0,0.0,1.0,0.0,0.0
2024-10-04 16:31:18.921488,1.0,1.0,1.0,1.0,1.0,1.0,1.0,894855.0,0.03953233095432663,0.03743414645719283,0.04710820916537822,0.030485772407004817,0.03465570761333854,0.03428986366919591,-4.6259292692714854e-21,0.00047688372433185594,-0.000565902019540469,-0.0,0.0,0.0,0.0,1.0,0.0,0.0,1.6344436245697846,1.2225156800928914,7.094972437281658,0.06579912226653231,0.5501481571408853,0.7037388959354076,0.0791898706220621,-0.6695162206457032,4.984162015956348,0.0,0.0,0.0,0.0,1.0,0.0,0.0
2024-10-04 16:31:19.004960,1.0,1.0,1.0,1.0,1.0,1.0,1.0,894856.0,0.039729500910397,0.0373645014732293,0.047218662327942335,0.0300692367632191,0.03443103291031149,0.03389146168814632,-2.2254573802153277e-05,0.0004673460498452188,-0.0005563643450538319,-0.0,0.0,0.0,0.0,1.0,0.0,0.0,1.6344404373349137,1.2213250099237194,7.093560721675039,0.0650250846956707,0.5551972629343224,0.7018924991213698,0.07616014505596964,-0.6750844247699542,4.969500032406867,0.0,0.0,0.0,0.0,1.0,0.0,0.0
2024-10-04 16:31:19.008460,1.0,1.0,1.0,1.0,1.0,1.0,1.0,894857.0,0.04012093401707996,0.0373645014732293,0.04705288535396546,0.03016587087444806,0.03496227794613525,0.03377676944149575,-2.8613023459911357e-05,0.0005118551974495253,-0.0005436474457383157,-0.0,0.0,0.0,0.0,1.0,0.0,0.0,1.633546370695506,1.2208985748493826,7.09355704978712,0.063931798683141,0.5562010855832069,0.7013614171573203,0.07348551493291702,-0.6762534017691871,4.965133039089143,0.0,0.0,0.0,0.0,1.0,0.0,0.0
2024-10-04 16:31:19.090311,1.0,1.0,1.0,1.0,1.0,1.0,1.0,894858.0,0.04108320345271294,0.037780445658522906,0.04671956673942695,0.030517578125,0.03532115794976128,0.03377676944149575,-4.7688372433185604e-05,0.0005277513215939206,-0.0005500058953960738,-0.0,0.0,0.0,0.0,1.0,0.0,0.0,1.6321901696155154,1.2210614875285082,7.0933868430678,0.06576806719290594,0.5579504281864235,0.6985685526373386,0.07743670475253692,-0.6786298618154647,4.945204791565017,0.0,0.0,0.0,0.0,1.0,0.0,0.0
2024-10-04 16:31:19.093891,1.0,1.0,1.0,1.0,1.0,1.0,1.0,894859.0,0.041774782619765874,0.03839591423416136,0.047218662327942335,0.03086527796111811,0.03559475737450401,0.033748035476753,-1.9075348973274245e-05,0.000569081244369348,-0.0005404682209094367,-0.0,0.0,0.0,0.0,1.0,0.0,0.0,1.6318365778404624,1.2210120324783158,7.092051485517841,0.06554020668774932,0.5610850891129674,0.6973033922048092,0.07872952433376143,-0.6824183918113166,4.93559525650447,0.0,0.0,0.0,0.0,1.0,0.0,0.0
2024-10-04 16:31:19.175381,1.0,1.0,1.0,1.0,1.0,1.0,1.0,894860.0,0.0420853800755884,0.03764230828317236,0.04683093654403021,0.030581090322992784,0.03518356039534762,0.03299216966314644,-2.861302345991136e-05,0.0005500058953960738,-0.00047688372433185594,-0.0,0.0,0.0,0.0,1.0,0.0,0.0,1.6310622746345036,1.2218220394296193,7.088467896020329,0.06145494962848608,0.5623861917390354,0.6989934759815805,0.07255192883339855,-0.6845890853617249,4.945022150144986,0.0,0.0,0.0,0.0,1.0,0.0,0.0
2024-10-04 16:31:19.258408,1.0,1.0,1.0,1.0,1.0,1.0,1.0,894861.0,0.042023444236177564,0.037780445658522906,0.046830936544030206,0.03039015553037446,0.03540345978860444,0.03296275176192149,-3.1792248288790396e-05,0.0005277513215939206,-0.0004578083753585817,-0.0,0.0,0.0,0.0,1.0,0.0,0.0,1.6308264521291187,1.2230530813132068,7.08546825393619,0.06242765400383209,0.5655302477366296,0.7020684940257144,0.07415145319614716,-0.6890725240967938,4.964564441457016,0.0,0.0,0.0,0.0,1.0,0.0,0.0
2024-10-04 16:31:19.261846,1.0,1.0,1.0,1.0,1.0,1.0,1.0,894862.0,0.04214722489965788,0.03757304914762413,0.04621508152756301,0.03064447088906264,0.03479539261166803,0.03227874115189541,-8.265984555085502e-05,0.0004927798484762511,-0.00042919535189867036,-0.0,0.0,0.0,0.0,1.0,0.0,0.0,1.6310782437523457,1.221520243051532,7.083629652159338,0.061574647943710197,0.5683730042991871,0.7054015657754199,0.0739906689468152,-0.691737639674641,4.985605703633271,0.0,0.0,0.0,0.0,1.0,0.0,0.0
2024-10-04 16:31:19.344707,1.0,1.0,1.0,1.0,1.0,1.0,1.0,894863.0,0.04108320345271294,0.038055216156251626,0.04666378216223113,0.030928076150071922,0.03437463478414554,0.03197678183797181,-9.53767448663712e-05,0.00048006294916073494,-0.0004609876001874607,-0.0,0.0,0.0,0.0,1.0,0.0,0.0,1.632655005177348,1.2227941915429434,7.081966943099341,0.06044346304710731,0.5711129661246951,0.7074966689200067,0.07196951460976998,-0.6958187424612267,4.999236571212557,0.0,0.0,0.0,0.0,1.0,0.0,0.0
2024-10-04 16:31:19.348215,1.0,1.0,1.0,1.0,1.0,1.0,1.0,894864.0,0.04139898983206045,0.03859888964444313,0.04632766410980066,0.031178004061435775,0.03426156002122874,0.03188563643118791,-0.00010809364418188734,0.00048642139881849305,-0.00042919535189867036,-0.0,0.0,0.0,0.0,1.0,0.0,0.0,1.6314988744320278,1.2222847714819023,7.08113801699322,0.05873070157657625,0.5686004575606163,0.7120127928970817,0.06882398704088276,-0.692394799324339,5.03072764261802,0.0,0.0,0.0,0.0,1.0,0.0,0.0
2024-10-04 16:31:19.428938,1.0,1.0,1.0,1.0,1.0,1.0,1.0,894865.0,0.04214722489965789,0.039201510653345636,0.046552012463619064,0.03142594437984583,0.03397722680635423,0.03167194378429309,-8.90182952086131e-05,0.00047688372433185594,-0.0004419122512141865,-0.0,0.0,0.0,0.0,1.0,0.0,0.0,1.6314288067679874,1.2228904339529563,7.082719733815132,0.05888785157517436,0.5701780988532373,0.7128935462576945,0.06916723608664357,-0.6946399144908806,5.038627053298624,0.0,0.0,0.0,0.0,1.0,0.0,0.0
2024-10-04 16:31:19.512231,1.0,1.0,1.0,1.0,1.0,1.0,1.0,894866.0,0.041461858493688546,0.03886787470812279,0.04643997376336176,0.03182472780550264,0.034091244666417886,0.03148762440853117,-8.901829520861311e-05,0.0004673460498452188,-0.00042283690224091225,-0.0,0.0,0.0,0.0,1.0,0.0,0.0,1.6304567691765555,1.2216549640052232,7.082719733815131,0.059666361122809944,0.5706064594659156,0.7184047453022124,0.07020282862407437,-0.6944495205563367,5.0779423399889705,0.0,0.0,0.0,0.0,1.0,0.0,0.0
2024-10-04 16:31:19.515231,1.0,1.0,1.0,1.0,1.0,1.0,1.0,894867.0,0.04108320345271294,0.038463691717159486,0.04621508152756301,0.032308781866774994,0.03389146168814632,0.03127121205432006,-0.00010809364418188734,0.0004578083753585817,-0.0003910446539521219,-0.0,0.0,0.0,0.0,1.0,0.0,0.0,1.6304058275903963,1.222398100450152,7.0835624477055035,0.05988417243752886,0.5693820763185012,0.7209296986236742,0.06904269962621709,-0.6932577254699062,5.09734934603282,0.0,0.0,0.0,0.0,1.0,0.0,0.0
2024-10-04 16:31:19.597984,1.0,1.0,1.0,1.0,1.0,1.0,1.0,894868.0,0.04057283328598263,0.03819186010094626,0.046496026860123614,0.03251828982682399,0.033834164163335345,0.031240173622796498,-8.901829520861311e-05,0.00042919535189867025,-0.00040694077809651707,-0.0,0.0,0.0,0.0,1.0,0.0,0.0,1.6286929176225176,1.2225821182017083,7.085062463301196,0.057279128782942654,0.5687831506367713,0.7220199924383032,0.06420377645565235,-0.6926021953831991,5.106306845630776,0.0,0.0,0.0,0.0,1.0,0.0,0.0
2024-10-04 16:31:19.600984,1.0,1.0,1.0,1.0,1.0,1.0,1.0,894869.0,0.040315225390783915,0.03729472643293347,0.04643997376336176,0.03218845078999174,0.033430331878977426,0.030928076150071922,-0.00011127286901076638,0.0003783277546366057,-0.00040694077809651707,-0.0,0.0,0.0,0.0,1.0,0.0,0.0,1.628689719133905,1.2254706816531014,7.086393992020361,0.05826353618384565,0.5692810548469263,0.7222654297803542,0.06617237475791066,-0.6949315431864106,5.108675149451451,0.0,0.0,0.0,0.0,1.0,0.0,0.0
2024-10-04 16:31:19.682290,1.0,1.0,1.0,1.0,1.0,1.0,1.0,894870.0,0.039925697169818586,0.03825999906698716,0.04627140705916457,0.03227874115189541,0.033661686417184034,0.031364143052817484,-9.855596969525022e-05,0.00037832775463660567,-0.00040376155326763796,-0.0,0.0,0.0,0.0,1.0,0.0,0.0,1.62838015525209,1.2263244716976118,7.088812215933749,0.058480121099257605,0.5664581061372922,0.7224436447660144,0.0665813887606641,-0.6917912197057849,5.111796563693396,0.0,0.0,0.0,0.0,1.0,0.0,0.0
2024-10-04 16:31:19.685740,1.0,1.0,1.0,1.0,1.0,1.0,1.0,894871.0,0.03959816335788845,0.03900167157440239,0.04536180663361167,0.03251828982682399,0.03397722680635423,0.03142594437984583,-7.630139589309695e-05,0.0004132992277542751,-0.0003751485298077266,-0.0,0.0,0.0,0.0,1.0,0.0,0.0,1.629717151696225,1.2277427298596317,7.091813381847406,0.057835521549827275,0.5641341247200318,0.7236809413551395,0.06437837729648602,-0.689765304942144,5.122613396766739,0.0,0.0,0.0,0.0,1.0,0.0,0.0
2024-10-04 16:31:19.769322,1.0,1.0,1.0,1.0,1.0,1.0,1.0,894872.0,0.039201510653345636,0.03832801689680105,0.04610222401715648,0.03260766687993288,0.034005767111097776,0.032007105962223864,-5.086759726206463e-05,0.00041647845258315413,-0.0004005823284387589,-0.0,0.0,0.0,0.0,1.0,0.0,0.0,1.6269237718052934,1.2265206422032515,7.093060371544655,0.05805547162934767,0.564966570522292,0.7178931076790821,0.06638828659756241,-0.689935917033308,5.0816397448223665,0.0,0.0,0.0,0.0,1.0,0.0,0.0
2024-10-04 16:31:19.851208,1.0,1.0,1.0,1.0,1.0,1.0,1.0,894873.0,0.03999088202492748,0.03825999906698716,0.04513154216867338,0.03245856839932655,0.03397722680635423,0.032308781866774994,-2.2254573802153274e-05,0.00039740310360987996,-0.0003878654291232428,-0.0,0.0,0.0,0.0,1.0,0.0,0.0,1.626434877950895,1.2257417560537371,7.094972437281657,0.058106464452858386,0.5649131730675234,0.7142452225226834,0.06721781616379283,-0.6894414823898977,5.056993245895486,0.0,0.0,0.0,0.0,1.0,0.0,0.0
2024-10-04 16:31:19.854707,1.0,1.0,1.0,1.0,1.0,1.0,1.0,894874.0,0.03986040571620479,0.03819186010094626,0.04518921828443541,0.03251828982682399,0.03414811083549323,0.03212811624624381,-3.4971473117669426e-05,0.00042919535189867025,-0.0003656108553210895,-0.0,0.0,0.0,0.0,1.0,0.0,0.0,1.6253350402837594,1.2246630879601907,7.096301372429712,0.05920449821570575,0.5652696873785967,0.7097159657729316,0.06536558758304874,-0.6892762404972873,5.025871040266001,0.0,0.0,0.0,0.0,1.0,0.0,0.0
2024-10-04 16:31:19.936866,1.0,1.0,1.0,1.0,1.0,1.0,1.0,894875.0,0.039532330954326636,0.03729472643293347,0.04536180663361167,0.032007105962223864,0.035238663890968365,0.03248844283583844,-6.040527174870173e-05,0.00041965767741203314,-0.00036879008014996856,-0.0,0.0,0.0,0.0,1.0,0.0,0.0,1.625075947607828,1.224979385182382,7.097135133566531,0.058377688569833594,0.5623591657692639,0.7091752498960677,0.06371037632190858,-0.6858231523634728,5.022490422478054,0.0,0.0,0.0,0.0,1.0,0.0,0.0
2024-10-04 16:31:19.940366,1.0,1.0,1.0,1.0,1.0,1.0,1.0,894876.0,0.040315225390783915,0.037918079796158174,0.04547650165015326,0.032368779656366614,0.03496227794613525,0.032368779656366614,-5.086759726206463e-05,0.00043873302638530737,-0.0003815069794654847,-0.0,0.0,0.0,0.0,1.0,0.0,0.0,1.6249703394397519,1.2251545112685582,7.0978870494977695,0.05803645937947905,0.5615036852910158,0.7065268405098747,0.06417443591116681,-0.6849349543242429,5.004678727062458,0.0,0.0,0.0,0.0,1.0,0.0,0.0
2024-10-04 16:31:20.021343,1.0,1.0,1.0,1.0,1.0,1.0,1.0,894877.0,0.04050858489526056,0.038123599349151736,0.04598908955455483,0.03173314566510837,0.034711649066398086,0.032667115729434024,-2.8613023459911346e-05,0.0004419122512141864,-0.00039422387878100085,-0.0,0.0,0.0,0.0,1.0,0.0,0.0,1.6253158096094997,1.224113626781285,7.098133022381871,0.05765124750902884,0.5629025572367136,0.7065240943167744,0.06467889394396818,-0.6860507192581685,5.004836136539402,0.0,0.0,0.0,0.0,1.0,0.0,0.0
2024-10-04 16:31:20.104809,1.0,1.0,1.0,1.0,1.0,1.0,1.0,894878.0,0.04089256110871732,0.03825999906698716,0.04530435023736206,0.03145679951185349,0.03479539261166803,0.032815266674204355,-3.179224828879038e-05,0.00043873302638530737,-0.00035925240566333144,-0.0,0.0,0.0,0.0,1.0,0.0,0.0,1.6239976438903616,1.2223657463790119,7.098720624393154,0.05923158535072022,0.5640737690672017,0.7060093433177688,0.06765408066507951,-0.686391552345379,5.00164745393719,0.0,0.0,0.0,0.0,1.0,0.0,0.0
2024-10-04 16:31:20.108309,1.0,1.0,1.0,1.0,1.0,1.0,1.0,894879.0,0.04063698009803076,0.038666311337125336,0.045590908124401384,0.031240173622796498,0.03510074295512457,0.03284481667269478,-4.13299227754275e-05,0.0004355538015564284,-0.0003751485298077266,-0.0,0.0,0.0,0.0,1.0,0.0,0.0,1.6229890587893576,1.2203516874368496,7.1004736010591865,0.057279128782942654,0.5642998443500228,0.7047116324582687,0.06371678313279058,-0.6855596026152742,4.99346288865712,0.0,0.0,0.0,0.0,1.0,0.0,0.0
2024-10-04 16:31:20.189980,1.0,1.0,1.0,1.0,1.0,1.0,1.0,894880.0,0.04076497090344803,0.03764230828317236,0.04576198155144106,0.031146872746571578,0.035238663890968365,0.03248844283583844,-4.7688372433185584e-05,0.00044509147604306553,-0.00037832775463660567,-0.0,0.0,0.0,0.0,1.0,0.0,0.0,1.6209828607767849,1.217354306109251,7.101974445876446,0.0559123092632511,0.5648863497769242,0.7052025689995757,0.06006056734382157,-0.6848143056857137,4.998209176953967,0.0,0.0,0.0,0.0,1.0,0.0,0.0
2024-10-04 16:31:20.192984,1.0,1.0,1.0,1.0,1.0,1.0,1.0,894881.0,0.04057283328598263,0.03771144022072075,0.046607930817067524,0.030802351742838057,0.0350730936850165,0.032785690042080325,-3.1792248288790396e-05,0.00041012000292539613,-0.00041012000292539613,-0.0,0.0,0.0,0.0,1.0,0.0,0.0,1.6194974896482381,1.2153490875123365,7.102307842379472,0.05455560862710635,0.5638792275898682,0.7027813123966996,0.05617567655732298,-0.6825030681096524,4.981784359495435,0.0,0.0,0.0,0.0,1.0,0.0,0.0
2024-10-04 16:31:20.275812,1.0,1.0,1.0,1.0,1.0,1.0,1.0,894882.0,0.04089256110871732,0.03859888964444313,0.04627140705916457,0.0303262434606198,0.03518356039534762,0.032398736885968185,-1.5896124144395195e-05,0.00042919535189867036,-0.00039740310360987996,-0.0,0.0,0.0,0.0,1.0,0.0,0.0,1.6197478262229164,1.2153448012049082,7.102730250080839,0.05528985880782396,0.561899772046124,0.7060863541702753,0.057328231766930506,-0.6802477213901895,5.0066912688962635,0.0,0.0,0.0,0.0,1.0,0.0,0.0
2024-10-04 16:31:20.279213,1.0,1.0,1.0,1.0,1.0,1.0,1.0,894883.0,0.04037978143756249,0.03839591423416136,0.04632766410980066,0.030422061214259163,0.03526618335153976,0.03197678183797181,-5.404682209094367e-05,0.0004355538015564284,-0.0003910446539521219,-0.0,0.0,0.0,0.0,1.0,0.0,0.0,1.6180781841558476,1.2139378061435733,7.10447710466141,0.055690669216095445,0.5613469334698135,0.7094634847429719,0.056049338115627734,-0.6787127256192222,5.031447947307954,0.0,0.0,0.0,0.0,1.0,0.0,0.0
2024-10-04 16:31:20.360624,1.0,1.0,1.0,1.0,1.0,1.0,1.0,894884.0,0.03966388649582423,0.037711440220720746,0.04632766410980066,0.0303262434606198,0.03493451908670038,0.03179422973639322,-4.4509147604306555e-05,0.0003783277546366057,-0.0004419122512141865,-0.0,0.0,0.0,0.0,1.0,0.0,0.0,1.6173423876275212,1.2134418402688945,7.105638747660202,0.05687710331885382,0.5640881829443776,0.7117884184668719,0.06112237797278101,-0.6816871658953505,5.048858551550925,0.0,0.0,0.0,0.0,1.0,0.0,0.0
2024-10-04 16:31:20.444249,1.0,1.0,1.0,1.0,1.0,1.0,1.0,894885.0,0.03953233095432663,0.03825999906698716,0.04541919034616077,0.03039015553037446,0.03423323297213509,0.03139505892336215,-5.0867597262064634e-05,0.0003815069794654848,-0.000406940778096517,-0.0,0.0,0.0,0.0,1.0,0.0,0.0,1.6167508953870031,1.2114473461255255,7.107388552133699,0.05662013295708925,0.5633076656086423,0.7107661687694963,0.06070452858462349,-0.6796791237580625,5.042843176417987,0.0,0.0,0.0,0.0,1.0,0.0,0.0
2024-10-04 16:31:20.447249,1.0,1.0,1.0,1.0,1.0,1.0,1.0,894886.0,0.03880080326089556,0.037711440220720746,0.04547650165015325,0.0300692367632191,0.03414811083549323,0.03173314566510837,-4.4509147604306555e-05,0.0003592524056633315,-0.0004164784525831542,-0.0,0.0,0.0,0.0,1.0,0.0,0.0,1.6174195070975828,1.2101115522461494,7.108382803016515,0.05775070230835004,0.5602946993289408,0.7123434935028122,0.06291727957883292,-0.6751761660123544,5.054712618871712,0.0,0.0,0.0,0.0,1.0,0.0,0.0
